,buy_and_hold,vt_rolling,vt_ewma,vt_garch,vt_gjr,vt_egarch,vt_rf
2008-01-28,1.0165359818657826,1.0080425548914134,1.0072680197024004,1.0078748101603934,1.007054783711497,1.006498292346935,1.0061345866936093
2008-01-29,1.0215724882455155,1.0103837704277898,1.0095011059153416,1.0103046985850235,1.00936340613761,1.0087967152257777,1.007994384886371
2008-01-30,1.0140559138375722,1.0068848183399397,1.0060762610742546,1.0065360454894325,1.005699062429173,1.0050453728829258,1.0043809507125012
2008-01-31,1.0325466065758304,1.0155138863620115,1.0147001160568916,1.0160724860973986,1.0149460957813843,1.013913987373617,1.0106165303598158
2008-02-01,1.0491581557121028,1.02273555945222,1.022190595326993,1.024346130444913,1.0236260777937416,1.023177826527564,1.0164057572129828
2008-02-04,1.0359290650594046,1.0172140780326315,1.0163313088189554,1.0178592508756228,1.0163671450166694,1.0144795190989744,1.0102010054164943
2008-02-05,1.0081929054940941,1.0057117539634643,1.0039045958637998,1.0041046698331075,1.001771570439202,0.9987276282856309,0.9964670197706363
2008-02-06,1.0000749248282335,1.0023312683555783,1.000477833322394,1.0003972366004519,0.998392206437157,0.9951605471946832,0.9927591973136821
2008-02-07,1.006689189086095,1.0050879891509006,1.0033250970210024,1.0034946000851581,1.001192092146184,0.9979406938197211,0.9963929696767432
2008-02-08,1.0002254972322386,1.0023661140413853,1.0004743757768537,1.000355213765713,0.9982886332692636,0.9949681423349577,0.9925477677827761
2008-02-11,1.00533676782964,1.0045556292759463,1.0027829619261597,1.0029124495881705,1.0006616985621937,0.9972650695161651,0.9956651257866336
2008-02-12,1.0146572397902076,1.0085533257257333,1.0070985379896455,1.007743372018248,1.0052247017942677,1.0017592014256589,1.000886067095208
2008-02-13,1.0250294700309122,1.0129287125311737,1.0119592969733744,1.013226690506543,1.0105617220977907,1.0072719212825059,1.0063721177314804
2008-02-14,1.0160096610466622,1.0091626003995802,1.0076947328756984,1.0083835100154472,1.005664222674519,1.0018753568612118,1.0012557687003776
2008-02-15,1.0157846456461168,1.0090541240835285,1.0075820525605101,1.0082548128444775,1.0055405194790945,1.001728200333278,1.0011183623552125
2008-02-19,1.0186409439211355,1.010315218049055,1.0089964474208093,1.0098749227538082,1.0071667777634492,1.0033420329436082,1.002897639968847
2008-02-20,1.0216475736843127,1.0117506005497006,1.0105282606290333,1.0116449974765591,1.0089666909429353,1.0051264427025448,1.004508814530135
2008-02-21,1.0131536839927726,1.0075545354827413,1.0060499036189445,1.0064191984219857,1.0035695139673138,0.9997468893317153,0.9991960315615582
2008-02-22,1.0193924407513655,1.0106636699820388,1.0093931828374032,1.0103078724060908,1.007490806582737,1.0033601749750831,1.0027308392289735
2008-02-25,1.0322457026836664,1.017591630509774,1.016418204817012,1.0185201674250408,1.0159420581575465,1.0114471164923717,1.0089331065861802
2008-02-26,1.0399880152396948,1.0216889559049747,1.020602157670308,1.0233883049478654,1.021248650631691,1.0169948984150081,1.0124940803480682
2008-02-27,1.0389356948225823,1.0210989121299814,1.020020132974239,1.0226931697066743,1.0204740109493808,1.0161279323748287,1.012012109628121
2008-02-28,1.0287883193718592,1.0152476381365028,1.0142708878369353,1.0158364258754338,1.0128440599078135,1.0081198632425274,1.0070700379435962
2008-02-29,1.0058628477329143,1.00225416608566,1.0011696707006699,1.000393613060861,0.9966363863980761,0.9923482832012998,0.9949400400351306
2008-03-03,1.003457624227655,1.0009681125538359,0.9998769240944445,0.9989316869742124,0.995295367930322,0.9910205983439081,0.99353148576192
2008-03-04,0.9996240909743217,0.998797185202053,0.9977853654484627,0.9965727247955317,0.9931981026985657,0.9890184172107181,0.9912952147085805
2008-03-05,1.0059382543928403,1.0025743375638272,1.0013112615587012,1.0005662505513202,0.9967723733701888,0.9922993371968318,0.9948726572763192
2008-03-06,0.9851172629775554,0.9899350692692993,0.989439135193496,0.9870227762153426,0.9843492265324563,0.980572936249078,0.9832005980245055
2008-03-07,0.9749699678321142,0.983246745715594,0.9839938651866854,0.9810272726726594,0.9793088071468273,0.9758353345128217,0.9777959934489036
2008-03-10,0.9621167058998135,0.9748518845800742,0.9770374559841938,0.9733927260360978,0.9729483409346034,0.9701715494440191,0.9727031474558576
2008-03-11,0.996692546649942,0.997142994900052,0.9957055328921798,0.9937425538725839,0.9896781257886401,0.9844051268106664,0.992435925425729
2008-03-12,0.9873721549946564,0.9924718810424876,0.9915794082192284,0.9893859324637032,0.9849871305728725,0.9795381487983137,0.9896279307942024
2008-03-13,0.9895518812676777,0.9935431451978056,0.9925515781602361,0.9904165221287302,0.9860926384839843,0.9805847509895957,0.9904058416208009
2008-03-14,0.974218230086038,0.9858894418024411,0.9854773750352483,0.9828012219178932,0.9778709063087563,0.9726967432934583,0.9855430336587486
2008-03-17,0.9643715176116323,0.9809721320246817,0.9809387021339441,0.9779249326061548,0.9729330681790223,0.9681712022224613,0.9821778398258529
2008-03-18,1.004434297068995,1.0010173296176137,0.9997581242559753,0.9982532589323759,0.9930903619079251,0.9856453274815967,0.9986799863078535
2008-03-19,0.9795554797473705,0.9911501781720883,0.9902977964644912,0.9883270357810657,0.9801320892209673,0.971418361875785,0.9880983144382477
2008-03-20,0.9976991733615185,0.9980424877198097,0.9970122509474597,0.9953516204771624,0.987762217942866,0.9794082447706453,0.9942258688349173
2008-03-24,1.0176409022426949,1.0052985026305097,1.004283354672411,1.0030384108120098,0.996586346648943,0.9896154673852843,1.0008666295469435
2008-03-25,1.0186228752326558,1.0056367171596303,1.0046319890147757,1.0034118504026708,0.9970285756175484,0.9901622163508282,1.0012332627077092
2008-03-26,1.0061589333081509,1.001269058479515,1.0000431061481572,0.9984409600589923,0.9909197391970014,0.9822953425298774,0.9963374824181406
2008-03-27,1.0029865534426445,1.0001448421699088,0.9988479346475166,0.9971354358982445,0.9893851184089387,0.9804983090820621,0.99458536337657
2008-03-28,0.9933932041333784,0.9967175599190862,0.9951197551154599,0.9931768408738826,0.9846982670053275,0.9753481991400084,0.9885816591645603
2008-03-31,0.9968680939966915,0.9979596149446095,0.9964992698862095,0.9946515277222907,0.9864090465521961,0.9770619753062011,0.9903594072956884
2008-04-01,1.0319174146902947,1.0105032774975709,1.0108328084359637,1.010154492148056,1.0045771031336197,0.9955884491486477,1.012753919503607
2008-04-02,1.0325973595141416,1.010719477224344,1.0110560947299012,1.0103861450496558,1.0049286257736316,0.9959721656092717,1.0129841127084256
2008-04-03,1.0351654421315732,1.0115719043524647,1.0120025146072917,1.0113980881754112,1.0063677580005987,0.9978113948607341,1.0142985157028213
2008-04-04,1.0340324149059141,1.0111952646183102,1.0115642854646114,1.010920789309156,1.0056788144753792,0.996941989661218,1.0134418303224821
2008-04-07,1.0345615464099094,1.0113711291904988,1.0117664736144873,1.0111399763403603,1.0059939779803537,0.997338896137356,1.0137342939741656
2008-04-08,1.033503845538894,1.0109984182254823,1.0113306426679614,1.0106551957250163,1.005285820193348,0.9965179981304016,1.013092047845622
2008-04-09,1.0260254161399656,1.0083757664636044,1.0081909363162271,1.0071434572003595,1.0001480864590562,0.9907830298393592,1.0073305554773988
2008-04-10,1.0274607927528672,1.0088853148361887,1.0088039167782388,1.0078306860797481,1.0011179514326296,0.9917388995469216,1.0080166202348126
2008-04-11,1.007518983566409,1.0010138400561477,0.9999502673437213,0.9977883203407998,0.9869480548003658,0.9774351956135422,0.9969643951124837
2008-04-14,1.0041195806683036,0.9996951797560909,0.9984622797435051,0.9961294609950528,0.985022959730093,0.9754946916484261,0.9949534440139319
2008-04-15,1.0064613630006758,1.000599511605951,0.9995086684746761,0.997299892326299,0.9863346927322374,0.9767596691357044,0.9966470733165246
2008-04-16,1.0337302261292363,1.0114027097680554,1.0121197809727485,1.0115590727995019,1.002516819936669,0.9922376742065577,1.0156984591942158
2008-04-17,1.0352410094020636,1.0119598728657158,1.0127374918568866,1.0122321925052737,1.0034344143939504,0.993246372739652,1.0168618994753074
2008-04-18,1.0460428729021967,1.0166557187290697,1.017414994872637,1.01743417642948,1.0104141514610665,1.0013023732042317,1.0248057448947834
2008-04-21,1.0465719241009095,1.0168862639050142,1.0176431368075134,1.0176881629467538,1.0107557811259846,1.0016972846032361,1.0251231369031615
2008-04-22,1.041963685790809,1.0145862971302488,1.015558026232862,1.0153309629240843,1.0074792911790895,0.9977068540297596,1.0220142186333978
2008-04-23,1.0403022498086942,1.0137028289738192,1.0147795004976274,1.0144448695092803,1.0062719640827829,0.9963388950277242,1.0208789918793986
2008-04-24,1.04483435871133,1.0160746452285563,1.0169446912229712,1.0169209945047797,1.0096624103713157,0.9999258753228522,1.0237803486514951
2008-04-25,1.054502954069958,1.0212889214005854,1.0216905110746828,1.022391665084601,1.0172111398588843,1.008071049667386,1.0294900927971367
2008-04-28,1.0547296558814283,1.0214090865965852,1.021799395135904,1.0225151202730194,1.0173794401862757,1.0082262419300072,1.0296092962948997
2008-04-29,1.0505753833312432,1.0191115352971465,1.0196655512048938,1.0200014974811158,1.0138651421704965,1.0041875571930043,1.0259414537595444
2008-04-30,1.0443810353936713,1.0157193113350127,1.0163943020667083,1.0161395246028604,1.0085976195650512,0.9985978285904095,1.0204897325290139
2008-05-01,1.065985003309784,1.0311273084983763,1.028063958355741,1.0298966159332565,1.0265374009732193,1.015917197528293,1.032938887861371
2008-05-02,1.0689307616691022,1.032959151583696,1.0295269714581026,1.031560823481649,1.0290538148333648,1.0188779248500688,1.0349253614834675
2008-05-05,1.0637943555183922,1.0296966916609172,1.026864216779924,1.0284880610709182,1.024462605329471,1.0132080281228202,1.0314928626777913
2008-05-06,1.0730104306121828,1.0355054971702486,1.0317548384922983,1.034138250330167,1.0325780531759046,1.02213137404607,1.0389050423119248
2008-05-07,1.053898978043012,1.0236399967347598,1.02150021807571,1.0222693087575407,1.0151503975711076,1.0007061822462697,1.028186507758671
2008-05-08,1.0511796805793179,1.0220561799988988,1.0200809767010963,1.0206687026504202,1.0132995142534806,0.9985491858368694,1.0264806086614602
2008-05-09,1.0492154133782678,1.0209131451374727,1.0190249422706008,1.019476978775873,1.012006520837104,0.9971665300637461,1.024970669756689
2008-05-12,1.060999490784208,1.0277394454424842,1.0255004571726762,1.026810824578683,1.0200025094464371,1.0053133299599308,1.0348799638181476
2008-05-13,1.0611507056304703,1.027806241856486,1.025583160137972,1.0269035219454907,1.0200930843332923,1.0053782098815052,1.034991029054605
2008-05-14,1.063341192811298,1.0291956380197926,1.0268107908138129,1.0282980210247554,1.021698273642973,1.0071342437046151,1.0366602128844633
2008-05-15,1.076635812574219,1.037637775337788,1.0345280467806777,1.037122897775859,1.0319429825297979,1.0182163367492858,1.0457440122348405
2008-05-16,1.0776177855641798,1.0383061591051521,1.0350853234174016,1.037752855929269,1.0327131320133014,1.0191052428878669,1.0464758030157832
2008-05-19,1.0805635439234982,1.0404826454636356,1.036810549021463,1.0397202517844601,1.035150066777506,1.0220665162382032,1.0486044866658553
2008-05-20,1.0718011133684946,1.0338162058076408,1.0314963725114787,1.0336265093514434,1.0275635109260945,1.0128015897636755,1.0428009227196495
2008-05-21,1.0536725171473882,1.0204687788762676,1.0203723835424672,1.0209994164475937,1.0129836785621371,0.9969110451159956,1.0276759404228748
2008-05-22,1.053823410772522,1.0205338939772022,1.020442696806029,1.0210642498790183,1.0129701870190586,0.9968810817334078,1.027702352805103
2008-05-23,1.0396977116447739,1.0110547032657844,1.0119312838677135,1.0116844563473906,1.00397648758889,0.9877108897440349,1.0173683307046157
2008-05-27,1.047402280718198,1.0159815169910906,1.0164806802619404,1.0166046544896121,1.008359998657176,0.9918848345019913,1.0221110999604315
2008-05-28,1.0522369799239226,1.0190998683485406,1.0193700662403256,1.0197413793347592,1.0112800180462491,0.9947543584432467,1.0258320487667483
2008-05-29,1.0575247615314591,1.0224844959229105,1.0226002919808,1.0232623799242966,1.0146146249641605,0.998107896052226,1.0294687296918332
2008-05-30,1.0601684114193812,1.0241705486126813,1.0242461447628526,1.025062114347628,1.016342570485991,0.999887707457238,1.0309599101017928
2008-06-02,1.0492154133782678,1.0171116925255308,1.017192200998779,1.0173175366990768,1.0088180051420013,0.9920663826498349,1.0223485035870257
2008-06-03,1.043097034237597,1.012722954544751,1.013265499939702,1.013055646954421,1.0048391175750013,0.9882228663918656,1.0183625310437998
2008-06-04,1.042568545175859,1.0123462701476107,1.0129128564115453,1.0126755808171002,1.0044900108817247,0.9878947291068242,1.0180240146944612
2008-06-05,1.063416519165942,1.027225585214182,1.0269892084492362,1.0279130610626064,1.0186814256981234,1.0004002485939303,1.0303964543808866
2008-06-06,1.029500225697998,1.0054454465480198,1.0063866409077067,1.0059850862325908,0.9947596668217534,0.9757725220031004,1.0081408992859744
2008-06-09,1.0319929016555038,1.0067643237692503,1.0075457042303981,1.0071551944319692,0.9956292626193874,0.976742457803825,1.0093931441358106
2008-06-10,1.0268565758100758,1.0039497440560206,1.0049460811647097,1.0044765088118042,0.9934062924377792,0.9743103964187432,1.0067506655496226
2008-06-11,1.011748983997649,0.9956790307987964,0.9970988009268901,0.9963499906978949,0.9866214924406095,0.9672805007166883,0.9980773535187267
2008-06-12,1.0156010677711556,0.9977970327440215,0.999074846642336,0.9983895278763488,0.9882859762977777,0.9688700658310048,1.0001460540715614
2008-06-13,1.028442685437547,1.0048043188893578,1.005843048458863,1.0054313097937937,0.994117505629538,0.9745772996310442,1.0061321836861532
2008-06-16,1.029046500853929,1.005110563952393,1.0061572625260193,1.005761067918407,0.9943923673053456,0.9748494512290224,1.0064163366051537
2008-06-17,1.0240617913811738,1.0023923669452552,1.0034644440119347,1.0029223658567235,0.9919045837093244,0.9722655704504531,1.0036476401457508
2008-06-18,1.0140905254141748,0.9969596696055442,0.9979384623724749,0.9970775930839468,0.9867635393588827,0.9672134154293727,0.9954226492178918
2008-06-19,1.015374847791378,0.9976586206478439,0.9986553648447934,0.9978348897832996,0.9874214322289404,0.96780180135575,0.9963088125662622
2008-06-20,0.9988937947385769,0.9886589239139053,0.9891409878439844,0.9877256861879422,0.9785510194296766,0.9596609860065428,0.9859225629974542
2008-06-23,0.9979067625158413,0.9881128867887775,0.9885784225150667,0.9871318391567178,0.9780410781229324,0.9592015210953221,0.9852113440454869
2008-06-24,0.9959330192914995,0.9870213238555944,0.9874316191892465,0.985920212358123,0.9770137379111047,0.9583136036595071,0.9836171623723519
2008-06-25,1.0006394709616526,0.9896850801921103,0.9902213393715371,0.9888754905997378,0.9795345084863615,0.9604539643445931,0.986641257929931
2008-06-26,0.9734618346335989,0.9741507864644242,0.973683971611382,0.9714215081874212,0.9643703924790997,0.9471771870035134,0.9660924719144497
2008-06-27,0.9681476325882393,0.9713530154909985,0.9708520839167999,0.968495956072631,0.9620369748447986,0.945067787025506,0.963628508881351
2008-06-30,0.9715641405114395,0.973159393577976,0.972687124241911,0.9703924891394868,0.9635416080818148,0.9463954478951027,0.9653246232488882
2008-07-01,0.9746004832290072,0.974760350912835,0.974359938222277,0.9721301214632503,0.9649333621162262,0.9476366779547561,0.9668897000906349
2008-07-02,0.9578992330925885,0.9659718480795293,0.9648556399043062,0.9621990587440321,0.956884148911184,0.9403259747068081,0.9592163247837148
2008-07-03,0.9588860243994776,0.9664723229101277,0.9653869726721638,0.9627477616448831,0.9573132713829107,0.9406906470572868,0.9596750983112239
2008-07-07,0.9490931967693853,0.9614437497883102,0.9598305984812959,0.9569587942700849,0.9526862584705724,0.9366404953076031,0.9549873541588221
2008-07-08,0.9659459026679127,0.9710571546433309,0.969466368834517,0.9669827588258757,0.9606844772567996,0.9433246121693615,0.9622733629150859
2008-07-09,0.9473468781040526,0.9597326519512402,0.9593438373263161,0.9564402654537231,0.9515394635415152,0.9349316657694033,0.9552961012280972
2008-07-10,0.9512190381980933,0.9619808042370984,0.9613489429539981,0.9585108046113618,0.9532480883984679,0.9364328839531836,0.9567199591370955
2008-07-11,0.9401349016312518,0.955596535326868,0.955416641927671,0.9523411645894658,0.9480694157942627,0.9317591775480614,0.9525033318428899
2008-07-14,0.9316322586639587,0.9506120591287183,0.9508414910553978,0.9475880356064811,0.9441135536745522,0.9283530545814246,0.9498807911761564
2008-07-15,0.9184992131286956,0.9428381449426502,0.9436511362256147,0.9401104108994985,0.937901915797187,0.9232279669315008,0.9449521606694192
2008-07-16,0.9410459650570865,0.9568901621284875,0.9559002960477899,0.9528098183662341,0.9482975245825566,0.9315166071026098,0.9518458522790944
2008-07-17,0.9504597517554964,0.9617994804359369,0.9605183586665659,0.9575943075860844,0.9527669013430918,0.9354994368888799,0.9553255533695162
2008-07-18,0.9563810617338051,0.9647966182270193,0.9634550251767265,0.9606543791871714,0.9556840940165748,0.9382425448614531,0.9576157709625736
2008-07-21,0.9569123614804179,0.9650618493757656,0.963718579695951,0.960929349387794,0.955947064251335,0.9384916173307204,0.9578215716753904
2008-07-22,0.967768431045993,0.9705184118584713,0.9693820830546452,0.9669025586907416,0.961761524177231,0.9441349133086478,0.9632678109149688
2008-07-23,0.9730064233786054,0.9731442258262553,0.9721137902480342,0.9697952281195712,0.9646658349509826,0.9471334013116767,0.9659761788658823
2008-07-24,0.95281285713265,0.9631152134184481,0.9613374165134524,0.9583172498797792,0.9529708809399342,0.934630767949685,0.954233148301131
2008-07-25,0.9525852719630762,0.9629943379443909,0.9612069201183621,0.9581767200628764,0.9528142914038805,0.9344558583298604,0.9540779263124758
2008-07-28,0.9386169711883149,0.9563147707268648,0.9538972801041491,0.9505442850948971,0.9457192114120776,0.9273891469798292,0.9465290793675454
2008-07-29,0.9586582786193404,0.966695519474113,0.9642981536949835,0.9613706954618138,0.9554452974651,0.9364443852119382,0.9566917349904461
2008-07-30,0.975739453045545,0.9748390963582567,0.9725927981755239,0.9700196537145733,0.9639899909379515,0.9453942363387873,0.9653075687673675
2008-07-31,0.9628339926798554,0.9689672161713504,0.9665177370147028,0.9636673401100093,0.9573073570173399,0.9375103755939432,0.9590613771247029
2008-08-01,0.9577472151935057,0.9666825242261684,0.9641080959220687,0.9611495918268208,0.9547535026317215,0.9347682346162675,0.9564201327502153
2008-08-04,0.94886553129453,0.9625435464716604,0.9597722067133116,0.9566080290768932,0.9501678489523322,0.9301508989419107,0.951080116467974
2008-08-05,0.9744487865510527,0.974374995396874,0.972488154389198,0.9699307788988668,0.963419145376543,0.9426286229783115,0.9658700429963649
2008-08-06,0.9787760366789592,0.9761993762665354,0.9744063565798884,0.9719383310832875,0.9657128474669503,0.9451299637452798,0.9679328894919115
2008-08-07,0.9642000658342736,0.9698170968799569,0.9677018209807889,0.9648867512595721,0.9576435995475158,0.9359866035875203,0.9594727500651361
2008-08-08,0.9821163348894122,0.9778733551853777,0.9759492829656553,0.9735438102665918,0.966897941042866,0.9454815025595115,0.9696293149519525
2008-08-11,0.9922891671145728,0.9822401193583328,0.9804744073842374,0.9783066056131691,0.9723207958302726,0.9517349168363491,0.9746482467025398
2008-08-12,0.9819643169903285,0.9777589349610754,0.9758345386638148,0.9734014398160614,0.9665997615664673,0.9446020154911103,0.969728190237317
2008-08-13,0.9760433282331485,0.9751853578954416,0.9731221145915477,0.9705331984315242,0.963368799711926,0.9409671007239825,0.9664636101506592
2008-08-14,0.9834066801627759,0.9784738158838415,0.9765817360926105,0.9741984557338271,0.9674641658885115,0.9452139429832813,0.9697306530293281
2008-08-15,0.9881891809351122,0.9807227438753484,0.9788660093299024,0.9766275756766606,0.9702136330493796,0.9481911083748568,0.971899965185814
2008-08-18,0.9746764520259091,0.9742937470784826,0.9722343896707712,0.9695448142293867,0.9621140121638507,0.9391442774452826,0.9655987136426453
2008-08-19,0.9640482888510367,0.96934081688826,0.9670123664578915,0.963989167015271,0.9561506997304746,0.933061619912726,0.9603098358251504
2008-08-20,0.968527797793873,0.9713963317081127,0.9692410240358714,0.9663562858515171,0.9585970825484101,0.9353487068761118,0.9625785511180277
2008-08-21,0.9701975855253299,0.9721696632246417,0.9700864929943749,0.9672564962985911,0.9595356636919402,0.9362488110728681,0.9636661116521704
2008-08-22,0.984241855096992,0.978716632074682,0.9774590046106931,0.9751370537506909,0.96781790023121,0.9442661590550578,0.9725540984486218
2008-08-25,0.9642760346311748,0.9690911188522144,0.9671691543852728,0.9641308132536485,0.9556291335989946,0.9312293687621143,0.9587195883452846
2008-08-26,0.9670847921791687,0.9703588213357497,0.9685429312458108,0.9655707952835918,0.9569975756110259,0.9325708878291388,0.9599412726035093
2008-08-27,0.9764984182670141,0.9747858394365366,0.9733141952075965,0.9706032554627613,0.9619348971662132,0.9375381346690741,0.9644812147595304
2008-08-28,0.9883411185289138,0.9805946483051982,0.9793656865408528,0.9770045421031586,0.9683672352961045,0.9443764952742577,0.9730915659692141
2008-08-29,0.9777131159646056,0.9752672780425378,0.9739577488682497,0.9712711407527127,0.9623800043890981,0.9374534704965372,0.9642672111457304
2008-09-02,0.971639788087213,0.9721757677113725,0.9708285010549091,0.9679626908484187,0.9590307325715269,0.9339187459724799,0.9594055158905257
2008-09-03,0.9708047737635614,0.9717501229915668,0.9703815627388354,0.9674899521430936,0.9585576458150188,0.933445772777674,0.9588321472298278
2008-09-04,0.9415773451089824,0.9566065236763427,0.9544420512177638,0.9506007968553899,0.9415126915694165,0.9170274931368367,0.9403871900905367
2008-09-05,0.944538200861342,0.9581064727466457,0.9558083142724825,0.9520146033643148,0.9426730931061582,0.9181759357106853,0.9418191659703609
2008-09-08,0.9640482888510367,0.9680474239711395,0.9653067386523632,0.9619173767441824,0.9511724151636647,0.9266652885759262,0.9503492278965333
2008-09-09,0.9354283696558175,0.954149964485613,0.9520610535490923,0.9480856350611667,0.938306989762323,0.9122905453958785,0.9417290490408995
2008-09-10,0.9392243200371111,0.9558927947010256,0.953646249387638,0.949722433611983,0.9396665405299549,0.9136996942741222,0.9429341498770437
2008-09-11,0.9528128571326505,0.9622652060767803,0.959546482278025,0.9558512634601913,0.9448767455238889,0.919259084594002,0.9482489658702652
2008-09-12,0.9572158351416112,0.9642574395324637,0.9614469381804004,0.9578331790174031,0.946616937394478,0.9212435730327055,0.94991254258617
2008-09-15,0.9116669200298354,0.9436673547172074,0.9412765491223999,0.9366911149275421,0.9278040602062042,0.8991700323105145,0.9321072324075115
2008-09-16,0.9269259676043711,0.9493683943998954,0.946656478936002,0.9422163855722318,0.932053412557284,0.9039394682643214,0.9371169026076867
2008-09-17,0.885248088312686,0.934257019669247,0.9319195447487572,0.9269827224068167,0.9198834732363869,0.8892066737421026,0.9228767544997644
2008-09-18,0.9115149021307517,0.9429602480796653,0.9402194852721336,0.935499816806953,0.9263440495689341,0.8963912200469162,0.9322203498655761
2008-09-19,0.947714997517366,0.9540451378662023,0.951144638488036,0.9467709603877723,0.9354756112104676,0.9077546191557013,0.9472713643769382
2008-09-22,0.9262589519309483,0.9481421806852602,0.9452238497506429,0.9406438774001666,0.9299729573138165,0.8996582681907512,0.9385349011241111
2008-09-23,0.9051851594874986,0.9423735265679755,0.9393187918041606,0.9345148288228706,0.92456127254267,0.8926041288236398,0.9297771953106485
2008-09-24,0.9080870711627703,0.9431772461165406,0.9401454807383818,0.9353747074848331,0.9253070290505458,0.8934721778772992,0.931021965518264
2008-09-25,0.9222887390874194,0.9471465789545901,0.9443022307785515,0.9395156271461026,0.9289870091046305,0.8978050939581971,0.9384386680230888
2008-09-26,0.9227467201114419,0.947269812535281,0.9444349109577599,0.9396477278176052,0.9291043140602429,0.8979432442787184,0.9385860845587795
2008-09-29,0.8504387198021056,0.9274291604571123,0.9224889892706157,0.9174106948254732,0.9087778615588952,0.8721818832716604,0.9014569907557614
2008-09-30,0.8856384522891498,0.9357743518224357,0.9308329878715179,0.9255241097692766,0.9150316306712064,0.8794682340828127,0.9166128727227146
2008-10-01,0.8861728036364837,0.93588427864606,0.9309497930413376,0.9256388374879949,0.9151249325188647,0.8795798199388912,0.9168381646925405
2008-10-02,0.854027643166052,0.9289204958891292,0.9235214965871047,0.9183000787870991,0.9090051181202734,0.8713365522202938,0.9007782344377387
2008-10-03,0.8424980531992011,0.9264103832975911,0.9208311058815666,0.915637405047668,0.9068231888238163,0.8686843241350207,0.89569218154192
2008-10-06,0.7995864438580584,0.9168384516004343,0.910468878697811,0.9052915879189822,0.8983210143648609,0.8587425220019929,0.8858656442494057
2008-10-07,0.763776150310933,0.908904459269549,0.9020326685881399,0.8969221333570739,0.8916707302346892,0.8515270226072981,0.8773987946810524
2008-10-08,0.7445349244058302,0.9045249122445572,0.8974997497471227,0.8924289666709802,0.8881554867880409,0.8479160425890226,0.8726816933575864
2008-10-09,0.6925373345279575,0.8924007115687239,0.8848722168341456,0.8798310233591119,0.8782940022266849,0.8381013062264099,0.8596750410288733
2008-10-10,0.6757391559160005,0.888525032903954,0.8810130385483159,0.8760277737748534,0.8754058028966792,0.8352663301454604,0.8552249914697246
2008-10-13,0.7738552662718409,0.9119712427632573,0.9043143155254153,0.8991617321188693,0.8930294121689226,0.8523205834941201,0.8817254352883884
2008-10-14,0.7624016451018909,0.9101726120529059,0.902505641590951,0.8974094006355581,0.8911043493000886,0.8498670657620842,0.8789404175389537
2008-10-15,0.6873451965114451,0.8981825968995827,0.890309799713114,0.8854862267545558,0.8778480715374314,0.8335544419891431,0.860474319022833
2008-10-16,0.7159778842465239,0.9027976004038101,0.8948636472078921,0.8899150994540735,0.8819624525376693,0.838267988958613,0.8681238825244626
2008-10-17,0.7117023507203133,0.9021414755917126,0.8941986526263256,0.8892620866113584,0.8813359670730038,0.8374627002256465,0.8670175544364174
2008-10-20,0.7544608178884223,0.9088279732404202,0.901082980567039,0.8960883992895738,0.8879070845447627,0.8459479411006164,0.8781339282969435
2008-10-21,0.7319363908284653,0.9055512970642688,0.897675649067088,0.8926931146582212,0.8844528362874418,0.8407447480580815,0.8725299127822856
2008-10-22,0.6920791125880887,0.8996109464608535,0.8913642736468574,0.8863503789001401,0.8780691380822936,0.8319013489390813,0.8611446373684318
2008-10-23,0.7000967116512795,0.9008452007963406,0.8926842749331795,0.8876806010038193,0.8793475004947322,0.8334797979408067,0.8632624540815447
2008-10-24,0.6645913774130661,0.8954464056969629,0.8867215607166086,0.8819556276500895,0.8736765605737362,0.8264599374237991,0.8539193766942182
2008-10-27,0.6409979665899538,0.8917086359596732,0.882598999796209,0.8779823738241074,0.8698828041164931,0.8221375083108038,0.8474499704694838
2008-10-28,0.7159017548390588,0.9039491900005688,0.8962839890506721,0.8913056584749477,0.8824139692000715,0.8356894162726967,0.8685835336075327
2008-10-29,0.7107100986542391,0.9032366080252527,0.8955105941287947,0.8905742307889751,0.8815813595317356,0.8345624422882685,0.8672392973210281
2008-10-30,0.7352961229171953,0.9066753979134038,0.899276242422473,0.8941864191446007,0.8857294814720812,0.8400729187410597,0.8736417487762299
2008-10-31,0.7393428666945999,0.9072166277271906,0.8998876912712721,0.8947798065116929,0.8864241839274908,0.841082138361522,0.8747080239462327
2008-11-03,0.7414805933050641,0.9075026711364454,0.900217913476069,0.8951051983353026,0.8868067700314,0.8416569305816902,0.875269675771017
2008-11-04,0.7666777407650763,0.9108675150022522,0.9042411204094147,0.899148094175136,0.8915746021215448,0.8490122850105071,0.8806699190346318
2008-11-05,0.7344562902766153,0.9066610290357068,0.8991612781807425,0.8939894336358126,0.8853323976637597,0.8382106529212949,0.8743480651998767
2008-11-06,0.6937589384798126,0.9011306019630361,0.8924679683746364,0.8871725727507618,0.8775835879944422,0.8271491931596754,0.8676040115501378
2008-11-07,0.7166652974616092,0.9043457192298013,0.8963700139413031,0.8911190508444382,0.8816959371182936,0.8322034712472715,0.8716371226490809
2008-11-10,0.7072733537999405,0.9030236771011853,0.8947876577380458,0.8895014936149042,0.8799651447398609,0.8298562680346802,0.8695619992835428
2008-11-11,0.6854365005656331,0.8999054062091978,0.8909596963005687,0.8855286921257347,0.8757276654186881,0.8243529351589952,0.8655089719603412
2008-11-12,0.6552762056011195,0.8946639615168753,0.8854415022439367,0.8797600949266069,0.8697260779568371,0.8172005893840828,0.8590390552630054
2008-11-13,0.6961257760602114,0.9019209380678294,0.893207114640837,0.8878546123719911,0.8777600020187464,0.8259820082829458,0.8681012669612636
2008-11-14,0.6613845867341647,0.8956440431026219,0.8870837557677257,0.8815504141400063,0.8709275252789335,0.8173246778545834,0.862873416950534
2008-11-17,0.6526036056589877,0.8939997032623026,0.8854776630774502,0.8799048553252926,0.8692511064023803,0.8154050686156592,0.8614130927778729
2008-11-18,0.6648972200800819,0.8963253813402989,0.8878152223152569,0.882335041877022,0.8717170204930479,0.8181571127320061,0.8641014749208363
2008-11-19,0.6222912927953905,0.8880391200539138,0.879629515542665,0.8736994206734776,0.862857715768135,0.8076364580542863,0.8569877861353653
2008-11-20,0.5760962815361882,0.8788793492096685,0.8705765559929641,0.8643821481461217,0.8541142437131259,0.7981047483918435,0.8492139303974249
2008-11-21,0.6071725787013879,0.8852743136103457,0.876743729171868,0.870555546420172,0.8595068953726976,0.8036741479878371,0.8546825377667991
2008-11-24,0.6492440341808222,0.8932552422238642,0.8846777666801815,0.8784805293670016,0.8668112207625869,0.8117786104756199,0.8615433408828158
2008-11-25,0.6540544811913417,0.8940909993587215,0.8855094104042065,0.879304287830088,0.8676374523178818,0.8128126956300998,0.8622991576814101
2008-11-26,0.6793278383641013,0.8985173959118857,0.889990515492292,0.8838160826432194,0.8721873796110842,0.8187426616407669,0.8676343844149421
2008-11-28,0.687879788774626,0.9001563100279444,0.8914746379794286,0.8853215596100407,0.8737529050501776,0.8209769805609154,0.8693641645956081
2008-12-01,0.626948798396082,0.8885764738198075,0.8807030992241018,0.8742225314338773,0.8621181851801536,0.8035908035005633,0.8565087862468518
2008-12-02,0.6510767211770926,0.8931688176494588,0.8849502720841239,0.8784241461740749,0.8659236934543582,0.8082997871114419,0.8616278039482581
2008-12-03,0.6667295457025827,0.8959957619914302,0.8876540499802903,0.8811243814499345,0.8684434155264529,0.8116993409775926,0.8648755003274353
2008-12-04,0.6513055510785395,0.8932884675240058,0.8849798487434296,0.8784169249772799,0.8658796614969961,0.8080017512125002,0.8616616604857836
2008-12-05,0.671387091455915,0.8969355705613019,0.8886146766925094,0.8821395850028471,0.8693877131711206,0.8127103963837882,0.865424258759836
2008-12-08,0.6948278017850456,0.9010849678875866,0.8928228436885511,0.8864924343492308,0.8735828745765994,0.8187966258127786,0.8692900441504156
2008-12-09,0.6833747427520704,0.8990779468818438,0.8907976084126384,0.88438135182061,0.8714846110885771,0.8154447931787729,0.8672712310363262
2008-12-10,0.688032449115967,0.8999134494154206,0.8916537660390665,0.8852845868372533,0.8723793977178171,0.8167706971816678,0.8682171312594743
2008-12-11,0.6714632208633801,0.8969544083233458,0.8885249814903787,0.8819269041132827,0.8690379156881579,0.8116767729737228,0.8643069293743858
2008-12-12,0.6794805790107243,0.8984228707491168,0.8901011372799326,0.883631385872878,0.8707143642732278,0.8139703015580584,0.8659266835943857
2008-12-15,0.670012827162719,0.8966640550587266,0.8882018374058441,0.8815452974035707,0.8686475047910329,0.811011504114522,0.8636717091551589
2008-12-16,0.7015471053519411,0.9028582514865628,0.894771870075516,0.8888476938321676,0.8758634382260823,0.820694114909285,0.8713020388866883
2008-12-17,0.6947517526828625,0.9015628751145144,0.893421465773162,0.8873645664471236,0.8742840087506107,0.8182569783158691,0.869960917485501
2008-12-18,0.6817714477942223,0.8990652018374872,0.890743138251673,0.8843822945158948,0.8711142814017265,0.8136704712487538,0.8669639075406965
2008-12-19,0.678838538280046,0.8984928689668081,0.8901123633945096,0.8836730747354341,0.8703710264977069,0.8126873197482289,0.8662688967314549
2008-12-22,0.6701402314928282,0.8966625583035693,0.8881796472410829,0.8814676086773249,0.868050324156933,0.8096996812736343,0.8642276169347008
2008-12-23,0.6632128970925588,0.895004141264103,0.8865808740322405,0.8796220801056466,0.8661191057642145,0.8073652615829702,0.8626850344990767
2008-12-24,0.6670614072810104,0.8959631388349595,0.8874990677058856,0.8807388522230511,0.8672829653853551,0.8086163688101667,0.8636660445230545
2008-12-26,0.6709101985379496,0.897011113589887,0.8884407282958517,0.8819093209990563,0.8685077232346786,0.8099507675506694,0.8647092149060029
2008-12-29,0.6689861642832496,0.8964850818620052,0.88795416499712,0.8812905276194698,0.8678562863166055,0.809225287633025,0.8641854962987583
2008-12-30,0.6848424823936728,0.9009970529480682,0.8920747487061069,0.8866091834567825,0.8734635309780655,0.8153366486021778,0.8684554876906827
2008-12-31,0.6946183656092345,0.9036984141164558,0.8946041180034446,0.8898649241564821,0.8770430496322204,0.8195146953307522,0.8712875085125614
2009-01-02,0.715555799683617,0.9117151323496799,0.9000941746649503,0.8970069731596889,0.8850477633353219,0.8293103423781912,0.8771748668668117
2009-01-05,0.7147088198729272,0.9113838064991905,0.8998764487058498,0.8967272340027921,0.8847061500647943,0.8288257260610645,0.87695400989338
2009-01-06,0.7194812021797141,0.9132696062274613,0.9011387912716725,0.8983652341430485,0.8866841799828722,0.831468601778983,0.8789672709163349
2009-01-07,0.6979280675071937,0.9043588537989227,0.8952825061927618,0.890623374870975,0.8772772112986844,0.8186539550690897,0.8695760602461712
2009-01-08,0.7007764155592807,0.9055251653083155,0.8960722238702937,0.891624334673634,0.8783257433159274,0.8198564537767582,0.8708578744648727
2009-01-09,0.6857663143593672,0.8988893832591519,0.8917916933845854,0.8860726615602686,0.8723823138440179,0.8128079111760218,0.8627833937165956
2009-01-12,0.669293532750626,0.8916160091644663,0.8869559176900795,0.8798817700893873,0.8660726860985601,0.8060400667075611,0.85893765476951
2009-01-13,0.6705253756259535,0.8921443743944105,0.8873262980050752,0.880346818600356,0.866516272520397,0.8064684151206809,0.8593990996227611
2009-01-14,0.6494343576994855,0.8826580522304805,0.8807797110143017,0.8719651657316495,0.8583788327121362,0.7983679288246651,0.8502504801818443
2009-01-15,0.6496650747750626,0.8827507371670402,0.8808509123557643,0.8720466387419411,0.8584437872131616,0.7984232222390694,0.8503207040134528
2009-01-16,0.6547454679914827,0.884981360456762,0.8824930114147003,0.8740898582274028,0.8602978690946987,0.8001858409509208,0.8515128077095457
2009-01-20,0.6201841624974207,0.8669711307097986,0.8710455510004907,0.859603967976372,0.8470298977781356,0.7872660499712048,0.8405930185269731
2009-01-21,0.6469711537805234,0.878875689455622,0.8794441615078946,0.8689213576499664,0.8546137306946938,0.7948004582387305,0.8467175292803699
2009-01-22,0.6369640315050508,0.8749787442959559,0.8765085385199498,0.8657593770699838,0.851704876511366,0.7916058928414788,0.8442504355173223
2009-01-23,0.6397357281653387,0.8760561420243286,0.8773468037019299,0.8666698721908688,0.8525381231868443,0.7924646884106256,0.8450089011740989
2009-01-26,0.6441228458810776,0.8777623722674466,0.8787101376918564,0.8681784457877544,0.8539232460604027,0.7939143809776897,0.8461712814518213
2009-01-27,0.6506659195063256,0.8802951119186163,0.880793855670558,0.870529386427145,0.8560955018737731,0.7962048232144541,0.8484005871100045
2009-01-28,0.6726806890932056,0.888720795356701,0.8879445691656244,0.8787285624583626,0.8637595170785369,0.8044918052843867,0.8558783145456176
2009-01-29,0.6508196238163342,0.8809631762608653,0.8811387661094764,0.8711046287783955,0.8559157090088356,0.7951862389258492,0.8465028842667749
2009-01-30,0.6375801336295994,0.8763618448845637,0.8769763428011608,0.8665530395790529,0.8515772943991736,0.7904900242691418,0.8411224572499171
2009-02-02,0.6356558183064119,0.8756723421522854,0.8763525989220159,0.8658695222975407,0.8509416402547149,0.7898438275875658,0.840342310047058
2009-02-03,0.644584922474489,0.8789148743259538,0.8793339345607907,0.8691928835060019,0.8540469604971063,0.7929133866154346,0.844561002399374
2009-02-04,0.6414291256497437,0.8777317339030339,0.8782648113053807,0.8679848037305045,0.8528933891146919,0.7917294906542892,0.8431967721757947
2009-02-05,0.6509739304159586,0.881311824098467,0.8815977298030776,0.8718083502814802,0.8565436330318458,0.7953543649794488,0.8469713000377754
2009-02-06,0.6695247718105369,0.8881131784724362,0.888135912819754,0.8793783390482288,0.8639485653472614,0.8029870576438168,0.8503017495692186
2009-02-09,0.6704486840815133,0.8884398211712636,0.8884505032129465,0.8797331096721827,0.8643229864068661,0.8033948272997711,0.8505623370786731
2009-02-10,0.6397357281653386,0.8775326627975385,0.8776320111546826,0.8672092022207387,0.8509687398208455,0.7884815579072391,0.8401652074978544
2009-02-11,0.6435074665040682,0.8788212207671985,0.8788915552457373,0.8685398520779171,0.8521331737769104,0.7897364417641559,0.8410683564157165
2009-02-12,0.6439690211131458,0.8789799185364295,0.879047494059769,0.8687068416754913,0.8522824804483807,0.7898986800164011,0.8411955672819019
2009-02-13,0.6370415662549533,0.8765717989546242,0.8765818453589164,0.8659809912200901,0.8498258412417999,0.7872046584492255,0.8382204500056377
2009-02-17,0.6097924180731571,0.8666712053054572,0.8665730756199982,0.8547944374438632,0.8397757326178773,0.7768139833563783,0.8247760637209132
2009-02-18,0.6083297376643294,0.8661522677865847,0.8660472642351624,0.8542352842913683,0.8393025958119334,0.7763368320717975,0.8243523380389287
2009-02-19,0.6017870254128511,0.8638507881710283,0.8636494815039677,0.8516722661637931,0.8371661625924408,0.7742209851688391,0.8212532210827034
2009-02-20,0.5959369060671561,0.8615181761441553,0.8614343492851356,0.8492743946075653,0.8351663362370736,0.7723257314397981,0.8185261794295117
2009-02-23,0.5746152513703932,0.8520461072212455,0.8530989862805789,0.8401367946878026,0.8275368375119185,0.7653586443612256,0.8088556190669778
2009-02-24,0.5963989425079265,0.861461254283004,0.8614816918401239,0.8489523937679166,0.8346336467372502,0.7716815496608134,0.8179507746133786
2009-02-25,0.5917034123561439,0.8596268062655146,0.8597854555073887,0.8472063238118364,0.8330576180151078,0.7701559201865751,0.8164574022437143
2009-02-26,0.5820814743664371,0.8558495038329614,0.8561962494533744,0.8434709839384512,0.8296705569590288,0.7670195028194171,0.8140423852275683
2009-02-27,0.5690729421711259,0.850661987720168,0.8512026958258302,0.8382397725725481,0.82497402751399,0.7628662876182618,0.8108392450722212
2009-03-02,0.5434404196240125,0.8395520777271968,0.8411629239110413,0.8277477730362998,0.815735821510577,0.7550385546791657,0.8015584596115717
2009-03-03,0.5393607908335731,0.8377950940941443,0.8396199613141939,0.8262009186765755,0.8144501733384121,0.7539318964858571,0.8004106401227689
2009-03-04,0.5521387264112303,0.84335259781008,0.844591114085593,0.8312434242617044,0.8186302728555527,0.7574733507737559,0.8054740020546657
2009-03-05,0.5295847470074473,0.8341137675791093,0.8359280423476277,0.822416473682602,0.8109950930288007,0.7506983355402937,0.7988838325843035
2009-03-06,0.5305085388205004,0.8344896064010645,0.8362710690426852,0.8227539792283645,0.8112706927464325,0.7509379469430363,0.7990969680294291
2009-03-09,0.5242735564101678,0.8319454864739841,0.8338477305114007,0.8203065997058345,0.8092368000215772,0.7491406981968777,0.7973778437442252
2009-03-10,0.5555254410747582,0.8451405291829092,0.8463842806909712,0.8331178358798508,0.819887004616448,0.7582731545538811,0.8104361709565175
2009-03-11,0.5591431940349916,0.8464222390067915,0.8476099972636997,0.8343047218302218,0.8211230920170358,0.7594424829090197,0.811564882326279
2009-03-12,0.5811578431639485,0.8542262587753137,0.8553217220628346,0.8419318463675393,0.8290227512194129,0.7670938675226164,0.8183470344825083
2009-03-13,0.5856992273266708,0.8557657609576651,0.8568192220276865,0.8434010641028493,0.8306837570993383,0.7688387461201397,0.819720850058569
2009-03-16,0.5839291784504669,0.855169473165696,0.8562183837734587,0.8427998385952701,0.8299990810807514,0.7681003213264531,0.8191416784646325
2009-03-17,0.6017870254128513,0.8612030285214779,0.8624507021653894,0.8491238598372742,0.8372034867234847,0.7756848271683201,0.8243432985607113
2009-03-18,0.6152574735910096,0.8654924950714314,0.8670065119297398,0.8537380513662929,0.8427940168579481,0.7820524180469266,0.8286349555019955
2009-03-19,0.6076370243006232,0.8630003894873723,0.8644467938389432,0.8511265614179396,0.8395105870533931,0.7780461641146987,0.8262970754005915
2009-03-20,0.5946982372428472,0.858756781199053,0.85995223579616,0.8464844126409427,0.8338054263255896,0.7716539757591208,0.8220826069181286
2009-03-23,0.6374145039851938,0.8728384745587942,0.8751650311308785,0.8622330122526151,0.8520296833764501,0.7903556739286838,0.8397801723595012
2009-03-24,0.6248557215224861,0.869377506506156,0.8715354355543391,0.858723089622459,0.8466521442389053,0.7836012256377591,0.8352418780866009
2009-03-25,0.6314452116008087,0.8712647058652121,0.8734932303192944,0.8606325658377932,0.8494071671446155,0.7866771689746559,0.8379042904120777
2009-03-26,0.6443145345895368,0.8750340308987478,0.8773895327831351,0.8644949256369343,0.8550240183882231,0.7931582649507126,0.8418220452735148
2009-03-27,0.6326856872939658,0.8716933904654485,0.8738658754930403,0.8609932198369515,0.8498820916741453,0.7871120791422499,0.8375905973248933
2009-03-30,0.6108233772852212,0.8653363904105792,0.8670264365291656,0.854135849799947,0.8403698171598926,0.7768938154961897,0.8299571565709061
2009-03-31,0.6164826511279197,0.8669888012475636,0.868811948757674,0.855909541534018,0.8424568060668648,0.7790135687809331,0.8322369909893459
2009-04-01,0.6284215972704595,0.870712154336574,0.8726573250630445,0.85978616495572,0.8470881234554247,0.783828836832586,0.8359283793209776
2009-04-02,0.6467950844494403,0.8763754663915106,0.8785832733467397,0.8658157399440043,0.8544657766995776,0.7918548246680276,0.8430320679330353
2009-04-03,0.6532300671649329,0.8783024507256038,0.880605764181826,0.8678722922536936,0.8571175215558836,0.7949556419643868,0.8449806250356078
2009-04-06,0.6481133759609873,0.8766374980640179,0.8789634611455469,0.8661772810081773,0.8549100069761506,0.7922963094504009,0.8432939795857672
2009-04-07,0.632995464919806,0.8717572000357133,0.8739480444346776,0.8609343606597387,0.8481509588991781,0.7846595463173008,0.8386976408176413
2009-04-08,0.639817679705759,0.8739474289577154,0.876261479357259,0.8633472431345491,0.8510072167367024,0.787613099394441,0.8412992015831517
2009-04-09,0.6652462268362466,0.8828412783695224,0.8850341831860591,0.8726133015560145,0.8621229839291715,0.7994551682764578,0.8497588100987715
2009-04-13,0.6654009349622819,0.8828875083121445,0.8850794570449692,0.8726570309109486,0.8621852542170219,0.7995120087042158,0.8497901756728659
2009-04-14,0.6539276389982085,0.8789911633715155,0.8812697096943344,0.8686667978587297,0.8568071480413464,0.7931603886264182,0.8453563682885729
2009-04-15,0.6609046823681201,0.881335324130376,0.8836510028721712,0.8711711630421778,0.8599957763714842,0.7965716201463237,0.8482523064214929
2009-04-16,0.6705955222898996,0.884574796169788,0.8870156919626383,0.8747537550797513,0.8646052872112963,0.80166095117371,0.8531558121198893
2009-04-17,0.6750923771736774,0.8860912751318304,0.8885898738687785,0.8764444979407879,0.8668215594232187,0.8042090777311439,0.8547901761814841
2009-04-20,0.6467950844494403,0.8764605588698426,0.8784303331030506,0.8653697157409449,0.8522178250707947,0.7870856538597539,0.8432830458606675
2009-04-21,0.6594318433411023,0.8805723469902839,0.8827936880974624,0.869870545350975,0.8567856390209,0.7922041703361299,0.8480762194716271
2009-04-22,0.6554005181778677,0.879255637878586,0.8814015044650335,0.8684232900597032,0.8552549177165899,0.7903958739622048,0.8462587168327568
2009-04-23,0.6618350993669497,0.8817964374696822,0.8836937719565356,0.8708360930302924,0.8577956854463283,0.7932587144152853,0.8486534354741048
2009-04-24,0.6718359176777747,0.8858469414976466,0.8873248559310399,0.8747077938972475,0.8619108281900513,0.7979944468571148,0.8532763268099419
2009-04-27,0.6654786704753899,0.8833092951145133,0.8849967831694517,0.8722045011193345,0.8591852232389285,0.7947187830427704,0.850201430891261
2009-04-28,0.6633856337544345,0.8824579980554355,0.8842027406778042,0.8713345880684398,0.8582656702593308,0.7937207836543967,0.8491985186535203
2009-04-29,0.6774955127416019,0.8883293615379307,0.8897069210110988,0.8774324571787081,0.8647207035809489,0.8004726362726597,0.8556612684087482
2009-04-30,0.6777279162281039,0.8884211008520527,0.8897962551634686,0.8775304308226826,0.864823514045513,0.800577750052506,0.8557601349434432
2009-05-01,0.6813713668786209,0.8900405444943715,0.8912390067135549,0.8791424980743714,0.8666142385069684,0.8025361346353485,0.8573648528160916
2009-05-04,0.7045518880936303,0.9004754297954201,0.900674115734957,0.8898419601329179,0.878519387722687,0.8156936420838468,0.868743867451055
2009-05-05,0.7021482706940133,0.8994330783506193,0.8997569539483361,0.8888386362903035,0.8772465390070707,0.8141372968392521,0.8675425062167413
2009-05-06,0.7143198210862606,0.9047035161603109,0.9045153282633281,0.8940774999482596,0.8839112572667867,0.8218797553820476,0.8757298157023801
2009-05-07,0.7043964973726969,0.9004641512987039,0.9006415300697272,0.889807616336511,0.8782787722136844,0.8150023969298632,0.869562202196153
2009-05-08,0.7208317764146807,0.907788204358393,0.9072213433949209,0.8970698442553322,0.8873181901335092,0.8249746377264285,0.878243829289117
2009-05-11,0.7073427375637079,0.9019838359630641,0.9019520456483879,0.8913201817691675,0.8796580214159483,0.815919353062527,0.8700378136807924
2009-05-12,0.7052496606901114,0.9010162328296051,0.9011199517107482,0.8904191476959832,0.8785489528352485,0.8147046334048935,0.8685984599494788
2009-05-13,0.6874962507471449,0.892879974822653,0.8938311715654962,0.8824132470864948,0.8688964313905191,0.8046300550716975,0.8588574134080745
2009-05-14,0.6933878477710633,0.8955371101078216,0.8962387304896571,0.8849875333677513,0.8716203301089406,0.8073373746841838,0.8626546148639079
2009-05-15,0.6877283330125183,0.892987974246341,0.8938744600312383,0.882423792525019,0.8688642763972867,0.8045358794405941,0.8589332507673892
2009-05-18,0.7072650020506002,0.90187738620095,0.9022755370199279,0.8916100454345212,0.8786202007099573,0.8139445699103046,0.8700524473824921
2009-05-19,0.7064121599543143,0.9015069560078006,0.901922430795985,0.8912293649606474,0.8781747800815572,0.8134755352902151,0.8696593346985302
2009-05-20,0.7016831424998808,0.8990810525856534,0.8999254278035642,0.889067855328704,0.8756320050523967,0.8109014859639856,0.8664785609282656
2009-05-21,0.6916045083706659,0.8938743972900484,0.8955390107139406,0.8842731084953536,0.8700631844495432,0.8055336291556515,0.8618438986594347
2009-05-22,0.6901321110226997,0.8931201659295628,0.8948830265592655,0.8835579810816085,0.8692661240642217,0.8047974965548598,0.861099603801726
2009-05-26,0.707808106673687,0.9021716102362288,0.9029859899670756,0.8925115382126808,0.8791571091766907,0.8136470973007162,0.8697234991340383
2009-05-27,0.6951709462556144,0.8960113259081657,0.8974448132989712,0.8865346537775115,0.8718643675220008,0.8067133363752327,0.8628872563301349
2009-05-28,0.7048620270932403,0.9006641152705711,0.9017456785276601,0.8911382667088522,0.876992700103648,0.811285137887053,0.867721431824102
2009-05-29,0.7173431543481225,0.9065585681936418,0.9073050237945398,0.8971167945541416,0.8838396202597691,0.8175655161140807,0.8728822287832476
2009-06-01,0.7347090913047821,0.9147520114825243,0.9149683479957891,0.9053409252488632,0.893675185049978,0.8269107639193367,0.8798788308190718
2009-06-02,0.735329529914566,0.9150245039257082,0.9152285274882926,0.9056132009179746,0.8940283183612002,0.8272539069337916,0.8801349854093249
2009-06-03,0.7260264038949399,0.9108537874252949,0.9111482555560314,0.9012363495124361,0.888372705301626,0.8215919985567681,0.8758492065689593
2009-06-04,0.7328482573071234,0.9141268256698517,0.9142047093872016,0.9045178264407412,0.8923860606294556,0.8253584407256822,0.8789957351855875
2009-06-05,0.733003648028057,0.9142004664871951,0.9142718729036833,0.904588999141911,0.8924720810434442,0.8254369741885924,0.8790327025689769
2009-06-08,0.7299800738503489,0.9127208307938994,0.9128458744786443,0.9030193396695356,0.890540159607737,0.823581372130443,0.8771549056585632
2009-06-09,0.733700938792845,0.9145752289733938,0.9146452871065693,0.9050166961503022,0.8929766288252867,0.8258423276894176,0.8791377533780644
2009-06-10,0.7318407472374434,0.9135939829445041,0.9137156001682782,0.9039690575841327,0.8916991393303981,0.8246432754831096,0.8779476133760262
2009-06-11,0.7350965642910893,0.9153680271435539,0.915380485594951,0.905860244745384,0.8939903071350311,0.8267391598075164,0.8796585283756763
2009-06-12,0.7371125480938351,0.9164709572983686,0.9164363033040702,0.9070724337757721,0.895457423626307,0.8280889815646182,0.880733190871645
2009-06-15,0.7202118999418724,0.906169380758352,0.9072788223043612,0.896408666996768,0.8825971947972897,0.8161588382650744,0.8713258659074946
2009-06-16,0.710443806338678,0.9006382022115155,0.9021468659582672,0.8907568907440296,0.8768094685644331,0.8106803818348464,0.8647202046949156
2009-06-17,0.709746033742197,0.9002447371604838,0.9017748362687588,0.8903523055701368,0.8764055391746302,0.8103069960601037,0.8642708484249131
2009-06-18,0.7149400187801987,0.903431528523239,0.9046183575106005,0.8934850187316824,0.8794676925498977,0.8130396535452474,0.8675649245284066
2009-06-19,0.7175752366134964,0.9050403975615628,0.906087053886633,0.8951161687845122,0.8810753110511372,0.8144929985082787,0.8691864428400041
2009-06-22,0.6960575968756801,0.8918196197211121,0.8937252804299762,0.8812124919927367,0.8673509804738025,0.8019581773404604,0.8562684031733898
2009-06-23,0.696603110657231,0.8921070651847633,0.8939925336541643,0.8814704376858948,0.8675503567815716,0.8021576792937617,0.8566286861276385
2009-06-24,0.7026062517180366,0.8954982740945241,0.897245019151628,0.8848728740417693,0.8705169820754038,0.8049967684924909,0.860459013781046
2009-06-25,0.7178869014134668,0.9047385182181349,0.9056643487452656,0.8937611274105465,0.8783640503983798,0.812633797097104,0.8700670981276366
2009-06-26,0.7160161898661054,0.903629690582941,0.9046731626051765,0.8927295831417366,0.8773657573378216,0.811612498155739,0.8688701642310013
2009-06-29,0.7227210384822165,0.90767870456665,0.9083094443787036,0.8965406374928254,0.8810515349751336,0.8152735898288985,0.8727246325338737
2009-06-30,0.716873609363473,0.904040575188346,0.905088406748323,0.8931375718029018,0.8777067833284798,0.8118839534029851,0.8690990854947005
2009-07-01,0.7198363924426041,0.9060400946956538,0.9067564535922137,0.8949055610178532,0.8794225801060341,0.8135218782117963,0.8709510668195966
2009-07-02,0.7001896248627136,0.8927240902031977,0.8953705516460951,0.8826940623959108,0.8675808873354847,0.8020723844781829,0.8585488244748501
2009-07-06,0.7001114878231952,0.8926537891048327,0.8953116050085785,0.8826224602432267,0.8674981434130921,0.8019924602587547,0.8584832776813593
2009-07-07,0.6865456771225003,0.884002989021553,0.8877467487628118,0.8748568738478084,0.8606740361250482,0.7954042277019825,0.8498230444335529
2009-07-08,0.6860778988540572,0.8837051864393924,0.887484884101076,0.8745894195058134,0.8604405359424122,0.7951815232561518,0.8495053758264146
2009-07-09,0.6874036587568428,0.884523103546106,0.8882310955773102,0.8753490164203896,0.8610884991762018,0.7957761718235072,0.8503074542020551
2009-07-10,0.6857662340540868,0.883506413785772,0.8872685574388866,0.8743515716230995,0.8602393994075527,0.7949926628426092,0.8493008775025799
2009-07-13,0.7024504594706926,0.8938652760541326,0.8973187966242874,0.8848506812043835,0.8691657157644608,0.8030886090677521,0.8605709647456304
2009-07-14,0.706426775515664,0.8960790793543707,0.8995328390150968,0.8870925603925897,0.8713455492422476,0.8051516795123964,0.8631200612424786
2009-07-15,0.7270870760613949,0.9075873432602846,0.9113631172676822,0.8992365808520755,0.8831365764622574,0.8164873118125497,0.8755346973350216
2009-07-16,0.7259175099323641,0.9069650440276206,0.9107422076772844,0.8986134361504139,0.8824434886605347,0.8157646005191141,0.8748612873454576
2009-07-17,0.7338695798853317,0.9112349089202244,0.9149710051808928,0.9028581723269276,0.8872775217261895,0.8206294676569464,0.8780722676897763
2009-07-20,0.7416658575909553,0.9153561755342654,0.9191522854661175,0.9070863788037701,0.8921804300929498,0.8256826392795343,0.8823867187641484
2009-07-21,0.7450964189385293,0.9171487679818958,0.9210062865940857,0.9089735790203195,0.8944072554626896,0.8280351005266827,0.8843607366093341
2009-07-22,0.744940546385903,0.9170674307479232,0.9209141272963567,0.9088762247781614,0.8942923380034228,0.8279095185365067,0.8842399389566957
2009-07-23,0.7613907622103642,0.9268982657864536,0.9303258540655835,0.9186885261438972,0.9058365192577085,0.8401719566613217,0.8972747923695945
2009-07-24,0.7645093375368393,0.9286543689750613,0.9320030000456979,0.9203956580807212,0.9080803599244859,0.8426970431390879,0.8993601022077838
2009-07-27,0.7667703327553825,0.9299349166368451,0.9332521757236508,0.9216833421328189,0.9097631938332075,0.8446205658246605,0.9007168277820587
2009-07-28,0.7631838988551822,0.9277999717547344,0.9311986856728268,0.9195360765489105,0.9069806282842351,0.8414073058113504,0.8987271086489859
2009-07-29,0.76131278578141,0.9266925178542269,0.9300926348894399,0.9183706406784501,0.9055010583904826,0.8397940244373034,0.8974899113280103
2009-07-30,0.7692651769555062,0.9314118608319272,0.9349087966725838,0.9234812627070105,0.9119539926540179,0.846539148275179,0.902195723832226
2009-07-31,0.7703564454344543,0.9320603067319746,0.9355714524595465,0.9241854912718336,0.9128581378000004,0.8475055811444211,0.9029289107570859
2009-08-03,0.7830648366377816,0.9396295193535334,0.9435426883129019,0.9327423707001825,0.9238710525305034,0.8594352913954169,0.9134495863964847
2009-08-04,0.7850915010430515,0.94098907391314,0.9447700509057444,0.9340354580000395,0.9256696172532205,0.8614886399276527,0.9151190765318137
2009-08-05,0.7828305861297905,0.9394221774602536,0.9433478777527213,0.9325149067644354,0.9235725666713457,0.8590469465604368,0.9132870435034942
2009-08-06,0.7787766148769936,0.9361589882387226,0.940724809049275,0.929692634643752,0.9197404486234038,0.8548113569384578,0.9106009477602476
2009-08-07,0.7889896800485046,0.9441083786170584,0.9474899432958862,0.9369892760383619,0.9293706019321119,0.864719818942914,0.9174446600076087
2009-08-10,0.7873529780932877,0.9428457827162221,0.9464181264572202,0.9358411817627889,0.9277699416616269,0.8629585006983436,0.9163486225799596
2009-08-11,0.7775289920137265,0.9352631313327107,0.939789095244544,0.9287035968623103,0.9179815805356543,0.8527191128004339,0.9085436613522411
2009-08-12,0.7858712653325937,0.9417347344236473,0.9453991074688404,0.93462889827424,0.9250860705664936,0.859751885898523,0.9153697903643044
2009-08-13,0.7918744866986813,0.9463331828721486,0.949431101388079,0.9388828483452938,0.9303866891612188,0.865200277900686,0.9188814008147702
2009-08-14,0.7857934495142037,0.9407251640982629,0.945286952171304,0.9344935276689196,0.9248241119529317,0.859299653332011,0.9149786825345055
2009-08-17,0.7664580255131551,0.9236788262602904,0.9318661914509873,0.9203225379165718,0.9077142176366657,0.8423911663887862,0.9045169732427915
2009-08-18,0.7725393839187613,0.9280429334057629,0.9356487057280454,0.9240590068289845,0.9112493073774094,0.8460531111704129,0.9093671710569667
2009-08-19,0.7793225301849551,0.933004577025269,0.9399548495376174,0.9283618272040286,0.9154516684945667,0.850465984930249,0.9147806442213763
2009-08-20,0.7873529780932876,0.9388073037574232,0.9451064277249037,0.9335408151763773,0.9206024722884035,0.8559958567866874,0.9203903609390959
2009-08-21,0.8027893397307799,0.9497796158760611,0.9550412794063063,0.9435644902270325,0.93084919249031,0.8673112698451336,0.9326004517909797
2009-08-24,0.8027112829965436,0.9497177050342279,0.954981531026238,0.943501116739506,0.9307856478607035,0.8672194140089972,0.9325269828115967
2009-08-25,0.8042705706597812,0.9508389172792219,0.9559504734198402,0.9444712560920513,0.9318824619705923,0.8684971251804519,0.9335138554531062
2009-08-26,0.8043486273940176,0.9508949972632726,0.9559931195365493,0.9445115952237675,0.9319300717640088,0.8685605244868309,0.9335643310894279
2009-08-27,0.8061416837335534,0.9521942368630574,0.9571774927557775,0.9457231598430155,0.933281476223315,0.870081897134194,0.9349071046445492
2009-08-28,0.805985650570363,0.9520785207905281,0.9570626263560609,0.945601913674778,0.9331482172700027,0.8699297419708564,0.9347495200844165
2009-08-31,0.7988131842963732,0.9467657896414542,0.9519902447796283,0.9403110118591532,0.9273099354087877,0.8633860631965508,0.9304344385249881
2009-09-01,0.7811933220375991,0.9340406688276707,0.9393937031268862,0.9272644610743798,0.9134596682974325,0.8489774570405856,0.9149321256475267
2009-09-02,0.7782306192637503,0.9319996167706056,0.9374259959828692,0.9253104926559684,0.9116052934423532,0.8470674796573567,0.9132301811502477
2009-09-03,0.7847017795088453,0.9364221339240472,0.9417863818681534,0.9296386678943203,0.9156113873500356,0.8510526415406189,0.9167122269783685
2009-09-04,0.7956946089698982,0.9438093257571297,0.9492785944646125,0.9371192867461466,0.9226500007338523,0.858166600991106,0.9231032148797621
2009-09-08,0.8025555710544819,0.9482595138979376,0.953846447831353,0.9416628051354341,0.927175375648002,0.8628807061322675,0.9273638714655115
2009-09-09,0.8087144240573494,0.9523089066875758,0.9579845493558723,0.9458001747058595,0.9313713399142377,0.8673428032108556,0.9313944704199328
2009-09-10,0.8169790421683909,0.9576931237560499,0.9636092756964019,0.951457267367404,0.9371927423737977,0.8736522413542164,0.9373733425430244
2009-09-11,0.8168226877840719,0.9575816177501085,0.9635016351050366,0.9513482954297402,0.937068558994177,0.8735059338446196,0.9372550769305998
2009-09-14,0.820798923523761,0.9602660585282743,0.9662860752785015,0.9541760556313762,0.9400559334625415,0.8768112935235125,0.9404358426053147
2009-09-15,0.824229404566053,0.9625911873238062,0.9687431206257558,0.956689120944564,0.9427174414022147,0.8797876591045181,0.9426816879800012
2009-09-16,0.8367032240402607,0.971195151015875,0.9779141258140327,0.9661409234716606,0.9527436012342201,0.8911383325322421,0.9506183558056237
2009-09-17,0.8354560830086862,0.9701288783457903,0.9770227412188318,0.9652308000423399,0.9516995199983121,0.8898806812051835,0.9497853136315958
2009-09-18,0.8359885873345311,0.970558399886336,0.9774014899895033,0.9656160604992868,0.9521435693945187,0.8904045598041169,0.9501375365115562
2009-09-21,0.8338738280347578,0.9688353165355041,0.9758039849772281,0.9639677198127721,0.9502682933140183,0.888241319652503,0.9486507143757557
2009-09-22,0.8387304505825057,0.972814688600831,0.9795516602533327,0.967845020898011,0.9546442267500177,0.8930779994740601,0.9522148395331635
2009-09-23,0.831758667208574,0.9665012733707975,0.9740585230730952,0.9621380550607775,0.9481494104405405,0.8857498445980153,0.9471908237840528
2009-09-24,0.8225934253583757,0.9585177135286854,0.9667793232466246,0.954652025166915,0.9400197346056646,0.8772407891691121,0.941025562914283
2009-09-25,0.8182069902375351,0.9548680165029882,0.9633233890011931,0.9511463107170809,0.9364335699863185,0.8737040898052312,0.9378560920396024
2009-09-28,0.8328551555308611,0.9668624704879529,0.9751061618962159,0.9630769849018816,0.9483921752369101,0.8848413001028782,0.9477464474201329
2009-09-29,0.8303485867595456,0.9649483691820371,0.9732213022946764,0.961204510547678,0.9462764225465097,0.8827567182442954,0.9458271456239379
2009-09-30,0.8271370179163569,0.9625358430559874,0.9707581410233076,0.9587535839409314,0.943508505930512,0.8801489392372128,0.9437490199419083
2009-10-01,0.8066132363502575,0.9467624602756957,0.9546328372591418,0.9426624924622101,0.9255745911852592,0.8638989484041679,0.9312954815235576
2009-10-02,0.8028530218195146,0.943945222168625,0.9520401264498985,0.9401925946014947,0.9232450748229623,0.861629639540373,0.9291753455505796
2009-10-05,0.8148380230413595,0.9528793787595851,0.9603731281908255,0.9481294323658778,0.9304941120892106,0.8685201782681273,0.9363779374854199
2009-10-06,0.8265103154945663,0.961254099222174,0.968227990919686,0.955613178590907,0.9377672539825295,0.8756377121652589,0.9438394381231276
2009-10-07,0.8287819110103515,0.9628734017936426,0.9697139965951166,0.9570314707650015,0.9392185605497148,0.8770963503102766,0.9452283134835283
2009-10-08,0.8351270722677748,0.9674407118761953,0.9739893161546894,0.9611479069619087,0.9434353423589998,0.8813815803571134,0.9493134710249079
2009-10-09,0.8402189892921815,0.9710981625664836,0.9774650181586714,0.9645187347008102,0.9469299432730807,0.8849938984051516,0.952921190399362
2009-10-12,0.8435090163960173,0.973483718669062,0.9797491599728142,0.9667503929234567,0.949260112899054,0.8874375517047147,0.9552669519429599
2009-10-13,0.841785343820247,0.9722344105724594,0.9785110747265542,0.9655269925488732,0.9479814885533613,0.8860785277944199,0.9541031695724684
2009-10-14,0.8562773153398182,0.9827452361910086,0.9891648194914918,0.976101843416922,0.9589726581352319,0.8974164986150841,0.9644117103714916
2009-10-15,0.8594105865329242,0.9848655460205376,0.9913162536672971,0.9782053598618615,0.9614083669364821,0.9000333466417324,0.9662770172693095
2009-10-16,0.8529873685412646,0.9802959436751193,0.9867478851355675,0.9736897961165608,0.9562168811413295,0.8943629979383865,0.9617425137217521
2009-10-19,0.8600375298705611,0.9852275377746361,0.9918345130717504,0.9787129666128643,0.9617945548334699,0.9000159271345005,0.9660155912803498
2009-10-20,0.8554940176178624,0.98208915384087,0.988527253629511,0.9754325011138106,0.9580721495075493,0.8961284125256882,0.9628089234727851
2009-10-21,0.8478173144773395,0.9768137681732012,0.9828020931544866,0.9697420547298403,0.9517637094097509,0.8898959553981132,0.9575710826871209
2009-10-22,0.8564338303347017,0.9826539026903344,0.989268537358417,0.9761351667353717,0.9585381053005927,0.8961896494755761,0.9627667707244149
2009-10-23,0.8466422072838412,0.9760355495115424,0.9819614996189445,0.9689088511057621,0.950575046386295,0.8885575545029775,0.9563065554754792
2009-10-26,0.837477126044207,0.9698251250321607,0.9751701420279084,0.9622683638366399,0.9436953258049763,0.8822840472191198,0.9507662232414527
2009-10-27,0.8336386941686634,0.967263449564129,0.972332556860026,0.9595128980375133,0.9409548885057347,0.8798838388667363,0.9487734081251473
2009-10-28,0.8178933981107933,0.956103306888992,0.9603890647423509,0.9478836271373053,0.9295510155117376,0.8702729792406816,0.9397953270067236
2009-10-29,0.8354402628681057,0.9676931895997224,0.9727336495123753,0.9595966023262147,0.9401224594439573,0.8793269856088421,0.9509487749100244
2009-10-30,0.8112351265583212,0.9530513523974805,0.9571716758759614,0.9449397796490199,0.9250688160213482,0.8659152717499349,0.9355745599389785
2009-11-02,0.8171883980389201,0.9565497553896447,0.960484875190178,0.9479812519477837,0.9277693325988887,0.86845855547087,0.9385654200200158
2009-11-03,0.8197734250708827,0.9580623375243625,0.9619596355657403,0.9493494557768433,0.9290052123022097,0.8696321186691194,0.9399611441862975
2009-11-04,0.8218881040653739,0.9593306642926227,0.9631968276124844,0.9505088452478173,0.9300522995892843,0.8706360355277258,0.9413255299756617
2009-11-05,0.8370069386172998,0.9687488259128472,0.972339560978047,0.9591784074585068,0.9378655601901327,0.8781974589194973,0.949914162520055
2009-11-06,0.8392003970935665,0.9700189760899873,0.9736005159813802,0.9603746558527723,0.9390240277345444,0.8793500743126678,0.9512892287282348
2009-11-09,0.8583142588212015,0.9812776847534843,0.9849749689367032,0.9712710674069889,0.9495546725995022,0.889966573897967,0.9629493351560933
2009-11-10,0.8584710950372134,0.981346413561637,0.9850451725007496,0.9713363217209495,0.9496345689270792,0.8900402584896961,0.9629995422583886
2009-11-11,0.862857449852772,0.9837350239094077,0.9875310404081661,0.9737237993144284,0.9521995225580593,0.8927470601811471,0.9662960931384347
2009-11-12,0.8540842583899624,0.9789744907610892,0.9824204049215266,0.9687610733080363,0.9468640325910945,0.8870449607185148,0.9600755360057782
2009-11-13,0.8587059879874619,0.9815491621271791,0.9851467653718412,0.9714108453033025,0.9496218202366836,0.889782530831592,0.96321914562596
2009-11-16,0.8711609357203676,0.9884658294033792,0.9926590635474711,0.9787767361900341,0.9573132919919836,0.8975626687949001,0.9725045047868447
2009-11-17,0.8721792870031361,0.9890121881172561,0.9932581852618084,0.9793645684253584,0.9579520092820288,0.8982215170143963,0.9731282791887874
2009-11-18,0.8716306413155819,0.988711374762348,0.9929156175376382,0.9790229757142774,0.957580255224596,0.8978306013501485,0.9726716356322258
2009-11-19,0.8602723425155274,0.9824874794527205,0.9857624329019494,0.9718771072418565,0.94981566729801,0.8897660812168333,0.964412510048675
2009-11-20,0.8572172083619399,0.9808225611500234,0.9838450959620527,0.9699764482283181,0.9478510633497702,0.8878295691281078,0.9625735683778754
2009-11-23,0.868105721261498,0.9868213997373967,0.9908660419105023,0.9769709234691223,0.9549706615376438,0.8945654143990395,0.9717290454045784
2009-11-24,0.8694374237551616,0.9875508297518784,0.9917118637761705,0.9778111035307847,0.9558580648332158,0.8954198156668233,0.9726796392263457
2009-11-25,0.8724927185193134,0.9892564778251541,0.9937075974529536,0.9798101096934538,0.9579787051739524,0.8974883865086734,0.9748852947332973
2009-11-27,0.8583142588212017,0.9812781893023182,0.9841518874287617,0.970147566758054,0.9477402808960691,0.8873915842158359,0.9646501827084679
2009-11-30,0.8612125567587774,0.9829462037169958,0.9860296988423276,0.9719970532369484,0.9495101226261561,0.8890638253147773,0.9666789285588836
2009-12-01,0.8718660964028051,0.989469273282197,0.9931521252166646,0.9790939783513469,0.9563999102547844,0.8956737018399853,0.973161311533282
2009-12-02,0.8714742066259807,0.9891161891935212,0.9928909062146772,0.9788335488886029,0.9561278716607471,0.8953976076428393,0.9729067217996763
2009-12-03,0.8646594200786252,0.9840145024469672,0.9882425515402995,0.9741679128020796,0.951401555419334,0.8907628026200968,0.9684732359212787
2009-12-04,0.8695944205817377,0.9875991006755165,0.9916547390738436,0.9775858144736462,0.9547878729057215,0.8938910714831221,0.9717438885911425
2009-12-07,0.8682623165616633,0.9866324913882538,0.9907081811304671,0.9766301101146261,0.9538316569600054,0.8929859820032564,0.9709284977219442
2009-12-08,0.858627610032097,0.9791411513898592,0.9836871364355972,0.9695106566111269,0.946753375090206,0.8864345603478779,0.9642323981151882
2009-12-09,0.8618393394858501,0.9815181335539511,0.9860121531922159,0.9718336602356834,0.9489561863957975,0.8883728765719179,0.9663027238389967
2009-12-10,0.8666961226441622,0.9856437652077136,0.9896130277051729,0.9754596976029584,0.9524204499309262,0.8914719893666504,0.9693263917268559
2009-12-11,0.8703773970825653,0.988769281263232,0.9923927987428751,0.9782724868453841,0.9551304935769872,0.8939312421910305,0.9719305569014632
2009-12-14,0.8763312307001392,0.9938368377806747,0.9969968322816807,0.9829572076248767,0.9596655719319868,0.8981015202199565,0.9762878692352319
2009-12-15,0.8722577452637833,0.9902529147876294,0.9937990609795021,0.9796947769669982,0.9564450481521924,0.8950753289109478,0.9734128915487875
2009-12-16,0.8735892871468827,0.9914145818266382,0.9948604531305164,0.980776755726761,0.9575032912784119,0.8960194288590451,0.9743508756529665
2009-12-17,0.8630926640241492,0.98147071835858,0.9861679391764558,0.971871407384398,0.9488462671423084,0.8881855508709567,0.9668416755436906
2009-12-18,0.8679754660938733,0.9858098164861627,0.9901003047412019,0.9757918159310957,0.9524435310203481,0.8913308482471531,0.9704207752828038
2009-12-21,0.8767964391995541,0.9935675377817429,0.9973349814688719,0.9830446184876727,0.9592083432459602,0.8973531933918021,0.9763377458998802
2009-12-22,0.8799464941966265,0.99641514444305,0.9998845281794992,0.9855886662713148,0.9616909534810809,0.8996157338180741,0.978567450170963
2009-12-23,0.8816788397428675,0.9979945492052198,1.0013143845727364,0.987021524526209,0.9630950089156155,0.9009111932348155,0.9798265638348
2009-12-24,0.8858532689188686,1.00200949657223,1.0048725026717737,0.9906289600434656,0.966618791297107,0.9041918186609134,0.9828784229583799
2009-12-28,0.887743334039225,1.0038218181836964,1.0065126060655107,0.9922975240168938,0.9682577741110114,0.9057370330776879,0.9842579917789644
2009-12-29,0.8864832638572269,1.0026080220662144,1.0053710462575205,0.9911293454908879,0.9671112067206245,0.9046396940317115,0.9833389296767179
2009-12-30,0.8861682262354067,1.0021771434462154,1.0050677156495167,0.9908185638148811,0.966808870112739,0.9043646765255196,0.983109037757384
2009-12-31,0.8776625316673924,0.9925556859613875,0.9969444375602676,0.9824953908767509,0.9586967258797311,0.8968227870675488,0.976901435368058
2010-01-04,0.892547517237738,1.0096176259291754,1.0108793236069238,0.9963980066098702,0.9716213599595521,0.9083564646138792,0.9876522414464454
2010-01-05,0.894910419859312,1.0118958267174063,1.0128274261844188,0.9982756375627091,0.9737238261090765,0.9103101725822491,0.9892003827557196
2010-01-06,0.8955400935765415,1.012528814603155,1.0133614640935515,0.9987944853531214,0.9742920274998661,0.9108444869546707,0.9897047698774312
2010-01-07,0.8993204647331007,1.016475362637801,1.0167207642033214,1.0020851775283004,0.977867485499852,0.9142472942348562,0.9946734576465679
2010-01-08,0.9023132819877506,1.0196052688509567,1.0194381350475412,1.0047566926621816,0.9807758993881571,0.9170563198972007,0.9970976356677449
2010-01-11,0.9035732718644668,1.0210142892394012,1.0206039858249998,1.0059060416864938,0.9820272297781836,0.9182791829862561,0.9982405135626496
2010-01-12,0.8951465173887924,1.0112418007273756,1.0124874338649483,0.9978696687758583,0.9733350185122372,0.9096667950702932,0.9887907042935955
2010-01-13,0.9027073400071928,1.019380914783597,1.0196325452261061,1.0047957965158532,0.9803069746097764,0.9162179172319166,0.9970574253874704
2010-01-14,0.9051487008894137,1.0219510178850317,1.021918909279027,1.0070085531985329,0.9826245206151539,0.9184550083941053,0.999097264983951
2010-01-15,0.8949887978146771,1.0110504536622225,1.0121240904082118,0.9974913435355681,0.9726415602700541,0.908649066476815,0.9857360091130134
2010-01-19,0.9061721114049569,1.0222519823069334,1.0224864529396558,1.0073222765711805,0.9821514355809101,0.9176083925017751,0.9952741562460269
2010-01-20,0.8969576424168091,1.0134908127668014,1.0143210941255316,0.9996129087372954,0.9740296005792463,0.909637478282532,0.9877326859193104
2010-01-21,0.8797102360565825,0.9967383671050145,0.9993069710162757,0.9855842876903689,0.9600432890115589,0.896597691648337,0.9754684147216764
2010-01-22,0.8600999270747819,0.9804169296130169,0.9840978202512061,0.9717353647442556,0.9476547043840189,0.8848854805076879,0.9611443955756976
2010-01-25,0.8645100522538527,0.9836436302906866,0.9870743270210682,0.9743964952769386,0.9498667073930345,0.8869691939307811,0.9640303331973307
2010-01-26,0.8608873203661268,0.9809749381136507,0.9845352190159437,0.9720960295676166,0.9479305115979376,0.885120586837823,0.9616174812795167
2010-01-27,0.864982729144506,0.9839934010546277,0.987469012187521,0.9747570963157537,0.9501520069268876,0.8871816995503742,0.9644399091292702
2010-01-28,0.8550590842098138,0.9766917191588337,0.9801745631931064,0.9680712787198216,0.9445460562187303,0.8819273927661012,0.9582808522365822
2010-01-29,0.8457659160451725,0.9699738214664754,0.9733971798400513,0.9618700559539144,0.9394088855380885,0.8773348883481779,0.9523445051802822
2010-02-01,0.858918556069277,0.9793194606158736,0.9829584671177737,0.970617395339941,0.9465806085540799,0.8834529538961341,0.9612188604397173
2010-02-02,0.8693143157576476,0.9861708264820529,0.9901662431367824,0.9772276238994937,0.9524247072053428,0.8885799607262744,0.9680389961440968
2010-02-03,0.8649827291445059,0.9833717414369274,0.9871993941162255,0.9744925262916172,0.9498940084570308,0.8863000851780558,0.9651936365106024
2010-02-04,0.8382842744349582,0.9649338049065037,0.9684480220266113,0.9570714817303404,0.933929841078431,0.8724381758271901,0.947047941098078
2010-02-05,0.8400168608970456,0.9659203983278172,0.9693977098709683,0.9579155977766648,0.9346001005714526,0.8730842668611487,0.9482419003919823
2010-02-08,0.8339525272112523,0.9623252612008062,0.9657707911391523,0.954613827860056,0.9318812229219792,0.8705138744796794,0.9440987811280872
2010-02-09,0.8444273876025271,0.968597942396694,0.9721648828575524,0.9604768810794126,0.9366943727256823,0.8748957911117284,0.9510099962128064
2010-02-10,0.8427731790958046,0.9676374373511548,0.9711623269739578,0.9595492835140464,0.9358996333793469,0.8741526833311982,0.9499415521165341
2010-02-11,0.8515940718962034,0.9727347674081185,0.9766650348215259,0.9646885287213465,0.9402581909057318,0.8781587496656322,0.9561718265625072
2010-02-12,0.8508851368655056,0.9723304969820914,0.9762200507249371,0.9642674404355791,0.9398863535432128,0.8778066661690109,0.955742028156536
2010-02-16,0.8642738744190904,0.9800089507159911,0.9848506922572183,0.972477689831601,0.9470170925183765,0.8844480022193312,0.9626783431042554
2010-02-17,0.8683688816710591,0.9822255181216073,0.9873962857237067,0.9748990140430923,0.9492613638489225,0.8865931746033112,0.9646436842218795
2010-02-18,0.8734885040178028,0.9850210056661405,0.990656917336219,0.9780301163797971,0.9521747709006504,0.889413266122846,0.9675161631422672
2010-02-19,0.8752996290458193,0.9860234681890179,0.9918295914946033,0.9791652008840827,0.9532367954955938,0.8904523421063619,0.9687734337486156
2010-02-22,0.8754571880093704,0.9861094671966018,0.9919265511953519,0.9792574183109136,0.9533234844340177,0.8905365235215008,0.9688795512624881
2010-02-23,0.864825009570391,0.979771972260356,0.9845702357171935,0.9719792471116653,0.9465300332004224,0.8838280647062725,0.9608558388485654
2010-02-24,0.8727797295976691,0.984843817886903,0.9900248944410003,0.9773151072406265,0.9513394119140124,0.8883050709832692,0.9677372979459417
2010-02-25,0.8715983585921643,0.9840960636803102,0.9892094262641861,0.9765122000215772,0.9505879405130647,0.8875844344707248,0.9666729405559747
2010-02-26,0.8721494937434646,0.9844439784799844,0.9895915315819016,0.9768885140879455,0.9509367097109369,0.8879156278600145,0.9669548215136516
2010-03-01,0.8812063234627793,0.9901960953779086,0.9962128613822243,0.9835068819561125,0.9570485486110529,0.8936724734294643,0.9730986670145589
2010-03-02,0.8836476843450002,0.9917570323831808,0.9979862674142886,0.9852780921404248,0.9587421292785893,0.8952995843170216,0.9746512872962331
2010-03-03,0.8844353988574736,0.9922689263317448,0.9985655044039837,0.9858587985067889,0.9593003027602157,0.89583988632706,0.9752744218799302
2010-03-04,0.8871131784903034,0.9941061831451536,1.0006173555203928,0.9879378321323472,0.9612927870847596,0.8977816136327621,0.9778588297559003
2010-03-05,0.8997930613184724,1.0030968260808555,1.0106353097438807,0.9981649850805419,0.971092860163496,0.9074163550734895,0.9926005335725504
2010-03-08,0.8999506202820234,1.0031954408378196,1.0107392726461446,0.9982629739625587,0.9712065540821125,0.9075194346678093,0.9927822804734496
2010-03-09,0.9014471092146304,1.0045690820703521,1.011892895105445,0.9994264016648712,0.9724273988803527,0.9087671476062859,0.9948591846781313
2010-03-10,0.9054635779006698,1.0086535961732637,1.0151002029168645,1.0026868217312994,0.9758315298714234,0.9122639697057005,0.9992659906934857
2010-03-11,0.9092439490572288,1.012727585512434,1.0181867953526242,1.0058394624015814,0.9791346580687874,0.9157025978700662,1.0044314811767512
2010-03-12,0.909322407317876,1.0127926534556266,1.0182436269870665,1.0058962443118953,0.9791931103124105,0.9157586409953488,1.004390481816033
2010-03-15,0.909558906373767,1.0130590169015423,1.0184358933509963,1.0060927136603004,0.9794008379759498,0.9159784853935412,1.0045857748171398
2010-03-16,0.9168043701492187,1.021635441834175,1.024876222457456,1.012752073766586,0.9863341702432125,0.923321022159496,1.01239786132034
2010-03-17,0.922238789201936,1.0280643672172327,1.029707548547358,1.0177162202801353,0.9916758396558192,0.9291372538540662,1.018192719392402
2010-03-18,0.9217662729218469,1.0273706686211226,1.029276723523759,1.0172741582456282,0.9911850286468983,0.9285768794971799,1.0176879730906487
2010-03-19,0.9171002951138902,1.0212213692076944,1.0249325633486037,1.0128029723654046,0.9863271904073607,0.9232205486791424,1.013045192094402
2010-03-22,0.9220033341147127,1.0273932862821036,1.0295577084397043,1.0175244678974418,0.9913109016688457,0.9283257936613524,1.0169390195554642
2010-03-23,0.9284878250366424,1.0355331619874508,1.0357642661381867,1.0238472880948728,0.9980755494094516,0.9354504784397811,1.0220734470143245
2010-03-24,0.9239802092450584,1.0299193570326286,1.031436919921776,1.0194623784393708,0.9932322955701036,0.9301689167139675,1.0186911211881946
2010-03-25,0.9224778580268553,1.0276438548407552,1.0299616556990834,1.0179840557572661,0.9916443574434004,0.9285178196432179,1.0176896541759568
2010-03-26,0.921924394022373,1.026810945195437,1.0293913837568154,1.0174125290308118,0.9910418099327334,0.9279264798395811,1.0173049554163351
2010-03-29,0.9277762399316342,1.0355185420882582,1.0354486111389722,1.0235846068161585,0.9976238417275489,0.9343344010691482,1.0212629453787039
2010-03-30,0.9284086440284562,1.0364481205725609,1.0361051508042758,1.0242508840710702,0.9983429188600353,0.935039472799086,1.0216915050375832
2010-03-31,0.925245740186242,1.0314168065593023,1.0326949549168154,1.020792007891107,0.9945842529539928,0.9312326755551407,1.0195969796251416
2010-04-01,0.9315721903129276,1.040960034738506,1.0396290352332214,1.0277638520119248,1.0020077822363338,0.9383537588878558,1.0247121510791928
2010-04-05,0.9391638501596683,1.0522255553312787,1.047927453856633,1.0360238138853275,1.0111161707738963,0.9474127578700676,1.0319831282421819
2010-04-06,0.9413782683145725,1.0553959718817196,1.0502973369734134,1.0383506959771067,1.0138241219352413,0.9502033624981964,1.0343396077442133
2010-04-07,0.9360008660121719,1.0462404888782542,1.0443505976183265,1.0324926521284956,1.0070706448773215,0.9430436058345093,1.0284830848109106
2010-04-08,0.9392428705572902,1.051315828769937,1.047945461805512,1.0359717982047139,1.0108297399907142,0.9467439637220088,1.031767317964546
2010-04-09,0.9454114404992962,1.0610421244494095,1.0549284993399666,1.042733496564725,1.0182085495934994,0.9542245452559156,1.0373779197008135
2010-04-12,0.9469136311069349,1.0633618119121844,1.0566242504876542,1.0443632218177856,1.020036520133248,0.9561271387537963,1.0388637517959096
2010-04-13,0.9476253768225076,1.0644699223788363,1.0574364804418073,1.045145110725979,1.0209145932400188,0.9570556003711151,1.0396130134461758
2010-04-14,0.9583804223431555,1.0813208392039733,1.0703165874950882,1.0575203131050364,1.0346131880401879,0.9718385037846001,1.0513420564663185
2010-04-15,0.9591714293721963,1.0823979736677718,1.0711554286016145,1.058297636586138,1.0356308729409145,0.9729676458518138,1.0522485689953611
2010-04-16,0.9439088483652468,1.059672789364377,1.0536255270993469,1.041800034712425,1.0154230899566932,0.9497331797092392,1.0309528600442608
2010-04-19,0.9474671754166996,1.063626842956322,1.0570615890779442,1.0448485892342212,1.0181728952357578,0.9528812212948141,1.0346158971997144
2010-04-20,0.9559288626901034,1.0733700245199922,1.0655841461590176,1.0525204844264844,1.025480158331323,0.9613362924178815,1.0401805126792105
2010-04-21,0.9541892896684698,1.0713733854074579,1.0638546977064471,1.0509604998165125,1.0239120511811297,0.9594495811787422,1.0390378409265406
2010-04-22,0.9570360316149141,1.074634514646219,1.0667395924849423,1.0535723162392137,1.0265140285074066,0.9624421213572347,1.040979441357455
2010-04-23,0.9632831401228492,1.0819161054059023,1.0732477884524392,1.0594963518988303,1.0324189381521116,0.9692842773949428,1.0454097017939286
2010-04-26,0.959645872979057,1.0776015773816456,1.0694445857565291,1.0560218255892362,1.028852838050486,0.9650286330160394,1.0429921727079479
2010-04-27,0.9369496729206107,1.0510952039287893,1.04520156366674,1.0339304829738492,1.0065893807690027,0.940248298168369,1.0262789814811781
2010-04-28,0.9440670497710553,1.0570294379506169,1.050855855857843,1.0387856210014441,1.0105892901978628,0.9448131654782578,1.031202483100305
2010-04-29,0.9557709022001416,1.0669514244671328,1.0603966945304815,1.04710737031194,1.0177162284513672,0.9530001405573677,1.0396132408924577
2010-04-30,0.9395591127583427,1.053811064729381,1.0476063338926267,1.0358631933159226,1.0074712191220145,0.9410140964408985,1.028177409891507
2010-05-03,0.9517376497101357,1.062798763274899,1.0565236233614401,1.0436381302614444,1.014170630914055,0.9482977922647381,1.037369544609051
2010-05-04,0.9293578524633057,1.046754989407293,1.0405363221460253,1.0295666210113192,1.0013400698821586,0.9340673071670721,1.021547839470181
2010-05-05,0.9238220078392505,1.0431650627003142,1.036991578231247,1.0264807178817612,0.998709630456103,0.9312410492671982,1.0175378812746703
2010-05-06,0.8931391262512357,1.0234991529782136,1.017082552108467,1.0089737983952447,0.9839541512523772,0.9161043297137663,0.9956551022694536
2010-05-07,0.8798531794587852,1.016186187981758,1.0099266556413913,1.0027827555636115,0.9790163888877521,0.9109680693752328,0.9927162964560758
2010-05-10,0.9186028872479403,1.0372013240400575,1.0306467363236962,1.0208706204872828,0.9933203688751598,0.9250738823421855,1.0020713376443686
2010-05-11,0.9159931261890798,1.036041747625398,1.029503662818153,1.019877354720433,0.9923339904828686,0.9240584967718997,1.0012505636054903
2010-05-12,0.9288041475429771,1.0415117237852303,1.035050822972716,1.0247714724687333,0.997347351629148,0.9291141224114553,1.005326528082759
2010-05-13,0.9172585768249812,1.036716516867303,1.030045315242193,1.0202858340035077,0.9926523759546544,0.9243050463012454,1.0018444469449708
2010-05-14,0.9006514444792262,1.0297432062959029,1.0227005409151828,1.0136297435733774,0.9858670610752732,0.9177013865322892,0.9935910475832105
2010-05-17,0.901126129001933,1.0299369930373417,1.0229090323933008,1.013820723469208,0.9860456493856917,0.9178599933402729,0.9938292970419861
2010-05-18,0.8888686519578002,1.0247593035962208,1.0173036206273807,1.0086252927698776,0.9809891778755985,0.9131237462499404,0.9879480984810792
2010-05-19,0.8838071706353231,1.0226175087370406,1.014954490573081,1.0064307286957561,0.9789043148702683,0.9112441338928218,0.9854683032673762
2010-05-20,0.8504352666749795,1.008273318315535,0.9989978407084242,0.9913247293915198,0.9646362869160511,0.8987435824802504,0.969505427606206
2010-05-21,0.8628509451249207,1.0132518541522044,1.0042378482495573,0.9961139854813095,0.9686932405579932,0.9025464291440531,0.9748271925833184
2010-05-24,0.851779818013785,1.0089358712094008,0.9995385650698758,0.9917538048374378,0.9648989704357549,0.8989377883045365,0.9699871614209186
2010-05-25,0.8526495242193195,1.0092785938990936,0.9999132016622296,0.9921031403969616,0.9652012421448999,0.8992125918368763,0.9703300552966453
2010-05-26,0.847509343720349,1.0072539612296372,0.9976103896498943,0.9899065601892136,0.9633152406071984,0.8974714199759666,0.968088684072239
2010-05-27,0.875899027671684,1.0187589698004456,1.010683900091755,1.0023884032490804,0.9739868651643354,0.9070178839536698,0.980441025489153
2010-05-28,0.8649070012634527,1.0147335062240788,1.0061196168340694,0.9981338705106263,0.9697408828812912,0.9031114776476868,0.9763117957950714
2010-06-01,0.8503562462773577,1.00930722865357,0.9999579674149315,0.9923246682657889,0.9640545430107673,0.8980824242219025,0.9695661851139243
2010-06-02,0.8724989823313218,1.0176598022733634,1.0094434809429496,1.00130934959767,0.9725699909671401,0.9053520528974354,0.9797771292308659
2010-06-03,0.8755036044624459,1.018726846906417,1.0106599248803043,1.0024556058160843,0.9737532940873799,0.906383694066422,0.9811790664328204
2010-06-04,0.8447414615609627,1.0075206109805959,0.9977860100916038,0.9900645701579321,0.9609959190881278,0.8950794839152598,0.9685604034342934
2010-06-07,0.8342233969278987,1.0038136615523063,0.9936505752688355,0.9862180363136899,0.9574692937447216,0.891844555662517,0.963761125150665
2010-06-08,0.8431595278081627,1.0071295108561467,0.9972389661870902,0.9895949403563985,0.9605109982356899,0.8945467784889427,0.9675808575779081
2010-06-09,0.8386522332377072,1.0054678981080845,0.9953992591961696,0.987829545398223,0.9589058562562915,0.8930930726416005,0.9653190686264496
2010-06-10,0.8631669464101267,1.0159611030495765,1.0057030768328512,0.9978805731412125,0.9679877529008843,0.9011756851692151,0.9768711874972689
2010-06-11,0.8673586412217872,1.0175802504257356,1.0073466124508366,0.9994588099995279,0.969577796215357,0.9026230029812603,0.9787483306714725
2010-06-14,0.8660140898829818,1.0170472481254458,1.0067981274967714,0.9989173101826959,0.9690345781576769,0.9021186915680036,0.9780711672333008
2010-06-15,0.8857050253680472,1.024870223211664,1.0150088207776151,1.0071314624809566,0.9772413812317142,0.9096924109891595,0.9871221341255397
2010-06-16,0.8853888634722772,1.0247453544491778,1.0148778074935343,1.0070000324265844,0.9770965352825274,0.9095519890283312,0.9869695144588805
2010-06-17,0.8868122745981404,1.0252905171279556,1.0154648907781216,1.0075924249251647,0.9777297729520771,0.9101511093895986,0.9876654478550079
2010-06-18,0.8877737697411564,1.0256607575268761,1.015871548617682,1.0080097698076853,0.9781740384998807,0.9105739969286365,0.988221527573648
2010-06-21,0.8852312242034439,1.0246744138842632,1.014741707726852,1.0068128767562599,0.9769102508548824,0.9093552408166002,0.9864062127460388
2010-06-22,0.8706110051483013,1.0182205709007506,1.0080649398706951,0.9996350218053777,0.9693777927361036,0.9022407340164126,0.9794347342911063
2010-06-23,0.8679092142361128,1.0170323595140476,1.0068230784886931,0.9983161682469468,0.9680605048487766,0.9010364915963682,0.9775764668871533
2010-06-24,0.8535280640058894,1.0106077686247918,0.9999982186591784,0.9909571509385873,0.9608269143839064,0.8945805625527959,0.9691654243954182
2010-06-25,0.8571036566930015,1.0121742101317888,1.001700466150406,0.9927584772130573,0.9625053223218257,0.8960279066597913,0.9712687613101985
2010-06-28,0.854401865780813,1.0109869276056511,1.0003734078020978,0.9913187005227837,0.9611562416966628,0.8948432867207571,0.9697087295786169
2010-06-29,0.8280221427360638,0.9980513597979697,0.9870567026089544,0.9766785598071677,0.9475062835402631,0.8830698841178041,0.9542442715571817
2010-06-30,0.8201559191296998,0.9944011122158187,0.9833725927944285,0.9729564806792863,0.9443395396283615,0.8801889070825101,0.9511075982584151
2010-07-01,0.8165009848238373,0.9926719421104216,0.9816218943189817,0.9711768879462095,0.9428469503050781,0.8788731004035636,0.9489886477805705
2010-07-02,0.8120513494459556,0.9903690464265618,0.9794224636743957,0.9689033180195156,0.9409456846182704,0.8772232844930169,0.9469319034094084
2010-07-06,0.8173749472093251,0.9931252473292923,0.9821219712216204,0.9717273020982287,0.9432998399451616,0.8792308162134752,0.9491017286225387
2010-07-07,0.8431187327248384,1.0082480328201755,0.9954764070120456,0.9859296954199672,0.955203619913503,0.8895078000144435,0.9613155396237036
2010-07-08,0.8514618894018091,1.0125423130945965,0.9993225813067709,0.9897598206919173,0.959163852223461,0.8930170002825832,0.9652960054727729
2010-07-09,0.857818534314578,1.0158212096264043,1.002302943525295,0.9927783754253964,0.9623024487169594,0.8958406068630291,0.968399681846927
2010-07-12,0.858374809003935,1.0161065695314158,1.00256436345264,0.9930444161335225,0.9625797087237228,0.8960910229154468,0.9686772268357123
2010-07-13,0.8713263646015706,1.023470671159053,1.0089491671838677,0.9997455626953256,0.9695586627958889,0.9025043032590931,0.975501857062787
2010-07-14,0.8712471835933844,1.023420154901264,1.0089103827594352,0.9997045316121993,0.9695037259428124,0.9024490095307097,0.9754492605462353
2010-07-15,0.8714853690602001,1.0235511419340921,1.0090238519771253,0.999821606547007,0.9696321103225921,0.9025687904173483,0.9755307885910875
2010-07-16,0.847489347705098,1.0092698111768377,0.996532771789971,0.9862271872617767,0.9549637075884818,0.8887160341035308,0.9590901174052776
2010-07-19,0.8524949365512083,1.0119693783358705,0.9989519665115292,0.9886486597236112,0.9571489025878737,0.8908634118155928,0.9621827730937403
2010-07-20,0.8619504016910469,1.017064742288125,1.0036553129027894,0.9934698099205994,0.9615876782893189,0.8952545992978841,0.9679288785661873
2010-07-21,0.8507468511696689,1.0111733246233803,0.9980325028291303,0.9876455204436699,0.9560959722882202,0.889736036159046,0.9612702462012406
2010-07-22,0.8697370427628143,1.0210626178916156,1.007686351495548,0.99761029722756,0.9652263700167565,0.8983906055118945,0.9721619098985934
2010-07-23,0.87728565897833,1.0248119615674773,1.0113283021633175,1.0012827777163964,0.9689702776010554,0.9020209721818353,0.9763086062105076
2010-07-26,0.8864231955061915,1.0293051668331676,1.0158114985165974,1.0058717013353067,0.9736915293740408,0.9066610706951101,0.9816849198690207
2010-07-27,0.8863437735821589,1.029259367046413,1.0157687368722566,1.0058251015342945,0.9736383094612782,0.9066049011814543,0.9816265665740258
2010-07-28,0.8806226646722155,1.0263845468815604,1.012835827206378,1.0027419056782563,0.9704257503436353,0.9033875499002458,0.9781204035805514
2010-07-29,0.876332435279374,1.024230406156527,1.0105741138032518,1.0003423641310776,0.9679663312124078,0.9010358956298256,0.975198152150287
2010-07-30,0.8761730292943338,1.0241037103521304,1.0104814575712877,1.0002402719251722,0.9678652524193603,0.9009473502313932,0.9750893832263541
2010-08-02,0.8959581628753449,1.0358642168503356,1.0215288549581276,1.0122606460531949,0.9800199465332369,0.9121709822816294,0.9865450161160234
2010-08-03,0.8916672107349641,1.0334353554507354,1.0192728337649724,1.0098949695043815,0.9772857788049529,0.9095693606198757,0.9836764590948648
2010-08-04,0.8976265854170055,1.0368073664468835,1.0224748759742361,1.0132728760503187,0.9811573926613982,0.9131064036743153,0.9876710856598203
2010-08-05,0.8966727192757924,1.036269418006689,1.0219455605949617,1.0127041303196547,0.9805009058314401,0.9124962324365288,0.9869545278429188
2010-08-06,0.89301778496993,1.033905424740946,1.0198674972566582,1.0104466871623736,0.9779218350730162,0.910136523031658,0.9842544618581455
2010-08-09,0.8977856701809173,1.0369558965324934,1.0226425883115815,1.0134837233761786,0.9813474305460134,0.9131707285662047,0.987662843784788
2010-08-10,0.8929383630458974,1.0338500412043248,1.0197433232115891,1.010268207063732,0.9777146566912814,0.9099150528375733,0.9832227727624567
2010-08-11,0.8684657298413173,1.0182937891274209,1.0047316273186715,0.9935516156261545,0.9592605892295336,0.8940345590211218,0.9687010603810051
2010-08-12,0.8631420517726658,1.015183738658341,1.001773961529034,0.9905643502116537,0.9565231927427941,0.891432309275668,0.9653428470197544
2010-08-13,0.8605994259296711,1.013713600379107,1.0003316419521693,0.9891049246954304,0.9552267608887951,0.890232831232212,0.9636539227656888
2010-08-16,0.8602023163095078,1.0134838366355943,1.0000930362523208,0.9888571664148156,0.9550080122451406,0.8900371461985184,0.9633877040368511
2010-08-17,0.8707700096069318,1.0204451971591957,1.006436913197785,0.9954482623157791,0.9608329252093349,0.8953504797590467,0.9705301640864575
2010-08-18,0.872359170835124,1.0214651867524982,1.007386325939843,0.9964332383188422,0.9617326631892694,0.8961814946779184,0.9714371207746298
2010-08-19,0.8571829180064707,1.0114719188955898,0.9980412778242486,0.9865834351594635,0.952663100005065,0.8877011160654311,0.9621034070243318
2010-08-20,0.8544018657808138,1.0096695367108102,0.996366100565483,0.9848721856403381,0.9511549731920308,0.8863229882222534,0.9606540213934527
2010-08-23,0.8511442820109609,1.0073087737776871,0.9943471226620673,0.9827930060278975,0.9493457926972604,0.8847149136799543,0.9586792106341265
2010-08-24,0.8385106550253022,0.9980570325926478,0.9863054817866498,0.9744329540483351,0.9420959238088589,0.8784107550016124,0.9511772269060491
2010-08-25,0.841768238795155,1.0004463165554172,0.988345386346352,0.976494318919879,0.9438281752880122,0.8798718802068376,0.9531294795873397
2010-08-26,0.8361268730303729,0.9963450414722798,0.9847041487793896,0.9727451129046296,0.9406519048695855,0.877152478097597,0.9492900542222785
2010-08-27,0.8490784286280085,1.0057748623245042,0.9932367311473884,0.9815521801617387,0.9480679845687099,0.8832983682435235,0.9571287103715185
2010-08-30,0.8367625696437626,0.9973988867899103,0.9853669519371323,0.9735403808917349,0.9407635252987925,0.8771143965234738,0.94877515682617
2010-08-31,0.8367625696437626,0.9973898760744784,0.985362219856948,0.9735306957734092,0.9407463282643528,0.8770950226265087,0.9487551466845985
2010-09-01,0.8617914775376999,1.0163400201195711,1.0016532539427376,0.9900233036913111,0.9552168542700191,0.8891408606498806,0.964331161564319
2010-09-02,0.8698164646868473,1.0211703765651745,1.0060685910822942,0.994221106546983,0.9599737339642246,0.8932216310423435,0.969348088860516
2010-09-03,0.881099437132258,1.0279575528468994,1.0123924222938372,1.0003236601157302,0.9669100130754734,0.8992736815323171,0.9768641908152922
2010-09-07,0.8711671192270952,1.0221951738914523,1.006856309357393,0.9949478005142651,0.9605731273432709,0.8936297930563749,0.9704022949837033
2010-09-08,0.8772856589783304,1.0257037850767086,1.0103096173518935,0.9983062929281188,0.9643077678158511,0.8968142674178174,0.974683455553084
2010-09-09,0.8813376225990741,1.0280121120039283,1.012633985965989,1.0005930189036902,0.9668704334658234,0.8990335998799749,0.97797542722467
2010-09-10,0.8857874988928023,1.0305383369593044,1.0152488639147803,1.0032018240906773,0.9697923720589596,0.9015946897489231,0.9821875007272695
2010-09-13,0.8956403948739325,1.0368468818324275,1.0211830337184635,1.0092047039536434,0.9765163089728263,0.9075628915627221,0.9921175392688222
2010-09-14,0.8950837186581648,1.0364907987049585,1.0208464640093282,1.0088623353157546,0.9761110018313114,0.9071912458194725,0.991464794838923
2010-09-15,0.8985003068866473,1.0386701139670458,1.022961517494795,1.0110344629208705,0.9786053234106593,0.9094410436990232,0.9950288498755656
2010-09-16,0.8982619608092672,1.0385180641703369,1.0228017490984442,1.0108644608296675,0.9784120404127261,0.9092616592571687,0.9947759148542942
2010-09-17,0.8985977974991607,1.0387306427658247,1.0230136781881178,1.0110842493993002,0.9786641011805386,0.9094913297988207,0.9951214279291728
2010-09-20,0.9123374691356806,1.047666339112078,1.0323249193987787,1.02101811897835,0.9898500939224785,0.9197592933737009,1.0103605710838672
2010-09-21,0.9105004055015342,1.0464094645530913,1.0311145871442864,1.0197484428576358,0.9882941167366561,0.9182833042419061,1.0089863162485995
2010-09-22,0.9060266785390115,1.0433698913718712,1.0280896793736298,1.016558935353473,0.9844185587107284,0.9147213192343828,1.0059706100881989
2010-09-23,0.8986777012548862,1.0383850151590843,1.0229972482127405,1.0111717326854217,0.9780581204855839,0.9090951081369809,1.0015264336993344
2010-09-24,0.9172102330451378,1.051571055378089,1.0360062830273493,1.0248389403468383,0.993348300539384,0.9220521310044055,1.0104205833803426
2010-09-27,0.9128167310594691,1.0486352104783379,1.0331626899844524,1.0219703530988646,0.989609926728735,0.9187471290844487,1.0073859859059378
2010-09-28,0.9160119176251021,1.0507750383057484,1.0352610378664704,1.0240889656103374,0.9923303136678359,0.9210416840589584,1.009330690108801
2010-09-29,0.914414565258132,1.0496650463932666,1.0341719734719672,1.022971680298153,0.9909125099412911,0.9198204449299641,1.0085883374029883
2010-09-30,0.9116984800057234,1.0476181010725556,1.0322676848086176,1.0210018402920407,0.9884466439479849,0.9177441832292829,1.006590523539354
2010-10-01,0.9155328966171601,1.0504474051523367,1.0350133268310346,1.0238557225727338,0.9919676619744295,0.9206425930296503,1.008232834882108
2010-10-04,0.9086631009515413,1.0440743069183345,1.0299509594521656,1.0185394354169819,0.9854420056785824,0.9151880825489905,1.0039766478962076
2010-10-05,0.9269560017798986,1.0604894668919238,1.0436026743689772,1.0327624665073116,1.0018674293707088,0.92848229199681,1.012023540869671
2010-10-06,0.9268759374136089,1.060394277579709,1.0435184800718145,1.0326622809563828,1.0017802554325774,0.9283959886547979,1.0118771267303286
2010-10-07,0.9257577666651452,1.059371873857202,1.0427281634012444,1.03186345628065,1.0007018194577537,0.9274839505552375,1.0110684772735625
2010-10-08,0.9309502259027864,1.0639996639607994,1.0464562760516476,1.0356492312131058,1.0057696442242416,0.9317214506566138,1.0141823888590291
2010-10-11,0.9318286853840738,1.0647794274420495,1.0470936367341426,1.0362994419645997,1.006640131210113,0.9324549703197692,1.0147006449468958
2010-10-12,0.9347044175373692,1.067337298345811,1.0492573387287598,1.0385345463092217,1.0095992762795527,0.9349980202849354,1.0172894505851318
2010-10-13,0.9419740532027441,1.0739876485553783,1.054891507537182,1.0444120646643458,1.0172980109993452,0.9417241190367238,1.0222805997824802
2010-10-14,0.938299203186912,1.0706506769614965,1.0520182690235707,1.041415227319711,1.0132884543393466,0.938119373850066,1.0199495385805
2010-10-15,0.9402166524084768,1.072361213993522,1.0535462929238892,1.043010702855952,1.015352653468442,0.9398830227443411,1.0211569576551351
2010-10-18,0.9448496247454754,1.0765148710217318,1.057357501241836,1.0470192745835054,1.0204611852158294,0.9443497861474238,1.0241474244853603
2010-10-19,0.9324678351245957,1.06543689743849,1.0469358667076167,1.0360100505913645,1.0064381742809463,0.9318020196870811,1.0174030390157007
2010-10-20,0.9415742935082706,1.0734736093800286,1.05428426265273,1.0433955582841454,1.0142271779442122,0.9389318097712452,1.0226102992839776
2010-10-21,0.9436515502412862,1.075255670588467,1.0559453160861745,1.0450593577563376,1.0160735333959443,0.9406487495420847,1.0240296785930545
2010-10-22,0.9454090313408358,1.076788424879406,1.0573822391846768,1.0465095199097736,1.0176826597515052,0.9421638270754719,1.0247089799943951
2010-10-25,0.9482046188225594,1.0793218254826495,1.0597415437217728,1.048911662113372,1.0203283627315483,0.9446826120373839,1.026255768498238
2010-10-26,0.9483645066392924,1.0794180010125485,1.0598697795510952,1.0490394616086518,1.020471356684402,0.9448138720512768,1.0262870864797884
2010-10-27,0.9456485016921657,1.0764340685509313,1.057418085225212,1.0464969839174199,1.0177214120803786,0.9421255618818549,1.024299796500131
2010-10-28,0.9458081485930523,1.0766019499499684,1.057553903689917,1.0466379289797731,1.0178787627181585,0.9422657396016776,1.0243684657091223
2010-10-29,0.9465271217840171,1.0773824269191012,1.0582244062238604,1.0473328642648714,1.0186182302081195,0.9429622283921746,1.025069187924088
2010-11-01,0.9468466565016369,1.0777284023978024,1.0585239053248272,1.0476435661369436,1.0189484843126215,0.9432732697748103,1.0254090349510916
2010-11-02,0.9543556822130596,1.0860280881743594,1.0661069130433063,1.0555568318098771,1.027200421376331,0.9512372829976518,1.028868267333342
2010-11-03,0.9581897776033678,1.0903934147002003,1.0699460877524904,1.0595017997009415,1.0315089423075843,0.955503905882324,1.0319802928575141
2010-11-04,0.9766427268590224,1.1175937782271292,1.088811093597518,1.0789158853306757,1.0527685214644629,0.9770396221533458,1.0427708507789968
2010-11-05,0.9803173359590083,1.121755292827124,1.0919033436597037,1.0818447168791434,1.0570894094832621,0.9816619929814897,1.044544847353336
2010-11-08,0.9784801117142975,1.1195730687225556,1.0902708937057184,1.0802644531806065,1.0548660518082142,0.9792033768613637,1.0434446021972534
2010-11-09,0.9714506691477921,1.1112972701362973,1.0838656479253077,1.0740459614910376,1.0463256514532973,0.9701333632419153,1.0389259584055948
2010-11-10,0.9753649092096724,1.1156272371921756,1.0874418909644905,1.0774804557253725,1.0505590901153532,0.974297965828269,1.0415776070835483
2010-11-11,0.9716901394991223,1.1115403519060625,1.0839996081703371,1.0741508212886726,1.046421609316261,0.9701019240903793,1.0388245601604156
2010-11-12,0.9601868093595297,1.0987057387927106,1.0729887440867403,1.0635203676176388,1.0336341971257996,0.9577833559849538,1.0290124188772931
2010-11-15,0.9588288470386074,1.0972667863590275,1.0717261995144685,1.0623248578186175,1.032315672456394,0.956528774407342,1.028000900096784
2010-11-16,0.9438910205926164,1.0819327866138972,1.057637443377804,1.0490630897725715,1.0185639430847915,0.9437727911672386,1.0155218467403
2010-11-17,0.9443702825164051,1.0823244107696834,1.0580101901086654,1.0493856520330886,1.0188146126628388,0.9440080183345573,1.0157754760491762
2010-11-18,0.9582698419696579,1.0961655828861472,1.0703309241158228,1.0606615220138995,1.0291942244177537,0.9537361628065221,1.0248142707920005
2010-11-19,0.9609060234663414,1.0986386046957664,1.072485422511833,1.0626196646627306,1.0312151578852877,0.9556752581986937,1.0264308580874142
2010-11-22,0.9601069056038045,1.0978823721314417,1.0717948957376124,1.0619809445878283,1.0305637986098024,0.9550380107089694,1.0256243182073406
2010-11-23,0.9462075870663982,1.0847414905872965,1.059595506834806,1.0506682574103299,1.0190757476784025,0.9439788249426275,1.0161298066402944
2010-11-24,0.96018680935953,1.0968754459295387,1.0710933103546214,1.0610719848267487,1.0287113019384848,0.9530095849220943,1.0281666902983906
2010-11-26,0.9490036563798145,1.0878046089279023,1.062380194801908,1.0531892111823977,1.0206894683394532,0.9452860866830445,1.0184102544908769
2010-11-29,0.9518791476172634,1.0900281746627563,1.0645714317117227,1.055160429070325,1.0225777117955022,0.94699993843176,1.0211503958114
2010-11-30,0.9465271217840179,1.0858733308476352,1.0603591154904444,1.0513194209226209,1.0188712237035245,0.9435722560291518,1.0168476615517548
2010-12-01,0.9666575680782145,1.1013745686032859,1.0764796702302843,1.0660721729268454,1.0329250460574269,0.9560074055803961,1.03436066510965
2010-12-02,0.9790393576990941,1.1098428362225645,1.08514200712788,1.0738828665681672,1.0418174993097347,0.9641312384224273,1.0438113863877059
2010-12-03,0.9816756195010595,1.1116024778825115,1.0869471298353262,1.0755240667888086,1.0437621829777446,0.9659436173882688,1.045822060256884
2010-12-06,0.9806371918977573,1.1109062248079251,1.0862037779654783,1.074836420756544,1.042950920169052,0.9651748818946707,1.0449264669091236
2010-12-07,0.9811963575772712,1.1112849281498718,1.0866004277671968,1.075201749114016,1.0433826021850647,0.9655817265505655,1.0454205827385186
2010-12-08,0.9847909826162494,1.113902779049515,1.089289704260772,1.0777273463850163,1.0463228242297316,0.9683375596689249,1.0485252411071975
2010-12-09,0.9886254795329684,1.1166864844152677,1.0922330509291804,1.0805213751974945,1.0495623761138635,0.97140632736168,1.0524678519939468
2010-12-10,0.9943768635342771,1.1209070867621422,1.096759859840415,1.0848627507105097,1.054582160784708,0.9762207174058753,1.058433202072688
2010-12-13,0.9950160132747987,1.1213725225520725,1.097265111944221,1.0853484602987056,1.0551448412260138,0.9767629555665606,1.0589465244456349
2010-12-14,0.9958947136719325,1.1220158627485886,1.0979785515987903,1.0860409195857428,1.055947551938469,0.9775482629015372,1.059646130602436
2010-12-15,0.9913414844800951,1.1184815273591882,1.094088455668142,1.0822137370479024,1.051580145794388,0.9732245180311276,1.0557030090482316
2010-12-16,0.9970926275655574,1.1228867107950422,1.0990858325225614,1.087120776266297,1.0570375809577992,0.9783293476622927,1.060700479343953
2010-12-17,0.9981606878179682,1.1237483112352218,1.1000216473485782,1.0880412867767992,1.0580665767675255,0.9793057882622549,1.061635017204188
2010-12-20,1.0005697659767705,1.1257799418193086,1.102198122734833,1.0901960362710887,1.0604690759129007,0.9816212934899282,1.0635068453402527
2010-12-21,1.0069137226549618,1.1314124204580385,1.1081122785747937,1.0960859229956368,1.066984808580676,0.9879856197201342,1.0687014474432157
2010-12-22,1.0100457089635537,1.1341798077995466,1.111056121783305,1.0990163240962332,1.070275948428125,0.9912630134654296,1.07118043874525
2010-12-23,1.0086004548009493,1.132895949189954,1.1096494807413,1.0976097268095084,1.068701467509461,0.9896579009615514,1.070030605837536
2010-12-27,1.0090019009063478,1.1332400051813416,1.1100338952906852,1.0979928160397812,1.0691321315318325,0.9900970149264978,1.0703500242339012
2010-12-28,1.0104473156795164,1.134768020685101,1.1114999700733643,1.0994711100147196,1.0707609446037312,0.9917260636278988,1.0714999821939017
2010-12-29,1.0111698223028953,1.1355864393385229,1.1122472410388275,1.1002253905479127,1.0715869267341258,0.9925582601942962,1.0720745958752003
2010-12-30,1.0095638772707367,1.1335920273745674,1.1104826775196466,1.0984435097222207,1.0696730628693132,0.9905831576048728,1.0707976066962006
2010-12-31,1.009804712811863,1.1338764044582308,1.1107363775661456,1.0987014210675383,1.0699547551324637,0.9908613127120196,1.0709888216922472
2011-01-03,1.02024431918428,1.1512629900566473,1.1227823328969717,1.1107605862886851,1.082675311761052,1.0037195753884969,1.0792921231356032
2011-01-04,1.0196817806829164,1.1503108214266573,1.1221352034096905,1.1101143251879113,1.0819651039734208,1.0029408853133899,1.0788172373642146
2011-01-05,1.024981768693338,1.159279256987607,1.128097441005401,1.115910230843432,1.0886407944446306,1.00994502361041,1.084266941372546
2011-01-06,1.0229742972504985,1.1558735086019858,1.1258073821712626,1.11369497960351,1.0860564870653382,1.0071333192777325,1.082401398145007
2011-01-07,1.0209663439759666,1.1524702852715754,1.123441631365814,1.1114230206324625,1.0834797730081787,1.0044272072986742,1.0806852024304427
2011-01-10,1.0196817806829168,1.150295256143252,1.1218803948853504,1.1099370458457654,1.0818306063640397,1.0027468108407138,1.0797831542973828
2011-01-11,1.0232955986843255,1.1564103370179952,1.1263366685677894,1.1141659663661994,1.0864997323880807,1.0073484316777002,1.0828161151568962
2011-01-12,1.0325303046035716,1.1720643319116524,1.1379759125319762,1.1251589415548393,1.0986118124212008,1.0195872451017263,1.0909942247300348
2011-01-13,1.0308439739839947,1.169193005091213,1.1359145950594711,1.1232337897889657,1.096355897875784,1.0171675172562264,1.0893472265419062
2011-01-14,1.03831212430681,1.1818986754042367,1.145147966205297,1.1317654436564948,1.1063169431360333,1.0273882433820853,1.0958114723974142
2011-01-18,1.0400788405138055,1.1849152243243273,1.1472839611701493,1.1337212946694148,1.1086980304012772,1.0299083294406863,1.097549698882124
2011-01-19,1.0298800696825148,1.1674867203157926,1.1345082312801396,1.1220174242013536,1.094735799752945,1.0147408147072683,1.0872782801364789
2011-01-20,1.0285152814126108,1.1652648117098918,1.1328657123376453,1.1205435230520404,1.0931227372672603,1.0130280224505857,1.0858721467872863
2011-01-21,1.030843973983995,1.168916581572677,1.1356669190110316,1.1230183106950846,1.095655457386178,1.0156189098595336,1.0882926039372298
2011-01-24,1.0367060989693695,1.1783996887338157,1.1429357909973383,1.1294423734495278,1.1021976642459788,1.0223756656928058,1.093739700629705
2011-01-25,1.0372683965548868,1.1792778376057431,1.1436338418477792,1.1300596617186653,1.1028277683581609,1.0230289085248876,1.0942426125511238
2011-01-26,1.0412834197458476,1.185720947976852,1.1487580011237497,1.1346153080981263,1.1075238468805726,1.0280288791412602,1.0980102404046366
2011-01-27,1.04385302816364,1.189824963189615,1.152091946032131,1.1375814263625483,1.1105901131916367,1.0313520636705078,1.1002179529184226
2011-01-28,1.0256244518662738,1.1606767194008283,1.1277618587969838,1.1159560308583463,1.0883021345948243,1.0066590106165139,1.0813083473724148
2011-01-31,1.0333331165090867,1.1694086216494355,1.1356498393424745,1.122541546469988,1.0939101247063732,1.012893116003172,1.0884758395854537
2011-02-01,1.0498759243238511,1.1881436003514785,1.152741818002881,1.137032392667691,1.106871280378631,1.0275277444333082,1.102607682873173
2011-02-02,1.047868211965165,1.1860515711963802,1.150845205906384,1.1354222251592678,1.1052314806044443,1.0255890646346593,1.1007756042112284
2011-02-03,1.050196984841831,1.1884646058325523,1.1530216430407236,1.1372849170955672,1.1071599095620934,1.027774719410018,1.103186441721111
2011-02-04,1.05316795905974,1.1915690868251332,1.155880658065321,1.1397571277272933,1.1097047902735904,1.0306619599402638,1.1060164518390392
2011-02-07,1.0597528315843399,1.1984932837590105,1.1624004491565434,1.145455144056048,1.1155494738151837,1.0373519613241173,1.1129238706421212
2011-02-08,1.0645709879019447,1.2035279179158531,1.1672036208725396,1.1496858202067664,1.1199559402435335,1.042481759736266,1.118121951930475
2011-02-09,1.062161749132578,1.2009977664730787,1.1647496930182732,1.147500756410516,1.1176621298436755,1.0397602958504812,1.1155998517737251
2011-02-10,1.0625635164591052,1.2014154394628709,1.1651537744167377,1.1478596540430577,1.118039820006916,1.0401809290924608,1.11601184066821
2011-02-11,1.0689074731372965,1.2080478496498752,1.1719604397997623,1.1539565626118164,1.1243215600741088,1.0472936056030122,1.123151382536037
2011-02-14,1.0714768406392428,1.2107739839020906,1.1747331829287593,1.1564489373877205,1.1269278380898535,1.0502962329319105,1.126058508969688
2011-02-15,1.0681041794000887,1.207156068856483,1.170977311464944,1.1530497521848373,1.123379676085063,1.0461391589120725,1.1225693181751708
2011-02-16,1.074849823099525,1.2144209323044888,1.1786170451201912,1.1599352855701437,1.130463936677949,1.0538994741269656,1.129970201352017
2011-02-17,1.0780619540796887,1.217827748636473,1.1822533150410393,1.1632168422278517,1.1339102406309347,1.057769975198356,1.1330295845580929
2011-02-18,1.080310020147808,1.2203729742748262,1.1848451003267244,1.1655610718689506,1.1363776827111207,1.0605841940757619,1.135274792327527
2011-02-22,1.058628637939716,1.1951319866095513,1.1590003968666205,1.1421108669501567,1.1118681030818234,1.032162017830628,1.1132186457507496
2011-02-23,1.052124391918381,1.1891083898844177,1.1528782300594895,1.1368820482157709,1.1072616923230385,1.026880091274935,1.1077420564651388
2011-02-24,1.0514010019368984,1.18845499678303,1.1522012610409602,1.1363051285760843,1.1067711977294263,1.0263328748995213,1.107180872105747
2011-02-25,1.0626439823518055,1.1985179428115942,1.16295947554177,1.1455127563576528,1.1146287267942812,1.034496669481316,1.114278560952786
2011-02-28,1.0692282927394303,1.2041899713050015,1.1690313968898347,1.15075286012048,1.1193817224068672,1.0395043972979572,1.1187714962891366
2011-03-01,1.0514010019368982,1.1889448550950839,1.1523993115419822,1.1362682892052667,1.1060072257006042,1.0252345929419577,1.1054401503692548
2011-03-02,1.0536501119736854,1.1908916485997532,1.1542273701975732,1.1378196270237468,1.1073175242384334,1.0265510550137507,1.1069185315577226
2011-03-03,1.0717983829889155,1.2068655630263068,1.1698202600328584,1.1512813417918515,1.1189042720039795,1.0384228237847897,1.1195352911079577
2011-03-04,1.0637679350805829,1.1999120112677288,1.1635279321767098,1.1458378271338976,1.113589144528142,1.0328430452132302,1.1124670115395718
2011-03-07,1.0554163463489883,1.1928266292791658,1.1569559244607204,1.1401212580328945,1.1081069652052795,1.0274246672763507,1.1071984095404377
2011-03-08,1.0646511325735164,1.200475181012189,1.164274793129133,1.146508976516201,1.1141047765419074,1.0329933821445865,1.1110175857694027
2011-03-09,1.0631253322129297,1.1992298503333012,1.1630680654274141,1.1454402019116108,1.1130637813897553,1.0320054749666914,1.1097403551351643
2011-03-10,1.043451260837113,1.1831130647760912,1.1470140074362611,1.1311282563438372,1.099317250064032,1.0192153563907946,1.094834603111488
2011-03-11,1.0506783347029554,1.188492791209757,1.1523035541785394,1.135728934344131,1.1033437374562085,1.0229603126099158,1.1005250033278633
2011-03-14,1.0443346189406104,1.1838138076843825,1.1475628685529728,1.1315393117048862,1.0995966353472948,1.019429521845712,1.095269861249484
2011-03-15,1.032369453123453,1.1750433839140508,1.1384497572587227,1.123436716850617,1.09242075409442,1.0129495864046922,1.0864481647893942
2011-03-16,1.0132575990278716,1.1611721243402422,1.1241037595241676,1.1107214391165519,1.0814010094896396,1.0033915466185515,1.0768911725145935
2011-03-17,1.026668420534044,1.1703690982305508,1.133373840567603,1.1188110830572697,1.0881259720399232,1.0091836806491383,1.0860766743835772
2011-03-18,1.0304024555428106,1.1727779571422217,1.1358909310492384,1.121034711904358,1.0900663855962442,1.0108809078244372,1.0883468277696233
2011-03-21,1.0463711608955835,1.1832143362328993,1.1469563462180725,1.1309336661835956,1.0987438305128903,1.0185673963251602,1.0983787638332863
2011-03-22,1.0427422455011335,1.1809620027484036,1.1445361312948783,1.1287604191804512,1.0966886603990758,1.0167063415676236,1.0959654264154004
2011-03-23,1.0457262291747482,1.1828051707726912,1.1465629392187568,1.1305994601150713,1.0984177982228083,1.0182367346980965,1.097952582963505
2011-03-24,1.0557269671802911,1.1894031969420418,1.1535666965512534,1.1370509388305312,1.1044666935544036,1.0236154759610396,1.1077552240649695
2011-03-25,1.0589529909742643,1.1914996898502952,1.155825266753225,1.1391475137307414,1.106480476865405,1.0254293596325617,1.1108871904873134
2011-03-28,1.0563720595116908,1.1898230443783966,1.153958225069428,1.1373856493224073,1.1047826258808668,1.0238863946819028,1.1083115415555564
2011-03-29,1.0634692797363192,1.194535670825538,1.1592062455203058,1.1423723468818823,1.1095642624593867,1.028139514732216,1.1140428812015541
2011-03-30,1.0708086203865883,1.199395936384949,1.164707190162329,1.147648158803436,1.1146898266881544,1.0327499867088228,1.1200715578740201
2011-03-31,1.0693570221066953,1.198358923780097,1.163600570179406,1.1465743028740365,1.1136221698558055,1.0317702575518752,1.1187209466663968
2011-04-01,1.073873230563468,1.2015187470506523,1.167120974519615,1.1500085241275253,1.1170009197459068,1.03481724589297,1.1240991703760699
2011-04-04,1.0747606039310724,1.2021562585899588,1.1678208454364014,1.1506945821720236,1.1176763025560164,1.0354282163745274,1.1251435955298434
2011-04-05,1.0745994312298253,1.2020264133569631,1.1676745532797665,1.1505449893870996,1.1175316048159092,1.0352922043486938,1.1249276487284652
2011-04-06,1.0779870292514566,1.2046544640328893,1.1705422066633306,1.1534172707502064,1.1203386823774693,1.0378716232149459,1.1280384236344303
2011-04-07,1.0752443629506607,1.202475216225038,1.16813714447158,1.1509850112296909,1.1179637868829666,1.035659233745652,1.1252792517879766
2011-04-08,1.0715348210529458,1.1995403562550497,1.1647953356716374,1.1476061356207559,1.1146939113419176,1.0327158862058123,1.1208158983937184
2011-04-11,1.068308556343126,1.1965707494263138,1.1618150725391252,1.1446032934576609,1.1118200490928418,1.0302104403822028,1.1171729482773152
2011-04-12,1.0603240430561753,1.189306161510957,1.1542611397929083,1.1370089265254613,1.1046048339231764,1.024119458848008,1.108533233858082
2011-04-13,1.0602432559423463,1.1892289365133575,1.1541838788772025,1.1369217685132453,1.104509840265906,1.024028703736139,1.1083917305462425
2011-04-14,1.0610498421961219,1.1899744385305437,1.1549530326796906,1.1376788761733567,1.105206939837614,1.024599427389532,1.1090726407045495
2011-04-15,1.0649208780162125,1.194613082501569,1.1588203574938865,1.1415066647163261,1.108716035461666,1.027510757121198,1.1129340814188258
2011-04-18,1.0529847024059062,1.178187897770592,1.1465721693642137,1.129356856526709,1.097510212669355,1.0180521603684323,1.1015013801846916
2011-04-19,1.0590337780880938,1.1853747692183452,1.1524329954538575,1.1348662570285886,1.1023016035648792,1.0220789256147447,1.1048307074618684
2011-04-20,1.0734703389629912,1.2056414055159521,1.1666170331032564,1.1482977870435114,1.1142779787688628,1.0322961202133645,1.1140676603550892
2011-04-21,1.0789546275959152,1.2124291176690118,1.171563212566771,1.1528790072447885,1.1189588238633135,1.0363792613958,1.1182181225569225
2011-04-25,1.0778254550237987,1.211019378193884,1.1705124281302621,1.1518938573445419,1.1179464009019937,1.0354745021767227,1.117255014946059
2011-04-26,1.087100233278831,1.2231210302520525,1.1793257130639427,1.1601686731410359,1.1263617507700152,1.042865485321836,1.1252815974626567
2011-04-27,1.0941975338087417,1.2320057439372718,1.1859842390178872,1.166415039101635,1.1329692914755782,1.0487414268541757,1.1316926980694608
2011-04-28,1.097746224226338,1.2364253540231736,1.1893309052991534,1.169563090457864,1.136358525278544,1.05180791236431,1.135543411236498
2011-04-29,1.1003270753836296,1.2396916459943967,1.1918137882132327,1.1719103773596151,1.138887507379269,1.054127045444072,1.1381209371804917
2011-05-02,1.098633436983378,1.2374703571030596,1.1901161147979233,1.17029316242094,1.137159837204977,1.0525129815026302,1.1364352139670335
2011-05-03,1.0946816943547402,1.2323319137142128,1.1860558465941866,1.1664317192726616,1.1330764270654086,1.0488030266430972,1.1315274110888416
2011-05-04,1.0874227392918898,1.2229890258254081,1.1784507004763392,1.1592488751281254,1.1256290579009565,1.0422612660371962,1.1233453684375903
2011-05-05,1.0775834952087227,1.2108495831317665,1.1681681480642863,1.149692481849681,1.1161114002902623,1.0341946265116442,1.1123758834654638
2011-05-06,1.0823419847017002,1.2163042936627395,1.172993118016747,1.1540536206419167,1.1201855953660298,1.0375715353585429,1.1167857728647002
2011-05-09,1.0865359280612605,1.2211150451132862,1.1773229265043337,1.1579948808357023,1.1239197102549947,1.0407123350433354,1.1193994513378789
2011-05-10,1.0958104654004464,1.2317328955247422,1.1871008075190304,1.1669362628088877,1.132443144035751,1.0479876937744599,1.1264781167841518
2011-05-11,1.0842773420011815,1.218854056103338,1.1751753723267537,1.1560472423121773,1.1215098531792846,1.0384264951494289,1.1173200301408628
2011-05-12,1.0894396064527394,1.224197263073773,1.1802516603705766,1.1605543748401528,1.1256963018273436,1.0420282236202179,1.1212698413276043
2011-05-13,1.0810513182072081,1.2151459495547958,1.1718237485508758,1.1529981175375004,1.1185478561507864,1.0357792365045544,1.1156086516383787
2011-05-16,1.074196057797656,1.208045003643473,1.1649942374040565,1.1469395334416619,1.112970141777469,1.0310731308484409,1.1110942197581768
2011-05-17,1.0740352063175373,1.2078688169935472,1.1648310842560796,1.1467967000781403,1.1128338237208226,1.0309493625437636,1.1109220983797343
2011-05-18,1.0836320087539355,1.2175680188930218,1.1747152324443701,1.15554344350976,1.1207195927806564,1.037353374213015,1.1186738237864948
2011-05-19,1.086213422048202,1.2202691056005754,1.1773022558204742,1.1578414978323945,1.1228965268283166,1.0391494226307572,1.1206287880081713
2011-05-20,1.077583495208723,1.2110558378580982,1.168358592877429,1.1498528268715253,1.1153217443442802,1.0328025535756664,1.1147733626714125
2011-05-23,1.065082291633307,1.1969432819286758,1.1555878448178145,1.1385899379413702,1.1049659223739876,1.024369755128592,1.1029138153524976
2011-05-24,1.0641954000973952,1.1959680829860382,1.1547020843480227,1.1378143041179036,1.1042658282155107,1.0238007521586774,1.101981585050428
2011-05-25,1.0677437692938632,1.1997275752701495,1.158213974997869,1.1408666208760978,1.106938478617237,1.02595573046872,1.1052234639804759
2011-05-26,1.0726634314880878,1.2051325621508557,1.1632073650738952,1.1452299706398146,1.1107754646142507,1.0290852645898656,1.1101560485235062
2011-05-27,1.0767767483443835,1.2097313816326778,1.1674510779302953,1.1489598008828898,1.1140880779536513,1.031820820082551,1.114401803171071
2011-05-31,1.0879876066464362,1.2222467870343938,1.1792661771231536,1.1594050872744324,1.1234367230743925,1.0396410988507876,1.1248821616821467
2011-06-01,1.0635500668501492,1.1966673691688936,1.1545960707844247,1.1376033665312721,1.102393298958442,1.021635555957586,1.1019881140504508
2011-06-02,1.0624209745833153,1.1956022493293803,1.1535842501700397,1.1367253132722746,1.1015960986572646,1.020920518512499,1.101219890273326
2011-06-03,1.051855610139073,1.186592163613512,1.144913731287101,1.129293704227944,1.0953643993473205,1.0150482692769458,1.0941764353405483
2011-06-06,1.0407261010878246,1.1772244542346701,1.1358827579325064,1.1215503058917202,1.088940363975091,1.0092722376437742,1.0867453968786014
2011-06-07,1.0400806072300142,1.1766810180123872,1.1353596042781575,1.1211013164475319,1.0885685512545176,1.008941316231877,1.086171412111327
2011-06-08,1.0357254108639247,1.1729872030992554,1.1317561348692837,1.1179728267863658,1.0860048414841244,1.0067420203821462,1.0828159420201071
2011-06-09,1.0436292976476107,1.1797573757923183,1.1384201791113946,1.1237884646086471,1.090765619224559,1.0107232675046347,1.0895633227836239
2011-06-10,1.0291117890483201,1.1672490412446932,1.1261331035148283,1.1129502226706314,1.081666172379739,1.0030186018818863,1.0758319305383768
2011-06-13,1.0299183753020955,1.167918854882775,1.1267567245263277,1.1134891097812496,1.082100826819751,1.0033741592151415,1.0765809134556248
2011-06-14,1.0429845265373394,1.1790994215030095,1.137555802441525,1.123004584488863,1.0898989043287577,1.0098938647763271,1.089335241233534
2011-06-15,1.0244342472797359,1.1642114460752964,1.1227975525297083,1.109928270341899,1.0784073531761798,1.0000967730870456,1.072199319478504
2011-06-16,1.0266925121186865,1.1658802768905299,1.1244095086458201,1.111326875622302,1.0795659410722962,1.0010870514270047,1.0734430800601802
2011-06-17,1.029756399548027,1.1681690927703328,1.1266979677899398,1.113343662951256,1.0812563775237807,1.0025413708121775,1.0751521408042914
2011-06-20,1.035024345750876,1.1722013947749974,1.1307477171445697,1.1169612864933638,1.0842895041727092,1.0051751372864755,1.079193366092928
2011-06-21,1.0492083465134554,1.1829625805825388,1.141883721016943,1.1270324210941312,1.0927958129912922,1.012643891088735,1.0909156583508377
2011-06-22,1.0428863934825692,1.1784131861349685,1.137116604981779,1.122714111193847,1.0888544814375796,1.0091069140851543,1.0867078346583712
2011-06-23,1.039887473026477,1.1762024047240132,1.1348130475458098,1.1206157500965725,1.0869621405258654,1.0074724015388024,1.0844268396130647
2011-06-24,1.0278106828671503,1.1673324787108375,1.1252851571104274,1.1118683701188443,1.0790914819913116,1.0008508252554134,1.0787464768579118
2011-06-27,1.0369695002947779,1.1739369455588822,1.1323502625751263,1.1182605916095647,1.0846814676160614,1.0054352212597488,1.08491281233612
2011-06-28,1.050505276819954,1.183496931786647,1.1427821202565398,1.1277769213488034,1.0932593013839011,1.0125857614464722,1.0945736855799935
2011-06-29,1.0595016366618202,1.189548160490167,1.1494571581783166,1.133872831667508,1.0991485872567008,1.017586815851563,1.1024807005968977
2011-06-30,1.0696333525825272,1.1964144604030245,1.1569996979837227,1.140813961089218,1.1060150708304437,1.0235084179088645,1.1113940701726162
2011-07-01,1.0854383154650245,1.2081719871308498,1.1687060707436925,1.1516571784425118,1.1170990319846001,1.0332264821316828,1.1246474103979212
2011-07-05,1.0845469268333132,1.2075229943248744,1.1680599502436482,1.1510598323477297,1.1164393781693367,1.032627161649829,1.1239669755497708
2011-07-06,1.085843937445094,1.2084553183862539,1.168991727922992,1.1519251462064455,1.1173981104065132,1.0334834841980898,1.1249509988627515
2011-07-07,1.0971098851706922,1.2170007847325421,1.1774264416138087,1.1598808975881991,1.1261206262281283,1.041307696426607,1.1333817853936388
2011-07-08,1.0893287851633924,1.21119433391455,1.1716589825050097,1.1544287842419532,1.1198836583128715,1.035595639100198,1.1273413394948408
2011-07-11,1.0696333525825272,1.196669227795398,1.1568577063413892,1.1404439029436124,1.1045570302256622,1.0221931533412976,1.1130892559104524
2011-07-12,1.0650133897012346,1.1935103540541043,1.1536194381627964,1.1374754813210362,1.1016715767704532,1.0196064318664992,1.108907809249315
2011-07-13,1.0685797472809009,1.1960299838760144,1.1561504143166328,1.1398025214176162,1.1038753661446732,1.021533004033336,1.1115152092336462
2011-07-14,1.061203787421978,1.1907898602220257,1.1507482816399723,1.1347638775757856,1.0991146765641329,1.017338385743681,1.105457492383287
2011-07-15,1.0673640056146418,1.1952403330714967,1.1553180030281813,1.1390296095186494,1.103085197162989,1.0206842538935186,1.1104235440873391
2011-07-18,1.058610167724827,1.188195543474039,1.1487003288302196,1.1327872787349886,1.0972245393621687,1.0156618875556702,1.10276713337298
2011-07-19,1.075793410164627,1.201544313684361,1.1617724120481214,1.145069013111017,1.1084967903560778,1.0249455686219047,1.1154168356476957
2011-07-20,1.0751446237902489,1.2010471477982323,1.1612862033977984,1.1446132989842723,1.1080438507043147,1.0245567895367451,1.114845345600662
2011-07-21,1.090058117735753,1.211946791623158,1.1722189665298846,1.154877749257438,1.1185070341769103,1.0333620120907745,1.1276297340684402
2011-07-22,1.0907880124450884,1.2124767573032336,1.1727202473479241,1.155345238051495,1.1190222593577126,1.0337977130241411,1.1280864688770382
2011-07-25,1.084708982892664,1.2079771661558323,1.1682862151691027,1.1511443767155738,1.1144450501239267,1.0298313931257999,1.1234453521002346
2011-07-26,1.0806563768296635,1.2050008503113518,1.1652667862829644,1.148275829691613,1.111401893754385,1.0272813517650237,1.1195041665693246
2011-07-27,1.058529380610998,1.1879845149040962,1.148367182906506,1.1321291205783832,1.0944912197515297,1.013565126031317,1.1024173623281788
2011-07-28,1.0554495124305125,1.185824246610816,1.1462187261786614,1.1301555295850163,1.0926441151761401,1.0119779871838965,1.0999871622685664
2011-07-29,1.048235929852069,1.180680936580463,1.1411352641440051,1.1254761647912002,1.0884128058103049,1.0083627918260645,1.0939511253563694
2011-08-01,1.04377850486182,1.1774753410641157,1.1379386773115163,1.122522067182445,1.0857743080655788,1.006179199089518,1.090914404197354
2011-08-02,1.0171122525704088,1.157788372612262,1.1183349470447908,1.1042716780798632,1.0695471102788732,0.9931151193409148,1.0725156822336976
2011-08-03,1.0226236040834125,1.161586050610432,1.121728424315521,1.1072625285432354,1.0719878612544547,0.9952513829633,1.075586163978981
2011-08-04,0.9747221457314577,1.128914409880257,1.0910827942200414,1.0796843907533265,1.0491750488542806,0.9751915274746408,1.0474271665754407
2011-08-05,0.9732634805867366,1.1280812791421861,1.0903296003041612,1.0790274441618763,1.0486495047466935,0.9746939539544031,1.046682983775345
2011-08-08,0.9098814123868324,1.094844292353335,1.0610238768803637,1.0536420641672617,1.0290001745503499,0.9549337615649159,1.0183149733800791
2011-08-09,0.9521902502802617,1.1113317301271866,1.0749792373666327,1.0654051661943473,1.0379449766392452,0.9644157142733084,1.037906906057508
2011-08-10,0.910124737391705,1.0975677550864122,1.0626044733588593,1.0548562925594558,1.0289034400149801,0.9544627157687683,1.0186211190728993
2011-08-11,0.9509743480034386,1.1104288241842792,1.074176338181345,1.0647992167689708,1.0371569120796247,0.9630350594727736,1.0382051186484176
2011-08-12,0.9573771684534356,1.1121912114376111,1.0758351098901493,1.0662409257665106,1.0384622160845844,0.9644401408189949,1.0412105103404248
2011-08-15,0.9776401184631568,1.1177535105107241,1.0812295137315846,1.0710192043506208,1.0427788227758368,0.9691998685136073,1.0505869314068297
2011-08-16,0.9692916616375653,1.1155372549148048,1.0790138758152739,1.0690199021844258,1.0409388930645775,0.9671108842500469,1.0457485905727595
2011-08-17,0.9699401267908148,1.1157103194467781,1.0791882073750827,1.0691778512703682,1.0410838823728639,0.9672742594343777,1.0460217908662088
2011-08-18,0.9281180192124124,1.1043975850264198,1.0673532964797803,1.05808036128375,1.0309884804979483,0.9558980644380154,1.0253082651780088
2011-08-19,0.9129613608726003,1.1003469121222555,1.0631761052073172,1.0542094850120503,1.0276375348322004,0.9523420731229371,1.0180240070527091
2011-08-22,0.9136905328343964,1.1005449202699067,1.0633806383296742,1.0544000760381578,1.0278017425954595,0.9525109710152089,1.018377112923077
2011-08-23,0.9437609260355591,1.108768221833305,1.072172389980378,1.0628353802020607,1.0349993157042146,0.9599954388903735,1.0327800411752666
2011-08-24,0.9570535381664269,1.1121378328675213,1.0758912273739794,1.0664125571068308,1.03824687818121,0.9634800212477772,1.0390949434364933
2011-08-25,0.9424640760343425,1.1085143899408232,1.0717588459100562,1.0624609805764063,1.0345985252827588,0.9594495984828265,1.0319282617314962
2011-08-26,0.956161587397741,1.1119690513447478,1.0757536105364638,1.0663443689790153,1.0381335016111755,0.9631527184868732,1.0384380981716603
2011-08-29,0.9836382805964701,1.1187469033684592,1.0838444644114074,1.0743677716512934,1.0455101342458017,0.9710720193451062,1.0513972554083382
2011-08-30,0.9862318199883392,1.119351914914967,1.084582527539722,1.0750979652775376,1.0462209782536451,0.971857422091552,1.052601164295291
2011-08-31,0.9906084578647594,1.1203754656248064,1.085862622919348,1.076394408889017,1.0474847606571185,0.973278936081518,1.0546297567446388
2011-09-01,0.9802340593814372,1.117920823361253,1.0827315951374514,1.0731297742131287,1.0443206309955406,0.9696633214691619,1.0496994833188154
2011-09-02,0.9551888495152259,1.1119542068765147,1.0749352549373903,1.064866525416493,1.0364205225088894,0.9611181944487104,1.0376280869981516
2011-09-06,0.9482185116363726,1.1101758367503676,1.072746279937889,1.0625862402072586,1.0343298210755651,0.95899496487853,1.0352711869746591
2011-09-07,0.9749653101257663,1.1170103278905807,1.0814164410750697,1.0717929919061038,1.042675370411804,0.9672003696456088,1.0453392804383417
2011-09-08,0.964833915426188,1.1140915713001402,1.0782489642710862,1.0684820168559002,1.0394077516359674,0.9638740033544078,1.0405909127970199
2011-09-09,0.9395464245237721,1.1062262561242486,1.0700931129466353,1.0598179260674165,1.0309904948045552,0.9556880181124909,1.03050401403898
2011-09-12,0.9456249722445036,1.1082746354055664,1.072059954448634,1.0618564878459928,1.032861086316432,0.9574249482207989,1.0326221627828538
2011-09-13,0.954297541188797,1.111508916273172,1.0749320436457541,1.0649060575334193,1.0356663954393053,0.9600851714485575,1.0360792718534144
2011-09-14,0.9675089646794252,1.1164195664196235,1.0793929613398576,1.0697440386627552,1.040132842668113,0.9644044432811804,1.041037034056132
2011-09-15,0.9842053161936337,1.1226683009203928,1.0850771584155234,1.0759888674818399,1.0460096509392236,0.9702160615166965,1.0455320958389276
2011-09-16,0.9900303401386615,1.124792005945509,1.0870549277254138,1.0781700928582816,1.0481329265858539,0.9723656699777483,1.0475029274255152
2011-09-19,0.9801723046194745,1.1212136451223116,1.0836182927883107,1.0742883659706133,1.0443502224565064,0.9684727336503194,1.0431233091203647
2011-09-20,0.9790319696131414,1.1207035439139559,1.0832053469382041,1.0738150715144932,1.0438998048944104,0.9680299891793306,1.0426512274176523
2011-09-21,0.950191612418458,1.1081001232400494,1.072524520182867,1.0613411377771451,1.0320222579228422,0.9564824885175568,1.0323624196030776
2011-09-22,0.9194770905492813,1.0955701725315037,1.061414016812256,1.0493126629180218,1.0214057120752735,0.9463514906869083,1.0189781247873244
2011-09-23,0.9250167095215971,1.0978621616753932,1.0633516373248788,1.051274362079362,1.0230484089331744,0.9478828021139235,1.021365202122088
2011-09-26,0.9470138520990484,1.107057686987282,1.071262919505854,1.0595300581495448,1.0299811606594953,0.9544383224062256,1.030322689357741
2011-09-27,0.957605235454703,1.1112933398785003,1.0749714125978358,1.0633680084269055,1.0334309221867488,0.9578063111153283,1.034608633865301
2011-09-28,0.938052103833783,1.1034711106952881,1.0680227643848343,1.05603723066079,1.0267610464188546,0.9511462867007205,1.0272480649468805
2011-09-29,0.9454661283964386,1.1065850912553399,1.0706873875700844,1.0588130205451534,1.029207794399575,0.9534444777568647,1.0300239795984656
2011-09-30,0.9218395916444447,1.096748597937485,1.0620134224481481,1.0495688319059062,1.0210206623550484,0.9455842755012709,1.0231565714947382
2011-10-03,0.895606024213183,1.0860261907492796,1.0524149374533296,1.0396446707877685,1.0125259931120034,0.9377665229700771,1.0129771985714766
2011-10-04,0.915240665695471,1.093861651669472,1.0595007926680164,1.0467179905576518,1.0183967167720387,0.9430059614846861,1.019068925209824
2011-10-05,0.9321866060265588,1.100486099786595,1.0655078820729127,1.0527329421836906,1.0236503589992183,0.9478439200019841,1.0245024165169616
2011-10-06,0.9490507152751497,1.1068440425194528,1.0714466844277521,1.0587300509320818,1.0290794956512561,0.9529875328046057,1.0309690204127209
2011-10-07,0.94269591738387,1.1043944565052128,1.0692193169193487,1.056459345147385,1.026943586695815,0.9509014318533372,1.028703425589923
2011-10-10,0.9742252166455999,1.1166203296350508,1.0806202566795122,1.0683108822927765,1.037972006187845,0.9613321514877345,1.0398597182019795
2011-10-11,0.9752030137608899,1.1169786906532642,1.0809406083892428,1.0686251164267175,1.0383153417881532,0.9616642219808414,1.0402739145075337
2011-10-12,0.98375705210875,1.1201528130753242,1.083900438602457,1.0716616136174002,1.0415401292960709,0.9648728330477255,1.0454942651818793
2011-10-13,0.9818020200151455,1.1194312126631707,1.0832055253582553,1.070928666686155,1.0407585558520211,0.9640787465365981,1.0445235330734572
2011-10-14,0.9985848603182149,1.1256946829389374,1.0893213026090558,1.077495738367216,1.047708352971376,0.9710185497687238,1.054476123606278
2011-10-17,0.9795208681707862,1.1186556791505462,1.0824017732726012,1.070039373789836,1.0394838284029202,0.9625737554498381,1.0422467710731516
2011-10-18,0.9986662898743008,1.125653416281472,1.089432113573401,1.0775066807582925,1.0471370074561102,0.969935468809205,1.052648333173769
2011-10-19,0.9868530616509451,1.1214571781237626,1.0851548667311735,1.0729742311947192,1.0422160755670855,0.9650420999884491,1.048774209475507
2011-10-20,0.9911713175872523,1.1229862422866417,1.0867569406789515,1.0746845839366597,1.044017227304792,0.9667171820514275,1.0502967782746977
2011-10-21,1.0099908604558585,1.1300543198636972,1.0939346813511042,1.082531562950957,1.052228817555749,0.9744906952017998,1.0568470438663413
2011-10-24,1.0223743364876632,1.1350206582906903,1.0985921811181314,1.087587320101687,1.0578327028961778,0.9799542894895993,1.0627492527580373
2011-10-25,1.0024955669476812,1.1271201485476805,1.0910456217752753,1.079347668084298,1.0485169377555488,0.9706683606146259,1.0529481477261098
2011-10-26,1.0126794009964946,1.1311655552994704,1.0949337823630763,1.0834989957123466,1.0528066335961228,0.9747167559078546,1.0585088052247418
2011-10-27,1.0479561462491078,1.1451136817625598,1.1085975038489135,1.0983158318159991,1.0683643129844393,0.9897063173795073,1.0767294389498745
2011-10-28,1.0477116969702855,1.1450165657795932,1.1084969379947878,1.0981999842364092,1.0682427512612938,0.9895715535277044,1.076604722992855
2011-10-31,1.0224554448226206,1.135491961435451,1.099351424218528,1.08867603608362,1.0562465619777641,0.9774353633558822,1.0601291978866942
2011-11-01,0.9939411270734102,1.1245198185982492,1.0890907381511183,1.0782633529241352,1.0448485211897307,0.9663110084602764,1.047835470454912
2011-11-02,1.0101537195680306,1.1308932221883088,1.0948151370742985,1.0838915785201335,1.05035052514244,0.971526738240917,1.0542515264837427
2011-11-03,1.0285661146562066,1.1381400562812407,1.101312550871883,1.0903571767087827,1.0568675779277952,0.9778652878425543,1.0650502612057522
2011-11-04,1.0222928266262952,1.135697277077536,1.099115841073251,1.088153459768729,1.0545530574564572,0.9755451918140211,1.0623780723321987
2011-11-07,1.0286475442122927,1.138197009370815,1.1014073072877943,1.0904908982836865,1.0569770054282424,0.9778906619166866,1.0653333140545451
2011-11-08,1.0418457173313684,1.1434130762182133,1.1062844775648386,1.0955736525190445,1.06224168134739,0.9830363445246972,1.0717052373201996
2011-11-09,1.0033916935910385,1.1272874025456388,1.0919530038262393,1.0804471504002076,1.0462469611534455,0.9670537717451547,1.055375914706882
2011-11-10,1.0128422601086666,1.1308278521964252,1.0952260523730484,1.0836257275303842,1.049107929431593,0.9699372672642438,1.0589464561056714
2011-11-11,1.0319066537825061,1.1379722004368364,1.1019749669434988,1.090338526532245,1.055244286700093,0.9762290411094774,1.0671066379877707
2011-11-14,1.0221299675141227,1.1344163024184046,1.098548374488554,1.0869072545905292,1.0519697532550618,0.9727700857105771,1.0609049385512999
2011-11-15,1.0271811697604867,1.1362754380074425,1.1003674605589746,1.0887525224135721,1.0537078998980869,0.9745134638194126,1.0633735655438168
2011-11-16,1.0108868264886517,1.1301012998800142,1.0943286973483684,1.0824803610422276,1.0478186521343094,0.968531803174319,1.0542126820323587
2011-11-17,0.9948373340220495,1.1239526452672104,1.088280106230703,1.0762159654739372,1.0420859359287113,0.9630465602120186,1.0452848957377385
2011-11-18,0.9937782679612382,1.1235445073064705,1.0878729497100221,1.0757956547778416,1.0417076479570233,0.96269483852064,1.0447343752404576
2011-11-21,0.9748771349259817,1.116276889045032,1.0803908531240225,1.0678935811487538,1.034674243741917,0.9563147397467815,1.0342783304351624
2011-11-22,0.9710476972420375,1.114780190194014,1.0788658918763054,1.0663068565543081,1.0332946639636307,0.955106051907598,1.0319381027943417
2011-11-23,0.9496212039994454,1.106259004063808,1.0700585954547843,1.0569737900418414,1.0252682903108037,0.9482116815157631,1.0186360513248207
2011-11-25,0.9478288704074488,1.1055398588550869,1.0693232857307478,1.0562116190211326,1.024624675224999,0.9476678595738106,1.0175837651514787
2011-11-28,0.9752842024011299,1.1166851718155164,1.0808794099825747,1.0683411529100928,1.0347423340582333,0.9561623836177152,1.0319720280848326
2011-11-29,0.9780542528031341,1.1178179595090696,1.0819558156267712,1.0694197463660557,1.035784824932684,0.9570625468077496,1.0335007534157368
2011-11-30,1.0183006101354608,1.1342966842514455,1.0981934571225282,1.0861746302132864,1.0517479641721361,0.9710993724265736,1.0537732140679237
2011-12-01,1.0181379116338527,1.1342195512459654,1.098114214915745,1.0860840603368864,1.0516726432368386,0.9710217639083276,1.0536217754520298
2011-12-02,1.0172413834640848,1.1338622892408436,1.0977853952335836,1.085756923965445,1.0512823422206894,0.9706599507865934,1.053023992006896
2011-12-05,1.028321585072102,1.1382160012825204,1.1019020617700517,1.0898902892772455,1.0561956275794482,0.9751934149968123,1.0594853449506194
2011-12-06,1.0286475442122924,1.138342070698832,1.1020210855131025,1.0900087627156185,1.0563357363109642,0.9753212106233424,1.059629505260843
2011-12-07,1.03247674098039,1.1398661148255491,1.1035029591558534,1.0915515840265981,1.0581741520289474,0.9770564926138897,1.061725212253632
2011-12-08,1.0098276801225576,1.1308515847544436,1.0944541009657154,1.081897222431887,1.0467552479937021,0.9661700875150794,1.049852781879335
2011-12-09,1.0269365598710996,1.1375988098879066,1.1012296818954828,1.0888940605039168,1.0540547942934744,0.9729438420095005,1.0579545358433595
2011-12-12,1.0119461334653095,1.1311402616654846,1.0953431026693945,1.0828001411265185,1.0473800503615673,0.9665846939868671,1.0515119453491433
2011-12-13,1.0024955669476812,1.1270997634289308,1.0915650316907752,1.0788942234518037,1.043301859934281,0.9628915286324734,1.0472491996422455
2011-12-14,0.991822994951787,1.1223757445085343,1.0871778723319705,1.0743070487611273,1.0386276615400105,0.9588427169797044,1.0413598210817445
2011-12-15,0.9954075818304984,1.1239670213080386,1.0886829749936262,1.0758889536195626,1.040206970810186,0.9601493113692384,1.0434024660951864
2011-12-16,0.9968833520003143,1.1246215344180714,1.089315031632811,1.0765631402466527,1.040875779744366,0.9607102382822265,1.0442579518222828
2011-12-19,0.9862249137340763,1.1197891488099572,1.0845591354011852,1.071345098592655,1.0357411532829475,0.956344149957769,1.0393825099681566
2011-12-20,1.0160681232920756,1.1335807722241282,1.098150233013578,1.0862372249189531,1.0500331426022969,0.9680245850457377,1.053395748388277
2011-12-21,1.0180361648413863,1.1343847857068365,1.0989473739139135,1.087035536534065,1.050991979591161,0.9688311954224501,1.0544233173339836
2011-12-22,1.0270550101622504,1.1382927214659755,1.1027837179862732,1.0910389892150887,1.0556190213785364,0.9727947300129808,1.0589530192006806
2011-12-23,1.0362373570375438,1.1422580748445832,1.1067544597222754,1.0952395516117177,1.060513278006915,0.9770619240337373,1.0643634655404708
2011-12-27,1.0370571133575897,1.142618789426278,1.1071102032563076,1.0956180991149025,1.060956326123962,0.9774509412129273,1.0648512105142975
2011-12-28,1.0234471347517196,1.136369171837412,1.100934826965316,1.0888568841752453,1.0530706083537058,0.9704102388446957,1.053081762699253
2011-12-29,1.034023661630179,1.1414615206875236,1.1057937747205524,1.0941152516934611,1.0587745639430253,0.9752911969571323,1.0622416360215368
2011-12-30,1.0289401766603965,1.1390389768294764,1.1034309827312099,1.091536589299187,1.0559061765538356,0.9727818433981031,1.0567016504931863
2012-01-03,1.045337953135623,1.1486367684670427,1.1112662214459272,1.1001866802952023,1.0653598226813086,0.9807619501936259,1.0758605859745023
2012-01-04,1.0469774657757147,1.149547762718714,1.112035775798776,1.1010202924925578,1.06632610746872,0.9815915314464246,1.0775173706835224
2012-01-05,1.0497651030345068,1.1511159046373338,1.1133792682573265,1.1025052486550813,1.0680449401438254,0.98308809040377,1.080443226155308
2012-01-06,1.0470593771634935,1.1495676152992091,1.112022522262459,1.1009689810859087,1.066285145278516,0.981537860625516,1.078068542045337
2012-01-09,1.0496009590378206,1.151015969878812,1.11332191125065,1.10245204166798,1.0679694001147855,0.9829907494956517,1.0805645973497648
2012-01-10,1.0587017960517457,1.1562031607590666,1.1181305227492147,1.1080404732382543,1.0742546030403772,0.9884312677485437,1.0892744346120706
2012-01-11,1.0592756575978908,1.1565314450828585,1.1184333223543874,1.1083929899280656,1.0746518290728295,0.9887756829733613,1.0898273814088595
2012-01-12,1.0618170788616537,1.158179832689861,1.1198279374680522,1.1100382644099422,1.0765239756589668,0.9904347594701739,1.0924848046294222
2012-01-13,1.056324117258259,1.1543141924029363,1.1166978310787918,1.1062777569466138,1.0722923140904759,0.9866429962453568,1.0862364538594564
2012-01-17,1.0604237019113094,1.1572410473156227,1.119083784817648,1.109140018374347,1.0754386707492447,0.9893199369078491,1.0899103825542762
2012-01-18,1.0721474700503655,1.1660490535319767,1.126096979858438,1.1176367812151733,1.0847239672660973,0.9973631228410855,1.1009155908851442
2012-01-19,1.0778045756504464,1.1702153321119937,1.1294708698101195,1.1216309207950406,1.0893344958901143,1.00145251699283,1.106075155404031
2012-01-20,1.081822168610436,1.173175432763993,1.1319115217674844,1.1245433583531717,1.0927059812543967,1.0044914804012886,1.109236229818833
2012-01-23,1.079034531351644,1.1709513696895828,1.1301595314602624,1.1224282367539864,1.0902725621374847,1.0022583667648768,1.1069787995179738
2012-01-24,1.0778045756504468,1.1695291916558361,1.129357109959897,1.1214545357237575,1.0891789445892124,1.0012893961198155,1.1058039527532606
2012-01-25,1.0868230194449005,1.1788599905421207,1.1353398157902017,1.1287474939257502,1.0973322033457371,1.0084238711230362,1.1141887257004444
2012-01-26,1.081248066148445,1.173070348360241,1.131609588303287,1.124157215484569,1.0920034572314141,1.0036521866596932,1.109604923036116
2012-01-27,1.0807563569059253,1.1725593643585794,1.131264667274953,1.1237431564777345,1.0915341902800482,1.0032309326376243,1.1092012910978668
2012-01-30,1.0770669716340264,1.1687660518383882,1.128646728784464,1.1205345974777619,1.0880222210596422,1.000252568159335,1.10637344456252
2012-01-31,1.076656852558157,1.1682063041130062,1.1283385485045376,1.1201614292007789,1.0876331700637414,0.9999186801270736,1.1059517376896086
2012-02-01,1.0860852548179156,1.1797569291526857,1.1353900360904017,1.1287916121026509,1.0967875442782782,1.0074031421662972,1.113083429167022
2012-02-02,1.0878074015933255,1.1818858904563683,1.136677614295765,1.1303114403237786,1.0984905540255574,1.008827087684951,1.114434291897249
2012-02-03,1.1030570534498514,1.2043718176655933,1.1484099612846093,1.144373428935833,1.1140393685346035,1.0221424426698784,1.128536425381665
2012-02-06,1.1023188069911738,1.2033077118380857,1.1478500828560487,1.1437131349228267,1.1132563137474518,1.0214099016828317,1.1278538563966252
2012-02-07,1.105106524555248,1.2068848842250737,1.1499419649257128,1.1460529244898852,1.116209028745206,1.0240546100171453,1.130412446090693
2012-02-08,1.1083862725829703,1.2111823040894736,1.1524750912962287,1.1489101769191574,1.1197535799787068,1.02727374482858,1.1335117080366226
2012-02-09,1.1097798904491611,1.2130160438630853,1.1535735377930578,1.1501554618708378,1.121281853982709,1.0286838569478844,1.1348561599219453
2012-02-10,1.1015807211430604,1.201810782624615,1.1468299910581732,1.1424457765093776,1.11205727355172,1.0199596081483615,1.126651021832391
2012-02-13,1.1097798904491611,1.212063705312815,1.1535962433138538,1.149857439297966,1.120105483930389,1.0272227086854968,1.1339667751361
2012-02-14,1.1083862725829703,1.2103344282680781,1.152441383659642,1.1486025149669048,1.1186785964923471,1.0258747689996934,1.1326294914042134
2012-02-15,1.103220795920127,1.203735497020918,1.1480215540746028,1.1437973899797496,1.1133398483018646,1.0210009224286585,1.1277440595022672
2012-02-16,1.1154372369650887,1.2187118651447133,1.158643677354028,1.1551696441861097,1.1255094098198175,1.0315831923060557,1.1400907052967768
2012-02-17,1.1183885363888744,1.222339571322397,1.1611084296810594,1.1576919446632388,1.1285103475597755,1.0342894221746277,1.1429418144460388
2012-02-21,1.1188804062419582,1.2229436542836503,1.1615200546683737,1.1581159647733712,1.129011169600836,1.0347434432924494,1.1434185148448113
2012-02-22,1.1152728520525563,1.2184563433671232,1.1582934284251354,1.1547428240996271,1.1251528866987643,1.0311343528258288,1.1396300581043297
2012-02-23,1.1201921127203702,1.2245383361803517,1.1627721687423764,1.159390857536133,1.1303332501141874,1.035742628214908,1.144218730533472
2012-02-24,1.1226519438174825,1.227584549629204,1.1650500678507292,1.161752816162498,1.1329680920395848,1.0381437986167428,1.146963058843486
2012-02-27,1.1245376724526035,1.2299823399543237,1.1668382096686196,1.1636146326497594,1.1350263330465333,1.0400611661651067,1.1485540250093316
2012-02-28,1.1278170189539154,1.2343507242377072,1.1700494959528618,1.1669689344820462,1.1386811379884332,1.0435383375849312,1.1516444208082979
2012-02-29,1.1233896281391853,1.2283757409691742,1.1655698162495638,1.1622936954600018,1.133637217812412,1.0386014876101972,1.147393020175597
2012-03-01,1.129210636820106,1.2361719079634168,1.171545249682744,1.1684070818313166,1.1400069692792096,1.0444559581468407,1.152639939826839
2012-03-02,1.1257669054062618,1.2315621884391272,1.1679612882876302,1.164782380497242,1.1361450152851673,1.0407580865845,1.1486254907587443
2012-03-05,1.121175852426538,1.2252910865512232,1.1630641583033443,1.1599075459654646,1.1310775389607612,1.0361175320821505,1.143643452684489
2012-03-06,1.1047787183935687,1.2036131652529045,1.1453159453034725,1.1426012501764877,1.1135785414407149,1.0208763290389433,1.123988453047056
2012-03-07,1.1124854557096104,1.2131487319482785,1.152559159516118,1.1489052738734102,1.1191077016963888,1.0259660687407581,1.1331870845766487
2012-03-08,1.1235535312200249,1.2264203525843735,1.1630523039537364,1.158174893455072,1.1275861467670032,1.0338750797970602,1.1449931238899278
2012-03-09,1.1278990909522582,1.2313048782601377,1.1670266352139442,1.1616775654458655,1.1310199984111056,1.0371617552325039,1.1498697124987405
2012-03-12,1.1279810826453192,1.2313954777017646,1.167092239133576,1.161730781552307,1.1310714891718432,1.0372064462159323,1.1499117571864672
2012-03-13,1.1483138179452168,1.254357266422029,1.1867454053916136,1.1793969528941066,1.1483200668867872,1.0539485481580444,1.170338486628769
2012-03-14,1.1470838622440194,1.2530489061943686,1.1856476140865588,1.1784303694958758,1.1472289029194402,1.0527987399555416,1.1690625783662192
2012-03-15,1.1537253499925253,1.259807420722442,1.1913023983861775,1.183368468594695,1.1531814642680114,1.0587805187553536,1.1765858624070145
2012-03-16,1.1553228629700596,1.261425471292534,1.1926760824614433,1.1845783942679222,1.1546428989447621,1.0602677908394187,1.1783936295329724
2012-03-19,1.1598515187455634,1.266119709396992,1.1966909779883903,1.1881713013865625,1.1589316547646682,1.0646967061656698,1.1837462957626048
2012-03-20,1.1564754043792775,1.2624155114084001,1.1936104434573445,1.185374006414857,1.1556237975091654,1.061204778003024,1.1798218902224789
2012-03-21,1.1545818058265072,1.2603721358130875,1.191830020391849,1.183754718368976,1.1537715445439765,1.0593308797598124,1.177653854594752
2012-03-22,1.1462644271451021,1.251476857912388,1.1838229214237985,1.1764411981503222,1.1454995194895274,1.0513580659909398,1.170258172609499
2012-03-23,1.1499698734734283,1.2552989097158433,1.187367470701466,1.1796049049983361,1.1488089391022835,1.0543398489749276,1.17360775377834
2012-03-26,1.1661099502982797,1.272080395342646,1.2031717913760014,1.1938771035437925,1.163847357559078,1.0682313538945682,1.1917573022955572
2012-03-27,1.1624862547471684,1.268560186615751,1.1998876937579501,1.1909845982433362,1.160399431665855,1.0648433935129025,1.1879438847643833
2012-03-28,1.1567223431218467,1.2630887802520283,1.194598500859108,1.1863265448804667,1.1549254920972392,1.0597449322775492,1.1826159684839885
2012-03-29,1.1547465119601688,1.2612375588636913,1.1927522693243493,1.1847073062084261,1.1530899186853074,1.05810705806865,1.1805904442149304
2012-03-30,1.159522106478241,1.265722604741185,1.1973103469406126,1.1887298099035442,1.1575603610128506,1.0619365136964245,1.1862479318611796
2012-04-02,1.1680041912933077,1.2737164735827118,1.20557907539838,1.1960911597666337,1.165717522487962,1.069054586102632,1.1966596933216556
2012-04-03,1.1632277134171316,1.2692415616506632,1.2009424238353643,1.1919554000641521,1.1609852894120603,1.0647648023608234,1.1917545889601993
2012-04-04,1.1516992477242307,1.258443132174004,1.1895295575786873,1.181823257985623,1.1498161199545038,1.0551244961956356,1.1814681251976087
2012-04-05,1.1511227361037755,1.2578270875680169,1.188959161802249,1.1813162477380443,1.1492580913781334,1.0546437927416932,1.1809563186280678
2012-04-09,1.138194388732677,1.2447004424888644,1.1762345077419074,1.1702873697819884,1.1383170729220529,1.0454410321040424,1.1701627465529634
2012-04-10,1.1190900833336164,1.2260395401425581,1.158409601605455,1.155312694672878,1.1244468052790535,1.033909209986707,1.154624788230968
2012-04-11,1.1281482782427275,1.2338095517762075,1.1657823057916104,1.161257317645983,1.1295196899947086,1.0382317463950572,1.1619894466867855
2012-04-12,1.1428883127788174,1.246195055244741,1.1778497548691682,1.171174237234616,1.1382591129818285,1.0458023400067358,1.176237772167688
2012-04-13,1.1293010605677918,1.2340666490017163,1.1672497632608922,1.1623859060592396,1.1298538908857003,1.038291813208565,1.1636675283273448
2012-04-16,1.128559601897829,1.2334130220451434,1.1666749963445324,1.1619092236679045,1.1294026115091786,1.0378929386117988,1.1629877228777217
2012-04-17,1.145276029732572,1.2478077347903715,1.179716417363115,1.1728490269935545,1.1393737728362638,1.046340470745122,1.1798557224281376
2012-04-18,1.1414060378811488,1.244712016614819,1.1768533624956252,1.170439746012829,1.1369567880008395,1.0442159218928644,1.1757506685306098
2012-04-19,1.134076815696429,1.2388931579169096,1.1713203728607606,1.1657081087341377,1.1322546519787715,1.040251327311135,1.1683472301860012
2012-04-20,1.1359710566914565,1.240381791769426,1.1727635037304789,1.1669467693147775,1.1334660560544245,1.0412164931021628,1.1695981167808038
2012-04-23,1.1264186630760797,1.2328713881293298,1.1652266763290715,1.1603454222326972,1.1270770106959784,1.036009787948498,1.1620337865774535
2012-04-24,1.130700861940708,1.2362246763921976,1.1686009380703586,1.1632836620117055,1.1298245549105506,1.038152903264543,1.1657094186451058
2012-04-25,1.1461821142309145,1.2483236164811644,1.1810793958456076,1.1743295909381388,1.1402063482421232,1.0463973183263946,1.1828481878271757
2012-04-26,1.1541698397291504,1.2545609627814318,1.187153104285086,1.1796804334939706,1.145762610740665,1.0509508608675318,1.1919691324126809
2012-04-27,1.1560635185872032,1.2560065099480464,1.1886061478085226,1.1809726445233093,1.147117790764039,1.052079561623915,1.1939933389707023
2012-04-30,1.1517816409437038,1.25270025350618,1.1851990712660803,1.1778740843478623,1.1438824366603073,1.0493421192051429,1.1891627057383354
2012-05-01,1.1589457554683518,1.258213447427225,1.1910109374244089,1.183181460823731,1.1493454898293705,1.0537850357858698,1.1947599200589616
2012-05-02,1.15548708727203,1.2555709114946942,1.1881637402079042,1.1805501135013083,1.1465959040185774,1.0514936025065382,1.1918807340192286
2012-05-03,1.1466763932424624,1.248727374616336,1.1807146825334698,1.1736336883747935,1.1394938235793048,1.0457827836475473,1.1811729098938522
2012-05-04,1.1281482782427283,1.2344846320169678,1.1650527221832507,1.159295041001813,1.1253643405494793,1.0347676437829572,1.1601692522978555
2012-05-07,1.1289716483004701,1.2350716345358081,1.1656436549414502,1.1597822928476842,1.1257581499518703,1.0351035079551232,1.1606036927456556
2012-05-08,1.1244425106932736,1.2317367073077947,1.1620319894684403,1.1565975090620106,1.1229309087343726,1.0327824079939716,1.156855834650382
2012-05-09,1.1177721933484808,1.2266593974066196,1.1565924075153071,1.151768874873768,1.1186682925588163,1.0294036177792951,1.151932926178179
2012-05-10,1.1200782398303024,1.22852427068501,1.158491156418986,1.153454744917063,1.1201470271012623,1.0305281145003213,1.1536843304475004
2012-05-11,1.1167018042428882,1.225668218227699,1.1556082676213337,1.1508512416989953,1.1178729175041868,1.0287655016895583,1.150595628952258
2012-05-14,1.1043498881869631,1.214428034395486,1.1448164094012758,1.141065829513228,1.1093501367537315,1.0223361179563002,1.1406761127407823
2012-05-15,1.0980093846359034,1.2086177712908928,1.13944872832744,1.136325962688575,1.1053149530138142,1.0193161992045716,1.1356502918426592
2012-05-16,1.0938095789907472,1.2047977754711159,1.1358458012864796,1.1331514146074664,1.1026340529173395,1.0173661002071137,1.1323733585053861
2012-05-17,1.0775870286411418,1.1879373851306032,1.1216103077116872,1.1205393320082904,1.0919968313417139,1.0098188132870387,1.1201405941050566
2012-05-18,1.0683645291247803,1.179070650556801,1.114113025455293,1.114142718750704,1.0867360648939304,1.0059812429216468,1.1127567346827292
2012-05-21,1.0867276970750066,1.1964875249719267,1.128937222253047,1.1267422152884061,1.0970245589911702,1.0133127560164172,1.126018437774238
2012-05-22,1.08862177745947,1.1979671182481666,1.1302873987349753,1.127882291799148,1.0981131290402253,1.0141069652451706,1.1274697637032813
2012-05-23,1.0891979678587969,1.1984384931855516,1.1307103502780318,1.1282401645733915,1.0984491626394954,1.014354563195746,1.1278821180337957
2012-05-24,1.0913390672911107,1.200219514010889,1.1323642064060793,1.1296841236994117,1.099794499117456,1.0153627911181087,1.1291991800243448
2012-05-25,1.087798407401728,1.1969462338921928,1.129515195819572,1.1271359050456942,1.097435578241764,1.013590781787746,1.1262275107840296
2012-05-29,1.1009737738206773,1.2094518140489166,1.1403434374246422,1.1368800598442403,1.1064056493237613,1.0201714079192208,1.1386608518385406
2012-05-30,1.0849985637400512,1.195475135969368,1.1276972594650612,1.1255447477983638,1.0950957055773143,1.0116233259451504,1.1296656673773557
2012-05-31,1.082610686175733,1.193470900324179,1.1258885897854956,1.1239621417896677,1.0936100036681775,1.0104797390913212,1.128140697030195
2012-06-01,1.0553537885342104,1.1701359110426008,1.1049088117226185,1.1054750485592262,1.0766889539610862,0.9976210911409025,1.1105710894198035
2012-06-04,1.0548597504385087,1.1697066745303202,1.1045215901043726,1.1051319831800703,1.076373119927568,0.9973816026131357,1.1102437946525827
2012-06-05,1.0628472350208984,1.1756044335577092,1.109759449953784,1.1095549181620314,1.080043760197336,1.0004908370997252,1.1146317210916483
2012-06-06,1.0867276970750066,1.19341896740456,1.1256104760754246,1.1232173870379663,1.091545012615895,1.010383957490802,1.1344860374834709
2012-06-07,1.0873868428307805,1.1937859707833947,1.1259633223517453,1.1235152670529955,1.091861858750628,1.0106585448882195,1.13503853880329
2012-06-08,1.0960334731689436,1.1993178545512895,1.1312222817259532,1.1280944565705493,1.0963815357187827,1.0147208980629476,1.1428499672358365
2012-06-11,1.0821162465536207,1.1905549377075368,1.1226473487702993,1.1204694563593314,1.0887526338483644,1.0077431721044436,1.132377698610113
2012-06-12,1.0945507164395816,1.198223680387431,1.1302345111351473,1.1271835862596664,1.0951372954768688,1.0132913468122342,1.1411038548718344
2012-06-13,1.0875513883538772,1.1940432163273402,1.1259974174899872,1.1233843891166717,1.0913667666036093,1.0099232355873686,1.1359224446093803
2012-06-14,1.0990798540467785,1.2010255761015367,1.13312514444165,1.129848860040994,1.0976627068135363,1.0152760513028662,1.1442863237972272
2012-06-15,1.1103205056085035,1.2076873720497039,1.1400517076127707,1.1362034678571091,1.1040490405355283,1.020828715170424,1.1525152071043576
2012-06-18,1.1124722053380594,1.2089350211279706,1.1413742030656195,1.137427537389337,1.1053103887572535,1.021945364965507,1.1543034175037097
2012-06-19,1.1232331131443036,1.2154883258912996,1.1481765504691688,1.1438667077136244,1.1119566890058046,1.0278881083949925,1.1630005885369792
2012-06-20,1.1214123514824308,1.214366145197495,1.147023049532031,1.142761215085695,1.1107695183713733,1.0267939934766415,1.1616446122788748
2012-06-21,1.096249333767326,1.198156109497256,1.1305898962520673,1.1267854068789958,1.0939269055145016,1.0117564227700118,1.143391284554326
2012-06-22,1.1046921492994277,1.2030282832549162,1.135506246741402,1.1311823094133986,1.0978415656028493,1.0154374424048074,1.149624803369875
2012-06-25,1.0869784904711184,1.1928549107229476,1.1249736189464385,1.1215259127429125,1.0890086462154656,1.007035275948162,1.1348890671238743
2012-06-26,1.092441176983148,1.195864049623282,1.128119549144113,1.1243403088926551,1.0914763575145945,1.0092577151369977,1.139493174691456
2012-06-27,1.1022918244163784,1.2012881971117642,1.1339339487241562,1.1296590477397868,1.0961661760635835,1.013543999022644,1.1469292170807486
2012-06-28,1.0991460255992591,1.199542609256119,1.1320595331558319,1.1279125315011065,1.0945868278376671,1.0120696786956438,1.1444645247574532
2012-06-29,1.126544099926777,1.2152857007985234,1.1488416905665348,1.143775511588599,1.1088019271074794,1.024914151452548,1.163590288781293
2012-07-02,1.129937479928722,1.2170299251325096,1.1506350426160092,1.1453817728953564,1.1106113187022788,1.0266231608062533,1.1659747040616866
2012-07-03,1.1373873206472105,1.2214173596952589,1.1547582568571166,1.1491862088507587,1.1147772124929163,1.0306078970243318,1.1711355466564002
2012-07-05,1.1322551706764534,1.2183719395319645,1.1518540987459422,1.1464448120717727,1.111762718165496,1.0276788965451649,1.167123989307787
2012-07-06,1.121494905312467,1.2120242559390662,1.145598784664261,1.140458795683882,1.1053045807278181,1.0217192330146736,1.1584754288459553
2012-07-09,1.1200875552430312,1.211129065865386,1.144769619778686,1.1396668795905884,1.104476641014333,1.0209794236377794,1.1574080071540986
2012-07-10,1.1103205056085044,1.2050433072257463,1.1388413853413528,1.1338899287626363,1.0985627746724684,1.0159071194854994,1.145590204585062
2012-07-11,1.110485934489705,1.2051423221241002,1.138939666990856,1.133986122847985,1.0986515272624788,1.01596722554347,1.1455553367788232
2012-07-12,1.105105560891865,1.2016612391595196,1.135521744966308,1.1305970043973843,1.0953229433608458,1.0132362766093155,1.1412569356148197
2012-07-13,1.1236470065684339,1.2138432502392156,1.1475595672461787,1.1426035227614155,1.1069621332735315,1.0224356892792388,1.1548689067579574
2012-07-16,1.120998136837173,1.2121691398089722,1.1459160602006773,1.141001645486585,1.1052237638487157,1.0209949039888906,1.1527071885559532
2012-07-17,1.1286961208774622,1.2170666667853998,1.150774746759875,1.1457746899060142,1.110391700489914,1.0251433679305326,1.1585442627126563
2012-07-18,1.1370561416636815,1.2224326138254145,1.156131539543541,1.1511031128325597,1.1162149789620401,1.02989033036895,1.1645025008243544
2012-07-19,1.1400359494626255,1.2243205363459333,1.158059390509785,1.1530371193353088,1.1183567609662615,1.0316680765207429,1.1668357464393477
2012-07-20,1.1296063812504755,1.217592849776594,1.1510928241173157,1.1459126656617067,1.110513753773611,1.025074859750637,1.1588054771476373
2012-07-23,1.1181836776141476,1.2103428273841181,1.143430658627613,1.138215001326648,1.1025207444080316,1.0185617760553276,1.149448087377263
2012-07-24,1.108581735639693,1.2035252607287463,1.1369913174160529,1.1318728926291817,1.0962842502492687,1.013609512660015,1.1432734257033725
2012-07-25,1.108830682014315,1.2036964812959698,1.1371575214956808,1.1320356825042956,1.0964275302720543,1.0137101589699682,1.1434109296756712
2012-07-26,1.1271234222321083,1.2175645779752302,1.1499071062146153,1.1446051141511584,1.108327050309718,1.022782881349808,1.1572301695645888
2012-07-27,1.1478996032999618,1.2323000062657596,1.163464236069901,1.1575681127395767,1.1223062753871609,1.0338998523228007,1.1736656805383328
2012-07-30,1.1478996032999618,1.232277577740627,1.1634395272197238,1.1575360987292636,1.1222913731312245,1.0338702608024894,1.1735259482679938
2012-07-31,1.1398703599708615,1.2268947016511782,1.158407498103412,1.152753580212797,1.1164821402253762,1.029028775112944,1.1670288311814718
2012-08-01,1.1388773048519658,1.2260787067171708,1.1577689384617336,1.1521442609140096,1.1157725745610334,1.02844701357754,1.1662565609237145
2012-08-02,1.1310134100987834,1.220035429284342,1.1525889406800687,1.1471279555406304,1.1100318759732608,1.023926658774032,1.1605006800839262
2012-08-03,1.1534454057790022,1.2372709220695077,1.1675873555992689,1.1616328675813246,1.125942792443072,1.0360377610902853,1.1764011667295167
2012-08-06,1.155680301780851,1.238772060734529,1.168915714211772,1.1628574425272566,1.1275638040988272,1.0373275729995555,1.1777414128303574
2012-08-07,1.16147416727641,1.2428828192609551,1.1725359549948537,1.1662876583922985,1.1319390609144138,1.0408760839649438,1.1822529465928409
2012-08-08,1.162880955208871,1.2438808283858598,1.1734280446427197,1.1671423258264164,1.1330252766346367,1.041765754359559,1.1833823383504822
2012-08-09,1.1638745724647417,1.2445954713974312,1.1740720437360108,1.167767596106081,1.1338135121463537,1.0424164525635375,1.1841353306770226
2012-08-10,1.1657785303989077,1.2459914884582346,1.1753549086420039,1.16903826589505,1.135385899175185,1.0437189590855591,1.185355245968656
2012-08-13,1.1651989671777312,1.2455532386831738,1.1749369468510011,1.1686110172772368,1.1348738542940384,1.0432893591847745,1.1846970592949608
2012-08-14,1.1653646369747779,1.2456552946164472,1.1750438466145907,1.1687154725649773,1.1350063316335817,1.0434032536425273,1.1848456589718188
2012-08-15,1.1666890316877674,1.2467121689326917,1.1760173902664344,1.1697146085442376,1.1361917872114056,1.0443807352934433,1.1859281548228677
2012-08-16,1.1752978382380446,1.2536551010506074,1.1826139105461917,1.1765769730756912,1.1441731777355484,1.0510018540993689,1.193229180649618
2012-08-17,1.1768703762728345,1.2549219439658679,1.183823993498894,1.1778334911156034,1.1456551626709581,1.052259208880874,1.194684358116653
2012-08-20,1.1769531710187169,1.2549884626782084,1.183875923840577,1.177883933646181,1.145722956252951,1.0523137334989414,1.194759807166203
2012-08-21,1.1733934787774678,1.2519708514822712,1.1809437481139802,1.174799774765389,1.142176453455587,1.0492400881408448,1.1915661866096336
2012-08-22,1.173890247252762,1.252385272145222,1.181349170434339,1.1752261965320334,1.1426633463817628,1.049628414401715,1.1920041030395097
2012-08-23,1.1642885461941537,1.2433616955013558,1.1729995931896586,1.166468535215641,1.1329819852925822,1.0414854068911665,1.18132804635059
2012-08-24,1.171324252572666,1.249605160031545,1.1790613925131146,1.1725132039100725,1.1390974931014684,1.0466113167186468,1.1870925153365024
2012-08-27,1.1715721549786202,1.2497974226206336,1.1792720078235108,1.1727248403713606,1.139307295250261,1.0467798341265333,1.1872596446948074
2012-08-28,1.1704138315890884,1.2483403817654788,1.1782166028713394,1.1716662075787934,1.1382204111158374,1.0458411499613733,1.1859459698722536
2012-08-29,1.171324252572666,1.2493950492116948,1.179042615412073,1.1724931215258168,1.1390701203810447,1.0465698810516837,1.1869833565503627
2012-08-30,1.1628809552088715,1.239043437961415,1.1709739471561356,1.1644188192900333,1.1308913903737692,1.0395758252533758,1.1783427462525966
2012-08-31,1.1684267576879115,1.2454335440501403,1.1762326309760958,1.1694541794165414,1.135717600632991,1.0435585085787298,1.183390319744791
2012-09-04,1.1673514699601086,1.2441029360012748,1.175188868130206,1.1684521270107466,1.1347324400577656,1.0427141091821273,1.1821561903064144
2012-09-05,1.1663580133148022,1.2422877719591938,1.1741855182250058,1.167492556345831,1.1338032347853997,1.0419469201178306,1.1809017240094513
2012-09-06,1.1900313680462815,1.2801095026393663,1.1983890785293851,1.1905779594128387,1.1561188380195038,1.0602907033009328,1.2071617262738732
2012-09-07,1.194666669236462,1.285468250630658,1.20205152627843,1.1937369212273183,1.1605759897255414,1.0642665292306759,1.2124512979839948
2012-09-10,1.187878784958622,1.277307255099034,1.1963724648320149,1.1886974674396804,1.15387628081868,1.0580676914043472,1.2041785603319057
2012-09-11,1.1911899323516595,1.2811210008900575,1.1991701942344546,1.1911720154824772,1.1569146300480966,1.0607065888362401,1.2070463556300304
2012-09-12,1.195163277101192,1.2857172901294012,1.20261083102224,1.1942423250594414,1.1606764277778157,1.064052187596997,1.2108272617228557
2012-09-13,1.213373383183667,1.3067579352626193,1.2188112444472066,1.2088560418635295,1.1783546628767396,1.0801129115735175,1.2282376677726814
2012-09-14,1.2187535158656604,1.3122155970306586,1.223107967716619,1.212625791960472,1.183679235103454,1.0853175253800764,1.2332558033974723
2012-09-17,1.2146149831507742,1.3079694588515225,1.2196872625432458,1.2095732700907456,1.1794810310110044,1.0810453202502381,1.2288035076269928
2012-09-18,1.213621526505468,1.3069473694793632,1.2188351059030385,1.208809606740778,1.1784823939258315,1.0800550758042613,1.2278096297589827
2012-09-19,1.2142835632513982,1.3076237007512082,1.219396149942964,1.209311694143408,1.179142304709879,1.0806814906182147,1.2284289874858842
2012-09-20,1.214366598913127,1.3077084288255258,1.2194542428593895,1.20936061675824,1.1792166192429685,1.080747482757859,1.2283384911277537
2012-09-21,1.2138586680036159,1.3071752415688191,1.2189663246912015,1.2089119117689835,1.1786744306292047,1.080234565449691,1.2274889044913946
2012-09-24,1.2120277075709118,1.305279750244403,1.2171985486532813,1.2072898404543442,1.1767219547427927,1.0784114347863103,1.224830860016734
2012-09-25,1.1991296352911789,1.2911514574561918,1.204485319421002,1.1957973339161214,1.1631931954648647,1.065848304863424,1.2093126923076292
2012-09-26,1.1923892917403636,1.2842867734629213,1.198146951930831,1.1902806154395507,1.157471571747449,1.0605862147858032,1.2027343444740115
2012-09-27,1.2036231173531073,1.2953730205589238,1.2087584748404139,1.199405324325602,1.1665221358269389,1.0684334881815438,1.2160826821290813
2012-09-28,1.1980480034460876,1.2900281766710195,1.20362230251898,1.194992367229197,1.1618785782556647,1.0642250807099551,1.2095007343572493
2012-10-01,1.2012102648460448,1.292991247882565,1.2065673326261752,1.1975161632885232,1.164468983136607,1.0664265586623884,1.2130017750451751
2012-10-02,1.2024582089304405,1.2941858363999723,1.2077489773393222,1.1985316085784559,1.1655088859119347,1.0673248125596577,1.2139632260912512
2012-10-03,1.2073679132696804,1.2989885299962896,1.2125824186662395,1.2027163861645425,1.1697589952432546,1.0710380701985245,1.2187263307180958
2012-10-04,1.216022493830775,1.3074528036773032,1.2212788986181335,1.210274763844567,1.177457454559234,1.0778956707583158,1.2266151057126253
2012-10-05,1.216105449187222,1.307526420302708,1.2213563865981996,1.2103419253599006,1.177519715511827,1.0779360351132103,1.2266747530926096
2012-10-08,1.2119452340461587,1.3023990958708977,1.2170573189154257,1.2066046885787352,1.1736218951813084,1.0743392857887464,1.2227015639054981
2012-10-09,1.1999623207616492,1.2881409556356904,1.2044540975736453,1.1957525795611692,1.1625114674007204,1.0645258431859275,1.2071910165307416
2012-10-10,1.192306175773353,1.2794701263910444,1.1967697127514254,1.1893309171728705,1.156384423079962,1.05922459574737,1.1975705870863809
2012-10-11,1.1929718262569795,1.2801843675198479,1.1974342731979444,1.1898733214178616,1.156876718269004,1.0596116737943166,1.198394029891878
2012-10-12,1.1890611196275136,1.275851642306834,1.193387112426698,1.1865192997367855,1.1537765722674957,1.057046831413508,1.1935374704502775
2012-10-15,1.1989637245782863,1.2889811186192452,1.2037993345354436,1.195110142515092,1.1616774135547983,1.0633469216006495,1.2049865724173767
2012-10-16,1.2111127894915352,1.3044212488733666,1.2162440312930636,1.2054014809832505,1.1716494457131994,1.0715492207108228,1.219978812977132
2012-10-17,1.2166052692632372,1.3108105179662566,1.2215865742154743,1.2098240467034331,1.1762758954996695,1.075500073326684,1.225497787045426
2012-10-18,1.2134426866421515,1.3071384332559706,1.218436232630752,1.2071948477612384,1.1735161975353252,1.0730742235110045,1.2224533446276964
2012-10-19,1.1932210938527303,1.2838410634063686,1.197814980877183,1.190029471987734,1.155772540004503,1.0580747303418443,1.1977234097226896
2012-10-22,1.193387887923727,1.283900765530326,1.1978692804272801,1.1900511926973247,1.1557218076811229,1.0580569004109024,1.1977618868949433
2012-10-23,1.1768278947785855,1.2677227907439166,1.1830413135044615,1.1780638119666462,1.1450154247842637,1.0484773545034374,1.179804862493096
2012-10-24,1.1734996423604527,1.264671441492122,1.1802494900059444,1.175842386094997,1.1430938458373903,1.0467919987435854,1.1766653209754503
2012-10-25,1.1769114925772892,1.2678607404755542,1.1831339926562778,1.1781484203641792,1.1450707285819972,1.0484730329746088,1.1796899899181892
2012-10-26,1.1762458420936628,1.2672292197220434,1.1825407557974845,1.1776617940548026,1.144652097056049,1.0481146207915668,1.179100063513438
2012-10-31,1.1762458420936628,1.2671986629830991,1.1825247548312028,1.1776447981080476,1.1446375886160893,1.0481054095718798,1.1790410332494208
2012-11-01,1.1885615404673446,1.2795565313192625,1.1939227589996657,1.1870511854593422,1.1527133658091524,1.0548954352617161,1.1909496240341895
2012-11-02,1.1779932047276633,1.269519045628276,1.1844820204649387,1.1792349176936159,1.1455133309693388,1.0486450190823595,1.1810554442747367
2012-11-05,1.1804063784558543,1.2717211370723518,1.1865895010419956,1.1809632927250224,1.1470531628605585,1.0499043502251735,1.1832709157457804
2012-11-06,1.1896430920071543,1.280271917757175,1.194906486744981,1.1878653528724077,1.1532397376357981,1.055054931404184,1.1916107778976923
2012-11-07,1.1626819587197388,1.255453407416468,1.1707704214700843,1.1676924616983124,1.1344896105993074,1.0390598549436019,1.1650336677294026
2012-11-08,1.1487013712368102,1.2445207636963935,1.1606558760695624,1.1595775199235678,1.1276792711691686,1.032830868744018,1.1550997275695725
2012-11-09,1.149700288641302,1.2452625903214354,1.1613452692370443,1.1601336577383492,1.1281339894649607,1.0332122739938785,1.1557128651906126
2012-11-12,1.1506154476365258,1.2459578940087392,1.1619935317628165,1.1606589669954432,1.1285665826694051,1.0335883059417716,1.1563363019179846
2012-11-13,1.1466209825977915,1.2428800085461607,1.1590072491331622,1.1581646448000025,1.1265174741689936,1.031804658043927,1.1528612369843887
2012-11-14,1.1311430228241524,1.2309384539043358,1.1471644611415104,1.1481747277475227,1.1183114735256228,1.0248994212285527,1.1416294569025482
2012-11-15,1.1292291873402838,1.2294969084896539,1.1457446187117295,1.14698534518269,1.1173427557716133,1.0241017549464644,1.1403811508607706
2012-11-16,1.1348043012473037,1.233785662815307,1.1499345724777643,1.1505283438977687,1.120216026003384,1.0264098526760008,1.1441102627365538
2012-11-19,1.1577716922435244,1.2521152801848152,1.167570511900109,1.1656769443409978,1.132611008718206,1.0364623951765113,1.1575013344718021
2012-11-20,1.158271110793129,1.252401974760786,1.1678540929508547,1.1659123275594623,1.1328764833530331,1.0366757427263278,1.1577774783747377
2012-11-21,1.1604344547885947,1.2538960588059693,1.1693441426596651,1.167190478418511,1.1341256502394832,1.0377367765281968,1.1591459512562035
2012-11-23,1.176245842093663,1.265441961703837,1.1806351317667991,1.1770773738834974,1.1437314466082396,1.0459252089901176,1.1737049296371895
2012-11-26,1.173748990261486,1.2637003179208925,1.178908123964511,1.17556451795949,1.1421428380710246,1.0445093667908258,1.1714794694729436
2012-11-27,1.1677578146877188,1.2593480705947317,1.1746652220338079,1.171803828676375,1.1382388651212738,1.0411459047190001,1.1664873079529556
2012-11-28,1.1771610010888864,1.2661230653540696,1.181445815542304,1.1778460079700357,1.144407482412226,1.0462298609139353,1.1760759592874088
2012-11-29,1.1826534005553062,1.2700025467001073,1.18542002769891,1.1814147241550768,1.1481226775228748,1.0493630913508358,1.1804751607305604
2012-11-30,1.1829027484563388,1.270175486849323,1.1855948262133744,1.1815690566455503,1.148283456519746,1.0494958441830793,1.1806740458939848
2012-12-03,1.177077965427158,1.2660831871019997,1.181141235941681,1.1774713165740596,1.1440383320555456,1.0458430366569624,1.175884005534689
2012-12-04,1.175412996012629,1.2648728156164286,1.1798363788644712,1.1762719197063374,1.142828073492253,1.044831189072106,1.174472297028117
2012-12-05,1.1774940270939052,1.2663968602300577,1.1814919970439273,1.1778009528254483,1.1443726288279934,1.0460866041118257,1.1762322700098324
2012-12-06,1.1814881709115108,1.2693386141217498,1.1847764801014884,1.18085859740168,1.1474396272358758,1.048588553872546,1.1793632512491272
2012-12-07,1.1850663333676512,1.2720053728350857,1.1877914124016915,1.1836800451294875,1.1502660749890021,1.0509276601275925,1.182787044265362
2012-12-10,1.185565832222538,1.2723632279267676,1.1882117361156477,1.1840733713803842,1.1506602275619922,1.051253629882434,1.1831719912225114
2012-12-11,1.193637075214196,1.2803031720678526,1.1954173113866606,1.1908585622364583,1.1574041917582316,1.0569698967512065,1.1908106684351918
2012-12-12,1.1942198506466581,1.2808638409856377,1.195938331210548,1.191345361367392,1.1578913067207628,1.0573824900725302,1.191364309599784
2012-12-13,1.1868972134950733,1.2737211919786895,1.1891549187747565,1.1849961600846008,1.1514558362318184,1.051709511107975,1.1835170399744768
2012-12-14,1.1824870883160024,1.2694830648113768,1.18505138339801,1.181228967311212,1.1477412407595393,1.0485649609726482,1.1795703895171386
2012-12-17,1.1963839976949449,1.2843987760792324,1.1982438267986875,1.1932155985175892,1.159366418887753,1.0579714835916458,1.1937815323836773
2012-12-18,1.209697810420297,1.2981421761148786,1.2101278893057947,1.2037741798758612,1.1707517726729462,1.0676227413779482,1.2082826484125722
2012-12-19,1.2007108462964406,1.2891522640051218,1.2024027339918855,1.1969701915640754,1.162875889911127,1.0605845341832694,1.1987729344364682
2012-12-20,1.2076176626971242,1.29694469904074,1.2083233627345715,1.2021212426388546,1.168442162901211,1.0653005530908117,1.2054296969487952
2012-12-21,1.1966557507696938,1.2845456585964055,1.1988149525481258,1.193793025778145,1.1593049144215128,1.0573160208816543,1.1915427247891084
2012-12-24,1.1929684534351304,1.2806345263200816,1.1956596677381532,1.1910663479133579,1.1564837407373396,1.0549274644973023,1.1884409658028792
2012-12-26,1.1879401381941754,1.2748098509648953,1.1912431896996616,1.1872494243100031,1.1526338631304258,1.051795185152748,1.1813312008329553
2012-12-27,1.1863477647546978,1.2729975366323563,1.1898090974061646,1.1860211232261524,1.1514182947039227,1.05082223906341,1.1794261572662617
2012-12-28,1.1735258218824298,1.258143529439173,1.1779824972993649,1.175833358857225,1.1413643919895846,1.0429593101950214,1.169630232291282
2012-12-31,1.1934714857224316,1.2801488494976174,1.1955675974568798,1.1905945310188921,1.1550485487582358,1.0536209416643716,1.1871192613283206
2013-01-02,1.2240601692145008,1.3091960428088338,1.2194007313924153,1.2103809121688136,1.1767529074390084,1.0713197434701978,1.2127899764318892
2013-01-03,1.2212945356030143,1.306989857584887,1.2175723667587306,1.2088846624550327,1.174721068241745,1.0695103198332296,1.2105457802204698
2013-01-04,1.2266584466180162,1.3110714044482152,1.2210335857903094,1.2117532728669103,1.1787182581994506,1.0729245619396788,1.214959836052257
2013-01-07,1.2233061026152428,1.3085165547204056,1.2188031097816998,1.2098587722701002,1.1761237835399905,1.070666561752815,1.2120623534322672
2013-01-08,1.2197863220992153,1.3058479865061492,1.2163908578038676,1.2077804842541955,1.1733617973089865,1.0683462238148094,1.2083592271054953
2013-01-09,1.2228873105689027,1.308182560002666,1.218555722285191,1.2096612592397817,1.175816062155313,1.0703436695508242,1.2116156101430524
2013-01-10,1.2326081043609192,1.3155060290230634,1.2255575276211115,1.2158472636969357,1.1837258705242872,1.076878982659049,1.2188134925414091
2013-01-11,1.2325244262569333,1.3154385338303327,1.2254946654099383,1.215787618024086,1.183642985435032,1.0767940463159111,1.2186689683280287
2013-01-14,1.2316869224695353,1.314808628292218,1.2248554794133226,1.2152056357846424,1.1829142891661273,1.0761675087997196,1.2179530762415913
2013-01-15,1.2325244262569333,1.3154341757527481,1.2254859150970896,1.21577635672568,1.183634636511329,1.076784336632179,1.2185347353222669
2013-01-16,1.2323574715753722,1.3152982913503055,1.2253385950020126,1.2156368135140143,1.183474416963441,1.0766404818824797,1.2183858823965967
2013-01-17,1.2403179735829644,1.321410719746581,1.231840621419195,1.2216558651221046,1.1906991338423827,1.082899927453084,1.2242009950014507
2013-01-18,1.243083607194451,1.3235741809507167,1.2341178518272091,1.2237653665464463,1.1932471127862203,1.0851693304256282,1.2265664284604034
2013-01-22,1.24978837550528,1.329002263954585,1.2397908243065447,1.2290459252221861,1.1995418140878225,1.0909211073975753,1.2328027753556832
2013-01-23,1.2517992197699694,1.330661917812889,1.2415120995713447,1.2306485213950573,1.2014522030589023,1.09271088465374,1.2349675824028803
2013-01-24,1.2521345746281696,1.3309393389073727,1.24179291846197,1.2309093529414123,1.201768417740912,1.093005351322701,1.2350235305661044
2013-01-25,1.2591750993236102,1.3370974827118547,1.2482031388177566,1.236890577539126,1.208661733099954,1.099723146366061,1.2424930639106762
2013-01-28,1.257666002461708,1.3357575056286615,1.246806518911092,1.2355980825018094,1.2071579433212423,1.0981768815630797,1.2404851876318692
2013-01-29,1.2626112017356517,1.3401895475512937,1.2514855767072084,1.2400715240960598,1.2123247149306122,1.1032521321469364,1.244243473927251
2013-01-30,1.257666002461708,1.3357149780337252,1.2466844045023886,1.23547089848562,1.2070461087001798,1.0979134538724438,1.2395480889802255
2013-01-31,1.2545656564342775,1.332659983611281,1.2436113839060823,1.232581121373681,1.2038364312537138,1.0948162608732739,1.2355945061253917
2013-02-01,1.2674715183263778,1.3464283541332809,1.2566748103049776,1.2447924706024727,1.2170219091339163,1.1069325800677825,1.2453754350287183
2013-02-04,1.2532245582226038,1.3233960180660973,1.242908011259836,1.2322354127740462,1.202230025477684,1.092568451252095,1.2325568315377238
2013-02-05,1.2658792251921822,1.340953512233776,1.2543917474205686,1.2421968069529468,1.2122475378454616,1.1020597871610385,1.2443163261558228
2013-02-06,1.2668013707469516,1.3421019043496765,1.255184223031295,1.2428832318102525,1.2129939399535774,1.1027759630549228,1.245218919863037
2013-02-07,1.265125238898206,1.3398545421573171,1.2536466869362073,1.2415347153072656,1.2115543035603442,1.1013505938291277,1.2434742726264743
2013-02-08,1.272164960540825,1.349331017589388,1.260207762476833,1.247292075329219,1.2176597497579473,1.1072496695478702,1.250675509387804
2013-02-11,1.2719136050077386,1.3489848068326904,1.259965137863071,1.2470760029538528,1.217421469061712,1.1070012846171744,1.2503157482814637
2013-02-12,1.2740085289028242,1.3518457151972776,1.2619837896625303,1.2488587161058287,1.219319095810965,1.1088734701567322,1.252008786977883
2013-02-13,1.2750981912761299,1.353352498881208,1.263056406058142,1.2498080811955534,1.2203224789719789,1.1098682329681382,1.2527970833928515
2013-02-14,1.276270889311164,1.3549808760015583,1.2642467629210197,1.2508641577187016,1.221427157036658,1.1109770793744673,1.2537894106711904
2013-02-15,1.2747624348915187,1.3528785994122854,1.2626223590643335,1.2494237895183273,1.2199494850664931,1.1094606087762031,1.252423007193318
2013-02-19,1.2843161133914098,1.3661123094993062,1.273066741643445,1.2586327046037202,1.2293456900441857,1.118852622167888,1.2612304707267195
2013-02-20,1.2683095842507508,1.3441282333471354,1.2558717622307545,1.2436206798607738,1.2133013417064924,1.1021544532703589,1.246018895646724
2013-02-21,1.2605991528917309,1.3350832530599035,1.2483194644410105,1.2373333734048146,1.2073324219366364,1.0961693992491641,1.2362361264214412
2013-02-22,1.2729191074453658,1.3490501816906197,1.2603189208130603,1.2472042595747797,1.2164029431554124,1.104610039860555,1.2490161297706124
2013-02-25,1.248699355574232,1.3230117085179518,1.2375800870626223,1.2284340728030114,1.1979582722065811,1.0868640741506872,1.2239131525023743
2013-02-26,1.2572471301100858,1.3303954884145384,1.2441681986016442,1.2336541966858066,1.2024357382317656,1.091204079138156,1.2304950826339238
2013-02-27,1.2730867848744658,1.3441914505791561,1.256636216022183,1.2437285750047753,1.2113345763870196,1.099940626359549,1.2442757831175162
2013-02-28,1.2705725067960654,1.3421003351027299,1.2547237557086315,1.2421827166565416,1.2098668956287295,1.0984807270627506,1.2421949454280106
2013-03-01,1.2747624348915187,1.3455401108763492,1.2579560951912576,1.244835095137658,1.2123748303114397,1.1009073417912125,1.2456979931337278
2013-03-04,1.2815506403904875,1.351132898404735,1.263335479953911,1.2493372945603793,1.216616232449192,1.1050225142271417,1.2509788369460884
2013-03-05,1.2930319668827748,1.3605499960288054,1.2725887894824692,1.2572166671433154,1.2240895178873081,1.1123639130122347,1.2611092381913274
2013-03-06,1.2947920177513528,1.3619990131968716,1.2739866796431114,1.2584222024452805,1.2252638935522135,1.1135342626640556,1.2627193972910742
2013-03-07,1.2971389396217816,1.3640314342229214,1.2758984138220604,1.260084896216542,1.2268969181276108,1.115178182693195,1.2650513924898699
2013-03-08,1.3026698053183448,1.3690553762369346,1.2805576386026025,1.2642092146573678,1.2309128860721,1.1192440654801499,1.271016032702264
2013-03-11,1.3076142015394672,1.3735408005133578,1.284808699509935,1.2680182982448882,1.234627513689266,1.1230477488140236,1.276764019253531
2013-03-12,1.3046811314147269,1.370876486821559,1.2822122425960487,1.2656563402447072,1.2323223247937054,1.1206500303931175,1.27390688182428
2013-03-13,1.3065248603872905,1.3725534973777385,1.2838662831301335,1.2671609085553326,1.2337809763346828,1.122099092802037,1.2757888251714034
2013-03-14,1.3134801008731023,1.3788884953438436,1.290337397604378,1.2731023710996179,1.2394826020321417,1.12780262061731,1.283375077688838
2013-03-15,1.3117464704423472,1.3773175393393613,1.288696012676507,1.271588269388591,1.2379991813895428,1.1262786621594791,1.2813858042213824
2013-03-18,1.3045071901736198,1.3707941207386287,1.2816456386298942,1.2650819186565343,1.2317197609106374,1.12005795287649,1.274038122259284
2013-03-19,1.3014765491310838,1.3681054308467384,1.278675081700279,1.2623938537047916,1.2291746316061394,1.117657865414943,1.2706269071958307
2013-03-20,1.3105679101217171,1.37611389652171,1.2877950959642177,1.2706124090602697,1.236855470190173,1.124544471749059,1.2793720094640586
2013-03-21,1.299371988602142,1.3662314197289072,1.2766283036184514,1.260599215309661,1.2271073468133904,1.1155607169320017,1.2681287136620398
2013-03-22,1.309810310090045,1.3758341484301988,1.286743379043568,1.2693059442011494,1.235138482315127,1.1226010512956808,1.2789908511263048
2013-03-25,1.304338950607545,1.3707508231874517,1.2815117002908005,1.264793471579493,1.2307457303984575,1.1186296358964904,1.2716274038087867
2013-03-26,1.3147766296531909,1.3806076343900628,1.2916407380919914,1.2734950714622189,1.2390629084052105,1.1257614983619921,1.2813320008148381
2013-03-27,1.3147766296531909,1.3804189638226183,1.291630176858106,1.273486689171009,1.239046312104617,1.1257348961108813,1.2812884995699438
2013-03-28,1.3188172702291534,1.3854510570638356,1.2955918955905659,1.2769117244010506,1.2424476463079586,1.1287430794508657,1.285742090498521
2013-04-01,1.3135989526906646,1.3780774033981074,1.2903130652679304,1.2722995450225028,1.2378794137019682,1.1245658787312192,1.279283860602939
2013-04-02,1.3200801510960267,1.386907670354199,1.2969549705114864,1.2780530381823123,1.2434688571189483,1.129405713261866,1.2850520917577575
2013-04-03,1.3066960712488058,1.3687568100886145,1.283065211973823,1.2659893915419402,1.2315903649758069,1.1188269020789225,1.2711915593631262
2013-04-04,1.3119991911652304,1.3750949884664303,1.2882356509854591,1.270260242631707,1.235480939786836,1.122201228386213,1.2762708898813324
2013-04-05,1.3061063092567977,1.3675482184388537,1.282334246832743,1.265302746865115,1.2308930974860348,1.118142533026444,1.2700200641773922
2013-04-08,1.314944547998138,1.378525205143273,1.2912850702673113,1.2727750165747884,1.2377197497897803,1.1238847724160212,1.2777958379127905
2013-04-09,1.3194911118515582,1.383985520318144,1.2958605586027663,1.276612395673946,1.2413278929932987,1.1269901900032357,1.2819219792663854
2013-04-10,1.3356535135448437,1.4035785866532495,1.3124735406774066,1.2906446617851848,1.254596107088109,1.138616047269924,1.294412096177555
2013-04-11,1.340030151421264,1.4083554245843253,1.3165542114112878,1.2940297504592846,1.2582787627911562,1.1419568216648694,1.298987548632079
2013-04-12,1.3367472714875384,1.4046968749518802,1.3133646587982335,1.291340742336947,1.2554110261020153,1.139289052383561,1.2949508777732666
2013-04-15,1.30576991042993,1.3705234434133848,1.2825916801593755,1.265385947006256,1.2282054486535676,1.1149415999226882,1.258894053267553
2013-04-16,1.325046390353891,1.3863712981091942,1.296734122922423,1.2762742158727634,1.2374320369270084,1.1241919190263545,1.2792991708365475
2013-04-17,1.3056859914100978,1.3714721737785538,1.2832116173513848,1.265674350526252,1.2275105174042893,1.114017357464409,1.2628676610222456
2013-04-18,1.2975200684908017,1.3655221079555966,1.2777544486251486,1.2613975401798267,1.2236728708998754,1.1103319873071016,1.2562458242091765
2013-04-19,1.3088003105566202,1.3736302104820002,1.2853958083963188,1.2674784895924485,1.2290554684137944,1.1152090098578185,1.265101191893018
2013-04-22,1.314609112834656,1.3777603405470613,1.2893349081183973,1.2706722485369168,1.2319379590962651,1.1178615646242445,1.270154674049369
2013-04-23,1.3281609504162597,1.387555252924222,1.2987228813503329,1.2784630392106844,1.2389894791041012,1.1244216436773302,1.2806475208883077
2013-04-24,1.329002870994175,1.3881500538255174,1.2992950076649556,1.278946592753463,1.2394308349080811,1.124834327437502,1.2812817276417545
2013-04-25,1.3343907129832535,1.3920149885490394,1.3030849508193179,1.2821955902408775,1.2424737680888873,1.1277293858258122,1.285910606447133
2013-04-26,1.3320335923419933,1.3902978606909502,1.3013704889346096,1.2806858847584115,1.2410615871563901,1.1263703677552306,1.2841567739531146
2013-04-29,1.3409567137665515,1.396767629062416,1.307999265186484,1.2865746966235785,1.2465355499564625,1.1314992987549828,1.293547028613116
2013-04-30,1.3441545504064951,1.399056575543262,1.310396150045253,1.2887149374281242,1.2485559599892655,1.1334144853070214,1.2967915296924621
2013-05-01,1.3323697502530154,1.3905521177594324,1.3012806042630505,1.2804295626327376,1.240746574689806,1.125930049489564,1.2842894838810097
2013-05-02,1.3447446336196318,1.3992977605364196,1.310787050459717,1.2889110811414075,1.2484829228345231,1.1328697026419339,1.2969957315369773
2013-05-03,1.3583815144950173,1.4090633139701252,1.3211380200515621,1.2981666564114507,1.2573338434841514,1.141003561966961,1.311723680545692
2013-05-06,1.3618325536895364,1.4114713225438826,1.3237019326517685,1.3004552079963023,1.2596406330436825,1.1431680453716793,1.3151715903129542
2013-05-07,1.3687349532997026,1.4163527062531431,1.3289748558140908,1.3052304479319856,1.2644404775886975,1.1477282870247572,1.3222247846911623
2013-05-08,1.374964555256132,1.4207716469859872,1.33382011309879,1.3096687921281605,1.268919608793719,1.1520457573197962,1.3278865855638955
2013-05-09,1.3710917527198343,1.4180302190169958,1.3307315685075838,1.3068008004762453,1.266015894561717,1.1491935648171943,1.3241575348312453
2013-05-10,1.3755539960270116,1.4212669292004083,1.3343604169908014,1.3101771337863988,1.269391776244169,1.1523610361243741,1.3289462460124213
2013-05-13,1.3766471115274488,1.4220624409812892,1.335260876203621,1.3110184030161511,1.2702300416693477,1.1531526915670385,1.3301811704997175
2013-05-14,1.3908738347001244,1.4324569733373398,1.3475149341627803,1.322627978198317,1.2816653748542732,1.164123801823501,1.3445212796011718
2013-05-15,1.39836567508117,1.4392210762227982,1.353746797687094,1.328386729586581,1.2878407257805977,1.1702412829000326,1.3521399438774897
2013-05-16,1.3917999152137186,1.4326768150852978,1.3481873245889395,1.3232127019347009,1.2822600437229734,1.1645591073456565,1.3449327095810304
2013-05-17,1.4052685565230292,1.4483836908497145,1.3597726895809943,1.3339109343696367,1.293404253650765,1.175153977132781,1.359348016311668
2013-05-20,1.4051839147556577,1.4482387130119045,1.3596868942018565,1.333825170619421,1.2933171513928468,1.1750486517744414,1.3592249514197587
2013-05-21,1.4072043956542033,1.4507521096036498,1.3614167793646152,1.3354082451797036,1.2950602684409958,1.1767729078534053,1.361499300314234
2013-05-22,1.396766475692711,1.4377385763337844,1.352096198214767,1.3267794235928922,1.2857590369358654,1.1674390253169682,1.3515995352576666
2013-05-23,1.39272551389562,1.4328886279487947,1.3485092486927999,1.323534886498698,1.2824343701110843,1.1642741296228392,1.3484930027125435
2013-05-24,1.391547596017247,1.4314979194847257,1.347421817431266,1.3225570822079482,1.281467880192225,1.1633891044708013,1.347385782337688
2013-05-28,1.399880714533951,1.441175804578598,1.3552177933410459,1.329594369787747,1.2884235797568795,1.1696206361400558,1.3546216158167264
2013-05-29,1.3907893535433176,1.430594249063501,1.3466492172524758,1.3218740553764845,1.2806149013334711,1.1624389284263037,1.3469868577024449
2013-05-30,1.3959239126725387,1.436297679037885,1.3514854162101064,1.3261640372663244,1.284732242827184,1.166006401231856,1.3510363663920983
2013-05-31,1.3758903145485981,1.413966300533713,1.3322082631248664,1.3089256187750595,1.2680649078876929,1.1511883467820294,1.3336542541437135
2013-06-03,1.3834661542547582,1.4215221814680892,1.3386498482793638,1.3142224235081985,1.2726833552435226,1.1553686677693995,1.3391712061204555
2013-06-04,1.3768157526199352,1.4146188225099514,1.3328599975929678,1.3093541877366703,1.268328014116957,1.151372893758308,1.3344077056179124
2013-06-05,1.357539272695974,1.3939892937015936,1.3158093063268415,1.29502312588868,1.2556497542822245,1.1402954775647955,1.3220176384631575
2013-06-06,1.3698295142952186,1.4055418392449106,1.3257284134754093,1.3030175094476122,1.2624191569874632,1.1461142658133843,1.3309927881617254
2013-06-07,1.3872541544131198,1.4215325083939203,1.3396541481641064,1.3144119015160027,1.2724927848575311,1.154940060882229,1.344150734727753
2013-06-10,1.3872541544131198,1.4214929874574296,1.3396272220199494,1.3143917870685442,1.2724755756926218,1.1549152717091697,1.3440706617300497
2013-06-11,1.3729437531364583,1.4091161409309485,1.3284075088858043,1.3050178492428415,1.2634974563196584,1.1468351089825288,1.3339386897704035
2013-06-12,1.361579752661372,1.399674905284116,1.3196830934964165,1.2978096158473573,1.2568524244999295,1.1411097325262005,1.3264235502671482
2013-06-13,1.3822880757658205,1.4164186831810885,1.3355409111753471,1.310896151883667,1.268613534003375,1.150748844402183,1.3392548665419308
2013-06-14,1.3736167114007591,1.4097192176260451,1.3293446443202959,1.305800510261828,1.2634817253097932,1.1464016550006566,1.3336145369596832
2013-06-17,1.3842237542864302,1.417902701707028,1.3369911774132481,1.312145318161628,1.2697448783722651,1.151459126691,1.342100021322907
2013-06-18,1.39516759752538,1.426172695670036,1.344910378269205,1.3188173666277199,1.2764453760208807,1.1569784673733312,1.3504844088046861
2013-06-19,1.375890314548598,1.4114512878308085,1.330930611736965,1.3068560567938245,1.2641422118072032,1.1466300455704563,1.3308149143934669
2013-06-20,1.3417980722074925,1.386775413724428,1.3073145973090436,1.2871361680869937,1.2454436517626837,1.1310515622680686,1.3065005275220258
2013-06-21,1.3461058081518398,1.3894211797404674,1.3097517054995673,1.2890475250577342,1.2470405267520779,1.1324888574375072,1.3091214134163067
2013-06-24,1.3290963463425822,1.3787204819073808,1.2995487186070638,1.2807384048693964,1.2399722345409934,1.1261538908793456,1.300941988766091
2013-06-25,1.3418743622255216,1.3865807973015838,1.307113448369936,1.2869228362285312,1.2451480251808411,1.1305573815686472,1.3067004610670248
2013-06-26,1.355160148407408,1.3944922906365846,1.3149902291067461,1.293487092044334,1.2507697506363353,1.135433861505307,1.3126026140997722
2013-06-27,1.363114547213558,1.3991383037282408,1.3197012740688865,1.2974834247856775,1.254280849527541,1.138532113705188,1.3177524927231095
2013-06-28,1.357529957283246,1.3958935535930206,1.3163227493765175,1.2945416720333667,1.2516760149233295,1.1361980842186192,1.312868963092498
2013-07-01,1.3654841954788315,1.4005332068886625,1.3212446783184764,1.298884665314365,1.2554932000461034,1.1395117488814015,1.3178809168253458
2013-07-02,1.3642148901893878,1.3997606758566916,1.3204350134023672,1.2981480588282952,1.2548393995996756,1.1389348984709222,1.3168094857425048
2013-07-03,1.3648073825609883,1.400115472281137,1.32080735990799,1.2984824123247087,1.255135384167886,1.1391947316508337,1.3172611989068015
2013-07-05,1.3795318378723438,1.409042852605212,1.3306789694478869,1.3077159843745356,1.2632111762418723,1.1462512731398413,1.3301502127538918
2013-07-08,1.3874014343005576,1.4138850128113665,1.3358780955389733,1.312568767696807,1.267690910603399,1.1502419675268034,1.3355996764088371
2013-07-09,1.3973872355236234,1.4200854678639034,1.3425870957305093,1.3189157809864323,1.273611289466976,1.155590714201416,1.3439982871168596
2013-07-10,1.397895407348981,1.420397389081412,1.3429267851591495,1.3192363122754847,1.2739079891040277,1.155857255259753,1.3444212236647566
2013-07-11,1.416935307911769,1.4324894787667546,1.3562400114551065,1.3321548348285872,1.286121378896543,1.1671251515497865,1.3627109557935204
2013-07-12,1.4175278002833698,1.4328576865275784,1.3566162060023625,1.3324969196724623,1.2864976015274583,1.167470176937757,1.363021096886105
2013-07-15,1.422943267289503,1.4363266947192457,1.3603372281778432,1.3360633281387158,1.2902115928485418,1.171015296108478,1.367970840252868
2013-07-16,1.4176127632718698,1.4327195285906207,1.3565589338942268,1.3323752793275558,1.2863946502258972,1.1673197698696482,1.3631885073406191
2013-07-17,1.4212512349948945,1.4351881074506936,1.3591839661954128,1.33494139469832,1.289009858082769,1.169713742824736,1.366463658641664
2013-07-18,1.429036350266301,1.4405286233962151,1.3649691047455508,1.3406681488799923,1.2947826352786038,1.1750840384811552,1.3734621582148143
2013-07-19,1.431574479013496,1.442278185612397,1.3668803365177034,1.3425690133091872,1.2967113485659527,1.1769045076750666,1.3759902199969434
2013-07-22,1.4343678179473198,1.4443198788471188,1.3690395314471646,1.3447366231878906,1.2988997271798723,1.1789969968132419,1.378490871840638
2013-07-23,1.431321356764203,1.44078701740114,1.366582038503661,1.342236674063089,1.296411496676304,1.1765771607921085,1.3754733089755231
2013-07-24,1.4260740490188628,1.4352112801137689,1.3622384064142634,1.337828202538283,1.2920781972849902,1.172508367517969,1.369685557866846
2013-07-25,1.4295442008705301,1.4394249029386206,1.365154132481364,1.3407644202211992,1.2949227998434942,1.1750357889064937,1.3731954682568346
2013-07-26,1.43106711024096,1.4413783629031194,1.3664581678431689,1.3420779641462472,1.2961893546026266,1.176181560231182,1.3748633553776182
2013-07-29,1.426666862611592,1.435265800319462,1.3625066682228937,1.3380780431409298,1.2923810511786316,1.1726591979703151,1.3705085551866683
2013-07-30,1.426666862611592,1.4352458348506658,1.3624909839481483,1.3380580912340228,1.2923725519632656,1.172644306792378,1.37036306882953
2013-07-31,1.4276824032094857,1.436632325347298,1.363429750215268,1.3390135447959595,1.2932665059520954,1.1734385064334734,1.3714686383966186
2013-08-01,1.4441841750250786,1.4601306734300359,1.379479661936247,1.3553175815872245,1.3083427872715996,1.1870943412354609,1.3846838611568653
2013-08-02,1.4466381438365952,1.4632829815571176,1.3816641650893866,1.3573500414520743,1.310619559715306,1.189226342327984,1.386929586036334
2013-08-05,1.4445225814840006,1.4604763089014325,1.3796652533503266,1.3554332337382358,1.3085948519722288,1.1872572997285848,1.3850230557040997
2013-08-06,1.4363136149334792,1.4488742383650508,1.3717350804736617,1.3478639530500183,1.3007161071861575,1.179809336452856,1.3756548292566655
2013-08-07,1.4316597632231252,1.4426186955079177,1.3672248493342838,1.343674735421208,1.296523005052011,1.176008579509067,1.3711499355028538
2013-08-08,1.436906267915644,1.449686275619795,1.3724042135963777,1.3484264952663592,1.301155030099939,1.1799956104916045,1.376410192896733
2013-08-09,1.4327597849778262,1.4441103761707306,1.3682030615335807,1.3445694804758053,1.297391896658221,1.1766515645414215,1.3718415745649333
2013-08-12,1.4310671102409604,1.4414296134179867,1.3664362910950267,1.3429738949963437,1.2958650860133376,1.1753255436128596,1.3701799913334092
2013-08-13,1.4352990379989712,1.447823470786998,1.370919281778475,1.3470263650812246,1.2997261901709607,1.1785996075566556,1.3743802093835908
2013-08-14,1.4279363285116007,1.4366830359484892,1.3628845515084116,1.33977526997226,1.292839634134417,1.172621746219433,1.367324080345294
2013-08-15,1.407965850339419,1.4065438273890372,1.341063215414711,1.3206669610190374,1.2751396906051764,1.1578259978628616,1.3478989292281855
2013-08-16,1.4033111955762438,1.4005383044811002,1.3365649382132896,1.3170060241668673,1.271970092493238,1.1550698967482715,1.3429391290047077
2013-08-19,1.3943406137299432,1.3889259528843088,1.3278877895401997,1.310022389342777,1.2660412251595905,1.1500523107788783,1.333414329870836
2013-08-20,1.4011957938342134,1.3975567669656725,1.3344923924054304,1.315293039517225,1.270476810515143,1.1536353975289528,1.340105810904792
2013-08-21,1.3925639396679632,1.3869163366149184,1.3260697825194916,1.3084734105026123,1.2646466890173442,1.1488249781101707,1.3321338566741614
2013-08-22,1.405257153172967,1.402142555957706,1.3384387211430402,1.3183934583382875,1.2730424736231165,1.1554660117593198,1.3450363536355807
2013-08-23,1.4099958072612568,1.4073422492241134,1.3428800714631,1.321980263653715,1.2762766775278254,1.158080964159782,1.350086656232936
2013-08-26,1.4047494631793023,1.4015379145377609,1.33781252869842,1.317829502797032,1.2725258153340038,1.154989415442133,1.3444859096470856
2013-08-27,1.3821557326608611,1.3766688470852677,1.3156089484473246,1.2996716858080293,1.256271679366138,1.1420496669811044,1.3220697472479153
2013-08-28,1.3870630278416367,1.3812224868542766,1.3196381186988162,1.3027646440854943,1.2588316211848511,1.144221338046877,1.3261044194044143
2013-08-29,1.38926275012991,1.3832746466235375,1.3215165205744557,1.3042401496446,1.2600696829133673,1.1452688457588234,1.3279819652258933
2013-08-30,1.3848628237216705,1.379161862652756,1.3176024318836816,1.301083999765706,1.2574290866948252,1.1430073683321083,1.3242139547832406
2013-09-03,1.3911251902332116,1.3855893493071794,1.3232688794486502,1.30567634209296,1.2612645036879246,1.1461970409231161,1.3290850570713986
2013-09-04,1.4026339008267072,1.397295841205668,1.3338683515072298,1.31438645775009,1.2686068539252051,1.1523622344975344,1.3386331006242935
2013-09-05,1.4044113779415086,1.3989583946831408,1.3354660899506923,1.3157113879162066,1.2697689509187189,1.153350660097764,1.3402432064415968
2013-09-06,1.4050878696382234,1.399606822637191,1.336077787861242,1.3162168890740737,1.2702173679723796,1.1537348792256963,1.3408884301019082
2013-09-09,1.4185430196601352,1.4126335738935043,1.348997464278551,1.3271500841750457,1.2798288403745908,1.1621067334332673,1.3521909013124798
2013-09-10,1.4290363502663013,1.4222736085981837,1.3586810286565092,1.335295736748418,1.2875738540001858,1.169018734284881,1.3600263625658575
2013-09-11,1.4335209184419124,1.4262724874407346,1.3627875584213656,1.338768666837405,1.2909818696956097,1.1721239926910136,1.3642270985403357
2013-09-12,1.4297134844052735,1.4228751094228815,1.3591973100564212,1.3356931575400046,1.287963431467934,1.1693164198566308,1.3605892963594703
2013-09-13,1.4329289079020047,1.4257451794957656,1.362276545610109,1.3383288189976135,1.2905244952004264,1.1716015688207917,1.3636745500999539
2013-09-16,1.4412220343882047,1.4332218248277735,1.3704612362480675,1.3453915830795946,1.2973263982429786,1.1777668718486667,1.3719346811240047
2013-09-17,1.4476540056556173,1.439621403972285,1.3768405979319858,1.3509071869430171,1.3027425804763222,1.1827868380244841,1.3789745209867774
2013-09-18,1.4644095421627605,1.4566080673483617,1.3936896051904597,1.3655354080774824,1.3172424578499657,1.1965417525068291,1.3977330371932906
2013-09-19,1.46195541274068,1.454144391366208,1.3913455360395781,1.3635362850736747,1.315050480452526,1.194348170159247,1.395081475880044
2013-09-20,1.451733032156441,1.4439723476052486,1.3815080070672916,1.355161817198527,1.3058593472227344,1.185508413787922,1.385379417261369
2013-09-23,1.4450156559163163,1.43734368550669,1.3751020747263296,1.3498021615219011,1.3003187530265632,1.1804247093828064,1.3782541841467784
2013-09-24,1.4416142453861576,1.4339509424880206,1.3718062029380431,1.3470659882158926,1.2975865568666685,1.1780247118043423,1.3744711660285958
2013-09-25,1.4374480073489344,1.429820704203842,1.367655116303195,1.3436045002699382,1.2941945764304212,1.1751582833777725,1.3708774044598582
2013-09-26,1.4429747774761084,1.4353169915148067,1.3732505909570114,1.3482657542659513,1.2987133104931434,1.1788576862285705,1.3768518466052626
2013-09-27,1.4363418823927911,1.4266456298081833,1.3663802712102155,1.3423923320673345,1.2930405822290978,1.1740861073291091,1.3695327392292425
2013-09-30,1.4286891102263448,1.4172264832840014,1.3583745177960376,1.3356491078802866,1.2866596176154854,1.1688945399200696,1.3612754088916348
2013-10-01,1.439998824330707,1.430457379197776,1.3702313548141432,1.345499148176582,1.2957340025810706,1.176018007840386,1.3703122990442893
2013-10-02,1.4386378104090634,1.4288694068882792,1.3688205605169954,1.34432809093054,1.29459106099376,1.1750854699833189,1.3686729863605576
2013-10-03,1.4253725020741217,1.4135059178605291,1.3548266839771466,1.3326475261839352,1.28333288557582,1.1660536579436804,1.3583259629904856
2013-10-04,1.4361716351946625,1.4253645496235936,1.365630784417502,1.3413384148250966,1.2912292026651848,1.172367059813311,1.369290645178455
2013-10-07,1.423756920408107,1.4120946312736993,1.353371776562539,1.331391877986405,1.2817454084545676,1.1646141143852113,1.3577856737593637
2013-10-08,1.4071748433103783,1.395433409190305,1.337488390535623,1.3187193727590454,1.2701538160161232,1.155341057873814,1.3414461651794438
2013-10-09,1.4081955234463288,1.396401353290468,1.3383532612293796,1.3193801382626578,1.2707088659956352,1.1557830367172923,1.342449009848953
2013-10-10,1.4385528474205642,1.4269725414309962,1.3662473751911024,1.3414798470843774,1.2898774314970365,1.1712384504907924,1.3709947368022313
2013-10-11,1.4478220043058472,1.4342289842360894,1.3728792399029466,1.3466145995310557,1.2959165675307296,1.176245551195826,1.3793032553324522
2013-10-14,1.4536043058407784,1.4387864949712632,1.3771377753323855,1.3499826474004641,1.2998177929902024,1.1795340027473982,1.385178836768137
2013-10-15,1.443060061685738,1.430497464446645,1.36917224452383,1.343512511810999,1.2923902903332898,1.1731659559928544,1.3772943465905356
2013-10-16,1.463214117732883,1.4461724586920646,1.3844638445117416,1.3559833063335802,1.3059313626101896,1.1842904657053228,1.3972680685844738
2013-10-17,1.4729932131597305,1.4532762435294524,1.391405904225256,1.3616541341165689,1.3127197963073172,1.1900054411248344,1.408176889999676
2013-10-18,1.482941752731885,1.4607276262912592,1.3985619309889687,1.3676041706796789,1.3198671050842852,1.1961333382421233,1.4184299288646374
2013-10-21,1.4830268763309495,1.4607837806336936,1.3986182721079956,1.367643675069276,1.3199119550513148,1.196163875576642,1.4185173501841326
2013-10-22,1.491615044423718,1.4672711386068082,1.4050331645666598,1.3731798969995375,1.3264965196044545,1.2019592017558347,1.4272423803345267
2013-10-23,1.4844723714094006,1.4618402931530725,1.399605285365321,1.368407017530164,1.320819301980706,1.1968537447585545,1.4201069687942292
2013-10-24,1.4894047218382027,1.4655531654631722,1.4034126419750372,1.3717647578053316,1.3246472121020951,1.2001157475027302,1.425173662422321
2013-10-25,1.4962075428985202,1.4707052708473671,1.408794323385544,1.376585633200696,1.330084068103298,1.204851144635979,1.4322520662699127
2013-10-28,1.4985879520715997,1.4725042253765313,1.4107063157494384,1.3783217006185728,1.3320339167060273,1.2065786135090943,1.434714185823616
2013-10-29,1.5065825035188176,1.4786338865061504,1.4173397771377045,1.384460218356162,1.3388167386540764,1.2127117092263981,1.4433051891209618
2013-10-30,1.4990991754976786,1.4727725508652896,1.4110246707771075,1.3785600725799658,1.3322661033202128,1.2066314094008521,1.4358510391309065
2013-10-31,1.494846689587441,1.469466184825456,1.407374485671509,1.3751914330049928,1.3286710627879565,1.2034299956240622,1.4310281642445315
2013-11-01,1.4984185079262926,1.472222440407648,1.4104957605090827,1.3780799740915557,1.3316813310557363,1.2059881984548706,1.4344315821074136
2013-11-04,1.5036905496985307,1.4764832758022008,1.4152350762283035,1.3825062442270897,1.3362321196318554,1.2099355833252718,1.4385726057756036
2013-11-05,1.4989286070784216,1.4725569689545521,1.4108285857537015,1.3783517106612853,1.331985213596992,1.206152969663654,1.4337833430108895
2013-11-06,1.5065825035188178,1.4791030812913135,1.4180370396285622,1.385093860746274,1.3387358654353396,1.2119187693747333,1.441461498423895
2013-11-07,1.4875336087644306,1.4607576332829837,1.3998611868835826,1.3681101145900842,1.321503204969401,1.1967644919510674,1.422491094497589
2013-11-08,1.5076027018230753,1.4776312099925073,1.4173354311049613,1.3829849898680617,1.3348839832061485,1.2088446472563297,1.4425072779297
2013-11-11,1.5078575907885756,1.4777902029104206,1.4174900250511773,1.3831050332433623,1.3350424311364375,1.2089791048845846,1.442723929462053
2013-11-12,1.504795871601853,1.474831059200524,1.414927413225671,1.3809098248348495,1.332802613673822,1.2068937661335655,1.4393475712797925
2013-11-13,1.51687153748723,1.486402984311597,1.425232140129323,1.3897932727845828,1.3417725209160587,1.2150071232648325,1.4523111967810214
2013-11-14,1.5244393466651762,1.4938650289012503,1.4316271020372424,1.395335301871412,1.3475687566115113,1.2203466907502623,1.4600438078481992
2013-11-15,1.5310722417484934,1.5009765082182303,1.4373100465900601,1.4003123773876993,1.352808777464767,1.2252608305696753,1.4668121439241828
2013-11-18,1.5257145945454982,1.4950851420871036,1.4326158295956213,1.3961379991434468,1.3484140980299277,1.2210481702424196,1.461500681078929
2013-11-19,1.5223986288355325,1.4914460393858746,1.4296364277942095,1.3934935012725538,1.3457101704305654,1.2185533983794874,1.4581013662285731
2013-11-20,1.5176360437731662,1.4862571147606403,1.4252408919756325,1.3895744457077022,1.341759832658762,1.2150531998472853,1.453298806870709
2013-11-21,1.529881956856672,1.4996264861475535,1.4367451407819556,1.3998044083761763,1.3519108129227757,1.2237160185680374,1.4656606291892254
2013-11-22,1.5375350502442469,1.507902216136213,1.44379875050848,1.4060285827525585,1.3584116919775335,1.2294111913146941,1.4735693666740088
2013-11-25,1.536003949735039,1.5062497026831567,1.4423595434221532,1.404745225941663,1.3570565684344769,1.2281802586653288,1.4719990011131125
2013-11-26,1.536429246509232,1.5067058614692528,1.4427471444681779,1.4050864442276372,1.3574200441938384,1.2285102112609352,1.4724250660640978
2013-11-27,1.5401708302145192,1.5107407524583354,1.446440080245966,1.4084231074784803,1.3608422276788412,1.2315823984112364,1.4764025159316994
2013-11-29,1.5391506319102617,1.5096163046276445,1.4453805046910921,1.4074544008731986,1.3598684200909068,1.230673857587842,1.475337957177004
2013-12-02,1.53515399862891,1.5051065434849082,1.4411572026041164,1.4036116789553423,1.3560376004614887,1.227176289418301,1.4713546781829385
2013-12-03,1.5285211035455928,1.497650745104655,1.434000514532089,1.3971850164004072,1.3497374671094065,1.2215837532581824,1.4647948637066792
2013-12-04,1.5283511775685925,1.4974449780761354,1.4338061643072537,1.3970130051368133,1.349553760862977,1.2214034380528496,1.4645793516188248
2013-12-05,1.5216329982756467,1.4900284527610785,1.4262430553370002,1.3903814541998873,1.3432840364407987,1.2160209092202434,1.4577776404948732
2013-12-06,1.5386406933686974,1.5086104916622862,1.44547330810835,1.4068085157084416,1.3584807212544077,1.2285946626263398,1.4776461937598322
2013-12-09,1.5425523636615492,1.5125729314474141,1.449421499868515,1.41005426479438,1.3620497082206589,1.231644112375652,1.4820592667176793
2013-12-10,1.5370249510921183,1.5057860483133267,1.4435658716267212,1.4051536788812171,1.3568551152289943,1.2270613828438257,1.476002842868475
2013-12-11,1.5197625276441318,1.4819951999404104,1.4250029021065227,1.389773719367613,1.3410225224293268,1.2136042853810776,1.4573568295944148
2013-12-12,1.5147455354479582,1.475961764229532,1.420005815220336,1.3858174229209999,1.3373007924711018,1.2103818192886997,1.4523490889171717
2013-12-13,1.5145748064181368,1.4757567571848214,1.4198184388445703,1.3856675574610942,1.3371697046895348,1.2102683478053449,1.4521639624927183
2013-12-16,1.5240142105015484,1.4873658675395858,1.4295630256138536,1.3934221587115032,1.344208395602193,1.2161814954945662,1.460992115980181
2013-12-17,1.5191671442823749,1.481437293543475,1.42456719148603,1.3894082516665884,1.3404409606762964,1.2129424875743893,1.4555366888006263
2013-12-18,1.5451030200327582,1.5134217661420577,1.4518226367015283,1.4113013124859466,1.3606620507449299,1.2296828750070858,1.4809879417372733
2013-12-19,1.5433176730003073,1.511454395354607,1.4501328834463936,1.4099682995074727,1.3592074968378385,1.2284080973538438,1.4792497200264005
2013-12-20,1.5522943580480504,1.5204309436273127,1.458111115453534,1.416270346475553,1.3665922931105465,1.2346931871721218,1.4876068182988407
2013-12-23,1.5605878057553788,1.5286777332758479,1.4655468637401965,1.4222400310157972,1.3736082224927169,1.2407842417947905,1.4945960400760863
2013-12-24,1.5640068834476073,1.5321336556834284,1.4686387078203207,1.4247558387762242,1.376569013717552,1.243407476281286,1.4977069630914914
2013-12-26,1.5719590337058573,1.5402852516251673,1.4760266929292711,1.4308780548965288,1.3836568595212684,1.2498233473861386,1.5063699267086699
2013-12-27,1.5718739101067931,1.5401914524183995,1.475938440635253,1.430792441083239,1.3835575487536536,1.249715142458463,1.5061965731016238
2013-12-30,1.5716172544250862,1.539930149578351,1.4756658834001284,1.430552844872233,1.3833001172909014,1.2494712927193,1.5059412110618726
2013-12-31,1.5790557720987934,1.5474957064564565,1.4830940136748518,1.436943368774089,1.390422474839572,1.25614317240074,1.513342189441231
2014-01-02,1.5639222416802365,1.5321994753397306,1.4677529621643899,1.423645176780756,1.3755977243568576,1.2418254080291804,1.4982823122475013
2014-01-03,1.5636655859985293,1.5319076872205248,1.4674676589994364,1.423374892152719,1.3752430968086147,1.2414745358849404,1.4980083313703845
2014-01-06,1.5591349225909723,1.5275301951410671,1.4629400757546707,1.4196034998478613,1.3715731730874843,1.2380302418882672,1.493534537893586
2014-01-07,1.5687105244328865,1.5366724355893449,1.4726643268458013,1.4276876452610419,1.3793447817793238,1.2450124844007284,1.5028509473520535
2014-01-08,1.5690524643242223,1.5369972438767694,1.4730086125535446,1.427975515692409,1.379611143382096,1.2452445539963122,1.503173308814633
2014-01-09,1.570078123387665,1.5379962295612055,1.4740569217816495,1.428853533856666,1.3804755538451523,1.246042471514463,1.5041985257994568
2014-01-10,1.5743529341663367,1.5423694407167485,1.478643628075001,1.4327393573931653,1.3842405048786008,1.2495762742192766,1.5084503174014474
2014-01-13,1.5534064255950724,1.520650199551996,1.4554860527215516,1.412976418083729,1.365209955218662,1.23131867233278,1.4901428472206506
2014-01-14,1.5703347790693727,1.5374924435035338,1.471642698743272,1.4255414718226516,1.3760356232257316,1.2417664146980134,1.5097648376853674
2014-01-15,1.5787991164170871,1.5455487935381547,1.4792624689084541,1.4315296255313865,1.381741681915796,1.2473905918741943,1.517747989127848
2014-01-16,1.5767465134056873,1.5435937571869567,1.4773793798468269,1.4300143380602033,1.3802769343649142,1.2459160789578791,1.515156866876488
2014-01-17,1.570078123387666,1.5372127150742283,1.4710790932311681,1.4249096564462698,1.375411838431842,1.2411839421314796,1.5067662782740774
2014-01-21,1.574694713447109,1.5415933782987452,1.4754859110049483,1.428476989845997,1.3787647110018697,1.2442467045802528,1.5124192257020328
2014-01-22,1.5757210149528091,1.542610395835204,1.4764738747985149,1.429279244639819,1.3795162924709075,1.2449420615479987,1.513458230538251
2014-01-23,1.562810655964909,1.5280138754543149,1.463400881079628,1.4184090658010766,1.3694331319202906,1.2354442855824377,1.5005475233732442
2014-01-24,1.5294672603797232,1.4918914667574488,1.4306522972318514,1.3920146568247982,1.3458643349397215,1.2142957461685453,1.468911643163414
2014-01-27,1.5219429766646948,1.4853801261522164,1.4248383221094072,1.3876503517684364,1.342262339510464,1.2108639413703743,1.461454745789419
2014-01-28,1.5310063914171446,1.4929945178480164,1.4317509160747344,1.3928668470715115,1.3464950710283312,1.2147555871119624,1.4712312196020632
2014-01-29,1.5163007275418088,1.480712104161453,1.4203826128970651,1.3840516377394332,1.3392837986583872,1.2080701775950042,1.450156311120471
2014-01-30,1.5323739903719231,1.4937493894697904,1.43259196980576,1.3935175054811753,1.3469485899940135,1.214757114217527,1.465130733759416
2014-01-31,1.523396502271359,1.4868487954805072,1.4259326540172292,1.3882752553119921,1.342442331450634,1.2107378770213575,1.4574482238355595
2014-02-03,1.4891120893901018,1.4604019712568284,1.4001629179235153,1.3677082915549865,1.324977598155405,1.195908572828283,1.4262851261811094
2014-02-04,1.4995421394339448,1.4674412277264344,1.4066181182227933,1.37259756711934,1.3288912331860292,1.1993874328662562,1.434048697847839
2014-02-05,1.497661871558009,1.4661804457494223,1.4054173629623092,1.3716480790122356,1.3281149224895032,1.1986887979849468,1.4324162377124279
2014-02-06,1.5174116708148804,1.4793048056220557,1.4183385589185693,1.3820075016263653,1.3365167389278783,1.206126348875968,1.4481338288020682
2014-02-07,1.536221255828502,1.491194360911702,1.4302060431606762,1.3916557558645284,1.3448937606499245,1.2136836225410275,1.462518709787247
2014-02-10,1.5390427016110735,1.4928706495345516,1.4319324358776333,1.3930837472977187,1.3461937609935704,1.214874457924833,1.464081796882513
2014-02-11,1.5558859314863092,1.5029881461075183,1.4425932394951244,1.402093750258235,1.3544468779169188,1.222499979590997,1.476880553869465
2014-02-12,1.5566550954786091,1.5034218676597262,1.4430679372071156,1.4025044094493393,1.354822603139598,1.2228471605978541,1.4774693556438205
2014-02-13,1.5646917268936664,1.5082681267698654,1.4482273132097143,1.4070238009096256,1.3591353201767713,1.2269114780384331,1.4853590015143476
2014-02-14,1.5733269538817665,1.5135967063268478,1.453884420721768,1.4120899586333453,1.3639858643767684,1.2315244058398391,1.492307179201147
2014-02-18,1.5752075429788306,1.5147566716483374,1.4551303790296304,1.4132205785003633,1.36507351327817,1.2325665821259533,1.4940773685441988
2014-02-19,1.564777653545552,1.5083255768827777,1.4479375376768968,1.4064854906550643,1.358628196497352,1.2263459603292033,1.482683091537088
2014-02-20,1.5740114761066948,1.5139920005381193,1.4543700196372848,1.4124711411968707,1.3642042030691282,1.2313687798029225,1.4938302960128749
2014-02-21,1.5722155287770019,1.5128957822407663,1.4530916532604206,1.4112584171327536,1.3630502611626574,1.2303031222492147,1.4917903963558905
2014-02-24,1.5809363611958591,1.5182043858576835,1.4594323777506752,1.4173231351074793,1.3687500560670878,1.2354430913335317,1.5013068453250509
2014-02-25,1.5803376050122522,1.5178312991988718,1.4589802060584354,1.416879553415488,1.3683202916474857,1.235043282939656,1.5005135750396141
2014-02-26,1.5804233710535736,1.5178127640106829,1.4590273260349773,1.4169178334994628,1.368360264149012,1.2350835542298322,1.5002245673728392
2014-02-27,1.5887161763186453,1.523823876770501,1.465534991196569,1.4233798880121429,1.3744340663330599,1.2405891965924363,1.5084980009155184
2014-02-28,1.592734652636738,1.5267415085046752,1.4687339204499075,1.4265871672563435,1.3774821376708988,1.243396396260154,1.5128455429547067
2014-03-03,1.5815346355477737,1.5181466140819797,1.4595314465602784,1.4172373071708364,1.3686135839421385,1.2350831267924032,1.4994116948671792
2014-03-04,1.6037641013064452,1.5351239190440804,1.4777796045562743,1.4350258703709657,1.384859531114494,1.2494872192572675,1.522213342068911
2014-03-05,1.6052179481342381,1.5361776941701453,1.4788294129621735,1.4359575221553382,1.3859399038276667,1.2504635668964361,1.523761697336563
2014-03-06,1.6088941633398668,1.5397504215104254,1.4816782399525754,1.4386184998872655,1.388799095927713,1.25311860291863,1.527636459747935
2014-03-07,1.6095777219014098,1.5404584264259211,1.4822085859970826,1.4391142193403994,1.3893314240337344,1.2536126785976012,1.5283577517478428
2014-03-10,1.6087227918677884,1.5395473611576977,1.4814814415401176,1.438405636417499,1.3885996734064041,1.2529102482211556,1.5274112829396875
2014-03-11,1.6007717658834884,1.530467823738668,1.4746803386329495,1.4317911811340809,1.3817863717009864,1.2464912865181998,1.5178020749865329
2014-03-12,1.6011989899844528,1.530933812985822,1.4750402066507826,1.4321412582162578,1.3821097036239247,1.2467471009804567,1.5180824780616065
2014-03-13,1.583244495615017,1.5097768916900756,1.4589947427657683,1.4167025807755196,1.3669251637222943,1.233041486005974,1.4975259751077634
2014-03-14,1.5787991164170885,1.5048107043379375,1.4552063791011518,1.4132901081167175,1.3637982974064615,1.2302320198044605,1.492065796742307
2014-03-17,1.59307755619146,1.5204002322862502,1.4675471017393342,1.424280096135327,1.3736212753564085,1.2387303128500924,1.5049624411834153
2014-03-18,1.604448302310246,1.5323329989855177,1.477138833958481,1.4327696745173517,1.3817229387066414,1.2458934617830963,1.51604578799041
2014-03-19,1.5958983595317746,1.5234359352577027,1.4699330406122386,1.4263589747048497,1.3753747078079515,1.240139039706749,1.5073167072110438
2014-03-20,1.6052179481342388,1.532836514818066,1.4778766378542254,1.4333730038134231,1.3820930803465106,1.2458908290211412,1.5165027957143633
2014-03-21,1.598992361441916,1.5263674867826866,1.4725185081777499,1.4285979702941105,1.3774143337620421,1.2417786327223352,1.5118682862645556
2014-03-24,1.5923792214580041,1.5195171922934712,1.4666995194732848,1.4234306912852348,1.3724671103177781,1.2375991991087387,1.5057382605271514
2014-03-25,1.5999359485070157,1.5272167139766286,1.4734448528132484,1.4293970189062528,1.378093635072367,1.2421297001547897,1.5115479413658564
2014-03-26,1.588429004629727,1.515404290552486,1.462997373419267,1.4200716268836389,1.3692069765297479,1.2347980045874158,1.502219170172796
2014-03-27,1.5850799531435211,1.512072736313256,1.4599781389371589,1.417434546547194,1.366766595892765,1.2328305180471932,1.4994015448333593
2014-03-28,1.5928946207587542,1.5197410392529398,1.467186264296557,1.4237136780182817,1.3724879018718728,1.2373164596235728,1.5056093287781587
2014-03-31,1.6059471200960354,1.5325805873677472,1.4793923903667547,1.434463479567507,1.3823985697204009,1.2452372561042038,1.5158828994064668
2014-04-01,1.6165962429495457,1.5426508131176613,1.489131266594409,1.4429938939209686,1.3907477345465582,1.2520705120436433,1.5261577640824886
2014-04-02,1.6220057673648012,1.547852194425684,1.494071239513943,1.4473365611415405,1.3951122752112237,1.2557200237775394,1.5310704871920053
2014-04-03,1.6198587253416092,1.54541692208951,1.4920492182371436,1.445532985016848,1.3933004133399307,1.2541610413582953,1.5287181768429308
2014-04-04,1.600709448984552,1.5246469939507692,1.4736058494945339,1.4290852801517466,1.3769697757589923,1.2404311868505111,1.507764449075842
2014-04-07,1.5830188377722154,1.5072647794710454,1.4578441954277046,1.4159551794042504,1.3651210835776921,1.2302054078806441,1.4873202147545015
2014-04-08,1.5895458904936774,1.5131680547077404,1.463299461209871,1.4203183955796197,1.3688511920219777,1.2333475033553538,1.494655149401888
2014-04-09,1.6066346939216858,1.5285428862325472,1.477945722544229,1.4322983870110293,1.3792046972352936,1.2421857047161808,1.5126122020499646
2014-04-10,1.5728852748300195,1.4996616815616883,1.4502078967466003,1.4095392054951563,1.3578567766578857,1.2235748877016293,1.4844100180823336
2014-04-11,1.5587168532921745,1.489447901567083,1.4405176777074558,1.4020633810411585,1.351541057202143,1.2177400172242665,1.4758099623108918
2014-04-14,1.5709968158153058,1.4983453530878608,1.4488068847537594,1.4084980990646256,1.3568727037183623,1.222403839058433,1.4833707859353484
2014-04-15,1.5818165070880734,1.5059884232583771,1.4561315982377958,1.4143128984254627,1.3617852299806865,1.2267653929542524,1.4899201950863357
2014-04-16,1.5983905536575889,1.5178336954053555,1.4674527579853984,1.423518282832484,1.3696889268700974,1.2338628228033952,1.5004488533674913
2014-04-17,1.6006235223326666,1.5193818427411632,1.4689438742412433,1.424756435044899,1.370786293984251,1.2348586722728443,1.5018779945032752
2014-04-21,1.60620554249395,1.5233101990042244,1.4727883701083895,1.427999794230399,1.3736959996014997,1.2375235125359514,1.5055526646188504
2014-04-22,1.6135041683661762,1.528482984364451,1.477947846578499,1.432456812658102,1.3776871563885327,1.2412051958555235,1.5114021880786135
2014-04-23,1.6097259654522347,1.5258072841170987,1.475202955651545,1.4300213309200462,1.3754949394829479,1.2391591100875423,1.5076997206682032
2014-04-24,1.6129889296759907,1.5281274520654695,1.4776149747346154,1.432175726988057,1.377423120047442,1.2409119026479942,1.5112376195179391
2014-04-25,1.5997644164243743,1.518661029333692,1.4674709610200838,1.422901017350133,1.3691725779795825,1.2334154657275114,1.4969820337261726
2014-04-28,1.6048310372849082,1.522269321135328,1.4713300099536624,1.4263396915433773,1.3721467976961261,1.235960349638522,1.5025955246193938
2014-04-29,1.6123024801242911,1.5275896386914873,1.4771536634799503,1.431629838302652,1.3767424832868045,1.239960343375981,1.5104577698552806
2014-04-30,1.6171109998080393,1.5310121741510845,1.4809675266529625,1.4351445873974429,1.379827041159972,1.2426726339503626,1.5149032868741348
2014-05-01,1.6172831743329392,1.5311258609084055,1.4810913351505604,1.4352516348680404,1.379921060164147,1.2427517737708824,1.515021442838727
2014-05-02,1.614964921448233,1.5294093456316826,1.4791198117720317,1.4333716422335463,1.3782771863260677,1.2412854591888063,1.512721425080504
2014-05-05,1.6180560323682174,1.531693029192244,1.4817788560965037,1.4359077174513204,1.3804922385651461,1.2432290781177033,1.5157415033886494
2014-05-06,1.6039725738188724,1.5212926195101701,1.469201887674788,1.4237703029830775,1.3699267234768144,1.2339016946083714,1.5015883761914302
2014-05-07,1.6134185629354192,1.528447314547877,1.4774075215914944,1.4312017161210466,1.3762129634337525,1.2392562193502952,1.511032222683631
2014-05-08,1.6117003511188344,1.527057033032556,1.4758979440977689,1.4298196399956953,1.374991701156611,1.2381891685959046,1.509308355621117
2014-05-09,1.6141056549293762,1.5289687174528124,1.4780476818029809,1.431793470192751,1.376709778050691,1.2396652833044162,1.5115833435378923
2014-05-12,1.6298205955905993,1.542059160253733,1.4926321041679755,1.445338712748217,1.3884527164538565,1.249807134721802,1.526974527691113
2014-05-13,1.631280706230399,1.5434378487410938,1.4939036859941537,1.4464689471125518,1.3895611698523467,1.2507759743800888,1.5284132329304967
2014-05-14,1.6235516440459232,1.5339885487229323,1.4867758074037476,1.4399496539358314,1.3833662690701651,1.2452168479446946,1.5206618331388526
2014-05-15,1.6092968140245,1.5169065397975066,1.4734905023448077,1.4280087942189128,1.3722493019687507,1.235665894160615,1.505997904605374
2014-05-16,1.614878994796348,1.5230994770259279,1.4785132160521959,1.43228960869099,1.376021952521439,1.2388177769184205,1.511187369133027
2014-05-19,1.6208044003440458,1.5302480018075808,1.4839689897411725,1.437024778433261,1.3802379475744322,1.2423923865068498,1.51733627354578
2014-05-20,1.6105845895288353,1.517875497701546,1.4743248449678534,1.4285445867489255,1.3726416352938307,1.2358429069990264,1.5061571452772122
2014-05-21,1.6241537730513804,1.533664774709402,1.4870796284517853,1.4394764110056062,1.3822210668771073,1.243747416752062,1.5207436364459033
2014-05-22,1.6281033474374007,1.538037776034131,1.490680865593389,1.4425500401940459,1.3850965464680867,1.2461669167117948,1.5247797063104405
2014-05-23,1.6346299183271698,1.545355972462009,1.496802515090043,1.4478388928026658,1.390031426109982,1.2503847301775426,1.5320152621232608
2014-05-27,1.6446770727857876,1.5565322342988035,1.5064112907352176,1.456223856394707,1.397893759398237,1.25721859874536,1.5424045315412993
2014-05-28,1.6434753845439023,1.5550687523866482,1.5052604779545335,1.4552181224596017,1.3969009492363234,1.2563233261921494,1.5411289496830778
2014-05-29,1.6519763411002708,1.5650612523455052,1.5136227546907401,1.4625639150098424,1.4039465399018811,1.2625375422441583,1.5497357156614306
2014-05-30,1.6546387824242128,1.5681794179317696,1.516262562227463,1.4649049455874281,1.406221196172175,1.2645765496848131,1.5525207587793295
2014-06-02,1.6565278838811837,1.5703991534367052,1.5181702320711843,1.466611138917179,1.4078802379035333,1.2660895987238452,1.5547269125622503
2014-06-03,1.6556690991940197,1.569386447623673,1.5172402145610486,1.465768585934367,1.407079261419722,1.2653285931228286,1.5536538236151785
2014-06-04,1.6590181506802257,1.5733428736159123,1.5208500294529932,1.4690202808580393,1.4101777255873311,1.268214955118491,1.5581693909838128
2014-06-05,1.669838163174122,1.5861413369753645,1.5328941135771361,1.479876227739448,1.4204412167949398,1.2779580682152107,1.5710397729109855
2014-06-06,1.6778250053142547,1.5963745409496264,1.5416485346253956,1.487629639054505,1.428169916219406,1.285524030564355,1.5796641649890963
2014-06-09,1.679542735299147,1.5986085896823734,1.5435417014064745,1.4893055724974673,1.4298520086822712,1.287202227961421,1.5818219043914217
2014-06-10,1.6797142673817897,1.598824230223711,1.5437090088437802,1.4894529801486565,1.4300106227789426,1.2873478921590342,1.5815153645676874
2014-06-11,1.6738746278754133,1.5911439289824885,1.5368210377283829,1.4833885917764313,1.4240485132367617,1.2811010508603213,1.5761065731879411
2014-06-12,1.6620236561694532,1.5747229171275812,1.5226884263828449,1.4712724039529028,1.4124165950678802,1.2695576153038068,1.5647589588125268
2014-06-13,1.6670904376405513,1.5810579667937885,1.5284829353435758,1.475930427079694,1.4165824394508264,1.2734515948959235,1.5693314446300521
2014-06-16,1.6684649428495937,1.582827151879452,1.5300769347027285,1.4772266469274007,1.4177557938802494,1.2745666095215047,1.5705374244690944
2014-06-17,1.673101769840135,1.5893353191695763,1.5356546813535605,1.481784331418644,1.4218720595415582,1.2785691511761235,1.5746728413886262
2014-06-18,1.685381732363266,1.6068330397278026,1.550802207196818,1.494180642732012,1.433081262340181,1.2897034806403542,1.5848988661203092
2014-06-19,1.6872711550413653,1.6095350864453644,1.5530045036927789,1.495955691843412,1.4348317589850774,1.2914761696200796,1.5862356570194216
2014-06-20,1.6906964965456004,1.614436379860164,1.5571661762143238,1.4993299027633316,1.438088745641121,1.2948653907379488,1.589127373348011
2014-06-23,1.6901791699180793,1.6136953915194594,1.5564902831772058,1.4987799954736392,1.4375690334028681,1.2942923971868723,1.5884362478081409
2014-06-24,1.679997423806601,1.5991138870226524,1.543274706155584,1.4881226302606585,1.427477570656181,1.2835558322945613,1.5778706437643897
2014-06-25,1.6875904488431381,1.609955074879588,1.5528230878841303,1.495470926869253,1.4341018010851618,1.2900806259664563,1.58434084856777
2014-06-26,1.686382336178682,1.6082262723287377,1.5512945577413952,1.4942809993585915,1.4329871759274981,1.2889305100633388,1.5832432960910552
2014-06-27,1.6896616826799937,1.612917318142906,1.555533826849067,1.4975599149016876,1.4360044938093188,1.2919664150062098,1.5858005656977738
2014-06-30,1.6887982402864659,1.611680980829926,1.554352041384441,1.4965977571798863,1.4351416764123215,1.2910702640168659,1.5849439640223342
2014-07-01,1.7001018511893857,1.6278621452867121,1.5698888331766705,1.50885509931257,1.446207426004867,1.3022823411570894,1.5949562313155659
2014-07-02,1.7018276117024915,1.6303407910888592,1.5721227235049915,1.5106007114427455,1.4479183116390837,1.3040450989365004,1.596306079926058
2014-07-03,1.710197188817285,1.6423677991834933,1.5834986420548154,1.5195163662968112,1.4564382890413101,1.3131360821818328,1.6048830290916452
2014-07-07,1.7042436764208397,1.6337917205454004,1.5754302155473692,1.513194815392288,1.4502441119515983,1.3062706045263013,1.5984260499391956
2014-07-08,1.6932853782311053,1.6180337830790377,1.5604556261806406,1.5017252239271115,1.4393173412837565,1.2949383860403492,1.5879288135582206
2014-07-09,1.700878082046514,1.628916695761256,1.5703710048835322,1.5089932204825336,1.445829990741785,1.3012029376043845,1.5944909551221065
2014-07-10,1.694148017571812,1.6192487061780156,1.561533393372527,1.5024083924032752,1.4397700269461104,1.2951851222250288,1.5858092590818957
2014-07-11,1.6964775131960175,1.6225661717788302,1.5645986960666693,1.5046531854372118,1.4417785771399785,1.2970231444126186,1.588876176058365
2014-07-14,1.705020228499097,1.6348160096846034,1.5761575028771704,1.5131785797832669,1.4494223002966904,1.3042839954629246,1.6001695331623071
2014-07-15,1.7018276117024922,1.6302242685152288,1.571851053140404,1.5099827717412355,1.4464569015977145,1.3013763296506013,1.5956072670663797
2014-07-16,1.7081264368121232,1.639274977429201,1.5804999993061872,1.5163793451893215,1.452305671907488,1.306872821116829,1.6026886499964565
2014-07-17,1.6887119924134522,1.611327152065499,1.5535476006700395,1.496294511748626,1.4337860669718507,1.2889842692902638,1.575152139305543
2014-07-18,1.7059694369339462,1.6330496524413929,1.5736329702692324,1.5103593570890124,1.4455756974072589,1.300332335568681,1.5906181321364297
2014-07-21,1.7027768201373417,1.6291362117111516,1.5701091564678804,1.5078499571763968,1.4432388099523588,1.298025848741026,1.5878176718947066
2014-07-22,1.710197188817286,1.6380524887085588,1.578292221321616,1.5137772555565394,1.4487527417082724,1.3032653122730982,1.5945167479554543
2014-07-23,1.7139941831672474,1.6425543266043967,1.5825270935436335,1.5168938050241392,1.451667938887981,1.306060443218749,1.5987300431703446
2014-07-24,1.714079949208569,1.6426544349840766,1.5826010177521102,1.5169373663266048,1.4517122128069295,1.3060955022422158,1.598675999295575
2014-07-25,1.706055202975268,1.6326167834046073,1.5730788831882827,1.5097025491543554,1.4450238260360213,1.2995700726620234,1.5889361759408187
2014-07-28,1.7067459890122032,1.6334450169678856,1.5738942976046426,1.5103086929359093,1.4455555001413656,1.300019839236068,1.5897443840600602
2014-07-29,1.6994118682052732,1.624456264803257,1.5649046622858853,1.5034942911993845,1.4394349516727554,1.2943184396575218,1.580170123045609
2014-07-30,1.699670611824316,1.62474568423152,1.5652163233246599,1.5037333311108891,1.4396345444315166,1.294465211918773,1.5804844009567827
2014-07-31,1.6661052524393056,1.5844640546931397,1.522727190394223,1.4714790574444374,1.4112597502495923,1.2691174150265914,1.5510436359703452
2014-08-01,1.6610140581624382,1.5795319418697302,1.5179704401999596,1.4680630710189018,1.408484803410838,1.2664303617190122,1.546466700165067
2014-08-04,1.6730079732706005,1.5906239598597476,1.52866010740686,1.4757439160281178,1.4145566799188283,1.2722398858502466,1.5590923985493184
2014-08-05,1.6567859850579698,1.5758942402557905,1.5142805646657418,1.4651208202110142,1.405884854388705,1.2638840368339739,1.5459111281238453
2014-08-06,1.6573034722960553,1.5763189658778989,1.5146968748103617,1.4654265707540004,1.4061248368238406,1.264076319798208,1.5461841274598698
2014-08-07,1.6483298388490335,1.5683563423821034,1.5067631623418218,1.459421731142518,1.4013048210309313,1.2596979320113526,1.5393358391467915
2014-08-08,1.6673996129767763,1.5854010809664585,1.5237299416667456,1.4723512141728714,1.4116576553925553,1.2686353435616928,1.5533820809766619
2014-08-11,1.672231903024037,1.589339597816234,1.527731567565583,1.4754485690157009,1.414383235937794,1.2710195802502604,1.5570502240436321
2014-08-12,1.6699012831258817,1.5874190010336495,1.5257129902397157,1.4738386248864503,1.4129687504600756,1.2697663620837334,1.5545641734730364
2014-08-13,1.6812052152499302,1.5968641556421088,1.5356867560927927,1.4818586038602344,1.4199889081547759,1.275853593405193,1.5657676465454564
2014-08-14,1.6891430711679598,1.603308144797359,1.542686790871253,1.487578526860081,1.4251318573652676,1.2803582290554194,1.57403985236555
2014-08-15,1.6887982402864672,1.603025798563545,1.5423672839903593,1.4873002496687926,1.4248727591982,1.2801226756295045,1.5735485814750552
2014-08-18,1.7029493158833708,1.6151625041007458,1.5554042585117893,1.4983370332024244,1.4348734646178294,1.2889638923357152,1.5877445429317865
2014-08-19,1.7118368620679427,1.622930321920911,1.5634013330550425,1.5051292242391248,1.441395866469789,1.2948227449638907,1.5980853945166924
2014-08-20,1.7164104084961607,1.6268767045945574,1.5675597402817214,1.5087002843090125,1.4448703109445107,1.2979882505919698,1.6037056930074343
2014-08-21,1.7214150336788854,1.6312246907333745,1.572215322212415,1.5127645800103153,1.4488163043766915,1.3016331469328146,1.6102286177494824
2014-08-22,1.7187402253414945,1.6289018259456276,1.5696364940433059,1.510463898639628,1.446596190055976,1.2995384403412003,1.6066400399658811
2014-08-25,1.7274546333377807,1.6364534083971427,1.5781938873044727,1.518098631906298,1.4538971556816063,1.3062242966686863,1.6164346457005092
2014-08-26,1.728576658739787,1.6374258561794792,1.5793011445264888,1.519087867836105,1.4548460679961124,1.3070960326353278,1.6177216185067271
2014-08-27,1.7278860333134163,1.6368264565329693,1.5785677297874734,1.5184166415025613,1.4542082556653175,1.3064815804369074,1.6167526904971494
2014-08-28,1.7269371460996956,1.6359826804015538,1.5775386828625502,1.517513382407183,1.4533351586434942,1.3056664473874342,1.6155604793510545
2014-08-29,1.7318552021882776,1.6403023876742509,1.5828614568547867,1.5222448595059497,1.4578719466326984,1.3099021638903787,1.621201457093395
2014-09-02,1.730992562847571,1.638944369819486,1.5818809062361765,1.5213715156199386,1.4570363493107685,1.3090902178942323,1.6202096953703191
2014-09-03,1.7300430331915935,1.637735361655929,1.5807617503402918,1.5203870207971901,1.4561058594020793,1.3082140766615789,1.6187878769310806
2014-09-04,1.7275413630424883,1.634492996434556,1.5777727582871832,1.5177723904502813,1.4536411751702865,1.3059000809620451,1.6157929377438043
2014-09-05,1.7353073656567466,1.6453974159889597,1.587184623177421,1.5259268758887936,1.4612884854648243,1.312932580729029,1.6246466362681586
2014-09-08,1.7308194246592858,1.6390142990843029,1.5817007377729295,1.5212096844951748,1.4567692306047293,1.3086273238985358,1.6202359881075121
2014-09-09,1.71986144769068,1.6234491736719998,1.5680183220938704,1.5096983537368402,1.4459344788156479,1.298690696118225,1.609836317976611
2014-09-10,1.7263329291569038,1.6326122268233583,1.5758319985560476,1.5159653343847583,1.4515050501724698,1.3036148820706788,1.6158296849678688
2014-09-11,1.7283172726784881,1.6354271503883668,1.5782546993697877,1.5179226780663613,1.4532690680688143,1.3051997987115485,1.6177155490708581
2014-09-12,1.7182222562717173,1.6210984757495408,1.565468196257567,1.5075960546620526,1.4439433357277962,1.2965894065848786,1.6065235767359596
2014-09-15,1.71692725329199,1.6192657727780266,1.5638461530415206,1.506298598923071,1.442782639323171,1.2955326326365497,1.6051821262632957
2014-09-16,1.7298702162244373,1.6375758935195976,1.5803028221755604,1.5191093512541394,1.4540027981147943,1.3053762770504218,1.6174690861031356
2014-09-17,1.7322003542909,1.6408846197093634,1.583078137128804,1.5212822959148629,1.4560616473033445,1.307211863137385,1.6196804355191292
2014-09-18,1.741433213188657,1.6540038204909713,1.5945887588044287,1.530288461216701,1.4644934348650593,1.3149213967935087,1.628248838266878
2014-09-19,1.7398640479757168,1.6517682435786367,1.5926321337654694,1.5287554738497104,1.463003423046928,1.3135027241091015,1.6259310287403104
2014-09-22,1.7264272075581322,1.6326335189532073,1.575439184054605,1.5153268880400157,1.4501943737808627,1.3016434756309558,1.6128796638327205
2014-09-23,1.716544839538458,1.618615303874474,1.5634748918608956,1.5062599006652888,1.442045012738393,1.2942541238736611,1.603167126130597
2014-09-24,1.729982001177171,1.6376211535628258,1.5794059303115187,1.5181136430259707,1.4523724567787772,1.3031673461805762,1.6160744549303518
2014-09-25,1.7020670820538244,1.5988980360212424,1.5476460499840634,1.4941269891825277,1.4300810585810633,1.2834507271625597,1.585560319562868
2014-09-26,1.7155911340078087,1.612967882053258,1.5597074958273935,1.5029466487404393,1.4372594576921487,1.2902503991206782,1.598425220941915
2014-09-29,1.712469828301741,1.6097827143455234,1.5569139236992628,1.5008673579117735,1.4354577155400339,1.2885365044617376,1.5956476207740793
2014-09-30,1.7079624534260034,1.6052587049447156,1.5527607547810651,1.49770890557989,1.4327558801527467,1.2860537759703674,1.5910541594448802
2014-10-01,1.6848160619559014,1.5819164053925099,1.53098338640702,1.4809914316501966,1.4184848346307828,1.2733380257532174,1.5728399040649366
2014-10-02,1.6850760904594582,1.582068132903205,1.5311217202495482,1.4810834385286886,1.4185342402712262,1.2733768510695809,1.572890307753077
2014-10-03,1.7036277349068585,1.5988837252205306,1.5472364093532167,1.4934649739220318,1.4286033964933385,1.2822795581836286,1.5850600592131883
2014-10-06,1.7016339153619824,1.5971536908129353,1.5455517607368927,1.4921581334359597,1.4274446223065675,1.2812389756642748,1.5834576020113602
2014-10-07,1.675366539406941,1.5747871390667811,1.5231522254591758,1.4743212970970792,1.4117750763688746,1.2674675114589828,1.5602996931784323
2014-10-08,1.7046673670893935,1.5974221513531273,1.5453162278551889,1.4914786109118396,1.4258407941041285,1.2799152099873035,1.5850199331435135
2014-10-09,1.670859003920639,1.5741129556564095,1.5224207999800914,1.4735543782141385,1.4087223951861758,1.26456563563909,1.5602784924147648
2014-10-10,1.6517873024661252,1.5621763360384358,1.510900831913872,1.4646493501256632,1.401037143671239,1.2575836953383146,1.5460851851036124
2014-10-13,1.6246529506851417,1.545575017825022,1.4947467526913123,1.4520003715340788,1.390406625994756,1.2483666113110032,1.5264476102078446
2014-10-14,1.6271676302899531,1.5470270290977153,1.496145975933689,1.4531005245035271,1.3912907192890034,1.2491044456251248,1.5281157487570025
2014-10-15,1.6161572942773945,1.5405921035437349,1.4897047109074673,1.4478758713853352,1.3870518338044928,1.2454975229750986,1.5208501559128988
2014-10-16,1.6147709038865963,1.539750422818156,1.4888724278301138,1.4471817148805568,1.3864931911836373,1.2450451103740128,1.5199763489919582
2014-10-17,1.6338426053411101,1.5512258256192935,1.5005573451690044,1.4570729235638469,1.3944685194220405,1.2515622347420634,1.5312501669702367
2014-10-20,1.6497069138271063,1.5603742111568444,1.5100908540929963,1.4652844463968386,1.4014376157305515,1.2573187910371229,1.5410176991745967
2014-10-21,1.6823893969403119,1.5785386395098713,1.5296764948164303,1.4824548631932841,1.4165546678880188,1.2699416534844385,1.5684484148158693
2014-10-22,1.6704256766182326,1.572439668764822,1.523105021312045,1.4767709423536661,1.4107380597751331,1.2650102104276768,1.558786253453654
2014-10-23,1.6898442968915746,1.5822823098812826,1.5339019816132695,1.4862445992935664,1.4202079391968603,1.2726956987053242,1.5736270219618482
2014-10-24,1.7028473281750598,1.588736748971385,1.5410467448846246,1.4926127041593305,1.426837272679779,1.2781421274635143,1.5842920578820916
2014-10-27,1.7005072322536126,1.5875253289949214,1.5397396970597401,1.4914114949196722,1.4255583523225483,1.277076215639301,1.582406339438549
2014-10-28,1.7200121003999689,1.5976298982907606,1.5509051047942282,1.5018085406698134,1.4365180711714824,1.2860928875281992,1.5990150068321167
2014-10-29,1.7174113335327077,1.5963104113800395,1.5494298054704394,1.5004280105314447,1.434962108192772,1.2847910656381938,1.5961541632082734
2014-10-30,1.7284213483241377,1.6018594800420376,1.5558357125731133,1.506572503894329,1.4417063114395472,1.2903219875629113,1.6048163037824987
2014-10-31,1.7481860843634867,1.6121164013201559,1.5675290477133497,1.5180223738324408,1.454373689819781,1.300815996831296,1.62031833071491
2014-11-03,1.7491401111152642,1.6125922649641782,1.5680787060425803,1.518557446404371,1.4549870230736657,1.3013247356592206,1.621087138817651
2014-11-04,1.7430717621653642,1.6094521001464086,1.5644169223497326,1.5148785994635352,1.4507270311304783,1.2977000423079128,1.6150865847551992
2014-11-05,1.7540811345145373,1.6151242275429376,1.5712031525960999,1.5217592717427377,1.4584999876568088,1.304068464704474,1.6235304599974014
2014-11-06,1.7611025465528292,1.6189183195268224,1.5755929928071069,1.5262680272059042,1.463632020243209,1.30833237071861,1.6300053308902074
2014-11-07,1.7627504109422627,1.6198368618932553,1.5766360671456552,1.5273507487101239,1.4648632341189123,1.3093641035114367,1.631472769661194
2014-11-10,1.7682983816639206,1.6234093855588088,1.5802861651401772,1.5312399082877726,1.46921922960601,1.3130838153077622,1.6368945460850282
2014-11-11,1.7700323333158046,1.624589283206391,1.58144663405319,1.5324901644874025,1.470610683292552,1.3142837712055604,1.6386406283457098
2014-11-12,1.7681250828650712,1.6228620018792321,1.580094540288639,1.5309891056782698,1.468982003164525,1.3128369983350123,1.636230666854224
2014-11-13,1.7701189024099475,1.6245158402849396,1.5815128161790997,1.5325605940857543,1.4706821765977993,1.3143254171016359,1.6386489568679132
2014-11-14,1.7705522297123544,1.6248532690855095,1.581815121488914,1.5328927546138738,1.4710445751269072,1.3146345276251483,1.6390599515780164
2014-11-17,1.7716792340418532,1.625852626294361,1.5826579454533631,1.5338421786423,1.4720478892440823,1.315525410319854,1.6403458526206312
2014-11-18,1.7819088421014846,1.6352035389845287,1.5907177888203297,1.5430227771746636,1.4815395557401905,1.3241895867416928,1.6542393415345438
2014-11-19,1.7790477255095383,1.6325134044832241,1.5884278426337175,1.5404525829432816,1.4788014516419876,1.3216039354584017,1.6503793239080697
2014-11-20,1.7821685493839132,1.635880674999865,1.5909708591815863,1.5433028939313485,1.4817797739345893,1.3243198473596547,1.6539187673103413
2014-11-21,1.7917046410270165,1.6478224476966326,1.5990124991051706,1.5523247888413263,1.4910585675689871,1.3329885795099854,1.666560655134728
2014-11-24,1.796732554741561,1.654657502597643,1.6033004374048587,1.5570726693703385,1.4960355034403057,1.3377543613355438,1.671565121908114
2014-11-25,1.7954322516132124,1.6528612784005903,1.6021416128206842,1.5557935956369018,1.494708532135365,1.3364232970222945,1.669438585815428
2014-11-26,1.8000268380253501,1.6592058903713827,1.6062675484958833,1.5604302669596386,1.4994801798734194,1.341165836181195,1.6749627661973583
2014-11-28,1.796212176513319,1.6539315449698342,1.6027113229144168,1.5564340866306206,1.4954165842008997,1.3369809636413863,1.669493353854237
2014-12-01,1.7837285597946906,1.636689388595248,1.5908035034573595,1.5433461052602533,1.482355547413088,1.3241344074628083,1.6546786019074635
2014-12-02,1.7952586315932344,1.6525587982586134,1.6016375929618285,1.5541963647311021,1.4923163185769541,1.3334103397031312,1.6685937009186025
2014-12-03,1.802194116979641,1.6621351043076158,1.6081267603748604,1.5606217775394429,1.498554958495532,1.3393567553950396,1.6767241111195035
2014-12-04,1.8002006186558934,1.6593772463889869,1.6062109511247638,1.5587160707435557,1.4966830387165546,1.3375142830783742,1.6744133122365907
2014-12-05,1.8031479831208543,1.663452450129576,1.6090796930134035,1.561560465528912,1.4994487572714086,1.3401628018821115,1.6781410099966023
2014-12-08,1.7910973724835038,1.6467769321095047,1.596876936157142,1.549444191180852,1.487790179827833,1.3287773286547893,1.6612487676231356
2014-12-09,1.7898839596704266,1.6451034718104725,1.595656152068854,1.5482524376479065,1.4866584352807861,1.3276880313741353,1.6596001022709308
2014-12-10,1.7611897580892306,1.6055437028206883,1.5661628231385125,1.520824198950534,1.461781024115348,1.3049594457208047,1.6274813024186734
2014-12-11,1.770118902409949,1.6155470975747488,1.573565600919662,1.5266336521101915,1.466427100667767,1.309446623807316,1.6367970356141905
2014-12-12,1.7415114305334602,1.5835932644189026,1.5490377944809919,1.506544633526093,1.4498377854991347,1.2933880626997905,1.6152333151773024
2014-12-15,1.7295478708219456,1.572476484555757,1.5399895853925807,1.4995102083701572,1.4442300910966643,1.288113505458059,1.6066714668282884
2014-12-16,1.7156772212702613,1.5600212806101146,1.5295477028923075,1.4913302248036842,1.4377610048931606,1.2823600396917505,1.5972940519402095
2014-12-17,1.7493130886929875,1.5894024884684217,1.5547638670284452,1.5112045883623046,1.4534098517363823,1.2955545023311523,1.6144113934303506
2014-12-18,1.7925717774635237,1.6202766944434168,1.5825749011518473,1.5329424916101408,1.474477934196328,1.3136307756560968,1.6389493892369884
2014-12-19,1.8001991731608151,1.6246913016299913,1.5865911790213643,1.5360428668465667,1.4783401804514749,1.3169982217791256,1.6424189246501597
2014-12-22,1.8084799326335663,1.6295782067477957,1.591146001807945,1.5396747180535804,1.482756008685464,1.320895206165796,1.6475650747955077
2014-12-23,1.810920570768248,1.6310090997570803,1.5925106987972089,1.5407903568258485,1.484106082718214,1.3220966084428019,1.6492038043182047
2014-12-24,1.811094512009355,1.6311086451622632,1.5925960795381466,1.540849254791804,1.4841830172569568,1.3221615161893208,1.6493111749715863
2014-12-26,1.8169349545685527,1.6345604701604342,1.5960809610506208,1.5439079012787225,1.4877848951712331,1.3254181271257888,1.653924175410333
2014-12-29,1.8193749502609773,1.6359980233215907,1.5975674329464549,1.5452463527904248,1.4893513542740136,1.3268419451198845,1.6564817165904862
2014-12-30,1.8096125583328142,1.6302396686802532,1.591361350491744,1.5394089231817227,1.482628065242272,1.3206555967426672,1.6437914572468213
2014-12-31,1.7916564578577354,1.619703132227286,1.5797319949075914,1.5284116043291591,1.4705591685650146,1.3101478318595503,1.6208633439030116
2015-01-02,1.7906972915679014,1.6191390538109258,1.5791101668658194,1.5278246386379577,1.4699193993328334,1.3095933148746324,1.6196486678745616
2015-01-05,1.7583577120094172,1.6001542137238156,1.5576800775808215,1.507542680994314,1.4499027957002972,1.292832268827386,1.5795173752152987
2015-01-06,1.7417958718427866,1.5910091892370275,1.5476635346375627,1.4988691631426418,1.4424244484223365,1.2862509740269716,1.5632745162752963
2015-01-07,1.7635004622774166,1.6028082365859508,1.5607399732291067,1.5101555396359294,1.451863070972838,1.2941614650699693,1.575556906091588
2015-01-08,1.7947939852307953,1.6190883503889724,1.5790847560928525,1.5261380181551478,1.4662191362041972,1.3064074891088922,1.6003599274648097
2015-01-09,1.7804117910319037,1.6120349790756598,1.571214253233763,1.51937479427554,1.4592389878149974,1.3003322652472422,1.5890060117960905
2015-01-12,1.766464690851626,1.6052679225609594,1.5634993267877868,1.5126479826753576,1.4525616412041498,1.2947877331931097,1.5812494860404596
2015-01-13,1.7614962030458625,1.6027422948606946,1.5607063777181294,1.5101772437673293,1.4501954789590672,1.2928946792631857,1.5785788867924087
2015-01-14,1.750861695753701,1.5973437414977043,1.5545485171350428,1.5045787926718086,1.444869389111566,1.2887676886914612,1.573007256716934
2015-01-15,1.7348220005315198,1.588767322017707,1.545079393617629,1.4958593187962885,1.4367503705909324,1.282667185529317,1.562860435031965
2015-01-16,1.7575728081818194,1.600845685188333,1.558561251194778,1.5082116177708045,1.447831010637755,1.2908056310196598,1.5761510505337983
2015-01-20,1.7613222618047562,1.6027868086754844,1.5607032287352516,1.5101681580565822,1.4497327478786646,1.29222343237741,1.5783803451894602
2015-01-21,1.7702123777583565,1.6077344872472592,1.5659470788366288,1.5150981310491838,1.4545347747810342,1.2958617201539255,1.5827908291134825
2015-01-22,1.796537412905972,1.6249568647739105,1.5818266628470028,1.5304521353866885,1.469575892405957,1.3074295658054655,1.5997697121079677
2015-01-23,1.7866879700519736,1.6188712816145685,1.5761436244905085,1.525087067777678,1.4636337997236082,1.3027574443522285,1.594863851590564
2015-01-26,1.7908712328090097,1.6214427894517192,1.5785914825475196,1.5274163394355078,1.4661371571677215,1.304640026030391,1.5984422144380468
2015-01-27,1.767249112847533,1.6069499218046075,1.5642955758422958,1.513357807595789,1.4512358872799376,1.2931887408929972,1.5812586783676463
2015-01-28,1.744585356123069,1.5935450877682524,1.550949276719031,1.5008706444787776,1.4394846228014495,1.2839035599603354,1.5685142926747917
2015-01-29,1.7607112992182647,1.6028371532820462,1.560227282200196,1.5092770251570538,1.4467561181895454,1.289645292229436,1.5776396675632842
2015-01-30,1.7385708117122,1.5904291080316493,1.5474711577485225,1.497482630727165,1.4360787098645438,1.281062402091396,1.564443420172571
2015-02-02,1.7601016215162872,1.602234798271704,1.5596638263708762,1.5084748173518534,1.4454705157414551,1.288474378292245,1.574022489749184
2015-02-03,1.785554059468211,1.6157802084065644,1.5737869248047305,1.5213095374060046,1.457244816405327,1.2979444117469368,1.5847200495936173
2015-02-04,1.7787552536720004,1.6123191414847033,1.5701295302597056,1.517995834169468,1.4538900477861103,1.2951854195673445,1.5789455169463835
2015-02-05,1.796711996589336,1.622030340524193,1.5800120063232523,1.5271734748344103,1.4630261229463153,1.3024498484363698,1.5920603645609421
2015-02-06,1.7917431875624437,1.619324833926269,1.5772832865283313,1.5245939575623562,1.4603244217894953,1.300261594411877,1.5874178740702516
2015-02-09,1.7837235808671994,1.6148293176531943,1.5727329123442286,1.5201775358895562,1.4557981087482537,1.296715556230727,1.58254618937137
2015-02-10,1.802726059168512,1.6262282861881416,1.583750810712084,1.5310179953774739,1.4666879222161628,1.3049865219875443,1.599385504502883
2015-02-11,1.8037724369947459,1.6268423704957882,1.5843484301873818,1.531606264991899,1.4672908337529893,1.3054452128807323,1.6000783704793582
2015-02-12,1.8211185385467181,1.6373280711790976,1.5946070873512674,1.541990124385653,1.4782863140143498,1.3140599737991814,1.613951877382794
2015-02-13,1.8286155184658204,1.6417778248842898,1.5990266702706748,1.5464700500580941,1.4832531214979916,1.3180206172019506,1.6192962603909566
2015-02-17,1.8314922142825014,1.6435046184704107,1.6007496003275041,1.5482464781725147,1.4852317349474857,1.3196193132303613,1.6218208007014512
2015-02-18,1.831666637355301,1.6435919502682377,1.6008412178762703,1.548329339162312,1.4853299080617375,1.3196926598791043,1.6218489469508601
2015-02-19,1.8303589461409961,1.6427218344974717,1.599984828071319,1.547383237883149,1.4843070915246017,1.3188417370582701,1.6201907472724493
2015-02-20,1.841342138968193,1.6498404574238557,1.6072300139247184,1.5553990026607962,1.4929359730545282,1.3259329416820553,1.6337442302712197
2015-02-23,1.841080664969558,1.6496702671555803,1.6070457650983383,1.5551928520922498,1.4926951078803756,1.3257172865039917,1.6332737668227089
2015-02-24,1.8463106267739569,1.6532192613647199,1.6106414775495084,1.559236902510714,1.4970871044668794,1.3294127218928633,1.6396534907176106
2015-02-25,1.8447419433927095,1.652115490554383,1.6095108870873802,1.5579375971231373,1.4956947846712447,1.3282013336611511,1.6377908827890568
2015-02-26,1.8425629398672272,1.650598512571608,1.6078960515907799,1.5560773114082167,1.493733241726825,1.3265419651439323,1.6353774451540681
2015-02-27,1.8362861184049015,1.6457608793595666,1.6031408097870936,1.5506023743275725,1.4880267189259597,1.321779754641058,1.628515493636038
2015-03-02,1.8478804344291544,1.6554334299869469,1.6120859470040785,1.5608523974309163,1.498363170269113,1.3301156735574693,1.640835556842135
2015-03-03,1.8402962429736522,1.6489345087127276,1.6061846482159978,1.5542189040935983,1.4913744811612464,1.3242553981100673,1.632098461070891
2015-03-04,1.8325379496664789,1.6413522537630427,1.6000119255693956,1.5474801546813497,1.4845772531091852,1.3187654663966752,1.6239033972225816
2015-03-05,1.83454285134029,1.643331661279088,1.6016206567099038,1.5492034015367508,1.4862113532349452,1.3200129033711148,1.625340143373824
2015-03-06,1.8087415672427665,1.6130091483127178,1.5800769586552388,1.5260660400737485,1.4639621092767328,1.302362264389417,1.591195265161628
2015-03-09,1.8162375834984832,1.6200896666617104,1.5856778779348257,1.5309900052899998,1.4678840647355016,1.3058180317529375,1.5979321974154008
2015-03-10,1.7867745391461156,1.5897395599101949,1.5629185721957557,1.5100012350144376,1.450408795115069,1.2904808090627886,1.569233756517986
2015-03-11,1.7825909551679506,1.586014770927896,1.5599570867613042,1.5074820170654264,1.4484146155638224,1.2887204917043562,1.5651791507315536
2015-03-12,1.805254390671286,1.6055159720012255,1.5760334858677167,1.5211444707256299,1.459074682485091,1.2979085706833007,1.5900835066729961
2015-03-13,1.7941841469182536,1.5962251213510787,1.568522685393427,1.5147725777734156,1.4535123026971004,1.2930041183558787,1.5786413161860495
2015-03-16,1.8181555948570225,1.6158962129354,1.5849497865858018,1.5288554965177326,1.4656256169510928,1.3030866412182291,1.6034643416029177
2015-03-17,1.8127510493692598,1.611621351308142,1.5814030242157782,1.5258274760131039,1.4627047550952283,1.300584302338693,1.5989289763320536
2015-03-18,1.8345428513402893,1.6288276949569693,1.5959656762565404,1.5385550519152587,1.4748584159068805,1.3105970596715544,1.619581382565246
2015-03-19,1.8261743984994456,1.6226072437323729,1.5905412547679807,1.5338116348059905,1.4698917137494136,1.3064041460876896,1.615023912405147
2015-03-20,1.842294238393199,1.6343970935327876,1.6011809550136948,1.543274419318076,1.4795191136720458,1.3141274966831222,1.627654132792101
2015-03-23,1.838704271060585,1.6318339204886205,1.5988199043458187,1.5411396901990757,1.477226489420878,1.3122369223964123,1.6248876681628028
2015-03-24,1.828372675292641,1.624415868732931,1.5918089875588477,1.5346431012745856,1.470423902926859,1.306820305849146,1.614391851772175
2015-03-25,1.801579942181865,1.6054006403333272,1.573354519198184,1.5175263558346377,1.453254218272318,1.2936259503906553,1.5869417910261627
2015-03-26,1.7972900340101523,1.6025084276651385,1.5705462667109962,1.515065549642859,1.4510388899617834,1.2918559176488569,1.58273618853967
2015-03-27,1.8014053584985013,1.6052421899408533,1.5732624249135256,1.517455870446643,1.45311317351681,1.2935051116758165,1.586491782788104
2015-03-30,1.8233815413973156,1.619770946666155,1.5882527614933213,1.5311212334909319,1.464987155909233,1.3030190978262615,1.6053505974301905
2015-03-31,1.807446724873604,1.6097670536806314,1.5777671667447422,1.521669474320898,1.45578066456681,1.2954322274544885,1.5902902820831029
2015-04-01,1.8010544244155664,1.605773410265028,1.5735718831120473,1.5179241663400715,1.4523032483335765,1.2926644688807354,1.5851454809536192
2015-04-02,1.807534097020568,1.6098264185792583,1.5779201367218854,1.5218682882056447,1.4559078498816733,1.2954316432148394,1.5908428391496126
2015-04-06,1.819704201917737,1.6174110032247575,1.5862990710243998,1.5296872835121713,1.4630789238371484,1.3009908770464758,1.6022225263282535
2015-04-07,1.8148889365902894,1.614451934827483,1.5829475267731783,1.5264994288097564,1.4600428625649888,1.2985725686406595,1.597876489562267
2015-04-08,1.8210175145017917,1.6184108270431456,1.5873090731651156,1.5306907894252277,1.4639818365566173,1.3016115461891724,1.6037988657830171
2015-04-09,1.8290727767423047,1.623663973688526,1.593189552546258,1.5364618531180412,1.4694200105780735,1.3058496285629737,1.6121975769865673
2015-04-10,1.8390544020906996,1.6308065083375183,1.6006253856321593,1.5438763038452605,1.476490664728951,1.3114700753063386,1.6205439409507285
2015-04-13,1.8307365415776016,1.6248157130337768,1.5943272249228828,1.5375372286571563,1.470279543012271,1.306395504239817,1.6122164920207203
2015-04-14,1.8342386549315592,1.6274242526674065,1.5970133179143078,1.5402157477020368,1.4728097244796672,1.3083442094580013,1.6152160756090883
2015-04-15,1.8424691432976932,1.633747286980503,1.6035189165745134,1.5467763875218714,1.479022950646333,1.3132562694188912,1.6226820206240158
2015-04-16,1.8419437861419585,1.6332597936135034,1.6030819960744975,1.5463285087623384,1.4785802989623331,1.3128840921403848,1.6218454352206992
2015-04-17,1.8207549162292074,1.615606745796697,1.5854274847917378,1.5282495409769805,1.461251711950741,1.2988902674163403,1.6000331125070602
2015-04-20,1.837391440308225,1.6294684904194947,1.5984419858256744,1.5400126870385147,1.4711697472933036,1.30717813152351,1.6150404015855513
2015-04-21,1.8352015152643721,1.6276798782019737,1.5967448416735808,1.5384739132435492,1.4697383025458512,1.3059402164190705,1.6123602262928627
2015-04-22,1.8442199590588262,1.6352108722916188,1.6038648186663111,1.545013663912906,1.475746587022942,1.3109722556891004,1.6207782842980154
2015-04-23,1.848861283145167,1.6390483213228297,1.607583531469309,1.5484724398180014,1.478972709636107,1.3137084630108609,1.6248006587715296
2015-04-24,1.8531508700957513,1.6426511464666218,1.6111029974624163,1.5517991528794333,1.4820901047254458,1.3163889477185586,1.6282089380053462
2015-04-27,1.8454465419381734,1.634866311384897,1.604551352132739,1.5454859157840737,1.4761682722641616,1.3112079301325514,1.6200376898494326
2015-04-28,1.8513122003559621,1.6405992649889822,1.6095993370474277,1.5502779754328602,1.480553459247183,1.3148012107832907,1.6255138253829045
2015-04-29,1.8436954049559129,1.633150264909749,1.6028545715490796,1.5438235450413276,1.474579753391513,1.3097611896314432,1.6189572305001734
2015-04-30,1.825220532358235,1.6134427941702234,1.5862470237528816,1.5281724379251616,1.4604082265608083,1.2984198367581727,1.6035499064468666
2015-05-01,1.8450088781505318,1.6339303844937854,1.6031196022993017,1.5426843184130972,1.47246306482027,1.3080868948931934,1.6214200222495587
2015-05-04,1.850261486044493,1.6389787902975272,1.607339486368769,1.5462545182874448,1.475844947295703,1.3108843083634973,1.6264341920075516
2015-05-05,1.829072776742306,1.618313165138542,1.5896991398893383,1.5308914518661438,1.461299250423736,1.2986155803215242,1.6051604508511244
2015-05-06,1.8215428716575282,1.6114690953226731,1.5837461139176738,1.5259737372371422,1.457034066442153,1.2950529860224722,1.5985163965605027
2015-05-07,1.8288109815225424,1.6179586210408494,1.5895529780349849,1.5307910697189113,1.4611359194474316,1.2983135003003978,1.603975187039443
2015-05-08,1.8528887536548597,1.6394155393535021,1.6092103628266499,1.5475339316399976,1.4755762624666837,1.309960803473593,1.6230185582454755
2015-05-11,1.8440450541543343,1.6321064995435104,1.602474816017059,1.5419205729720584,1.469931069920214,1.3051819090812746,1.6145386552740921
2015-05-12,1.838528884324402,1.6275898025807074,1.5982220383537344,1.5383364382268472,1.4664350364676626,1.3023671585400542,1.608668734038335
2015-05-13,1.8388791759650798,1.6278736009187578,1.598480203864542,1.5385469923625106,1.4666465432586866,1.3025371396249834,1.6089351740583
2015-05-14,1.8580543106229852,1.6437049453555845,1.6140563089661022,1.5522046996326768,1.47979527232214,1.3126537837522623,1.6265051349447173
2015-05-15,1.860067885267267,1.6452611851748913,1.6156002709297816,1.553534040621382,1.4812147420590387,1.3137711911180154,1.6285098152773014
2015-05-18,1.8658469745909128,1.6498225607352446,1.6202312594055621,1.5576337201391655,1.4855419323054915,1.3172745689641303,1.6352220217444373
2015-05-19,1.8652342452882142,1.649236890159654,1.6197073717543546,1.5571433243828292,1.4850304379240609,1.3168403446314654,1.6344416991979132
2015-05-20,1.8639207720935953,1.6480357427421626,1.6185659248917421,1.5560782387413674,1.4839337725584958,1.3159464774765817,1.6325042724222099
2015-05-21,1.8693492485554346,1.6528702870098924,1.6233024679091879,1.5604913585060949,1.4884659436290375,1.3196164492397364,1.6392410896261687
2015-05-22,1.8648839536475361,1.6488528437409766,1.619270778534292,1.5566771125895915,1.4845733480180099,1.3163788270988344,1.6336629768635733
2015-05-26,1.844833009582654,1.6308955762931268,1.6007609331452342,1.5393086318218103,1.467255044733382,1.3025649650121947,1.6076510267118436
2015-05-27,1.8623442187946984,1.6454772430428404,1.6158241041309829,1.5520018844207615,1.4781094629567644,1.311536790142986,1.6258257939248297
2015-05-28,1.860243593224581,1.6437582541691318,1.6140460592248635,1.550500058558851,1.4766778226703754,1.3102982202285738,1.623741688610117
2015-05-29,1.848686057019547,1.6344253200783114,1.604100524340993,1.5419474071536274,1.4686009145642418,1.3036051077861845,1.6115795758332832
2015-06-01,1.8524510898672182,1.6374223018971474,1.6073359667216516,1.5446747505983847,1.4710490810676793,1.3055190272311608,1.6149150726800185
2015-06-02,1.8506119382957364,1.6358215190354417,1.6056883354512654,1.5432346378232888,1.4697385859929581,1.3044633710810363,1.6133962859461204
2015-06-03,1.85551537882297,1.6401962815020532,1.6101289139698898,1.5471159907540863,1.4732667987268955,1.307243472445381,1.6171748674061492
2015-06-04,1.8398426787401505,1.6260353350759655,1.5954748670588987,1.5340785064722144,1.4613451550817522,1.2977156108461034,1.6035516493951734
2015-06-05,1.8366903751951782,1.6230278651373766,1.5925991094135643,1.5316238941783267,1.4592006179901673,1.296019211050929,1.601124484048364
2015-06-08,1.825395597873293,1.61225114445642,1.5820751109355697,1.5226964638791978,1.451535178087971,1.290164466978648,1.5925856199449702
2015-06-09,1.8251333208218365,1.6119900696280063,1.5818295551156534,1.5224761733509997,1.4513369555163618,1.2900017743634267,1.5919896650434897
2015-06-10,1.8470226134053795,1.6356110586535855,1.6027173032987887,1.5400369868775396,1.4661981913624023,1.3009933016670912,1.6134088804168583
2015-06-11,1.8529761258018251,1.641306921657091,1.6078363132953626,1.5441738571848074,1.4704180999050596,1.3042420049440464,1.6184183976389834
2015-06-12,1.8387916432075528,1.62746638269583,1.595154893944817,1.5336055241488753,1.4597775078996282,1.2958238333583447,1.602294132887593
2015-06-15,1.830911607092661,1.6200840903419178,1.5882262717220064,1.5279687934007438,1.4544913753639375,1.2917245349470416,1.5941009319746264
2015-06-16,1.8408932324410558,1.6300385541606714,1.5971129382434477,1.5352060127635354,1.4610958184671228,1.296608594695593,1.6043802554199484
2015-06-17,1.8438701492498428,1.63292670887976,1.5997793679245202,1.5374038186858439,1.4631367755754654,1.2981503872000697,1.6068120729824638
2015-06-18,1.8630449626866197,1.6518076579907808,1.617466215774633,1.5523532655770484,1.4771202575260136,1.3089317991160663,1.6235339697122495
2015-06-19,1.8547746429005463,1.6442183545912739,1.6102057112573749,1.5463195165022354,1.4707743524911274,1.3037793834535616,1.6168543780856621
2015-06-22,1.8642770063251526,1.6527420457414472,1.618605488513372,1.5532919059168626,1.4777999556772434,1.3091764724952202,1.6262338033180053
2015-06-23,1.8655965827212138,1.6539034645792754,1.61977706718295,1.5542687347255444,1.4787907979879837,1.309947432107233,1.6275828263884975
2015-06-24,1.8520473149086387,1.6418376761917928,1.6072647539803901,1.5434990292384694,1.4678535308420244,1.3011608504271899,1.6121910429954807
2015-06-25,1.8464161479146877,1.636569474179196,1.602142339213203,1.539222032035196,1.46380482647174,1.2979705799823265,1.6068049113519367
2015-06-26,1.8460645713894959,1.6361685774752364,1.6017966352920219,1.5389303382247046,1.4635437650781051,1.2977693889118422,1.606065846019782
2015-06-29,1.807352125251251,1.5979354458002528,1.5647087108616826,1.5075280358706258,1.4346196185841307,1.2759967968014347,1.5678308798821317
2015-06-30,1.811135307092685,1.6006862413813738,1.5672136894130955,1.5092361170253814,1.4357972498342475,1.2771537991860609,1.5716016611343875
2015-07-01,1.8256519323338722,1.6119575531756336,1.5779236794709477,1.5173038116213808,1.4419652507208054,1.2827497856405041,1.5836668941327983
2015-07-02,1.8239809400231832,1.610682525277621,1.5766930049992645,1.5163339318450944,1.4411681545614026,1.2820021601603417,1.582205969032361
2015-07-06,1.8187892035330815,1.6067760716426398,1.5727408815807906,1.5131318544966788,1.438580528042693,1.2796624499569762,1.5776801709488302
2015-07-07,1.830227566699426,1.6155896994636603,1.5816151272434686,1.5204453693606381,1.444511883098372,1.2848146575113013,1.586700380977396
2015-07-08,1.7995212359690267,1.5923512333896992,1.5576105820388784,1.500159648826644,1.427404962528204,1.2697135370223136,1.5654036424962057
2015-07-09,1.8027768121068262,1.5945200079997408,1.55976585811934,1.5017808981115228,1.4286158811045697,1.2707874630268885,1.5674558298087589
2015-07-10,1.8254760637659941,1.610051990023383,1.5758262488770205,1.5147218055202707,1.4386851735438766,1.2797733851129414,1.5838042412025775
2015-07-13,1.8456244984433898,1.6237197377758938,1.589381750908288,1.5257216839262386,1.448256343116349,1.2886065759865626,1.5926895652313398
2015-07-14,1.8536306138512353,1.6288929730391657,1.5946189635354548,1.530044254249255,1.4523042893424893,1.292451869607711,1.5993929743564508
2015-07-15,1.8530151541689437,1.628478829010606,1.5941928433868024,1.529660883633467,1.4519355865462398,1.2920931086264202,1.5987989543802879
2015-07-16,1.867884480209273,1.6383405141747205,1.6044510716078924,1.5387181981336029,1.460538614451243,1.3002106036859973,1.611614963475663
2015-07-17,1.8694674579307407,1.6393705405898182,1.60554147165996,1.5396896808700338,1.461479910483757,1.3011073852477417,1.6131279754673424
2015-07-20,1.8704359396333026,1.6400047444765453,1.606209660506686,1.5402900586303738,1.4620778639283567,1.301685078024541,1.614123169777595
2015-07-21,1.8630451232971843,1.6349650181906519,1.6007734498405066,1.5350970111265871,1.4569574601338322,1.2967712426985314,1.6063038224048474
2015-07-22,1.859701693180728,1.6326885375951177,1.5982530317291215,1.532687804479899,1.454657947517079,1.2946812392568472,1.6027072837381644
2015-07-23,1.8492316511063813,1.6254938254946627,1.590154642962203,1.5248349360788356,1.4471751485866748,1.2883208040942586,1.5910580464930595
2015-07-24,1.8300513769104192,1.6124405056893905,1.5751813583610013,1.5106302918043693,1.4341612826152192,1.2777960944068965,1.569471451118653
2015-07-27,1.8194056268787586,1.6053096048878461,1.5671378964347151,1.503477507639071,1.4281013616964042,1.2729280027486376,1.5587695143038895
2015-07-28,1.8417534626232992,1.6201561965770708,1.5841504762702714,1.5184662453105422,1.4405526650326939,1.2824516207060408,1.5786984783345674
2015-07-29,1.8544225845436622,1.6280781752116928,1.5932328434996508,1.5262615318923198,1.4480178228101521,1.2883962874789996,1.5891620327375173
2015-07-30,1.8548628181003324,1.628300012648179,1.5935475780257276,1.52652488868396,1.4482575253071366,1.2885814463483485,1.5895006533503686
2015-07-31,1.8520473149086392,1.6262238784405079,1.591427893792858,1.52458812360787,1.4463391515896837,1.2870192917913958,1.5868696264792472
2015-08-03,1.8458003670112682,1.6215093879606008,1.5866102692321107,1.5201231308084924,1.4419490246635862,1.2835780514752357,1.5801317581666667
2015-08-04,1.842193374958841,1.6188065661332598,1.5837562540513401,1.5174648256969516,1.4393976384982958,1.2816455583379378,1.5770175698937674
2015-08-05,1.848263972456641,1.6233588803686185,1.5886483246131384,1.5220593214164861,1.4437998574232884,1.284871056986884,1.5827470140625182
2015-08-06,1.8331302814275197,1.6118692355577307,1.5760971244614141,1.5100654466750527,1.432236248128388,1.2762248874912712,1.5676689597461302
2015-08-07,1.829611464574878,1.6087593017304032,1.573218677506318,1.5074293009811375,1.4298448103318468,1.2744396431323666,1.5648409534442598
2015-08-10,1.852662613980367,1.6284619983632875,1.5925092067250433,1.5250205184658379,1.4454464133090945,1.2857567136761137,1.5860931931754072
2015-08-11,1.8359461058403421,1.614178010523088,1.579481256082818,1.513704315394482,1.4335064421872101,1.2764812141588802,1.5685847802940642
2015-08-12,1.83814598873918,1.6160778324972616,1.5811412612314315,1.5150841072357164,1.4347397329299318,1.2774233074247958,1.5702383414072498
2015-08-13,1.83585841247225,1.6140538506654087,1.5793261154107991,1.5134922523580527,1.4332369957228834,1.2762607658879344,1.5685383105334365
2015-08-14,1.84254479087347,1.619938497747141,1.5847071132492176,1.5182445347056748,1.4377152918366025,1.279644264640498,1.5737606020216919
2015-08-17,1.8528396068221957,1.62930427739587,1.5931894722792355,1.5258937952316747,1.4449857530155568,1.2852244554030878,1.5833628212250106
2015-08-18,1.8474720017642157,1.6244985752819037,1.5887153312330375,1.5218122718508005,1.440963834481245,1.2820113849627872,1.579331751378648
2015-08-19,1.8328670407126786,1.6115134385451082,1.576235616673561,1.5104121155452306,1.4299956831113756,1.2736635401141572,1.5642746746745892
2015-08-20,1.7945945069099756,1.5783559536453906,1.544105561709045,1.4823695682992173,1.4049859932245128,1.2548626783834516,1.5307465591419707
2015-08-21,1.7405728223958594,1.539781780225775,1.507880368548065,1.45501912079486,1.384172322076468,1.236785350538629,1.4919441345883802
2015-08-24,1.667282206654303,1.4988108748860869,1.4709114804703485,1.428829332233177,1.3653457095942128,1.2194223509893332,1.4546066872251568
2015-08-25,1.6476621807333633,1.490301959393823,1.4634770353038737,1.4236519420881277,1.361697953876119,1.2159402770446333,1.4456102896563454
2015-08-26,1.710922184904422,1.517332827917034,1.4874991223237128,1.441199456626354,1.3740829906140573,1.2274630989602089,1.474618727621486
2015-08-27,1.7532424261479156,1.5321758561984606,1.5010863109671644,1.4512346435581922,1.3828759564311772,1.236454692857965,1.4936825372359372
2015-08-28,1.7533296376843155,1.5321861782525286,1.5011046522717872,1.4512475204406265,1.3828825074556168,1.2364454758398797,1.4937193790048704
2015-08-31,1.73916458896832,1.5275643967682913,1.496603889257159,1.447696152513255,1.3794647873172226,1.2325994158994733,1.4836905355405545
2015-09-01,1.6872549333743847,1.510579139935656,1.4796529939728813,1.4335588126443888,1.3660824684105544,1.2185692417207572,1.455712983616444
2015-09-02,1.7192806798902809,1.5206362681731986,1.4896140511851874,1.4416242875492358,1.3728733763050454,1.2252767721173896,1.470077114453726
2015-09-03,1.7205120810865566,1.5209947167147437,1.4899907324025294,1.441934637240848,1.3731401372299035,1.2255461245836943,1.470589199601971
2015-09-04,1.6944690780898035,1.5131913156628556,1.481748436974428,1.434492538767955,1.366525265310414,1.2185115764818266,1.4576543226617682
2015-09-08,1.7370536843220892,1.525972164951881,1.495431985814691,1.4471507993281674,1.3774085312185,1.2291186481820042,1.4758755891820785
2015-09-09,1.7138255420747723,1.519451181884729,1.4883048371388308,1.4406295315718594,1.370991198378131,1.2223478058492032,1.4641906182557674
2015-09-10,1.7231523581526291,1.5221095513248328,1.4912218096292524,1.443381916398919,1.3735890118703773,1.2248359600719796,1.4693939344836244
2015-09-11,1.7309821231609037,1.5243276333472595,1.4937263957174416,1.4458871748065878,1.375945470135879,1.2271542066331795,1.4729520714957194
2015-09-14,1.7245599491379118,1.5225172409439238,1.4916038983771118,1.4435986821632358,1.3737944483434892,1.2249982092319804,1.4682252965300788
2015-09-15,1.7461156535794613,1.5286078753568944,1.4989204320402294,1.4518506671415703,1.3814852264323758,1.2323339687160815,1.4863026685293952
2015-09-16,1.7612490233874543,1.5327940649203264,1.5040831837337323,1.4577942624961695,1.3873158840890305,1.2381042635472534,1.493234636085448
2015-09-17,1.7572891699253208,1.5317074762762397,1.5027025196045876,1.4561260953161006,1.3856276373862673,1.2363774927542257,1.4901400523770336
2015-09-18,1.7285726434756912,1.5238218160787809,1.492408026386837,1.4431086839041147,1.3726475975254315,1.2238643855912341,1.4747481586522122
2015-09-21,1.7375048393971306,1.5262750091737127,1.495616971868849,1.446833118852324,1.375892069791087,1.2268124115045043,1.47958275795048
2015-09-22,1.7149525464042716,1.5199735191328936,1.4873027064731459,1.4365876675864706,1.3667777660630387,1.21834329479459,1.4689248434362627
2015-09-23,1.712211727124965,1.5191511518338032,1.4862771162873991,1.4353614425475654,1.3657245073947228,1.217406076139755,1.46676696765429
2015-09-24,1.7060208323145252,1.516975846483844,1.483881333980912,1.4323436782810526,1.3631807095084794,1.2152471140255203,1.462384141243203
2015-09-25,1.7055786714310837,1.516816560617439,1.4836959455282492,1.4320854152751648,1.362964955410222,1.215083646010288,1.4619979979646829
2015-09-28,1.6627727438412307,1.4992456479059542,1.4661347417208626,1.4080683881382896,1.342779954817897,1.198755333770041,1.4412659057471624
2015-09-29,1.6637457226395924,1.4996500868333482,1.4664863621717608,1.4083248486215798,1.342937715159226,1.1989272994193736,1.4417419977961194
2015-09-30,1.6947882112810138,1.5126696702106837,1.478841677188435,1.4219250060513133,1.353305555379529,1.2082318426271663,1.4586652430495421
2015-10-01,1.6992104625576874,1.5144022137845863,1.480539782323099,1.4236965537311776,1.354876885074947,1.2097158024095649,1.461088825472949
2015-10-02,1.7245928743035888,1.5256975376375548,1.4906008327202431,1.4348788530595713,1.3648084134123595,1.2192417542892955,1.473026105400377
2015-10-05,1.7552820197036112,1.539591383688246,1.5026245925108856,1.4480563093373908,1.3777557308308495,1.2323131080719794,1.4855124555720232
2015-10-06,1.7492681177349994,1.5369941748782838,1.5003262082654378,1.4456121065393368,1.3749934699691686,1.2292956076416754,1.4802916423542003
2015-10-07,1.7635949012892167,1.5433807620026392,1.5059490010297736,1.4518361945192542,1.381878153699872,1.2361941367374696,1.4903906975977335
2015-10-08,1.7795147810304512,1.5511056063653357,1.5122982193821484,1.4591133774808036,1.3900905769976468,1.2446174918555435,1.4986402703404358
2015-10-09,1.780576416860291,1.5516238710847243,1.5127212308216513,1.4596013263342096,1.390645283733918,1.245190965084833,1.4992019190195958
2015-10-12,1.7822557609203222,1.5524665237063375,1.513409702866018,1.4604308874636123,1.3916066090214678,1.246203167777114,1.500314542914253
2015-10-13,1.7710245853818891,1.5468136024066232,1.5085744327137254,1.4541419963544004,1.3844799396622152,1.238885067363748,1.4899503969736494
2015-10-14,1.7625332654593773,1.542555329125868,1.504823002062728,1.4492609544828836,1.379305529930257,1.2340428971221105,1.483413035669022
2015-10-15,1.789596787981517,1.5564317583661862,1.5170837415700953,1.4654343794983398,1.3958051280848227,1.248112216729442,1.5070220835087533
2015-10-16,1.7977331585569871,1.560437880964048,1.520669631044126,1.4696787138200493,1.4010289350674336,1.252899841998813,1.5135764456106677
2015-10-19,1.7986176409344348,1.5608735161302807,1.5210592544421673,1.4701453409902456,1.4015995491231337,1.2534268307226752,1.5142944312985545
2015-10-20,1.7963176976540558,1.559625927808281,1.5199733303009872,1.468713888738689,1.3999091996095567,1.2518591661298504,1.5121475414944954
2015-10-21,1.7851743760942795,1.553730388943723,1.514596547490423,1.4614797530973727,1.3915307596019142,1.244430141899267,1.5023675964589367
2015-10-22,1.8153331854110748,1.570323370035284,1.52945146358616,1.4810870460879408,1.4122373556962515,1.2616343082280492,1.5311697715427224
2015-10-23,1.8352321918821557,1.580702150330259,1.5387916218583013,1.4916560848658387,1.4266047881092014,1.2747889239916947,1.5460749299438636
2015-10-26,1.8307217654056969,1.5783610263438212,1.536675651594182,1.4892650061051311,1.4231530050315768,1.2713414088776318,1.5418871691347882
2015-10-27,1.8271844783381639,1.576530983528922,1.5349526843832055,1.4872291816947705,1.4204180336158365,1.2688073431159723,1.5371906791962733
2015-10-28,1.8479674853549992,1.589992541091855,1.545300810887578,1.4997841481997378,1.436743427099861,1.2830211773976683,1.5568968998715649
2015-10-29,1.8469064919674163,1.5893017098022861,1.5447745402274475,1.499146676209266,1.4358479283959051,1.282116749678807,1.5559028442215723
2015-10-30,1.8389463111809528,1.583783039740353,1.5407015441408434,1.494176613458709,1.4291192963631727,1.2759522941916472,1.5486807060083512
2015-11-02,1.860702939438407,1.5983708215280892,1.5520870354668044,1.5081426184211233,1.4464343179966934,1.290679793841675,1.5696674975126539
2015-11-03,1.866097687681749,1.602052372805164,1.554865415582161,1.5113365041183502,1.450872694854654,1.2947612858958815,1.5741311587289912
2015-11-04,1.8604372895651007,1.597749292379934,1.5518502239364529,1.5076905408257435,1.4460050821576753,1.290112379063371,1.5696040873849364
2015-11-05,1.8585803102209844,1.5963520641088977,1.5508225817755141,1.5064227244945054,1.4444322239840603,1.2886681381553435,1.5679705995966233
2015-11-06,1.8576079738648799,1.595610198840673,1.5502593843967634,1.5057002884116475,1.443579592716649,1.287947667261828,1.5670875390674612
2015-11-09,1.8402732756629707,1.5822197913716227,1.5401761760050237,1.492751714799108,1.4283152497830278,1.2751369362143212,1.551848785104736
2015-11-10,1.8445183734872517,1.585269492038356,1.5426419478284026,1.495564816328884,1.4309240631450157,1.2773285769865044,1.5549714042351612
2015-11-11,1.8372663246786647,1.5799919001311908,1.5382914562701668,1.4903343917150036,1.4258256658885768,1.2730058982752688,1.5482994495667486
2015-11-12,1.8116184236700217,1.5610252769866657,1.522547755008591,1.471547002648049,1.4079604374219374,1.2587455926888693,1.5216009532414612
2015-11-13,1.7912767744838065,1.5471529303034197,1.5105835365527776,1.4593766246772357,1.3977921625966718,1.2502554249254871,1.5061844907629462
2015-11-16,1.8185168080160812,1.5662027423493343,1.526349985779354,1.4744545464226908,1.4098726492294844,1.2599651949054091,1.5283795772234117
2015-11-17,1.8171901647551922,1.5652983598314045,1.5255967604905811,1.4737419367193987,1.4092066580305878,1.259376259564938,1.5273170053111043
2015-11-18,1.846022170200534,1.5839244801558463,1.5419072458285101,1.4893871941773107,1.4239822626544456,1.2717351180562868,1.5525329080849426
2015-11-19,1.8444298770663383,1.5829293945792564,1.5410294480324502,1.4885594406357898,1.4230746085516242,1.2708924984210204,1.5511891261728634
2015-11-20,1.8511515897916984,1.5870172066621004,1.5447206848152506,1.4920817619128102,1.4269710186406765,1.2742902358081236,1.557831776298354
2015-11-23,1.8490287999637114,1.585568430452754,1.5435067741581168,1.4908473084998648,1.42561516852848,1.2730936427740733,1.555884592715334
2015-11-24,1.8515052542542259,1.5872450572266712,1.5449347139679082,1.4923088975816778,1.427208692282474,1.2744607558311742,1.5579807177422895
2015-11-25,1.8512400862126124,1.5870603937611114,1.5447588397364878,1.492099095510214,1.4269908241077016,1.2742752258374446,1.5576957530418274
2015-11-27,1.8533622335983424,1.58852441554351,1.5460564190982762,1.493520960899017,1.428505038283089,1.2755460329200825,1.5599109483564486
2015-11-30,1.8456681845168779,1.5829000036388463,1.541125444581035,1.4878706508456327,1.422594876068219,1.2706009866244876,1.5518674555615515
2015-12-01,1.8632674083181437,1.5955916354605209,1.5526211922825857,1.5008888426140425,1.4356358341810793,1.280854617272877,1.5688063202401545
2015-12-02,1.8442532054456393,1.5822468202170137,1.5403484802869396,1.4876004663859461,1.4208562980243733,1.2683727332993169,1.5528362290829698
2015-12-03,1.8184286328162964,1.5638818720186543,1.5239280027485378,1.4712208041806543,1.4053590247042569,1.2553787271498273,1.5280937755106538
2015-12-04,1.853893212123827,1.587504435489836,1.5453212292266179,1.490375952851093,1.4212810122261752,1.2688277684077485,1.5555435288678363
2015-12-07,1.8426607517008795,1.5808829496778214,1.5391880945828469,1.4851970125481457,1.4157965082597523,1.2637722074124376,1.5495636614065462
2015-12-08,1.8302797651328209,1.5737176100994428,1.5323395833089877,1.479244484536954,1.4096972233215397,1.2585796778864904,1.5434176644565551
2015-12-09,1.816040674946696,1.5655478396036826,1.524327544740179,1.47211384325765,1.4026894498272844,1.2529778811107741,1.535645630743896
2015-12-10,1.8207279336544189,1.5682575729550299,1.5269890794971268,1.4745045873430949,1.4049359136553696,1.2546667430925025,1.5369961484678685
2015-12-11,1.7854405077992805,1.5478568846107235,1.5063382320249492,1.4550139270522822,1.386601919810916,1.2405964240665392,1.517797368224249
2015-12-14,1.7944612001416342,1.5526230171815871,1.5110896121564876,1.4589366696797035,1.3897129045534011,1.2432253126316282,1.5229247887424484
2015-12-15,1.8132985707828753,1.5629761240800835,1.5213176496138046,1.4679067367655667,1.3970652464494964,1.2494833616340917,1.5309887696455466
2015-12-16,1.8398307935584017,1.5776029904545885,1.5356218250925457,1.4807444337614057,1.4082708785372573,1.2593969199123143,1.5412359207888457
2015-12-17,1.8117958983435436,1.5621587057896327,1.5210786984251083,1.4678120457257742,1.3954593178622852,1.247352805128622,1.5273004146163043
2015-12-18,1.779518153852304,1.5452781809302374,1.5048541753921072,1.453858093635721,1.3831193838075593,1.2363308470157193,1.503446707995843
2015-12-21,1.794197316984535,1.5529747084838932,1.5118621528336669,1.459648346736498,1.3878152776743677,1.2403889643271846,1.514316092853868
2015-12-22,1.8104785704953825,1.5612960495410038,1.519735758802563,1.4664578062751594,1.3935121748498687,1.245471629131831,1.5259705447691596
2015-12-23,1.8328981991621527,1.5725190388236223,1.5306460682218272,1.476270032726387,1.4020289498109069,1.253323084491146,1.5364096419781634
2015-12-24,1.8298735810157767,1.5710476723248694,1.5291897444348241,1.4749373387487792,1.4007532554691116,1.2520761361618284,1.533646576449486
2015-12-28,1.825691924364383,1.5690326956267582,1.527104941237824,1.4729131369234651,1.3988642951467252,1.2503400050570295,1.529805080860556
2015-12-29,1.8451755919162558,1.5784246784369247,1.537040065789066,1.4828458059449108,1.4081056577322264,1.2585227994107686,1.5447738522564254
2015-12-30,1.8320973948886914,1.5722830673455475,1.53040043550126,1.4761675395982894,1.4013972966462085,1.252318289485003,1.5303265993746689
2015-12-31,1.8137702840101437,1.5637116517975689,1.5209127171254184,1.4665205573594577,1.3921840940116972,1.244439971898792,1.51108546753445
2016-01-04,1.788414694228476,1.551753588207545,1.5077369659079007,1.4533866781432623,1.3803971641050852,1.234871448020461,1.4891871838989055
2016-01-05,1.7914396335959804,1.5531608946392013,1.5092631231395406,1.4547977400860195,1.381539085253141,1.2357847919618685,1.490964357644937
2016-01-06,1.7688422090345608,1.5422686335385634,1.4974127379967617,1.4430635676201387,1.3717695284221794,1.2278844207541668,1.4720548916247074
2016-01-07,1.7264045614685841,1.5203496418792821,1.4754412784914093,1.4221946483397647,1.3550423913964638,1.2146971600877123,1.4491220118244068
2016-01-08,1.7074544422112243,1.5113008234102512,1.4666152704781266,1.414811445392396,1.3494787811317874,1.2100080577309953,1.4381011017174035
2016-01-11,1.7091455108424474,1.5120981360620467,1.4674034200490318,1.4154742003328038,1.349975805158291,1.2104117939001524,1.4389469100264265
2016-01-12,1.7229345702274814,1.5186319449085484,1.4740249344412046,1.4214105575178744,1.3544285531244313,1.2140769090143426,1.4452965633870472
2016-01-13,1.6799641774198137,1.4986542593556222,1.453109427991618,1.4018244533288584,1.3392581084473867,1.2011630459411626,1.4267416390078154
2016-01-14,1.7075442235166531,1.511133218583128,1.465191680892688,1.411842504344395,1.3466744553470853,1.2076722041193642,1.4369038058195607
2016-01-15,1.6708895199278648,1.4953897137242282,1.4495337009120288,1.3985539962116305,1.3358779925424868,1.1976463133148514,1.4273925436197872
2016-01-19,1.6731134944113435,1.496324154848706,1.450423035546882,1.3992797318596728,1.3364307170108765,1.1981316235206265,1.4282081096012536
2016-01-20,1.6516724659126847,1.4867828097075457,1.4413864704411088,1.3913416722210503,1.3302639850649887,1.1925269467150166,1.4186495771277883
2016-01-21,1.6609249192992832,1.490947675945473,1.4453086482167998,1.3948325866769085,1.3329514323104197,1.1948288700649312,1.4209084801401928
2016-01-22,1.6949994141730371,1.5065211062735793,1.460068584055436,1.4086890791933326,1.3437173949972332,1.2043307329165471,1.4318975316359934
2016-01-25,1.6693765684124202,1.4956158684569036,1.4495452282318881,1.3990710042145207,1.3349441423302961,1.1960107110397178,1.4170599676117588
2016-01-26,1.6921521100896177,1.505377784568947,1.4588660885902933,1.4075661644438675,1.3422514854627736,1.2024774834128742,1.4302130561973456
2016-01-27,1.6737366634007202,1.497584267006458,1.4513866872029166,1.4005701607594805,1.3358139725547449,1.1964739767824544,1.4202057248609603
2016-01-28,1.6824552472716776,1.5012700481741295,1.4549805860035065,1.4039912674740938,1.338853561077583,1.1990968274845304,1.4227457157726235
2016-01-29,1.7234686003536877,1.5183690412725908,1.4722931388763956,1.421270882447645,1.3543072169892219,1.212901863174491,1.442900748419861
2016-02-01,1.7228460738065685,1.5181058817642081,1.4720267191358787,1.4209979557365275,1.354027766036495,1.2126037639944316,1.4425839091021204
2016-02-02,1.691796357689755,1.5061960646008143,1.459550706903477,1.4087455836249312,1.3403946409222063,1.1995643274452805,1.4298369991731386
2016-02-03,1.7019387542129865,1.5100384851700244,1.4635539405788065,1.4125129654925288,1.343895728385754,1.202754794904664,1.4356230680743234
2016-02-04,1.7046076199594993,1.5110517574236715,1.4646242242500702,1.4135592315308116,1.3448895542150532,1.2036785805552068,1.436065057642173
2016-02-05,1.6721352154643614,1.4987107818084104,1.4510930283188999,1.3993651678282524,1.331405358098412,1.1910346442664446,1.4230242000229556
2016-02-08,1.6496261267132915,1.4902259703837983,1.4419359036220385,1.3904263926485978,1.323796037494224,1.1841284034980275,1.4134742927036277
2016-02-09,1.6497154261870268,1.490248175863062,1.4419722847990253,1.390460998116632,1.323815644638357,1.1841313671647276,1.4134415098943678
2016-02-10,1.6482917741453171,1.4896763947345253,1.4413610490222384,1.389816364784491,1.3232858474303921,1.1836728994359293,1.4129462457490873
2016-02-11,1.6268504244255297,1.4811016526376952,1.4320170962883685,1.3797253965347092,1.3149827106455474,1.1765733257080935,1.4054691441378173
2016-02-12,1.6603913710047709,1.4945918010440085,1.446681720991479,1.3950745832823068,1.327239436392563,1.186602107905288,1.4172656913511692
2016-02-16,1.6884156659223872,1.5058323749538514,1.4582544134023006,1.4064366992041104,1.3382388591232965,1.1962516874792597,1.427501921794964
2016-02-17,1.7159957120192262,1.516774002213443,1.4693588469622931,1.4172647150506348,1.3498813075275573,1.20710669458976,1.439132767847277
2016-02-18,1.708967714947799,1.51391503839023,1.466583811821488,1.4145606177755945,1.3466581818129553,1.2038834432737469,1.4352021605760505
2016-02-19,1.7081665894532088,1.5135895288290324,1.4662486642420773,1.4142027957111956,1.3462543699155303,1.203520749487496,1.434618297195594
2016-02-22,1.7328991708560644,1.523865363894603,1.476605651801309,1.4253175646317988,1.3589644911528913,1.2150084975664275,1.4506687007682748
2016-02-23,1.7110135723154996,1.5150009246133014,1.4675610989705572,1.4157120538742374,1.3468918978759012,1.2033778300768332,1.4322042512746411
2016-02-24,1.7188428554920814,1.5182579460112788,1.4708207983927746,1.4191063554905103,1.3504225126711757,1.206524256903756,1.4378224312711394
2016-02-25,1.739660875611928,1.5272222123243717,1.4796961620038247,1.4287932031540538,1.3607194090573922,1.2159030544743437,1.4496647489504406
2016-02-26,1.7356571754657482,1.5254953566163725,1.477991950244977,1.426928142542445,1.35856148211312,1.2138177383810453,1.4473293833342766
2016-02-29,1.7220455907542351,1.5194864093451255,1.4720078517742479,1.4200726229323133,1.350884517867283,1.206905581352963,1.4362898451861996
2016-03-01,1.7625252349311682,1.5371966167884474,1.4901533052356395,1.4408792555746393,1.3724786073691684,1.2250038941864794,1.4557442905214737
2016-03-02,1.7704433357497924,1.5406398340062417,1.4933788715457865,1.4440217336621413,1.3769402194382512,1.2292040679003493,1.4596419661132225
2016-03-03,1.7773828364003057,1.5436482127188034,1.4962925957568047,1.4470461983378304,1.381103265547918,1.2332182685110624,1.4642488293701774
2016-03-04,1.7831656197669299,1.546295450808375,1.498782359493989,1.449756243852691,1.3847813865318366,1.2368024806568803,1.4688166440228658
2016-03-07,1.784588950587511,1.5469530431666179,1.499403480719147,1.4504495833728293,1.3857140911851682,1.2377154312169234,1.4693513331032189
2016-03-08,1.7651057648673314,1.5379445813501167,1.4904682145643535,1.4396868272035355,1.371762538951767,1.2241816578621432,1.4529494709196131
2016-03-09,1.7738241881277246,1.542200915366087,1.49449169927314,1.4442789345327478,1.3765013357240927,1.228481228243185,1.4607413743509046
2016-03-10,1.7752476795588699,1.5429136194563644,1.4951536513092998,1.4450482537391798,1.3773165359578587,1.2292317406398916,1.4620374733165806
2016-03-11,1.8038949828552984,1.5577820067826091,1.5090892634222286,1.4622659872619526,1.3954359261605118,1.2458739730287802,1.474818453147451
2016-03-14,1.801582030119213,1.5566086730701072,1.507993161583422,1.460990679859244,1.3938554635045197,1.244192461666229,1.4737630067117906
2016-03-15,1.7986460690043153,1.5550091545882931,1.5065637030601584,1.4593135297832456,1.3917721904302376,1.2421960979098978,1.4711694348036946
2016-03-16,1.8090552396748032,1.5608771792659404,1.511729714788158,1.4655027104249696,1.3993126312590254,1.249085620138045,1.4791603524869534
2016-03-17,1.8205315069343162,1.5676582885170178,1.5175410765984851,1.4726161824845168,1.4080052176480249,1.25730990619476,1.4871114220329957
2016-03-18,1.8276859045198255,1.5720854789745642,1.5212223473358069,1.4771742196073032,1.4136402234117156,1.2628922154128033,1.4919668581213124
2016-03-21,1.8302800863539517,1.5737167354923336,1.5225814057883111,1.4788876774206818,1.4157434699314604,1.2650272098182043,1.4941183556039526
2016-03-22,1.8292960254266555,1.573090262439885,1.52203053956533,1.4781487091723744,1.4148842159036583,1.264143711976768,1.4929333838504035
2016-03-23,1.8172230899208712,1.5650704901936532,1.5152319295107761,1.4690441627654591,1.4043649033811396,1.2537256833871029,1.4834453059192043
2016-03-24,1.8164182703833027,1.564466732387811,1.5147640930009798,1.4684366056454037,1.4036527110673678,1.2530139994402245,1.482382400803248
2016-03-28,1.8174916307843343,1.5652184464679497,1.5153806836699535,1.4692218384600781,1.404457589790424,1.2537446430852524,1.4834970316721658
2016-03-29,1.8343038628206656,1.577469508235862,1.5255847655862915,1.4826669904310827,1.4179897049531842,1.2657092360147493,1.5012397286904389
2016-03-30,1.8423518975857862,1.5832648028091703,1.5304432662484873,1.4885846751519232,1.424683830984345,1.2720836926816534,1.507694596849396
2016-03-31,1.837880178255317,1.5798295607886843,1.527670453121452,1.4851370408022992,1.4207514896936855,1.2680757168983534,1.503933652076903
2016-04-01,1.8504004141825998,1.5918629265994821,1.535608564906041,1.4950024320541857,1.431595196926146,1.2781394175885636,1.5176056987876425
2016-04-04,1.8444083552507289,1.5860692881247096,1.531764843566112,1.4903341714042728,1.4262267367644603,1.2726834520325254,1.5127820825326834
2016-04-05,1.8259869659709533,1.5685997636228208,1.5196314224834848,1.4757294575755115,1.4102919269638303,1.2579194145960757,1.4928518488992315
2016-04-06,1.8459291766838233,1.585779368357667,1.5325388782995553,1.4895135757322133,1.422775406493045,1.2691301045809007,1.50850652406354
2016-04-07,1.823840405779454,1.567635898739972,1.5185822763646453,1.4751716898973861,1.4078894131084547,1.2546439160219012,1.4891241778066786
2016-04-08,1.8287591043102929,1.5715944468933523,1.521578818294723,1.477970187161901,1.4103094287383473,1.2568347661022419,1.4926897335479692
2016-04-11,1.8244663051484231,1.5681058157244467,1.5188596207729428,1.4752787955709743,1.4078850946964274,1.2546115779425204,1.4891402248979337
2016-04-12,1.8414574573533538,1.581789400751932,1.5298577683432564,1.4863346521736835,1.41782172840922,1.2631961102572977,1.499401459035182
2016-04-13,1.8600584092439858,1.598171429534258,1.5417743292888206,1.4981629636423694,1.4293698767255918,1.2736780718353269,1.5114513829147882
2016-04-14,1.860147066275464,1.5982099333797213,1.5418211845490775,1.4981988835781954,1.4293935424895732,1.273664514018516,1.5112977638829392
2016-04-15,1.8580910904422143,1.596459072564298,1.5404672347009754,1.496814914599249,1.4279299136607915,1.2722911694126433,1.509485144086463
2016-04-18,1.8711469626013453,1.6076323236254206,1.5491928223574631,1.5058178712146975,1.4373849462613304,1.280845923293636,1.523898442430363
2016-04-19,1.877048758396095,1.612659179905831,1.5531596798678406,1.5099123632530043,1.4418408553066122,1.2850576644555436,1.5283403383378844
2016-04-20,1.8788377994715244,1.614185621981259,1.5543774599154407,1.5111823245111846,1.4432289303666188,1.286391883639929,1.5299261101890287
2016-04-21,1.8687323433780758,1.6055540809365085,1.5471717877282256,1.5034085965923605,1.43487984727889,1.2783428008118736,1.5203184067045377
2016-04-22,1.8687323433780758,1.6055350160781885,1.5471624480273851,1.5033989367718759,1.4348166957443826,1.2782260740836107,1.5202614026668506
2016-04-25,1.865512583396109,1.6027216379402185,1.5447449173863224,1.5008147624072767,1.4322497238907748,1.2760051983341656,1.5176518841381863
2016-04-26,1.868285364177706,1.6051069920491647,1.5468492393947761,1.5030592403394647,1.4344666388131304,1.2778338221022028,1.5203774432550188
2016-04-27,1.8721303810863847,1.6084198276402206,1.549861870078421,1.5063018281026672,1.437649648318057,1.2804816475455383,1.5239952481918022
2016-04-28,1.8551395501025825,1.5931097929348719,1.5360567462446637,1.4913236366768634,1.4229750098491012,1.2680369764198196,1.5084876490330619
2016-04-29,1.8451235540934332,1.584533090758344,1.528143723928014,1.4835782126033985,1.4161647863430944,1.2622795981134456,1.50217313889265
2016-05-02,1.8597898683805223,1.5968279256293445,1.5398108418441885,1.494613642443919,1.425566582943734,1.2696937865407725,1.512992191383365
2016-05-03,1.84360353571316,1.5833705170141514,1.527094314201828,1.4827487361677278,1.4145464773064564,1.260509866943458,1.498950376312192
2016-05-04,1.8333196412828046,1.5751137239528747,1.5191738046195036,1.475691825044079,1.4084094012720134,1.2555625096779268,1.4900708102286522
2016-05-05,1.8329616403350415,1.5747855983528436,1.5188889284326976,1.4754436337924586,1.4081949486759862,1.2553754139913416,1.4897514595099555
2016-05-06,1.8396690587201812,1.5807556193374617,1.5242384868889864,1.4802625403409644,1.4123237443391752,1.258461271108151,1.495171577532998
2016-05-09,1.8411892377110184,1.582180062243642,1.5254660244835063,1.4813795804045622,1.4132892023873138,1.2591858368639393,1.4964485694740361
2016-05-10,1.8640821857106993,1.605055997697151,1.5447418289617192,1.4994119062527949,1.4291598597457598,1.2711780079387176,1.5179910104755994
2016-05-11,1.8466438936948344,1.589139423734186,1.5311383271408878,1.4874528924806032,1.4164018728727026,1.2605949328700012,1.4989105081080658
2016-05-12,1.8471806542006324,1.5896046615299273,1.5315242087436516,1.4877554021947172,1.4166025458600826,1.2607490273568767,1.4992276115814267
2016-05-13,1.8310839422281342,1.5740575445630718,1.5189583443232777,1.4768121510780106,1.406317781482809,1.2524953864812474,1.4854240731556776
2016-05-16,1.8491481336129683,1.5905213572631036,1.5327392380304965,1.4884313888558243,1.4164649793427169,1.2603762226779596,1.4990097474112827
2016-05-17,1.8318890829868313,1.5757532411560333,1.5199467889788632,1.4776269831392272,1.406046290591982,1.2518113795980406,1.4849795254928273
2016-05-18,1.8324255222715007,1.5761964905533932,1.520320229628517,1.4779246077073747,1.406269950324458,1.2519721344062076,1.4852979248449236
2016-05-19,1.82607594422356,1.5707853719883584,1.5155567454289565,1.4738251432998961,1.4026062622738245,1.2491104969692242,1.482248093080381
2016-05-20,1.837612440444675,1.5806028684220739,1.524362393808197,1.4814885002682465,1.4094178998819207,1.254173763813654,1.488540698653825
2016-05-23,1.8351083611371057,1.5785008588707492,1.522436585859922,1.4797744420553753,1.4078081345241003,1.2529267206739934,1.4861461034521055
2016-05-24,1.8588951069269617,1.5983148947182992,1.541230102806623,1.4967433441298907,1.4235177737899305,1.2645720454068496,1.5093701907717656
2016-05-25,1.8715044817174156,1.607788007102989,1.5503983122984255,1.5046095014024936,1.432275877225075,1.2715981314889344,1.519762939246345
2016-05-26,1.8720412422232133,1.60817076376205,1.5507896877665281,1.5049415676384597,1.4326357283870936,1.2718771061747787,1.52017303944928
2016-05-27,1.8800891163777698,1.6141397883049435,1.5568531143793751,1.5103985709975425,1.4387711748568113,1.2770176250057188,1.529514019928072
2016-05-31,1.8765124797219899,1.6113665032842266,1.554085249169567,1.5078276965444606,1.4358760716492427,1.2744872214263967,1.5251389661126618
2016-06-01,1.8803579784623616,1.61435708745465,1.5571116394758087,1.510654169656925,1.438992596724604,1.277041088551419,1.5279195442415145
2016-06-02,1.8860811753096407,1.6189267432078849,1.5617533873940164,1.5150757397713792,1.4437871807304032,1.2810393198455081,1.533289945048841
2016-06-03,1.8804472779360972,1.6141405666101019,1.5570345888201549,1.5105007403512338,1.4388678565381037,1.2767921249591823,1.5279359965972263
2016-06-06,1.8900156523026197,1.6223322704328365,1.5651896120749313,1.5183319582477546,1.4469753565073413,1.2833375297593874,1.5356532409322239
2016-06-07,1.8929671926422518,1.624839199266702,1.5677274704059643,1.5207605239913493,1.4495342309393806,1.2854882151606342,1.5383869388213915
2016-06-08,1.8991372080793365,1.630105846070551,1.573180614960155,1.526012481800709,1.455053848924216,1.2902598878294598,1.5449205241556292
2016-06-09,1.8965436686874677,1.627893655890917,1.5708103164504534,1.5237239994288807,1.4526517009719584,1.2880746161502203,1.54212382641848
2016-06-10,1.8785695798291904,1.6112256697404173,1.5540037617566147,1.5076246451642383,1.43606841746458,1.2737596882809497,1.5237361124706035
2016-06-13,1.8640821857107008,1.5978788232193335,1.5411595894560257,1.496526174054692,1.4261896106359535,1.265172923675087,1.511407437281946
2016-06-14,1.8604159283600572,1.5946224164894687,1.5379733263009034,1.493871303573984,1.423928244501452,1.2632852261927785,1.5083452550991876
2016-06-15,1.857822228357624,1.592168271025186,1.535646597532597,1.491913785666904,1.4222647033225315,1.2620036020964942,1.50618984183308
2016-06-16,1.8633671474785607,1.5976040421308408,1.5406934088771578,1.4961851182108883,1.4259122872115702,1.2647744730779364,1.5103718502995527
2016-06-17,1.8564276468280474,1.5900409617330495,1.534182701959093,1.490571688318985,1.4210190793420432,1.2610220579515838,1.506444384408536
2016-06-20,1.8683830154007846,1.6026548863208139,1.5455354071129468,1.5002393450274805,1.429394102427873,1.267107575978406,1.5156262844618225
2016-06-21,1.873686376233056,1.6081909556173686,1.5505171509842615,1.504453293985682,1.4332637564956405,1.2700325481581458,1.5196620024272616
2016-06-22,1.8706301178055185,1.6048920805287927,1.5475533706194697,1.5019046944378407,1.4308786838994505,1.268174234122168,1.5170786686762878
2016-06-23,1.8949905645309553,1.6309538699753972,1.5716505686522888,1.5225454202463657,1.4501112775136897,1.2825562802852086,1.53497157054737
2016-06-24,1.8269430806600677,1.5580201624678511,1.5123463689055727,1.4751319891590122,1.3942058058463551,1.2358377093302348,1.4857721677382723
2016-06-27,1.794222211622001,1.53900515642014,1.4960292472344383,1.4639693272337706,1.3857624829547723,1.227753885657284,1.4759454101736342
2016-06-28,1.8265834736066624,1.5561928738424677,1.5110952603225531,1.4745729480793868,1.3934391181699366,1.2346947088051532,1.488755247860723
2016-06-29,1.8576860305991219,1.5713662385947043,1.5248520110036023,1.4843205842326381,1.4014633297712171,1.242347461874656,1.5084158251636988
2016-06-30,1.8830348747370904,1.5829102182992862,1.5356408648209872,1.4923311905641514,1.4085510159559078,1.2495255880924998,1.5244905552980492
2016-07-01,1.8869905523245527,1.5846331544556755,1.5373002514886456,1.4936164394308715,1.4097306702817451,1.2507697098134005,1.5258759370989934
2016-07-05,1.8734168717062079,1.5786746561801492,1.5314163384696324,1.4886532308415064,1.4051931151024264,1.2459714984569883,1.5120673446105586
2016-07-06,1.8846527049510051,1.583584866380204,1.5363802563939815,1.4930187291714891,1.4090953048028203,1.249722500037726,1.522040652460655
2016-07-07,1.8834842630959243,1.5830755688573808,1.5358433679375734,1.4924932440741339,1.4086239299308776,1.2492576463966023,1.521005308784549
2016-07-08,1.9115304010502816,1.5952924650285747,1.548889096754047,1.5054731577412288,1.4201156821359122,1.260134262928413,1.5446346440391523
2016-07-11,1.9182721900961754,1.5980976099311517,1.5519264360312535,1.508423154182507,1.4230634782277265,1.2630978208423567,1.5498907057699476
2016-07-12,1.932204995936233,1.6039067535704186,1.5583800591023462,1.5150677560390011,1.429669321695681,1.2697932470956845,1.5627983740840028
2016-07-13,1.9319353307988194,1.6037889604666216,1.5582453430877443,1.5149066034710572,1.4294967747491265,1.2695998755814837,1.5624792963396512
2016-07-14,1.9427225787376048,1.6083776934928886,1.5634684165297146,1.5207818901392676,1.435366224481503,1.2755268943877602,1.5735342355502846
2016-07-15,1.94011602989003,1.6072702582221903,1.5621671845594725,1.5192449274956452,1.433811622540732,1.2739144130622224,1.5707422659850006
2016-07-18,1.9453297700274372,1.6094867884576134,1.564815241125203,1.5224392084627274,1.4369859696596656,1.2770131874283326,1.5745447020200916
2016-07-19,1.9433513690967312,1.6086466985010535,1.5637620792358633,1.5210903886551475,1.4356669915522244,1.275730558299534,1.5722719237416485
2016-07-20,1.9514416444402554,1.6120959517553946,1.568127443213118,1.5267278692629334,1.4411351733761701,1.2808104657644448,1.581895789261045
2016-07-21,1.9440710650352357,1.6089497854817156,1.5640285959910616,1.5213334771707483,1.4358613293451425,1.2757956292041748,1.5741364554254091
2016-07-22,1.9527904519590153,1.6126554878477626,1.5689785581660953,1.527778659141217,1.4419731351829361,1.2810810010284233,1.5803179255983835
2016-07-25,1.947486448684487,1.6104022722218172,1.5658801461061564,1.5237323050778275,1.4380585997969024,1.2775329357513439,1.5746562689620918
2016-07-26,1.9483858678444117,1.6107842123453437,1.5664025389134326,1.5244139441982516,1.4387170440095807,1.2780552344073906,1.5755692254649645
2016-07-27,1.9463180068294055,1.609308355789991,1.5651078503617515,1.5226956116984185,1.4371093178768037,1.2767023047243067,1.573830532891308
2016-07-28,1.9485654304552678,1.6108783790587704,1.5665197265900836,1.524558447128562,1.438851674415062,1.2781341380310305,1.575464610323495
2016-07-29,1.9517114701882337,1.6134632938264168,1.5685640566251209,1.527323055213022,1.4414140301996776,1.2802173198483826,1.5779997156212888
2016-08-01,1.9500936399743187,1.6117156420007257,1.5674523083844347,1.525814135856101,1.4400211105292424,1.2790511496513641,1.5765923552307173
2016-08-02,1.937598780516191,1.597446891947428,1.558731004052281,1.5141576735893096,1.4292679047149608,1.2703385762901869,1.5669222284734192
2016-08-03,1.9432622302335607,1.6033447692104394,1.5626997923445252,1.5187078816927755,1.4332198593128818,1.2734949707863925,1.5709589613061465
2016-08-04,1.945329770027438,1.6056255883697788,1.5641698044570396,1.5204354947860044,1.434746087008056,1.274729861648404,1.5725911949814004
2016-08-05,1.9612403343559446,1.6242659082697632,1.5759471880764735,1.534396200349916,1.44716457585907,1.284914253598281,1.5828833279992454
2016-08-08,1.960071410669171,1.6228993191967211,1.5750826387329817,1.5333840019339544,1.4461939293428385,1.2840021808710043,1.5816699624782542
2016-08-09,1.9612403343559448,1.6242380423315388,1.5759425045550954,1.5343155233911652,1.4471426771183815,1.284836262176719,1.5826973291934918
2016-08-10,1.9563857194402503,1.6182073814618725,1.572141506333425,1.5300989974314692,1.4430059544363947,1.2812391467351782,1.5783108937243824
2016-08-11,1.9654650346385636,1.6294721960072882,1.5793758018020314,1.5379548164209211,1.4505435129193818,1.2874314513094733,1.5861970739860238
2016-08-12,1.9637574231192207,1.6273486485694202,1.5779807416616962,1.5364800282888,1.4490692058405565,1.2861136317283939,1.5845293559808986
2016-08-15,1.969419909173204,1.6343873277761847,1.5826863286061263,1.5414608821026143,1.4539402769109133,1.2902358191884928,1.59027549409541
2016-08-16,1.959262254646367,1.6217428365521973,1.5739763910766635,1.5323119113463617,1.4450095266109522,1.282365637568,1.5793864051897666
2016-08-17,1.9629476246541597,1.6263185811183025,1.5771448081525616,1.5353378566565632,1.447758099489297,1.2846366539561798,1.5833173253486759
2016-08-18,1.967352690600456,1.631793032277519,1.5810224314740848,1.5391319241942565,1.4512569596936735,1.2876027328579194,1.5868125365994104
2016-08-19,1.964476637226032,1.6282147792175063,1.5783844602221708,1.5365430685110935,1.4488630415483876,1.2855113705902677,1.583522840632128
2016-08-22,1.9643862134783467,1.62810236051047,1.578273832183818,1.5364498594700982,1.4487806393676421,1.285427188761319,1.5833198115050167
2016-08-23,1.9683417304552453,1.6330199168058723,1.5820616749059795,1.5400872200638904,1.4521256207088173,1.2882067054320845,1.5870082565036208
2016-08-24,1.9582741784549644,1.6204912135764782,1.572059746974922,1.5306062803722464,1.44337412062793,1.2807339857702587,1.5768487323710212
2016-08-25,1.9569255315467697,1.6188171856321347,1.5707249796495162,1.529367696563099,1.4422412251437648,1.2797783507543348,1.575508368424205
2016-08-26,1.9532401615389776,1.6142442418426144,1.5669364697341066,1.526074397176082,1.4392979178173084,1.2774414554691202,1.5720245655588243
2016-08-29,1.9628580039592962,1.626167158736036,1.5769755503806293,1.534817858917594,1.4470607364923784,1.2834712175416307,1.578019851323677
2016-08-30,1.9596218616997734,1.6221455930500677,1.573586195636466,1.531913027121376,1.4443361714674725,1.2812201026365815,1.5749421797457155
2016-08-31,1.9540488357300891,1.6152256920528147,1.567564778445607,1.5268568275529912,1.4396544396183797,1.277519462207741,1.5706283688778504
2016-09-01,1.9541389382566456,1.61533741079276,1.5676429376600212,1.5269294532025945,1.439708440774483,1.2775364040468993,1.5706334159872275
2016-09-02,1.96294762465416,1.6262596132006455,1.5775609436307627,1.5350379886172265,1.4471028880924812,1.2831644219931295,1.577423155043962
2016-09-06,1.9688807395089432,1.6336327990266157,1.5842734537223957,1.54041249736221,1.4522048220386614,1.287218450062579,1.582783809837321
2016-09-07,1.9687013375086508,1.6334095170984568,1.5840481213803352,1.540235011457237,1.4520291442831386,1.2870451444479452,1.5825161429372125
2016-09-08,1.964207132699183,1.6278163297766581,1.578673753946175,1.5359696230364506,1.447990372672409,1.2836808738988283,1.578335023439023
2016-09-09,1.9171932083253964,1.5693728749990286,1.5219760222497185,1.491959797758475,1.4068692405630923,1.2507010632850077,1.5295813865925252
2016-09-12,1.9447003372260558,1.5923395541270189,1.5406523420492908,1.5030475537021508,1.4152566981152332,1.2591484068331666,1.5541184624627038
2016-09-13,1.916744301798255,1.5711571706092022,1.5226888820992779,1.4915770445069483,1.4053277668722284,1.2488281598993487,1.5346670123362463
2016-09-14,1.91602492708088,1.5705981792964179,1.5222165267082324,1.4912758317200423,1.4050633799039245,1.2485470143748434,1.5340838334627884
2016-09-15,1.935171633668909,1.5838944250073448,1.5340431710997637,1.4996822648384758,1.411865291257773,1.254834114426807,1.5470174983778
2016-09-16,1.9276907148062337,1.5788983375331715,1.5294856784770288,1.4962536679148504,1.4089129765632706,1.2520148670982856,1.543197007081396
2016-09-19,1.9280527310181037,1.5791377558620794,1.5296971343455361,1.4963948501372517,1.409037779561563,1.252147891733395,1.5431756669708432
2016-09-20,1.9281425123235318,1.579195227765137,1.5297359796949994,1.496394376433193,1.4090418052573355,1.2521580557355432,1.543194848824836
2016-09-21,1.9498255809425495,1.5936322309520699,1.5440924699113376,1.5093775521958166,1.4197691365117633,1.2612922112799931,1.5621444055158171
2016-09-22,1.9621127709410737,1.6013267279668069,1.5519238872310326,1.5162658256496693,1.42630551648505,1.267120196546672,1.5705230154570866
2016-09-23,1.9513618209898143,1.5946582244976368,1.5449803053653344,1.5098884703516144,1.4200847511813972,1.2614131833573814,1.5596095220454451
2016-09-26,1.935550995821721,1.5848633081407837,1.5346040875501004,1.5002465229426065,1.4111165385059097,1.2538044075977797,1.5404477664440985
2016-09-27,1.9475670751877527,1.5921503630923086,1.5424571224280836,1.5073340790202394,1.417313607539565,1.2587606037083348,1.5521009819426388
2016-09-28,1.9572339038301734,1.5979256968733113,1.548829619189754,1.5132633051460092,1.4226952285408967,1.2631639844282132,1.559897367866823
2016-09-29,1.9395262678980243,1.5873471706371278,1.536937313944074,1.5017564618303352,1.4120458322487426,1.2542557301328188,1.5470057060339126
2016-09-30,1.954162066177902,1.5958835006035137,1.5466180532397173,1.5105420544312778,1.4196452890245836,1.2603706155285381,1.5580998532413695
2016-10-03,1.949464046562373,1.593181029497741,1.5435107384512639,1.5076623382863361,1.4169645866432736,1.2581196607687153,1.5543073957922886
2016-10-04,1.9395262678980247,1.5874893469574136,1.5367326772636234,1.5011331430893688,1.4110637346006563,1.253482578499734,1.5453950126111111
2016-10-05,1.9481092964527364,1.5924127715000849,1.5426570723693744,1.506821334388695,1.4160838618099894,1.2572099249301747,1.5512512955065205
2016-10-06,1.9494640465623734,1.5931839990151713,1.5435983787151926,1.5077323050182432,1.4168910720098198,1.257816507905651,1.5523252797227411
2016-10-07,1.9427783106034102,1.5893699319535552,1.5387213932617876,1.5027214313890447,1.4124409732871448,1.2544401751953598,1.545998489772142
2016-10-10,1.9528974185948227,1.5951377912423739,1.5462272813678155,1.5103685586749787,1.4191705422813028,1.259303437421551,1.5539897919306873
2016-10-11,1.9282332572923466,1.577605140072779,1.5276651633286773,1.4915274423868647,1.401877375201645,1.2462933865941608,1.5241683892661662
2016-10-12,1.9307630342901996,1.5794079495907287,1.5293807551120768,1.4928558625017503,1.4029196486156879,1.2471857323525224,1.5257978598830606
2016-10-13,1.9244388327114135,1.5742623533256177,1.524808298813449,1.488742636410905,1.3995275289990905,1.244449595388729,1.520112772026143
2016-10-14,1.925432369662002,1.575046483462732,1.5255241724658923,1.4893823055201743,1.4000556925205634,1.244864289638636,1.5208472721575137
2016-10-17,1.9187463124819104,1.569339138312353,1.5204182903180588,1.4844993465572054,1.3960489462730326,1.24184025962061,1.5159912299448135
2016-10-18,1.9307630342901998,1.5795236611825925,1.5297438083580694,1.4933867239846834,1.4033532198450265,1.24709952683844,1.5257170670716331
2016-10-19,1.9359126908124626,1.5837552820755512,1.5337519708621192,1.4971667350767264,1.4066434550889675,1.249539789934596,1.5302585759291707
2016-10-20,1.9322986318952073,1.5807795172055628,1.5308463057314443,1.4943387444205742,1.4041459571046042,1.2476435963419805,1.5271347779020346
2016-10-21,1.9332022269298035,1.5815180514653624,1.531566485145542,1.4950350105134445,1.404760426535606,1.2481044831200883,1.5276398139431844
2016-10-24,1.9414238817149019,1.5891290226821762,1.5385053801708783,1.5018767068181231,1.4107736288829003,1.2525009775098275,1.5335505405291754
2016-10-25,1.9349185114196175,1.583061752593018,1.5329003773999574,1.496410126769079,1.4057761776374056,1.2486851663286287,1.5280729840586302
2016-10-26,1.9310341449226922,1.5792294862820324,1.5294759662458208,1.4931669339393543,1.4028547077944828,1.246528238243382,1.5248768293879675
2016-10-27,1.9258843277898654,1.5739946033364987,1.524813058367679,1.4887223242241996,1.3988809194523684,1.2436744716697519,1.521187425648711
2016-10-28,1.920192289392055,1.5680726007550878,1.5195437913528125,1.4838157768246245,1.3945171098915292,1.2406047557757682,1.5164885297821111
2016-10-31,1.920282552529176,1.5680988703801337,1.5196095821101703,1.483891192028491,1.3945793862600635,1.2406343415050676,1.5164836040385823
2016-11-01,1.906369501788524,1.551171004956918,1.506068647753318,1.4714974084117998,1.3835958835337325,1.233057757577897,1.5024685813289258
2016-11-02,1.8948959649086037,1.5379543530399173,1.4952389802265742,1.4625007963710817,1.3759097248135754,1.2276070730541098,1.4951350954683145
2016-11-03,1.886222191385078,1.5281206252896478,1.4871472509131674,1.4560620615497137,1.3705049609358,1.2238266347931361,1.4877226666341272
2016-11-04,1.8841448543467805,1.525675176300012,1.4851906520565783,1.4545273350816492,1.369222954244078,1.2229466619679947,1.4861800646335979
2016-11-07,1.9257031590733666,1.5742720209437882,1.5253296858543273,1.4868453928000454,1.3962230759883612,1.24090069338666,1.5216183740545077
2016-11-08,1.9343767719863278,1.5805484568222317,1.5309762483183706,1.490489746739912,1.4021358732811886,1.2453440623650986,1.5281186599745353
2016-11-09,1.9548844924960005,1.596379353178502,1.5452276171679102,1.5006801955961013,1.4168690416443783,1.256918176945832,1.544638742434043
2016-11-10,1.9597630383857716,1.6002415400932974,1.548481444503583,1.5031053142623456,1.4205050641499974,1.259983079660256,1.5468521709090752
2016-11-11,1.95524650870787,1.5966484291501473,1.5453470882021223,1.500586557362385,1.4169525794871871,1.2568673495442728,1.5446679732163224
2016-11-14,1.956782266923442,1.5978716447395502,1.546417774831447,1.5014524805489546,1.4181520039083868,1.2578300572051304,1.5455398652180612
2016-11-15,1.972050067773731,1.6100643885788661,1.5575636837131166,1.5112581680327681,1.4304584663040276,1.268108077352447,1.5558279621096682
2016-11-16,1.9683463881616123,1.6071390914075667,1.5548741485715152,1.5088848210266674,1.4273611754802933,1.265248252671201,1.5521043644273034
2016-11-17,1.9784648537107672,1.6151740753679344,1.5623970499801658,1.5157517333056258,1.4357598016434523,1.2724504322291168,1.5623319465961787
2016-11-18,1.9740382659488585,1.6116791195517943,1.559047348043589,1.512615868922278,1.431979655954861,1.2689571969050515,1.5580371580732348
2016-11-21,1.9889450142506626,1.6234101822351656,1.5705879643434761,1.5235847464514063,1.444467372267077,1.27971527022283,1.5725598456715932
2016-11-22,1.99283018380041,1.6263809846659831,1.5735588297725513,1.5263116991769499,1.447780369720707,1.2827691188641617,1.576765432775
2016-11-23,1.9939136626669907,1.627214572351546,1.5743915616392934,1.5270838622672624,1.4487108831383189,1.2836466481270608,1.5779832532886764
2016-11-25,2.0013227886074363,1.6330000188156553,1.5803922556023762,1.5329417419297129,1.4552600137221936,1.2900095732931194,1.5863038384248553
2016-11-28,1.9919265887658142,1.6256132714723353,1.5725852997100995,1.5252967185510815,1.4468065500396194,1.2813586410349258,1.5750743917679506
2016-11-29,1.9958115977049964,1.6286185911585604,1.575833972990271,1.5283359665542795,1.4498246407845685,1.2840953121836496,1.5793370777581885
2016-11-30,1.9910231543417825,1.6248457264055414,1.5716820844788881,1.5243608660368702,1.4458519342363696,1.280315348635035,1.5744022947882141
2016-12-01,1.9837050945912797,1.619135851406765,1.5651894109868894,1.5182385692966351,1.4398708600398409,1.2749461005860003,1.566341677386424
2016-12-02,1.9846984709313034,1.619910202517778,1.566067368244877,1.5190464062320501,1.4406105252450485,1.2755210992020054,1.5670734936405073
2016-12-05,1.9966246083813437,1.6298580781468053,1.5770999456465682,1.5292354385176792,1.4501957892417434,1.283579400419129,1.5767268283143694
2016-12-06,2.0029481675178724,1.6352645400438646,1.5829201920543416,1.534396710209558,1.455415415167294,1.2882009433021198,1.5822128270363949
2016-12-07,2.0291484082570483,1.657989227511318,1.6075480419207515,1.556434749807306,1.477640192630193,1.308745505864623,1.608279503790992
2016-12-08,2.034117538505069,1.6631942029258937,1.6115367555489182,1.5594253698321474,1.481935082655875,1.3132217896895313,1.6114435891854921
2016-12-09,2.046404086061335,1.676696540323214,1.621934520996966,1.5678359990336301,1.4927638118064661,1.3250816462153048,1.621799432150888
2016-12-12,2.04405579900111,1.6738562378678379,1.6199438151156376,1.5661907585513843,1.4906479070450886,1.3228008121624826,1.6195269052051389
2016-12-13,2.0576978997198356,1.6896741179438939,1.6318231345276872,1.5762209172107422,1.50285850105754,1.3360434412916515,1.6320179490435627
2016-12-14,2.040712529495219,1.6698835896940636,1.617135205222446,1.5638840667817349,1.4874482468305799,1.3195007851833866,1.6165791820677993
2016-12-15,2.049114549943995,1.6783882407052149,1.6241445548029192,1.5693861548945787,1.4928935420180764,1.3251771424189378,1.6228685212569232
2016-12-16,2.045106995144273,1.6741040212271807,1.620719846916426,1.5665629853316618,1.4900088596143952,1.3220844797585678,1.6199331756057471
2016-12-19,2.0495600836492867,1.6788221342928007,1.624590414094763,1.5697865783552067,1.4932388273732724,1.3252513380036433,1.623827045031943
2016-12-20,2.0574662992861548,1.6872934068278338,1.631667335155997,1.575849965133577,1.4992219401873057,1.3311980630701499,1.6306053408299455
2016-12-21,2.0517411751121046,1.681042754069336,1.6264258280184183,1.571289373262017,1.4946752656184064,1.3265158512170727,1.6252411323400628
2016-12-22,2.0481968211797428,1.677111135814079,1.623095537777142,1.5684199329154036,1.4918984295209001,1.3238326721911269,1.6219539591157097
2016-12-23,2.0511957416358357,1.6803742845471452,1.6259458299371798,1.570882038614762,1.4942638233179735,1.3259245693532833,1.625248795852532
2016-12-27,2.0562848479753675,1.6859378026592897,1.6309419676307881,1.575227726842654,1.4983985579617265,1.3296526872297032,1.6312972658613176
2016-12-28,2.0392909653908435,1.6672444741734234,1.6137335528638046,1.5602827635512646,1.4841469554033369,1.3160053509220622,1.6110748188906576
2016-12-29,2.038836437493954,1.6667104887118696,1.6132461824872057,1.5598062448371492,1.4836629184977503,1.3155310705164514,1.6105024824280834
2016-12-30,2.0313847497539763,1.6590151536342261,1.6058542549454173,1.5539439730286915,1.4785015999643978,1.3109229295180278,1.6016124098065359
2017-01-03,2.0469249461212713,1.6748748974292653,1.621399695875488,1.5661162462545744,1.4891517319440368,1.3197985327404773,1.6125364455206102
2017-01-04,2.059102439104397,1.6871160594398162,1.6331121133491118,1.5750478165750146,1.4978735986942295,1.327467957866544,1.621421020234502
2017-01-05,2.057466299286155,1.685476706501748,1.6315366751251115,1.5738426461701676,1.4966137509073418,1.326274621985985,1.619642016983521
2017-01-06,2.0648274026678832,1.69285655515538,1.638767455056589,1.5795079532358136,1.5022929392344335,1.3313669653002904,1.6270707677301817
2017-01-09,2.0580115721518597,1.6860144247697346,1.6319190702628734,1.574045961301851,1.4968068804477777,1.3262929307408873,1.6211326322687136
2017-01-10,2.0580115721518597,1.685868084504808,1.6319012910827961,1.5740417628838763,1.4967847118707753,1.326227228301292,1.6208135055631288
2017-01-11,2.0638277625158525,1.6925478279536241,1.637980387118017,1.5788720153488502,1.5014362606637082,1.3302261552670132,1.6234016563575848
2017-01-12,2.0586482324286353,1.6863540356011677,1.6324017839003264,1.5744139693011456,1.4971306778963585,1.3264007459991451,1.6178698212129023
2017-01-13,2.0633733952295263,1.6919088053888955,1.637553723879961,1.578471179796798,1.5009746474431898,1.329596061109985,1.621846676458033
2017-01-17,2.05610335803774,1.6829141592257482,1.6293717449549237,1.5720514091960476,1.4948684208615237,1.3243107644338674,1.613208745561578
2017-01-18,2.060646709679875,1.6884922378609977,1.6345058547840288,1.5759307209807756,1.498463083335826,1.327227197764806,1.6172200987733143
2017-01-19,2.0530133713917063,1.6791101110840043,1.625621343634946,1.569189780192454,1.4921600619020354,1.3219131988308255,1.609774256485456
2017-01-20,2.060556125321626,1.6883636658091945,1.6344172951827252,1.5756128192914944,1.4980408779624148,1.3266031751218215,1.616813671912208
2017-01-23,2.0551943022439603,1.6817736677337365,1.6280874273842574,1.570989483024808,1.4936744286982928,1.322947694372292,1.6114702280923976
2017-01-24,2.068372238431938,1.6979490040889058,1.6437350768207348,1.58233658834796,1.5042148598335512,1.3313154691236257,1.6190857426506962
2017-01-25,2.086274534367986,1.7199932848455666,1.6644178434763524,1.5968619889663342,1.5189396273384357,1.343764380082608,1.6301916118655349
2017-01-26,2.0840939247368606,1.717344509219921,1.661988367903686,1.595177464813036,1.5170771713234135,1.3419649203123842,1.6271640486956331
2017-01-27,2.0808219663215053,1.7134485813802347,1.658350059769777,1.5926105331510199,1.5142732899531492,1.3394355440984274,1.6235531359715847
2017-01-30,2.067917871145611,1.698145127976855,1.64371817490993,1.5820535439601942,1.5029913832085147,1.3296589896687139,1.6093185985883733
2017-01-31,2.0677350963234695,1.6978690060041333,1.643485251144212,1.5818580741212913,1.5027171717612753,1.3294074141107497,1.6089009044825597
2017-02-01,2.0685534071484377,1.698876909233223,1.644375572282537,1.582470369886767,1.5033130864899809,1.329913008639016,1.6095547472311957
2017-02-02,2.0699166696179803,1.7005563547259475,1.6459299750418295,1.5835771783387338,1.50437031383559,1.330794441206092,1.610449396646995
2017-02-03,2.084183866652852,1.718138346990102,1.662920840270095,1.5960444328964138,1.516103156465211,1.3406194529606743,1.623056150617891
2017-02-06,2.0804585046145565,1.7135317327583914,1.6585898696443406,1.592942219157755,1.5129183451040769,1.3377009138385243,1.619391818947735
2017-02-07,2.080549410193935,1.7136440418440597,1.6586659626186215,1.5929932701467242,1.512993963434568,1.337734220109881,1.6193822636742565
2017-02-08,2.083275774522457,1.7170123958696186,1.6619078307344877,1.5953396895731835,1.5153439142678926,1.3397563308708047,1.622304131587691
2017-02-09,2.0956350786643387,1.7322919944773438,1.6766970568564092,1.6064670065471385,1.5262898598378785,1.349347050514444,1.6346131702467435
2017-02-10,2.103904756008155,1.742545804412183,1.6866217883647927,1.6134990531962605,1.5337425847980692,1.35632971408247,1.6436040161021999
2017-02-13,2.1153554861879487,1.7567717966596512,1.700391221813793,1.623372400626497,1.5442237906546799,1.3667399998589167,1.6552561559678716
2017-02-14,2.123807135301086,1.767300253149,1.71049121603465,1.6304505945039844,1.552058181693921,1.3748754466470974,1.6650202596111678
2017-02-15,2.134894082552803,1.7811390554292954,1.7238202020150688,1.639860975562784,1.5624490772178359,1.3856413758842374,1.6746042663444693
2017-02-16,2.1330766134074977,1.7788645875974745,1.721642766144827,1.638326842688454,1.5607206798310447,1.3838719482102542,1.6729266868660295
2017-02-17,2.1364386743494097,1.7830702390353927,1.7256875704048857,1.6412053939896485,1.5638955458966597,1.3871437447761445,1.6760016505539062
2017-02-21,2.1491616008088044,1.7989980574620723,1.7411028006526053,1.652568105021263,1.5759954912336822,1.3995348291063117,1.6905544946431497
2017-02-22,2.1472533866946852,1.7966020951366497,1.7387839450553197,1.6508946736115917,1.5741610417109755,1.3976708845012873,1.6882899838453014
2017-02-23,2.148707394133042,1.7984269422829735,1.740550065070874,1.6521436655674457,1.57554385648551,1.3990905286907191,1.690004816065261
2017-02-24,2.151434079682693,1.8018502176686884,1.7438631727958938,1.6545912880647786,1.578154046669265,1.4017536739409642,1.6930294753431396
2017-02-27,2.15479598001404,1.806073661627086,1.74795069811248,1.6577043044919075,1.5813894947098726,1.4050393122405935,1.696943416734586
2017-02-28,2.148980271481741,1.798761880302097,1.7408742241330375,1.6521461954242946,1.5757592311684365,1.3993510945214662,1.6900734426866477
2017-03-01,2.179060702843171,1.8365292348893096,1.7774261517864793,1.680960817800885,1.6040942576454849,1.4287322980912909,1.725558741595505
2017-03-02,2.165337975621182,1.8191808037331392,1.7629439843202048,1.6717232451843864,1.590908549936455,1.4152360447002972,1.7157897458936495
2017-03-03,2.1667005956484684,1.8208728751795653,1.76431236756862,1.6725995019093414,1.5917557316235504,1.416438880472012,1.7168492513599662
2017-03-06,2.1602490298922143,1.8127960216244208,1.7574960422465167,1.6680104219121386,1.5865244761050044,1.410285476360455,1.7094661929551758
2017-03-07,2.1537968216937045,1.8049453036023868,1.7505661892933948,1.6632403035701275,1.5813890023293995,1.4047443060504097,1.702816198540668
2017-03-08,2.149797779253889,1.8000903781233388,1.7461867272950027,1.660166428128239,1.5782387668855118,1.401616893789957,1.6985430189621253
2017-03-09,2.1525244648035393,1.803391801247422,1.7492034344104077,1.6623028452696207,1.5804049221691792,1.4035676473467082,1.7016270797694235
2017-03-10,2.1600668975123307,1.8125551751273457,1.757846173894621,1.6686217742902127,1.5866474896012013,1.409266271958601,1.7076743251952258
2017-03-13,2.1611574432437393,1.813871589008203,1.7591027786373012,1.6695431449288642,1.5875557389263175,1.4100961895645472,1.7086023915855004
2017-03-14,2.1528876052893584,1.8035748128285363,1.7491238275218497,1.6620105019313853,1.580199162779247,1.4031473387114786,1.6986376643053878
2017-03-15,2.1715174670815602,1.826039268012464,1.7715970052957037,1.6783346487737172,1.5955587804066187,1.416708425760321,1.7178488413730801
2017-03-16,2.1672461897353026,1.8210374504611961,1.7667394070390792,1.67491701069691,1.5918641213877809,1.413056415982059,1.7135310000051982
2017-03-17,2.163440361804306,1.8166418051628126,1.7623724899550726,1.6718077751729103,1.588597847028184,1.410025710882301,1.709206899572939
2017-03-20,2.1610678225488757,1.8138418518432602,1.7595672161660658,1.6697836812045472,1.5865464281996413,1.4082118512918183,1.7063087695243635
2017-03-21,2.1333200990229364,1.7813692046267489,1.7261665187292907,1.6455363980253197,1.56219395068449,1.3877324180105863,1.6785201999025499
2017-03-22,2.1383404640409602,1.7860690726976236,1.7308492518387828,1.648336522054462,1.5644233863811918,1.3899179354136757,1.6825110481064645
2017-03-23,2.136058348533215,1.7837503012904183,1.7285336658533186,1.6467590380545718,1.5630972226303652,1.3886921030857047,1.6806279419780779
2017-03-24,2.1345068504823446,1.782193988323113,1.7268987215936582,1.6455923068649123,1.5621227155859374,1.3878599340551168,1.6786741027733005
2017-03-27,2.1323159617751064,1.779994835713653,1.7245324937111977,1.6438603610392744,1.5606751425504877,1.3866565845192595,1.676517535112968
2017-03-28,2.147832869610581,1.7955918793567214,1.7415057802634595,1.656376888530048,1.5711629629398682,1.3951991713987355,1.692990621942546
2017-03-29,2.149840180442857,1.7974716341617767,1.7435746760738202,1.657872752535402,1.572561496218025,1.3963599094418044,1.69491207902889
2017-03-30,2.156685563302706,1.8040781963725057,1.7509783106709984,1.6633822063739487,1.5776622279239696,1.4006827735710707,1.7026017896655543
2017-03-31,2.1516660013375035,1.7979930922572385,1.745407781150382,1.6591321189635093,1.573694981042999,1.3972445749732687,1.6969456862257541
2017-04-03,2.147924096411088,1.7933941407790708,1.7411499765315526,1.6559090510607126,1.57073756928275,1.394791247332739,1.6924511205653963
2017-04-04,2.1492926590292525,1.795052310080987,1.7427049117912359,1.6570874550496058,1.5718210172606724,1.3956439126542322,1.6932554400921662
2017-04-05,2.142903892003629,1.7872273267076633,1.7350276239952853,1.6512254410419063,1.5664808117364517,1.3914034319743154,1.6855376047262083
2017-04-06,2.148928073048354,1.7945860500633535,1.7423137321624766,1.6566399088854398,1.5713606152505781,1.3951076522100805,1.6900709519077686
2017-04-07,2.1467375055622444,1.7919169625206657,1.7396478334307133,1.6546072484397838,1.569490024633694,1.39362175506048,1.688385575806537
2017-04-10,2.1480150019904665,1.7934673152298668,1.7412006971747531,1.655784896180195,1.570566988908388,1.3944605291076002,1.6893620989472287
2017-04-11,2.145459366691765,1.7902831256741658,1.7380932649922263,1.653299247353109,1.5682972588658273,1.3926875287518443,1.6870066111977222
2017-04-12,2.1360583485332154,1.7786641926550832,1.7266692455497326,1.6441747345721631,1.5599540380802757,1.3863260112221285,1.6793298497446816
2017-04-13,2.1221848079913745,1.7616447374358675,1.7098473625260782,1.631546471874188,1.5486348672805594,1.3778097756906345,1.6684703144796489
2017-04-17,2.140987004919039,1.7850324125572585,1.7325707983258742,1.6466083922441053,1.561623594202064,1.3876545561924267,1.6846762915256897
2017-04-18,2.1345980772828517,1.777478573922031,1.7252109415764485,1.6418594018370725,1.5569001512851783,1.3838341080178727,1.6792264875276053
2017-04-19,2.13067323692373,1.7729155632187048,1.7206474063144799,1.638863891826107,1.5540104013218725,1.3815981379337896,1.6757824844924465
2017-04-20,2.148015001990468,1.7930015480630552,1.741187471007084,1.6525418019783975,1.567086461699414,1.3912636531589435,1.6879054726700937
2017-04-21,2.141169779741182,1.7843339928201916,1.7335126990716985,1.6474364970503483,1.5616589189779375,1.3869670712141702,1.6826023129024779
2017-04-24,2.1647181794536583,1.8137699187899905,1.7599756986658246,1.6653001102052007,1.5798907908615392,1.40069402515858,1.702884296313509
2017-04-25,2.177314384177842,1.827935017350268,1.7723593339234298,1.6734711265913864,1.5900106406557597,1.4089641168755522,1.710567301201733
2017-04-26,2.1759448578962926,1.8263856095390778,1.770997664013824,1.672520954833289,1.5888378629002449,1.4079099499246748,1.7092587205559708
2017-04-27,2.177770196959247,1.8284096512005497,1.772823260180046,1.6737937886576921,1.5903757491108266,1.4092297042010955,1.7107745966191608
2017-04-28,2.173023672953308,1.8228223125491376,1.7678073447064657,1.6700589181523777,1.586188104442987,1.4056420837274362,1.7069333527906139
2017-05-01,2.1784998507527362,1.8291257353532042,1.7736662777181047,1.6744564511877402,1.5909728786586805,1.4095593155278976,1.7124976170645656
2017-05-02,2.1793218556206813,1.8300733602522097,1.7745442683736101,1.6751124026990503,1.5916861419301636,1.410141537516845,1.7133499121745615
2017-05-03,2.1766751541320386,1.8269632653404129,1.7715042967088404,1.672722838478704,1.5892450202470196,1.408036747752492,1.71022871709861
2017-05-04,2.1792304682096106,1.8299569529126853,1.7744500620632053,1.6750229155142464,1.5915856879716426,1.4099797764268591,1.7132403090040722
2017-05-05,2.1878101239424725,1.840020852254862,1.7847202389443826,1.683067181244127,1.5995729566289845,1.4167953315167932,1.7233578795777298
2017-05-08,2.1874456985721387,1.839582513911426,1.7842735131446577,1.6827189197255108,1.5992134893755796,1.4164261204488684,1.7229272878230275
2017-05-09,2.18543710285535,1.8371978150321113,1.7818000690525901,1.6807615309288975,1.5972821533446426,1.414690381542549,1.720554201917682
2017-05-10,2.1893616219933434,1.841849398723922,1.7865995952859957,1.6845710251963464,1.6010335245550698,1.4179779078340575,1.7251887538921304
2017-05-11,2.1848895814417455,1.8365480720080678,1.781125570968136,1.6801166155526837,1.5967032477159906,1.414008941973608,1.7199028883760847
2017-05-12,2.1812390639264008,1.8322413165277764,1.7766617091676984,1.6765246725258363,1.593245634241128,1.4109469863315391,1.7155924630309973
2017-05-15,2.1932866229630297,1.8467807095558442,1.791381166459179,1.6883209752898842,1.6044160321349572,1.4203856800469963,1.7298059679761795
2017-05-16,2.191278669688498,1.8441894279281903,1.7889211530426925,1.686403105699391,1.6025064844232175,1.418598994698631,1.7274305126745304
2017-05-17,2.1523962975732527,1.7951040738518655,1.741306831605889,1.649628453531428,1.5657387399416316,1.38603880634955,1.6814528397344282
2017-05-18,2.1610678225488784,1.802935621014225,1.7487267416409429,1.6536816945450838,1.568834964663429,1.3893960934218028,1.687614597357045
2017-05-19,2.175123495470604,1.8161000876769529,1.7614906325915451,1.661569578906927,1.5752341387627977,1.39598082110943,1.6978971697715126
2017-05-22,2.186167399091096,1.8266207187910641,1.7714292573341455,1.6680577405051713,1.5806696901313986,1.401621779010754,1.7081835404464807
2017-05-23,2.1910051498975416,1.8312294769866386,1.7758100701879977,1.671043512273721,1.583215111158507,1.4042736036269647,1.7136152070687392
2017-05-24,2.1961157780526865,1.8364648499034462,1.7805415783293743,1.67444406434658,1.5861114050994825,1.4072605294172496,1.7196108457312538
2017-05-25,2.2066128027018306,1.8476757745727859,1.7905404588987168,1.6820007353552557,1.592529359730664,1.4138025350913357,1.731939975380271
2017-05-26,2.206155705035912,1.8471741413567593,1.7900942971652054,1.6816343555016988,1.5921859194869958,1.4134393927815894,1.7314018208934794
2017-05-30,2.204239460393579,1.845154498845927,1.7881603179752972,1.6800607335882776,1.590816121846618,1.4120991839505828,1.7291460035986446
2017-05-31,2.2036917783694108,1.8445676428521391,1.7875673161099497,1.6795531509824657,1.590373930923702,1.4117198866616174,1.7285015485380557
2017-06-01,2.221215997037161,1.8631815327410064,1.8059999101050515,1.6948657959876177,1.603746928974183,1.424003512112095,1.748567030208369
2017-06-02,2.22860906192118,1.8706123716396514,1.813390866833613,1.70061776547773,1.609612870525188,1.4296831492268258,1.7571115675285207
2017-06-05,2.2269656946275456,1.8689469127672809,1.8116855044572417,1.6992310795140848,1.6082189478223365,1.428267666783278,1.755213727410096
2017-06-06,2.2198469525873046,1.8617534345627467,1.8041263574104869,1.6930704787131603,1.602152469550801,1.422432141498291,1.7467584003175354
2017-06-07,2.223954407158004,1.865865522694176,1.808518390680075,1.696584766246405,1.6054768196995681,1.4253752861328557,1.751606525613018
2017-06-08,2.225049610595777,1.8669634630117489,1.809695106709409,1.6975222755915318,1.6063720656671006,1.4261831252212573,1.7529004137536441
2017-06-09,2.221672934092516,1.8635648810859633,1.8058150305186227,1.6943610474406738,1.6034096376590161,1.423461319560684,1.7489101807191816
2017-06-12,2.221215997037161,1.8631030141886165,1.8052460824333456,1.6939206412622034,1.6030069403561107,1.4230777126784941,1.748064761593605
2017-06-13,2.2320774470566405,1.8740408657715393,1.8182942412332426,1.7043150295234768,1.6126672595483504,1.431517208864954,1.7600070884103247
2017-06-14,2.229248452577548,1.8712008454793585,1.8148966426363817,1.7016573211712467,1.6100729502640883,1.4290714195238254,1.7566828086358857
2017-06-15,2.2249582231847067,1.866828859725281,1.809629119061364,1.6976066238674816,1.6061683007729874,1.4255567708587817,1.7520198606057025
2017-06-16,2.2254443913627586,1.8673157112135674,1.8102222430687698,1.6980625529582234,1.6065893077870812,1.4258827917239862,1.7525303333219548
2017-06-19,2.243972104836082,1.8903591696332758,1.832828477921987,1.7159343473198239,1.6234905715199899,1.4404923053280523,1.7720978315222715
2017-06-20,2.2288379319752676,1.871235253800767,1.8148107755228986,1.7032538109432915,1.6094052601378634,1.4269983014172714,1.7540300850878696
2017-06-21,2.2282873589609427,1.8705418981156703,1.8141317546052986,1.7027571398566488,1.6087855068354109,1.4263992063299977,1.7533801578652737
2017-06-22,2.2272787246173125,1.8692718468415037,1.81291057331954,1.7018963171212558,1.6079722891305799,1.4256840650446756,1.7521896564892614
2017-06-23,2.2299385961722265,1.872620343120075,1.8160819972261335,1.7040913450717827,1.6100629755757057,1.4275435176376259,1.7553284190796354
2017-06-26,2.2314059342874173,1.874468667918878,1.8178595912109201,1.7053421664087267,1.6112452663893848,1.4285850067337924,1.7570609737103424
2017-06-27,2.213428954438984,1.8518166137014602,1.7958916305165007,1.6887988584226883,1.5958557773140607,1.4149057792554731,1.7358277351286677
2017-06-28,2.233240588763101,1.876679065359826,1.819072239126732,1.7037145974586942,1.608649798705916,1.4263326761488317,1.756673978318159
2017-06-29,2.213612211092819,1.852585060952801,1.7977883509750259,1.6897791461249627,1.5948827679955406,1.4133662576240824,1.7367049411689603
2017-06-30,2.2177400632051816,1.8569998221562396,1.8018557623228393,1.6923554233468168,1.5971033717535315,1.4153595883123684,1.7396649776649202
2017-07-03,2.221500598957053,1.8613501853907326,1.8057065321565955,1.6949095216133474,1.5993681702857208,1.4173980682172922,1.7435661556771034
2017-07-05,2.226636764191917,1.867465234070207,1.8111241458600482,1.6986872097254224,1.6026976155662178,1.420359480476777,1.7495780943985004
2017-07-06,2.2062751992957317,1.8432964245811854,1.7889600937793544,1.6825011615301275,1.5884281740401034,1.4077156659728853,1.7267273028545806
2017-07-07,2.2205838338561863,1.8587448269324598,1.8032194790469789,1.6920816193112036,1.5963309541033162,1.4146474935282516,1.7429183069300291
2017-07-10,2.222968097682809,1.8611885329035847,1.80555136055615,1.693709741826681,1.5977258150671045,1.4158855474999335,1.7447535067190585
2017-07-11,2.221317181692654,1.8594629620692484,1.8038407899590359,1.6924277640296708,1.596608928987361,1.4149104777311006,1.7427503087691012
2017-07-12,2.238010080079731,1.876923656632886,1.8212867095083414,1.7055149213704845,1.608023886316736,1.4245972014346735,1.7622889756181486
2017-07-13,2.2417699733893452,1.8806154641874475,1.825037038442763,1.708287875751708,1.610708682756344,1.4269435130496713,1.76672998680126
2017-07-14,2.2522260423446006,1.8912069717010553,1.8358576060391565,1.7165706389182185,1.6186464223684633,1.4339701335104793,1.7790905662451324
2017-07-17,2.2519510770585667,1.8909152344888385,1.835566900878001,1.7163327293970128,1.6183884826451764,1.4337091793462147,1.7786606810311862
2017-07-18,2.2531431286665957,1.8921090181225122,1.836812001708698,1.717302059680673,1.6193412553963367,1.434579452383073,1.779935287113566
2017-07-19,2.265341501023077,1.9043861022598803,1.8503018121090362,1.728161332921724,1.6297435191418463,1.4439127545947705,1.794389970302402
2017-07-20,2.2663509384195284,1.905398824086523,1.8513981222070242,1.729011121555289,1.6306047844223879,1.444680022839277,1.7955893420123772
2017-07-21,2.2643328666794473,1.9031055631958798,1.8490715201436356,1.727135860337603,1.6287619967456715,1.442924408914344,1.7932626727593435
2017-07-24,2.263782454275686,1.9024976138306056,1.8483902623987658,1.7265948188238338,1.628250781862429,1.4424415085992326,1.7925171758784075
2017-07-25,2.2692852934287826,1.9085542475240054,1.8549734305305452,1.7318382365894198,1.6333215707590292,1.447068487793961,1.7990530956701203
2017-07-26,2.269377162671547,1.9086518325008741,1.8550623165761566,1.7319107958194875,1.6333918017837994,1.4471016115625575,1.799162344370187
2017-07-27,2.2672678641309587,1.9063351338552808,1.8524760032686447,1.7297907854256738,1.6313746921191754,1.4452016081571912,1.7966539663647476
2017-07-28,2.264608474407738,1.9030134077245149,1.8492167132723827,1.7271192007566751,1.628849374580918,1.4428600852058033,1.7939521644431469
2017-07-31,2.263323911114688,1.901329261032919,1.847643304929875,1.7258236929712203,1.6276238027736412,1.4417453878899602,1.792085051769355
2017-08-01,2.268368849549045,1.9076863421061905,1.8538208873847652,1.7309313082232756,1.632446782711161,1.4460243737512029,1.79807687559376
2017-08-02,2.269469353135438,1.9090746187493066,1.8551699646317281,1.7320485186165546,1.633500729993824,1.4469585311073119,1.7993853863661118
2017-08-03,2.2650668569581707,1.9035195578055115,1.849771756456199,1.7274799277589554,1.6291884050872358,1.442910452909311,1.7948496486756278
2017-08-04,2.269194066628276,1.9087222018039054,1.8548274985354767,1.7316589789219998,1.6330817606957653,1.4463680964937968,1.7995127649350267
2017-08-07,2.2734126637094523,1.9140448822399188,1.8599998877020636,1.735981395284377,1.6371294486124859,1.4500838524419968,1.804530902922432
2017-08-08,2.267817955313591,1.906979387833428,1.8531338946814335,1.7301825224374032,1.6316755540142878,1.4448504302167857,1.7978696677971524
2017-08-09,2.26772656790252,1.9068641180591426,1.8530218796658944,1.7300592540412814,1.6315449812623595,1.444682784731546,1.7977196078370319
2017-08-10,2.235716882443051,1.8664901231316084,1.8137878853494098,1.697391066568096,1.60126903983315,1.417178069755407,1.7596115178379157
2017-08-11,2.23901871442336,1.8706249289479553,1.817291433262848,1.6990495692428296,1.6024253748312345,1.4184746965305632,1.7633997868347773
2017-08-14,2.2612144519635353,1.898440618713012,1.8423813917019898,1.7141444795471399,1.614359400377361,1.4304186471564118,1.7854768682624662
2017-08-15,2.260938683624679,1.8980800820789323,1.8419738846443343,1.7139199540349526,1.614153343418986,1.4301824035209576,1.7850811213104307
2017-08-16,2.264882957862079,1.9029858459855793,1.846111709260338,1.716583640952866,1.6165525063995811,1.43260750836466,1.7896448438294577
2017-08-17,2.229571761643428,1.8591605074984008,1.8076735501863186,1.690462387296,1.5931966973094822,1.4094989469357604,1.7533607105780857
2017-08-18,2.226086351788155,1.8554565622511625,1.8044429558040553,1.6883736822125373,1.5914570762595321,1.4077540020012007,1.7498975096101679
2017-08-21,2.2278289764105095,1.8571698284311988,1.805946542430922,1.6893340181814147,1.5922168040075524,1.4085083476894693,1.7516757449018396
2017-08-22,2.2511255387582065,1.8800364295903655,1.8270200857420662,1.7040208320511576,1.603764174220213,1.4193525112770533,1.7790507033919458
2017-08-23,2.243054215461266,1.872715387161634,1.8201103852457632,1.699156152469252,1.599391204779392,1.415091612215289,1.7698476018575666
2017-08-24,2.237826502204767,1.8680452772367504,1.8155717190674672,1.6958094142939788,1.5964527645616147,1.4124532087298962,1.7636014928794548
2017-08-25,2.2430542154612665,1.8727027563814524,1.820184218506722,1.6992876395225378,1.5994938131065553,1.4150494313301127,1.768583401613045
2017-08-28,2.24314608470403,1.8727781646386084,1.8202419273731378,1.6993010467339922,1.5995057543199334,1.4150613027441377,1.768511368690826
2017-08-29,2.24571408701618,1.8750537681406139,1.8226214420564473,1.7012304692444407,1.6011860983609207,1.4164556995298974,1.7709975335153698
2017-08-30,2.2563534126252702,1.8844652206380894,1.8328822875140394,1.7099044275054305,1.6087319789085988,1.4226287800455666,1.7813071451125306
2017-08-31,2.2699278962964367,1.8963076718229044,1.8460988948612125,1.7211179502032272,1.6188766758358675,1.431122036420881,1.7961345250357061
2017-09-01,2.2731378590339837,1.899018501109526,1.8491914126294329,1.7236921963531162,1.6213573043904117,1.433258082777089,1.7994394202549877
2017-09-05,2.256812116396832,1.8850838134953205,1.8329171742462538,1.7097708436704877,1.6079971811907452,1.4215154944650166,1.7798975371334944
2017-09-06,2.2645162839438457,1.8914315529270223,1.8403276411421603,1.7155372080636782,1.613012233300752,1.4258466592892582,1.7867253347534873
2017-09-07,2.264241158047248,1.8911999893562539,1.840037168841845,1.7152807590354644,1.6127720264829652,1.4256298389934678,1.7861439338781369
2017-09-08,2.2615811258817695,1.8889999302794387,1.8373027612999453,1.7130069991345425,1.6107425955237675,1.4239045154084486,1.782992559143693
2017-09-11,2.285703226529827,1.9089080416981843,1.8624657844727996,1.7338884908201513,1.6293786947352613,1.4393141200652022,1.811510917732097
2017-09-12,2.293407394076841,1.9156842794806688,1.8696554424867164,1.7392676972262031,1.635556368187953,1.4447745263267187,1.820669707548814
2017-09-13,2.2945080582737996,1.9166558737294017,1.8706985595851016,1.740058403153363,1.636443235750003,1.4455662736280344,1.8219803856909276
2017-09-14,2.2937742286056384,1.9159025280162483,1.8699326711371778,1.7394132097538233,1.635781778027613,1.4449574740667253,1.8211063269202428
2017-09-15,2.296862287924903,1.9188066439867009,1.873070536465952,1.7419794331642566,1.638480378411085,1.4474096149868945,1.8247839018276273
2017-09-18,2.3017470976266803,1.9234036928584652,1.878203932136096,1.7462505939605195,1.6428594507396281,1.4514150753242734,1.8306051403194745
2017-09-19,2.304051216781731,1.9259327263711463,1.8806737107177536,1.7483176904285782,1.6449558964994073,1.4533658484654741,1.8333538778155443
2017-09-20,2.3048809309567617,1.9269730506952671,1.881563925667767,1.7490644155945054,1.6457134074233086,1.4540753815092444,1.834344194147832
2017-09-21,2.2987056153710563,1.9192288328356573,1.87440291270033,1.7430897479261065,1.639868710788417,1.4484107557314227,1.8271659802053577
2017-09-22,2.2991664070799533,1.9198059172137523,1.8749180207768372,1.7435049857035587,1.640234974684866,1.4486894476964818,1.827671104632981
2017-09-25,2.2944656570848316,1.9139182218115052,1.8691811137553924,1.7389345125605133,1.6359034911663866,1.444704327825084,1.8220659699352064
2017-09-26,2.295848353432652,1.9156482767333256,1.8708572079226304,1.740254220569951,1.6371268218684496,1.4457375089165914,1.823712996523513
2017-09-27,2.304789061713998,1.9268384228853965,1.8817857096943698,1.7489931463356951,1.6452994384801884,1.453001505931925,1.8343661081716125
2017-09-28,2.307554775630767,1.9303066907174053,1.8851728836089803,1.7516626302241034,1.6478716895180998,1.4553103786813717,1.8376679278205956
2017-09-29,2.3156657697370826,1.9404841562907922,1.8951123829719971,1.7596682448168663,1.655578456050043,1.4623711098967662,1.847356959185741
2017-10-02,2.3257119605323147,1.9531119333586173,1.9074449014381045,1.769495383202179,1.665243501775774,1.4716414184377076,1.85937870735084
2017-10-03,2.3306899243613706,1.9593826070641422,1.9135689562779197,1.7742206651173493,1.67007750473347,1.4763449251338612,1.8653484405594984
2017-10-04,2.333455156446447,1.9628696524205587,1.9169744686669317,1.7768906675429303,1.6727810888303274,1.4789723250592748,1.8686681365669555
2017-10-05,2.3472809956506997,1.9803148045922006,1.9340117239293009,1.7905938347969816,1.6864138203392682,1.4921168032147596,1.885276065657157
2017-10-06,2.344607311587259,1.9769312709568296,1.9307073029837312,1.7880421879111326,1.6837533005539087,1.4895673967366219,1.8821420772269013
2017-10-09,2.340736436377732,1.972035491047418,1.9259259946176963,1.7843751750299657,1.6799454001460628,1.4858785511799788,1.8774129546453286
2017-10-10,2.3469122337951305,1.9798400166894479,1.9335480373638247,1.7902286927818194,1.6858341589837633,1.4917590626141148,1.88484300223409
2017-10-11,2.3505992099085655,1.9845054805773872,1.9381044148831563,1.7937644258547043,1.68939329571073,1.495274370910474,1.8892846070542928
2017-10-12,2.3470961328912225,1.9800692443761048,1.9337719053228055,1.790293843653069,1.6859600128249606,1.491931779841815,1.8850612310795882
2017-10-13,2.3499537160507553,1.9836853377572918,1.9373034483773852,1.7931056020019875,1.6886834674398599,1.4946564141694232,1.8885038164640136
2017-10-16,2.3530878706019647,1.987653826404771,1.9411791471060453,1.7962264382543018,1.6917125844294107,1.4976465693611831,1.8922818884261885
2017-10-17,2.3547469777308976,1.9897559986235214,1.9432321670134631,1.797896759415997,1.6933268051539363,1.4992305026245083,1.894283193866326
2017-10-18,2.357051418107077,1.99267686917055,1.9460847427094756,1.8002530267066905,1.6955899055022068,1.5014313042410645,1.8970639147147734
2017-10-19,2.3576962695226302,1.9934946157563604,1.946883369008937,1.8009116853055172,1.696222750851312,1.5020474554805692,1.8978424240472813
2017-10-20,2.3698631622085147,2.0089257605819233,1.961953707794005,1.8136134200779799,1.7083266618565054,1.5136744303603558,1.9125331491037219
2017-10-23,2.360646364367184,1.99720618353495,1.9505081541094196,1.804514269209361,1.6991000911299599,1.5048440273366506,1.901375902760622
2017-10-24,2.3647938109683873,2.0024695551200606,1.9556484592414094,1.8083041936765976,1.7026699292577085,1.5087765887686901,1.9063867263709773
2017-10-25,2.353087870601965,1.9876009506634558,1.9411275076882228,1.7971004298791509,1.6919556597521037,1.497566334019321,1.892231549777527
2017-10-26,2.3561293528575895,1.9914545592121828,1.9448910124074672,1.7997023502464298,1.6942543949948077,1.49978596030784,1.8954447208810072
2017-10-27,2.375393465768102,2.0158782641999564,1.9687436502197022,1.8175403835113382,1.7103336522007335,1.5151113454806797,1.9185636581644403
2017-10-30,2.366545269171777,2.0046147277882325,1.9577434741756392,1.8101503170802196,1.7025993196773326,1.506930689517052,1.9078472176701138
2017-10-31,2.370231924064083,2.0092989754062645,1.962318196229958,1.8131813717894143,1.7055501472465497,1.5096599388903504,1.9120643504487267
2017-11-01,2.3733655967836,2.013283702799811,1.966209754015574,1.815852731779295,1.70817761365675,1.5121654537827376,1.9157974362287682
2017-11-02,2.3742871802013945,2.014456346962807,1.967354979791785,1.8166437784523626,1.7089544161472938,1.5129058542527085,1.9164264341280535
2017-11-03,2.382214757043311,2.0245455377008112,1.9772082683330874,1.8241192571147558,1.716119213816039,1.5196352503442228,1.9257505200620855
2017-11-06,2.385901572546182,2.0292454451205315,1.981798284036673,1.827638319723978,1.7195238943839997,1.5229089443858255,1.9294444112040448
2017-11-07,2.3842426260278136,2.027129006388418,1.9797313311908964,1.8259734635008467,1.7179261091319948,1.5213265291777136,1.9272420488153064
2017-11-08,2.3882975609439963,2.032300382047429,1.9847817914157946,1.830009080152587,1.7217966943280303,1.5249524217728336,1.9307087476129434
2017-11-09,2.3796335846648917,2.021241582723164,1.9739815653627886,1.8211713331743125,1.7133634244795977,1.516823118048559,1.9198727637202466
2017-11-10,2.3788960609537533,2.0203019126814374,1.9730638663822477,1.820396857961937,1.7126089201775625,1.5160757591037648,1.9189520832128548
2017-11-13,2.3811084714766046,2.023120281220726,1.9758163367393329,1.8225484518383037,1.7145875856378086,1.5178355752185386,1.9215550848877168
2017-11-14,2.3755778466958875,2.0160715982465613,1.9689324637921213,1.8169402124086966,1.709422273892642,1.5132787097242844,1.9149891068550013
2017-11-15,2.3636875254016805,2.00093523526316,1.9541500143554642,1.805145825894557,1.6986541385124387,1.504202109536463,1.9022742332193168
2017-11-16,2.3837810312660954,2.026449904684561,1.9790681080235724,1.823156113469634,1.7143769477588549,1.5170924234398881,1.926351431652184
2017-11-17,2.376776162115923,2.017517656146098,1.970344710433261,1.8174500745626676,1.7085425797655762,1.5118330431600138,1.9193133595460286
2017-11-20,2.3808320606954916,2.0226819079125744,1.9753882133341771,1.8207417405582709,1.7118112779690373,1.5145132569004394,1.9238526776834861
2017-11-21,2.396409358103133,2.0425328991862335,1.9947750551463208,1.8341595930574255,1.7249391641426413,1.5255234439738883,1.9427018636116842
2017-11-22,2.3942889774336105,2.0398220013621695,1.9921275426589344,1.8323588803361175,1.7230425927091273,1.5237563464634085,1.9401559833742363
2017-11-24,2.399819120382634,2.04688913529906,1.9990294351544255,1.8371159962309846,1.7279670937480116,1.527997423384756,1.946835618109396
2017-11-27,2.3986214474048553,2.0453568299358964,1.9975329576599756,1.8359878028041205,1.7268375006956247,1.5269827786952965,1.9453782130123725
2017-11-28,2.4229549115554945,2.076481343445745,2.027929727855328,1.8589221885066907,1.7497043019932463,1.546462322858531,1.9749813363336788
2017-11-29,2.421479703522653,2.0745849553144886,2.0260778924407115,1.857573434714785,1.7482621839768098,1.5448981962566046,1.973185216762648
2017-11-30,2.442680298006597,2.1018301357899616,2.0526850648201473,1.8748669589405715,1.7688054790884755,1.5642536265602496,1.9990639816476299
2017-12-01,2.4376107861559055,2.0952869630361084,2.0466112879936533,1.8709977044627089,1.76378916154747,1.5593320450823578,1.9932597695934153
2017-12-04,2.434660370090224,2.0914828477402634,2.0430178979757834,1.8686183661078974,1.7609393653563532,1.556519406482958,1.9906542111492598
2017-12-05,2.4259045245683555,2.080200349603302,2.032116155086785,1.8612527100951701,1.7526132737780529,1.5486168895569785,1.980835174481665
2017-12-06,2.426365155666688,2.0807595433451342,2.0326783678986957,1.8616345079852776,1.7529201371728687,1.5488236372669726,1.9813176829796675
2017-12-07,2.434015679285235,2.0904496213147743,2.042282822254725,1.8683589988245064,1.7597801084091889,1.554814739425731,1.9899801417411813
2017-12-08,2.447288536316697,2.107221934369202,2.058987887970791,1.8804478424619153,1.772063363746409,1.5658491566675548,2.004137212428863
2017-12-11,2.4546621673224385,2.116299150674161,2.0682934214454236,1.8869678714301021,1.779047836164341,1.572534374330405,2.0130068824387464
2017-12-12,2.4589951191253765,2.121775550781713,2.0737698262000737,1.8909061105179168,1.7832268948274028,1.5766498037155041,2.0183369000986326
2017-12-13,2.458717262849185,2.1214123670115015,2.0734183350825615,1.890598065962416,1.782935373392175,1.5763825713571045,2.0179948045181257
2017-12-14,2.4486710720539526,2.1085799097353393,2.0607105159441166,1.8806970886230063,1.7729377867423302,1.5667210456192195,2.005626671872517
2017-12-15,2.4690621892939646,2.1339542255972686,2.0864511249266213,1.899518361446431,1.79064583594147,1.5831762415727937,2.0306792212364924
2017-12-18,2.4847189889309202,2.1536135659356113,2.105934641193864,1.9121463218523043,1.8048074285489484,1.5976982143686325,2.0499946142417937
2017-12-19,2.475176954696939,2.1411577956124628,2.094360332220829,1.9044879083428965,1.7958651501035883,1.5884638091622032,2.038185762490923
2017-12-20,2.4738795425587474,2.1394753736277923,2.092773848437759,1.9034296032086995,1.7946597258758619,1.5872209481804929,2.0365832304316736
2017-12-21,2.478975073320851,2.1459330533467598,2.099105097067637,1.907738631519669,1.799115038703699,1.591512154534038,2.042875456258592
2017-12-22,2.4783265278623188,2.145056831754586,2.0982598986779712,1.907101297408885,1.7984877463159359,1.590892670349205,2.042073775587962
2017-12-26,2.4753616568458527,2.1412075709181044,2.0944946139856615,1.904271364870928,1.7956951755442836,1.5882876610838297,2.038409315750249
2017-12-27,2.4765665572990234,2.142770943667333,2.0960238799229693,1.9054012683570416,1.796818524851311,1.5892456158718935,2.039897631791767
2017-12-28,2.481661766839998,2.1493836472048886,2.102492319569554,1.9104371233976372,1.8016877168488743,1.5935836898478237,2.0461928628923505
2017-12-29,2.472304916586623,2.137227602497661,2.0906014732487836,1.9008987128250994,1.7924998470870934,1.5851643045538928,2.0346204235312917
2018-01-02,2.4900003461158877,2.1601732918668817,2.1130465754662273,1.9177996141552933,1.808017521295163,1.5985767669667188,2.0564645023594252
2018-01-03,2.5057486937744797,2.1806667588996413,2.1330929534563836,1.931395729301337,1.8223840592439453,1.6120685118631577,2.0759740887624316
2018-01-04,2.516310283870462,2.1944538408807595,2.1465792540580804,1.9402285942020032,1.8322955003936596,1.6221368142725316,2.0890992601512446
2018-01-05,2.5330794722755687,2.216390251191476,2.1680370958245723,1.954650341264461,1.8484323272564729,1.6383521741379818,2.109982514880403
2018-01-08,2.5377114809491816,2.2224696136710156,2.1736843896739364,1.9584309973458713,1.8529659121551347,1.642846029283921,2.1157700103481134
2018-01-09,2.5434563602226374,2.2300164642775444,2.1809157918900772,1.9634022553775252,1.8586844629890136,1.648424649336258,2.1225599530969097
2018-01-10,2.5395642844186264,2.224897803746014,2.1758855662374406,1.9597818828281106,1.8547343708173,1.6446409435533982,2.118016700553275
2018-01-11,2.558093603997594,2.249247950751009,2.1996993042503608,1.9771770971305198,1.87305914554252,1.6626405337721184,2.141072567079913
2018-01-12,2.574769156443729,2.271241351681586,2.2205596521340762,1.991358753605873,1.889821260409194,1.678898021013785,2.1620082168705577
2018-01-16,2.5659685005744293,2.259596571712332,2.2098320188690916,1.9840402022298054,1.8808358253258433,1.6702902180468977,2.1516145294702445
2018-01-17,2.5904259560806864,2.291902492031915,2.239798439617995,2.004526350958478,1.903355315467206,1.6941707033380888,2.1755324334398876
2018-01-18,2.586072124904393,2.2861512947587346,2.234789508573357,2.001179188734105,1.8991728886209445,1.6898995139557935,2.1714316058647
2018-01-19,2.5978379730112895,2.3017418638010794,2.248239094355733,2.0103959785651706,1.9102744154523321,1.7014323135279574,2.1855412199850184
2018-01-22,2.618960671371561,2.3298146302307283,2.272550207877341,2.027587589018548,1.9306959316118881,1.7221835162082835,2.2121628683572605
2018-01-23,2.624520045443282,2.3372330182894756,2.278545398911538,2.031752842739351,1.936171755323877,1.7276671394398646,2.218684416584198
2018-01-24,2.6235004895812817,2.335871089489125,2.277365454177248,2.030846046036241,1.935126485106794,1.726660410707124,2.2174450873481772
2018-01-25,2.624612717738867,2.3373565218009555,2.27860550535301,2.0317451960844237,1.9362432158257883,1.7277584324160975,2.2180188179111315
2018-01-26,2.6549989516146724,2.377947345797136,2.3147897292904887,2.059539295482859,1.9673290802793089,1.7577629001915491,2.25603777907627
2018-01-29,2.6373965156021213,2.354854168713046,2.2962243393795685,2.046656603581135,1.9490640212691943,1.7402821537545075,2.233752390530382
2018-01-30,2.6103456813145587,2.3229728794986038,2.2685148417642553,2.027792938337096,1.9277187758726138,1.7166332698525155,2.199374023424187
2018-01-31,2.611641487347107,2.3240472612241203,2.2696463739748585,2.028478462546219,1.9281709044258244,1.717002452901809,2.2000768314321775
2018-02-01,2.6086762951095124,2.320958766292598,2.266710127950534,2.0263776398842888,1.926279617487692,1.715139523482116,2.1973444028458013
2018-02-02,2.5518861662990346,2.2620621128254568,2.2095152753332226,1.9843390201013196,1.8886628935397178,1.6799821714187426,2.140553121107211
2018-02-05,2.445160285729526,2.181931505559276,2.131967984089602,1.9383707727418857,1.8529618581980674,1.6431613897114774,2.0535041242681285
2018-02-06,2.49333494265131,2.2040690622211714,2.152330726627463,1.9495290941153918,1.8612482237584451,1.65230937434578,2.0795150703351566
2018-02-07,2.4798092845916826,2.1981405225799064,2.146767024497056,1.9461639449551427,1.858564273386894,1.649133108920322,2.073123035327302
2018-02-08,2.3867944066729723,2.15756473123481,2.107530472723472,1.91972212799666,1.838056720141075,1.6259671474096535,2.0347915219448596
2018-02-09,2.4226475029354777,2.1709948822913945,2.120184845881242,1.9277322985747707,1.8440500760828291,1.6325369072095763,2.0495945942231857
2018-02-12,2.4582230641429206,2.1838460122341763,2.132751019256471,1.936486541588581,1.8507534475738163,1.6403311142205146,2.064030866986583
2018-02-13,2.464337668935331,2.1859883521460297,2.134898988943909,1.9380965627255287,1.8520173538914546,1.6418672115082706,2.066496230131128
2018-02-14,2.497596262142582,2.197727032743214,2.146917787743374,1.948310921039975,1.8599203316211328,1.6516447230851958,2.0878464386290303
2018-02-15,2.5294668588533917,2.20863608426679,2.1584281790280033,1.9587611307558102,1.8683829732674893,1.662523623155148,2.1078847280906374
2018-02-16,2.53020775538638,2.2088828984144686,2.1586922485658753,1.9589908993562755,1.8685615466214944,1.662747468850064,2.108126755843136
2018-02-20,2.5143654505476887,2.2035388864102443,2.152768582138605,1.9525856080803774,1.8632169242483612,1.655847431379294,2.096709570313564
2018-02-21,2.501858224076112,2.199299564806763,2.1479568272549514,1.9470276490603802,1.8586886301417274,1.6506761962974505,2.0875487531280554
2018-02-22,2.5051006301476413,2.200407637040878,2.1492255107345954,1.9485472412062712,1.8599158246851752,1.6519810101494923,2.088643663471227
2018-02-23,2.5450301831419417,2.214095439673931,2.1654754068153554,1.9703449332779557,1.8771941437571202,1.6696687706379572,2.1165678494796873
2018-02-26,2.5745839724631234,2.223832283572517,2.17726061532733,1.9843415469968757,1.8912766269952592,1.6848976619008338,2.138143327221535
2018-02-27,2.5424368043606367,2.213446139166324,2.164407339562277,1.9689572020438193,1.874302192927767,1.6657593089085394,2.1151782108489043
2018-02-28,2.5166817761056235,2.2050280115833503,2.154007957077626,1.957118735089708,1.8631172231892665,1.6542938886213583,2.096118800491194
2018-03-01,2.4800869802573087,2.193038234372462,2.1389609119474766,1.940257033195721,1.8481801632645065,1.6404864210447025,2.069634839720621
2018-03-02,2.4928719023945125,2.1972296317468865,2.1442133202759774,1.9456370680500845,1.8525821028766705,1.6444200797688815,2.0746822045678686
2018-03-05,2.5216846345721415,2.206611635931589,2.1563262928361273,1.959347220722504,1.8638363590798883,1.6547001739309322,2.090593056442443
2018-03-06,2.528076453198486,2.2086410456139154,2.1590139321715975,1.9624062801194342,1.8665704598249744,1.6572770666184256,2.094645241660156
2018-03-07,2.5271502120743286,2.208320296756695,2.158596744555032,1.961819181411466,1.8660574434415695,1.6567921997830828,2.093934240390035
2018-03-08,2.5393797428802785,2.2131800865010836,2.1640436216414467,1.969240536747651,1.8725652459635784,1.6627880804757957,2.10258156491478
2018-03-09,2.5835702941447236,2.2318449577624406,2.1842428521602093,1.9985287681795774,1.8985804077140007,1.6868952043047436,2.131477841837071
2018-03-12,2.5803274062415014,2.23050926605307,2.182800542272009,1.9967178637855938,1.8964291902830555,1.684680036525891,2.1294471695858563
2018-03-13,2.563652335627058,2.2210114028498222,2.1752345222385987,1.987382560252793,1.884907799728693,1.6739012436756504,2.118176792828842
2018-03-14,2.5504962424758215,2.2135617776442174,2.16911963915303,1.979750513803349,1.8766186830263305,1.6666109515034728,2.110833724232827
2018-03-15,2.5477175191033465,2.211924115675368,2.167780778443077,1.9780036913371872,1.8749002853241947,1.6651628188252545,2.1093206055588754
2018-03-16,2.5504798601982657,2.21352831786065,2.1691197569759937,1.9797975615216463,1.87666675510577,1.6665796087059606,2.1109024028675227
2018-03-19,2.5159712349692835,2.19255773500032,2.151617668645701,1.9537807212412768,1.8519633957718542,1.6469812289036312,2.086700639794054
2018-03-20,2.5202499004014967,2.195119324177981,2.1537431145606027,1.9559044222285578,1.8536087884761876,1.6485007197941168,2.087832645277078
2018-03-21,2.5154132738690014,2.192215844591535,2.1512351397507503,1.9527955438409492,1.8510788954589514,1.646280970040501,2.084314867611432
2018-03-22,2.4525352016197814,2.1540470098227025,2.1178551876011515,1.9095519211989227,1.816103952479624,1.6170621545067607,2.0504670898766832
2018-03-23,2.4002601569921262,2.126571371958702,2.0933310920239587,1.890049629354638,1.801074628146012,1.602432637902035,2.0234035160822663
2018-03-26,2.465928677185013,2.1584943528079914,2.1222624748366896,1.9112126700184358,1.8170691427608772,1.6177128977259925,2.0584963809357744
2018-03-27,2.423978964513295,2.1400004364670657,2.1056904024659135,1.8995944925236568,1.8056216773967557,1.6057793328264933,2.043965071459734
2018-03-28,2.4168165363995717,2.1368392620234915,2.1028815644762053,1.8975271125096111,1.8037502475460052,1.6039346104688825,2.0415830522714953
2018-03-29,2.4476984144767218,2.1506837246255146,2.115326410500182,1.9077727039243346,1.8127014826325767,1.6124940144197302,2.05585202151668
2018-04-02,2.3948649269170916,2.12764698417761,2.0940728440937373,1.8891668554986696,1.7955010076788382,1.595279731023114,2.0373586167913063
2018-04-03,2.4255600149079926,2.1406768012401862,2.1059838877913344,1.8988014230518628,1.8034671282029464,1.6030177613346581,2.0474644495940137
2018-04-04,2.4515114698831106,2.1513825348461393,2.1160571410334352,1.9075233388547987,1.8110462915416567,1.6107468497638593,2.059035461630279
2018-04-05,2.470858779065916,2.159348953184372,2.1236168592441933,1.9145570440815451,1.8173610335970203,1.6174280126560412,2.065688179279104
2018-04-06,2.415793607715723,2.1369719344048757,2.1017137950815354,1.8922497224544725,1.7970637205095294,1.5954272471787332,2.0342945300830357
2018-04-09,2.4276995082346646,2.1415738851228725,2.1062497957625768,1.8961290206161383,1.800171257713063,1.5985744655666998,2.0379279424264527
2018-04-10,2.466301454304691,2.156538671817502,2.1213857195576185,1.91073680970776,1.8119080911635792,1.6108246197619978,2.0516667224943808
2018-04-11,2.453371982659642,2.151533335100637,2.116393452990169,1.9059143951477195,1.8074608464464845,1.6059095898386488,2.0446086799234626
2018-04-12,2.4735560728823063,2.1593572709949553,2.124400056144633,1.91429528662317,1.8148907881344254,1.6134391662046381,2.0575931751301275
2018-04-13,2.466301454304691,2.156581840095899,2.1214638967551847,1.9109613291239929,1.8118459343961213,1.6102859364453908,2.052816937411271
2018-04-16,2.4865778956018114,2.164347368197636,2.1298856445287404,1.9212134082791665,1.820954962413784,1.6190786842420484,2.0636166477653712
2018-04-17,2.513180787025618,2.174374513569628,2.1411038575200707,1.9354069825909703,1.8341797965875928,1.6320804010401355,2.0830788646090803
2018-04-18,2.51504097858102,2.1750542703468687,2.141887104498891,1.9363813770746845,1.83513653385984,1.6330345793292047,2.0844562810727942
2018-04-19,2.501088738862685,2.169788958607285,2.1357759654229556,1.9280042747190385,1.8266848855570694,1.6245966728601873,2.0744905724835876
2018-04-20,2.4798812381244786,2.161797805715338,2.1262439507985045,1.9148415792076103,1.814202464073824,1.6132360148953495,2.059170438866553
2018-04-23,2.4795092640576235,2.161654597618293,2.126065285102672,1.9145884474499677,1.8139259478802248,1.61296469371979,2.0588442079543148
2018-04-24,2.4461168822503336,2.148009768591849,2.1102897696722662,1.892390078131507,1.7946992079751924,1.5967967676656232,2.0376023000564674
2018-04-25,2.4521621032789787,2.1505753111259325,2.1131189675496236,1.895418344023202,1.7970885194224755,1.5988987236638526,2.039882253047524
2018-04-26,2.4770907901808106,2.16250791190873,2.1251334383029215,1.9101097499987723,1.8088199963261902,1.6091719244852705,2.0528041226632134
2018-04-27,2.479415949319781,2.1636443537585412,2.126253705670994,1.9114257528101608,1.8099702420499555,1.6101977531021014,2.0540246891617397
2018-04-30,2.4603482631293736,2.154084299242901,2.1167364138158957,1.8990802277866803,1.79897867564402,1.6003125802159108,2.0425089655545143
2018-05-01,2.4647194402466086,2.1563067281373844,2.1189447339792773,1.9017833138774218,1.8012442677865221,1.6021833490140929,2.0446026368215033
2018-05-02,2.4481629002285987,2.146665308806105,2.1102760972612455,1.8902549409120062,1.7915414962940024,1.5939988214841285,2.035915103979932
2018-05-03,2.4427681519852564,2.143455060335508,2.1073886397854196,1.8866009159165096,1.7885186580355263,1.5915440229458637,2.0330954774569925
2018-05-04,2.474393175143294,2.162759860089803,2.1247474695479234,1.909516065974134,1.8072745323217951,1.6059895921518248,2.04653247381769
2018-05-07,2.4827645189742955,2.167678317965207,2.129220449306869,1.914351220665785,1.812613413461297,1.6103147965992435,2.0499106557577256
2018-05-08,2.4827645189742955,2.167531812951089,2.1292020072198015,1.914275906637692,1.812549758077124,1.6102532245950922,2.049681313051021
2018-05-09,2.506762628266734,2.1845966321031858,2.1427971111983495,1.9315730997687166,1.8303649076868023,1.624815246413401,2.063827230521252
2018-05-10,2.5302022946271974,2.2022910118458667,2.156044908866192,1.9471102859289824,1.8488449381018246,1.6408067247204157,2.0823287587250627
2018-05-11,2.537922362620074,2.2080475544271367,2.16039963202701,1.9519884296750305,1.8552248416735488,1.6466561739424268,2.0886834236507696
2018-05-14,2.5391320813901723,2.20895011048241,2.1610805226183563,1.9527544369258278,1.856231047053017,1.6475870927469258,2.0896833381305124
2018-05-15,2.521645927426154,2.1954947839237438,2.1506094753560685,1.939308171888426,1.840397805589949,1.6326365230090576,2.0772974417033576
2018-05-16,2.5322492762688475,2.203603273523656,2.1570275721487473,1.9468196534779956,1.8476810821156295,1.6391183472371276,2.0875658513468736
2018-05-17,2.5301097829421764,2.201846141827721,2.1556825064336893,1.9451418673066303,1.8459986153356884,1.6375685845783874,2.0852729647560144
2018-05-18,2.523784778310569,2.19678655732414,2.1516134412951864,1.9399121951008853,1.8409168310480013,1.6331634619323983,2.078693557406595
2018-05-21,2.542759631594827,2.212173395219109,2.164077849589141,1.9559018899491993,1.8560918545089904,1.6456090259328766,2.101303413646453
2018-05-22,2.535690518218946,2.2062756562820165,2.1594075273092637,1.9502578852602594,1.850092476051633,1.6403501217944991,2.0937149840942926
2018-05-23,2.542666798688678,2.212018917029762,2.164119439928998,1.9559266417744354,1.8558467441236475,1.6450114892042143,2.1007424023396
2018-05-24,2.5374573950365056,2.2068855053439007,2.160464924892366,1.9513562764092394,1.8512911559768588,1.6411671891011592,2.095287281783721
2018-05-25,2.5314115315656034,2.2011673626670323,2.1561012302535083,1.9459239422690437,1.8460626313129436,1.6369344620000887,2.089587630571018
2018-05-29,2.502298457632785,2.172248046639467,2.134592338387063,1.9194809603554719,1.8211432721949252,1.6177001531597472,2.0596913736826936
2018-05-30,2.5356905182189466,2.201701697118002,2.1581706399051686,1.9407456420920277,1.8386426182593947,1.6328705909175445,2.087728505881699
2018-05-31,2.5201570674953513,2.1885298320374917,2.147774690652892,1.9320535465739253,1.829479476266288,1.6244558861743978,2.0750189084356094
2018-06-01,2.544898643089806,2.208750012104592,2.164474714033194,1.9463169940002605,1.843454791708026,1.6362464622310982,2.0980377720971526
2018-06-04,2.5569906912527394,2.218630110609481,2.1724903942681184,1.9531971295730886,1.8508552053557317,1.6427615747174347,2.109700635728711
2018-06-05,2.5588523283032196,2.220153742022472,2.1737329711231728,1.9542870935766918,1.8520345583637614,1.6438093378259422,2.1113962222640112
2018-06-06,2.5802451736325973,2.2389705616393627,2.188630771650873,1.9689774269823295,1.8673687322164487,1.6574476231875641,2.132650190926809
2018-06-07,2.5799658718613276,2.238700891231274,2.188432474907785,1.968764642346033,1.867093329105301,1.6571476944515218,2.13233257731481
2018-06-08,2.587592785726926,2.2452631383917403,2.1938553287993443,1.9743010724537549,1.8732095324794433,1.6627385206382213,2.1401059112815557
2018-06-11,2.5910348307298454,2.2482995330411413,2.1963545792402024,1.976955657970336,1.8760785129308462,1.665380072606693,2.1437358098596158
2018-06-12,2.594383400384359,2.2513813879460587,2.198854801733385,1.9797284732139233,1.8789885111834237,1.6680887188735203,2.147536942089796
2018-06-13,2.586104568238379,2.2436052380004647,2.1923838546679373,1.972183850342361,1.8714075820525182,1.6609324944571897,2.1383377767387404
2018-06-14,2.5926163629562353,2.249626997652678,2.1975504459409185,1.9779946420849985,1.8769353956347954,1.6656958693678794,2.1455881818068727
2018-06-15,2.5893087489956117,2.246355624438089,2.194815700053091,1.9748694067754256,1.8739442772101238,1.6629930549281486,2.141322465056195
2018-06-18,2.5839835451265993,2.2411674466356204,2.190293845677377,1.9697587299648185,1.8691366723488174,1.6588464595041876,2.1349960585301244
2018-06-19,2.5740780491856694,2.23156456242152,2.1816781824345934,1.9602771147764115,1.860321100704847,1.651588056354521,2.1235090788430475
2018-06-20,2.578470105676259,2.2357705551586755,2.185535197122653,1.9642225377884799,1.863840374342289,1.6543239869144166,2.1287133259298585
2018-06-21,2.5623064190984595,2.2196500014758085,2.1708182061657095,1.948784193102956,1.849920551906587,1.6431292163690754,2.110350678922121
2018-06-22,2.5669780985814477,2.224123647477986,2.175036967018352,1.9524906672593065,1.8530552360326524,1.645630029217723,2.1156444696021746
2018-06-25,2.5320335762810307,2.1902908559192324,2.142511882478247,1.9216849358659465,1.8264800965844128,1.6241761015756606,2.074795162259964
2018-06-26,2.537640009248084,2.1949034334525264,2.1469722245681204,1.9245502951111917,1.8286934313877197,1.6262420845299788,2.0788315014826244
2018-06-27,2.516617531879919,2.1770426959705325,2.1292294876905213,1.9109126642681986,1.8178754747520787,1.616571917104365,2.058288567506727
2018-06-28,2.531006471722509,2.1897443988224086,2.1410746465650345,1.9196567713161954,1.8247434088738554,1.622327802188019,2.0661738617819845
2018-06-29,2.5346500829835907,2.1932030820277912,2.1440925127242614,1.9219740534417382,1.8266069714990396,1.623921229592074,2.0684076749559623
2018-07-02,2.540068922811574,2.1986589367837497,2.1486936271336656,1.9257903525937436,1.8297000024532588,1.626569475556061,2.0717174500169926
2018-07-03,2.5310996258497878,2.1886482872921458,2.140784517988275,1.9186659857124793,1.8238973443694775,1.6216204197552024,2.064076549181367
2018-07-05,2.551748362434892,2.2117401084514747,2.1592682900774984,1.9351688761884387,1.8373690604222872,1.6323706421879371,2.0807355260369174
2018-07-06,2.573331370672368,2.23424728779991,2.1781074803018625,1.951054342923645,1.8525509818937438,1.6450088582416569,2.100517902304287
2018-07-09,2.5965026567799327,2.2585156862406937,2.1978093859403147,1.96715275005764,1.8700318977469126,1.6603149526132548,2.1166443012217573
2018-07-10,2.6058456945247808,2.2675917008696076,2.205493188166204,1.9732660701591334,1.8774842764785442,1.6672193376763078,2.1248953462519107
2018-07-11,2.5867852358097654,2.248939432453952,2.189391907749211,1.9595150593578878,1.8613076766284191,1.6517745422168353,2.102404144220217
2018-07-12,2.6102367873519854,2.270879374421833,2.2089592731168026,1.9752173119286767,1.87654399493627,1.6655219318322232,2.124620755507247
2018-07-13,2.612292923795799,2.272642325476474,2.2105952870113668,1.9765010252101451,1.8779397393287152,1.6668093447171433,2.1266361586707685
2018-07-16,2.609957324970152,2.2705390627598065,2.2086101805352807,1.9747382324574794,1.8760924433907873,1.6650923155954838,2.1235158034383415
2018-07-17,2.620514739191463,2.2800173262732297,2.2176731128698046,1.9828574611539345,1.8844937958420187,1.6726029694036848,2.136400402581733
2018-07-18,2.6260272149784174,2.2849276024486653,2.2224870993433092,1.9872926583024102,1.8890829817262198,1.6767702034505063,2.141947944833737
2018-07-19,2.616124288806516,2.2760561402746147,2.2135319313733546,1.9786368170257778,1.8803327604444942,1.6686534825426644,2.131138021401313
2018-07-20,2.613134201931459,2.2733775908657545,2.2107675919462557,1.9760705401728955,1.8778157405435314,1.666409976993563,2.1281915394673607
2018-07-23,2.617993153332389,2.277720545605925,2.2153225037006736,1.9803533550529493,1.8818629407592267,1.6697745236283157,2.13371713771767
2018-07-24,2.631166592424567,2.2898694253497425,2.2280845707856574,1.9926129469321094,1.8933645232717742,1.6794405457125252,2.1443504625770156
2018-07-25,2.6535902363554444,2.310395805685235,2.249983779382635,2.0129372153682525,1.9136949784916855,1.697378773927778,2.1682483610389216
2018-07-26,2.6473304396129316,2.303489944072558,2.2440533769082043,2.0078638599816436,1.9078015008908547,1.6915959362058937,2.161559549686251
2018-07-27,2.629390078973152,2.2846274577932713,2.226743781013048,1.9931007251368364,1.891559535031021,1.6769410432692085,2.1445341417071493
2018-07-30,2.6156567514539195,2.2697886472007687,2.2137069801279843,1.9828082444433848,1.8816663043231106,1.668264495429041,2.129331156258994
2018-07-31,2.628549282669185,2.2831731423213224,2.2259647549397474,1.9922975529852962,1.8901807624096179,1.675192787131471,2.1435012300110796
2018-08-01,2.6241589928948024,2.278626005911941,2.2217484439038824,1.9888909877179535,1.8869704288552216,1.6724831404751432,2.1386806917479126
2018-08-02,2.6384546179995514,2.293233287574975,2.2358001447964955,2.000489337024247,1.8976274179315993,1.681027687119343,2.155161577448409
2018-08-03,2.649759031955293,2.3049387691515477,2.2469468241832935,2.009725444924765,1.9065477773462642,1.6883902728377254,2.167567533465051
2018-08-06,2.65947757719941,2.3152971997638216,2.2566318195630344,2.0178751759671396,1.9146161969909226,1.6952667669387438,2.179331826549357
2018-08-07,2.6682586385798697,2.32503908930071,2.2655234558086392,2.025494325424579,1.9222260890778875,1.7019544236548214,2.1897959986291116
2018-08-08,2.667138058672942,2.323622083307356,2.2643384975900624,2.024443809562636,1.9211734748007174,1.7009635011191624,2.188373006423608
2018-08-09,2.663494286801297,2.319285676091487,2.260407740182102,2.0209569332467225,1.9177820755396728,1.6979705851606353,2.1838884624123533
2018-08-10,2.6456488470050017,2.296055488563575,2.2407819290948683,2.003781143184073,1.9013145714809812,1.6838897797991272,2.1619403488359916
2018-08-13,2.6357443147274573,2.283197246001637,2.230178911496649,1.9955391747770623,1.8939446802081137,1.6776440341015384,2.149799844253489
2018-08-14,2.652563292407489,2.3043918662981366,2.2483233021755624,2.0092604322994623,1.9058530341409976,1.6870788801827783,2.168721764163817
2018-08-15,2.632754870294658,2.2802221437162937,2.2272794381098335,1.99348017572986,1.8907807455716612,1.6745797343196958,2.145948918712427
2018-08-16,2.6540577737080424,2.304474540035678,2.2490079060575634,2.0085284491340634,1.9039146378177905,1.6853140735124337,2.1714201779944737
2018-08-17,2.663400490231762,2.314488083666118,2.2581453896328045,2.0149225454476416,1.9101710667441794,1.6906060714498268,2.1826987779563933
2018-08-20,2.6690997561049654,2.320709568085843,2.263831922850591,2.0190848017770104,1.914252056069772,1.6941110013688567,2.1885713409797267
2018-08-21,2.6753597134580427,2.3275808979050416,2.270235200235109,2.0240418377270335,1.9190420687809717,1.6982596211415217,2.1960506067449574
2018-08-22,2.67377127497739,2.325835484070341,2.2685260786228283,2.0226086479940584,1.9176851492531368,1.6970565022411541,2.194132843425531
2018-08-23,2.670220657233022,2.3218568346479103,2.264622987115954,2.019338712550904,1.9146239137937449,1.6944786469827846,2.1904516273795385
2018-08-24,2.6862915109046734,2.340877786554525,2.2825494955408914,2.0342696199030437,1.9285157204257244,1.70584217882719,2.2084159796932736
2018-08-27,2.7075012601907806,2.3654939091183658,2.305882293953291,2.05280609342176,1.9475119653163186,1.7222430570761702,2.2344323713877614
2018-08-28,2.7088086301839573,2.3670167443378682,2.307192417599729,2.0537181343681925,1.9486865262079893,1.7232574073899698,2.236050780514889
2018-08-29,2.7233846813339255,2.385184343007283,2.3229885477434715,2.0661327278890917,1.9625770600287191,1.7363213824208512,2.2540990048454304
2018-08-30,2.7123587660966324,2.3713903947895796,2.3110454539129717,2.0567454078639975,1.951802228542182,1.7257019673822052,2.2404100621480003
2018-08-31,2.7124525626661673,2.3714596026912345,2.3111330679120967,2.0568060052166124,1.9517285952038719,1.7255516010121617,2.2405262761869436
2018-09-04,2.707781043793743,2.3656554246813895,2.3058239353899648,2.05254864787039,1.9475122823391369,1.7217499288733553,2.235631812268662
2018-09-05,2.7004938212715808,2.3566361230555715,2.297355375859407,2.0457952454269406,1.9410062687459315,1.7161130768091037,2.227023719363893
2018-09-06,2.6923633932869886,2.3466403207667206,2.2877379268064595,2.038310675909228,1.9339424472198539,1.710306749704398,2.2174423090143636
2018-09-07,2.6871329496508967,2.340257095001996,2.2814452151307094,2.0335330607826014,1.9295404088718267,1.7068313648689133,2.2113802092799464
2018-09-10,2.6918038260810637,2.3459000508224,2.2871363184752833,2.037850075595784,1.933461656915305,1.7097755232018412,2.2168514489343254
2018-09-11,2.700680450747265,2.356666353447869,2.298279784710684,2.046412222830444,1.9412116055970505,1.7157463867189517,2.2264267877998347
2018-09-12,2.7013350994072387,2.357405741212024,2.2990961803513716,2.047042389593347,1.9417655566564895,1.7161549474049893,2.22704254307679
2018-09-13,2.7173119958987897,2.378301169382412,2.3194929954516095,2.063184241459642,1.9566840375464953,1.7282802551865613,2.246681244178265
2018-09-14,2.7177790514196936,2.378914348156072,2.320090383700129,2.0635026354323394,1.9571029451475364,1.7285736776551484,2.2472511402618327
2018-09-17,2.7033893085242813,2.3600209989217267,2.3016637468578494,2.0494393857080486,1.9430458121137302,1.7162655487371983,2.229438450656335
2018-09-18,2.718059156243785,2.379230856281067,2.320398593830188,2.062048157261895,1.9545573844327664,1.726007137290284,2.247119790359409
2018-09-19,2.720954964717614,2.3830330896829715,2.3240507993622934,2.064511170920384,1.9569414517744936,1.728074361509014,2.250469080570647
2018-09-20,2.7430058315288153,2.4120015654288047,2.352284360634439,2.0845789246244517,1.9762890343972033,1.7452677301779964,2.2777359725384536
2018-09-21,2.740499343062782,2.4086955275591557,2.349145082720254,2.0824144811352117,1.9739593170166743,1.742965899781737,2.274822085855181
2018-09-24,2.731394972616443,2.3966924286909594,2.3377384863899664,2.0745347913210077,1.9655132980103582,1.735239255444606,2.264269252992993
2018-09-25,2.7288621440178686,2.393358741406861,2.3345232015904127,2.072351931858748,1.9632430315910285,1.7332247409216472,2.261122090115627
2018-09-26,2.720695418045751,2.3826147551064407,2.324012281769495,2.0648861922316946,1.9559806242332398,1.7272287918019371,2.251019636494135
2018-09-27,2.728298722158402,2.3926025018675476,2.3337543712492437,2.0717450432156532,1.9623886436435751,1.732258265632598,2.256658383128262
2018-09-28,2.7285794694247496,2.392971807072143,2.3341145930724996,2.0719495449668393,1.9625806114359563,1.7323857958242697,2.2565235662145544
2018-10-01,2.738059989812615,2.405443471316533,2.3462795059338624,2.0812953213993084,1.9712864928883855,1.7395227605461563,2.2676343889078336
2018-10-02,2.736463520803748,2.4033396737543034,2.3442274530946445,2.0796996145338777,1.9697349479336508,1.7381546074334882,2.265561932534516
2018-10-03,2.737965872021951,2.405318867114184,2.346157966479782,2.0812001306419345,1.971162970336626,1.7393670109739106,2.267402145534653
2018-10-04,2.7165664416594386,2.377119581950102,2.318652267155965,2.058608116111025,1.9501313851218782,1.7212748321355085,2.2420677763271586
2018-10-05,2.701361760760909,2.357162397682347,2.2991859471189566,2.046086767970024,1.9392831973929923,1.711788417738004,2.2275291837931412
2018-10-08,2.701361760760909,2.357162397682347,2.2991859471189566,2.0460381096470237,1.9392230199139104,1.7116905732885352,2.227155252615783
2018-10-09,2.6974197350714095,2.35200278067309,2.294153235358467,2.042662734570514,1.9364065316942856,1.7094123653451048,2.2247212775184595
2018-10-10,2.612010731034378,2.240294795976949,2.185192805289296,1.9675097322464559,1.8735284226475744,1.6603690876199337,2.1459330635014995
2018-10-11,2.5544771359218834,2.2006139602011685,2.149667843015882,1.9496495189444303,1.8595396220444,1.6468171706557446,2.119825599371042
2018-10-12,2.589955045906249,2.221519613718613,2.1682196204782156,1.9595142816214917,1.8670780113566912,1.6540073113709732,2.130769017908424
2018-10-15,2.5754069409944638,2.2133561028731408,2.1607842880352535,1.9551047344811017,1.863540160144559,1.650420264897004,2.125099738855005
2018-10-16,2.631720538260747,2.244828977331624,2.1901753858716044,1.9745205002047657,1.8786349964850857,1.6650649039558414,2.1506163827494142
2018-10-17,2.6321891998872937,2.2449707967832033,2.1903327121350764,1.974625011008776,1.8787289561547398,1.6651395404802931,2.1508224555237816
2018-10-18,2.5941783006937897,2.226227541011686,2.1718856030736733,1.9607390570690533,1.8657435872162313,1.6517757637014747,2.1334941026706304
2018-10-19,2.5927703884873785,2.225530894886697,2.171200146409108,1.9602240723402269,1.8652642977807483,1.6512855082564886,2.132855424653379
2018-10-22,2.58113190455795,2.2197954998855383,2.1654620271111638,1.9552629825598897,1.8611091756708928,1.647363527551169,2.1268759641760084
2018-10-23,2.56799219368427,2.2133227345359163,2.1588111569863075,1.9489919435783356,1.8559920566614199,1.6428313760572566,2.116165249891074
2018-10-24,2.4901852088753746,2.1749472929919245,2.1184971509384614,1.9085186217113572,1.8236016184351997,1.6156324787144682,2.0917564398780937
2018-10-25,2.5348611252650506,2.19445149652044,2.137607211606142,1.921242819826626,1.833495574719088,1.6254379604574374,2.1060909091978686
2018-10-26,2.4902794872766028,2.1763422201974314,2.1191394534827848,1.908032073540941,1.8220852375761762,1.6135008090368734,2.0875741505533387
2018-10-29,2.4764820761422266,2.1707982071003364,2.1135145959812593,1.9039204235961136,1.8187668690216992,1.6102037522861519,2.0827221796959674
2018-10-30,2.5131804658044974,2.1855992399387625,2.1288531655693146,1.9164397473274903,1.828570747299927,1.6195233809089316,2.0955140663303804
2018-10-31,2.5400233094113274,2.1959134814542107,2.139891244624927,1.9258493407374289,1.8366596565690443,1.6276141262472168,2.108435948564345
2018-11-01,2.567053906767791,2.2060023175048658,2.1510565117987466,1.936080473146687,1.8458699116358899,1.6371592643416146,2.121859904006552
2018-11-02,2.551849065258697,2.200459974282879,2.1447406607138846,1.9298774782869694,1.8399395607220865,1.6307973539340495,2.114019515330263
2018-11-05,2.565927223659421,2.2056080371358906,2.1507308722439884,1.9361559443285927,1.8456859457164656,1.636340902481596,2.1200742975922218
2018-11-06,2.582165272928479,2.211485699536671,2.1577953593618027,1.9442529088082965,1.8530969217412157,1.6435391164738435,2.128106997185601
2018-11-07,2.6374455018242338,2.2312777964295556,2.1823494637364296,1.9744885622749402,1.8814158883462628,1.6713656563308283,2.169637054803044
2018-11-08,2.6326591463983555,2.2296494048408464,2.1803349129037377,1.972413405786269,1.878630817680574,1.6682441556002043,2.1669985203735207
2018-11-09,2.606942504068203,2.2199539336740783,2.169344672539493,1.960748706277415,1.8628117360987158,1.6525368808826622,2.1480535838511146
2018-11-12,2.55823108664062,2.200535995890932,2.148227555359207,1.938416387934925,1.8384834220190889,1.6298798836285822,2.12162839864933
2018-11-13,2.5534447312147424,2.1986447324818914,2.1461962004419974,1.9365125379900172,1.8367156895953516,1.6281981675016375,2.119159028319022
2018-11-14,2.535987808373422,2.1917604913434996,2.138621410936967,1.928886416080911,1.830315505613797,1.6222680671865697,2.1098850761359143
2018-11-15,2.562454823259854,2.2029382707873104,2.1503512416735004,1.9412679047128112,1.840448985704119,1.631056538139347,2.121709762142238
2018-11-16,2.5691188767926407,2.2056784734026746,2.1533110144585597,1.9444589233467886,1.8432580594821404,1.6335638335279432,2.1243071923118197
2018-11-19,2.5256632794703058,2.1872747850628826,2.133413135000097,1.9205394054354201,1.8222013918841906,1.6146978437582236,2.099977545479445
2018-11-20,2.4789225536663455,2.1680583047744744,2.1125703349785763,1.9004448811859274,1.8061112656334166,1.599789540053139,2.074612471283329
2018-11-21,2.487369223851991,2.1714092877282867,2.116189461643964,1.9034519199560689,1.8084032850458163,1.6019049696978838,2.0792897427956394
2018-11-23,2.4707580762421277,2.1648050832418217,2.108816907266806,1.8963671553926333,1.8030530516228456,1.5968690581398843,2.0674452591267802
2018-11-26,2.510646673542539,2.1828010383354397,2.1269090996579156,1.9147428071328947,1.8167814024244304,1.6090075657791543,2.0975125094480935
2018-11-27,2.5190928618964907,2.1866299709416874,2.1306093376402737,1.9182338650409314,1.8199983515789482,1.6119940212917447,2.1035677471037015
2018-11-28,2.577096082298918,2.214389518702861,2.156792122702447,1.945850466131344,1.8451312540664997,1.6354628715973412,2.1487149172166524
2018-11-29,2.5714645940838383,2.2118662191227596,2.15441670979241,1.9436829653128238,1.842359402370878,1.6325672649576692,2.1456899132811658
2018-11-30,2.5871384184406083,2.218950455855277,2.161099997983529,1.9500787296951643,1.8505364545542002,1.640377259047751,2.153601593296358
2018-12-03,2.6213966517998903,2.234601652876186,2.1760302641705254,1.9657772464274157,1.8702896830705897,1.6593820150392968,2.1786111386871414
2018-12-04,2.5364567912210982,2.1963921253210095,2.1394154900366567,1.9279632293453388,1.8165556342354587,1.6041853336585,2.136654737925854
2018-12-06,2.53260840149057,2.194807341086581,2.1378989061910936,1.9266987127320105,1.8151818303301626,1.6028118144185195,2.1351572152331264
2018-12-07,2.4737611725728916,2.1717561068510345,2.115264045325579,1.9082378225702463,1.800376725405491,1.5884582765284505,2.117129130338676
2018-12-10,2.478453570818671,2.173496782012158,2.1169704941512504,1.9095250273520359,1.8013518386234386,1.589382823906447,2.1186034895200203
2018-12-11,2.479017153288703,2.1736910507730225,2.1171705558798064,1.9096528570342874,1.8014539454220535,1.5894756740032758,2.1187683810678264
2018-12-12,2.4914993245122528,2.1787016545765936,2.1220473482724227,1.9143633724179883,1.8049220576610012,1.5929067317206098,2.124491371234753
2018-12-13,2.4906548341653094,2.1783634696804506,2.1216952119851404,1.9139311936844199,1.8046069442019455,1.5925824434428524,2.1240259236174572
2018-12-14,2.4446652839704504,2.1591813821714987,2.1026368443548407,1.890968466296353,1.7880428462342897,1.5761786982998545,2.1005842157611223
2018-12-17,2.396705202762534,2.139764249565858,2.08318393190623,1.871775444932852,1.7739791071189794,1.5627270300516898,2.073356831166601
2018-12-18,2.394077132099347,2.1387105750825604,2.0821275147038323,1.870796737306232,1.7732602431619278,1.5620493445886792,2.0721238047206567
2018-12-19,2.3582240358368405,2.1242405598087966,2.067477456411623,1.85628798253048,1.762815190685599,1.5523364989918345,2.053483803039609
2018-12-20,2.3198369867018114,2.1088048341968038,2.0518013436884424,1.8413981986873076,1.7520444880824457,1.5427144287885046,2.039450392882146
2018-12-21,2.2723044508159886,2.089482689275454,2.032488483628764,1.8238191594559467,1.739286304919274,1.531581956040592,2.021994175433391
2018-12-24,2.212263564184638,2.064985081333016,2.008703295600044,1.8038046539325552,1.7246810791219236,1.5187595054630285,1.9998053445806894
2018-12-26,2.324038077231482,2.1090530672882473,2.0505150627667303,1.835529115555383,1.7479580242738806,1.539886975635728,2.0432384067932423
2018-12-27,2.341880465427056,2.114292237902493,2.055619433321093,1.838736488662871,1.7520200254834402,1.544092297993965,2.0497374644819053
2018-12-28,2.3388597019342225,2.113371371313424,2.054713663269885,1.8380524659418886,1.751197992997906,1.5431944064235963,2.048639528753219
2018-12-31,2.35934541879659,2.119597409218715,2.0609807193013947,1.8430445595464269,1.75705444565247,1.549174416294845,2.0579654567378727
2019-01-02,2.361799387608107,2.1203551269973695,2.061737743827527,1.8436854403503964,1.7577989958297435,1.5499436851901014,2.0591775947025446
2019-01-03,2.3054409799943913,2.102654187322004,2.0436052195759995,1.8255784588350594,1.7376765114436283,1.5288725183366505,2.0306163076350696
2019-01-04,2.382663021128207,2.126809430971007,2.068087123534417,1.8476220511877928,1.7579030922317196,1.5491394492024124,2.071542802936928
2019-01-07,2.4014493176100093,2.1321131738407146,2.073502471800493,1.8519494943687196,1.7632893820914315,1.5549694651965367,2.081579974106629
2019-01-08,2.424011889678982,2.1387830143933533,2.080160848522092,1.8578914177527956,1.7704927043882674,1.5629554613003949,2.0932469778747897
2019-01-09,2.4353405558299297,2.142084818526355,2.083556405705685,1.8612086844249733,1.774481941734405,1.5674648863848812,2.0996490027092944
2019-01-10,2.443931293691727,2.1446533031459376,2.086194251728033,1.8640654301751913,1.7778259633285474,1.5712590394213224,2.1045815276001805
2019-01-11,2.4448752019779554,2.144935597981208,2.0864820270292532,1.8643708333285194,1.77818625937938,1.5716688840518438,2.1051155689335865
2019-01-14,2.429959620095116,2.140471307113061,2.0815965349226153,1.8576943925630856,1.7709441035084146,1.5636602572705427,2.0936138966707465
2019-01-15,2.457808528276547,2.1488452229634247,2.0909649082547968,1.8710285583062536,1.7845592903218506,1.577007102720466,2.1139636245762135
2019-01-16,2.46375593747155,2.1505968806538927,2.0929780546764634,1.87386152922896,1.7876817786268582,1.580156889545606,2.1183450487019053
2019-01-17,2.4824485979943813,2.156234946208672,2.099497172736239,1.883841768640733,1.7985255781851657,1.5910852518133645,2.1323625249369718
2019-01-18,2.5154898851081726,2.166463220103003,2.111251715604022,1.9024120000755573,1.819340466356377,1.6124273658473434,2.1564930926868726
2019-01-22,2.4815038866553323,2.1561118943686797,2.099160060275683,1.8851780758317072,1.7961796573102793,1.5873864037755372,2.1391101664811076
2019-01-23,2.48669658680882,2.157711704665461,2.101028617337429,1.8874564519892434,1.7982763082147282,1.5894082783638268,2.141758573354017
2019-01-24,2.4880179299210874,2.1581193681916195,2.1015049415680123,1.8880578851920355,1.798883305549814,1.5900129862708667,2.142382065406558
2019-01-25,2.5090704414647718,2.1651385953529974,2.109541421920292,1.9001395770096072,1.8104132306251333,1.601302851894927,2.1597338666149013
2019-01-28,2.49000066733703,2.158047407989919,2.1021309440754754,1.8889904135023838,1.7989425977073525,1.589822354270936,2.1483128035520127
2019-01-29,2.4866965868088196,2.1562821226221205,2.1008055887969235,1.8870683462057212,1.7970698654437696,1.5880501099565392,2.1459582846088434
2019-01-30,2.5260622361119602,2.1755714686115506,2.1169562434769342,1.9122826837893212,1.8203050041830473,1.608347214787099,2.1719094210179795
2019-01-31,2.548247533965458,2.186072754548813,2.1258623027991077,1.923261144412218,1.8343515680162372,1.6212568309117263,2.183157949565024
2019-02-01,2.5494762047821413,2.186652884401327,2.1263533820119056,1.9238760990531043,1.8351297186917273,1.6219734204173024,2.183763858937065
2019-02-04,2.5674117471049938,2.1951143240601207,2.133860222215838,1.9342742885846924,1.8481405846800576,1.634232470090204,2.19517351779421
2019-02-05,2.5781742610168807,2.2010762593356064,2.138443116121533,1.9407777522575496,1.8564010719583717,1.6422164983833172,2.202475789130912
2019-02-06,2.5747749384240572,2.1982434607009935,2.136939814982004,1.938475244662574,1.8535805639543785,1.6394176935428415,2.20015272054323
2019-02-07,2.5502302713814,2.17964682845478,2.1258371608683575,1.9208072321844387,1.8329706746824506,1.6201901224779693,2.175829784613116
2019-02-08,2.5533449920543325,2.1818369212624837,2.1272580375251646,1.922621728342109,1.8345394803915922,1.6216156058103228,2.1784012644643163
2019-02-11,2.5547617378417784,2.1828557978374192,2.127908487434162,1.9235114332634595,1.8353966356475802,1.6224023553152296,2.179642429940678
2019-02-12,2.587614789374242,2.2065108608115427,2.1438755714065434,1.9481587735813901,1.8581723672924433,1.6430989480078904,2.2089542058310347
2019-02-13,2.5960163279913258,2.2122464838314646,2.147886175632775,1.9529995256478052,1.8643331562130303,1.6489642118275891,2.2168646048571468
2019-02-14,2.5902574755987784,2.20811912039422,2.145039611956648,1.9491353705887533,1.8597651644952715,1.6445299837693321,2.2116231425276673
2019-02-15,2.6184849428801997,2.228619956438279,2.1593150012371147,1.9690905935852014,1.8822275580373082,1.6647865359955256,2.2367026860698185
2019-02-19,2.6230157668983214,2.2317856068572275,2.1615903861417376,1.9718053312067878,1.8859655525896073,1.668311174123137,2.2412820012356476
2019-02-20,2.6283019424002156,2.2355369430339076,2.1643066743045636,1.9753598908713972,1.8905275913978652,1.67271446287911,2.246910456191472
2019-02-21,2.618956334886339,2.228464030691783,2.1593066438638524,1.9682626326690018,1.882043282044425,1.6643717443588435,2.2370960544961584
2019-02-22,2.6351945447659615,2.2421126774442843,2.1681849560487914,1.9807573300364498,1.895758325236091,1.6767184116367715,2.25425009777362
2019-02-25,2.6387809786661616,2.2451239514850276,2.170167909845589,1.9834976994008942,1.8988832123309414,1.6796255708643162,2.2580648097915335
2019-02-26,2.636893965146527,2.2435301224345956,2.169063542446785,1.9818593615498339,1.8971191369928557,1.677925376408479,2.255812422769863
2019-02-27,2.6357602151733284,2.2425433397659567,2.168369538047564,1.9808029046382931,1.8960382651299938,1.6769335582459577,2.2545075982252802
2019-02-28,2.630851474497474,2.237988156702364,2.1653511878001708,1.9762295325137536,1.8913465499099587,1.6726823036045988,2.2482395307401535
2019-03-01,2.647277919958424,2.2529246830741294,2.1756498273999454,1.9915847128996025,1.9067330278358314,1.6859919659527418,2.266422641102758
2019-03-04,2.6376486741880423,2.2427536236319026,2.169517033430628,1.983062104037408,1.8974017798804135,1.6773916580084862,2.254441013525201
2019-03-05,2.6340609554033283,2.238956602231783,2.1671565366414653,1.979945444429245,1.8941198284825842,1.674490120843078,2.2514572012332557
2019-03-06,2.6181068656119035,2.222276562259552,2.1564066643738804,1.9655433298408913,1.8797665918218973,1.6625181324024279,2.236484438444525
2019-03-07,2.596205206014911,2.1998273538308766,2.1414882258254933,1.9477198032384684,1.8631626005699986,1.648855775413525,2.214687552957318
2019-03-08,2.591013308914245,2.194751013705458,2.1379659212334787,1.9439672929579148,1.8598334780937484,1.646112459735923,2.2103284052498
2019-03-11,2.6285849382144644,2.23083858543714,2.164141026999397,1.9718413576708205,1.883877099625448,1.6651295921365985,2.245344524453815
2019-03-12,2.6384981434624795,2.2397859122533945,2.1704679645556246,1.9771893787579196,1.8906268887980429,1.6707323129201146,2.2570188668151796
2019-03-13,2.6559624543897566,2.2556127570582207,2.1819750933111113,1.9879028570499166,1.9033611897126335,1.6815258140176976,2.2775867051869656
2019-03-14,2.6542636764514485,2.254077479855356,2.1808374148556067,1.9867868736372114,1.901984817472359,1.680294087604233,2.275586581230026
2019-03-15,2.6673768865820247,2.266804248399285,2.189804646510545,1.9958958024360804,1.9125880702560036,1.6893476088584003,2.28849574551985
2019-03-18,2.6770488547625026,2.27619748388239,2.196534413009276,2.002938082735353,1.920763524872521,1.6964987599776569,2.298344140122429
2019-03-19,2.6777134612774613,2.2768393163691187,2.1969865831927016,2.003394744029326,1.921306196685923,1.6969613470398281,2.2989603896678923
2019-03-20,2.6696533807200207,2.2681648720672496,2.1910248186477026,1.9965875742766075,1.9138912294903132,1.6902523010294155,2.2904755713231575
2019-03-21,2.699805123171988,2.2996879265095163,2.213760492652086,2.022095443116894,1.9402457852310608,1.7126740187655078,2.3191421433628707
2019-03-22,2.6478442328080494,2.2497312757128,2.1763708631577066,1.9867020820990493,1.8929656011262856,1.669099321405015,2.2843236392770283
2019-03-25,2.6458526618110727,2.247964226891314,2.1750075199226715,1.9855164733288844,1.8915146215173402,1.667746700173195,2.2830634123798927
2019-03-26,2.66557483605089,2.2629745406371717,2.1874609407874,1.9950591310659689,1.899722397046399,1.675705620740426,2.2954126527804894
2019-03-27,2.651636408841083,2.2525935554906162,2.1786053528354254,1.9877930474282994,1.8932632277624133,1.6693534887260937,2.2882193923824365
2019-03-28,2.661687739174372,2.2599455030600795,2.1850957007401943,1.9933040106738855,1.898031610961767,1.6736532096168344,2.293632491270058
2019-03-29,2.6784715431408275,2.272170801439147,2.196191093862723,2.0034188993563764,1.9067122113185024,1.681530690993741,2.305718195031512
2019-04-01,2.71023549443696,2.295018678317364,2.2174190576603463,2.0235308994288976,1.9246299273502845,1.6980154229795956,2.333699902827401
2019-04-02,2.7115627801401065,2.2958986145893503,2.218237220187573,2.0241939924260284,1.925378072810991,1.6987038630398783,2.3348769003767473
2019-04-03,2.715830845275079,2.298867125108312,2.2210357124300524,2.026801477365639,1.9281264719321172,1.7013011269472647,2.33920970384665
2019-04-04,2.7230361564094627,2.3039058477086294,2.2259210176427096,2.031724514736512,1.9331408564891301,1.7060175431161126,2.3461905426108496
2019-04-05,2.7362165017559046,2.3133422947057825,2.23512353335448,2.041562681243948,1.9429469614860555,1.7152826900768927,2.3598762451406956
2019-04-08,2.738302190543545,2.314864845345692,2.236591553079077,2.0431496465637484,1.9445382630638846,1.7167979309260581,2.362194239794554
2019-04-09,2.724269003100817,2.3041786097912724,2.2262619824070975,2.031337622055937,1.9328614050062283,1.7055316489015098,2.345996289865048
2019-04-10,2.733561287907355,2.3115721896284174,2.2331678771816836,2.0386759121493783,1.9396576542302453,1.7115337638344543,2.3563585360788837
2019-04-11,2.7328035272651188,2.310963593139245,2.2325665277006292,2.0379893330817827,1.9390054992802406,1.7109282878771093,2.355142089996645
2019-04-12,2.751293657866403,2.3259723519950564,2.247065339955119,2.0542788188894785,1.954150635672456,1.7244203301902559,2.379044403716322
2019-04-15,2.749490964893011,2.3245125139000113,2.2456495850835014,2.052706805151659,1.9525559634103749,1.7229035883707853,2.3767760759518515
2019-04-16,2.7512936578664036,2.325959328675972,2.2470738573878566,2.0542195795919493,1.9541127713592237,1.7243338158400336,2.3788875102628277
2019-04-17,2.7445602205698516,2.3205237449298743,2.2414250422045843,2.0479296827347864,1.947939454229228,1.7186959123145356,2.3701504956522212
2019-04-18,2.749964444836486,2.3248453016418393,2.2460190170070735,2.052928942477997,1.9527064777201342,1.7227427779461157,2.3766657857520332
2019-04-22,2.7523360204285305,2.3267533427906915,2.248072183288995,2.0551610415979096,1.9548403915798285,1.724600386516111,2.3789870678848644
2019-04-23,2.7770838598349927,2.3479960981330885,2.2704725214961914,2.079806286763843,1.9780605023756106,1.7454606318527497,2.409610045947224
2019-04-24,2.770920268820479,2.339923288028505,2.265060322836395,2.0745483470847197,1.9721003830004098,1.739633420074387,2.4024456909875416
2019-04-25,2.7692132997433925,2.337836455052128,2.263504192620532,2.073069415811019,1.9704680721972245,1.738077976824101,2.4004077980287017
2019-04-26,2.7821087219488163,2.353836560769542,2.275334223388687,2.0844534834038106,1.9826614786293904,1.7489164748571417,2.41662450993557
2019-04-29,2.786470262432195,2.3593415867664635,2.2793765105649357,2.0883222968963757,1.9868558595996035,1.7527572041608723,2.4222629912989455
2019-04-30,2.787892950810519,2.3611485006430857,2.2807000724528,2.089586500015352,1.988233995905698,1.7540374579974127,2.4241180938565217
2019-05-01,2.766938090489912,2.334527569764372,2.259988872179761,2.0691187629776495,1.967301197340776,1.7342537461433665,2.399477917938306
2019-05-02,2.760964662383497,2.326967697365151,2.2542464052010622,2.064140914723878,1.9626178341090252,1.7298430144712338,2.3915179217109443
2019-05-03,2.7879877110434403,2.3611306271770074,2.28066351939192,2.086451311729553,1.9826670674224167,1.7474956643301522,2.415956419843412
2019-05-06,2.7765136923318274,2.3466739271629407,2.270062503585768,2.078145130525194,1.9735829935761717,1.739080195682854,2.4074865624268607
2019-05-07,2.730147028532057,2.2902863520010017,2.2269910147315177,2.0443456402998175,1.9387521985875973,1.7090806021835914,2.38062088854685
2019-05-08,2.7263553343307163,2.2864116945165396,2.2238866791059477,2.042187191728909,1.9367456597737212,1.7072563067932478,2.3786377844800106
2019-05-09,2.718104769644049,2.2788399246608737,2.217412616764584,2.0376686595582636,1.9330182957765345,1.7038306704752753,2.373144829837139
2019-05-10,2.7317598798184797,2.2915104366496193,2.228312725579401,2.0456468845631637,1.9395224558593562,1.7095347177024196,2.3803869879807973
2019-05-13,2.6631104275526987,2.2283516044565292,2.172719600663759,2.0020842632144467,1.903447208150134,1.6777792460920362,2.358907604778846
2019-05-14,2.6871951059392805,2.2439023748683664,2.1865535444530813,2.0101799534305487,1.909798787272616,1.6841621059264895,2.37156695567315
2019-05-15,2.7029341381851446,2.2540914224874036,2.1957465788871433,2.0161608545810865,1.9145985125259506,1.6890318663053963,2.3798224018340357
2019-05-16,2.727967543174883,2.2700059231259586,2.21058321090322,2.0267749774375865,1.9230903894315947,1.6977623225650176,2.3932031530124163
2019-05-17,2.7103302546698846,2.2591495366598835,2.200187285169649,2.018802223217596,1.9163973896279143,1.690746734028452,2.3839448052542287
2019-05-20,2.692410130961203,2.2482396053982763,2.189456369420331,2.0101265930759005,1.909322839954414,1.683975274711449,2.3740639471408556
2019-05-21,2.716683044929111,2.262895326269973,2.2041691846180265,2.0224414998652187,1.9192030113792964,1.6927421730668286,2.3865906879971353
2019-05-22,2.708339326115165,2.257990931584038,2.1991361547934516,2.0180676791377006,1.915407084415879,1.6892914808748039,2.378780183256499
2019-05-23,2.6752469648419357,2.2380113968585555,2.178607747381402,1.999039342989427,1.8994086974253908,1.675616830721081,2.3426970332320822
2019-05-24,2.681315635012965,2.241519622362827,2.1822197601167823,2.0019901141553125,1.9017846066571955,1.6776296376894473,2.3481938875629913
2019-05-28,2.6563768296455836,2.2270498713532283,2.166808357391744,1.9878703991774804,1.8905092502501035,1.6680050540057347,2.32626532591454
2019-05-29,2.63855178739095,2.2167191523451812,2.1558650062553215,1.9782212589110422,1.8828743945930113,1.6617278425178477,2.3131118832015107
2019-05-30,2.645757901578156,2.2208984572363795,2.1603328535710826,1.982208945719392,1.8860020396973696,1.664172564496459,2.317002232387929
2019-05-31,2.6101060503526834,2.2003449541037394,2.137559924933837,1.9601246886546215,1.8688765229198023,1.6506271297856712,2.284993907710423
2019-06-03,2.6034694612263882,2.1965872402547006,2.1334858488900363,1.9566373441864293,1.8661567414807954,1.6484251202442042,2.278870241001538
2019-06-04,2.6599812519289827,2.2284395554193566,2.1687934347620272,1.9880470647290294,1.8903522142074463,1.6675721255649654,2.3105559476055886
2019-06-05,2.6830227647006155,2.2399482330614453,2.1810338496841037,1.99693630058326,1.9010897241732798,1.6765387028958505,2.3216433861268357
2019-06-06,2.7004690872446946,2.2484691872701803,2.190409669662791,2.0043088116298913,1.909966457480846,1.6841309338496961,2.330301647551483
2019-06-07,2.727492778346895,2.262210351249341,2.2051343667508587,2.016830834450659,1.9249813887345475,1.6971862665954962,2.3431123294790512
2019-06-10,2.7400098020628927,2.268398883621932,2.2119088921760452,2.022774453555888,1.9324782059096168,1.7038849880976406,2.349168416148811
2019-06-11,2.739344553105677,2.26806904266254,2.211523147499211,2.022354910628982,1.9319804168832153,1.7034271663737828,2.3478697133592332
2019-06-12,2.734509211457695,2.2656655404062778,2.2087389930724686,2.0194259680776456,1.9285524259358429,1.700419453259416,2.343928469071704
2019-06-13,2.7457924248189522,2.272260690026424,2.2153541459325528,2.026623915575361,1.9367063363705186,1.707286597395306,2.3547629575780618
2019-06-14,2.742759454923235,2.2704067590202612,2.213509410602205,2.024461892482391,1.9343140704906563,1.7052238289791835,2.3518002652843384
2019-06-17,2.743801817485362,2.2710376770838065,2.2141307970862747,2.0251642618884795,1.935105802652148,1.7059088335581636,2.352793074354925
2019-06-18,2.772531835222391,2.2890448686262173,2.232490296517476,2.0482773735127426,1.9591026156260216,1.7258760509797602,2.3809768500221544
2019-06-19,2.778790828912083,2.2928892537769405,2.236385078944666,2.052331736524265,1.964514266871437,1.7306166340883613,2.3873481010543416
2019-06-20,2.805340076407423,2.3095916900090274,2.2534301036339386,2.071799532622639,1.9884170349826205,1.7522728606337419,2.416534125826547
2019-06-21,2.801261852959421,2.307033923163014,2.2508359200295076,2.0689884284253393,1.9845897144177957,1.7484683487407928,2.4128602520240734
2019-06-24,2.797831853748822,2.3048703739402567,2.2485707284505208,2.066441509901687,1.9814030274841448,1.7454629008856406,2.4092477685261393
2019-06-25,2.770391217621771,2.286158335793539,2.2300841039678954,2.045152662360923,1.9557878672065647,1.7226990637588693,2.381107154041021
2019-06-26,2.767627109810645,2.284327824267012,2.228241082783263,2.0432066319600115,1.953662326209342,1.7207875867736302,2.377746060069784
2019-06-27,2.7774413789510684,2.29090614752814,2.234888879641757,2.0499415267520384,1.959981108926338,1.7263779851900305,2.3879802731712108
2019-06-28,2.7917341130656603,2.3008418872563534,2.2448170596966195,2.0604926989038783,1.9698661235852246,1.7351429325904486,2.404805059576793
2019-07-01,2.8170791025500863,2.318446325016562,2.262707698833657,2.079785825106154,1.9885764187712243,1.7520498293905666,2.436471506804811
2019-07-02,2.824414829462659,2.324070141320541,2.2677783115787076,2.0847581298438196,1.9942515629241098,1.7573715050767753,2.4436776171850716
2019-07-03,2.8469969960204735,2.3421470087549205,2.2838347383806332,2.1015507961389073,2.012712028368769,1.7750017258189583,2.469597593430621
2019-07-05,2.8437571597179723,2.338613800234085,2.2815392738628466,2.099201289348415,2.009890533379166,1.7721183296497494,2.4660222540303054
2019-07-08,2.8281313579199208,2.32272227756027,2.2701357520211527,2.0872256252299017,1.9962141367345503,1.7590995950291675,2.4502613101475545
2019-07-09,2.8316564385845693,2.326082111913461,2.272720036276549,2.0897840756017563,1.9987003304539483,1.761245382952859,2.454135120943688
2019-07-10,2.8451862725188684,2.3399281833886785,2.282953154332437,2.100459095444036,2.0093810402138814,1.770809888333314,2.4685021759147987
2019-07-11,2.8518564292530972,2.3467942708773277,2.288071878336369,2.1058454369532575,2.0148731053028945,1.775838243735759,2.4764078183395277
2019-07-12,2.8646243266704885,2.3599963129665906,2.2981379830562023,2.116735361187279,2.025871409452488,1.7861079263472803,2.490787459377055
2019-07-15,2.865576426095495,2.3609778924574027,2.2988848187502815,2.1175494858784987,2.0266816806598373,1.786852914841016,2.491540756708431
2019-07-16,2.856334251785009,2.3513105165214707,2.29119394645591,2.109041688692763,2.0181289803579956,1.7785627607472827,2.4792828277133907
2019-07-17,2.8368958764122607,2.3313263076028665,2.2747104354999745,2.0915954651458954,2.001181025227959,1.763207878738446,2.4539430463035816
2019-07-18,2.8472822403826226,2.341200603380107,2.2834090517354246,2.099496478035389,2.0082170218175674,1.7693196685277797,2.4674195079460586
2019-07-19,2.8314659544553438,2.324817486917252,2.269861836370501,2.08657827589461,1.9963909481741073,1.7588366941598839,2.4486864996587827
2019-07-22,2.838421997993977,2.331626243203969,2.275823290459758,2.0918542111752494,2.0010246820748456,1.762667329138862,2.457486154706368
2019-07-23,2.85871578523204,2.353071392612211,2.2936471269817735,2.1083910472911067,2.015649551242773,1.7750177958087923,2.483830053825793
2019-07-24,2.87215053771229,2.366806397946416,2.305268462129447,2.118717760549823,2.02588361581941,1.7839331272215035,2.4985231154672083
2019-07-25,2.858430862091021,2.352799370591668,2.293234252497631,2.1077848209807755,2.014769147950803,1.7739487140559942,2.483139301856386
2019-07-26,2.8775817445537215,2.374078950300741,2.310153323835663,2.1225953406688665,2.02885643645256,1.7857889634165531,2.5065461132255136
2019-07-29,2.8723410218415166,2.368289276183071,2.3055531631249133,2.118607918721536,2.024699028018756,1.782126671570928,2.4995940189282613
2019-07-30,2.86529086051222,2.3606124747922013,2.299175085951076,2.1129244319700318,2.0190371865082644,1.7774137435462312,2.4903911382689734
2019-07-31,2.8339432117986805,2.326621169578189,2.2702394577835974,2.0870482087492372,1.9939212276538396,1.7574381889897814,2.4500100115192383
2019-08-01,2.809266362261627,2.3016795337255416,2.249238495009012,2.0713246198723456,1.9801675039412001,1.7457067343646293,2.433847163496512
2019-08-02,2.788112666062451,2.281629639461553,2.2318853243934385,2.0588840952891214,1.9696939091313939,1.737033525039785,2.425269668819634
2019-08-05,2.7042665634263527,2.2008056254300215,2.164269811128672,2.0104204998696638,1.9297298948065065,1.705401034744765,2.3796703417863387
2019-08-06,2.742188002535557,2.2235423367030225,2.183743068358962,2.0214383636115625,1.938429019471661,1.7140039323017977,2.3937218659735415
2019-08-07,2.7438079206868076,2.224392300685095,2.184538381051252,2.021925202531661,1.938817859672383,1.7143859679990758,2.3943509284927584
2019-08-08,2.797641690840726,2.2547583213334743,2.2125322727451984,2.0412098346505414,1.9545585449940888,1.730485647459954,2.411202348887276
2019-08-09,2.7785862110532036,2.245071419613309,2.203420553394052,2.03491037479618,1.9483709249451677,1.7238296779051623,2.40044343758058
2019-08-12,2.744760662554071,2.2280636004267387,2.1870093784343254,2.022576188561334,1.9367867281970257,1.7124368091387827,2.3822824197430386
2019-08-13,2.787445168557335,2.2492229991706116,2.2075417207652044,2.038363086707712,1.9507633200582861,1.725235184984319,2.4028497119578613
2019-08-14,2.7050272150587467,2.2110508113755363,2.169433875393419,2.0086078892202126,1.920979565634548,1.6967856428298658,2.3716093272238754
2019-08-15,2.7121737427266073,2.2138766335274065,2.1721578523231466,2.0103720362847666,1.9223944907328758,1.6982345400626382,2.3753625416288076
2019-08-16,2.752192113362951,2.230131108276843,2.188400041268368,2.0225006442795848,1.9323840109894763,1.7084809160161163,2.3977774134468373
2019-08-19,2.785350164356968,2.2430024135835946,2.2016138741054934,2.0329140666269083,1.941520448642011,1.7182124820184013,2.4135442484829372
2019-08-20,2.764007268913079,2.234923298332982,2.1931301320254306,2.0257587410411686,1.934950228581633,1.710988848131367,2.3996487353714984
2019-08-21,2.7864937115745865,2.243417339134256,2.2022630676049495,2.0339372885959466,1.942187279187502,1.7182498465832217,2.4158323895027305
2019-08-22,2.785635729940244,2.2430940710203022,2.2018996913745057,2.033548214400104,1.9418323670182664,1.717879641378532,2.415206114963507
2019-08-23,2.7140798689033914,2.2160997232008044,2.1714651345217493,2.0011881883487668,1.9135706443469824,1.6896231749185127,2.3705938064737055
2019-08-26,2.744093165048956,2.2267318106320793,2.1830210831800976,2.010370257027677,1.9209547773907898,1.697099807820114,2.3804574090602375
2019-08-27,2.7333267964835266,2.2229661109111984,2.1788375784648006,2.0067208459936006,1.9179042630299337,1.6939059857614682,2.373156250170779
2019-08-28,2.7525727604002768,2.2297008927681388,2.1865202024247803,2.0139470963200616,1.9237883788790684,1.6997690725349468,2.384786332717555
2019-08-29,2.7877313765828693,2.2418327584678,2.2008200042427295,2.028506954205523,1.9357095469782162,1.7118024145486674,2.4044106933193223
2019-08-30,2.786493711574587,2.241407993931498,2.2003191827367847,2.0279945091679124,1.9352060269151579,1.7112637164651834,2.4035914527569946
2019-09-03,2.77020009105029,2.2358430087181875,2.193515063250079,2.020378932603687,1.92847559963554,1.70446339210112,2.3920374052969593
2019-09-04,2.801644106102393,2.2466372589993506,2.2069440825735596,2.035899192831802,1.9418438076491171,1.7168426569143158,2.415631045171544
2019-09-05,2.837659419034814,2.260288477736957,2.2222898530332134,2.053211590509438,1.9585969767138471,1.7327934623607668,2.436692922253335
2019-09-06,2.8398498259103593,2.2611176329523537,2.2232085625793974,2.0541725534431277,1.959649761519958,1.733810437381135,2.4378373895737044
2019-09-09,2.841280223595769,2.2616602221901667,2.2238107981809647,2.0548232152726893,1.9603789910445246,1.734529905012917,2.438623337573233
2019-09-10,2.8406133685329102,2.261366782938219,2.2234929782791406,2.0543514798439064,1.9599109135415917,1.7340913885509657,2.4381088597433496
2019-09-11,2.8608123955380518,2.2694904169303345,2.232798980447142,2.0671446361593433,1.9729333076697484,1.7462380669305897,2.4513940958000333
2019-09-12,2.870721103690267,2.2735542655162346,2.237427829538605,2.073504277818941,1.9797365605103106,1.7527106691846739,2.4587313381476843
2019-09-13,2.8688162623979983,2.2727259957380475,2.236493505759675,2.07210716726679,1.9782704521376269,1.7512905164260082,2.4571941111864315
2019-09-16,2.859954735124839,2.2678230566375017,2.232078054463113,2.065362696215243,1.9713670663083174,1.7449435717883492,2.447216648366439
2019-09-17,2.8671963442467487,2.2716599406277735,2.2357541535425685,2.070930075086456,1.976863701551033,1.7496171556547742,2.4556253614878627
2019-09-18,2.8689110226309196,2.2725763195110087,2.2366327362637928,2.0722695566374925,1.978180396128802,1.750755972544055,2.45725153305441
2019-09-19,2.8687205385016927,2.272439867293303,2.236506110374239,2.072028022674045,1.9779703853923407,1.750564174041867,2.456810594526546
2019-09-20,2.855167576646139,2.264414763145769,2.228917294594496,2.05953293369541,1.9661881075049996,1.7402719290870259,2.440569563739194
2019-09-23,2.8544962244874807,2.2640154916494657,2.2285162586992358,2.0588641296678083,1.965533948838538,1.7396784815148578,2.4396822435560535
2019-09-24,2.8320974751940655,2.250747950902403,2.215294306733821,2.038847818415652,1.9474641427078359,1.7247614550410524,2.4141138801202353
2019-09-25,2.848849157047667,2.264126031487395,2.225212545601043,2.050764891580446,1.95766325436716,1.7333192079657138,2.4221362319134236
2019-09-26,2.8429145966978053,2.2589871229098195,2.2216364390123076,2.0464264711920994,1.9536241252755855,1.7298464253699108,2.4184891347281323
2019-09-27,2.8275994157310556,2.245680033380921,2.2121419317962676,2.034577678473372,1.9429310209194397,1.7211751890380818,2.404908802491883
2019-09-30,2.8407123046405034,2.256876937848959,2.220378981211295,2.0441752060358858,1.951332633465097,1.727729826745717,2.4125220931151423
2019-10-01,2.8069224116866396,2.2248595994639055,2.198689880611347,2.018343447263949,1.9278305335429353,1.7089358637205188,2.3819626504695486
2019-10-02,2.7573396819478804,2.183434896479707,2.168069747066369,1.9899937283250022,1.9040300510220662,1.688427582350269,2.349996282991554
2019-10-03,2.779929879033908,2.1991599008495877,2.1805553569707006,1.9990378831701723,1.9112441396151598,1.695064824844995,2.3636808362946873
2019-10-04,2.8175484066188954,2.226447204795971,2.201537381548493,2.0155454038738485,1.9249048855671105,1.707811604954226,2.379156506103467
2019-10-07,2.805391793009125,2.217702059609473,2.195002491119728,2.0104161520688444,1.9199621041004702,1.7030254520273438,2.3692845248125174
2019-10-08,2.7618387050742763,2.186602988516786,2.1710786911020317,1.9901477150670512,1.9012091759597416,1.6862378490741905,2.3359014587166276
2019-10-09,2.7880664102199435,2.203492550344259,2.184689672965956,2.0005026137170345,1.9099296657061093,1.6940953494356934,2.354527253468615
2019-10-10,2.8069224116866405,2.2151083379777834,2.1944778177305753,2.008406090238874,1.9169291711805716,1.7005390320583407,2.3692771348179287
2019-10-11,2.8360234398271387,2.2331051195235836,2.2097693592655294,2.021703147472669,1.9289183441754463,1.7117305921124542,2.3954592462833655
2019-10-14,2.8328642300279023,2.2311965504727524,2.208119463041284,2.020231298924492,1.9274186034140817,1.7102834066408035,2.3926031903220166
2019-10-15,2.86091036798226,2.247846081022064,2.223159722638205,2.0347562379125326,1.941348201400382,1.723056667977726,2.4187573236151767
2019-10-16,2.8563159421806867,2.2451858478599105,2.220707815019703,2.0323869628751976,1.9387835689955784,1.720629872511542,2.414377692422785
2019-10-17,2.864738681392255,2.250020539279909,2.225311719717603,2.037116409198848,1.9436498281311396,1.7249899436442966,2.422841993333805
2019-10-18,2.852198850976131,2.2428454659793484,2.218215357057562,2.0291451990430764,1.9356526543658634,1.7178711242585785,2.4086974838476976
2019-10-21,2.871534435587745,2.253848475581662,2.2293704375333876,2.0417061686810136,1.9476986816472164,1.7278317344055363,2.426659021427357
2019-10-22,2.862155099855371,2.248552992549427,2.223890271577521,2.0355411943259676,1.9413505574438528,1.7223994491470382,2.4179597419903054
2019-10-23,2.8704827576128893,2.253232400679286,2.22885818614033,2.0412390258429216,1.9469648180506027,1.7268794635133797,2.4265390420757966
2019-10-24,2.8751722648685125,2.2559047160806616,2.231719451657893,2.044645694599739,1.9502773486249525,1.7295682098685665,2.4308996298982484
2019-10-25,2.886945661671929,2.262708028128014,2.2391501378652476,2.053978350017104,1.9591954683973805,1.7369016555032697,2.4428213084077286
2019-10-28,2.9032190452651276,2.2720942986105577,2.249659287812958,2.0673178008666095,1.972184015655757,1.7478577094244323,2.4616041322534157
2019-10-29,2.902356887756114,2.2715887158834938,2.2490815430374655,2.066598228514265,1.9714135278339036,1.7471407369333154,2.4604959392275956
2019-10-30,2.911259210112599,2.276766686296893,2.2550682558567283,2.0741415362535798,1.9791156672722356,1.7538092431858958,2.469047255961879
2019-10-31,2.9035055745117893,2.271897451467031,2.2496711784493004,2.067232235095052,1.9721085317989402,1.7475354799932863,2.4614736827666657
2019-11-01,2.9304036681527292,2.2916437803255674,2.2687834594821914,2.0909386979057833,1.9952109889205993,1.7669925669363757,2.4882640199871897
2019-11-04,2.9421770649561463,2.3002857941694956,2.276934398527868,2.099265359338182,2.0055883624700463,1.7763663635720846,2.501918980668328
2019-11-05,2.938922773702861,2.297634175708867,2.274607208801269,2.096726368982486,2.0025908455022434,1.773487309675472,2.498183406361374
2019-11-06,2.939592840977005,2.2981503094082494,2.2750647206508567,2.0971995994458026,2.0031956726738396,1.7739991774270913,2.498724534858835
2019-11-07,2.949930700556956,2.308872362297293,2.282817418191616,2.1060545851980095,2.012845541232507,1.7828058812784784,2.5115312824816076
2019-11-08,2.9572050742339773,2.317055100087807,2.288391347193927,2.112461101546419,2.0197619079780944,1.789326921669447,2.52027553233865
2019-11-11,2.9515576855730346,2.3104336865684316,2.2839001081195587,2.1072240766706094,2.0142675639476146,1.784201292410827,2.513007865645867
2019-11-12,2.957780060054072,2.317725257752231,2.2889211807382046,2.1129674148894275,2.0200560329729886,1.789547943872711,2.5209454947391303
2019-11-13,2.9587369777960064,2.318850023137946,2.2896868796559606,2.1138368644204135,2.020944818364157,1.7903595840326754,2.522035393171209
2019-11-14,2.9630448743509183,2.3239143628043304,2.2933560493318423,2.118040565274549,2.025103373850051,1.7942697071402656,2.5272023010040328
2019-11-15,2.984485421017885,2.349138075129977,2.3123154455892463,2.1396796867577264,2.0461528033288237,1.813744668718847,2.554524332687726
2019-11-18,2.986687391854058,2.3517378868907333,2.3142001789576563,2.141342986604853,2.0483251400457516,1.8157519558896889,2.5573514472254244
2019-11-19,2.9858258767873016,2.350720342690354,2.313388832926712,2.1404879531665943,2.047452207892744,1.8149663207717863,2.556244938652355
2019-11-20,2.9747225472580285,2.3376079793075935,2.3030951760545837,2.129951801472376,2.03634328332004,1.8048424036501969,2.5445241364335374
2019-11-21,2.9699363524427143,2.331966320121036,2.298589869173467,2.1256096917415594,2.0319588019620376,1.8006722414696208,2.53892270173727
2019-11-22,2.976540658845591,2.3397447797940525,2.3049108011189805,2.131593049695356,2.037769028024097,1.8059222517553373,2.547076369745636
2019-11-25,2.999610439076536,2.3669461877637072,2.327662620755644,2.153301740508899,2.058674916192686,1.8254626284217763,2.576660638253789
2019-11-26,3.006406193272026,2.3749898245022227,2.334055248093084,2.1585955624559436,2.0649506181318276,1.8315754920691119,2.5854169514643255
2019-11-27,3.0198072175337782,2.390869563073874,2.347070495468714,2.170013838754501,2.077626381031964,1.8438218350589801,2.602703655122761
2019-11-29,3.00860784288707,2.3775692551207013,2.3360704629492393,2.160273264457003,2.0666919762023768,1.8335647308673404,2.588224922924809
2019-12-02,2.983050847457805,2.347274416232241,2.310653174039058,2.1386696594826606,2.044401987342398,1.811984585453393,2.55524592267982
2019-12-03,2.9630448743509183,2.3236612541138464,2.2918331280622333,2.1248140603046823,2.031783024865394,1.8000700065159,2.5329201948692286
2019-12-04,2.9813271748820336,2.345167107981242,2.308572400390189,2.1365820906675306,2.0419468461720682,1.8089078735372475,2.5549263235228152
2019-12-05,2.9866873918540584,2.3514917767262613,2.313430399470755,2.140118562908304,2.0451371637926012,1.8117321278177694,2.5615986339216548
2019-12-06,3.013967738637966,2.383709499597206,2.33888305351617,2.1599067673904497,2.0630435002394307,1.8276071876615463,2.5900588562398825
2019-12-09,3.0044917153459005,2.3731858076226224,2.330429350012953,2.1535484207914384,2.0563069972502785,1.821361374714061,2.5790516948432662
2019-12-10,3.00114137897518,2.3695449292661195,2.3273800835782423,2.151162301571853,2.0539373296715113,1.8192700867562075,2.574673566828244
2019-12-11,3.0096601633041833,2.3787320471104727,2.335251312097186,2.1574840797624475,2.060216854018984,1.82446432336965,2.5855899974095156
2019-12-12,3.035601660424317,2.4068472850341616,2.3598570608581686,2.1782332209835293,2.0805902625143773,1.8414586394492471,2.6120356899730934
2019-12-13,3.0374194507907504,2.4086077922551836,2.3614296158551835,2.179393234239719,2.082034704527795,1.8426758333314626,2.6137430571346583
2019-12-16,3.058286938964393,2.4299593543261664,2.3808465049455467,2.1955121938110924,2.0999378617469047,1.8585866566655098,2.635618148117324
2019-12-17,3.058956685017409,2.430578473581505,2.3814301186961164,2.1959639413482583,2.1004913304800668,1.8590415926729718,2.6362292687319018
2019-12-18,3.0591490964734067,2.4307239994780936,2.381567771358884,2.1960261647058763,2.1006247920216787,1.8591683151015166,2.6360480039938077
2019-12-19,3.0716879632261453,2.443609127801846,2.3937244138184712,2.20674603868227,2.11239371577694,1.8701441743544764,2.6522549885016917
2019-12-20,3.0851548378192493,2.457373755714306,2.4069634144021,2.2185050220993086,2.1253135316616407,1.8823902656601335,2.6696969873700787
2019-12-23,3.089867794217256,2.46226909535652,2.4116292108545907,2.2226391330847477,2.1299004465673947,1.886703642319873,2.67581442692763
2019-12-24,3.089964481776948,2.4623507651075824,2.411684491186237,2.2226562899475755,2.1299742462895717,1.8867921998811608,2.6759400235474655
2019-12-26,3.1064126096640745,2.4797163381778815,2.428951869289269,2.238443858409759,2.146460511416277,1.9018575183903712,2.697306387458036
2019-12-27,3.105642963840082,2.4788367390881065,2.4281329343204305,2.237659457863844,2.14567277534491,1.901150711110985,2.69630395916309
2019-12-30,3.0885215564675264,2.46030254921632,2.4096204841792432,2.221326642925203,2.1282820266914215,1.885429147405555,2.6767649345906523
2019-12-31,3.0960246395880713,2.4680136085946387,2.417560714664393,2.227415344870156,2.1339114941071466,1.8910625474416776,2.685235268762754
2020-01-02,3.1249775847883106,2.4987690538921377,2.4489696613393597,2.2529226966536413,2.1581399991448262,1.91493497624591,2.722639578718322
2020-01-03,3.1013145091329437,2.471874283082979,2.4252150026012345,2.235439036122996,2.13763500426913,1.8931360354947429,2.691714864259352
2020-01-06,3.11314540451837,2.48492483135429,2.4364818257694982,2.243061114317922,2.144909849122379,1.9001396884749204,2.705298925075097
2020-01-07,3.104392449986658,2.475038910263058,2.4279584458634833,2.236800371541276,2.1387402621431333,1.8941035116089147,2.6947643955300236
2020-01-08,3.1209379078757333,2.49309413508319,2.444331826567691,2.249022066125588,2.150452424481024,1.9045667311134398,2.714688142878902
2020-01-09,3.1420999558242517,2.517427589129706,2.465247467735934,2.2650391846597038,2.1663965527973756,1.9191480517218615,2.7365798391820033
2020-01-10,3.133056938613464,2.5069302491618823,2.456469576181701,2.258339557248129,2.1591062797159717,1.9121908329644013,2.7266569500482922
2020-01-13,3.154605094358493,2.5314038164893238,2.47768992600633,2.2748200010027255,2.1760597566582303,1.92699548971285,2.750199939012274
2020-01-14,3.149794165516281,2.5260144160517397,2.4730173020132082,2.271214156951428,2.1720234256158255,1.9232511726598809,2.7435727573715174
2020-01-15,3.1569133893882153,2.5341573087495592,2.480023517162234,2.2767655539147023,2.17800905975437,1.9284219134543523,2.7514292356811696
2020-01-16,3.1831738590889938,2.5645232391659767,2.50664706072428,2.298913850750282,2.2011649158550246,1.9488071102669022,2.785497942444556
2020-01-17,3.1930819247989524,2.5757462495608534,2.516119255417368,2.306146036528849,2.2101137155443498,1.95717987524792,2.7985033096678498
2020-01-21,3.186828713089575,2.5686098018251666,2.5099351531982146,2.3010727574547527,2.204204536172801,1.951407745459239,2.792068794165764
2020-01-22,3.1872141784438286,2.569016005945177,2.5102828374833455,2.301336932937569,2.2045309743102233,1.9516123366254416,2.7923112225447277
2020-01-23,3.1908696748866663,2.573126754522621,2.5140391405437406,2.304499951646868,2.207950573903942,1.9547138539941467,2.795987418455156
2020-01-24,3.1624920367276506,2.5408734396105905,2.483554600922846,2.277726792807366,2.1802828644037047,1.9291331992278355,2.758206818524428
2020-01-27,3.111799487989769,2.4896536907590003,2.433193548760044,2.2419363775417023,2.1484019921559683,1.8990924473390989,2.7212266461998915
2020-01-28,3.1444085720751036,2.51548844679981,2.4585743617786906,2.2565258342563856,2.16017628397509,1.9106356391598516,2.7575337137207945
2020-01-29,3.1418111780296925,2.5134428149027745,2.456568117815184,2.2553144951565076,2.1590365425617755,1.9094861197705701,2.7552350057486836
2020-01-30,3.1520086639764697,2.52124595510939,2.4644038506792008,2.2605600602975016,2.1636491742365984,1.9139232617971138,2.7626629435285284
2020-01-31,3.094774768176906,2.4765594911231226,2.4191781945155104,2.2270119216619113,2.134433190689669,1.886238523482054,2.731311402936208
2020-02-03,3.117763600683458,2.4914304135997836,2.434000361552793,2.235970446360315,2.1416219743435994,1.8932551677844567,2.743746914894026
2020-02-04,3.165281842229062,2.5229424240582747,2.465062595062589,2.256737955443363,2.158813778728706,1.9102042076701982,2.7786251387658676
2020-02-05,3.201834558109538,2.545619561512382,2.486899172855301,2.2713419227847855,2.173346778018961,1.9250804553099254,2.8117128315835567
2020-02-06,3.212607993539795,2.5520271663027327,2.4931361533415073,2.2757223107411932,2.178017721789717,1.9299714247435935,2.8196475839760926
2020-02-07,3.195487228609496,2.5417357335564357,2.482905441051166,2.2677247292971376,2.169597041412206,1.921219387480084,2.8044869905006453
2020-02-10,3.2193423944997326,2.5559256004477464,2.497379254751767,2.2795352898917787,2.1814071150421857,1.9322214600754892,2.830645796306736
2020-02-11,3.224921041839167,2.5592279783919776,2.500773237498763,2.2824130787556345,2.184358288706949,1.9350133932981188,2.8375838812859384
2020-02-12,3.2456982668756895,2.5716004118296554,2.513774223562255,2.2945321726328722,2.196629703405147,1.9465532867688262,2.864083216476333
2020-02-13,3.2422361455522357,2.569536219944113,2.5115746093284104,2.292370194670389,2.194322049990579,1.94433867509827,2.860014079657321
2020-02-14,3.2474306124219305,2.57263359990468,2.514930216074929,2.295770979297287,2.1978214254819175,1.9475497241825475,2.866096925795868
2020-02-18,3.239060232254315,2.567641506507295,2.5092786246621634,2.289481108786965,2.1915731627650232,1.9419213494009182,2.8568390623841253
2020-02-19,3.254548230188222,2.5769996121966403,2.5199350232977684,2.301359876814508,2.203091347834098,1.951579333296798,2.8734551478315113
2020-02-20,3.2411777219336817,2.568944876237696,2.510541419097179,2.2907934741983893,2.1924823097478514,1.942388823954985,2.8564323229900244
2020-02-21,3.2077993132454834,2.5489422824094556,2.4866360486447743,2.264901861319817,2.1678220904518573,1.9221244101212196,2.8311215658818507
2020-02-24,3.101411196692639,2.4875740853552286,2.413228660990693,2.20109005343158,2.1129886645881193,1.8745541467084592,2.7088181906790862
2020-02-25,3.0074315311143445,2.4457726297116236,2.36997944322836,2.1763723725088058,2.0935021524392576,1.8547608951267287,2.6728106405419054
2020-02-26,2.996368996668397,2.441338253971409,2.3655935063735374,2.1738997245497456,2.09158425611167,1.852829081811544,2.6691749551471635
2020-02-27,2.861797580739306,2.3866961798503117,2.312022908407921,2.1399954259543614,2.06595923393564,1.8271488000170857,2.6287664588601882
2020-02-28,2.8497739526767534,2.382526616529288,2.3081804342701946,2.1377595382661627,2.064251938835607,1.8253796976147076,2.6251656931112
2020-03-02,2.9731871102635905,2.4243402812370443,2.347358419827493,2.1629815572961446,2.0830795493688083,1.845292943492214,2.6621855342604728
2020-03-03,2.8880574079978283,2.4007348235055654,2.3246782985146375,2.1493614799611533,2.069405272700567,1.8291747766162767,2.6371623109740914
2020-03-04,3.0094510483495056,2.433875073817915,2.3562346630150444,2.169343307776867,2.0876135718707083,1.848912286969904,2.6710366049873278
2020-03-05,2.909412509844602,2.410020635005398,2.3331708760024754,2.1547631901166624,2.0712465886854443,1.829320185593358,2.643034232871468
2020-03-06,2.861316391488747,2.3986693021688352,2.322291102015622,2.1476271831747398,2.0643419328794064,1.8216950029960224,2.6296360425884715
2020-03-09,2.6378632499019283,2.3450271758767833,2.2705022277459634,2.1098775542359616,2.0297022369701128,1.785533064379599,2.5656665776470304
2020-03-10,2.774359904664951,2.372843424254844,2.2957452954079467,2.124465962426134,2.04136268558787,1.7985771821779135,2.6059903406104428
2020-03-11,2.6391137637553523,2.3488241659401754,2.2729268528072066,2.110428364836869,2.0286534278180692,1.7826705719478486,2.5673952727283855
2020-03-12,2.3866109894086027,2.3040028326486497,2.2306036942454357,2.0831175069787395,2.0055522968879265,1.755677466618042,2.5096343829076955
2020-03-13,2.5906331437086303,2.337345725494991,2.260666833464062,2.100742256933204,2.0195135337400174,1.7719914929313396,2.556145484563267
2020-03-16,2.307156461431403,2.2994607570121572,2.224905349085704,2.0790710509875523,1.999022659059064,1.744344064328423,2.495477866186623
2020-03-17,2.4317250514176143,2.315650930134454,2.239745590722511,2.0878400007369176,2.006340308217854,1.7534221729140917,2.524702237512583
2020-03-18,2.3085993867408248,2.3009958737286014,2.2257417592386175,2.0786555676744305,1.9984155210358012,1.742243253777719,2.496975150958993
2020-03-19,2.3135052364265225,2.301597901285896,2.2263249955024027,2.079065320489916,1.9987579114050424,1.7426988739039708,2.498126056910605
2020-03-20,2.213806710486184,2.289339360269343,2.214115693130773,2.0690177637179317,1.9906821450776648,1.7310756722979,2.4747757521165874
2020-03-23,2.157203532372518,2.28214226097432,2.206867638887478,2.0626544169438796,1.9857146647780208,1.7245175644169906,2.4610512397460194
2020-03-24,2.3526530978045113,2.3075659491677474,2.2330352189988125,2.0880945750421858,2.0050801235689555,1.7492711584472787,2.5094154606758976
2020-03-25,2.387872906612092,2.311439117479761,2.237133523903141,2.0914921332734275,2.008693099260012,1.7546122263229535,2.518603221137915
2020-03-26,2.5273000617308266,2.326572958497711,2.2536389631357485,2.107150043659731,2.0249360696903294,1.780217378241743,2.5504646117283376
2020-03-27,2.4520230145303485,2.319053181916763,2.245228297396186,2.0991977291985795,2.015477394451072,1.7634837417231597,2.532606054414162
2020-03-30,2.531654214128249,2.3272784366291406,2.2545403699639457,2.1087815137273855,2.0258387276800804,1.7782650636829846,2.5504230587887347
2020-03-31,2.4939184408313433,2.3235293369465286,2.2501680749274597,2.103913364024101,2.02036672761445,1.7698173422859282,2.541052639109867
2020-04-01,2.3816800844748807,2.3120270320069185,2.236623611459424,2.0873097486965086,2.0025470948242603,1.7470735753437754,2.5130056110764167
2020-04-02,2.4366382891892693,2.317850095290122,2.2435334420138267,2.095195960765814,2.0097230446344745,1.7551688121638913,2.5255477271807756
2020-04-03,2.401418962213382,2.3141486785109477,2.239084969578579,2.0896133894542848,2.0045066520163863,1.7488924368230123,2.5163130738696253
2020-04-06,2.5627129244366627,2.3313883403853537,2.260274504318385,2.1189964875683724,2.030918139710499,1.7785718695567456,2.5572622578384534
2020-04-07,2.565325897706809,2.3316372730039467,2.260583860807158,2.1192711990399786,2.0313457023496664,1.7790869729919807,2.5577952566998374
2020-04-08,2.651439500289304,2.340377283172886,2.2712574477429723,2.132207172288164,2.048228830556154,1.8008599014087692,2.579509790041324
2020-04-09,2.6917869619718418,2.3444035336930926,2.27618675412227,2.138328671788482,2.0569082487129844,1.8127722138556317,2.588701622533963
2020-04-13,2.66721129709028,2.3419364932004196,2.273135261597703,2.1340760989670735,2.050885738115315,1.804308220414647,2.58321615282354
2020-04-14,2.7458759423123893,2.350690184058099,2.2832543289202123,2.1497742447217667,2.0716593841102235,1.8295836504618201,2.5988042778385902
2020-04-15,2.6875298183552405,2.343957605099526,2.275809408069111,2.1385164547466484,2.0547570320414077,1.80764628739131,2.584786944549716
2020-04-16,2.7004963910406365,2.3457673113114934,2.2775277442546487,2.1411667903287688,2.0578279755390185,1.8109453299536686,2.58783889871801
2020-04-17,2.7734511700923017,2.3564812944379683,2.2874717837794076,2.1586245895035745,2.077894862311035,1.8331684217085387,2.6229447504194616
2020-04-20,2.7245882969026107,2.3490212437055598,2.2808452904221403,2.1476468867211014,2.0630832850169805,1.8157503833794184,2.6045979901635605
2020-04-21,2.6418602044044124,2.336386005907581,2.2691808155972826,2.1278717369459543,2.0408949264570895,1.792656502886066,2.5750535737278266
2020-04-22,2.7004963910406374,2.345791972051995,2.277741302396141,2.1403656347460953,2.0522028920894635,1.8041312474855606,2.597889818783844
2020-04-23,2.700301409815611,2.34575545628615,2.277708899033767,2.1403100068852217,2.0521250178274486,1.804035583078904,2.5976417063998203
2020-04-24,2.7379411379950818,2.352791142368057,2.283381557163155,2.1499902231221584,2.06145855158679,1.8139961834215972,2.6120380218862773
2020-04-27,2.7774179298086996,2.3601310047758073,2.289420254902176,2.161017245706025,2.072488573238804,1.8260551523775028,2.6271750383534926
2020-04-28,2.764645535295509,2.3575617252420726,2.287432279362234,2.1571880081933354,2.068415200335379,1.8214873469005954,2.6206704777985155
2020-04-29,2.8370192253256366,2.37265473685639,2.2990490615211323,2.1819385693520994,2.0936316404928124,1.8473703941927033,2.660250162353576
2020-04-30,2.8106064968099287,2.367186098153025,2.2948454567425953,2.1745234926483623,2.08362107141007,1.8363313496734672,2.645937719720875
2020-05-01,2.7361981921515994,2.3515563551865353,2.2825730331677963,2.151549193913112,2.0561972266953776,1.810343056429716,2.6037968871365877
2020-05-04,2.7437462462301405,2.3532680666442602,2.283852539432291,2.1534015289255426,2.057757481580555,1.811895032046496,2.6056035464303764
2020-05-05,2.769096696473752,2.3591421901562764,2.288273062930259,2.1609226730414344,2.0644140279623793,1.818508099186433,2.617850128996914
2020-05-06,2.75032549738499,2.354725718414466,2.2849191044862036,2.154602848730725,2.0587631636512187,1.8128157909829394,2.6109862957239245
2020-05-07,2.783514385607348,2.3642312582198173,2.291037815423833,2.166957895551039,2.0694627962847862,1.822804591021931,2.6282457701363215
2020-05-08,2.829569143691302,2.3773552899257044,2.299668674802012,2.1848366412684808,2.0860754453849597,1.8384948449777685,2.659055112814796
2020-05-11,2.830149269049454,2.377506112043439,2.299773013432612,2.1850196902906496,2.086249631719287,1.8386519054511377,2.6593991115298805
2020-05-12,2.773741232771378,2.3605439258836802,2.2887764131644177,2.160997037414658,2.0607792431074277,1.8144163248020377,2.624678029639884
2020-05-13,2.724684984462304,2.346016691663778,2.278946627433859,2.1442083543228065,2.046026622493004,1.8001907006310265,2.597446116662749
2020-05-14,2.7572921412208666,2.3561210794058676,2.285669887419109,2.154579961405978,2.0545485559524392,1.8080248909796863,2.609036728759509
2020-05-15,2.769967205732108,2.3601284940309206,2.288318044384787,2.158884877332746,2.0582492402121626,1.8114965706920174,2.612847018796345
2020-05-18,2.8543397897978915,2.386814787638264,2.306455985750587,2.1920441950850913,2.0864471364010666,1.838152040815341,2.6574585581923227
2020-05-19,2.8250225798378823,2.3778473185553,2.3003808103304966,2.1840047029850234,2.0759351618876,1.8275059337470034,2.641926329248456
2020-05-20,2.8730130164424463,2.392900724698509,2.3106438522407617,2.1982340901781927,2.09269306657405,1.8429251049976665,2.6673288468137417
2020-05-21,2.8531788966393314,2.386119263970077,2.306381508143381,2.192285023823139,2.084981018693031,1.8356082702254284,2.653293962877047
2020-05-22,2.858597254635622,2.3880040008380496,2.307575176190466,2.19406381574423,2.087129537845735,1.8374761490054792,2.6561599505530413
2020-05-26,2.893816902832638,2.4003340815296155,2.315614140892876,2.2078369940179474,2.1029057165601133,1.8512230660100253,2.6819331245651785
2020-05-27,2.9368737041238857,2.4153550889188025,2.325571690719562,2.2250679662074506,2.124175137024309,1.8700997649233448,2.7006446401727358
2020-05-28,2.931455024906467,2.4134821702903797,2.3243045185056928,2.222967842059051,2.1211967637850866,1.8673491583991024,2.6984158833814726
2020-05-29,2.944517482098733,2.418015208849925,2.327433989095026,2.2286554332000894,2.1287842327915514,1.8739307659915858,2.7050106962236447
2020-06-01,2.9564180824690536,2.4223817800039185,2.330360721343161,2.234520151261322,2.136369906874543,1.8804797476627944,2.71012221012529
2020-06-02,2.9808983446754382,2.4315566464969174,2.336556605819463,2.248144097554225,2.153364862226897,1.8951931121156724,2.725293893803072
2020-06-03,3.02056851160844,2.4483879681075287,2.3468054447406437,2.2707736525990514,2.182923806524073,1.9213756850575967,2.7527522105307547
2020-06-04,3.0126343497333887,2.445062394354694,2.344733062058774,2.2667272027322607,2.176712251670366,1.9154929935508473,2.7468769557786232
2020-06-05,3.0898472360650415,2.4772550190459506,2.365483606572707,2.3095320894864213,2.2372735674786863,1.9681135267664465,2.7872906144014733
2020-06-08,3.127195295459794,2.491924112879188,2.375087702338052,2.321539523684998,2.264879596513392,1.9965472535296678,2.8093929136762297
2020-06-09,3.103877532517613,2.4828041735034585,2.3690170371224912,2.3133776564068844,2.2467131694638645,1.976924133290766,2.7926444873671397
2020-06-10,3.0865569680453593,2.476026804292912,2.364362547969412,2.3067049960887456,2.235757377400739,1.966205346062191,2.783155422283392
2020-06-11,2.908621020983875,2.407052901600858,2.3151179991322537,2.2310961133207203,2.130387235430969,1.8731222248637431,2.670443821789089
2020-06-12,2.9434526340576093,2.4167522797948933,2.322857273528624,2.2360373711243264,2.1339624433685724,1.8756097629207675,2.6816166237809353
2020-06-15,2.9709321379412144,2.4246754952671004,2.329110722412136,2.2408274632085634,2.1377390361271598,1.8785511984376553,2.6904317633534944
2020-06-16,3.028115602023596,2.441133060676908,2.342374702817927,2.2523294721988227,2.146664935844003,1.8858979971562764,2.7068079063617505
2020-06-17,3.015536903850918,2.4376119659833066,2.3394746884528823,2.249624389645355,2.144428125960447,1.88395146533392,2.7032631484207847
2020-06-18,3.0166981182306065,2.4379320627199155,2.339740584189095,2.2498607512099826,2.144624386997397,1.8841216227825508,2.7034910861723946
2020-06-19,2.9994572165982323,2.432768975899138,2.3354977799287173,2.244772873016975,2.140684162146974,1.8806338540723309,2.692641225281781
2020-06-22,3.018699647082568,2.4386078233615525,2.340364573935637,2.2511017061331433,2.145495551419534,1.8847520575229348,2.6996962594470806
2020-06-23,3.0325976004301793,2.442835407390538,2.3439592044452446,2.2562573775128874,2.1493996112253506,1.8881428395549738,2.707373556975156
2020-06-24,2.955240164590682,2.419361114643304,2.323352291617129,2.2230219841617593,2.1244945707334715,1.8662127588784605,2.6593589894395926
2020-06-25,2.986920919614522,2.4285744403271226,2.331674616319341,2.2320007077918853,2.131373644249101,1.8726353198806507,2.6706337639126634
2020-06-26,2.9159773060486747,2.407864067362628,2.31274663291159,2.209382981780494,2.113594274878089,1.8557020503967534,2.6388203927655676
2020-06-29,2.9588352714613526,2.419984210709864,2.3241150451218253,2.220830038945781,2.122453440457374,1.8639614161830278,2.6575897972685785
2020-06-30,2.9967371160817162,2.4304625150366523,2.334195662045862,2.2315895534248953,2.13126973111387,1.8724237980900043,2.673980711778377
2020-07-01,3.0177285956109774,2.436159907173064,2.3398186163379613,2.2378193269716844,2.136717989588257,1.8776784756768439,2.6833776919645964
2020-07-02,3.0343466494751032,2.4406577128568148,2.3443623858712326,2.2433384097326745,2.141641045585998,1.8824108603843546,2.6932133136203573
2020-07-06,3.0811883993239917,2.4534127284450666,2.357505204980364,2.2610688468299767,2.1576655772171125,1.8976830026009532,2.7201273312024434
2020-07-07,3.049410635519331,2.4449618564972697,2.348606080373834,2.249598916001761,2.1459396474100294,1.8864137605452054,2.6975566463250775
2020-07-08,3.0727345016629553,2.451427078184247,2.3552997614928413,2.258271324241473,2.1540982148360137,1.893697925381253,2.710628096724799
2020-07-09,3.0552414414446734,2.4465531991413147,2.3501621813975015,2.251068040062572,2.1471005730855195,1.887477526410464,2.7005661550689943
2020-07-10,3.0864371525644114,2.455285014571862,2.3595768738653677,2.2649158188475056,2.1601536923467686,1.8983702852059554,2.7120863813605967
2020-07-13,3.0597121971117573,2.4478979122055007,2.351393746667044,2.2527947243999558,2.1478498501893952,1.8880797204592472,2.698275237080187
2020-07-14,3.099362448334789,2.4639928740518218,2.363837656141802,2.2709290737282455,2.164688765280999,1.901756268673274,2.710232111359283
2020-07-15,3.127837416495754,2.4755848187401295,2.3727909974911,2.2831875220228137,2.177507371695874,1.9123984447467892,2.723056255683283
2020-07-16,3.117536176124457,2.4714075771851585,2.3694941567701524,2.278509530014671,2.1723609484023,1.9081118137028774,2.717589231137304
2020-07-17,3.1265740537971882,2.475221813564475,2.3724549909245236,2.2829673150095013,2.1771141383733665,1.9118888939442864,2.722930594763397
2020-07-20,3.151841307768507,2.486011296351923,2.3809951674408723,2.2971488131761193,2.192117887485949,1.9236611521421423,2.7390229544183406
2020-07-21,3.1585471200480044,2.4888424986170703,2.383291817249014,2.3009634355757345,2.1963144260829774,1.9269910111921262,2.7425930791173627
2020-07-22,3.1765252241703887,2.4965187352340927,2.3896443791660835,2.3123452394083186,2.208849885863036,1.9369798996423893,2.753922428271625
2020-07-23,3.1386240219922823,2.4803450537137026,2.3759005318298754,2.2869821741773477,2.180402520955474,1.9140604920833542,2.729541160352752
2020-07-24,3.118411182478613,2.471941035614539,2.368494813469023,2.2763522835805694,2.1708835704965477,1.9055795285130164,2.7188943500502742
2020-07-27,3.141151068610543,2.4827306939758427,2.377033397318118,2.2883543655204646,2.181136824465503,1.9141922199915324,2.733757070220986
2020-07-28,3.121228291775949,2.4731140067156234,2.3694003678517466,2.2773123275771257,2.1710942216236226,1.905777657839808,2.7191779252460444
2020-07-29,3.1596164651849294,2.495134026836367,2.384454956298836,2.298785361358992,2.189884230016929,1.920781683739512,2.7454407218963786
2020-07-30,3.148342246015271,2.4885229828763333,2.3800563012840525,2.2930782872906366,2.184100719073578,1.9159951099333394,2.7375189643991917
2020-07-31,3.1732211436421793,2.50338374993677,2.390039840144783,2.3065771508336583,2.1975658804805542,1.926527758339972,2.7511360146253963
2020-08-03,3.1952819683083655,2.516507794952681,2.3990164614802487,2.3188668038034153,2.2104260815173715,1.936631281766253,2.7611084160644768
2020-08-04,3.2076239265093065,2.5238072346054774,2.404115712355571,2.3260058172093423,2.218152101662691,1.9427382916980043,2.768821382859983
2020-08-05,3.2275470245650277,2.536304237855204,2.412563593000841,2.3386712803977137,2.2318936049963085,1.953597468460363,2.7857713713271965
2020-08-06,3.2491208780003413,2.5507005242185574,2.42188732280988,2.3528867582691277,2.2477016122916837,1.9662439062366324,2.802957992227462
2020-08-07,3.2514539070569604,2.5522647681256307,2.4229002551846586,2.354431376982287,2.2494398363866863,1.9676445657018307,2.804900255444368
2020-08-10,3.261172452301077,2.5589780298993476,2.4272861501451257,2.3615119472431876,2.257426927314671,1.9742632661598274,2.815426837146888
2020-08-11,3.23425187318114,2.5397364622858007,2.4147183647700357,2.339860643980967,2.233460203120596,1.954084031742836,2.788696771364741
2020-08-12,3.2793452164273598,2.572085785704784,2.4359984153683993,2.368964420666476,2.259513090433362,1.977337328093342,2.8167915857734123
2020-08-13,3.273417080500069,2.5678703810086034,2.43326808199921,2.365737965879724,2.256115596686626,1.9741325725322851,2.811016500259349
2020-08-14,3.273514410502018,2.5679237918041693,2.4332911996708018,2.3656936848188903,2.2560885129237382,1.9741655599081107,2.811055140682255
2020-08-17,3.2839126596541357,2.5754902590848214,2.438321582654288,2.372189168575437,2.2631599554220974,1.9803172926400765,2.8196845216335884
2020-08-18,3.291007791941429,2.5806618415852194,2.4418405352587755,2.3770460233519297,2.2684103988811204,1.9848587232553516,2.8262452680475265
2020-08-19,3.2773048198188452,2.570460464338084,2.43477909344392,2.3663937799905868,2.2570729589355127,1.9750201292257397,2.8130288783809636
2020-08-20,3.2875084089670645,2.577863103523181,2.4401339987347606,2.3741179174305005,2.2645691031341464,1.9812135708356555,2.822918783627809
2020-08-21,3.2991703420388765,2.5864053259732187,2.446416872194071,2.383526804069143,2.273881239743452,1.9889919412531578,2.8342421672999163
2020-08-24,3.3326014309921566,2.6138883815052574,2.464923825240952,2.41208726456488,2.302514604732498,2.013154458789264,2.8710798517052263
2020-08-25,3.3442633640639685,2.6237240892325246,2.4712778093013537,2.4196658322546094,2.311678200071682,2.021689776095985,2.877296389066996
2020-08-26,3.3777921042403256,2.652451517323143,2.490013555612269,2.444175302118033,2.3400645743446122,2.047868867110516,2.9060144179611203
2020-08-27,3.3851772992066946,2.658988821149796,2.494070371867759,2.448643974713222,2.345817749407744,2.053660194567758,2.9114002048404073
2020-08-28,3.4070444275323686,2.6797215466787994,2.5064361997212177,2.463828205239576,2.3644106588589424,2.072023153124359,2.924491939861101
2020-08-31,3.3947015056680425,2.667394571930135,2.4993587252035216,2.455159025935328,2.353786649273049,2.0613692817592186,2.915025137084392
2020-09-01,3.4266745719188583,2.6981146201475226,2.5181091286202246,2.4781864865106065,2.3790788822293942,2.0846087214917914,2.9441457155848623
2020-09-02,3.4762383496110334,2.744834324045551,2.5467959164096,2.509811960174758,2.4172183127549456,2.1214856092193957,2.9727497193186054
2020-09-03,3.3566062859282946,2.6418047783073186,2.481871117153743,2.4506369793269283,2.3370727531197786,2.0350977296283475,2.8976966273740543
2020-09-04,3.329201305346512,2.627894467773688,2.4708859743924663,2.443800228051506,2.331187954087332,2.030151805809203,2.8889106026725484
2020-09-08,3.238236942501865,2.5843551048621864,2.4345700461827775,2.4197502265054176,2.3121590830260184,2.0154132652376022,2.8638845782227604
2020-09-09,3.302183396224625,2.6106936366013884,2.4573859840748935,2.4341666977713774,2.323272538951237,2.02472985889836,2.8811587791722406
2020-09-10,3.2448454247794136,2.58849468442233,2.4377354539166336,2.420895748277716,2.3120624205385125,2.0150656064655004,2.8529353629122567
2020-09-11,3.2464971438223897,2.589094163129492,2.438285333064075,2.4212824898858454,2.312387863999172,2.0153345870412007,2.853269521270019
2020-09-14,3.2892568155697335,2.605624928333098,2.453223728165716,2.4331975405292448,2.3221468158878174,2.0237749845547666,2.870840814548757
2020-09-15,3.305875511876117,2.6118411416999336,2.45900594271153,2.4381164336717407,2.326391611700349,2.027485072483765,2.8776387815987974
2020-09-16,3.2927565197652267,2.606947994433529,2.454315035862557,2.433570027536322,2.322419337987686,2.023996202199674,2.870258122563494
2020-09-17,3.2637952228156455,2.5961417534339017,2.443661432067856,2.4222926232024133,2.31261812238484,2.0157996165344954,2.8545771635951533
2020-09-18,3.226220702525269,2.5821878982937005,2.4295668687469387,2.4070421710845133,2.2996868620133726,2.0054205972845387,2.832751688027959
2020-09-21,3.190313962334296,2.5689623392725225,2.4159635089597016,2.3927623159674987,2.2879176219525528,1.9960875418141542,2.8199643405186934
2020-09-22,3.222806764371097,2.580855467092923,2.4284115470560574,2.405614775289642,2.2982944323980714,2.004176752618522,2.8328751472505496
2020-09-23,3.148065995844724,2.553997588912577,2.399613209675299,2.3745568918799944,2.2714388397239245,1.9830701609782704,2.8042822845286355
2020-09-24,3.1564569341645656,2.556912445828439,2.402609128704483,2.376915413884243,2.273258383984437,1.9847513441870466,2.8078293590674814
2020-09-25,3.2074870863085483,2.574765320727522,2.4216044345290144,2.3947211455571593,2.287380160278832,1.9974669797430098,2.8301427582924448
2020-09-28,3.260761610477671,2.592825924556048,2.4409635293006104,2.412720423730492,2.303539435153164,2.0121659944658314,2.858099961072458
2020-09-29,3.2430041852705966,2.5870480007381538,2.4346618222294683,2.406913323885392,2.2976680815587716,2.0067540907525725,2.8475547621921415
2020-09-30,3.2675920565550434,2.5950958211525927,2.443610213283944,2.4158147338069873,2.306443734319953,2.01440584409593,2.8634899391922266
2020-10-01,3.2885697235757774,2.601864618574806,2.4513714002576115,2.4242101812050896,2.314888002916258,2.0216494450191007,2.872110385641101
2020-10-02,3.2573467086601133,2.591756033845214,2.439557538164591,2.4101401659945334,2.3004539715866623,2.0094767619586817,2.8545480731319626
2020-10-05,3.31510965565839,2.6110293174347894,2.4617577620477515,2.435780183503148,2.324397872858989,2.029307559179893,2.8774400890004275
2020-10-06,3.26798137656284,2.593978255928854,2.4443145510840014,2.4181758348944165,2.3054829685418965,2.0129158252833093,2.8452141911544833
2020-10-07,3.324867711101318,2.6143062558053902,2.4653173919104723,2.438057109121946,2.3239055208910595,2.0290507244911264,2.8670889109287017
2020-10-08,3.354332682780458,2.625417308837333,2.4758309823573077,2.4476277167158833,2.3338168224210127,2.0378348453298836,2.8818967702155778
2020-10-09,3.384288159122885,2.6371720166641737,2.4866540888090642,2.458319365553894,2.3451109332725144,2.0477138574826155,2.901368899390449
2020-10-12,3.4387335343055527,2.659557021337518,2.5065592080545493,2.479464965775484,2.3679894572297946,2.0674073425779484,2.939571199108533
2020-10-13,3.416291741380913,2.650642874349913,2.4985456178281034,2.4714077339907314,2.358684126615313,2.0591780278616163,2.9258860170262486
2020-10-14,3.3948251758025343,2.642049151757844,2.4906740882758536,2.462934738967215,2.3495085969632066,2.0515245915162277,2.9131752635939345
2020-10-15,3.390630670305999,2.6403738449727587,2.4890835927841315,2.461089994131547,2.3476458387210206,2.050044923345399,2.9107757375449563
2020-10-16,3.3885812795058845,2.639552192573801,2.488269349544824,2.4599850450429845,2.3465106633841093,2.049171688295835,2.9094870882693105
2020-10-19,3.3370631924676437,2.618575269207404,2.467646700126982,2.4312234660947833,2.3169571544810994,2.0264087365916414,2.878227788594962
2020-10-20,3.350430488510899,2.623938371433059,2.472897298828513,2.436524641756484,2.321295921059794,2.0303414366839267,2.8832536836692504
2020-10-21,3.344088940991172,2.6212988654010756,2.4703168269482205,2.4334364195505116,2.318620081158461,2.0280017315147854,2.879477279550953
2020-10-22,3.362431309873326,2.6289443879076213,2.4779400004073304,2.4431158161792776,2.327048836867309,2.0351309930035177,2.8897193222057083
2020-10-23,3.37384783000293,2.6342793781654357,2.4827818205355974,2.449653327719824,2.332914388250669,2.040010601837615,2.8949270558641906
2020-10-26,3.3114997726158077,2.604631527925883,2.4555186625558507,2.4093548467731254,2.2959886922574686,2.0096465718895664,2.8608652276854656
2020-10-27,3.3000835737073326,2.5994174354643835,2.4507388736992843,2.4045282093201195,2.2920066275085103,2.0060251704020016,2.8563251074660663
2020-10-28,3.1872893441879224,2.5457172265901233,2.402508586428401,2.3552698698360737,2.2522021542574326,1.9703966066760186,2.7683451943527966
2020-10-29,3.2196838525593887,2.5581663804458827,2.4136771967317703,2.3623374436658655,2.2575730506748695,1.9757631940310687,2.776122754942563
2020-10-30,3.1861197780588917,2.5452711867224345,2.401861772697141,2.3536937533254028,2.2507394398554776,1.968925741462776,2.7668560453381112
2020-11-02,3.2218305733614523,2.5589945039249447,2.414638902627352,2.3637082910663856,2.258689240423706,1.9764657997378956,2.7790665815988564
2020-11-03,3.278715301794288,2.5804923028330475,2.43505993167414,2.381046920796789,2.2731358858991855,1.9901054712196757,2.8028247146782
2020-11-04,3.351991623195626,2.6079519061509373,2.46053741728436,2.4026426144579918,2.293230095375825,2.009016277979449,2.8228251558334834
2020-11-05,3.417364941171382,2.6312998900923645,2.481920970531469,2.4198052505528325,2.3113930007565195,2.0263532774146036,2.8415130690028616
2020-11-06,3.41658405260789,2.631020608790433,2.481660362883018,2.419598111153922,2.311144021562881,2.0261150047443848,2.840577899945878
2020-11-09,3.459516220101262,2.6461822278836244,2.4956329678201183,2.432306390520187,2.3255363124100366,2.039856134013943,2.862978977339627
2020-11-10,3.454442211154771,2.644412564765035,2.493976966716936,2.4306927964949305,2.3236375907807276,2.038089295348775,2.8608046644563156
2020-11-11,3.480104245893071,2.6536034948707488,2.5025833393590813,2.4398642272472335,2.3342942573121137,2.0477516199442602,2.8703499434442494
2020-11-12,3.4463439052830336,2.6415288283780485,2.4910247686925198,2.426422248081159,2.318527036123718,2.033818666718508,2.8531751687799525
2020-11-13,3.4940571280536634,2.6585342859906174,2.5076482524866877,2.4454640794865434,2.337815206168778,2.0504060486653612,2.870705144341529
2020-11-16,3.537671248002936,2.673640423225734,2.522693031055242,2.461922689600517,2.355938779618417,2.066139656696188,2.89593646223563
2020-11-17,3.518644356895854,2.6671714123543047,2.5161485227751355,2.4547828584446645,2.347684223582705,2.0589692567144198,2.886479315156316
2020-11-18,3.4762984179620755,2.6522463565995746,2.501153393754336,2.4372277284582435,2.3285280470561687,2.0432672608496945,2.8616136763898785
2020-11-19,3.4909338950208246,2.6572802268391396,2.5063756557770898,2.442848677880356,2.3336923793225948,2.04764886454389,2.869477414793216
2020-11-20,3.467027976192278,2.649040185001901,2.4976062700754222,2.4322673113745195,2.3236176698262807,2.0391913191937197,2.8554289946838733
2020-11-23,3.4878119468724993,2.6561703224766275,2.5053907007134972,2.4417665496192784,2.33236714790068,2.046216543942833,2.867470260283462
2020-11-24,3.544013437964921,2.675358827315156,2.5268952031239698,2.4697792662986835,2.3588617437549515,2.0673588553109656,2.897181477389935
2020-11-25,3.538549145347249,2.673424836115186,2.524852082308513,2.467412591470482,2.356390040623278,2.065305998695564,2.894231220024687
2020-11-27,3.5484035671287404,2.6768866372233453,2.528602930391175,2.4718302589145584,2.3612335585115205,2.0692959588827673,2.8997142878273086
2020-11-30,3.5326948902795237,2.6694933662070914,2.5224016009706727,2.463546682402131,2.352220326817162,2.061948507633826,2.8895881761904865
2020-12-01,3.5713336161687685,2.687001490068703,2.538020796387272,2.484855546047623,2.3742753999561015,2.0791954472778023,2.9087967796690712
2020-12-02,3.5788463359231697,2.6905201516079966,2.541049936882764,2.4885825301452495,2.3784875005455923,2.0825961850540673,2.9129783447775117
2020-12-03,3.5778701449135224,2.690049776108692,2.5406228709388525,2.487908956933356,2.377750527927111,2.081996937995483,2.911475567390981
2020-12-04,3.6087038398213904,2.705267822924039,2.5538032514737865,2.5074478514267398,2.399120678294122,2.0992112462832924,2.93500683466497
2020-12-07,3.6012884500689384,2.7011678467997093,2.5505996521254666,2.5029273122697755,2.3940312176968512,2.0950133945416014,2.929175660309119
2020-12-08,3.611826430411973,2.707298619952163,2.5552586042418253,2.509714972367241,2.401530028769163,2.1010276993185477,2.9390864428927586
2020-12-09,3.5794316008193783,2.68813466224881,2.5404455446121483,2.48652674559529,2.376313578664499,2.08075841524737,2.9054303715413083
2020-12-10,3.578261392248091,2.6874387679977993,2.539903502896855,2.4856125506423683,2.375253443522255,2.079925546228624,2.904156837214968
2020-12-11,3.5740649594247835,2.684960247824921,2.537886207280751,2.4827746937619217,2.372652519250004,2.0777251924009246,2.9000527487721355
2020-12-14,3.5580633289063344,2.675399151230126,2.530028549446717,2.4713652643054735,2.362132291486787,2.0690898147960364,2.887481212862902
2020-12-15,3.606167156569275,2.7051739173896108,2.554139214840723,2.504868146723316,2.392236664028421,2.0930048644336376,2.918215698745431
2020-12-16,3.6118264304119743,2.7086812042621293,2.5568333904245852,2.507460112521093,2.3952840740898504,2.0956983299593963,2.9224004235678778
2020-12-17,3.6320228876480876,2.7218732158401577,2.5668283135943977,2.5190894077079364,2.4078524156412384,2.1065234683015404,2.939890225567153
2020-12-18,3.6175210385788126,2.7122270969555924,2.5594911737684654,2.510118487152174,2.3980467944175126,2.098183867953556,2.9289103678385473
2020-12-21,3.6045864273957076,2.702762356020659,2.5527706319424883,2.5018323916389695,2.389555897318241,2.0912264463353907,2.921140364091153
2020-12-22,3.5985114934126727,2.6984056920468524,2.549516634107051,2.497756372446515,2.385575680786557,2.0880735200131,2.9190967107325667
2020-12-23,3.6017449052926027,2.7007540525278553,2.55125944114955,2.4999750034810377,2.387759705815992,2.0897644207429824,2.920283651309904
2020-12-24,3.6157578558042327,2.71124068397838,2.559143099900646,2.510807362153509,2.398400247561985,2.0980861291220596,2.9277481380901116
2020-12-28,3.6468202601556237,2.7381646259267587,2.5770615605384273,2.535982674509604,2.423479107831446,2.1179949254054606,2.9442301955809183
2020-12-29,3.639862610511348,2.732244811496942,2.5730690259400126,2.5309318612737672,2.4181267560848503,2.1135748464251396,2.940269981791387
2020-12-30,3.645055150054272,2.736578198714167,2.5761013247411806,2.5346989894341516,2.422126095178444,2.1168568533346357,2.9450671289181924
2020-12-31,3.6635751542205104,2.752453208814141,2.587321155289745,2.549528686296284,2.4375392265353995,2.129669533614564,2.964216071870331
2021-01-04,3.6137001132547755,2.7064330289099563,2.556536945798185,2.5094044916698968,2.3952141792592863,2.093815083831659,2.9181771666916387
2021-01-05,3.6385880050732835,2.725498299918625,2.5707579226781365,2.5210440650329673,2.4045898215662134,2.102720595207621,2.9260574640585126
2021-01-06,3.660341421119453,2.7419346010449357,2.583315146978227,2.5322851337376617,2.414387384705838,2.111672902801573,2.9390594754523183
2021-01-07,3.7147244794031833,2.784021619724557,2.6150630186321275,2.5623925771737555,2.4417140855190707,2.1360376542716826,2.9698521079333515
2021-01-08,3.735891024447502,2.7986130394066095,2.6264063233471027,2.571547674660883,2.451655072372612,2.1452223523468796,2.98109974340932
2021-01-11,3.7107072879696053,2.781219335336386,2.612600045519667,2.559243894002059,2.4383860308546366,2.1333137243972944,2.9679772179271304
2021-01-12,3.7114913887443826,2.781743269450134,2.613024675936685,2.559615911096947,2.438710215437855,2.133543097155406,2.9682942339707106
2021-01-13,3.7214868266013053,2.7888163343048977,2.618697432073378,2.565090201058771,2.444151349475971,2.138176627716406,2.9735438826900684
2021-01-14,3.708453921752865,2.77954389228997,2.611028990144175,2.5568563384168894,2.4359398904520506,2.131220625175189,2.9620226377537278
2021-01-15,3.681409030056181,2.7601748105162214,2.5947537580281232,2.53917910338171,2.4188461957803686,2.1174116285955806,2.9402765591866133
2021-01-19,3.710316040635039,2.7816479055935,2.612148018092052,2.556235301955448,2.43404821975532,2.129759926775472,2.9594695388406995
2021-01-20,3.761661631927251,2.8188264490098938,2.642892060911481,2.5863289463053314,2.4629134232149617,2.153136902026457,2.9981410637305963
2021-01-21,3.765090667474465,2.8210394572226773,2.6447314849150785,2.5877254076763587,2.464605670252098,2.154645034067866,3.000450844661005
2021-01-22,3.751764487735663,2.811892013633385,2.637032735909222,2.5804893000692983,2.4566892698402394,2.1477690277048787,2.989952273923987
2021-01-25,3.7665615390220712,2.8220299314085633,2.645732663010301,2.5889097232757208,2.465566670694002,2.1550520609210966,3.0011340310729326
2021-01-26,3.7606819074851914,2.81797383115479,2.642164552528194,2.58512316687601,2.461586014814994,2.151809409669678,2.9975581756297944
2021-01-27,3.6687689786479525,2.755063009868733,2.585072475110319,2.522356339313871,2.3967187523597726,2.100488280836468,2.9152433179575103
2021-01-28,3.7003209239992465,2.7713135925563583,2.600050024928847,2.531356356787943,2.403521240438944,2.1070129727534006,2.9351046600362607
2021-01-29,3.6262421922188035,2.7325704236491988,2.5642367939771504,2.5063092430286753,2.382974557029396,2.087966022727058,2.8940132947751347
2021-02-01,3.6866031757047493,2.7608232514409896,2.5905977173488073,2.5234889731825474,2.3967465627364266,2.1006088648752206,2.9246752207664444
2021-02-02,3.7387325465506107,2.783668256369416,2.612220824392525,2.5381977421627018,2.4096718129116623,2.112496907462519,2.9503388750045754
2021-02-03,3.741671719876794,2.78488333532874,2.6133925604216763,2.539030961556941,2.41042334720753,2.113187091143087,2.95169166210858
2021-02-04,3.7841988275270717,2.8036855670432153,2.631093332055435,2.5531258138224664,2.423696221889078,2.1255514087781897,2.973045242716109
2021-02-05,3.7990925663731705,2.810148830748449,2.6372422149073382,2.5582447951266034,2.4287266902445444,2.130178227775596,2.981496318370357
2021-02-08,3.8265290266255505,2.822088229481962,2.6488412679518945,2.5688854445116203,2.4393033670401816,2.1398080072550862,2.998148754055625
2021-02-09,3.8239814218550636,2.8209199095162356,2.6477355497650366,2.5677474405851455,2.43813076154495,2.1387747089281697,2.995680086650939
2021-02-10,3.8223165327458175,2.8201678668169663,2.6469731014189204,2.5668471600344476,2.4372170977712786,2.1379899476061635,2.9942072371319526
2021-02-11,3.8284884755096735,2.8229727203637434,2.649763985300205,2.57004412806404,2.4404600340091736,2.1407958796150246,2.9976531186434903
2021-02-12,3.847401011894995,2.831603813639997,2.6586288829338716,2.5812361357061673,2.4517801711217224,2.1505930230743937,3.01237836595368
2021-02-16,3.8440689851286023,2.8300875462427704,2.657009960584522,2.579065959078707,2.4495442085176307,2.1486818810527706,3.0097863493795374
2021-02-17,3.844951379568714,2.8304863346221394,2.657417946302987,2.5795650464795554,2.4500614096885673,2.149139090091154,3.0104366212884623
2021-02-18,3.8285870903961374,2.8228405550339843,2.6490357719936117,2.5672133517287965,2.437608269736805,2.138472775888761,2.997867774910016
2021-02-19,3.8218257068614023,2.8196840531202354,2.645477717224238,2.5622743866624957,2.4328229756875666,2.134473109176214,2.9918981247650365
2021-02-22,3.7924297977249,2.8053606858872815,2.629610809753456,2.539852217485468,2.4115765936422124,2.11743805900746,2.965423031444978
2021-02-23,3.797034823823716,2.8075472142205413,2.632099950243494,2.5425078465975695,2.413782841334394,2.119310876308793,2.968972424951661
2021-02-24,3.838875481922293,2.8276358141670355,2.655397969521937,2.5713755679165775,2.439225999130724,2.1407149529038483,2.9899715925245993
2021-02-25,3.7463750396409456,2.7844318498556766,2.6053211687692226,2.5188989803731388,2.3858491443921497,2.0940782601547885,2.947900235277294
2021-02-26,3.7270715771421865,2.7763711108828906,2.5965357605017676,2.512624993944119,2.380573446327162,2.08913834476326,2.9401579464481795
2021-03-01,3.8174166256509996,2.8187846414317828,2.6377499772952486,2.542823314527001,2.4050467372713373,2.111446293144624,2.9792588112815026
2021-03-02,3.7876285055165444,2.8061870969210525,2.6258692297124773,2.5348118442874448,2.3972247608426653,2.1040551216723404,2.9706759618067506
2021-03-03,3.7374592259970623,2.783056999346998,2.6056655499115107,2.5201814110771874,2.3830712915205963,2.091442602221169,2.943412191567268
2021-03-04,3.6912078805824384,2.76161976673409,2.5872141830617164,2.5065706225763535,2.3706683667973256,2.080716027402277,2.9206523996659115
2021-03-05,3.7591140271567673,2.793550674829064,2.6142027552951848,2.527054017885806,2.3886243521301456,2.0957487277010993,2.939204042999708
2021-03-08,3.7403980781021167,2.7853960746644257,2.6071345281222293,2.5217465418820293,2.383452076537207,2.0913096468966206,2.933824579359829
2021-03-09,3.7938017331649143,2.809057528506934,2.6277425734174624,2.538712654960574,2.3998702273576025,2.104839451944048,2.9545747578905384
2021-03-10,3.8174166256509996,2.8190161342954916,2.6366469142714433,2.546187030486391,2.4075326722776267,2.111209622433686,2.9660913423844284
2021-03-11,3.8561212018715967,2.8353929772177824,2.6515248377667726,2.559841012733536,2.4217364594092468,2.122933986199248,2.9858715353239247
2021-03-12,3.861315347520163,2.8375224178897533,2.653522410554857,2.5617315992975263,2.423743516996903,2.124586343555064,2.988644232461724
2021-03-15,3.8843424053410116,2.847028098040794,2.662644680045966,2.571398254541513,2.434096405037071,2.1331467617359903,3.001889445478837
2021-03-16,3.879442819467321,2.8450174212682735,2.6606446868266462,2.5690532366336774,2.431559982439878,2.131082335639504,2.999087211825035
2021-03-17,3.8926703843196595,2.850451539242483,2.666143193309051,2.5758159566110237,2.438788574282168,2.1368488005582873,3.0069717614660645
2021-03-18,3.836034281040317,2.827237703099471,2.641846942266473,2.5431807148331966,2.404120206916522,2.1093436815715942,2.983251616280461
2021-03-19,3.828936257762867,2.824397504762668,2.6388594266291836,2.539951506050052,2.401129600235872,2.1067685766089057,2.979732414069325
2021-03-22,3.859510084777743,2.8365313368799177,2.6519865440485355,2.553999412054871,2.4132592815710536,2.1173504348560708,2.9949063471389983
2021-03-23,3.8291325238724085,2.824629831644768,2.638798297712868,2.5394388074712744,2.3999280031458237,2.1059388727515644,2.9776161117431887
2021-03-24,3.809668129588248,2.8169842881930025,2.630223611016741,2.5302773645853303,2.3918479902873173,2.0992496889044796,2.968402278241341
2021-03-25,3.8310990396213587,2.825375698298751,2.639867376241485,2.5408756685799156,2.4011081874356615,2.106563706345753,2.9771509946776793
2021-03-26,3.8928374193065034,2.849870687755768,2.6682009727987848,2.5737425976467443,2.430726631344275,2.129705168086137,3.0034811755291178
2021-03-29,3.890871545999811,2.8489661816162983,2.667303452428469,2.572699524524097,2.429785015399802,2.1289699858267115,3.0026482268060333
2021-03-30,3.8805484625917734,2.844504187219029,2.6626637068864714,2.5678357185985576,2.424608523982098,2.1246504390024836,2.997950850057615
2021-03-31,3.896277697593216,2.852064097348418,2.6698779656339697,2.575755051708691,2.432888997539694,2.131299612172742,3.00549949207084
2021-04-01,3.9383538107790166,2.872941047168277,2.689685454836323,2.5992038815869383,2.4573584237888926,2.1507652403617525,3.0323755019608973
2021-04-05,3.994881341316911,2.9022184658325187,2.7159331820636736,2.627472646959443,2.488811008899613,2.1769579989783487,3.0681894541232544
2021-04-06,3.9925222933488804,2.900909125624462,2.714848794293713,2.6263222511550066,2.4875209499273794,2.1758743489114982,3.066454284187956
2021-04-07,3.997142416840737,2.903505409340546,2.7169394954039143,2.6283986675176614,2.48995552502525,2.1780253899291853,3.069822927180518
2021-04-08,4.016116627682738,2.9147675708795817,2.7258769991175718,2.638421875085809,2.501481792778535,2.188174232559966,3.0865976251987286
2021-04-09,4.0453140221618,2.933041362853917,2.739942791550291,2.6551656592854203,2.5205141510157993,2.204788409295761,3.110036220818745
2021-04-12,4.046789390805205,2.9339587094144246,2.740650473131202,2.6560120499291533,2.5214791691189644,2.2056282580071804,3.111169171046915
2021-04-13,4.058782824081675,2.941614558336262,2.746634741212851,2.663537609621682,2.529938631299818,2.213146095121623,3.1223855635070676
2021-04-14,4.044921811163847,2.932729450674571,2.7394696872150552,2.6538564194217704,2.5193283887284608,2.203650989498841,3.1100649001184784
2021-04-15,4.088373714443204,2.9603560291861224,2.7624132717711136,2.684184491328927,2.550374055128229,2.230096582266432,3.152743281525222
2021-04-16,4.102038782472619,2.9687593672504096,2.769439256322053,2.6916417342768257,2.558857056581637,2.2379268598899955,3.1663597622876454
2021-04-19,4.081885047646603,2.956318212030468,2.7587521229633496,2.679059466423557,2.544976154010786,2.2253768055840504,3.1455234231668525
2021-04-20,4.052000239952456,2.93520019281569,2.7426028757795953,2.6606864840473707,2.5263222495108466,2.209274358337606,3.1175156451903097
2021-04-21,4.090339587749897,2.9608072656629125,2.763403053740428,2.682099802798669,2.5458750149278835,2.225816860586686,3.1393792792265405
2021-04-22,4.052982212942417,2.9360307714647123,2.743414700416462,2.6623907249684753,2.5262472972703875,2.209099006214763,3.1042188360265626
2021-04-23,4.0969259057695755,2.9647308229118594,2.7667161179421043,2.683334476958353,2.5451135625742816,2.2250574095625697,3.122597450947482
2021-04-26,4.105479381980461,2.970331836123486,2.771113144980933,2.6871617246267276,2.5489127435452663,2.228279703124779,3.126369989663056
2021-04-27,4.10459473899245,2.969748820236208,2.770611518632097,2.6865885829082528,2.548345060224843,2.2278003458068816,3.1251824787703404
2021-04-28,4.10341425134505,2.9687704745883368,2.7699296180171413,2.685787794998345,2.547553447731198,2.227145491733932,3.124190455787933
2021-04-29,4.129564863419866,2.987595366055458,2.78469151015956,2.702226721842951,2.563787429997193,2.2406389727279983,3.144747258021879
2021-04-30,4.102431314691703,2.9678465862250554,2.769210876245493,2.685052342416586,2.546210509274224,2.225985529568382,3.1253160951747136
2021-05-03,4.111280314340849,2.9738861806588406,2.774286889807308,2.6901538240819245,2.550836764675847,2.229797057018911,3.1344779490469903
2021-05-04,4.0859157303675815,2.9555260303091297,2.759268694067449,2.673591120334192,2.535349345408376,2.216973710291476,3.1078694978894155
2021-05-05,4.087194190459189,2.9564096546000846,2.7600209605009636,2.6742755443620365,2.535901372262056,2.2174017162469566,3.1074453037013643
2021-05-06,4.119832505667222,2.981640420360717,2.7800403823992266,2.6959310304868094,2.555373107687107,2.2333312208714773,3.1312186430204827
2021-05-07,4.149816891911218,3.004075998889988,2.7982672402681827,2.7144188553821125,2.573538558733085,2.248386121280386,3.1461505120853563
2021-05-10,4.1087240365998925,2.973691826288119,2.773343738788642,2.6895112912807537,2.5480404144330744,2.2270841034986972,3.1233225893336574
2021-05-11,4.0720540750074985,2.9479375680794666,2.751697162829486,2.67093026861144,2.53134332420723,2.21264943486222,3.096831149313181
2021-05-12,3.985542800667865,2.890256157110211,2.7014509804898656,2.6304556107315054,2.496658887138235,2.183486089007384,3.0523428249715767
2021-05-13,4.033418882550667,2.9163885126917393,2.724369206599291,2.644663628756847,2.5079509657435364,2.1940235683966405,3.075349190793967
2021-05-14,4.09535417078761,2.948665487230112,2.7534368510410174,2.6642005683800867,2.5245766951436446,2.209296175991662,3.107534208019839
2021-05-17,4.08493215127198,2.9434078009252893,2.748762963474016,2.6609997579041424,2.5215491975965794,2.2065260884598743,3.101567550780015
2021-05-18,4.049738843207504,2.9257416500055133,2.7326498695119454,2.6486310173022947,2.5099383721707036,2.1962903510918466,3.0801128159129534
2021-05-19,4.039120236361206,2.9204605179204437,2.7277600389208785,2.644737952337871,2.5064310634856204,2.1933244427576852,3.071181435961304
2021-05-20,4.082574066967334,2.942307285325736,2.7483212708056586,2.662503164240882,2.5225703834576416,2.2064254098172125,3.095426644829657
2021-05-21,4.0792311186825705,2.940636142436061,2.7467500685266812,2.6611363738333518,2.5211908674499717,2.2053019624516916,3.0926259559733205
2021-05-24,4.120814799878312,2.961853023601776,2.7667257851293456,2.680275130097274,2.539833708657714,2.220228026971796,3.118257174258314
2021-05-25,4.111672525338805,2.9571725586383737,2.762372750400322,2.6761339676847458,2.535537417750016,2.216745515576034,3.111155676880774
2021-05-26,4.119832505667224,2.9613454336856995,2.766337402444254,2.680118590361764,2.5396200584553017,2.219954157512593,3.1171161543837793
2021-05-27,4.121995929967972,2.9624490312339513,2.767397071128323,2.6812081406713895,2.5407329448274063,2.220821180231103,3.1187061367358644
2021-05-28,4.1293682760892,2.9662131290117895,2.771193251807456,2.685684037898213,2.5452714815316773,2.22443182574334,3.1248285743489332
2021-06-01,4.125731410471819,2.9643231234984238,2.7692169968483324,2.683063351153454,2.542643942385695,2.2222846705566823,3.120132336805174
2021-06-02,4.132219756047291,2.9677073989791727,2.7727596399998347,2.6877805921717615,2.5473599316929065,2.2260744404551986,3.125303857485915
2021-06-03,4.116883053264929,2.959668578093761,2.764019273326435,2.675352977392945,2.5350803623109064,2.215914502573896,3.1119266061893103
2021-06-04,4.154535951510671,2.979587549600976,2.785876873806831,2.7040048030578907,2.561917249189362,2.237694404420421,3.139293278164854
2021-06-07,4.150504626347437,2.977483729020436,2.783555403993336,2.7011827566569426,2.5591325243375325,2.235374151664641,3.136083145978557
2021-06-08,4.151389269335448,2.977929049147898,2.7840395477828452,2.701675634718401,2.5596625577215373,2.2358469754102477,3.136677185916946
2021-06-09,4.145196125977108,2.9746063320860765,2.7802415937566063,2.696919053621612,2.5548257261145766,2.231709395295214,3.1312995255427114
2021-06-10,4.164464254151728,2.9852288054194895,2.792252230972671,2.7119048880064867,2.5698152816725526,2.2441821027060844,3.1508247854594083
2021-06-11,4.171346416830796,2.989115803390023,2.796602985605657,2.7172840689521967,2.5752412085842264,2.248744649023419,3.1568583488444824
2021-06-14,4.180686242364359,2.995754276894781,2.8026710323393935,2.7249653439783117,2.5829471929045003,2.2554215523810983,3.165758231474325
2021-06-15,4.173017730362615,2.98942584726834,2.7974817564014973,2.7181857241333693,2.576242450574259,2.2493625429451365,3.158348016272874
2021-06-16,4.1497182770247605,2.966623542748126,2.781341321740181,2.6979082156531224,2.556581677824376,2.232160862601857,3.135203735462703
2021-06-17,4.148342165710075,2.9652768447204676,2.7803790124809016,2.696615864418842,2.5552934525644466,2.231036166011762,3.1334724387462423
2021-06-18,4.092379663137292,2.9070135279897595,2.7402660982271643,2.652758618468852,2.5156573234896076,2.196893584470573,3.0809545448482107
2021-06-21,4.1509655786668995,2.9555522952085,2.7774656527804056,2.6789822184745145,2.536757792929434,2.216689280996359,3.127547037263743
2021-06-22,4.173157461553532,2.972812650454075,2.7901598465915094,2.6875795212315103,2.545065786737379,2.2244460602183773,3.14107189125275
2021-06-23,4.168127781122781,2.9689011096742157,2.7871983028062264,2.685288350338635,2.542836465280474,2.2224324309559167,3.13803888975096
2021-06-24,4.192785036170993,2.9891651723934425,2.802037632212749,2.697340991737328,2.554500994461983,2.232687119261937,3.158858935214293
2021-06-25,4.207678132574835,3.00127374906881,2.8110849921592505,2.7051115240004036,2.562176875056886,2.239305884989695,3.1751417256168106
2021-06-28,4.216159655252927,3.0081479752526126,2.816330770492154,2.7099212511455035,2.566957809980556,2.2433821859716114,3.1847420452123694
2021-06-29,4.218429403747223,3.0099882297902316,2.8177450903699803,2.7112489246780154,2.5682785314034193,2.244505495757667,3.186472511553187
2021-06-30,4.221980182102154,3.0128690879656643,2.820044812042721,2.713624665628653,2.570631434963159,2.2465300840773197,3.190070138241614
2021-07-01,4.245355443626345,3.031891439271155,2.8358935088215262,2.731704902792696,2.5884258822344255,2.2623863940886957,3.2163052229268976
2021-07-02,4.277804880810793,3.057906053020371,2.858083512795843,2.7560690384686715,2.6132670878219204,2.284753211271727,3.2531581918168726
2021-07-06,4.27001237745343,3.0516785808000657,2.8528119840201094,2.750674092140887,2.6075580900211435,2.279519296393009,3.245941032961624
2021-07-07,4.2851033460724555,3.0641011861617438,2.863226221838732,2.761305596239411,2.618644419633699,2.289263331952765,3.2599432546139555
2021-07-08,4.250188215505299,3.03516489379188,2.8385070755528963,2.735008249901052,2.591514306809568,2.2653156109709007,3.224978833400086
2021-07-09,4.295557487700939,3.0700494308466055,2.8697113284051765,2.7611972969409035,2.6144099483096315,2.2860113210105877,3.2624397504612297
2021-07-12,4.310944622200483,3.0812286343747255,2.879639026001087,2.768850821675391,2.6222374339154624,2.2931100951320915,3.27263879657033
2021-07-13,4.296249076790696,3.070426732414403,2.8698443672248004,2.7604202840869982,2.6137533444761885,2.285583688420298,3.264025729509942
2021-07-14,4.302659686853061,3.075036349345091,2.874166207776601,2.7641778200987592,2.6174507043115134,2.2886552739462473,3.2683565464296636
2021-07-15,4.287963177779888,3.064405648097554,2.8638484524353354,2.754265015597449,2.6078130050540262,2.2805107355970176,3.2580937874950404
2021-07-16,4.2543310044001394,3.0402628549043382,2.8398158211125493,2.7315617378712393,2.58641973670716,2.2631482153328046,3.2297094303204434
2021-07-19,4.1915027214258425,2.9961568302933412,2.7959875415797515,2.695854668548657,2.555353022610166,2.237240834931557,3.168824865566624
2021-07-20,4.2515685026946555,3.032965826120159,2.8324318337002636,2.7187599358832824,2.573772840630238,2.2539388372689113,3.1945771036328114
2021-07-21,4.285991201271753,3.054564636422579,2.8514913604979064,2.730882410206351,2.5850266037300105,2.2640683889072193,3.208936390019215
2021-07-22,4.29496579838216,3.0604651016700224,2.8564558619183753,2.7342557511545955,2.5882370575326283,2.266910748407618,3.2138159425032793
2021-07-23,4.339152655603627,3.09015374024288,2.88158848137509,2.7536281012676365,2.606871064611943,2.28327079236721,3.2440836392431622
2021-07-26,4.349805311889552,3.097008973498533,2.887450270742196,2.758197291575252,2.6115467455016192,2.2873497321958376,3.2514732524102845
2021-07-27,4.329980507499165,3.0840378257257055,2.8761436298584084,2.7483212235527277,2.6014150142724373,2.2786045495456957,3.2307396446316994
2021-07-28,4.32820479710057,3.082872225264043,2.8750907666838694,2.7473467453512335,2.6005102734180157,2.2778220471934367,3.2288563796995775
2021-07-29,4.346155597427028,3.0943910403932398,2.885785356613,2.7576489952150745,2.610595775998815,2.285971109624213,3.244830985743748
2021-07-30,4.325049120733748,3.0808954224601792,2.872890252941253,2.744302469178038,2.5973795313919164,2.275359480747503,3.2280773854340388
2021-08-02,4.315973660188978,3.0751740078812526,2.8672502026509448,2.738713498062793,2.5920801530937103,2.2711619730981845,3.2200704820368364
2021-08-03,4.351086341750189,3.0973314473543154,2.889573267029018,2.7615841697917887,2.613387760246402,2.287453584247419,3.2528489591267316
2021-08-04,4.329684662839775,3.083875151672887,2.8761354367246583,2.748586467353902,2.6004055846703387,2.2772221915856967,3.2422733579339043
2021-08-05,4.357103134708958,3.1008892680161178,2.893548911245076,2.7648999604900197,2.6157810929792396,2.289133236251699,3.265423702308232
2021-08-06,4.364303306305285,3.10529394686682,2.898133128274919,2.7692265469230843,2.6199960820761965,2.292412777224187,3.27229281898243
2021-08-09,4.360753491613738,3.102967530762199,2.895764367968814,2.7667165593998395,2.6175310298442525,2.2904506021293245,3.2680434953685915
2021-08-10,4.3661782740326,3.106538294116615,2.8993876316061544,2.770507080160369,2.6212460010997316,2.293365332553866,3.2739057852198594
2021-08-11,4.377026875206936,3.113841558372753,2.906898194055068,2.778823336818796,2.6293534104609493,2.2998609713798914,3.2860352179067096
2021-08-12,4.390144261212184,3.1227393769921514,2.916230871069901,2.7895038494572013,2.6397459425464858,2.308406359273442,3.3008069546160304
2021-08-13,4.398133994342474,3.1281499085596973,2.922035526552328,2.7962251145516834,2.646295034522496,2.3139105154032262,3.3080381120264244
2021-08-16,4.408489521084494,3.1352297779884757,2.9297745439343883,2.805332198081852,2.6551345645861097,2.321612130483851,3.319337008171557
2021-08-17,4.379591183476108,3.1142637357639815,2.9074467209930206,2.778904772976701,2.6295828225317908,2.298709914179536,3.299046679458573
2021-08-18,4.331656960569038,3.0733806557589682,2.8710053999893046,2.745111500713065,2.600000695606125,2.271682306632697,3.2603557305317645
2021-08-19,4.338363736511921,3.0790714854773835,2.8755585533409307,2.747982987059146,2.6022633306613785,2.273784720478994,3.262963130339029
2021-08-20,4.372884407533224,3.1098477347080467,2.9003265254254442,2.767062083300788,2.6180567778036306,2.2882946112062528,3.2851342089954785
2021-08-23,4.41135063767644,3.142619521754633,2.927265176708774,2.7879952948421174,2.6368950307888563,2.305234981128765,3.3179641199696785
2021-08-24,4.418353258278713,3.1487116110806466,2.931964782777444,2.7915987269728375,2.640419801489366,2.30837668285241,3.3237341393692392
2021-08-25,4.427624342490767,3.1568532805475917,2.938394900770466,2.796888665262662,2.6455843197723437,2.3129583276691967,3.331724277403259
2021-08-26,4.401488185366736,3.133168926133296,2.9195997665004376,2.779802936831819,2.628905633928939,2.2982082110709663,3.301652431051029
2021-08-27,4.440841628266992,3.1670843078613573,2.9477929538026446,2.8033616377570496,2.650222010043408,2.3164074166417232,3.3424660976271237
2021-08-30,4.460369945555732,3.1831188266380988,2.9612069803939893,2.8140413397848896,2.6609412005074176,2.325637939627765,3.3636790756671835
2021-08-31,4.453761463278185,3.1774831583461576,2.956557659010255,2.8099905283499966,2.656865766384645,2.3221860441606545,3.3572092751727505
2021-09-01,4.4561282205533015,3.17948546688583,2.9582174556457,2.8114120757713597,2.6582909767511125,2.3233953262940394,3.359416651078581
2021-09-02,4.469837617098457,3.1915450317073772,2.968355287747733,2.8210206917749567,2.6678001906693734,2.331335623679538,3.3749196525915117
2021-09-03,4.468753495789618,3.1904753918789632,2.9674956989566845,2.820104146783108,2.66689181272341,2.3305570912407445,3.373531750235392
2021-09-07,4.452775635634682,3.1753953734854257,2.9549264168244895,2.8071701913847904,2.6541661046120444,2.319753355996948,3.3575942143158897
2021-09-08,4.447351174436948,3.17036616112274,2.950578687708728,2.802954772268427,2.650134918155599,2.3163689838547583,3.351965494658977
2021-09-09,4.428314646696009,3.1529148283049064,2.9349264564480295,2.7878040130949806,2.635949068303061,2.304833281117616,3.3329855737007517
2021-09-10,4.393399516128853,3.1217247994614823,2.9060738471516707,2.762207199345586,2.6128743623213704,2.286136928750397,3.309206821308608
2021-09-13,4.4046438617335575,3.1310273123467804,2.9148891464138513,2.7684387600751656,2.618046756807835,2.290555470335702,3.3174664189289103
2021-09-14,4.380873177000128,3.111066282637269,2.895599812134905,2.753034530551196,2.604778551708281,2.2794318846194708,3.2972302166760405
2021-09-15,4.417466366742801,3.14104660827124,2.925096073141324,2.7752546149615536,2.6236652988025004,2.294720280137875,3.326121044926621
2021-09-16,4.410463424919399,3.1354909557832906,2.9196128468488434,2.7711806443752534,2.6198881265278615,2.291632991845414,3.3206088038401886
2021-09-17,4.367499456534301,3.1007624121376285,2.8854743650533154,2.744402366555318,2.5947574023876125,2.2718633625167497,3.285850589407597
2021-09-20,4.29467605692421,3.0407504695136462,2.8315402111747185,2.708035770606924,2.5636979909057285,2.2457175598768075,3.2291996315669156
2021-09-21,4.290618712849564,3.037694123581185,2.828796611665354,2.706309146264502,2.562261642181911,2.244468328719736,3.226534823350727
2021-09-22,4.332472862235541,3.0672478100062865,2.854955690735374,2.722794122593724,2.5755941362720205,2.2564432399973278,3.2555544444245017
2021-09-23,4.3851129746757875,3.104039449832903,2.8867735332566133,2.744058768418311,2.594099573889813,2.272756657525895,3.2792645754971486
2021-09-24,4.392336595414498,3.108536707573424,2.8908133447736515,2.74680262052361,2.596731840228581,2.2750675467478265,3.283634259836733
2021-09-27,4.379769461202448,3.1004803244843067,2.883403870462136,2.7411239760453796,2.5912514521928607,2.2702753639954856,3.273095198559151
2021-09-28,4.291509780260148,3.043132232041844,2.8302297812499604,2.697916208413335,2.549950854757329,2.236154968996128,3.2139375920160207
2021-09-29,4.29873307977773,3.0470873359368587,2.8336057310356564,2.699710928681985,2.5512497520939585,2.23750620221339,3.2177802157636766
2021-09-30,4.246191582223946,3.0167573285196334,2.806608704737663,2.6811633462448867,2.536058944150039,2.223015516860755,3.1842342145395923
2021-10-01,4.296654457854919,3.044685375389874,2.8315725977001476,2.697974969237167,2.5496524959597022,2.2352609387789193,3.2181903636187834
2021-10-04,4.241245098065489,3.0159308133404705,2.804936928255512,2.6791973551817305,2.5331233858458466,2.220536608898777,3.1879718260083756
2021-10-05,4.285375420368332,3.0381483381835372,2.825408029388888,2.6933268439582707,2.544991458134904,2.2308514586943846,3.206896722460755
2021-10-06,4.30318520461936,3.0466427044298996,2.8335678212095776,2.699314076849749,2.550292196367695,2.2354192797554244,3.21342815089484
2021-10-07,4.340388714506267,3.0642918675278294,2.851006748073073,2.713614022168765,2.5631650655221234,2.2464040981837483,3.22649377165967
2021-10-08,4.332472862235543,3.0606191143688832,2.847293008731997,2.71035012252862,2.5600455125380996,2.2437927309383663,3.221544698451615
2021-10-11,4.301107546359933,3.0461278526794016,2.832104175444032,2.695770312405807,2.5462848919443224,2.232682071284219,3.19666708068833
2021-10-12,4.290519455520847,3.0412109199170807,2.8269247290122688,2.6909167120178705,2.541877997797768,2.229170779752782,3.1902968218750196
2021-10-13,4.3059560580741865,3.0484019910052953,2.834653939194809,2.69865535621025,2.5488430491626373,2.234520770956295,3.201601053031537
2021-10-14,4.378384355696167,3.082094533483541,2.871920075523445,2.739380023741598,2.586020454136263,2.262818598957528,3.237323263488998
2021-10-15,4.411729678608126,3.0966172946814496,2.8874574253249814,2.7518082656355807,2.600013657197402,2.275129511874087,3.260997278070786
2021-10-18,4.424790208473621,3.1022176822401994,2.8936074004442145,2.7571345768912545,2.605954491798653,2.280221696387531,3.2686961377150863
2021-10-19,4.458927020246313,3.117192932002318,2.9101059977560833,2.7730595667742874,2.623592552078128,2.2951240020269865,3.2900742489005204
2021-10-20,4.476439996174565,3.1253886580903782,2.9186091685002835,2.7814879456417603,2.6330237459245174,2.303058236172942,3.3030775090021014
2021-10-21,4.488116062976033,3.130901822239851,2.924388539555434,2.7876270917741475,2.639844529151435,2.3087393189266603,3.3151402373675576
2021-10-22,4.483466065919222,3.1286486301161913,2.9219812997288623,2.7847096935404796,2.6366803683277764,2.3061097062764957,3.310546462582468
2021-10-25,4.507510109833043,3.140562332127349,2.9346127884401363,2.800294924087598,2.6533222001674517,2.3196598180378203,3.3233721597047023
2021-10-26,4.511566169023176,3.1425578970380665,2.9367628066884905,2.802962538461756,2.656172142761365,2.321989263917617,3.3258957384959604
2021-10-27,4.4915794691840025,3.132635986907186,2.925706775208524,2.788311070547447,2.6407873871730003,2.30883107928083,3.3076314902453383
2021-10-28,4.534917017741598,3.1579551351399866,2.9500655959039923,2.8177735073465104,2.6689676576704997,2.332524598636852,3.344483191323751
2021-10-29,4.544120003074401,3.163215048727868,2.955099448579969,2.8227486896927956,2.6744026806315904,2.3373868152228745,3.3540910727391506
2021-11-01,4.551936598016406,3.1680766937112352,2.9594850211904857,2.8275544464701112,2.6794592036071165,2.3418551483112466,3.3608117761634344
2021-11-02,4.570340320134112,3.1803277238988863,2.9701631442524725,2.8402527790147696,2.6926197657111453,2.3536031475451007,3.3793011380868085
2021-11-03,4.598243193465139,3.2023737645171346,2.9867129818026266,2.8604601441484134,2.7135127139247577,2.372286674045083,3.410041505262412
2021-11-04,4.619913734460145,3.220298649848576,2.999657489215356,2.875439539144521,2.7294159150884694,2.3867101859889983,3.4290660649140765
2021-11-05,4.635942989995649,3.2336017868366778,3.0093684613277323,2.8867824558789974,2.7414293049166765,2.3975979048556386,3.4464221596008673
2021-11-08,4.639900113078189,3.236924716297267,3.0117934869093568,2.8896536416067677,2.74445675252261,2.400347187877895,3.447692145927292
2021-11-09,4.624563410295828,3.2235575817968405,3.0019323019903736,2.8771956291395364,2.731654000935782,2.3882999487512335,3.432904575674834
2021-11-10,4.587359579187791,3.1886957721664926,2.977544162993595,2.848640584456376,2.703918921868437,2.363187297042968,3.4056201847544707
2021-11-11,4.588843299580538,3.1897466534268393,2.978466969169113,2.8490865548525632,2.704130978664727,2.36339627453939,3.4066698819225176
2021-11-12,4.623474470670061,3.218731950363615,3.001341883600442,2.8713722319549273,2.7237023515595413,2.381171034320537,3.4443919381185006
2021-11-15,4.625057769612658,3.2199345934776518,3.002353513263569,2.8722384567122163,2.7245946056708825,2.381985597629104,3.4445287279653627
2021-11-16,4.643363519286159,3.2389347732844747,3.0146266181086894,2.8843978817948246,2.7362682904938205,2.392497765875655,3.4615891973133963
2021-11-17,4.632083839357316,3.2271905334483626,3.0068712280410557,2.876337870513995,2.728396275229634,2.385492520531096,3.4506572827371365
2021-11-18,4.647816286570044,3.243618322959922,3.0178867720126794,2.8876902560477213,2.739260805934966,2.3946657707071966,3.4678910874774824
2021-11-19,4.639504689868952,3.2349175765156355,3.0118911300027387,2.8812883895507926,2.733066609591607,2.38937582563967,3.461322140885399
2021-11-22,4.626443196340072,3.221283196387307,3.002212389971794,2.871065277865664,2.723338775316175,2.3813152306740037,3.4468023488353703
2021-11-23,4.632577877453016,3.2275257576305565,3.006799271837508,2.875724755926325,2.7276453644529055,2.384761583053867,3.4506841015318477
2021-11-24,4.644946497007627,3.240404905114691,3.0163516245656066,2.8857213060923614,2.73700445672187,2.3925190626644297,3.4603831009336683
2021-11-26,4.54134850717732,3.1319969499458598,2.9339711506743917,2.7976562125872304,2.653648449063579,2.321545481406006,3.3928368568960656
2021-11-29,4.597056281395168,3.1676990046582643,2.9638695465052485,2.813033986981407,2.665501741886465,2.3319427412108658,3.428118300133923
2021-11-30,4.507609045940637,3.1107108649690147,2.917304859040238,2.7850540380293416,2.6415273472645997,2.3107880057262915,3.3835634351209336
2021-12-01,4.457541593518903,3.0836642904117233,2.8944054849806227,2.7718512423471173,2.6307209428599996,2.3010866761079845,3.358859282714128
2021-12-02,4.525814253400903,3.118910317104718,2.925009037975792,2.7906974208867696,2.646059970489242,2.3142744326271294,3.378226468155398
2021-12-03,4.486433185483592,3.1000186267586725,2.908248073759091,2.7798634223902976,2.636368928065194,2.305905565037878,3.3616445669744945
2021-12-06,4.539568620904054,3.1253422607542456,2.930974753088468,2.7956697340863883,2.6502234140006538,2.3173684170848112,3.3767748644183784
2021-12-07,4.6334689448636,3.1682485730350063,2.970359335577787,2.824765137060928,2.677180954027109,2.3396383626845396,3.4146418013469533
2021-12-08,4.64573830708949,3.1731592997831686,2.9749237491638665,2.827890610206526,2.680573639416206,2.3425917352070282,3.41901501879785
2021-12-09,4.614372669992751,3.160366981008491,2.96267118738623,2.8182061045353364,2.6703645859851584,2.3336977718507455,3.396097484077334
2021-12-10,4.657809475879068,3.177984752924281,2.9799311390366388,2.832667400524294,2.6849706890096234,2.345746528960169,3.4274921176035607
2021-12-13,4.6165492643597705,3.161347145438231,2.9635004629674624,2.8180056614246483,2.6697347872202646,2.3332885791497846,3.4017560510535922
2021-12-14,4.584786597948152,3.148719582421082,2.9507186589822654,2.8065047493200783,2.658656970573785,2.324408967066864,3.3767726678685333
2021-12-15,4.6564240491516555,3.1773041864822806,2.9800609983884416,2.8339187320037644,2.6841137708356264,2.34408782404616,3.4160920915039017
2021-12-16,4.615361388626414,3.1617566120711595,2.9639748384704627,2.820036936512672,2.6697660935543372,2.332446753655371,3.395649173825961
2021-12-17,4.566240253649372,3.143349814993888,2.944551202516974,2.8029330623023823,2.6532047156560576,2.3193173542109213,3.3764432938703224
2021-12-20,4.51768671640647,3.125398077174795,2.925330851873795,2.786254494143195,2.638060185073303,2.3073311973737485,3.3571625007141797
2021-12-21,4.597914905471771,3.1547784501412357,2.957134279432167,2.8135837979624996,2.6617946686006113,2.3259793122911767,3.3979613171681042
2021-12-22,4.643888715831331,3.1705122187013037,2.974224996706068,2.8271701116933734,2.6754136207520007,2.3371246148250995,3.4214117351830575
2021-12-23,4.672783198786175,3.1802257694839007,2.9850000401110584,2.8363232886890914,2.6847760971755954,2.3447680118103666,3.436214937297105
2021-12-27,4.73891363496191,3.202295469402377,3.0100994653071043,2.8598140355275543,2.7090483250704946,2.364378778989215,3.476772155267152
2021-12-28,4.735040671815048,3.201024603217195,3.0086492882544236,2.858473145327992,2.7076273429734234,2.363173110838193,3.4742309652657344
2021-12-29,4.741097938636014,3.203093959712932,3.0109298449607196,2.8606766381266375,2.710040323032054,2.3651565494308864,3.4782398822307106
2021-12-30,4.727990510485752,3.1983572165155865,3.0057560551734386,2.854751995869944,2.703632251011528,2.359884743922341,3.4682219121594207
2021-12-31,4.716075455164647,3.1935978646757346,3.000910657644288,2.8488472304489836,2.6974616166890657,2.3550783866543927,3.4593893361353283
2022-01-03,4.743381820859968,3.204695583436247,3.012259205936466,2.8632457239949605,2.7122284229951106,2.3663143954255355,3.478894908774827
2022-01-04,4.741792418715931,3.2039904482165644,3.0115657853021305,2.862307465611974,2.711234869783754,2.365548441051019,3.4777069667635208
2022-01-05,4.650740683724319,3.164421694532707,2.9717115174733193,2.8064403743013155,2.653805753598142,2.321674414660558,3.4081384856218055
2022-01-06,4.646370791491598,3.162583555413138,2.9698702881268626,2.8043554441737535,2.6518080477258335,2.3200537614584262,3.405501765338525
2022-01-07,4.628002082476903,3.1543811266608945,2.9622608250506675,2.797385762745826,2.6460992738463394,2.3148271721536315,3.393882284264475
2022-01-10,4.6222425876420985,3.151838056453022,2.9597937663260656,2.7949136476598833,2.644054823034145,2.3130970499002372,3.390397704477968
2022-01-11,4.664343113633668,3.1706254103614153,2.9781735469388155,2.814468061126273,2.660362265003717,2.3268222953984106,3.408452675442758
2022-01-12,4.676953933919202,3.1762458660150217,2.983676819059462,2.8202441318737015,2.6655565708081204,2.3311596429322656,3.4131102656392787
2022-01-13,4.612512478437355,3.146878901864498,2.9547406340737403,2.786851770464362,2.6349900390219845,2.3058248173878453,3.372955804608397
2022-01-14,4.614397725240783,3.1476641405859964,2.9555152672341856,2.78725860125389,2.6352236929221946,2.306096277934279,3.3733626370190923
2022-01-18,4.532678748917908,3.109212062182144,2.919025007828729,2.7513725198242964,2.605195597583912,2.279353430417339,3.3216559646433326
2022-01-19,4.48561375038468,3.0882979232118752,2.899463031329356,2.7363430567128733,2.5931493837252426,2.268255474107487,3.2958473160705126
2022-01-20,4.43596677642021,3.066194390349203,2.8789131532744148,2.7204369878382035,2.5804268368725305,2.25715053588411,3.276657414729209
2022-01-21,4.348885655798539,3.027361677343159,2.8430220729690703,2.6924701852064,2.558057779727895,2.238366888578499,3.2567970881052557
2022-01-24,4.367353943363082,3.0357504071569035,2.8500086990596736,2.697218096607025,2.5617994253159653,2.241647054184279,3.2630325242533225
2022-01-25,4.314033805793707,3.0107278345143227,2.8291089090405985,2.6808607870360235,2.5487382431195957,2.230139549296677,3.2489144592839003
2022-01-26,4.303210259867396,3.0056134865673525,2.8248871023121396,2.6775605298576197,2.5461039750255887,2.2278864372132654,3.2465078596500976
2022-01-27,4.28196148221417,2.994339133299145,2.8163388747460965,2.670033054019622,2.5400418641385754,2.2228462443735495,3.242701563570172
2022-01-28,4.388305912693533,3.0505576455422645,2.860079832937067,2.7110812029728604,2.5733461021374273,2.2495018436474465,3.263194764233965
2022-01-31,4.467343977477577,3.0834326386041027,2.8882795322291366,2.731670192543614,2.5951667442954243,2.268926514872401,3.2743341313558947
2022-02-01,4.497529448148042,3.094799835906487,2.898541363110045,2.7392867805803043,2.6036466371090583,2.2765764490935174,3.28292866459945
2022-02-02,4.541218412620265,3.1110461186885137,2.913689984419128,2.7517176492095063,2.6175056957406144,2.288927117759083,3.298492266485436
2022-02-03,4.434477916489406,3.072034060838831,2.8764409739011443,2.7186696641484867,2.5801993552838285,2.2561977650435217,3.253471432169393
2022-02-04,4.455329343606623,3.079133779901717,2.8831088096950404,2.7234292514800917,2.5842181965559714,2.2600548928272453,3.260779240165026
2022-02-07,4.441031148732845,3.0740265276558345,2.8783588707929493,2.7194539681154604,2.5806936445375697,2.2567087833021584,3.255604068064803
2022-02-08,4.4775713369893095,3.087026325037674,2.890799220759842,2.7307718583588847,2.5907246924023375,2.2658816867930245,3.2705296762250544
2022-02-09,4.543104944308208,3.1098710000856573,2.9134137918893903,2.7530152260819416,2.611028824624627,2.2841273105354003,3.3003473827739804
2022-02-10,4.461484904092924,3.082640600880564,2.885837898702748,2.726816615992567,2.584788633450854,2.2604762029204535,3.2632726700006947
2022-02-11,4.373510467512769,3.0537386265783057,2.8569448684239784,2.702604946472282,2.5634590409417206,2.2410174886566154,3.2367293378795803
2022-02-14,4.3592125938601205,3.049140357788953,2.852383995268919,2.6990486083293628,2.5604721799330026,2.238308927768521,3.2324593989817716
2022-02-15,4.429512480284365,3.072012336720507,2.875323389400914,2.7187226248410936,2.5768958244395503,2.252910050578455,3.25680439335827
2022-02-16,4.434477916489408,3.0735176707563725,2.8768909537014773,2.7200723570702317,2.578102000720724,2.253984575991515,3.2589112141781498
2022-02-17,4.33975076934499,3.043215333896047,2.8457996236926415,2.68987381151431,2.550336528291311,2.228854102973329,3.218743694996983
2022-02-18,4.311650987462165,3.034473917777009,2.8369580975486337,2.6826110879132585,2.544211629639659,2.223187804979224,3.2078264373035337
2022-02-22,4.265379405116443,3.0199471694910693,2.822057000325153,2.6693694266242334,2.5331503205410324,2.2134090358000673,3.189921383235007
2022-02-23,4.189717374393403,2.995232182603422,2.7973537846517527,2.6468161288941436,2.5144730104725133,2.1976018077371307,3.1632929568463246
2022-02-24,4.252768906052038,3.015355910790151,2.817527401972347,2.6636914214680307,2.5281408226616158,2.209277111869819,3.1876397789028617
2022-02-25,4.34660177357459,3.044550592824909,2.8470810038895933,2.68917947482587,2.5504840459960176,2.2285081188212823,3.21896271901701
2022-02-28,4.335481419325504,3.0412772934744767,2.84375059677605,2.686451326563971,2.5478054721660333,2.226104167333697,3.214534903322026
2022-03-01,4.269450240478489,3.0219785171737854,2.8235259139810154,2.668042091154034,2.5294510604592895,2.2101327170724305,3.1885441518034954
2022-03-02,4.347992339840059,3.0461798725221163,2.8475424106590608,2.6891326035267906,2.548702460567394,2.2266461077595445,3.2200147179893586
2022-03-03,4.326345569208567,3.039580295070985,2.8411211979779334,2.6835912789499563,2.5431698234484634,2.2217908674970905,3.2119723093128294
2022-03-04,4.291195947217573,3.0287569778166623,2.8303891069841374,2.673323981888687,2.53307081240759,2.2133349401898976,3.1989974066501277
2022-03-07,4.164694569700907,2.989112369669572,2.7908817973779487,2.6335237980914163,2.4952338610359,2.182922378098927,3.151549567845205
2022-03-08,4.1331198176494865,2.9793782377276896,2.7818315123495467,2.6266272804525173,2.48943041857626,2.177604915641097,3.1395019555218893
2022-03-09,4.243932112805777,3.0137837089739525,2.814202951210023,2.653146984940716,2.511414696581535,2.197380636992776,3.1669474304450222
2022-03-10,4.224768060276806,3.0083777262277986,2.8089952862434804,2.649148018453619,2.5076092384884987,2.193808455560235,3.159455783641453
2022-03-11,4.1710508933925485,2.9931738835197375,2.7940354571756187,2.6363315725019896,2.4953169212527135,2.182662655624279,3.1408146437698083
2022-03-14,4.140566687072537,2.9842583726636396,2.7854146484610505,2.62864791723039,2.48827376861614,2.1765457691829053,3.127685177175495
2022-03-15,4.231619385727535,3.01150154704996,2.811853923634802,2.6541781793576544,2.5114449736606366,2.195840851900336,3.1676288717930987
2022-03-16,4.325451932028957,3.0383821123208175,2.837822789904361,2.6771617814203807,2.5350336883830717,2.2163933126932824,3.199995103942218
2022-03-17,4.379566770670354,3.0529110263152353,2.852135313103154,2.6892845565992007,2.5484196144958173,2.228519289714953,3.2200241212362912
2022-03-18,4.427536006680433,3.065838013626454,2.8648793884656163,2.7008784691301155,2.561357347709452,2.240169967562339,3.242903330666589
2022-03-21,4.426241485532398,3.0654885100401392,2.864523232657314,2.700486786979208,2.560910273112334,2.2397779457947387,3.2419915468435936
2022-03-22,4.478034537856674,3.079831549638804,2.8788325185912726,2.7162416147881414,2.5785532038621914,2.255396539893435,3.258807193317109
2022-03-23,4.420364102543418,3.0640073478165633,2.862795095620995,2.698022561944683,2.557771713143764,2.2370924809957535,3.2338877968161865
2022-03-24,4.486998534669841,3.082319441265228,2.8815681223690435,2.718343237608774,2.5776879274555613,2.2543771477659473,3.262404924030048
2022-03-25,4.508911597616896,3.0884320048051013,2.8876774764697593,2.7247790280747455,2.5844426591874967,2.2603035165786123,3.271786011848418
2022-03-28,4.540983921196433,3.0974994425484508,2.8968264295279873,2.735427001882314,2.595619377962734,2.27001802517387,3.288977519723005
2022-03-29,4.597159714598571,3.1139459767476594,2.9131750452875935,2.7559598657605098,2.6173509651533826,2.2886091568959754,3.315071095391214
2022-03-30,4.5687727610268265,3.1057431919422447,2.904905753877764,2.7458856233836513,2.6062333510747457,2.2789671872230866,3.29700068566412
2022-03-31,4.4984536013348695,3.084729583783906,2.883837564933384,2.719190792686995,2.57850243895663,2.2561994991535923,3.259430402362417
2022-04-01,4.511203189147934,3.0885303769345573,2.887639970976632,2.723089993243698,2.581874600365913,2.2591715720496484,3.2665229450152578
2022-04-04,4.549847697017492,3.100108959256982,2.899494152470986,2.7370280050121467,2.59439653952502,2.2700602675814174,3.285894051187203
2022-04-05,4.492377703688448,3.082806379210502,2.8815882546694165,2.7149679984244046,2.5737467287148696,2.252342579744655,3.2514282773909104
2022-04-06,4.447456534967127,3.0674277555408938,2.8674979816358785,2.6993779040631294,2.560082783844646,2.2406722147757714,3.2320899893748587
2022-04-07,4.469867169442299,3.0750188553908324,2.8746395164200123,2.707115113616205,2.566682521891317,2.2460781543832113,3.2439388047916533
2022-04-08,4.45791549491254,3.070519549076108,2.870717248378718,2.702393571339212,2.562578856481252,2.242716380018331,3.2385672840173005
2022-04-11,4.381719273452731,3.0421392572613835,2.845031438283331,2.6693265324497766,2.5338259483577135,2.2199656876839353,3.206429014783518
2022-04-12,4.36548411517383,3.0361892984469128,2.8396612492969258,2.663871321305182,2.5292866372162632,2.216104490370419,3.1980159101416827
2022-04-13,4.415484111158569,3.05465454153109,2.856610774253227,2.6818356828883276,2.544149906686977,2.2285070416670743,3.221873133606471
2022-04-14,4.360503581575745,3.0332455278183783,2.8379873649678333,2.662092616140926,2.526407987121681,2.213711730371015,3.1949182668581413
2022-04-18,4.362295995473024,3.033937982055618,2.838594661560072,2.662636526597263,2.526845276573873,2.2140694993434473,3.1956123173834703
2022-04-19,4.432715054935958,3.063851507028018,2.8632501469299627,2.6896409143620357,2.5500996143415957,2.2335798946938077,3.2335991599126883
2022-04-20,4.42942832034869,3.0624765614253056,2.8621161458291544,2.6884379719597398,2.5490190589292863,2.232629526599159,3.2318317279952544
2022-04-21,4.363192844863921,3.0353500895531687,2.838921164399237,2.663171264087001,2.5241217883712808,2.21138560084601,3.1970356632463672
2022-04-22,4.2434705180440595,2.9866402637527307,2.79756278477595,2.6243630339955137,2.4898423489503325,2.18137018819508,3.1467246805334987
2022-04-25,4.268072201837033,2.9956401937624384,2.8051185573321535,2.629550521553606,2.4940300555379538,2.1853763697884463,3.1571385967309085
2022-04-26,4.144465347909683,2.948129639855551,2.765868511660202,2.598287329072576,2.4683150078995624,2.160804272574932,3.113899809762376
2022-04-27,4.156118608011024,2.952132293998692,2.7691659168647402,2.600449074747685,2.4700401638652294,2.1624638579375928,3.1198624986559333
2022-04-28,4.261101060905358,2.9892989412228372,2.80034254570014,2.6243628583878684,2.489266881834112,2.181426354057414,3.164805333008059
2022-04-29,4.103628505837807,2.9385099222500215,2.75683430919332,2.5922565893339287,2.4595696117035613,2.1517057407722997,3.120792503385762
2022-05-02,4.128330089401759,2.9455700613215465,2.7628307668600995,2.595984163956141,2.4626488497747516,2.154796745200394,3.128887422293081
2022-05-03,4.1472541897477075,2.9510249626793152,2.7675774751973115,2.599338818371798,2.4654614920020395,2.1576863676339197,3.134145087053334
2022-05-04,4.2735506281843625,2.9872316832923342,2.80016116612739,2.625675533966624,2.487589934650361,2.1808738831408045,3.18451335922558
2022-05-05,4.121656078013989,2.948125820498564,2.764128092907099,2.5987438396593827,2.461209539764547,2.1527404489431716,3.14443267162185
2022-05-06,4.097055036663272,2.942094970759327,2.7586351788008496,2.59499602046018,2.4579231407705304,2.1493667597699413,3.1380338147620392
2022-05-09,3.96587796439951,2.90994877731503,2.7286255496213156,2.572094382995261,2.438158991570409,2.12942538674895,3.0918431102818533
2022-05-10,3.9750411183123733,2.9121148010055338,2.7306180862414813,2.5734985760363687,2.43930783044962,2.1305436763874814,3.095322619544508
2022-05-11,3.911893862757432,2.897106116725285,2.716282664462947,2.561795215805153,2.4296324684788217,2.120661636293403,3.0775187794961822
2022-05-12,3.907809857329116,2.8961223158786105,2.7153339510903494,2.560959707212749,2.4289489919894005,2.1200198249929034,3.076384366085758
2022-05-13,4.001236701345186,2.9186001514800206,2.737622993162895,2.5825904175029097,2.4467082617678098,2.137380930239498,3.102792473276261
2022-05-16,3.985001543066285,2.9148724341999945,2.73387108219166,2.579101239414683,2.443472951358958,2.134180437602649,3.0973832871745755
2022-05-17,4.0669749265229695,2.933737130172032,2.753372472503616,2.5992379225130144,2.4621102814184948,2.1520333645301957,3.124560294278647
2022-05-18,3.903028480830729,2.8977591063750965,2.71514734545627,2.5610196521524897,2.4235094486060884,2.114802585686992,3.0659683150012373
2022-05-19,3.8791232044444395,2.892603019374907,2.7099637946448767,2.557061073971673,2.4201088306250824,2.111412439110227,3.0572445179839387
2022-05-20,3.8808173246763835,2.892968411463735,2.7103277590663346,2.5573256007597753,2.4203308694767247,2.111635351862179,3.0578562478651135
2022-05-23,3.9534277546782493,2.9086867970930608,2.7269249450585233,2.5729745347797093,2.4334315764985033,2.125064747132882,3.077186997223543
2022-05-24,3.9232477447669702,2.902232643452842,2.7200906270253817,2.5663432848882732,2.4274438190447905,2.1189662907722586,3.0670401144813897
2022-05-25,3.9579097530848326,2.909713176744255,2.7281744365847005,2.574896014624874,2.4350651808474875,2.126306321319598,3.0783668227044
2022-05-26,4.036994073711386,2.927188709757176,2.7469712125970944,2.5967488181686997,2.4548803498663485,2.1451664229073892,3.1045540235957616
2022-05-27,4.136098822395612,2.9482661343129655,2.7701147984386516,2.6219396322328365,2.4802196313574956,2.1695030727629425,3.1371708093521407
2022-05-31,4.11289155952165,2.94340118366434,2.764885271083874,2.6167502610123408,2.4745359510668705,2.163871468177743,3.1260101494799235
2022-06-01,4.079623972122799,2.935788277225078,2.7571484580538144,2.6083238157180206,2.4655735040275335,2.155577182402217,3.1151706226411293
2022-06-02,4.157314193051469,2.953554390599064,2.7757223320719193,2.6298030724622876,2.4875857404402435,2.174827303837217,3.1417791173350653
2022-06-03,4.089086182906337,2.9384645717931885,2.759655009188161,2.6121226118847933,2.468225773542512,2.157503312941596,3.118588641045526
2022-06-06,4.101537035069855,2.9413572699770554,2.7626290502670825,2.6152551228061967,2.471216857543972,2.1601178640032983,3.1241994974838607
2022-06-07,4.1408795564517415,2.9513489243851287,2.7722856283057036,2.6265927932703494,2.482201385191615,2.16983966868007,3.137880012491868
2022-06-08,4.095859130401702,2.939979288909272,2.761037848307022,2.6124598179079754,2.468236932757764,2.1575899669442324,3.121865259924705
2022-06-09,3.9984481807282917,2.912978069133013,2.7361092281224657,2.581362476097637,2.4391444066656733,2.133111697612128,3.0678886686729094
2022-06-10,3.8825101600238154,2.8821312498692073,2.7069347421978796,2.5526400801773677,2.414605928554427,2.1110498954045145,3.019670738459454
2022-06-13,3.735098250702281,2.8440740429625744,2.671164573655004,2.523032528408848,2.39020762616546,2.0885504051699404,2.9579877571172473
2022-06-14,3.7238429835792064,2.841324522575919,2.668581006152304,2.5211387011301327,2.388668203241019,2.087099918002962,2.9534133818903223
2022-06-15,3.7769321631571593,2.854682464440724,2.680944770206151,2.5309839075155063,2.3965926100496584,2.0947518113611814,2.9732358966278976
2022-06-16,3.651930567089668,2.824077973611325,2.6516616204232877,2.505571622146567,2.375603353027709,2.0742393242600747,2.9407541127051786
2022-06-17,3.6598030545080396,2.8260021750674142,2.6534134227729878,2.50688576066013,2.3766661991169964,2.075255410402735,2.943465284765181
2022-06-21,3.7519334500493047,2.8507453978082835,2.674811357293812,2.5254541167963978,2.391660912672259,2.090204265343372,2.976376919888973
2022-06-22,3.7451315926523727,2.849011490135033,2.673276757475666,2.524126529471087,2.390463980390665,2.0889986965045435,2.9732708965849395
2022-06-23,3.78184299177035,2.858246323573297,2.6817729918232067,2.5323025349524824,2.3976922146257653,2.0962914498396787,2.986491059358196
2022-06-24,3.9020828058282966,2.8888885746871766,2.7100927666213526,2.5621911890492783,2.424420823331709,2.1231390918156388,3.0307031362204095
2022-06-27,3.8871781454638272,2.8853787361100713,2.706796985956584,2.559155491434204,2.421292593328262,2.1198931333108733,3.0234679533560422
2022-06-28,3.8077517243353736,2.8667045017297026,2.6887622177396735,2.5410377043450256,2.402423639717284,2.100928333826262,2.981484221844046
2022-06-29,3.8046506555604043,2.8659565199643833,2.688049847251431,2.5403343973144112,2.401717726906156,2.1002325132315325,2.9800835739078426
2022-06-30,3.773740188802814,2.858116360077398,2.6807276119539307,2.5323821105896056,2.3942868419739045,2.0931216026613733,2.963124759929647
2022-07-01,3.813654162572381,2.868253216571057,2.6904450279574674,2.543424544680169,2.4044687157119795,2.1023135977153786,2.978515599843871
2022-07-05,3.820855619053223,2.8700406170338857,2.6922148887686297,2.545528010497727,2.4064476493916573,2.104088180809681,2.9810452141098285
2022-07-06,3.8337600354502452,2.8733446773293125,2.6954838733843145,2.5498225500721636,2.410505748950278,2.1077563016713414,2.985940982332462
2022-07-07,3.8911792758409796,2.8882160455793806,2.7104886488153124,2.5716752784591446,2.431141164005355,2.1264104442762264,3.007707593821584
2022-07-08,3.8879789497372896,2.8874014569828366,2.709650020235733,2.5704928850250517,2.4299530496970823,2.125329864039242,3.0065123897490262
2022-07-11,3.8435646679568123,2.876104611251556,2.697674793959698,2.5526484275058383,2.4115973571296174,2.108982224230926,2.9862202176018893
2022-07-12,3.8095528112031234,2.867397540115924,2.6883010329295227,2.539662306122388,2.3993953885322883,2.098413876211445,2.9684435063200008
2022-07-13,3.7895452319905933,2.862062671112575,2.6826314467793315,2.5318726037257324,2.3923766480218274,2.0925963255590316,2.9597057384277585
2022-07-14,3.78034256787892,2.859414950406994,2.6799333012369,2.5279469301547453,2.3888850720892667,2.0898595443915617,2.956027953432319
2022-07-15,3.852566568863147,2.883256592772036,2.7016499806070615,2.5615200003175302,2.4187626218304747,2.1128983773115233,2.9824035745562036
2022-07-18,3.8207560405033747,2.8731662195842,2.692343487127457,2.5500227584423265,2.406559252962182,2.102810184160695,2.9677590392944824
2022-07-19,3.9239904080161696,2.9063040649082903,2.723302557229302,2.5883559996476744,2.445202579272031,2.1336897906043144,3.001898889749668
2022-07-20,3.948998115315625,2.9148375806941655,2.7302034306669607,2.5946989881852707,2.4529148273111434,2.1407639189547614,3.010875378870063
2022-07-21,3.9892114671769954,2.928586323693916,2.7415907982252907,2.6064191940900754,2.466862195575682,2.1532901375711195,3.0310977800341257
2022-07-22,3.9521990838615717,2.9151778834683233,2.7309680022802887,2.594793202450911,2.45293674740613,2.1409511093093267,3.014970444499328
2022-07-25,3.957001018512185,2.9168747663011896,2.7323679898248665,2.5963446960844774,2.45461736466714,2.1423363403328053,3.016380754240801
2022-07-26,3.9101849663535795,2.900074641436726,2.7181755126632403,2.578763404000748,2.4356645526617178,2.126170664428351,2.991631696809693
2022-07-27,4.01171846799073,2.9415022367121417,2.749412737861348,2.615226219962339,2.4706327071686887,2.155599166573426,3.0457534990373
2022-07-28,4.062035509229343,2.9597798045583055,2.7637055415872136,2.6282680118832102,2.48576539174947,2.169606362216963,3.0711362844296355
2022-07-29,4.121255515266698,2.9827674211646613,2.7806082503866456,2.6446034725288867,2.504850899163311,2.1870206357519724,3.0934020961416353
2022-08-01,4.109051360929903,2.9781218273942494,2.7771442621876403,2.641180787355827,2.50073610642574,2.1832792777570993,3.086460752465887
2022-08-02,4.08194190378638,2.9676258033883656,2.769189330354993,2.6325324493844047,2.4906025625357793,2.174498489415813,3.0721587765444887
2022-08-03,4.145862659818858,2.992155935001325,2.7884235072909287,2.6544306409988994,2.5148217347884496,2.1944148727042943,3.0939077578498044
2022-08-04,4.143061932799079,2.9910952096081247,2.7875886221253614,2.653490208874479,2.513767517561718,2.1935111420915576,3.0922927428698226
2022-08-05,4.136059954639063,2.9884955852821595,2.785425277884504,2.6508489747460007,2.510725263293153,2.190979297037298,3.0883713667262187
2022-08-08,4.131258341209579,2.9866657194725255,2.7838885153956823,2.6487908434174123,2.508404119017017,2.189121200012264,3.0857828097532445
2022-08-09,4.114853256953677,2.980461700813082,2.778519812485018,2.6411757701095993,2.499913425307151,2.1824087614111325,3.0785055278265694
2022-08-10,4.201281013799889,3.014140386037956,2.807536250989095,2.683551371590872,2.5451354710909357,2.21693858413471,3.134437515144892
2022-08-11,4.201281013799889,3.0141233979372872,2.807503231266481,2.683225146723302,2.5449047408028616,2.2168807270425224,3.1343086218870493
2022-08-12,4.272404511197722,3.041382635520043,2.830718825446658,2.7100375435347623,2.5776238000241354,2.2460766276083897,3.1719732953676525
2022-08-15,4.290009998810995,3.0479883934977114,2.8362919236149877,2.7157524656537815,2.5849285008420395,2.252972467374996,3.181252070056081
2022-08-16,4.298412822312594,3.0512173055234024,2.83900878073069,2.7187786166943084,2.588737751076842,2.256501568683584,3.1861287784204904
2022-08-17,4.267903560744556,3.038972202321553,2.8287590310957156,2.7059129511133952,2.5728819373241745,2.24191265933819,3.168993780515163
2022-08-18,4.280307514623306,3.044263258357454,2.833003777266999,2.7112040489359335,2.578580606041626,2.24680314930879,3.1747701907989043
2022-08-19,4.222788374461595,3.0194298184912696,2.8126742500008346,2.683643602518559,2.5487245002724985,2.2210109806324265,3.140867788804288
2022-08-22,4.134859872502822,2.983147243000723,2.7817148660796147,2.6491231104963484,2.517280154089013,2.19286209399376,3.0898796963451995
2022-08-23,4.124856404117686,2.97924042336345,2.7783218881570555,2.646016881528789,2.514645559620711,2.1904402784217125,3.083082678552483
2022-08-24,4.138060841048769,2.9842958602036895,2.782862483429793,2.6502577784863646,2.5181610697064394,2.1936424540190873,3.092270554131765
2022-08-25,4.196479721591534,3.0074563070876414,2.8035793677880854,2.6717550898037294,2.5360677523829898,2.2099438993281026,3.1286692853988174
2022-08-26,4.05443316878008,2.9464488522285603,2.7540400371741276,2.6222290897357627,2.4901107439355457,2.1683518486617754,3.024813199156123
2022-08-29,4.027624053391747,2.9367904355454164,2.745969989827793,2.616427468379394,2.485333564502659,2.163726801418151,3.012688474780715
2022-08-30,3.9834102135954823,2.920590339364271,2.7324681376893976,2.6061389885221398,2.4770152742196396,2.155848760605967,2.9868997020677335
2022-08-31,3.9531001091271416,2.9095872589059724,2.7230489475347706,2.5986260280900115,2.470951335357821,2.150395557868524,2.973773186570361
2022-09-01,3.965503741784763,2.9140938779749486,2.726987095730838,2.6019538569339433,2.473640995842186,2.152750788440929,2.980698631455094
2022-09-02,3.9236900662609826,2.8981993061299045,2.713275290102652,2.5889839616453436,2.4631146550153176,2.143397779553476,2.965048713126841
2022-09-06,3.9088853056674906,2.89260700054835,2.708339772089044,2.584259534123642,2.4592892431918374,2.1401556888877162,2.9604352953292805
2022-09-07,3.979108099020885,2.9191417750333026,2.732415805344998,2.6090880771321197,2.479481163837507,2.1568748619446385,2.9839066188904138
2022-09-08,4.0051167313568845,2.928255936078655,2.740997576587378,2.6171742365695745,2.487123597380035,2.163316831534095,2.9929811708019014
2022-09-09,4.067336942734846,2.9499020407291536,2.7619663507407215,2.638643660114272,2.5075218420937384,2.1805073394613332,3.0122725649712128
2022-09-12,4.11105224733961,2.9654433719799194,2.7763906627893604,2.6527932426408642,2.522193931192539,2.1930199123936123,3.0333526054218507
2022-09-13,3.9322930105256644,2.903452478607951,2.7171159423788462,2.5924234432356,2.457743076803054,2.138341557092072,2.941716710391111
2022-09-14,3.9472982131033687,2.9078369935807866,2.720917050770096,2.5946341038992893,2.459356580079611,2.139958674640611,2.9487762920295073
2022-09-15,3.9024824049122104,2.8944402370600644,2.708782016078823,2.5858914456545716,2.452276299338413,2.1329456734986167,2.9276218573637607
2022-09-16,3.872711630718696,2.885490733051071,2.700543875516946,2.5795169190666734,2.44712185782897,2.1280860797173964,2.915402191043476
2022-09-19,3.9027442001319748,2.8945565065918437,2.709070347198304,2.586610217496233,2.4528622219537124,2.133359171081234,2.9292156434890173
2022-09-20,3.8579460591028876,2.8812195276782853,2.696082701171049,2.5747149323921708,2.4430873148874563,2.1243003904783495,2.9052638035002563
2022-09-21,3.790648626567149,2.8609848337616426,2.676203437342958,2.5559960050592223,2.427793011535113,2.1108523713006244,2.870156482026406
2022-09-22,3.758807903421293,2.8511998634899824,2.6668084695717496,2.5475375530465287,2.420961159497559,2.1049733666723194,2.858454147554436
2022-09-23,3.6958296101799655,2.8317882410012607,2.647738502278098,2.529329431137338,2.4062530200942307,2.092743154875458,2.826990886831484
2022-09-26,3.65926790010789,2.8204922980156395,2.6366632963001404,2.5192111661258734,2.398136582617806,2.0860499766017426,2.814503792544151
2022-09-27,3.6499267896898133,2.817445718914554,2.633760607909066,2.516423313575491,2.395898687634581,2.0842630908177306,2.811046613911018
2022-09-28,3.7217438035041743,2.843091648465505,2.656696921219062,2.5402886215730667,2.4151248954730304,2.0996828663135902,2.836949055659015
2022-09-29,3.6440005810892937,2.8173980064150004,2.63272394836955,2.5172213642842705,2.3937114670149495,2.082033243788612,2.8087419449787006
2022-09-30,3.5876519707199988,2.799081945679382,2.615680255638921,2.50251422934015,2.380936808772371,2.071230107186031,2.7892971858078663
2022-10-03,3.6823701236728192,2.829728253013534,2.6444989827135847,2.5273409646814877,2.402006164351017,2.0886438701882195,2.8254491754740076
2022-10-04,3.796474292954435,2.8630842079930137,2.676800014326617,2.5531653286083795,2.427277228083601,2.110371376964269,2.869897957643286
2022-10-05,3.78763589360253,2.860709566490862,2.6744787349429053,2.5514052064041874,2.4254000461253664,2.1086698249104523,2.8671373210847166
2022-10-06,3.7485631979686214,2.850391670024514,2.6640416073679423,2.54276371851135,2.4160277915301167,2.100204063514978,2.853235211631164
2022-10-07,3.644000581089295,2.8218410388955615,2.6354296930111527,2.5176145700293833,2.3898994951822043,2.0777318484608873,2.8134490160370844
2022-10-10,3.6161780130404035,2.814385782703955,2.628081240837654,2.5118032739740377,2.384588160666285,2.072962070075737,2.8059500464478497
2022-10-11,3.593276873901944,2.8080192762723195,2.6218625346904405,2.5064699996228215,2.3798207285676027,2.0687837025249247,2.7985034837465084
2022-10-12,3.581424777922033,2.804631454570757,2.6185380004409295,2.5033554641601867,2.3770610727530386,2.0664261061902565,2.794250992397775
2022-10-13,3.675942488890642,2.8357949527555553,2.645781023053461,2.5309373911673543,2.401403979207174,2.0870834338626074,2.831022497953811
2022-10-14,3.5921721944408787,2.8107201328537057,2.623077331245018,2.510602872431171,2.3805871160080505,2.06857794323738,2.8061251640798925
2022-10-17,3.6844799040451006,2.8378753901524734,2.64776446945972,2.531320085247704,2.3996520127632257,2.0855400184359265,2.8374660757788295
2022-10-18,3.7277708755390573,2.849581313415413,2.6587653294300506,2.5402979613701606,2.4087454106937156,2.0938154538897855,2.849384481894452
2022-10-19,3.7013542923698055,2.8425197588026068,2.6519679235735003,2.5342732316041623,2.4025807001903483,2.0881871745666096,2.841463346582789
2022-10-20,3.670317264487568,2.8341449206508713,2.64373399749953,2.5263827024959564,2.3946856283879585,2.081293280628172,2.832859680427457
2022-10-21,3.7595113776928066,2.8587272356834217,2.6680328246568044,2.5510332240638465,2.41873630095906,2.1014747860206056,2.862624600446642
2022-10-24,3.805514097953937,2.870673247660897,2.6799886853962693,2.5620853911773027,2.4307576671310045,2.1119988217919197,2.8775041166825988
2022-10-25,3.8662833534942633,2.8865599511382762,2.6959144478081196,2.577731506858344,2.4479219642618824,2.127002476958983,2.894137639612212
2022-10-26,3.837154057894453,2.8790456663493504,2.6883223243854193,2.570131205853419,2.439308693355375,2.1194319374355053,2.883432083189141
2022-10-27,3.81666368332572,2.873762102736076,2.6828118953287072,2.564226855692721,2.4329315067678294,2.114121746759063,2.876777912212496
2022-10-28,3.907465187058196,2.8977071396527494,2.7079250686675604,2.5929568758653234,2.463286927106258,2.1385470175031207,2.9130147559340984
2022-10-31,3.8792394864929816,2.8903151203203272,2.7004612232233973,2.58550146286765,2.4547550938728766,2.1311419508012315,2.9030213547316275
2022-11-01,3.8622648771761705,2.8857508196027517,2.695836889602644,2.580604557771263,2.4493606599236903,2.12668119912413,2.8966445315044833
2022-11-02,3.765336722858964,2.858571385062292,2.6686535673780156,2.5497115570481923,2.415902794724455,2.099838846673,2.8534571100166386
2022-11-03,3.726565332643629,2.847344242610402,2.658096176024168,2.539978804787042,2.4070415519756976,2.0919944253107032,2.8412476685291126
2022-11-04,3.7802028366880087,2.8628290876531994,2.6730246466583205,2.5542203331146283,2.419659401740437,2.1027869528864525,2.8599038783676116
2022-11-07,3.8163623779071463,2.873076665680304,2.6830696303631347,2.5640822374590884,2.4287721899451706,2.1106180191561275,2.8717615626384436
2022-11-08,3.8369536159102418,2.8793019514175335,2.6888620731392376,2.570118009920254,2.434448304535293,2.115502912239431,2.8790734972466816
2022-11-09,3.757904308386699,2.85507040681765,2.6660288716967404,2.5440595432913775,2.409855325571129,2.094269769394185,2.8516864566558597
2022-11-10,3.9644160870435146,2.916203156945625,2.7248767054896392,2.60098477243954,2.459318792637807,2.137883984470708,2.9160822103115174
2022-11-11,4.0027859508481685,2.9251778460035136,2.73303457848197,2.6062910691296244,2.4656752077857114,2.1448315346029503,2.9279180316160796
2022-11-14,3.968735226337926,2.9169241650091573,2.725552545160205,2.600755571711451,2.4592257703290867,2.1378765924903917,2.9160369002943938
2022-11-15,4.002584866421699,2.925496529324524,2.7332008138207953,2.6068593151025983,2.4661628148349726,2.1449202926289384,2.928072800238781
2022-11-16,3.9720505496056346,2.9175123296080354,2.726147971177472,2.600644981631957,2.459122120166217,2.1378239498602523,2.91855725253073
2022-11-17,3.9598965057648927,2.914337446316481,2.723245896371418,2.597866129101384,2.4560762566374574,2.134968828115914,2.9137778152522875
2022-11-18,3.9778762159929197,2.919062191394526,2.7276461244496333,2.6023820908887214,2.4609978415817286,2.13951607368236,2.92092219401766
2022-11-21,3.963412592237942,2.9152202552470396,2.7239873201387295,2.598185253262766,2.456452316015757,2.135327703876818,2.913842000368932
2022-11-22,4.01674782720036,2.9298557849712386,2.7378460293693414,2.615147229505317,2.4745461968877827,2.1513128971426045,2.940113009859091
2022-11-23,4.042060052129676,2.9367360466469465,2.744441000324376,2.623200412675279,2.4833933729246307,2.1591308806926146,2.957537173331793
2022-11-25,4.0411554934316944,2.9364792807537694,2.7441857717696627,2.622818080077249,2.482974015412823,2.1587701675836963,2.9568005397321007
2022-11-28,3.97667131553975,2.9186029902369874,2.7264294103957964,2.5973617909870583,2.4552267845145503,2.1345892588008653,2.9099198946241667
2022-11-29,3.9698411906835065,2.916724258869927,2.7245351670195808,2.5949633663959712,2.452873246380574,2.132508709059136,2.906427122009527
2022-11-30,4.0948928972470515,2.952417079556662,2.760290095279791,2.6414891899874475,2.4958084474308557,2.1700832830471177,2.9884876000379577
2022-12-01,4.091879521840174,2.951590626135128,2.7594663386023695,2.640511663589809,2.494853598918546,2.1692137078491482,2.986727406741614
2022-12-02,4.087159177356212,2.9503501019329756,2.758196803563226,2.639202158936468,2.493352901796692,2.1677233720986395,2.9848228386321307
2022-12-05,4.0136342308013795,2.9295538220776214,2.738038624686284,2.6171783882948843,2.468296214483464,2.1432951782212357,2.9485544338183582
2022-12-06,3.9557781296758243,2.9134531481680783,2.7221854238940724,2.6014426400581314,2.4530424233090375,2.128935735575452,2.920747594735803
2022-12-07,3.9490488682539437,2.9115855982059657,2.720315680772047,2.599616956445846,2.451350037557714,2.127403438601701,2.9183889780914627
2022-12-08,3.9799850327018182,2.9201736817750468,2.7291588525448716,2.609004370625843,2.4598774810226347,2.134943781699471,2.9341098102581
2022-12-09,3.9502540899282437,2.911974301421456,2.720476373529852,2.5990745805017585,2.4507169384905962,2.1268905759908576,2.91881279166805
2022-12-12,4.007205632355817,2.9283738588785524,2.737526956136984,2.619133084164577,2.4688512703351972,2.1420353005169277,2.9476225303580756
2022-12-13,4.037540149629927,2.940291432289009,2.746548558110437,2.6293093365657003,2.4787969851212877,2.1504155288531073,2.963706192075797
2022-12-14,4.01172521363444,2.9299179273341207,2.738717081610838,2.6198781037542633,2.46945684316641,2.142590865835633,2.953189883290587
2022-12-15,3.913591837642935,2.8901261764721076,2.7081393238141698,2.5819144796794453,2.433035072484849,2.1134582580600045,2.9137885564359816
2022-12-16,3.8673873905130787,2.8727852413601753,2.6943987438519246,2.5693663912645692,2.4223703790127704,2.103887967993904,2.8965543373393423
2022-12-19,3.834593283057702,2.860589020006032,2.684496803785456,2.560250378402912,2.4147722134474368,2.0973366871366568,2.885049858522312
2022-12-20,3.839840751413607,2.8625276054237747,2.6861084505565147,2.5617804460692573,2.416044278934979,2.098406668913576,2.886954727947605
2022-12-21,3.8972554947085416,2.8838748115553203,2.7043916278430644,2.5811201449084065,2.432054905451301,2.111990887786333,2.9179117218998525
2022-12-22,3.841656935674398,2.8640937560969353,2.686888286164312,2.5630796844116954,2.4157253027006886,2.098027629696175,2.8893842243902577
2022-12-23,3.8637553432126244,2.8720608921940496,2.6938830410006087,2.5698857000145554,2.4216066081089034,2.1029382300278945,2.897007981738852
2022-12-27,3.8485182189801113,2.866571855690104,2.6889340885718696,2.5645951445888877,2.4169826497214797,2.0990503382247767,2.8889969881077993
2022-12-28,3.800689356603205,2.8493066958089472,2.672953943157117,2.5464177451523717,2.401179030842594,2.086202833316047,2.863962147829862
2022-12-29,3.8691030325606355,2.8744771688628843,2.6960039301236463,2.5708415389448556,2.4218429620089394,2.1028116262654444,2.891386489458981
2022-12-30,3.8589116498153007,2.8709206241369554,2.692668610443104,2.56755004978326,2.4187548058863504,2.10024166355314,2.886020815451133
2023-01-03,3.8426658912391574,2.8640925528945713,2.687190687927962,2.5617588617719154,2.413238507206917,2.0957791396425147,2.8771865437539503
2023-01-04,3.872332268565895,2.876355750638554,2.697442782676942,2.5731450827490256,2.423976063282756,2.1042109027461695,2.8887807090872073
2023-01-05,3.8281364171528276,2.858498377309547,2.681890022394489,2.5549938784406465,2.406485724700529,2.0905007150199184,2.8706067121875383
2023-01-06,3.915923260593912,2.8952493764137195,2.713074312570409,2.5887842459353245,2.436896648517577,2.114458734906799,2.921649365750343
2023-01-09,3.913702980153412,2.894336215888727,2.7123000850263534,2.587959667093584,2.4361407240243214,2.1138582517628266,2.9204129468177826
2023-01-10,3.9411484345973915,2.9049087743916426,2.7215973685410475,2.5969613391448543,2.4457244689805355,2.1220539495691617,2.9301773624001552
2023-01-11,3.990995850546073,2.924087637289089,2.7388135185973503,2.614812220948816,2.464809195053578,2.138259062681229,2.951208760862429
2023-01-12,4.005526288295788,2.9295381826621183,2.743805210691896,2.6199424292748663,2.470487237156776,2.1431116461709805,2.9578406271099325
2023-01-13,4.021066324052518,2.935536033505566,2.7492672848078668,2.6259769912323208,2.4771422974243276,2.148790231020355,2.9644475626111775
2023-01-17,4.013700402353862,2.9326590183987915,2.746580936485727,2.6226871222306216,2.4735454648588013,2.1457429321687638,2.96126874118462
2023-01-18,3.9503318254413533,2.9077670700730076,2.722896419676291,2.5922332387351115,2.4407611802675904,2.1188933172876103,2.9307687748528006
2023-01-19,3.9215741826872685,2.895493066644734,2.712341493897614,2.581380015434819,2.4308898300259525,2.1102087740490334,2.9177257894308544
2023-01-20,3.9946288615099115,2.9272299128043384,2.739697611736979,2.609588657450406,2.455712964065066,2.1310171727941976,2.951758535120967
2023-01-23,4.042559229763438,2.9470324834170807,2.756712554854556,2.6250205163713267,2.4714283504081167,2.144714163225214,2.9727088753259046
2023-01-24,4.038220174759058,2.9452634393652937,2.7551757490738904,2.6235765259833954,2.4698926336179583,2.1433804672211374,2.970940661757749
2023-01-25,4.039733447495631,2.945869011097846,2.7557061436513592,2.6240553583983237,2.4703955584944186,2.143820067965931,2.9715099933557196
2023-01-26,4.08413198944081,2.9654343579982516,2.7724042442420527,2.642340510927173,2.4893118583522553,2.1601712035218235,2.9881776146554264
2023-01-27,4.093515501047856,2.9694934704255593,2.775927813731512,2.646137825905287,2.4933937317889816,2.163707360141965,2.9921137274864535
2023-01-30,4.042155133583729,2.9469903123019106,2.756047987873511,2.6228160098637936,2.4684814855499013,2.1420920133608545,2.9697811172962614
2023-01-31,4.10158810922931,2.9731276367239534,2.7789348264884266,2.6460937056307476,2.4899409622141397,2.1608446065862887,3.000045029357432
2023-02-01,4.145179101257328,2.992560467347168,2.7952580146243813,2.6616959727432152,2.505856338668597,2.1749199306473304,3.019920885340012
2023-02-02,4.2055204902544325,3.019225389745423,2.8178602829688715,2.6837409058771935,2.528963525534256,2.1952549344108507,3.0423451340721464
2023-02-03,4.160820000448422,2.9997837410271795,2.801510043034355,2.6684141699099033,2.511991510633341,2.1800758523786583,3.0226713994125447
2023-02-06,4.135391493470574,2.9891171535982295,2.792127837722737,2.659742827090178,2.5031997094468195,2.172528099439081,3.0108258859894965
2023-02-07,4.1894761373258875,3.0124167953114633,2.812558464936632,2.679448869636689,2.5224761008378587,2.1882215156486318,3.0377626703013387
2023-02-08,4.143666149741884,2.99134532782659,2.795499971134765,2.663266442367307,2.50571043652652,2.1743852911882193,3.0204472073009803
2023-02-09,4.107743027273356,2.9754859717031374,2.782036166437529,2.6507850777263724,2.493720560945073,2.164677898778304,3.0055332837883926
2023-02-10,4.117329550633641,2.9796043128183443,2.7856782702114202,2.65419265374854,2.496872636786419,2.1671250077878734,3.009602828011252
2023-02-13,4.165663051403492,3.000997618128564,2.804599403064389,2.6734054236859874,2.5145658127568478,2.1811366141037376,3.028882280985864
2023-02-14,4.1637460037083365,3.000150358492354,2.8038513846815953,2.6726417606186983,2.513804349720293,2.180518721944314,3.0281171562985945
2023-02-15,4.177266522229908,3.005983949955607,2.8092413877046725,2.6783957960298297,2.519434531388608,2.185025443379099,3.033907063151166
2023-02-16,4.119751236721739,2.9811364092199657,2.7855593455098333,2.650887018193385,2.492571191503013,2.1634740194222495,3.007992317174349
2023-02-17,4.109458990542041,2.9765794609308944,2.7813828558134603,2.646693955786638,2.488802198870938,2.1603362065966287,3.002333514026033
2023-02-21,4.027019836448967,2.939554328844646,2.747046793363394,2.611249868363513,2.457809654194734,2.1349722779216793,2.9658073653812322
2023-02-22,4.021470099011102,2.937105861408502,2.744833582301132,2.6092844209681894,2.456149684747587,2.133557144118181,2.9632338548349777
2023-02-23,4.042861177624274,2.9466852586820944,2.7533490524368576,2.61663845278911,2.4621868885084646,2.1388526681274973,2.9746292664160885
2023-02-24,3.999674281775965,2.9274504230876266,2.7357227564816693,2.600092788992408,2.448441786524091,2.1267945022556973,2.9563546120973188
2023-02-27,4.013296306174157,2.933366319603733,2.7412925230034584,2.605111802616579,2.452564818193689,2.1302248018113508,2.962985848529154
2023-02-28,3.9984632781213514,2.9267081644807424,2.735042137267787,2.598927530291908,2.447450432252581,2.125904665177883,2.9557044254722005
2023-03-01,3.9831256116756037,2.9198324411056364,2.7283957857476957,2.592025321817648,2.4417286097875732,2.121277472205961,2.948503932470437
2023-03-02,4.01410321364906,2.9341532982769545,2.742125343463216,2.606763052509596,2.4539788932968087,2.1308911021102515,2.961949217866404
2023-03-03,4.078480746126328,2.9651636862996082,2.770934940501989,2.638159715275172,2.4813836133134104,2.152369118536091,3.000454751653927
2023-03-06,4.081306528394135,2.9664282689597816,2.7720881589189137,2.639081816771016,2.482468270563466,2.153308714544945,3.0019626236411727
2023-03-07,4.018745501398788,2.935612178839486,2.744735025296229,2.611540061471228,2.454551192143297,2.1297385686683614,2.9677369833546083
2023-03-08,4.02530451562254,2.938724752837734,2.747458430141136,2.613733724795141,2.456388785789227,2.1313670905541704,2.9714090897578376
2023-03-09,3.951037869481898,2.9030419407341226,2.7152425774623943,2.583799410393047,2.429831959668964,2.1079143908793965,2.9354918897298528
2023-03-10,3.8940262587032866,2.8758255991463733,2.6919975152210007,2.5655383024084837,2.414567284822318,2.0942886504813907,2.9143412950209973
2023-03-13,3.88847684248655,2.873195319689522,2.689763949730483,2.563822401141296,2.413149417962804,2.0930546542868638,2.912436989436862
2023-03-14,3.952753511529455,2.903733642932281,2.716187164014606,2.5856259672157913,2.4310773305585154,2.1084226368167593,2.934101562265091
2023-03-15,3.9280310485921484,2.8928671318355508,2.706448671383331,2.577800195627134,2.423945304586974,2.1022206269581054,2.9254224740269468
2023-03-16,3.9969493629425226,2.9243025358308734,2.7341318481802204,2.601222627530801,2.4451012386301967,2.1197976174228788,2.9466096996407583
2023-03-17,3.950214579729439,2.9047714954492365,2.71628038660177,2.5867732364192797,2.4307394535775155,2.107545399661289,2.9296651258700708
2023-03-20,3.988198335737582,2.9204683002104135,2.730798087182118,2.598574430222047,2.441815083002976,2.1166368834848823,2.9450888789462812
2023-03-21,4.040565731439695,2.942040736007919,2.750898374261153,2.61574683077309,2.458350596054706,2.130261680099032,2.967905642783765
2023-03-22,3.9716878909515185,2.914860356225689,2.724865481410186,2.5932798977119194,2.435588331525639,2.111328757099193,2.9371262708097663
2023-03-23,3.9824247071731214,2.9191992459100944,2.7287757692252965,2.5963516492469827,2.438304928027579,2.113635603769148,2.9410393416608525
2023-03-24,4.008557009643611,2.929765444744981,2.738611064610324,2.6048608456808293,2.4460099170718426,2.120241570371002,2.9514104541130215
2023-03-27,4.0160527046781995,2.9327763113021037,2.7414731168060653,2.607480291377773,2.4484023711463494,2.1222924848937583,2.9548676539333276
2023-03-28,4.007038276147853,2.9290604171111374,2.7378861393059974,2.6037920630105327,2.4450309039537617,2.1193659157751807,2.9503590371672956
2023-03-29,4.065280163848791,2.953006960844332,2.761599239018434,2.6293556593637097,2.4683354799414103,2.138949484258055,2.9799135041499083
2023-03-30,4.089083291916203,2.962370336902017,2.7709821040999065,2.638480387620042,2.4776751323814272,2.1470069929995206,2.990987844766674
2023-03-31,4.146718071684191,2.9850520964043574,2.7941769870103963,2.662588335987506,2.502242406979007,2.1680256931518973,3.032743381845233
2023-04-03,4.162518617776171,2.9910818847173464,2.800350218721981,2.6685023748153225,2.508747919105348,2.17378450153096,3.0423678232367597
2023-04-04,4.139424745960585,2.9818816600558686,2.7910459949321083,2.6587474064742067,2.498199493602358,2.164527156391779,3.0196143743828414
2023-04-05,4.128586102641233,2.977594720301717,2.7865636047815174,2.653945396131849,2.4932907071598676,2.160418973294409,3.0122489775971326
2023-04-06,4.144692451247588,2.9842547039906107,2.7933731144125162,2.6615617842855572,2.501024206228507,2.1666080513623602,3.0222563907560924
2023-04-10,4.148945740210647,2.98601827650969,2.79519977826427,2.663683413096018,2.50317165279996,2.168319906091762,3.0247882027956905
2023-04-11,4.150060056305568,2.986440151113559,2.7956712922265283,2.664212355880483,2.503710955582988,2.1687420218060396,3.025228078682385
2023-04-12,4.1331439092341515,2.977996476951345,2.787821621403167,2.6535755840615214,2.493132231304679,2.1600267303017664,3.0090551225685225
2023-04-13,4.188043812313711,3.004926607017539,2.8138451544957,2.6879560953998527,2.526147510728831,2.186067697018075,3.0463931883152413
2023-04-14,4.177813240590694,2.9997880552453435,2.8091385070043446,2.6826719268645967,2.5205400642013367,2.1813461340528395,3.0396331568730015
2023-04-17,4.1928049518809996,3.007400559806116,2.8161642920571985,2.6904893650737227,2.528902289602845,2.188246565856294,3.0453114498030254
2023-04-18,4.195538864906043,3.0088155797115417,2.8174570709256206,2.6919561838763393,2.5304633462025925,2.1895274140877006,3.04656870082
2023-04-19,4.194830251096473,3.0082993231561024,2.8170730752544375,2.6914056035260208,2.5299037281713734,2.1890298384361815,3.046065309804152
2023-04-20,4.171938427370741,2.9944561531810505,2.8052982864007756,2.6759289862753937,2.513953968348197,2.1755839030449557,3.027442062459927
2023-04-21,4.175180512221142,2.996437311466251,2.8069736324724768,2.677905783994287,2.515756484031109,2.1770225165366597,3.0292554563925504
2023-04-24,4.179535949503078,2.9994876624617066,2.809285554383873,2.6807845502189136,2.5185169186847673,2.1793105813546716,3.032951251167215
2023-04-25,4.113189652728961,2.9483714847288205,2.772422391203525,2.631806003311597,2.4718644429025582,2.13925539472227,2.9608792889707596
2023-04-26,4.0957682248223435,2.936884946698584,2.763483111032611,2.6238026356040494,2.4650121762460566,2.1330184969682686,2.9464592703151427
2023-04-27,4.177307638534364,2.9887160698019573,2.805820350190108,2.6605744383433194,2.4956994486040114,2.1598253934628135,3.006045675836956
2023-04-28,4.212960935254915,3.0082606509232868,2.8219371252218846,2.6723034132645767,2.507886596409951,2.171144100986145,3.032554384871358
2023-05-01,4.2087066826284705,3.00575158777188,2.819989870270144,2.6707462151613743,2.50626000717793,2.169665553181023,3.028830046144281
2023-05-02,4.16140398046012,2.978300366819887,2.797683593514586,2.651931397584717,2.486896876734242,2.152329398971087,2.9899159288861847
2023-05-03,4.132840355267677,2.9614724184428822,2.784402634503104,2.6412114182105038,2.476767833228582,2.1435977242743927,2.9769228710487754
2023-05-04,4.103567473823407,2.9444294379387204,2.77058861715097,2.6297667670065685,2.466308045420016,2.135059409999171,2.965257306861945
2023-05-05,4.179535949503079,2.988333763394901,2.8068834854511917,2.6603347575862717,2.4937067875585015,2.1564752735107837,3.007825341237334
2023-05-08,4.180649301934614,2.988769408246155,2.8072830280894077,2.6605571275279094,2.4940525829855043,2.156783469602212,3.008204429992592
2023-05-09,4.162315606022931,2.9793484089848925,2.799032343834529,2.65370237752838,2.487005886558835,2.1508478205982917,2.9968714418328815
2023-05-10,4.181763939250664,2.9892743283740812,2.8079569558899093,2.6614097513224317,2.4947712657547196,2.157113722541807,3.015747168743586
2023-05-11,4.17447029230593,2.9855704150108697,2.8045068813115406,2.6581543977359274,2.4914939309976547,2.154478893242776,3.0111626987784823
2023-05-12,4.169000860150201,2.9827773411172185,2.801827748432744,2.6554574004456284,2.4888128170577994,2.1523915517959717,3.0061596513115982
2023-05-15,4.183384499844172,2.9904801387788202,2.80898081905911,2.662865032533956,2.4961502916239326,2.158067181545956,3.0158264821425713
2023-05-16,4.155427982584677,2.975434185075663,2.794639831799187,2.6469990021977825,2.4804712854098296,2.145888862994569,2.9993785905563004
2023-05-17,4.205870621284552,3.0023395210726425,2.8207654983940817,2.6741201474214993,2.505654921675626,2.1651772017689948,3.0317683017933326
2023-05-18,4.246387527112397,3.0227986800738234,2.8409622124287286,2.692948389715391,2.525203711197259,2.1808513575825397,3.0536418091861237
2023-05-19,4.240208196262585,3.019731971994376,2.8379009696870257,2.6901001313947317,2.5221559701242877,2.178364518263279,3.0497921064366107
2023-05-22,4.241930905174969,3.020577570063922,2.838746257762068,2.6908719079416517,2.522985832132713,2.1790423939758465,3.0508252125769992
2023-05-23,4.1943243278190145,2.9969208652690362,2.8137140915730114,2.6645728254979333,2.4954698491811005,2.15680657677,3.018794058628473
2023-05-24,4.1639364878375655,2.9823293344424977,2.7981364732658025,2.6505461978700646,2.4825862579192575,2.1460284726397783,3.000058008178871
2023-05-25,4.199995808064598,3.000699447552944,2.8167352060790245,2.666874725976782,2.496996566536263,2.1575464437156833,3.0276653077138254
2023-05-26,4.254388824203313,3.0281346354816807,2.8446541875605758,2.6916919425334465,2.519960405721955,2.176003116383974,3.0587314925669253
2023-05-30,4.256009063575693,3.0289305509267446,2.845405350664205,2.6922670324934943,2.520631671555433,2.176548192569932,3.0596544283945475
2023-05-31,4.23240894726152,3.0158863183350917,2.8334237583927053,2.6813908894013943,2.5096438182911753,2.167334757475646,3.0461018115340703
2023-06-01,4.272621014238377,3.037805890980238,2.854139310284935,2.7003026831362322,2.5280240423730627,2.181944293601391,3.0683205688908366
2023-06-02,4.334408219535061,3.0723061389505193,2.8856011767675698,2.7287431579390353,2.557005957127048,2.2052490380242844,3.0975657625507393
2023-06-05,4.326102404814283,3.0677848512618917,2.881558033506622,2.7253123029094395,2.5532768227286162,2.202140917642353,3.092428817196006
2023-06-06,4.33552285685111,3.0729793995689,2.8861805930444135,2.7293335200596864,2.5576952599077303,2.205783217070047,3.097867340965556
2023-06-07,4.320531145560805,3.0635247356651005,2.8785312553904565,2.72203836986982,2.5498083457166096,2.1992585746176654,3.0868105313630156
2023-06-08,4.3466647329158095,3.079558098374886,2.892134726605959,2.73528112958393,2.56369681503198,2.2102340979747646,3.1016738029274338
2023-06-09,4.3544633394746155,3.0843778500884116,2.8962365532083165,2.7393650467244806,2.567997004380386,2.2136422896298855,3.106911517452576
2023-06-12,4.393966792641903,3.1089330666886954,2.9176692034035545,2.762078220284991,2.5917105666752844,2.232743545936129,3.1365659911873305
2023-06-13,4.422935477677442,3.126634652813692,2.933199610820009,2.7776395842675643,2.6087652062582203,2.2468759396590516,3.1580576161308853
2023-06-14,4.42820221930106,3.1298536952522054,2.9360363850011635,2.7805118164353693,2.6119188212056748,2.249493813108686,3.161715953548991
2023-06-15,4.483102443601747,3.1633707240722364,2.966581375341121,2.813271171842456,2.647457379955512,2.279661597697386,3.1924221362952467
2023-06-16,4.467832233592993,3.153995287308926,2.958435445776626,2.805532248868777,2.638513457586854,2.2716243554775084,3.184100479977158
2023-06-20,4.444651310851572,3.1395152123055743,2.9458104685886144,2.7934310008999796,2.625099788171303,2.2601235804039326,3.1682653665397025
2023-06-21,4.421878338943403,3.1253649865848274,2.9331995442653955,2.781459096516701,2.6126220125940223,2.2499360432804805,3.1526307115957573
2023-06-22,4.4378401380419135,3.135072693847499,2.9421577413141358,2.7899197524554196,2.62092805796635,2.256380385623443,3.163558619970486
2023-06-23,4.404289876049943,3.114619552388295,2.9228185420634327,2.7706803179321913,2.601960474631023,2.2414780583816456,3.1400998884976654
2023-06-26,4.386295389650003,3.1031065430602527,2.912477149460956,2.7611158889338627,2.593087615944501,2.2345443552846143,3.124669363658346
2023-06-27,4.434383477477646,3.1345287369145813,2.940677102061449,2.787234186239759,2.616793548819535,2.2523934571873854,3.160884802025295
2023-06-28,4.436620461416831,3.1359406019961966,2.941889371931682,2.788205210721917,2.6178767079909826,2.2532221468557494,3.1622995590145857
2023-06-29,4.4541067759914155,3.14777890109011,2.9520196061299244,2.79747154173181,2.627094050577309,2.2605243227136955,3.1755379310817107
2023-06-30,4.50666818925517,3.1836102996320084,2.983206625301754,2.82752488030427,2.6569966010812296,2.284370279872319,3.2221390664567804
2023-07-03,4.511853340712138,3.187092283661407,2.986063396494043,2.8298780475787226,2.659690828314839,2.2866780545092964,3.2256043292852343
2023-07-05,4.505143031336841,3.1824159109934693,2.982126506115208,2.8261591811524056,2.6557010407392623,2.2832717908817615,3.2176512190808606
2023-07-06,4.469865242115557,3.1556445738466543,2.9609762161634094,2.805697233560134,2.634112780414272,2.2654871902518936,3.182161108537219
2023-07-07,4.458580422648657,3.147486461062594,2.954261929640398,2.799656459138546,2.628239571953479,2.260682150258925,3.1737354015089245
2023-07-10,4.469865242115557,3.1554625725893755,2.9611133923590502,2.8058727088777267,2.634095828361654,2.2653231090949326,3.181833811745727
2023-07-11,4.498331537306052,3.175902191240317,2.978914998393546,2.8229124468506517,2.6501005467020775,2.278046011246308,3.209872180393219
2023-07-12,4.534524485522559,3.201870747001012,3.0016456710703343,2.844747702013257,2.671269910095562,2.294996266768768,3.230988809777583
2023-07-13,4.570514743206955,3.227031446973313,3.0239215313047754,2.865412187904384,2.692464993221028,2.312229229352426,3.2556207519735056
2023-07-14,4.5676684027869205,3.225005246647903,3.022163092977572,2.8637837535252575,2.690770629152509,2.310815745280263,3.2527006294669096
2023-07-17,4.583528053566554,3.2363248377161615,3.0321320840345427,2.8732362491875576,2.7006818120154286,2.3189322610803944,3.2678679893971383
2023-07-18,4.617586487383881,3.260618699541347,3.054080665366464,2.8949367477700783,2.7232381081463313,2.3375298447453843,3.3038621428473594
2023-07-19,4.627854641978938,3.268270140182742,3.0606308785656817,2.9011607885502237,2.72997768165319,2.343198447116161,3.309344475192036
2023-07-20,4.597151684070386,3.2446635235704204,3.040422188595355,2.880869389494553,2.7085237608074384,2.3248734464170613,3.2801955196751664
2023-07-21,4.597151684070386,3.2446352836539365,3.0404176115635906,2.8807250088435365,2.7082317346374816,2.324598053803144,3.279339238015796
2023-07-24,4.617688314481629,3.2606033187627843,3.054242312098693,2.8937724171054358,2.7206645624578956,2.33501296971655,3.2981749939537366
2023-07-25,4.630294637671363,3.270412375841795,3.062860153250045,2.9020825685020006,2.728663295769027,2.3417337150473383,3.309388135483287
2023-07-26,4.631006463692218,3.270865475096034,3.063320775092615,2.902491371418542,2.729059673336165,2.342057303036266,3.30991413495428
2023-07-27,4.600303184562539,3.244025972417727,3.041022490558076,2.8795201678826174,2.7070217288689475,2.323021720021557,3.2880099352949954
2023-07-28,4.6453415989957785,3.2831748829047194,3.073293049979577,2.908155310966995,2.7326353905896954,2.344541969819804,3.3139649409739036
2023-07-31,4.654186101549126,3.290379421342326,3.0792354764350303,2.9129672637101556,2.737582989022008,2.3488164638325966,3.318245339329653
2023-08-01,4.640867952338538,3.2793352447477333,3.069859578810927,2.9047177015159993,2.729425652570306,2.3417215104096423,3.3089706538499586
2023-08-02,4.5763098935870286,3.221653465548277,3.02351848448138,2.863948972796387,2.689955097766451,2.309077622096335,3.2650695754504806
2023-08-03,4.563194756129681,3.211648402682517,3.0150474394583417,2.857792562024178,2.684548962198887,2.3043705781097783,3.257830955364354
2023-08-04,4.542556619841818,3.196525427358601,3.0016586579872695,2.848036431866496,2.67624739148289,2.2973384372828844,3.2437530678228077
2023-08-07,4.582206228622593,3.2264548298162414,3.0276870460819305,2.8673721548232725,2.692673505316721,2.3106592827347225,3.2671939912559895
2023-08-08,4.5622802395767135,3.2118014167696214,3.0148905738620786,2.857737127532569,2.683937403507272,2.3035712616222304,3.2522424645489982
2023-08-09,4.531779329758018,3.189847579750824,2.9950035479007044,2.842365399172317,2.670221288079888,2.292913278161595,3.235359702384759
2023-08-10,4.533406314774095,3.190977193651846,2.996055485708784,2.8431427169982904,2.6708797000780153,2.2933896729094587,3.2362155902004286
2023-08-11,4.530763307328431,3.1889596365837893,2.9942395706777276,2.841612735293107,2.6695400770514195,2.2923424378445447,3.2348320248048026
2023-08-14,4.555772941954657,3.2082375596388673,3.011460378059408,2.856099669155227,2.6822444739267066,2.3021261966490503,3.249076141254475
2023-08-15,4.502703999307801,3.1680955531001485,2.9746178884381744,2.8242122045200952,2.6534273776437796,2.2798174513757674,3.2154880696527828
2023-08-16,4.469661909141189,3.14481637257136,2.953300377859478,2.8085023594175995,2.640051191837609,2.2689573234909477,3.1978505710250347
2023-08-17,4.43560379654499,3.1203552442163387,2.931619483829317,2.7928686166933017,2.626915437521875,2.2586285709160308,3.176944913605062
2023-08-18,4.437738632165298,3.1218492132093476,2.9329480964339356,2.793808042150436,2.6276929947679295,2.2592006744714888,3.1782418695352157
2023-08-21,4.466612235746788,3.1425253906553663,2.9516480964673915,2.8080029107447215,2.6395534591119834,2.2684165352563532,3.19693502911989
2023-08-22,4.454513441940155,3.1341227382666497,2.943799364900517,2.8017583008826983,2.634118894686351,2.264174554769142,3.1887909589856442
2023-08-23,4.504126687686128,3.169036826147394,2.976768682714344,2.8286936920966883,2.657432131060401,2.281877277633838,3.2240376442242527
2023-08-24,4.441703464554925,3.1283909195291106,2.9375771472052805,2.7981370701369066,2.628045938858838,2.25898368328495,3.184742796855139
2023-08-25,4.473016421386582,3.1471898589798353,2.9553383141133978,2.8101865385091935,2.63842810960527,2.2675769435634185,3.2042125791599183
2023-08-28,4.501381531921585,3.1638771263936643,2.9715558526723,2.8218960343048587,2.6488352232776133,2.2761427851117886,3.218591274629653
2023-08-29,4.566448404940711,3.2032912301272662,3.00899964318191,2.850501787611632,2.6747621491966425,2.2974578812508852,3.2621812935037955
2023-08-30,4.585256223238127,3.213475356474815,3.018858708689931,2.8576560975143717,2.682146297090889,2.3036827463659075,3.2715543709189925
2023-08-31,4.578546235083959,3.2098167136448494,3.0152006077447395,2.854732984015514,2.6791859770875077,2.301185546973401,3.266680045595762
2023-09-01,4.587086862449703,3.214734248983254,3.019925420185135,2.8585852330407597,2.683054738225235,2.3043939722108977,3.272640303425032
2023-09-05,4.567261415617059,3.2030579046524617,3.008512001861002,2.8484866431922264,2.6730332246645987,2.2960315212501983,3.258963354313656
2023-09-06,4.536557815266251,3.1849515206669885,2.9905096579672468,2.8324644336334313,2.657600094614269,2.2837270527231706,3.2287253773467555
2023-09-07,4.522629988353686,3.1765842466851746,2.982322176442305,2.8253891415152097,2.651017709372566,2.2786157247994794,3.21759328317491
2023-09-08,4.529441161163346,3.1806785437740617,2.9863931329115054,2.828958614984127,2.654293711295956,2.2810952565949436,3.2235089626859588
2023-09-11,4.559229923740059,3.1989122101190666,3.004836880467185,2.846094152682961,2.66993067065337,2.293015997128563,3.2498829596268806
2023-09-12,4.534219325450448,3.183862963979238,2.9893027147347624,2.831557240659929,2.6561433496775324,2.2823818636539492,3.226843854442902
2023-09-13,4.5395066252262914,3.1869767314788584,2.992605796240332,2.8345243899472874,2.658819567434171,2.284370283764259,3.232138108587107
2023-09-14,4.578647419739452,3.210461488174402,3.01786202332394,2.8584229854731458,2.680634174679176,2.3011109357003137,3.27046197020359
2023-09-15,4.52348347289223,3.1760988044275957,2.9829900255495527,2.8267473691187996,2.6496735705259704,2.27677471888281,3.2220104141725394
2023-09-18,4.526135795750623,3.1776105626174207,2.9844639862710305,2.8276722643289376,2.6503550268664586,2.2773932796976997,3.224331169463248
2023-09-19,4.516749714374549,3.171800609355135,2.9787048854550497,2.8229253931964093,2.6461919135073892,2.2738656740291674,3.2161288457639934
2023-09-20,4.4752254590875875,3.1463910650459423,2.9526502068542824,2.8008101690162506,2.626809027320715,2.2580413899075804,3.180377034868935
2023-09-21,4.401257227375363,3.102252704503658,2.9075037926640035,2.765390769293258,2.5965961137118976,2.233813552140405,3.130211382934825
2023-09-22,4.391360404404904,3.096804312595878,2.9020366250800196,2.7615693831117247,2.593425394153438,2.2311840288961595,3.12330196882398
2023-09-25,4.409827407084934,3.107216489218879,2.9121845091758205,2.7687668899653275,2.599334774397395,2.2360789606264824,3.134809637851191
2023-09-26,4.345040960111028,3.0679444082868765,2.875700371453287,2.7409219402895606,2.5763227640251025,2.2169147559397424,3.0980339581355683
2023-09-27,4.346775875426297,3.068862935785139,2.876503363024646,2.741393474538911,2.5766948227694817,2.2172215613708106,3.098998493737286
2023-09-28,4.371976315402879,3.083605214768214,2.8899572318072866,2.7513460801165754,2.5847958721064903,2.2240739967159353,3.1115551154906336
2023-09-29,4.3613657390847935,3.076620916649631,2.8841898858697808,2.746756274964516,2.580986660495219,2.2208398765919064,3.1045591008270637
2023-10-02,4.359630823769525,3.0754448711916647,2.8831893416844734,2.7458801393598717,2.5802592590856412,2.2202572696711926,3.1034430217609876
2023-10-03,4.301272975241182,3.0369850276483366,2.8495941297429366,2.716339324182506,2.5556776518541913,2.199915450069711,3.0799058835723083
2023-10-04,4.332594283822181,3.0565703133212634,2.866353710515641,2.7289292050270304,2.5659883080387966,2.2084519830641445,3.0926602840252735
2023-10-05,4.330962480489174,3.055531889540664,2.865469724201269,2.7281875179972297,2.5653390451335043,2.207912183022918,3.0919809822700723
2023-10-06,4.382383237525467,3.086507035423534,2.8940201977986963,2.752205368198041,2.5856324831769677,2.22482201151915,3.1114264214568963
2023-10-09,4.41043933333481,3.1020094553306796,2.908889989975009,2.7642633651255424,2.596951568009671,2.2343376766276486,3.1203431521132594
2023-10-10,4.43339540128625,3.114481094558581,2.921195096513977,2.7746578000912705,2.606807556488547,2.242618412873348,3.129928168122659
2023-10-11,4.451555316567392,3.124419321576161,2.931074058995343,2.7833788569532474,2.6151434212221165,2.249619800050257,3.138050499168225
2023-10-12,4.424416949522301,3.1096071636966323,2.9159383781928514,2.7692430436341824,2.6016049117532245,2.2382185887581,3.128143983621362
2023-10-13,4.402378931556241,3.0976498711147977,2.9035232300831955,2.7579534436813606,2.591126778222542,2.229761439042613,3.1187999095865147
2023-10-16,4.448698697071245,3.123649492643823,2.9300247374219084,2.782008307667962,2.6129809506861816,2.2465922458672756,3.135768452639375
2023-10-17,4.448494079212362,3.1235244485115943,2.929872021330543,2.7818248377218855,2.612875653092589,2.2464910095969373,3.135262359563849
2023-10-18,4.389217859477512,3.090549627678716,2.895955646604648,2.7507297973113767,2.582434956843312,2.222193639669413,3.102639955593054
2023-10-19,4.350652050784446,3.0701476778548216,2.87523751445697,2.7344795986514536,2.5680287015589425,2.2102421027497425,3.0861358400037817
2023-10-20,4.297191218360767,3.0418311571351757,2.8468211697625367,2.712658906534055,2.549200081570503,2.1951984719807935,3.0664190891109477
2023-10-23,4.28974370649546,3.037654460951877,2.8429726228665047,2.7098044534560697,2.546779863871418,2.1932839653447904,3.062602058598648
2023-10-24,4.322085534601845,3.055590567133934,2.859945042552132,2.722959058232333,2.5578327657175635,2.201951545161447,3.0765362013360056
2023-10-25,4.260054201247467,3.021814336133153,2.8272732122931274,2.6964594386609955,2.53484865862251,2.1838198190160516,3.048705617288945
2023-10-26,4.209042037486684,2.9938595749763084,2.8019672565027958,2.6777615607659384,2.519162238738786,2.1712864700451417,3.0261317188035854
2023-10-27,4.189963429777905,2.9837533925059407,2.7927498211591972,2.671081011386307,2.513625064821741,2.166947150280815,3.014228872795624
2023-10-30,4.24005722233218,3.010642735728898,2.8174230945432877,2.6898785488359724,2.529159604223215,2.178838886490831,3.0380484279970625
2023-10-31,4.266686775109657,3.023982623212719,2.830125694610427,2.699702848181433,2.5378456179041775,2.185571554513061,3.0508945829504728
2023-11-01,4.312189032852515,3.0464456530502817,2.852151284197229,2.71767704592007,2.554010731510165,2.1982136890941164,3.0730987646714767
2023-11-02,4.3948295925931875,3.0877313289170734,2.891452105117854,2.7501779263992123,2.5848659293498724,2.2225963738995365,3.1123530057846946
2023-11-03,4.434924735079255,3.105923639440971,2.9085183549152167,2.762972986924793,2.5990030114148697,2.2344046773636146,3.1393378347899508
2023-11-06,4.445127681785216,3.110465807548161,2.9128847901867134,2.7663945906600933,2.6027783702919294,2.2375536167790844,3.1453553832103616
2023-11-07,4.4577786547118174,3.1162603033296152,2.9184307147317448,2.7710625144719256,2.6078778689451787,2.241853587989054,3.154057408653086
2023-11-08,4.461043225041216,3.1177658733030658,2.9198806882948563,2.7723255491708607,2.6092484577152817,2.243014992205415,3.1564461136699897
2023-11-09,4.426253049493064,3.1015297599489826,2.9036122758008975,2.7564661371022923,2.592464709264491,2.228386662990223,3.1275316069516212
2023-11-10,4.495324265100626,3.133423182673314,2.936124159026285,2.787089489395467,2.622493754862532,2.2531698187886153,3.175373370647083
2023-11-13,4.491039175245842,3.1314997535152487,2.9341708121186953,2.785329810361603,2.620671583854874,2.251636039165647,3.1728361343607308
2023-11-14,4.5781688002579255,3.1698865103754437,2.973824279514422,2.821313482789951,2.65971347267152,2.284848763252589,3.236359255495299
2023-11-15,4.587860684148373,3.173837534758096,2.9777172050712397,2.824291508650486,2.6634552998457863,2.288325922019618,3.2419015688131934
2023-11-16,4.5934724172640475,3.17615579234583,2.98006509012051,2.826244057310808,2.6658019325103735,2.2904766171752406,3.2454397644681214
2023-11-17,4.599185335035213,3.1785947757411592,2.982527668322271,2.8284451113225817,2.668395299096778,2.2928794595072786,3.2491832510366865
2023-11-20,4.634588400496629,3.194508301766755,2.998413257691549,2.843950763744585,2.686170737266768,2.309638469201912,3.2757013681169704
2023-11-21,4.624487602109545,3.189611700936708,2.9938341010539093,2.8393755333097275,2.6809099898002446,2.3047224338294385,3.2674063320294895
2023-11-22,4.642341714876311,3.198139515006818,3.002124944021851,2.8479446759239315,2.690487897013672,2.3133309007554828,3.2797783442670525
2023-11-24,4.645198976814715,3.1995041535937054,3.003461516509666,2.8493453966684044,2.69204345004909,2.3147238534206838,3.2817421063986334
2023-11-27,4.6368330937429,3.194900953335638,2.9993099972052404,2.8445750697527212,2.686945114465859,2.309978376940296,3.2758001050743193
2023-11-28,4.641423986112059,3.197480613828064,3.0016035511485892,2.84720705905858,2.689735495882582,2.312484955699325,3.279035174674011
2023-11-29,4.638159094561532,3.195441725182761,2.9998610314137504,2.8450706362590075,2.6875635597183454,2.3104495166574757,3.2766595196667727
2023-11-30,4.656421479382679,3.2067048131231126,3.0096652165873703,2.8570060560071227,2.6996662143835795,2.3215169793144477,3.288832299791961
2023-12-01,4.683968439703279,3.2237469137977075,3.0248084026493056,2.8755090170420883,2.718303960450204,2.338865304220677,3.307526466794115
2023-12-04,4.659379925976576,3.208195698096215,3.011113856926472,2.859412931211665,2.7017412119493938,2.3232453452109167,3.2866821100418036
2023-12-05,4.658462197212323,3.207402440001331,3.0105761756214857,2.8587567889591177,2.7010105347545323,2.3225073153417304,3.2855280381923464
2023-12-06,4.639690355681306,3.193969917061712,2.999595595736371,2.8465489807117605,2.6892828579159347,2.312023927645635,3.274357247617826
2023-12-07,4.6750924574793356,3.2185474121312465,3.020631275151275,2.8688290546327146,2.7101391056570985,2.3296303235261533,3.2960256524950893
2023-12-08,4.695191263492371,3.232240406458704,3.032489964739594,2.8806238154973234,2.721995251316209,2.33981532494486,3.3080706306708465
2023-12-11,4.713453969534647,3.244699022723777,3.043447626016284,2.8917498682380964,2.7331158783311023,2.349473492558441,3.323264374435501
2023-12-12,4.734980603464064,3.2603759611386165,3.0566301168730092,2.905339769743099,2.746687277403581,2.3614192913433523,3.3416807360710203
2023-12-13,4.800277149590099,3.3146949337358556,3.097321899617496,2.9473749418424218,2.7889086788362234,2.39909570603197,3.39927310137661
2023-12-14,4.815682914915098,3.326344152534827,3.105937183632836,2.9543120094077593,2.7972920134015538,2.407220837255119,3.4100019587120887
2023-12-15,4.807754213799232,3.317782176531696,3.101290731945044,2.9501458273175807,2.792563243824289,2.402673882401741,3.4044691158916347
2023-12-18,4.834797820611403,3.3443883836865878,3.117449690209797,2.964881415170198,2.8088971582989015,2.4178075242559647,3.423530686906262
2023-12-19,4.864197584401449,3.373058549764406,3.1352097062219078,2.981329278805217,2.827023070265769,2.4346204208208206,3.4468008913646564
2023-12-20,4.796793185229905,3.3079273548291415,3.094237972713451,2.9432130890432937,2.784941549673882,2.39540112695403,3.3958505322954875
2023-12-21,4.842275527262795,3.3424466028830313,3.1193443668313057,2.9616849890444326,2.8013758272536595,2.4103898516161544,3.424346815701973
2023-12-22,4.852007885015438,3.349659578888332,3.1246071958416284,2.965710559486548,2.8051589122651106,2.413823699347898,3.430860695970287
2023-12-26,4.872495368594013,3.3649915700294732,3.136021687974929,2.9749233772135417,2.813868766134422,2.4217739753832888,3.4438560475243443
2023-12-27,4.8813048580443485,3.371578133134843,3.141016510781855,2.97913753624034,2.8178566200008066,2.4254101463307354,3.450118528569798
2023-12-28,4.883148667322195,3.372951626475246,3.142057562042522,2.980011575285127,2.8186861478821816,2.4261630537521457,3.451403511204194
2023-12-29,4.869012046676075,3.362255479936948,3.1334588932366936,2.9718576237698513,2.8110572551663275,2.4189889899439647,3.4391927374574447
2024-01-02,4.841763500783893,3.3419041006236014,3.116514037543875,2.9558364229138148,2.796211233471507,2.405811030678501,3.42017800972687
2024-01-03,4.802222785965694,3.3134927233802216,3.0917673204966434,2.9336592974732447,2.7760517777087883,2.388718486576717,3.3874772644540805
2024-01-04,4.7867540612995,3.302854618150068,3.08223204460817,2.9257225974622068,2.769025429605833,2.382935322836673,3.374311984932079
2024-01-05,4.7933098633119675,3.307368409968184,3.0863230692113643,2.929123230453623,2.772017494163968,2.3853299603090594,3.3786956259187755
2024-01-08,4.861739279104698,3.3547895934680594,3.130630565041641,2.9677410587770447,2.805963290070763,2.4126966770138436,3.426553710266209
2024-01-09,4.8543633995510564,3.3499112455602336,3.126185433470341,2.9641793090935216,2.802452631267554,2.409768200961007,3.421672188115896
2024-01-10,4.88181688452325,3.3678129839092192,3.1425512256870696,2.9772250668463935,2.8159641344593034,2.4210283816566056,3.4411377885282435
2024-01-11,4.879665987846516,3.366408677991273,3.1412404071145805,2.9761017913941576,2.8147942905346173,2.420044585253321,3.4395284999664333
2024-01-12,4.883046197782192,3.368603181333035,3.143296596769655,2.9778229209418434,2.81657269100625,2.4215334773265407,3.4411117963514806
2024-01-16,4.865119167819246,3.356902495151175,3.131754563640502,2.9674163460527874,2.8061102926954327,2.412459605448388,3.430236947068206
2024-01-17,4.838075882228204,3.337571559009853,3.1140275362591696,2.951677998848754,2.7907069672169578,2.3996625152990916,3.414358558547988
2024-01-18,4.881099597743212,3.367505335017636,3.1423297033429116,2.9757030216353466,2.813255300230907,2.4176517741399257,3.4402076540091193
2024-01-19,4.941948837344546,3.4081371967284695,3.1811088732891455,3.007470929398736,2.845338244775669,2.443807409478695,3.477225414615978
2024-01-22,4.952397196992716,3.414609600139003,3.1871593401208065,3.0119923496817957,2.8505022141472742,2.448247663487965,3.4832921035881528
2024-01-23,4.966840905037723,3.423790402710857,3.1958845301115058,3.0189553509198763,2.858114563931687,2.4548020623478557,3.4920095326612177
2024-01-24,4.972270184552384,3.427532787370001,3.199224319269744,3.0217141104757776,2.8610907980443043,2.4573868482723746,3.495444522342308
2024-01-25,4.999314112585684,3.4482441482585693,3.216514666562726,3.0368595535037732,2.877005910479236,2.4715997674081494,3.513038933363839
2024-01-26,4.992963249653228,3.4433936303620536,3.2123978867627208,3.0331949802421194,2.8731417972299624,2.46810368000193,3.507106141941654
2024-01-29,5.032504285692556,3.4734818510973,3.23866899571402,3.0569396792669217,2.8976541904557993,2.489851666640616,3.5383595231257643
2024-01-30,5.028611728056853,3.4705501701659656,3.236095431813536,3.0546449447513115,2.8952528971736533,2.487708707869316,3.535052414691365
2024-01-31,4.94655836053916,3.410184636997655,3.180838386930404,3.005426631008908,2.8435326200849884,2.4412393022356245,3.467641946017299
2024-02-01,5.011299194112812,3.4498565615404275,3.2175400935684797,3.0300955724097594,2.864833583668993,2.4609437626596034,3.515017387249514
2024-02-02,5.064055588601594,3.4808783434798873,3.2455907522335252,3.049713333360877,2.883589767736989,2.4782661687389775,3.5536364720147917
2024-02-05,5.045616532159747,3.4698220119275867,3.2359939869325207,3.0428443557042333,2.876702309238746,2.4719579227539197,3.541600820139563
2024-02-06,5.060265179284768,3.4785652963648843,3.2437479042307857,3.048629408889805,2.88238729600609,2.476962815944015,3.5508210716053967
2024-02-07,5.102470423364244,3.5037710835068547,3.2667304919582465,3.066839820407057,2.90010606205468,2.4925239321105135,3.5774200829625484
2024-02-08,5.1047237895809845,3.5051059953580483,3.267937869685437,3.0678130514394297,2.9010489269810997,2.493352653458757,3.5785960156179852
2024-02-09,5.134226022911036,3.523741527691123,3.2843398194648317,3.081703279892245,2.9148332781524626,2.5056491227987365,3.6028895508608803
2024-02-12,5.131972335473168,3.522317783789889,3.283054581276195,3.080548338532234,2.9136672665391425,2.504611155990441,3.6009654497251415
2024-02-13,5.0612895534636975,3.4776849666034737,3.2419523138155797,3.043234074155512,2.8767591998295585,2.4717250382619995,3.544514955273399
2024-02-14,5.107284564417743,3.503322614158809,3.2664640755255294,3.0617506413359323,2.8930408147094524,2.4862412868487813,3.5778064003622383
2024-02-15,5.142523485882472,3.522917476582357,3.2850423238171373,3.076235685028429,2.9064151049086786,2.498108932894476,3.60345316828514
2024-02-16,5.116914452630382,3.508362047391858,3.271459544093656,3.06523359076234,2.8960102099700613,2.4889250152089546,3.5774772872808493
2024-02-20,5.08874335965702,3.4924805773807353,3.2562288420775256,3.0526909020086253,2.8843986850534153,2.4791947155350598,3.556834379191397
2024-02-21,5.093353204072764,3.4951098621386407,3.258734863455674,3.054759246173865,2.886301498263813,2.480681712328583,3.5601995644633733
2024-02-22,5.1987622386258066,3.556068918551081,3.318207522512372,3.1064026047180264,2.9331428736472724,2.518908752459302,3.6365197975992247
2024-02-23,5.2023477088626215,3.557682298481287,3.319652448817174,3.1072421566147748,2.9343928143446356,2.5201092479206535,3.639124035678934
2024-02-26,5.18329415640187,3.548100866162934,3.310375044036753,3.100008057347766,2.926316596300478,2.5127769394423565,3.625676186336501
2024-02-27,5.1929230809511235,3.5529074328537065,3.315133754143974,3.10380830935106,2.930467408858945,2.516369229818748,3.6333478506959302
2024-02-28,5.1860601915397675,3.549462279989044,3.311581370640909,3.1007142074694043,2.9271875432669754,2.513496880174838,3.62738799328925
2024-02-29,5.204703544619368,3.558896467849066,3.3213804634423085,3.1094043841865178,2.936306148062175,2.5213278073181367,3.642103032373137
2024-03-01,5.253567060251318,3.583644237518229,3.34774379895018,3.1338257198810546,2.961617507356801,2.543175096276408,3.675135561249003
2024-03-04,5.2479325204355165,3.580283815438044,3.3447317105381713,3.1310747397123877,2.958701457124677,2.540622412448741,3.669806136338014
2024-03-05,5.19548417700901,3.5491135510429674,3.3160132290000406,3.1041324529624417,2.930177845941142,2.516018091133909,3.6250098299107796
2024-03-06,5.221811139483398,3.5642659876561185,3.330029480711145,3.115906368715642,2.9412086485006097,2.5253755049282054,3.645049483504497
2024-03-07,5.273645308112127,3.5943225213109042,3.358116800051358,3.1405686136232074,2.9647603175644592,2.5454331737505638,3.6828875808540342
2024-03-08,5.241991214441956,3.5764586224983077,3.341329855824196,3.1261049679624535,2.950142956422456,2.5328905897396448,3.6608189314671256
2024-03-11,5.237484160787348,3.5739247811478574,3.338899328090656,3.1240295072940474,2.948091576071348,2.5311659348903612,3.6578695717594125
2024-03-12,5.293825383070686,3.605442098631225,3.369983294230708,3.151703821389508,2.9747651022376704,2.5528729257450213,3.6959978572258434
2024-03-13,5.28552792009925,3.6008962072260693,3.3655093797254034,3.14782362892225,2.9708402429028116,2.5496089377434386,3.6909881507013633
2024-03-14,5.275079239229951,3.595230716344306,3.359725931466326,3.142641246605332,2.9655812754154933,2.5453388380398363,3.683353619131523
2024-03-15,5.238857381111876,3.573364465526695,3.339198602967568,3.123859004625439,2.9467948075431076,2.530344217104507,3.659766476615979
2024-03-18,5.269992381438319,3.5918852455455608,3.3568479269217892,3.1392421935433528,2.9613321903702916,2.5416761419711964,3.677982044440455
2024-03-19,5.299279075391118,3.6093809218809167,3.373578780645716,3.1541194194470332,2.975675192180334,2.5529804241546605,3.6979633662658666
2024-03-20,5.348293886174612,3.6389830933881204,3.401891072611431,3.1797648935543106,3.000725498866296,2.5729372547715386,3.732364119384623
2024-03-21,5.365967793888265,3.6496760746962797,3.411838259674497,3.188441783710705,3.0097708214978924,2.5802644086118183,3.7436174275186525
2024-03-22,5.355796005631771,3.64351583598074,3.4059190621322535,3.1830118812302555,3.004232347457842,2.575684310706727,3.734376915839692
2024-03-25,5.340997990681979,3.6322243426754013,3.397067373178802,3.174778149023179,2.995991697757622,2.5690416120087836,3.7218446988145493
2024-03-26,5.331133289824375,3.6250012228599604,3.3910022855787725,3.1691263156535134,2.9904673042119914,2.564673531922345,3.713780342857389
2024-03-27,5.375934643064749,3.658028444725697,3.4191036027561164,3.195527501833026,3.0160941231788247,2.5846712625710793,3.748799632604014
2024-03-28,5.3749076991167914,3.6572296517999656,3.418436568836125,3.194856000967195,3.0154943576679663,2.5841862260539243,3.7479055295512733
2024-04-01,5.365555988401472,3.6505228567986676,3.412452483687552,3.189311938246223,3.0099071416251135,2.5796076366101963,3.7404733460238604
2024-04-02,5.331441662107777,3.6261947457002037,3.390137287721032,3.1686217940018646,2.9893676498508284,2.5630780131028756,3.7133037284367223
2024-04-03,5.337298165723403,3.630388797051839,3.3939457960027197,3.1717929168543844,2.9922658939250733,2.565357504562939,3.7178941883572927
2024-04-04,5.27215130864327,3.5834313056549187,3.3501923049652507,3.1328244653362556,2.9557879754768344,2.5355915042121793,3.6691766960523795
2024-04-05,5.327227883343529,3.6216137871419374,3.3838334151556997,3.157685777857204,2.977292500870202,2.5538873311775125,3.7094215895830236
2024-04-08,5.3302081729741655,3.6235068528027283,3.3855118069193764,3.158931291346689,2.978479095524165,2.5548945392419204,3.7113193493362564
2024-04-09,5.33637401253658,3.6277222072835653,3.3891938781371462,3.161746158360399,2.9811049561328495,2.557155873402115,3.71619957815245
2024-04-10,5.282939520245441,3.5891369919919867,3.355831181032904,3.1345218115010147,2.9559662332842813,2.5349714909639296,3.6810895158806005
2024-04-11,5.322810129162654,3.615688111145903,3.3796031614502104,3.1523206180312577,2.9716158283415184,2.548267533838353,3.7054475630472092
2024-04-12,5.249338184094031,3.5646851567608238,3.3360216020952707,3.1187498871920516,2.940915252111678,2.522137257511056,3.6587666093506415
2024-04-15,5.183574582447093,3.523713064406368,3.3001785697886294,3.093518995512128,2.9190649491580967,2.503566647440309,3.6204550115756855
2024-04-16,5.174120723412897,3.518131887421971,3.295234198273978,3.0901126481366643,2.916167115951219,2.5011588481410945,3.615805835079112
2024-04-17,5.143498713228739,3.5000683886828052,3.2789497600544277,3.078302632053646,2.9062247091307403,2.4930627942281123,3.602925309168898
2024-04-18,5.132914798264323,3.493752387540186,3.273247606350427,3.0740477948420066,2.9026588799881266,2.4902843084029582,3.5977675400014806
2024-04-19,5.08811312380282,3.4664144158371784,3.2484340075879197,3.054725030713769,2.886473271551846,2.477747108866854,3.5712749830369006
2024-04-22,5.134970613487008,3.496125936297638,3.2740076860072924,3.0741970871252184,2.902700327322745,2.4899950520372958,3.5989406359064726
2024-04-23,5.195904655466277,3.5327909053585174,3.3066868701271286,3.099582334228196,2.9249156567007173,2.5069306348010647,3.6364989345534355
2024-04-24,5.19343864086244,3.5312993972776896,3.3053629372752233,3.098555874040159,2.923960938444092,2.506180533932814,3.6349512851225367
2024-04-25,5.17370923914723,3.5203640127713416,3.2948763460210073,3.089992569441702,2.915907571677368,2.499904133550848,3.6239371831354767
2024-04-26,5.222725013594109,3.5474818587126538,3.3214126673496294,3.1120975138366123,2.9364511916392138,2.515475013180348,3.647204047619729
2024-04-29,5.241220604954579,3.557593103301259,3.3312160146754013,3.120248825693603,2.9444103579506553,2.521567296726416,3.6572703189965767
2024-04-30,5.158193616196268,3.5125683959647307,3.286015740824832,3.0808836034548674,2.9061356954428095,2.4918550811791227,3.60170208783372
2024-05-01,5.141443540448309,3.5040319540081204,3.2776209219651955,3.0744637268204165,2.9003914481367814,2.4871350817977,3.590703030076835
2024-05-02,5.18953419804498,3.5284109008051465,3.3019423829155636,3.0933559010751734,2.9168591885488317,2.5005058180099136,3.6171254792441823
2024-05-03,5.253860013920553,3.559718458676508,3.334079059329566,3.118856549772752,2.9400653208139786,2.5193585050802008,3.6483896352593583
2024-05-06,5.308115547416251,3.585740228368441,3.3600351418724754,3.1392256411891,2.9600879018719466,2.535789586479317,3.670068347224145
2024-05-07,5.313972693474134,3.5885438794585336,3.3627738496813646,3.141423124294324,2.962291101106809,2.537603240821863,3.673004241955492
2024-05-08,5.314486647279805,3.588789387064602,3.362984651100795,3.141543340706353,2.962425507155054,2.537702089163518,3.6730448102028492
2024-05-09,5.3451076938005775,3.603449098185032,3.378269756122356,3.155033728647039,2.975845748543327,2.5490790073529865,3.69543443382155
2024-05-10,5.351993068690932,3.6067890041932205,3.3817426420294483,3.158166380161906,2.978970942141015,2.5517338840794346,3.7007637828735565
2024-05-13,5.352711640355486,3.607124425968639,3.3820767236441496,3.158430185266699,2.9792469881607735,2.551954401060727,3.7011510139279995
2024-05-14,5.377270922959492,3.620229109505733,3.3952699872953533,3.171391121904679,2.991917205023274,2.5630566175335074,3.7231814815492212
2024-05-15,5.443857814358891,3.6588755075659094,3.4317889898944642,3.2079560084642194,3.027753786953284,2.59468086753378,3.7825351212104694
2024-05-16,5.432656833606541,3.6525603212615008,3.4258934136527035,3.2025134117223235,3.021964893778624,2.5894442641891455,3.772978058914379
2024-05-17,5.4404663616837174,3.656985699310786,3.4300279272464977,3.2062927152958656,3.0260314580450345,2.5930689377802705,3.7797285929848625
2024-05-20,5.4467359556706505,3.6605848630240594,3.4334365873078845,3.2095090235203414,3.029424859330358,2.5960953850118758,3.785316054282446
2024-05-21,5.460092972637792,3.668707565953185,3.440969970870008,3.2169152830105725,3.0370673761122577,2.603094948216125,3.797607923382506
2024-05-22,5.444371768164562,3.6587944595585546,3.431764572740825,3.2075605086567456,3.027605416646369,2.5942302783488307,3.7819934357806178
2024-05-23,5.404604592450739,3.6329468883091574,3.40794852359952,3.1837229928628967,3.0040408214011745,2.573114360239723,3.7511846941378755
2024-05-24,5.440363570922582,3.655028055279943,3.429186190471601,3.202923784024267,3.021835998378218,2.588365683253069,3.7761159149839654
2024-05-28,5.444166186642293,3.6573889418486525,3.4314453775922753,3.20496447670325,3.023767263167979,2.5900291184323097,3.778994251346695
2024-05-29,5.4060423782221045,3.6328491907641625,3.4080291780148455,3.183091730939961,3.0029318863690153,2.571534057079344,3.7437178829822275
2024-05-30,5.370180608989128,3.610651359354413,3.3861525758566637,3.163992957531967,2.9853934138070795,2.556610418405545,3.717194843320845
2024-05-31,5.419092307790359,3.645427098439134,3.4159426253481846,3.188722293749776,3.0074858127718325,2.57452525986851,3.753136883783709
2024-06-03,5.423512310519134,3.6485338009631603,3.4185173820872596,3.1907982840022764,3.0095024864298594,2.5761708645395824,3.7556861092102745
2024-06-04,5.429574395657028,3.652908645663576,3.422170679003045,3.1938461664212734,3.012397963498444,2.578578126351543,3.7593629470435226
2024-06-05,5.494106435497127,3.7044171958360774,3.462737666390906,3.2293706150179653,3.0457460729852066,2.6071433183296633,3.794493824920343
2024-06-06,5.4940023598514784,3.7042805458552914,3.4625595520837424,3.229108402194866,3.045641424275445,2.6070850742521645,3.7943516926435117
2024-06-07,5.4873241725890365,3.6990596933344957,3.4584672191101378,3.2256238205822565,3.042060552297227,2.603883231064974,3.7890789916559267
2024-06-10,5.504278866195878,3.7122290617816915,3.468989201518364,3.234650620006914,3.05125789207459,2.611966175712412,3.7986454977927173
2024-06-11,5.517533734844143,3.7226470033818293,3.4774097521217557,3.242056641184901,3.058721487842243,2.6185775637418423,3.8084443996501465
2024-06-12,5.56285096921696,3.7583467722436477,3.5070597929771696,3.2688442970994203,3.0853588420751468,2.642628535988498,3.8437283983263666
2024-06-13,5.574050665084796,3.7668176062650485,3.5141831361420413,3.2749459980717712,3.091822712419245,2.648578945540922,3.851013058139189
2024-06-14,5.577441475317712,3.769407720884106,3.5163637852522185,3.2768438828562427,3.0938008829057777,2.6504001607951695,3.853328232315856
2024-06-17,5.6218316655135485,3.8070714473064786,3.5464157910126315,3.304039617635045,3.1213143054852295,2.676917571040641,3.893392030534734
2024-06-18,5.636116369099928,3.8188603892854482,3.555830977355326,3.3121023934990346,3.1299350196948312,2.6853574670390548,3.9037227588986467
2024-06-20,5.620804400344463,3.8061474649318408,3.5453810686349208,3.3028393847171587,3.1203305135254795,2.6758067345914123,3.8880693603155447
2024-06-21,5.613269195111063,3.7999623579924493,3.5400919006317673,3.298232318695126,3.1156750127947466,2.671335182004441,3.8817953590576817
2024-06-24,5.595021907682958,3.78515824672173,3.526964557526624,3.286720520116026,3.1042653639960998,2.660813883460075,3.864699214020879
2024-06-25,5.616568778543473,3.8025543177849443,3.542662291802237,3.3001655263764316,3.1172527157168552,2.672213517386472,3.8796579050245574
2024-06-26,5.623578466010574,3.8084708446000404,3.547832518636114,3.304595096130132,3.1215520308791915,2.676047547258133,3.8857396807547446
2024-06-27,5.632444169158405,3.8163023170290336,3.554546132812774,3.310394613411649,3.1271481416420444,2.681177562106168,3.893123450342381
2024-06-28,5.610279268846569,3.7965384459511604,3.5370589887560424,3.2951689044716606,3.112633087930146,2.6673021130690904,3.8701206335457647
2024-07-01,5.621825241090977,3.807225244922853,3.546209599747525,3.3026589677694003,3.119591586572024,2.673490470604301,3.876143424165389
2024-07-02,5.659658665610961,3.84543770115157,3.5770174525865315,3.328199306638342,3.143386640246116,2.6954410420127823,3.911836092760207
2024-07-03,5.684915640506167,3.8711788622049403,3.5970694710672393,3.3441312821375706,3.159110500564469,2.7101964783183963,3.9344644553941666
2024-07-05,5.717698826443174,3.904664735468604,3.6233535737074,3.365376322743315,3.180062394950262,2.7299474605094134,3.964304990034571
2024-07-08,5.724296065981223,3.911422701223076,3.628577751479043,3.369525042576802,3.184288969988891,2.7339614794317546,3.9698647402717673
2024-07-09,5.7298621856966445,3.917127711960206,3.63306997914082,3.373135447616006,3.187904853530011,2.7374610356575872,3.973807821003389
2024-07-10,5.786561569538311,3.9752701385577462,3.6808595838325338,3.4120713418842383,3.2261258964205393,2.7761911430786013,4.01796595986271
2024-07-11,5.7366650067569624,3.9238529937669084,3.642071047418924,3.3828550136267426,3.1946276177423822,2.7434833081472676,3.981322299754626
2024-07-12,5.772849924445255,3.9587520827979885,3.6684918354910967,3.401031070716918,3.2119975015920783,2.75998858118403,4.004592446013928
2024-07-15,5.788725957502444,3.9737796093108497,3.680009298631154,3.409197357468624,3.220013594903495,2.7676356491942307,4.015085397434863
2024-07-16,5.8230542170677495,4.007890131806162,3.7055006474320775,3.4278936846407664,3.238281876209799,2.78513184667419,4.0399368834863045
2024-07-17,5.741407515498795,3.927794130711119,3.645054992719798,3.3827684203651605,3.1934200683113327,2.742241904174335,3.971870347020937
2024-07-18,5.697285866166422,3.893601216695268,3.6166971540962067,3.364127762592439,3.1767597902190805,2.726608319377526,3.93607976917455
2024-07-19,5.6594524416464385,3.865402025763375,3.5929650668998074,3.348573185031779,3.163197482690053,2.714687076316742,3.9114845009480286
2024-07-22,5.717800974762053,3.9073200005580446,3.6294244281807426,3.3728760232937183,3.1841683479218044,2.732023770314968,3.9514548745692526
2024-07-23,5.70883183841083,3.90110204249402,3.6239881320779808,3.3691984478216788,3.18077039840197,2.729195112083984,3.9455000434734977
2024-07-24,5.579455531793688,3.813084005604461,3.544360209617267,3.312308887457101,3.128948799864966,2.686763618867527,3.8543599110872675
2024-07-25,5.5503856621026575,3.7973057027219275,3.530185019571157,3.3033755782347907,3.121359348381607,2.680053360463378,3.838017505475577
2024-07-26,5.612547090014097,3.83009275910425,3.5602251437950714,3.3229331820056576,3.1376880577371793,2.6941672220965667,3.8721414121930935
2024-07-29,5.615846673446508,3.8316840949865743,3.5617479230171143,3.323972522394164,3.138560928007185,2.69492074290132,3.873950648536842
2024-07-30,5.587393548322283,3.8173774983843964,3.547885501773499,3.313862839466734,3.129814716397777,2.687202168880831,3.8578058380492557
2024-07-31,5.67821496776473,3.8629428252488665,3.5928712909399176,3.3477046995589523,3.158910619397137,2.711746693435536,3.8998865282120954
2024-08-01,5.597805609982929,3.825711776801547,3.556194847793445,3.320850700600764,3.132932157050024,2.689516642951126,3.859205389895955
2024-08-02,5.493583487499859,3.7793854899154016,3.510742751296875,3.288441551850397,3.103375123263456,2.664833012444958,3.820194017390399
2024-08-05,5.333589667794359,3.7126446014786443,3.4464102051969188,3.244758390479797,3.06555749792086,2.6333942726753414,3.748405369419088
2024-08-06,5.382763483036483,3.7306299326134464,3.462735986727126,3.2550354428962627,3.074053513066339,2.6407985476533753,3.7649586360015346
2024-08-07,5.346785752976101,3.7177025771160275,3.450539396010375,3.246725612276711,3.0671148999718674,2.634650950502008,3.7544311300472706
2024-08-08,5.47038875224991,3.762209344561528,3.493406598860923,3.2775697817111378,3.0926536536936045,2.6566989349107244,3.7863462994710857
2024-08-09,5.494511816561354,3.770078895249161,3.500999117910472,3.2829893361273803,3.0977386940551663,2.6611582749761435,3.793366513591168
2024-08-12,5.497398952064712,3.7710257233212063,3.5019154034756386,3.2836459512956897,3.0983509808764578,2.6616967742929085,3.7942181532833534
2024-08-13,5.587805353809078,3.800962378177649,3.532243786184153,3.308596975359414,3.1212186253081176,2.6826009732514486,3.838093096655885
2024-08-14,5.6054346117858636,3.8064642290611412,3.5379483477395857,3.313305411168362,3.1258231320517287,2.686817375805901,3.844660620240154
2024-08-15,5.701513136218071,3.8367503544726507,3.5700016279938693,3.3415779209337435,3.153289083655773,2.71220198734713,3.8925373761182693
2024-08-16,5.7142964522496325,3.84064368561204,3.5740820247695413,3.3450810682957757,3.1569921993677603,2.715632070989096,3.900263788024924
2024-08-19,5.768932311561529,3.8574511292214706,3.592126472355456,3.361697644478933,3.174217352689608,2.7317319144319523,3.9386491277509488
2024-08-20,5.759552012165769,3.854586887341495,3.5889929945911794,3.358674849764674,3.171025200227067,2.7287797620691925,3.9322561285386377
2024-08-21,5.779344373222174,3.8606889531736166,3.595760992428925,3.3654712284497865,3.1780735180611592,2.7351907535110884,3.9486691240913254
2024-08-22,5.7339860225449035,3.846715280568455,3.5797360604109185,3.348243850967192,3.1604610280818037,2.7191776373423657,3.920270098761745
2024-08-23,5.794911391553703,3.8668788761931183,3.601609885597386,3.3714045634774448,3.182956981033769,2.738332362680783,3.9497222218733796
2024-08-26,5.781096955699514,3.8623339932843432,3.5966566258441706,3.366208303707058,3.1776375167396846,2.733781015084069,3.942758224518504
2024-08-27,5.789034972228108,3.8649645318185026,3.5995585796673937,3.369335726202434,3.180785775030201,2.736425994061408,3.9463558809495005
2024-08-28,5.755428175317514,3.8537893911994443,3.586732569410901,3.3544913321027243,3.166138744330955,2.724019263773505,3.922835642002879
2024-08-29,5.7559434140076995,3.853959419313704,3.5869101811511834,3.354706371010253,3.1663294331887046,2.7241258264558197,3.9226514397730314
2024-08-30,5.81088957292977,3.8729013358249715,3.60895104765793,3.3808982406814176,3.1911265489956033,2.7444373880413444,3.9535177570866713
2024-09-03,5.691306656079696,3.8305281606659993,3.5609869306019544,3.3261298783553603,3.1361660394868913,2.698928712452791,3.8899397332922376
2024-09-04,5.679658535516412,3.826410183043202,3.556607220038515,3.3220940334084985,3.132488137002159,2.6956976544622497,3.884674831183148
2024-09-05,5.665844099662222,3.8201595824473586,3.55134928809118,3.3173337910164373,3.1283943940589616,2.692062968558093,3.8795136359532276
2024-09-06,5.570488322769241,3.7784331441105072,3.514137127438161,3.2822084470898236,3.0983273767385633,2.6659181109305066,3.8396037830914054
2024-09-09,5.632855974645205,3.8039155821030444,3.5373279648500704,3.301442146037215,3.1143691141084657,2.6796817053723276,3.864192326022173
2024-09-10,5.657390202001185,3.814766653603525,3.5464033899145244,3.3091856160026003,3.1210952385232464,2.6854630535549266,3.8728173021539085
2024-09-11,5.715429720391139,3.8406569963688018,3.5683718264408464,3.329069278628944,3.138414314471217,2.7004472384246285,3.896387292938
2024-09-12,5.763573058252891,3.8616190330041427,3.586564415222087,3.3458202795731755,3.153602132892424,2.713568756779037,3.9115565929639886
2024-09-13,5.793674047766549,3.875271932305985,3.5980118982241005,3.356647889957761,3.1636592445777527,2.7222390378351746,3.924898542917868
2024-09-16,5.802231378630978,3.879147371291311,3.60131266262125,3.3598776884965997,3.1666689396397087,2.7248347869574894,3.928086493633397
2024-09-17,5.80460134811738,3.8802018210426126,3.602227004223979,3.360774695268094,3.1675071787154443,2.72555563175637,3.9290142327555952
2024-09-18,5.787386465396418,3.8717633032993755,3.595082478106173,3.3528777584876037,3.160279563932682,2.719123053833415,3.9223683924080794
2024-09-19,5.886143974040688,3.921370816233164,3.637017170917029,3.399749085695152,3.2028600329145194,2.755506097048381,3.9724876228060273
2024-09-20,5.875968973572909,3.916573626075569,3.6329132211624993,3.3956824162116157,3.198672983116713,2.751827975203584,3.967092277686927
2024-09-23,5.89065263380094,3.923324455913307,3.638864728695754,3.401462297133003,3.204877069807224,2.757238635746562,3.9752259484288355
2024-09-24,5.90750839130019,3.931221778472253,3.645896658740116,3.408643985410605,3.2124417063890713,2.7638597701917478,3.986463598603799
2024-09-25,5.89447773499965,3.924883434779671,3.6402489033824477,3.4025206077953607,3.206133148528973,2.758267054988728,3.978109085082176
2024-09-26,5.917847856985785,3.9361909082851274,3.6505810846439277,3.4138526356008922,3.217620229459106,2.768164219364261,3.995907400819526
2024-09-27,5.90926547087333,3.932050472904154,3.6466504876707044,3.4093856734025656,3.213146753800095,2.764275265779762,3.989704844264474
2024-09-30,5.932945892469639,3.9436092400081004,3.657697088319817,3.4220339676641505,3.225659147069116,2.7749741908182624,4.007545133792383
2024-10-01,5.879795359656133,3.917693302675742,3.632208994971295,3.392414380877889,3.196499583851107,2.7497312535895935,3.9718023587331848
2024-10-02,5.882277756537526,3.9188818898995934,3.633382372115543,3.393401283352334,3.1972936628968562,2.7503867160406945,3.9728657501374234
2024-10-03,5.871522630711596,3.9122785893495386,3.6280526366604735,3.3876283218955154,3.1920605979678984,2.7458053569932215,3.9667748406550656
2024-10-04,5.9248800299318845,3.9435772361552592,3.6550211188050237,3.4168609981485942,3.218478840429417,2.7683415234075386,3.9988746158531328
2024-10-07,5.871315764304814,3.9126605135074946,3.6282393466541976,3.3893501964445707,3.191890064620711,2.7455008814435438,3.967205394094866
2024-10-08,5.926844618354064,3.948939471887333,3.65571969086881,3.414812392139535,3.2150932219593455,2.764897465765389,4.001457141676658
2024-10-09,5.967896036139808,3.9763522528800492,3.675731472512675,3.4330804165813125,3.2327574483405215,2.779723730275376,4.028302870449596
2024-10-10,5.957453137250822,3.9694203782074515,3.6705939981926123,3.428289081436252,3.2280226790230966,2.775743978957605,4.021120482987178
2024-10-11,5.99312731334473,3.9936947047749425,3.6885915377286858,3.4454805931065926,3.2447113492600947,2.7895502205995832,4.045765695681896
2024-10-14,6.042140518022581,4.027673786174547,3.713632119288221,3.469762173713244,3.2685217126345587,2.809315238698324,4.087779191187391
2024-10-15,5.9951946925280435,3.995648236954468,3.689765988673481,3.446965012060497,3.245356965386661,2.789929326139241,4.047821545278736
2024-10-16,6.021252150475583,4.012303405813329,3.7030055929706855,3.4588598075145995,3.2566200164925183,2.799064458218907,4.067745071278069
2024-10-17,6.021769958934796,4.012629043142308,3.7032420193439317,3.4590343561945436,3.2567871808542037,2.799193150167292,4.067866100686475
2024-10-18,6.044931929629634,4.027634826032127,3.7155778101628107,3.4709166970600904,3.2680283516738333,2.8085605745787854,4.087687764533277
2024-10-21,6.035005554315348,4.019728849296835,3.7101185174269324,3.465472758177306,3.26288946130333,2.804212512994273,4.079724010564535
2024-10-22,6.031801052336988,4.017285831238977,3.708266608168635,3.4635941848942298,3.261148837822757,2.802784061071439,4.077242840377467
2024-10-23,5.976684646216789,3.975329636938532,3.6762330710272275,3.4309057658460285,3.2308269737270936,2.7773619679182895,4.030606961669323
2024-10-24,5.9896112268716815,3.9842978030207954,3.6834997068568667,3.43711596626422,3.2362425768879333,2.7818722754236265,4.037903990702548
2024-10-25,5.987543205246111,3.982821898694685,3.682249624452421,3.435918396948536,3.2351899605957164,2.780963419408909,4.036099215594057
2024-10-28,6.006053251557366,3.9960296924161374,3.6932944537033014,3.4462476840937324,3.2442862737453835,2.7887146348259484,4.048580769999228
2024-10-29,6.015772118022611,4.00296497455263,3.699218338180591,3.4518825242497204,3.249258369065392,2.7929930098721156,4.055755897423706
2024-10-30,5.997573656206045,3.9898626055333124,3.6876641739109095,3.440593667717932,3.239308555720284,2.784173987984735,4.042516326042721
2024-10-31,5.880002226062918,3.899628485459442,3.611586568650669,3.3682602561497825,3.175654367692143,2.729888827362888,3.9477660962017835
2024-11-01,5.904819770454274,3.9137118361605334,3.623883234792625,3.3760962145419504,3.182070903900142,2.7359565785213946,3.9647090262057034
2024-11-04,5.892100056206165,3.9062698900008583,3.617212182461089,3.371242611633323,3.1780301854287174,2.7322046357638436,3.955209190102355
2024-11-05,5.96334690251736,3.9495013252037565,3.6554311779686173,3.399932864258016,3.201862842539507,2.7537868362019893,4.008165868991151
2024-11-06,6.111628999876125,4.0371030971711885,3.730920492888985,3.456265169784041,3.253029598962885,2.799803458161885,4.116095230470674
2024-11-07,6.158883840096323,4.05965737744239,3.7497450400193433,3.4687491431877815,3.267489161197637,2.813569265034797,4.142530634911508
2024-11-08,6.185562539706466,4.072500202747594,3.760620265438947,3.4764157651815077,3.2761762542733393,2.8217337880896984,4.161663746199824
2024-11-11,6.191456304973002,4.075337105044411,3.7630502154556917,3.4781931617557658,3.278175992804412,2.8236089093608934,4.165869333975345
2024-11-12,6.1722241535647795,4.0660093445760905,3.7547330062354356,3.4714523605436334,3.2707965110869677,2.816592600553042,4.149174652794649
2024-11-13,6.175223074020872,4.067463208935518,3.756023801271743,3.4724878144935447,3.271933586589224,2.817668611316027,4.150802740259249
2024-11-14,6.135515645436959,4.047410764442653,3.7378597367163153,3.456347637355089,3.2549967586407167,2.802026616844361,4.120415412917179
2024-11-15,6.056927611454005,4.008403891197714,3.7014696594019387,3.4242081039274552,3.2228540632292715,2.7740881060835387,4.052919429857572
2024-11-18,6.0817445134031045,4.019935977838472,3.712474445811509,3.432975025558156,3.2307793247185566,2.780853012910602,4.071089533571737
2024-11-19,6.103976227709676,4.030326844085461,3.722578219444916,3.441497954528497,3.2385679432985666,2.7875406891465717,4.087220932184716
2024-11-20,6.106044891777504,4.031288089800848,3.723509199125068,3.442269203149947,3.2392735136205038,2.7881452600665195,4.088711922385117
2024-11-21,6.138824223060968,4.046567215747234,3.739252908082735,3.4568927667413853,3.2525147704304977,2.7997542290261235,4.1147617874567715
2024-11-22,6.157851435389181,4.05562304032688,3.748536868428348,3.465733815846798,3.2605968433878325,2.8068434076852036,4.1242520192739995
2024-11-25,6.178738518051666,4.0655883930847825,3.758978722520532,3.4760152024193345,3.269992035296466,2.8151343250419907,4.138661296066042
2024-11-26,6.211001325760429,4.080964022672701,3.7755250014164576,3.492791671210041,3.285317336292993,2.8287556658984156,4.160325028316433
2024-11-27,6.192180337396743,4.072034148029144,3.765680686170495,3.482721949862815,3.2759443024740516,2.820401178893356,4.145654288698217
2024-11-29,6.230647209982217,4.090158819546707,3.7862350548859505,3.5036278361374986,3.2951515822679465,2.836840999432898,4.175601521505255
2024-12-02,6.241816068621713,4.0954152578318395,3.792243451592919,3.509661508263728,3.300826958992418,2.8417275575405676,4.184864269144713
2024-12-03,6.2447102709899,4.096754320115561,3.7937997984014946,3.511219708678081,3.302300579890299,2.8429960776900285,4.1872984946796485
2024-12-04,6.283486158301034,4.118785855261313,3.815929879346282,3.534501106136438,3.3240368066108035,2.8627342233455333,4.220449248107115
2024-12-05,6.273146692615441,4.112863706462364,3.8099832895993773,3.528388717076731,3.3181695729943668,2.857340941172634,4.211645979632698
2024-12-06,6.285038298794163,4.119831126017436,3.8169621333848,3.5354926027074427,3.3249628623722343,2.8634438492170258,4.221565689695581
2024-12-09,6.252672057882008,4.091178843819867,3.7972235386686877,3.5151659964277675,3.305785228524648,2.8457047991067626,4.1936364981347625
2024-12-10,6.233231112740231,4.07437283932673,3.7852632998080114,3.5036791114850736,3.2952419031394666,2.8363495711774696,4.1781110701524495
2024-12-11,6.28141942155998,4.115981784671527,3.815505876371081,3.5318647800999043,3.3207004237886375,2.8579008913432773,4.216581672955074
2024-12-12,6.249053823090082,4.089281045369303,3.7954808779263107,3.513938883625533,3.3035441660215694,2.8431595249167185,4.184579449562652
2024-12-13,6.247812624649386,4.088234791678027,3.7946893479036183,3.5132230381273994,3.3028211104840692,2.8425099840815307,4.183252621440197
2024-12-16,6.274490681817273,4.109670796191708,3.81177856766153,3.5281350397193334,3.3166016231408677,2.8540439229285157,4.199105683468259
2024-12-17,6.24863944783426,4.087916516395971,3.79487719823783,3.5131828615567904,3.302652302659505,2.842180067584572,4.17468933923995
2024-12-18,6.0624082863492355,3.9047129274119627,3.671463580010416,3.40768740254566,3.2062801622232255,2.763022200010181,4.000407879911424
2024-12-19,6.060547131130448,3.9023828701557193,3.6699415466253082,3.406256903246152,3.204941779869326,2.761949445181737,3.998269347662568
2024-12-20,6.1333396935122,3.9398222114601436,3.7007358515865607,3.4258726231226526,3.220680691738782,2.7769451555500124,4.047211822614545
2024-12-23,6.170068117349991,3.9575838892694435,3.7158683471341694,3.436027055041467,3.2291790758702428,2.7849965747217156,4.056359280036258
2024-12-24,6.23864754340975,3.9907724608087376,3.7446052573727044,3.4565559878627075,3.2465207461193173,2.801416253665845,4.08345373004413
2024-12-26,6.239064488434601,3.9909124379754717,3.744758139746797,3.4566619796887963,3.246577109780072,2.8014772827347696,4.08341855469695
2024-12-27,6.173388258934628,3.9602659331234404,3.7168156396051195,3.4344830549124796,3.227071913224165,2.7830579451137374,4.050906229785211
2024-12-30,6.102940610791252,3.928189058925347,3.6871436466706697,3.411316007922561,3.2071602733487135,2.7654237667847505,4.021785326810878
2024-12-31,6.080737163943992,3.9183580208700612,3.67791141760753,3.4042172368998025,3.2011651654680606,2.760340917361425,4.010079351983705
2025-01-02,6.065795884370869,3.9116637740491687,3.6715114039461323,3.399008125677456,3.1967968823111113,2.756774758903134,3.9991994216241054
2025-01-03,6.1416400474737936,3.9456594966539194,3.70475223846601,3.4270336038135345,3.220384341148065,2.775808158027619,4.031172554260567
2025-01-06,6.177019342571697,3.960589507751112,3.7197193727801476,3.4394669465724266,3.2317637622104285,2.7850409530939606,4.04524510836304
2025-01-07,6.107193578533184,3.9309929369194117,3.6895907143437303,3.413232663595149,3.207565416348907,2.7653112039019168,4.022226916608565
2025-01-08,6.116115816599638,3.934646380751394,3.6933489379894278,3.416287997061896,3.210212590555111,2.767413756885417,4.025947222505208
2025-01-10,6.022739404300749,3.896023861991085,3.6525159474856377,3.380534722233201,3.1788101010896876,2.7418050845597177,3.9891202396877574
2025-01-13,6.03207730250754,3.899684172502518,3.656297739568607,3.3833971527827575,3.1811774719256416,2.7437622945877402,3.993813252672003
2025-01-14,6.040377014026875,3.902975045237782,3.659792157588493,3.3862554183580165,3.183580229573225,2.745763955166928,3.9981872818719966
2025-01-15,6.150251343487817,3.9473673375744998,3.707928983045672,3.428622265466823,3.2191192014664334,2.7760329281802405,4.053311127925489
2025-01-16,6.1384233390925464,3.9428931514040095,3.703097282225136,3.4246419400324495,3.2153519500454384,2.772762175371414,4.045374371815465
2025-01-17,6.200052824815115,3.9657156170080463,3.728388829158172,3.445973166854399,3.2362884501283418,2.790638779963369,4.089562029234342
2025-01-21,6.256804888921863,3.98624030017225,3.7515164983137734,3.465832622043658,3.25638896239929,2.807765876500069,4.127825130920462
2025-01-22,6.291977317612983,3.998725109970294,3.765827122636928,3.478361131676906,3.269359841197381,2.8188042304446213,4.152242489828439
2025-01-23,6.326319710907946,4.013802180246369,3.780024990109723,3.4913010584487156,3.2827629623578627,2.8302175305220265,4.180237071707878
2025-01-24,6.3078514233434015,4.005566916256683,3.7722116340955054,3.483836887367798,3.2750481073789754,2.82363446051566,4.163141878484801
2025-01-27,6.2186251880253085,3.9646439539835496,3.7334680152638615,3.4459552947280687,3.236793393819652,2.792090898746511,4.097849230923497
2025-01-28,6.272057752989676,3.987656858319037,3.755576552009117,3.464567738554027,3.2533704596970554,2.806211768185125,4.146036795773523
2025-01-29,6.243939982723653,3.9753460581555613,3.7438933344936887,3.4543651951788252,3.243890117491173,2.7981706940171853,4.127210109463947
2025-01-30,6.277452340622455,3.9899149293952636,3.7581281923252434,3.46708012168528,3.255524274144835,2.807681542613715,4.151137174330779
2025-01-31,6.244044058369302,3.9749361746064675,3.7436241418714027,3.453547663905832,3.2430450475685184,2.7974645499566795,4.12927367713787
2025-02-03,6.202023837659868,3.955352356025176,3.725010057884961,3.4361355728316965,3.2272932598825728,2.785031594449876,4.105298826461631
2025-02-04,6.243629683113481,3.974460921558548,3.7436423116675397,3.4533044151000367,3.242507447799608,2.7966436496775566,4.122911207234559
2025-02-05,6.2689438353695675,3.9860026180117436,3.7550819260795993,3.464005439260958,3.2522280603731986,2.804130701408543,4.138642687436862
2025-02-06,6.2907322645187485,3.9962779281279626,3.7651325762829075,3.473700535632557,3.2610911677400147,2.811036560874399,4.1502220896044
2025-02-07,6.233149522573585,3.968822676034547,3.737786336676928,3.4463390896158983,3.2360249383248108,2.791178803879679,4.115210883953498
2025-02-10,6.2754806853354514,3.989378114250405,3.7576848951513067,3.4644889475094423,3.2519310137379063,2.8036627095153936,4.143733396440233
2025-02-11,6.280254031305624,3.9916508611910366,3.759933853116833,3.4665624274294475,3.253772255692927,2.8051119487796874,4.147010128293028
2025-02-12,6.260021597303114,3.9805677494853446,3.7500032980709905,3.4569421532739057,3.245100007863664,2.7980515802860952,4.13046025292197
2025-02-13,6.32611220205891,4.015752292552697,3.7831011783160666,3.4890139234406914,3.273847025400783,2.8207579642048803,4.18225999665994
2025-02-14,6.325801260006479,4.015540741167574,3.7829066281084125,3.488748571595074,3.273711475538213,2.8206280362631695,4.181796615272845
2025-02-18,6.344372338332157,4.026147973154434,3.7921843559772688,3.497471987905397,3.2821653263583213,2.827515512273338,4.19865020421996
2025-02-19,6.359312975463023,4.034883522498489,3.7998398308987658,3.504866638053612,3.289288292294972,2.833411304725683,4.212888258279846
2025-02-20,6.332855918431575,4.018679702107805,3.7857856509130743,3.4908585259106837,3.275915604357339,2.8220488486595823,4.189536543328295
2025-02-21,6.224537584117303,3.950925175520396,3.7272096491066136,3.43406089483499,3.2228631135505506,2.7786020693605944,4.1100514438710585
2025-02-24,6.196214232329011,3.9352970968719188,3.713590400403777,3.4234487703807694,3.2137874003713076,2.7706568070951167,4.08608371676144
2025-02-25,6.165398847025469,3.9183575802405186,3.6986556258944088,3.4118229396712114,3.20402891078464,2.76240305180146,4.063461555499762
2025-02-26,6.168511479761067,3.9200487580259153,3.700162792817444,3.4129937072408874,3.205012153191687,2.763233453559427,4.064853536557011
2025-02-27,6.070049494555058,3.860891255871408,3.650064123429586,3.371344826617781,3.1700725994960055,2.7340960418036966,4.010185709356445
2025-02-28,6.164776320478351,3.913638268648189,3.693599244859843,3.4029935802190625,3.1959650326879996,2.7559645748469173,4.058277151917443
2025-03-03,6.056770213101025,3.8597453699625577,3.6472905643798406,3.3694942551672975,3.1654118092471193,2.7299840514460536,4.009028081793256
2025-03-04,5.985076869421154,3.8266566415923275,3.6188159221834404,3.349748677946357,3.1483484453742383,2.7155781758561264,3.987366645849792
2025-03-05,6.049403970181241,3.8554687988788214,3.6439501192175014,3.3674862561765773,3.163370516617489,2.727753899777114,4.0065338822285685
2025-03-06,5.942019746908778,3.809163991335245,3.6023659590765864,3.3368453630524773,3.1365018365742,2.705773553572365,3.9632677802575382
2025-03-07,5.975323953516283,3.822802999327959,3.6144452182022295,3.3454048458381904,3.1437023744953745,2.7116315741282415,3.9769487857120747
2025-03-10,5.816167878514028,3.7578101172605525,3.555190293552983,3.300513899126701,3.10567474549403,2.68020825522071,3.9190662248156993
2025-03-11,5.7678189591300075,3.740008364882148,3.539427418318637,3.289638197276288,3.09677997520092,2.6725692372913032,3.9042769908802173
2025-03-12,5.798425550699995,3.751248937048436,3.5494872626329412,3.2968744982860554,3.1026543067006935,2.677506074291466,3.913738718628478
2025-03-13,5.721130752980562,3.722749328422884,3.5234541716743935,3.2767292839935283,3.0862880434288145,2.663512623084981,3.8755512191348616
2025-03-14,5.839304151518582,3.765996163172886,3.563011822612302,3.3075553820013774,3.1111883059403094,2.683976954499696,3.9391779510825975
2025-03-17,5.884332929317965,3.780586952160009,3.577027839152158,3.3182910668669177,3.1209373141471795,2.692125079935529,3.9535105754373587
2025-03-18,5.820733073192904,3.759657425150278,3.5568366564319414,3.3018235733491355,3.1059171947257016,2.6794221570111616,3.9252877237749684
2025-03-19,5.8841254204689255,3.780482742926076,3.5771604369605816,3.318706419046172,3.120958733219561,2.6916175089419014,3.9612232314895457
2025-03-20,5.86710969484766,3.7750421541311483,3.5716958912950516,3.313961702011323,3.11659351909948,2.688041216811015,3.9534465845183417
2025-03-21,5.86904537336827,3.775657288304894,3.5723083241284694,3.3144735756990795,3.1170644409041937,2.68842940254554,3.9542257728512884
2025-03-24,5.974151496397096,3.809250967740156,3.6081274246979365,3.3491550932619094,3.148396172044736,2.7142826868660883,3.9988121972041157
2025-03-25,5.988512650612068,3.8136275082374183,3.6127412393484697,3.353263987321013,3.1526739340943366,2.717865956358365,4.006316685815273
2025-03-26,5.9170203913586645,3.7917495231719145,3.588862760900765,3.330241604447546,3.1295105163524664,2.6981224256015093,3.949820590612119
2025-03-27,5.9013062537502625,3.786963561291559,3.5836065905321237,3.325313540414717,3.124813534221072,2.6942271071343646,3.9412544420462003
2025-03-28,5.782464072822612,3.7507788091748586,3.542624653821781,3.2850841323883175,3.0873375642301717,2.6639113975918325,3.8770286659960105
2025-03-31,5.821280433995943,3.7624839973717426,3.5551909659915633,3.2955737800738194,3.0962535937582216,2.6714624028619345,3.8958586888960838
2025-04-01,5.8377218162393705,3.7675712808191517,3.5606167225563965,3.300372065272731,3.100393769217285,2.6749788495254694,3.902022145976452
2025-04-02,5.874665458233287,3.779397657050893,3.5731691448868714,3.3122233399421774,3.1106047677868913,2.6837789153445333,3.917524336654989
2025-04-03,5.585157206825371,3.6859879622296634,3.472740266218394,3.212646532036255,3.023813455582624,2.6087164029274037,3.8111482082374932
2025-04-04,5.258185577637552,3.602339168467826,3.3941816085533287,3.160957533869593,2.98250580354969,2.5690678833442715,3.6723947282485296
2025-04-07,5.248819733192577,3.6002085186634303,3.3922652750545854,3.159745674763749,2.9815496136649307,2.568140213822581,3.6691375486661655
2025-04-08,5.166608967321898,3.582556044607989,3.376333727053278,3.1491071572151514,2.9732783847038147,2.5597013234305064,3.6433933644496896
2025-04-09,5.709203170035445,3.702904412674842,3.4839632818419193,3.225243740561058,3.03219193779194,2.6182293171904854,3.814775217756363
2025-04-10,5.459031015586844,3.668926143823215,3.453417387695736,3.206304408775886,3.009882695538232,2.593767006826468,3.739902837654541
2025-04-11,5.556435540837684,3.6819063746770757,3.4653105423592794,3.214043438057467,3.018135656497673,2.6021987362812093,3.769791956205404
2025-04-14,5.610340300861013,3.688949762734217,3.4719393543131853,3.218652754245635,3.023059806594509,2.607419199796972,3.786172844013106
2025-04-15,5.594626805694868,3.6868902271777793,3.4699555157414785,3.2171455709061316,3.0214605825504846,2.6056479820423544,3.7809641492531174
2025-04-16,5.470269900432364,3.6705399715632416,3.4537987718365413,3.2040681600279677,3.007701450802375,2.590174164081159,3.7426074361436212
2025-04-17,5.478074288971484,3.671573340289093,3.454839322981721,3.204935675375836,3.0085895320863396,2.5910887962550717,3.743222991601334
2025-04-21,5.347681317482499,3.654201940002222,3.4368336917240927,3.1884919558496865,2.992134069474681,2.573227031234675,3.7014165656695015
2025-04-22,5.486816000763699,3.6729065346892753,3.4565747800762194,3.206946820005689,3.0097604894443863,2.590899171773224,3.737106916666649
2025-04-23,5.57183616662463,3.6838723354454697,3.4684671316420426,3.2183400863462035,3.02108008073511,2.6024090197087038,3.7629456480506254
2025-04-24,5.68911785530981,3.6988550555955015,3.4850267210851795,3.235081547871083,3.0378929990800576,2.6197286035577805,3.794630709007219
2025-04-25,5.73022323824515,3.703951076228037,3.4908121049527514,3.241108101668517,3.044116320344852,2.6261685259781418,3.806739766491674
2025-04-28,5.732408826803767,3.704220662453953,3.491115520393337,3.2414177814575824,3.044437344223171,2.6264993700284474,3.8073666845791805
2025-04-29,5.768519221190238,3.7086753571356743,3.496470910323176,3.2478007493784804,3.050954294972513,2.633490115588844,3.818477151289138
2025-04-30,5.770808885394504,3.708955820688652,3.4968070989985374,3.248196573180403,3.0513587958279813,2.6339245075963307,3.8191105449525327
2025-05-01,5.811706117038548,3.7140181490451813,3.503216643464436,3.2569232510892063,3.0601442620451285,2.6435545172554633,3.825432872837096
2025-05-02,5.897975833089518,3.7246255068364205,3.5170687384751704,3.276918105394234,3.080250479120141,2.6654790269857958,3.8554968068347506
2025-05-05,5.864155102907313,3.7205314679931267,3.5115812568477174,3.268975861497028,3.0719140567274206,2.656572336625242,3.84138576180529
2025-05-06,5.81513997090269,3.7141487953801864,3.5033594679304683,3.2564900889180066,3.0591626623884958,2.6438517440474687,3.8194864047981434
2025-05-07,5.839595820303306,3.717689693647898,3.5075771250043157,3.263321415512688,3.065907219699007,2.6499085457674663,3.8286139542792257
2025-05-08,5.880284900656052,3.72364772886443,3.51479209230009,3.2758063813493705,3.0781007880490874,2.6608770175999963,3.8457931714149445
2025-05-09,5.872792739053876,3.7225327266734984,3.51341573743346,3.2732864682606917,3.075613719176272,2.65865122168104,3.8427919994745054
2025-05-12,6.066873902478274,3.7697163484299567,3.5498128350037246,3.3426839388761085,3.143051120819102,2.718286097252649,3.927732951340931
2025-05-13,6.1069378865148725,3.7808400128157293,3.556806176464544,3.3508434706561445,3.1544173120997,2.7294795492115997,3.9438222423937668
2025-05-14,6.11474291749625,3.783052237007611,3.558190576972891,3.3526069862829067,3.1567652463563145,2.7317596014017336,3.947192010176305
2025-05-15,6.144609415586071,3.7916028026858934,3.5636911022177546,3.360275617132767,3.166698598111674,2.741449079754382,3.9642110023510737
2025-05-16,6.183529852405051,3.8027889799432413,3.5710518801010718,3.371225317084662,3.180589812906852,2.7549307748592184,3.9897452923628025
2025-05-19,6.190293484487686,3.804857953905009,3.5723478405433777,3.37321705694282,3.183092414269679,2.757345981892528,3.9941879426607905
2025-05-20,6.169480925127024,3.798159925994922,3.5681677199702544,3.3661664927648163,3.1745641175891293,2.7490359053426134,3.980405744225165
2025-05-21,6.065520276642588,3.758296113515094,3.54668596006896,3.3287733523227234,3.1312346025986053,2.709184331517782,3.911253819508334
2025-05-22,6.0679140164925025,3.759156047657375,3.547185308497727,3.3292869591419594,3.1314749373854025,2.7094092612633784,3.9116236616296844
2025-05-23,6.02649576417796,3.7432943412084296,3.538231526511213,3.315701304924459,3.118873446830615,2.697611194017966,3.8860946260322877
2025-05-27,6.151790635135814,3.793726240459125,3.5660675805063624,3.358056582799266,3.157283148725103,2.7312394056852036,3.9556521090252033
2025-05-28,6.116199334093071,3.780383659159859,3.558366566376289,3.348132386175345,3.1465937651597895,2.721716630190169,3.940893744916393
2025-05-29,6.140342956556742,3.7892302830310345,3.563728560342974,3.355156347569729,3.154039528280347,2.7280210488423027,3.95269825325805
2025-05-30,6.133474606386202,3.7867043817257584,3.5621364482633617,3.352876565101229,3.15167176985858,2.7259985832366564,3.949474761370761
2025-06-02,6.168023866087946,3.7993728676939065,3.5702744107943873,3.364849548107929,3.163974914806919,2.7364058157245377,3.964264995337614
2025-06-03,6.203197579663581,3.812269816576897,3.578759010262067,3.3778258563194163,3.177286521639605,2.7476855107860323,3.978251055362913
2025-06-04,6.201532369333206,3.811604410151026,3.57832697357484,3.377110016872009,3.1765500575209558,2.7470563294504102,3.976711288788068
2025-06-05,6.1715617955977375,3.800099836292089,3.570653141215244,3.364366029614241,3.163694270456082,2.7360275872534974,3.958695026094587
2025-06-06,6.234937439375075,3.824821634270334,3.587299297265461,3.3912073517029895,3.1898481045072726,2.757609585088344,3.984579595174749
2025-06-09,6.240557524240091,3.8269645112720787,3.58877834405024,3.393416260195836,3.1921854456641627,2.7595488262983743,3.9875621308966114
2025-06-10,6.275939389107024,3.840582337396425,3.5984245099679497,3.4086419323952035,3.2077689782077585,2.7728443124360584,4.014643287702801
2025-06-11,6.258040305382262,3.833683518289196,3.5933999952103557,3.4006089275065845,3.199517213830722,2.765721603110366,4.002011373195909
2025-06-12,6.282911814923214,3.8461137103555307,3.6005430907766,3.4121042619504327,3.2110457124442084,2.775354443380323,4.017241249884513
2025-06-13,6.212667820975335,3.8095335987602525,3.579741081297081,3.3780153098558667,3.17716911065584,2.746563941090302,3.960316060045957
2025-06-16,6.271776363281087,3.838327190217039,3.597395740236498,3.4020099417022944,3.198705526374665,2.7648681071205523,3.997379980884976
2025-06-17,6.218183187752447,3.8127314909517067,3.581255004630298,3.3805647713285754,3.178132353208812,2.7473497560731657,3.959539885904148
2025-06-18,6.217246506941612,3.8122637320380637,3.5809536030348728,3.380157871776897,3.177706136118623,2.7469608332183513,3.9588818458727006
2025-06-20,6.2026450793224885,3.805419902725849,3.5763039662566887,3.374012365557044,3.1721358986532313,2.7423358657935935,3.9484582728847855
2025-06-23,6.263911585169803,3.8342140166201872,3.5962616022643483,3.400754180951686,3.196217822099333,2.7618955727858476,3.983686685981185
2025-06-24,6.333110325565397,3.8698478173220296,3.6188839023501784,3.4295346531812685,3.2241304384362723,2.78471300990815,4.017894353504288
2025-06-25,6.3366591765935585,3.871557648107318,3.620039022781459,3.4308480978886315,3.2255627884414686,2.7858850950569085,4.019723874821132
2025-06-26,6.386236445573134,3.8970543976030894,3.6366511994833175,3.4516184108249672,3.246896965165581,2.803952008276773,4.056190182167208
2025-06-27,6.417965383766257,3.9159781561817626,3.6474072959233474,3.4649711269840653,3.2609175407956603,2.815910760838169,4.08012349769333
2025-06-30,6.448650995733867,3.9351328352833654,3.6580295932520333,3.4783848974394562,3.2749744183414657,2.82801514527452,4.100344132663287
2025-07-01,6.446563700840585,3.9338235886118804,3.6572616032337395,3.4773740267745534,3.2739298991890444,2.827090448161416,4.098657555866885
2025-07-02,6.475787756673317,3.95214343067053,3.667922569246699,3.491410812063538,3.288294752576258,2.839743100737754,4.121476477788375
2025-07-03,6.526825939345514,3.984273043144538,3.687000685765633,3.5167625228169195,3.3141092055935752,2.8628010691790595,4.159389915924159
2025-07-07,6.47818856338806,3.953997534589642,3.668651198284619,3.493398802758646,3.28941403718573,2.8404823770819263,4.123125562053546
2025-07-08,6.4746397123599,3.951800918545473,3.6672807342369893,3.491706131764136,3.287633807778387,2.838880355128207,4.120504933492647
2025-07-09,6.513465710167087,3.9751949997748577,3.6825507759493434,3.510104092785686,3.305320280999437,2.854248302686759,4.151262099533022
2025-07-10,6.531835704066297,3.9865816056192696,3.6898839025895995,3.5189161283803867,3.313914046121274,2.861771057616362,4.164634763955749
2025-07-11,6.508873532913414,3.9722571845570966,3.680402188693503,3.507282433199836,3.3026594843467927,2.8516945401518585,4.147635031974838
2025-07-14,6.521293226627463,3.9799004209915876,3.6856137349945866,3.513579034267487,3.308612243976985,2.8567457978991126,4.1568427444540275
2025-07-15,6.4934266512839605,3.962422739696865,3.673457064642491,3.4986874425565646,3.2946653901623804,2.84443624140724,4.136415436194999
2025-07-16,6.515135417593262,3.97569505364278,3.683085819695865,3.5100241789343367,3.305031819814601,2.8531330013714284,4.152746365816621
2025-07-17,6.5550053840682185,4.0030820387652115,3.7012347915450934,3.531504135525656,3.3247634653153257,2.8701029640975926,4.177875509028372
2025-07-18,6.550205055523249,3.9995702111513167,3.699004013233851,3.5289254841213906,3.322313677824275,2.8679461187047917,4.173716621659196
2025-07-21,6.562625391679556,4.009189576593303,3.7048619659685573,3.5356950453520546,3.328698788890222,2.873540169074203,4.183579212377986
2025-07-22,6.56356464225942,4.009923365035726,3.705275736514616,3.5361655335663884,3.3291521300044797,2.873905668342878,4.184297480371063
2025-07-23,6.6194044383611015,4.055563563539927,3.7333999243452642,3.5689272519915582,3.3594917675256983,2.9020652910586597,4.2295853264525105
2025-07-24,6.621595808900033,4.05734308552446,3.7344683239952183,3.5699019455635916,3.360635122975186,2.903162166846191,4.230438076935586
2025-07-25,6.649567102331441,4.082717470577175,3.7487682658197525,3.585304426574933,3.3759173262662614,2.917981365376061,4.2475239282174915
2025-07-28,6.647897394905267,4.081181290870607,3.7478621235321428,3.5843470474549863,3.374970130110655,2.9170195670539454,4.246401271037244
2025-07-29,6.630363218382532,4.065020445633918,3.7383521492421985,3.574152799996129,3.3650658022342714,2.9070727329953967,4.23552462170264
2025-07-30,6.622013396367143,4.057341636172351,3.7336843656620116,3.5693313640415445,3.3604287918014273,2.902550108139827,4.2304455850751985
2025-07-31,6.597172724054531,4.034511624812113,3.719466969388242,3.5546920321291786,3.346655366213717,2.8895170981285885,4.216143063330418
2025-08-01,6.489042625321585,3.935748843059302,3.656575429940532,3.492789368696817,3.289515654694568,2.8379042552040796,4.151381690095206
2025-08-04,6.5876742152834655,4.001957496770454,3.7050934892994443,3.528685917039884,3.319392119259492,2.865618997439655,4.211560895248476
2025-08-05,6.554275569664168,3.981454381021052,3.6899257959753453,3.5175730615937444,3.308806939435005,2.855866942505301,4.191281416992222
2025-08-06,6.604478577402148,4.012509580788803,3.712909230088105,3.5348756566531696,3.325113042465112,2.8701036339297077,4.2218672936968344
2025-08-07,6.598946507126353,4.009121928874853,3.710373928192202,3.532837763254804,3.323122975098168,2.868369063917108,4.218549383003297
2025-08-08,6.650402919707914,4.040533809581192,3.734632709335597,3.552621246885094,3.3419678114235114,2.8847499043095532,4.24879254534858
2025-08-11,6.63725148426304,4.032662750964552,3.728438448137434,3.5474470726615945,3.336877204004025,2.880315530098335,4.238112859024429
2025-08-12,6.70791242323577,4.074927210195418,3.76263582648522,3.576729143466821,3.365080602863797,2.9043703879858502,4.283058412557324
2025-08-13,6.730873951946396,4.0878732997613145,3.77334533421233,3.5857079299882684,3.374389759674382,2.9123452517280417,4.297459211959582
2025-08-14,6.731500333147058,4.08820258282899,3.7736069926581193,3.585886847040979,3.3745897801487814,2.9125038496556,4.2972335769985115
2025-08-15,6.715739939696146,4.079093727448936,3.7657545668384906,3.578773849857231,3.367489899566177,2.9062111877100536,4.284490921654109
2025-08-18,6.714278383561268,4.078234801405662,3.7649643374319104,3.578031387026486,3.3667916240469644,2.9056297159903366,4.283139713312136
2025-08-19,6.677852550026566,4.057051397721325,3.745789538339518,3.560111076612581,3.3494712088917464,2.8905513786667734,4.25591203307687
2025-08-20,6.66010893732802,4.046921471475981,3.736355304680399,3.5515772901430678,3.341436812361733,2.8838091063371647,4.24460320066914
2025-08-21,6.633389763855679,4.031813664756677,3.721756770289943,3.5383601754697156,3.3292495039405083,2.8739251180184846,4.227680946990321
2025-08-22,6.735257335466518,4.0908232758566285,3.778264047903909,3.588761901709998,3.375062644743478,2.9099871287421952,4.29230193298957
2025-08-25,6.705615049724422,4.075260353116264,3.763525560337545,3.5768995038644333,3.3622469488680107,2.8995478712397613,4.271459807858971
2025-08-26,6.7336917036859925,4.089724741393214,3.7775189547491586,3.588149257315157,3.3741957078393585,2.9089595727219315,4.293889117032118
2025-08-27,6.749034509669797,4.097573220060392,3.7852999954234043,3.5945802642419578,3.380946008460207,2.914369406236961,4.306046509389111
2025-08-28,6.772935288960287,4.109853159178558,3.7977628584330576,3.6052512535073644,3.3919416143714938,2.9233933204041334,4.325359260387185
2025-08-29,6.732543659372573,4.089114589254313,3.776109537247421,3.5861269642020415,3.372537340166142,2.907084837542832,4.297700830159185
2025-09-02,6.682653521013796,4.0637546211465345,3.749252205407905,3.5631403029609596,3.3502580304715246,2.888995172908066,4.269018099569606
2025-09-03,6.718871203257201,4.0842740932261705,3.7685692758077614,3.5788988290695416,3.364729446878202,2.900382907301062,4.290782478647132
2025-09-04,6.775022583853572,4.119892369701577,3.798819884096018,3.6041486584698106,3.3882900022108955,2.919201993778131,4.335144713199765
2025-09-05,6.755401112437553,4.107433047236293,3.7884026221209295,3.5954924978949627,3.3798002079228096,2.912322373934422,4.321368877058234
2025-09-08,6.771996038380425,4.11808553976137,3.797363540677709,3.603017385253435,3.387069942944268,2.918090999632334,4.330539563284049
2025-09-09,6.7876523561856885,4.128180658574132,3.8060377557628544,3.6104690427620802,3.3941817352772286,2.923815123633899,4.342913506679413
2025-09-10,6.807274470043964,4.141173231221717,3.8172154024999245,3.6202897291492437,3.40345600048413,2.9314638312518078,4.358770268313486
2025-09-11,6.8638447229919555,4.1790080183337945,3.8503287490937805,3.6498862911334538,3.431202441261684,2.9549137927180067,4.403307600488904
2025-09-12,6.861547349480604,4.177352620788745,3.848964565236928,3.6486471169737786,3.4300598800859086,2.953912453975441,4.401085756334775
2025-09-15,6.898077901103211,4.202631984135716,3.8704303475634543,3.6674378196864903,3.448571064580803,2.969991064884833,4.430104631917969
2025-09-16,6.888580034774404,4.196110570970445,3.8647820043106167,3.6624925258924996,3.443632216046806,2.9656052827353747,4.423057283421468
2025-09-17,6.880022061467718,4.190226782509253,3.8594937876868505,3.6578466456255803,3.4391239179798485,2.961676207557158,4.41541401714815
2025-09-18,6.912169229570206,4.212207237912471,3.8796526100546163,3.6755284662488195,3.456168520657157,2.976514600306735,4.434406043872712
2025-09-19,6.946403692565976,4.236269045511035,3.901382606391935,3.6945032795381003,3.4745789942175627,2.992818272930763,4.455285594638151
2025-09-22,6.9792678262273755,4.259637433505721,3.922395951270781,3.7127203650096083,3.492453226019654,3.008943942403406,4.475052732494386
2025-09-23,6.941275718469891,4.231714942269063,3.8978526314682833,3.691580293941969,3.471528583781003,2.989644081416221,4.4442185799135325
2025-09-24,6.919191123440193,4.21302832391029,3.88360343965286,3.6798373256229975,3.4603385781459117,2.979754128531166,4.430406546186998
2025-09-25,6.887269452569944,4.186092259069635,3.8625507492381566,3.662901155215015,3.4445786556075357,2.9663570125259167,4.411557947668679
2025-09-26,6.926727613558106,4.218172347231043,3.8886826654249385,3.683316840141309,3.4631444556718116,2.9814724599203,4.434637187352997
2025-09-29,6.946194256390167,4.233672180472754,3.9015296160400603,3.6933885472061525,3.472523868620075,2.989231736180355,4.4460351506189015
2025-09-30,6.972359644636898,4.254661430736731,3.91915686841692,3.707361901114167,3.4855303631739587,3.000237485699125,4.468231744573987
2025-10-01,6.9961178017463155,4.27471119967799,3.9354249912079236,3.720353161742576,3.497645483505394,3.0106954710860605,4.481424615672263
2025-10-02,7.0041759549769855,4.2818708638875185,3.9410132049463376,3.7248320641294685,3.5018244840801063,3.014357620075737,4.486324544546742
2025-10-03,7.004072521773595,4.281776015980468,3.9408660078362803,3.7247053407224033,3.501724128130831,3.0142124590347845,4.48546356874005
2025-10-06,7.02919072914127,4.304809159384607,3.959430401794898,3.7396227273656697,3.515438714127675,3.0269820224307082,4.499235849358519
2025-10-07,7.003130058982446,4.280869089484176,3.9397710186460357,3.7233962184462652,3.500537948982683,3.0131122239296966,4.477593152312169
2025-10-08,7.044890090577759,4.31915965961352,3.97151025205738,3.7483711692189448,3.5231689707054468,3.033148130974848,4.499418433332536
2025-10-09,7.024480984954549,4.300390697025773,3.956187595302334,3.7364162410213497,3.5119421609471826,3.0229849544452847,4.485806666248437
2025-10-10,6.83462452181277,4.126045367538685,3.811448375223729,3.6261359128483606,3.4095005003674976,2.933655340876646,4.3786236018002285
2025-10-13,6.939495510975501,4.179805355864211,3.8559035740777787,3.653364023687756,3.432064958646266,2.955429131883721,4.4346678818628265
2025-10-14,6.9310178429509515,4.17560876617334,3.8523833593945476,3.6511272715389618,3.4300361891679447,2.953485975300239,4.428940492785227
2025-10-15,6.961788257296497,4.190341288456318,3.865129109845728,3.6597554233867355,3.4376932533075975,2.96078342035356,4.44246247244685
2025-10-16,6.914376661165569,4.167752076696574,3.8449720876720157,3.6453026348746853,3.4249934184872433,2.9485961370190505,4.4266870410317996
2025-10-17,6.953625385977922,4.186086629815922,3.861803112768904,3.6576095292992346,3.435668016221058,2.958218669892354,4.438493565193401
2025-10-20,7.02594639574297,4.219754012544557,3.8932726723205437,3.681614350012375,3.4564794186307117,2.977124223366087,4.468309889681602
2025-10-21,7.025841677655065,4.219660688794318,3.893198750389839,3.6815775286676895,3.4563985934094084,2.9770507878080013,4.468124444806201
2025-10-22,6.989314980686,4.203053841167435,3.877096599429333,3.668445314953137,3.4446499914917106,2.966284044308431,4.447740293380583
2025-10-23,7.030760858017597,4.2219266843489685,3.895626046709302,3.6837126708384775,3.458143246849537,2.97800193278254,4.46507681037019
2025-10-24,7.088220251049401,4.247908331606742,3.921637139374856,3.7057755445191796,3.477771974245924,2.9951591351480373,4.512991427657515
2025-10-27,7.1718450323279335,4.285411833018335,3.95932992174625,3.738201096047157,3.5075591709878706,3.0212749374806993,4.580477028217367
2025-10-28,7.190893445250629,4.293635364818642,3.9675227809649543,3.7450918816386265,3.514474763600319,3.027359620056362,4.596812864211309
2025-10-29,7.194347857266998,4.295134100734419,3.9690167657094015,3.7463506667232993,3.515731272601878,3.0284654656510654,4.598614804740165
2025-10-30,7.115223383999376,4.2607625021047815,3.932655232184685,3.713315986577444,3.483821150114258,2.999489115330813,4.545029341598943
2025-10-31,7.138562026314912,4.270405924208712,3.9429856653049757,3.7219052345053925,3.491570723449413,3.0061703903258823,4.561219055273391
2025-11-03,7.151959517144251,4.275963569100271,3.9490546350241544,3.7271526433705247,3.49632409129411,3.0103333846644547,4.5700921751799255
2025-11-04,7.067183479341014,4.240799082779277,3.9092208319869735,3.69113705545172,3.4641509876976646,2.981667512728719,4.510805231675303
2025-11-05,7.091674020623513,4.25050166038271,3.920148638036734,3.6999168128461792,3.4717090428711432,2.988110001293769,4.526875365244287
2025-11-06,7.0155850870206375,4.220128915210657,3.8850990691429255,3.6702493593624506,3.446139111206442,2.965941707699595,4.478517129641467
2025-11-07,7.022491983726604,4.222797054702395,3.888140778168007,3.672629025996247,3.4481346730859728,2.967558502436528,4.482695817765861
2025-11-10,7.132073359518312,4.265713690340354,3.938613757255039,3.7147091525367513,3.4834895143405977,2.997436869374587,4.534956217942968
2025-11-11,7.148400387039978,4.273128493800322,3.945354946239231,3.7199854956129723,3.488821603721769,3.00197654799609,4.54352261955458
2025-11-12,7.152378389495875,4.275021118792512,3.94703484420767,3.7213225237521943,3.4901327535031754,3.0030965431340433,4.54566333900636
2025-11-13,7.0336916795944395,4.214340094274495,3.8939668713641926,3.67580865481207,3.446832926503534,2.9649769503397634,4.4640672872359834
2025-11-14,7.032539780627478,4.213609567618577,3.8933513583113117,3.6751929252415456,3.446193512533634,2.964414271194417,4.46270929812778
2025-11-17,6.967021591922748,4.183274864933914,3.8658593418171763,3.6531306484563713,3.427040024424079,2.94744664045252,4.433062002628634
2025-11-18,6.908515660454146,4.156794778759581,3.8414749475113115,3.6337363768641877,3.4104577583195326,2.933485489255869,4.408561875174685
2025-11-19,6.935204639140403,4.169071238428619,3.852612892170545,3.642609123810968,3.4179319551962744,2.9394549628646596,4.419721307109764
2025-11-20,6.829496547716685,4.120730420514501,3.807421798878993,3.6050729493402303,3.386398250652103,2.9137827036217034,4.380651459605993
2025-11-21,6.8975266856466355,4.149877286392964,3.8345073401977934,3.6259054964048305,3.403627193376888,2.9276960706812947,4.397348707138885
2025-11-24,6.999047980880904,4.192403274410914,3.874623767286977,3.6576860166629337,3.43090573732986,2.9499056486047217,4.425326410078507
2025-11-25,7.064880966291608,4.218582316940445,3.8992283880825216,3.677071835768118,3.449221469708413,2.9649319438731956,4.449910706888131
2025-11-26,7.113653255123052,4.238236758166253,3.9174431517455925,3.691824316461367,3.4634484411182096,2.976674790217925,4.464020905396272
2025-11-28,7.152482465141524,4.253647383352997,3.9320954518531273,3.704117380099237,3.4753666886723376,2.986578965897615,4.482049893893313
2025-12-01,7.119827767655937,4.240801629475768,3.9195048277951416,3.6930710621862355,3.4646942793610727,2.9776255652403134,4.462402004846684
2025-12-02,7.133015822309465,4.246100820955586,3.9246711408960033,3.6976566922205967,3.4690536841458854,2.9811522975641913,4.470715774632227
2025-12-03,7.157715799767775,4.2561130605429005,3.9346505764910646,3.7068592303810983,3.4776461881751835,2.9881945588092838,4.48812727707633
2025-12-04,7.1629484919517665,4.258223706851594,3.9367891731024414,3.708861713259519,3.4795075409924836,2.9897299027425897,4.490887500897314
2025-12-05,7.176554776514659,4.263909366791123,3.9425772751767525,3.7145320118540455,3.484736057342553,2.994142293252204,4.500614974650958
2025-12-08,7.154994414366745,4.254775773073783,3.933016769812036,3.7048240792599043,3.4758852008318524,2.9864767111851123,4.480999419883029
2025-12-09,7.148819259391604,4.251991379688525,3.9301753890421494,3.7019585596621263,3.4733109780348235,2.9843170697026387,4.476140964767301
2025-12-10,7.196231497964789,4.2728796083649945,3.9522876767128867,3.7244919644370547,3.493560062826257,3.0013004826046044,4.515427093707103
2025-12-11,7.212976755395819,4.280653933185568,3.960145222745504,3.7323312428479936,3.5008577522569717,3.0074829293915184,4.524296719707278
2025-12-12,7.13542305344678,4.244150157222033,3.9226448075866784,3.6943848621186812,3.4657477377533437,2.976964368393583,4.478289531141678
2025-12-15,7.124642229930566,4.23921560988508,3.9175582521184875,3.689673402490822,3.461531001182023,2.973332950218847,4.472211638222732
2025-12-16,7.105175587098506,4.229164508090099,3.9081619844020357,3.6811860420083007,3.4541326075699303,2.967088127605515,4.458405760492093
2025-12-17,7.026992934179775,4.189749527094036,3.869563364563421,3.646219064379363,3.4237622846883657,2.942084573179296,4.418569445887948
2025-12-18,7.0800560948463165,4.216082874171216,3.894596553851529,3.666605062158899,3.4410127711216565,2.9561214081549347,4.450838871066121
2025-12-19,7.144225797253417,4.248458264816086,3.92487355467505,3.6917163521320235,3.4630526668897406,2.9741768479884354,4.486759040035027
2025-12-22,7.188733554382301,4.2703403391326145,3.945509875478899,3.708810801882803,3.4788941822311124,2.9872293306119175,4.519101909362772
2025-12-23,7.2215893362943575,4.288652334951635,3.9608738295003745,3.7217620994579526,3.491074546645688,2.997340497840419,4.542145745618567
2025-12-24,7.246992145581923,4.303398045190496,3.97295132029278,3.732178815507936,3.5008912414689792,3.0055734453799148,4.563254244725597
2025-12-26,7.246257191639813,4.302682987098482,3.9725517390035683,3.7317892742896435,3.5005331823792774,3.0052518055871973,4.562461621870071
2025-12-29,7.2204342251161115,4.2849987354472265,3.9595035835138677,3.7199764694955686,3.489588362593335,2.995778174335843,4.53796531028724
2025-12-30,7.2116173475798195,4.278899571304939,3.954924659718833,3.7158928935088333,3.4858722627408745,2.9926324085807123,4.5296003519956205
2025-12-31,7.158186709942222,4.2414175320670555,3.926533129511026,3.6902908822839238,3.4626387156239846,2.973320221347907,4.479260860161969
2026-01-02,7.171307950601013,4.25024369400511,3.9334136850975847,3.695995135875222,3.4676404408936006,2.97732614765838,4.491576854861727
2026-01-05,7.219069677762054,4.282657628332602,3.9591896209508257,3.7181540227085135,3.487146892815349,2.9934071770312647,4.520568647412034
2026-01-06,7.262002808918814,4.311066862105628,3.9823462831485728,3.737894120596908,3.5051783655732147,3.008456468422806,4.551756732760705
2026-01-07,7.2385947828395105,4.295825739238053,3.969656658960006,3.7270438605875014,3.494989654906532,2.999808163740519,4.534715563610799
2026-01-08,7.237859828897401,4.295331983050631,3.969204029934741,3.7266715895536153,3.4946685135299527,2.999510693293145,4.534065879233722
2026-01-09,7.285726274146348,4.326347809081978,3.996505104163732,3.75004209073172,3.5160665141973224,3.017451272395855,4.573631384076119
2026-01-12,7.297168170745107,4.333544633274421,4.0029991673348855,3.7554960471914525,3.5212481236581206,3.021846934863833,4.580079520117435
2026-01-13,7.282577664644354,4.324009847620245,3.9943994122662767,3.748153306850229,3.514379076513896,3.0157953372546125,4.5666152925562775
2026-01-14,7.246782066963857,4.30081727969466,3.972814833480233,3.729935745355323,3.4974954709260797,3.0012515445178214,4.541059414716419
2026-01-15,7.266516608217125,4.3144733509561695,3.9847541362613232,3.7395995396674544,3.50625373310091,3.008482888114709,4.554390486348726
2026-01-16,7.260428182946691,4.310185352412463,3.9809227792779183,3.736456177351021,3.5034045051271776,3.0060279954468814,4.549771955556696
2026-01-20,7.112629202165257,4.20521213830392,3.886327268311947,3.659417733625462,3.4338335754001603,2.9465446715235006,4.456951476199634
2026-01-21,7.194716619122576,4.2510440340623425,3.924630650671198,3.6844860033378324,3.454609790233341,2.966031335555431,4.511684536251438
2026-01-22,7.232296278951011,4.271366206688336,3.9415845022817226,3.6961157635471587,3.464875541885607,2.9755549033560356,4.529594143100465
2026-01-23,7.2349200131289635,4.2727751483733325,3.9427648152676276,3.6969076423118414,3.4655767801146617,2.976205049226408,4.530795615024651
2026-01-26,7.2716600009273815,4.293605103665434,3.960141194609554,3.7097840222899454,3.4768973761108644,2.986830976080277,4.556132528067262
2026-01-27,7.300632219395335,4.310009426316379,3.9740638427254336,3.7204450294832383,3.48630411078785,2.9956722184592293,4.575938986541022
2026-01-28,7.299897265453225,4.309590198000924,3.9736651456727934,3.720084999338976,3.4859862896663527,2.9953696641403176,4.574869454717626
2026-01-29,7.285411477440378,4.301401810738522,3.9662650727584974,3.7140127304922554,3.4806714111571035,2.990332050564338,4.563923236112976
2026-01-30,7.26368215297885,4.289033999319933,3.9548799878241283,3.7045704234813965,3.472443057243424,2.9827916498367943,4.550047936768524
2026-02-02,7.299792547365321,4.3094542147845845,3.9741327384721967,3.7205546668369287,3.4863277216801607,2.995109991022604,4.5721689364890725
2026-02-03,7.238069907515474,4.273502685897315,3.94071785883818,3.692544302830764,3.461596710327373,2.9730144567562244,4.540049996166724
2026-02-04,7.203009263777086,4.253973567790095,3.922141082047471,3.6777718162619863,3.448795118966572,2.9620401263095726,4.525784844019647
2026-02-05,7.113049359401396,4.203620357977407,3.873919384813735,3.639840177219129,3.41621129408205,2.9353186497512507,4.49300645107507
2026-02-06,7.249511161671975,4.275837872216193,3.94134310348885,3.690611720583493,3.461327622458549,2.9705877237327503,4.545454015766857
2026-02-09,7.284467087322458,4.291317598934465,3.9557185575160823,3.70117500792332,3.473152245903676,2.980470429859171,4.558899818625711
2026-02-10,7.2652567789509765,4.282719816163751,3.9474847003237485,3.6948681129548,3.4664210013644414,2.9747915005497334,4.550220450303326
2026-02-11,7.263578077333202,4.281938500707086,3.946704244170894,3.69422834938748,3.465799283147515,2.97428694274067,4.548482412210513
2026-02-12,7.151363973171941,4.231049090080489,3.8958260184456153,3.6533787083023683,3.424795804351886,2.9418971836156813,4.500583012349594
2026-02-13,7.156402005352035,4.2330510578649525,3.8977810270831577,3.6548049381489043,3.426156592619903,2.9430879246426955,4.502740853677335
2026-02-17,7.1679486200387,4.237931855487773,3.90268068414662,3.6586289244253942,3.429814101810813,2.9460889605045897,4.50775331961527
2026-02-18,7.204059014425172,4.253239940052928,3.9185621984135346,3.671480085978787,3.441675006498158,2.9555961643244713,4.522951081695058
2026-02-19,7.185058784671758,4.245258677864168,3.9100108834950422,3.6643485097985047,3.4352041201348595,2.950412857520479,4.51329887188731
2026-02-20,7.237020156867393,4.2704494626039144,3.9339266916278706,3.684501415864569,3.453162582298408,2.9642822510643883,4.5469850247664265
2026-02-23,7.163120666476678,4.2329912724757195,3.8998232825107304,3.6554588395606964,3.4268838332611766,2.9436901538059956,4.504480550029173
2026-02-24,7.215185471875703,4.258439871636131,3.923208896712181,3.6746222420042036,3.4441889010539466,2.9571446060128763,4.526798893105922
2026-02-25,7.276069724580048,4.287489458832704,3.9506474800279934,3.697470972723726,3.4650332079045927,2.9735514450352563,4.553033669278817
2026-02-26,7.2356549670710795,4.268528962472221,3.9325663115410747,3.6822951874586103,3.450778600907069,2.962066341548855,4.518469223031958
2026-02-27,7.200909762480922,4.25230285948017,3.916768438657566,3.6690052053872666,3.438571547156632,2.9525552968640403,4.500768764063304
2026-03-02,7.205004046985351,4.254190538319581,3.918632835501183,3.6705747763861423,3.440012030900735,2.953608167000909,4.502809877929326
2026-03-03,7.141496702545311,4.224722387817211,3.8882834939876054,3.644408781196192,3.416945392858517,2.9366900757075696,4.470260862847805
2026-03-04,7.191882163884305,4.2475654622232675,3.911954042100194,3.66409649863212,3.4343615039009943,2.9493375898991916,4.489737759416366
2026-03-05,7.151783487965824,4.2295545763686055,3.893069929607311,3.6481834711351584,3.420056518818795,2.9388071270663345,4.472886237514556
2026-03-06,7.058044095791678,4.18682995488618,3.8483251556413665,3.6106666758870616,3.3867853797374123,2.9150312296641645,4.432711585541011
2026-03-09,7.119872738613946,4.213653950301381,3.8758634915446963,3.632380858934125,3.4063236996787163,2.929457140503781,4.463667496911597
2026-03-10,7.10843019957293,4.20854514303798,3.8707852250032544,3.628245870036341,3.4025004483397443,2.926420335932571,4.459231396206738
2026-03-11,7.0995079615064745,4.203657425075976,3.866669178433303,3.624822137131063,3.399453882320889,2.924114522781312,4.455731300141151
2026-03-12,6.991702296113361,4.146801746581408,3.815947484920702,3.5822467362798474,3.3620541374201642,2.8961474046531444,4.407809424195659
2026-03-13,6.952128495518922,4.127481160943618,3.7988116882087883,3.568588294406502,3.349831846109112,2.886696294356858,4.381642146505763
2026-03-16,7.022879376407645,4.161621802884112,3.8296641476350954,3.593311299712348,3.371613959134737,2.903084835357943,4.410779053627152
2026-03-17,7.0413534459525025,4.1707219599963725,3.8375288778863736,3.599705699350899,3.377416683123007,2.9075085917602324,4.42174540857307
