,rolling,ewma,garch,gjr,egarch,rf,realized,log_return
2008-01-28,0.012560335857032272,0.013898860311482667,0.01282788899379926,0.014318963516931826,0.015545190211766003,0.016466829084019828,0.01850179743435357,0.0164007512618257
2008-01-29,0.013352729225592825,0.014061532540863324,0.012934839969046685,0.013539898540702542,0.0134846896976524,0.016845629473674146,0.009513612428558218,0.004942344046667199
2008-01-30,0.013386713671222648,0.013686807569131317,0.012456788065897064,0.012813902110660542,0.0125245936179677,0.013123822369267242,0.023579569742773,-0.0073850498081084945
2008-01-31,0.013402711757900091,0.01339258440288726,0.012114534074614896,0.012483886768500922,0.013003646873812932,0.018301584976229655,0.02453391686271612,0.018070138874663726
2008-02-01,0.014223956015604285,0.01371828827172434,0.01243569528931876,0.011830899694524284,0.011039953349212086,0.017672661052814786,0.009040866992147515,0.015959901751108865
2008-02-04,0.01473374953735472,0.013863010313566987,0.012547417394414178,0.011223805386119022,0.009398491085159017,0.013143842251173678,0.006712298504210624,-0.012689414652924318
2008-02-05,0.014919176754738734,0.01379541033499373,0.012482409257812405,0.011755179387171872,0.010894714728651347,0.012418652896945614,0.012446854465673566,-0.027139145635710047
2008-02-06,0.015101793017533657,0.014936081784804793,0.013829634586460337,0.015319280840731548,0.014492882046008054,0.013720366653674113,0.015452751133748893,-0.008084603816014179
2008-02-07,0.015145129863609677,0.014615847422204075,0.013426770251094655,0.014819632451242827,0.014882968700456039,0.011225986812940427,0.014990344529341011,0.0065919937112148205
2008-02-08,0.014950485264607025,0.01426228870070727,0.012963452957569004,0.014006763177357195,0.013665281347597034,0.010531351841828051,0.013162092464564552,-0.006441443921164318
2008-02-11,0.014714212070209216,0.013917529889702166,0.012553609431851138,0.013493245245121896,0.013918851795837621,0.010219646543576854,0.013130939393488299,0.005097105936372494
2008-02-12,0.014673204266295292,0.013551184792205595,0.012100778821803914,0.012770446565274016,0.012908861615796258,0.011086615918928426,0.014247486245694168,0.009228282926121415
2008-02-13,0.014835426008562429,0.013331399216212325,0.011821382081371236,0.012097510660925102,0.011645720783263114,0.011715753573666953,0.0115039799745921,0.010170502752679542
2008-02-14,0.014913377011745173,0.013163167564565936,0.01160862007419478,0.011471601545552575,0.010408858179499684,0.010944133708864158,0.009507567353668055,-0.008838505411456737
2008-02-15,0.014260922039359138,0.012944496598453386,0.011391933489751599,0.011431475878735903,0.0112676964324536,0.01165332612570985,0.007271691659350075,-0.00022149427304156015
2008-02-19,0.014154399381554219,0.012550272357160556,0.010947173493714525,0.01085409584573606,0.010937684273164447,0.009663983906564757,0.012319842662793614,0.002807967188788414
2008-02-20,0.012889042523231201,0.012187364639189747,0.010541420344985833,0.010316976631860821,0.010361426255003732,0.011251618559874523,0.01353813968712341,0.0029472615403358625
2008-02-21,0.01264257815162008,0.011838121745990233,0.010160685219873646,0.009819149793698231,0.009816382338762617,0.00997014503084337,0.014878277919747624,-0.008348666971724055
2008-02-22,0.012564136775518021,0.011658244863477477,0.010028621652538674,0.009919296091009678,0.010658012096481966,0.010883412829078681,0.018065236410734636,0.0061388780066081675
2008-02-25,0.011549961750460974,0.01140267259416809,0.009761157477295392,0.00945100354275419,0.009824143993815355,0.01275369133917489,0.014579053293096451,0.012529919211432034
2008-02-26,0.011722688950865716,0.011473430972429534,0.009877540423801356,0.009018041490311924,0.008539005714184972,0.013345517013025337,0.011998438003430345,0.007472466561220842
2008-02-27,0.011254767345838374,0.011273486886180017,0.009541710933573594,0.008597134423094838,0.007797844491116478,0.01343439320636522,0.009741376468683598,-0.0010123704894945437
2008-02-28,0.010761090427705901,0.010932863751962722,0.009193942454727554,0.00824615853730728,0.007807517107415224,0.012637418651862633,0.008263394978612733,-0.009815097995852859
2008-02-29,0.010973135116096079,0.010869039890898059,0.009234912390253787,0.008785174304257822,0.009003664463028084,0.011674355260242563,0.01506170402515772,-0.022535992671877964
2008-03-03,0.01195983120772363,0.011896223115062762,0.010634308111280973,0.01207014417107014,0.012056973933066427,0.010805527938916376,0.009558166881970314,-0.0023940677334756896
2008-03-04,0.011189727718711922,0.011548714671248076,0.010240361369389186,0.01149240027243281,0.011928467165050012,0.010704976666942116,0.014485555573720688,-0.003827640085382544
2008-03-05,0.01046812818298048,0.011236079905457247,0.00990375424914964,0.011020831511771285,0.011989770300620572,0.011001593217815112,0.014876653345526293,0.006296672147967466
2008-03-06,0.010345403624057647,0.011002427320898341,0.009638868985810376,0.01047404372442214,0.011054158120105718,0.011116272048347009,0.012979340663188635,-0.020915288638385484
2008-03-07,0.009635955459366156,0.011833729778230103,0.010741592753300899,0.012809116039410717,0.013579139788654701,0.011841693784810328,0.02006966524041603,-0.01035401449455559
2008-03-10,0.009730436525835997,0.011750202883590041,0.010673908000411356,0.012787349878977672,0.014338776180178956,0.016165242950812186,0.010871103314714421,-0.013270909088277195
2008-03-11,0.009898003196087845,0.011846951228858637,0.010826441265623519,0.01316036255706921,0.01541436711227746,0.011110750037359436,0.02144565573528125,0.035306584706201766
2008-03-12,0.012770152548873056,0.01437784871358681,0.013622365968202193,0.012463213110108597,0.01205370513091344,0.02190100812518912,0.014411544834234475,-0.00939531882027061
2008-03-13,0.012862624507042652,0.014128535046388014,0.01327306429300711,0.012369394420303057,0.012826495126422626,0.016748800422420045,0.02291659675982721,0.002205170372085542
2008-03-14,0.012677213305453336,0.013708768689630332,0.01271244478595997,0.011727036109069255,0.01215507078575908,0.02000548723564074,0.026692321589592994,-0.01561686139405937
2008-03-17,0.012770052672788187,0.013830679673635613,0.012838800417403222,0.01265850875472665,0.013775131713657534,0.018706519397193377,0.018151390044629952,-0.010158721996111184
2008-03-18,0.01280642384483639,0.013638270278018788,0.012586283400472917,0.012630943376487062,0.014490442001232673,0.015543954829462168,0.01634837482757974,0.04070316144386886
2008-03-19,0.015906505713947403,0.016560407974964036,0.015771672303496832,0.011970376890288199,0.010864371543973874,0.014741188968377481,0.019716099203152402,-0.02508089685732977
2008-03-20,0.0167550314529227,0.017191142160702944,0.016398724216365023,0.01488952158797559,0.014072980086902317,0.01867952848923511,0.02008276318672925,0.018352924708900476
2008-03-24,0.017304434323192314,0.017263054115201126,0.01630159368162888,0.01407501263411987,0.012037743538810186,0.018846598267468595,0.013820882518408356,0.01979058521705161
2008-03-25,0.017799857401835914,0.017425047802956055,0.016318209160176525,0.013315420580020602,0.010070737805088319,0.014703928462457407,0.010928278814833518,0.0009644851290339449
2008-03-26,0.01774943052634955,0.016895862433537776,0.015587646380589553,0.012607621058738654,0.009715635045189214,0.015812135768871593,0.01010960127566104,-0.012311548143988427
2008-03-27,0.017697808707769283,0.016656422496825536,0.015243165398956943,0.012866753293649984,0.011102651376195396,0.011754019016043941,0.010316137838974294,-0.0031579420433530455
2008-03-28,0.017588473069996557,0.01616751624851947,0.015180340488593798,0.012726429906072636,0.011492140496740797,0.010056881895694253,0.011862990565055537,-0.00961081990121516
2008-03-31,0.017670941782603734,0.015850783523150776,0.01478521132341445,0.012676014428304074,0.012399297924322206,0.011927723455868375,0.00956869902890498,0.003491896664477147
2008-04-01,0.017620268926867085,0.015391689268525533,0.014202154060424221,0.012016241119056468,0.011670999952363748,0.009769535863794592,0.01242855208767039,0.034555460017475295
2008-04-02,0.018590118913389613,0.017156183772846265,0.016183684790116525,0.011401582592199717,0.0086640436753753,0.01328095307702898,0.010041184045104859,0.0006586970041844128
2008-04-03,0.018572390679011105,0.01663431982539149,0.015512096966760919,0.01082951888026681,0.00843958612343133,0.011804084289872582,0.008753038321146456,0.002483925076691876
2008-04-04,0.018535221991151218,0.016139044374355153,0.01488165260864259,0.01029766955500376,0.008071108670186787,0.009037498325994544,0.011033439912389338,-0.0010951367797376191
2008-04-07,0.01851301388502387,0.015649683306455133,0.014278710534561088,0.009817218943503786,0.00808405906986598,0.010003483801796989,0.009881473513087035,0.0005115856716501973
2008-04-08,0.017803613315601326,0.015173448373087983,0.013699478873871539,0.009358175876692305,0.007907930615273367,0.010325579771927803,0.004827102298663114,-0.0010228892832460403
2008-04-09,0.01758628272574563,0.0147133375393915,0.01315440593252406,0.008946132143724495,0.007921425938601555,0.008132772279523769,0.010854064904685089,-0.007262302513873937
2008-04-10,0.017359561584622624,0.014375598273580278,0.012785713554376084,0.009050092105803303,0.008780495614701764,0.011196975833367297,0.010287039239629335,0.0013979902474705941
2008-04-11,0.01570895227926918,0.013941865685190192,0.012282607888863173,0.008647974940780427,0.008484473350310716,0.011152229705557085,0.01153443619303432,-0.01959965184474376
2008-04-14,0.016210932724045547,0.014344401793137307,0.012875831463160951,0.011412876120173047,0.011216803153184891,0.010612782412929083,0.005985697607310074,-0.003379738482237765
2008-04-15,0.016235309026656743,0.01393203176020218,0.012405567954194625,0.010932671878281331,0.011309272670601412,0.00821212697603303,0.008247980967222991,0.0023294594517035997
2008-04-16,0.015800206189637074,0.013519652410823039,0.011928687504987828,0.010393526549593624,0.010761026077524943,0.008914529435448472,0.007677342630431161,0.026733261001680275
2008-04-17,0.016469950522239204,0.014652446070808192,0.013293784746419332,0.009892752476842369,0.008366967559270033,0.007646161704182614,0.00792154189305161,0.001460420053601549
2008-04-18,0.01406557848085384,0.014210576867616724,0.012765575407165395,0.0094281935820704,0.00809110339997436,0.008375275460029193,0.007352316837259953,0.010380093345493913
2008-04-21,0.012793747075781806,0.014010312112422298,0.012520716160011523,0.008997802634866305,0.0070951801614307095,0.009238691083372703,0.006536853083083297,0.0005056364991228785
2008-04-22,0.012315600959113973,0.01358406621208806,0.012028669877696524,0.008599631573288092,0.006976049642378063,0.009155387998563372,0.008368669016449625,-0.004412896544873953
2008-04-23,0.011712448184898916,0.013214524695125228,0.011629370330705331,0.008432860484339022,0.007497659482628551,0.009069458721012037,0.009755693923478146,-0.0015957964890937237
2008-04-24,0.011727515615858369,0.012817918595819926,0.011195190835475037,0.00810927847587512,0.007609787989104032,0.009592455873344334,0.016080930666192907,0.004347068696655944
2008-04-25,0.011338845941179593,0.01247296738056061,0.010816002596813385,0.0077797073372581895,0.007131929382722777,0.01040435384444981,0.011739109151078245,0.009211157883975933
2008-04-28,0.011389783533311323,0.012301672493354275,0.010533067428082719,0.007499426855910629,0.00624096506969543,0.01076172597737706,0.004977447150236461,0.00021496141418792338
2008-04-29,0.011069672667092394,0.011927030220063148,0.010140785841418875,0.007217185494923437,0.0061992601268560255,0.0072531634386104,0.006453671120764525,-0.0039464855349889616
2008-04-30,0.011166788429688403,0.011604020499928215,0.009834883783392914,0.007154231953742139,0.006720095340304432,0.00700958160754204,0.012720196316436701,-0.005913598902482447
2008-05-01,0.00854135384180272,0.011343382801252697,0.009619920806547836,0.007321985340166089,0.007492463688405618,0.010551309989320452,0.009027824833408688,0.02047485815152817
2008-05-02,0.009582597436474525,0.012087397666690798,0.010578627733432924,0.007054343386904401,0.005717089355470828,0.008776339055813,0.0096867986448536,0.002759603237813804
2008-05-05,0.009584179394496318,0.011738645407940729,0.010199778625146374,0.006809085370275993,0.005464478022766807,0.009169078873422496,0.006943579445190341,-0.00481676334208746
2008-05-06,0.009669149195177263,0.011442033071014369,0.00991817455537241,0.006884823082768383,0.006151701304811178,0.007515618088105945,0.010361892267803078,0.008626087231186831
2008-05-07,0.009795233216644172,0.011292894952380367,0.009779716297766358,0.006653987451549591,0.005371734158151733,0.011017254804066104,0.011960144785625255,-0.01797158531528974
2008-05-08,0.010691318919501397,0.011800694070513495,0.010536683725266487,0.009707496427519493,0.00835126492778517,0.009976029926844224,0.007334736018893544,-0.002583560443327095
2008-05-09,0.010559994394250842,0.011458685997397812,0.010174417922862897,0.009322789273929795,0.00855728633119622,0.008351072783261894,0.005369007181744652,-0.0018703793199069886
2008-05-12,0.010580274328245463,0.01111905098593235,0.009819782742577901,0.008938058446426944,0.008655446213426005,0.007276184096791674,0.008823489406440845,0.011168720188858916
2008-05-13,0.009677192049991915,0.011122037393280012,0.009847271215642637,0.008543091347207326,0.007522361040270692,0.007492594826941488,0.006632059241852699,0.0001425109747403918
2008-05-14,0.009601088618978381,0.010783271831570556,0.009492148078438128,0.00817826797937811,0.007420500404983336,0.007945048570432958,0.010060337246448538,0.0020621287929271587
2008-05-15,0.009601685082657359,0.010466965024277457,0.009164602436711366,0.007841708890227615,0.007147071666879025,0.008943032270466802,0.0072062257637964,0.012425171644110482
2008-05-16,0.008211972374570806,0.01059466888738941,0.009352670064876797,0.007531794313919173,0.006004632325905617,0.007468219499726397,0.007252409263437415,0.0009116596660867839
2008-05-19,0.00821443593877734,0.010274339672417799,0.009024875001519501,0.007246908926236137,0.005908861435371915,0.008294198614008281,0.01147409440799715,0.0027298542049373213
2008-05-20,0.007986514056503127,0.00998375974274111,0.008733154297389778,0.006985500415854243,0.005650421275288578,0.009298693757618715,0.007574472680219966,-0.008142188113159633
2008-05-21,0.008261075963729263,0.00988294716777015,0.0087222005341697,0.007526605810971616,0.006833040909239179,0.007390649561103442,0.013896351127638268,-0.017058819815203706
2008-05-22,0.009103600405933577,0.010453348078340025,0.009542386344159253,0.010000620570734229,0.009403260483943812,0.008966690041031136,0.006917218765216683,0.00014319707420793075
2008-05-23,0.00909117709852173,0.010134957681620711,0.009203981839002989,0.009527222534876718,0.009187111475270402,0.008416521626552063,0.010398104828617322,-0.013494885097989524
2008-05-27,0.009547222986903024,0.010367306333094652,0.009572566956772506,0.010609634152213143,0.010906957181390153,0.009894856108330064,0.007537939424878531,0.007383071342460145
2008-05-28,0.009464767472507933,0.010212872402749502,0.009406170217706074,0.009976266986939769,0.009956027226430526,0.007804525386985985,0.011876397457147402,0.004605274668936913
2008-05-29,0.009525507861258109,0.009965797019733694,0.009142632595176428,0.009560530757232798,0.00933154338919181,0.008814588612642461,0.009941088161726471,0.005012691789636049
2008-05-30,0.009545823722860777,0.00973990289288831,0.008907400895189906,0.009171362322906359,0.008714301569695083,0.01046462030615694,0.004671724706948678,0.0024967273776840327
2008-06-02,0.009447403922806323,0.009462969127976116,0.008627221390528225,0.008807441840411951,0.008337514812764898,0.007884551101302782,0.009949800965171717,-0.010385114698233147
2008-06-03,0.00858034316940353,0.009520816880485351,0.008781997760306462,0.009364188981389462,0.00960525638120286,0.009597342319222284,0.012789498695444221,-0.005848454027278934
2008-06-04,0.008609607421194024,0.009341277305485712,0.008641491960156834,0.009273898746762743,0.010140927153494128,0.009915056979224984,0.010020797564937399,-0.0005067821785670012
2008-06-05,0.008569480626479473,0.009057555061201353,0.00836505169350527,0.00890737020279262,0.009946250315867801,0.0103533606611839,0.010032113468956319,0.01979943296174195
2008-06-06,0.009491655148623223,0.01003184919154407,0.009437004864295325,0.00856080901701878,0.008183873343760965,0.0093164822872841,0.01284185943012412,-0.03241338954290916
2008-06-09,0.011196418140527367,0.012555372858238534,0.012293434690301287,0.014815365034375704,0.013345659460087457,0.011645363291894178,0.01259853030886074,0.0024183220785493863
2008-06-10,0.01121680832498373,0.012187290152177606,0.011832661670931466,0.01410955043023967,0.012656890192239643,0.01201448554500104,0.010522063370213787,-0.004989521145197981
2008-06-11,0.011251216061553137,0.011879055436088595,0.011467677797755073,0.013586931492675694,0.01285170522808666,0.010794879668824187,0.009156458460827608,-0.014821767079359586
2008-06-12,0.011272214074201078,0.012075857208982445,0.011687184388650391,0.014140469898924823,0.014368539349654952,0.011475654484436826,0.014401540948909825,0.0038001216472530364
2008-06-13,0.01133930521518211,0.011744922441798608,0.01127745971732774,0.013473670023542357,0.013489126623452757,0.013227682091372648,0.011691665790497017,0.012565079979322942
2008-06-16,0.011755548398722185,0.011795740123758221,0.011272115513354077,0.012845758284511212,0.011994831927344215,0.01238601615405857,0.008148781372383907,0.0005869439681526863
2008-06-17,0.011325901943824027,0.0114372980269166,0.010852849299768857,0.012254823867410275,0.01155597761134602,0.011201423531388886,0.006987845416637753,-0.004855778222676915
2008-06-18,0.011317801126074542,0.011152479272161375,0.010540585682326978,0.011854163779852498,0.011817813058887466,0.007607918473956199,0.010859027468112412,-0.009784691201867639
2008-06-19,0.011362056179685708,0.01107517662143517,0.010480478648041167,0.011934248597454311,0.01271957990785627,0.008531976711050005,0.010605745647294369,0.001265675744567946
2008-06-20,0.011335574860795344,0.010742256795927396,0.010103706106223858,0.011397721180367311,0.012171739009055563,0.009855151428039725,0.009428389945915725,-0.016364670043174965
2008-06-23,0.011292158061447963,0.011159769788969157,0.01062181393742633,0.012562216226146068,0.01397640886934764,0.009005325773972438,0.004487510325760132,-0.0009886138097667337
2008-06-24,0.01128139551872991,0.010822507818159018,0.010242571286419467,0.01199660751656393,0.013560922213838722,0.00793202110049772,0.014144774724265065,-0.0019798419984095694
2008-06-25,0.01100155054831337,0.010504011681542736,0.009895728812888561,0.011486045468207508,0.013301614165989349,0.009482398664269429,0.01348687472113515,0.0047145399534517934
2008-06-26,0.010902134474226537,0.010249283825711369,0.00969708761644612,0.011059443297357757,0.012392635300581467,0.00823488330521935,0.016741273238493573,-0.027535925805427065
2008-06-27,0.012093687623473999,0.012009936819205522,0.01162688737656806,0.01463312624506797,0.01583434190771751,0.01440951627142306,0.010960898218793183,-0.005474031111899756
2008-06-30,0.01193111519249904,0.011721013968683457,0.011308036556878636,0.014146557972460174,0.015822298544491388,0.012377397537076092,0.010377888219346147,0.003522700128599224
2008-07-01,0.011961989697751384,0.011396657550290363,0.010936538476493977,0.013535537731296095,0.014865407709024735,0.012099054132846185,0.01265248813747317,0.003120337451562168
2008-07-02,0.011973389832424023,0.01107587312441652,0.010577109862308668,0.012957081112637256,0.014016130562671217,0.01365329033241201,0.014545271062748895,-0.017285038456894827
2008-07-03,0.012339429791156254,0.01154299877880362,0.011104405014225214,0.013938508491275665,0.0157364360458139,0.013488988373943285,0.013126355713136586,0.0010296316608344083
2008-07-07,0.012366061148661582,0.011194194032641819,0.010717475951288353,0.013338545290447723,0.014977542465826861,0.013184998525378838,0.020055528677900114,-0.010265220411578393
2008-07-08,0.011156009109225753,0.011140640297752406,0.010677475463186745,0.013323026891582991,0.015654399249831374,0.014616346695402531,0.016477047017139684,0.017600832240856568
2008-07-09,0.01041855758560874,0.011629892175059798,0.011137773569734286,0.0127559628460594,0.013677467239354632,0.016792939006209442,0.015458945009839553,-0.019442513591156813
2008-07-10,0.010926268784239038,0.012240090218942226,0.011806396380052944,0.01414778242493633,0.015739656956233118,0.017221023168517,0.01375159419521216,0.004079042428529897
2008-07-11,0.01106663621951044,0.011909195408666333,0.011420040540967355,0.013536697198637683,0.014747205450141243,0.016677407477550678,0.02268833157243267,-0.011720982761976891
2008-07-14,0.010929873910441264,0.011897986610317095,0.0114152773669951,0.013661013826907738,0.015636987766172096,0.020987927874433612,0.014351143835172914,-0.009085212768298816
2008-07-15,0.010861277362993199,0.011748226492507001,0.011258688872185783,0.01350259852867693,0.016102406165465197,0.01722335470469935,0.023059339848628718,-0.014197116609370059
2008-07-16,0.010365723131627728,0.01190936872287074,0.011443402570888883,0.013941980546564623,0.017199951599294556,0.021099279161703118,0.0180152017568248,0.024250937461237698
2008-07-17,0.01217552169141274,0.012984974302615547,0.012491952421911834,0.013341832566427535,0.01462831847705809,0.017073243891312477,0.014328328141638114,0.00995383132086908
2008-07-18,0.012561867376522975,0.012823326778144187,0.012262930548681186,0.01277375888156214,0.013285338032614401,0.016311769968690683,0.00827517280285897,0.006210617026188667
2008-07-21,0.01264966506715498,0.012525404301270466,0.011904706742515387,0.012236318082519331,0.012323583117151515,0.01603513357524883,0.010227477153945296,0.0005553771876522393
2008-07-22,0.0126392236211721,0.012144591980173786,0.011478857982455888,0.011728136126189947,0.01186548992772412,0.012444599072893334,0.013895597373356272,0.01128102357279605
2008-07-23,0.012598015460227997,0.01209451681854245,0.01138834373489331,0.011247902288850791,0.01063250856894305,0.012094942237776353,0.010182890881152514,0.005397849254743771
2008-07-24,0.012687929506135754,0.011800377258553306,0.01105398259886454,0.010794365250924396,0.009919902054519654,0.010782443668191529,0.01366141734748823,-0.020972171784678927
2008-07-25,0.0134027982600036,0.01254128735814215,0.011895141869122943,0.012904972989703938,0.012618273789855963,0.012708267476954029,0.008342633775328496,-0.00023888463747374496
2008-07-28,0.013320062375012886,0.012159370018044832,0.011605979141987674,0.012420691507416435,0.012227542973969925,0.011706013132718135,0.013681347425656864,-0.014772142782244318
2008-07-29,0.012370404164569434,0.012331757158828774,0.0118045971589725,0.013062774604322293,0.013735469776261215,0.012507408590208526,0.012246078395956565,0.021127195850659045
2008-07-30,0.013295830296230101,0.013028023826259743,0.012456809993633517,0.012536363284854388,0.01169514751198037,0.012461892123359138,0.012702693911909448,0.017660916494906826
2008-07-31,0.013854286266184955,0.013351408870038411,0.012733643156631202,0.012036985012793289,0.01004441233098658,0.012893104320679777,0.012140179515225795,-0.013314585576629826
2008-08-01,0.014142518535333593,0.013349202336869717,0.012738606035879585,0.012522819202758955,0.011538476703727232,0.012150388114147948,0.010556169854083582,-0.005297135429547487
2008-08-04,0.013668445827135127,0.013007409791130003,0.012381838068830942,0.012180730578097976,0.011843359767137294,0.01053773006199258,0.006764257364453544,-0.009316782509952548
2008-08-05,0.013814877114526471,0.012815978038612076,0.012191787226564634,0.012178429989912585,0.012645130790197228,0.010914747759664358,0.019222716055688822,0.02660487059011348
2008-08-06,0.01481825827866085,0.014030804818256755,0.013368459056557307,0.011697577644432092,0.01032406636545275,0.012838107839129375,0.010528961249492973,0.004430884920248655
2008-08-07,0.014363614926555463,0.013646598084787473,0.012944011464676582,0.01124181904087663,0.009716218178415822,0.010790488002626858,0.011067523129967661,-0.015004038671857338
2008-08-08,0.014083434822282168,0.013731829139574126,0.013043562611473413,0.012088096381890989,0.011482330000846794,0.011050557694935932,0.016538994464059244,0.018410958388427594
2008-08-11,0.014586530874275498,0.014056569530087147,0.01332361027726494,0.011611939526876468,0.009795433497027365,0.012524704033237815,0.012691841911597036,0.010304795276098408
2008-08-12,0.014377047241125792,0.013860131546196159,0.013084032929436313,0.011160676723694965,0.008788893371432453,0.013008538243307085,0.01142599429047215,-0.010459593297495158
2008-08-13,0.014435769617201595,0.013679957500158053,0.01290524809108585,0.011382231849260847,0.009981918966043744,0.011398689672856661,0.01266248064464083,-0.006047991507973083
2008-08-14,0.014069204656671582,0.013345690504825652,0.012561600331424871,0.011164934267268136,0.010493871062404484,0.013857447405012442,0.013065574375023413,0.007515768770876873
2008-08-15,0.013249043421840771,0.013069438188407152,0.012255488896412562,0.010737280912692177,0.009645479274940345,0.013676229828264894,0.007518702759018115,0.004851410217324993
2008-08-18,0.01314411889466589,0.012726891708220252,0.011890542999386322,0.010332458850946708,0.009048646075889477,0.01329948081298118,0.013966858864959592,-0.013768586248001532
2008-08-19,0.013530379753548328,0.012791785811047608,0.011992259435500741,0.011121261765899655,0.010694058813670587,0.012572393129044462,0.007133794927376394,-0.010964186324327269
2008-08-20,0.013776426465582926,0.012689554763144753,0.011911566315275108,0.011408406381024834,0.011807690696457844,0.01236809033021717,0.010412755434430975,0.004635798813902864
2008-08-21,0.013587911666795079,0.012355272150795292,0.011558173693908944,0.010967863128820903,0.011085558971982932,0.008810529061928755,0.01031354287848297,0.0017225628329929964
2008-08-22,0.013538996702130221,0.011986309619220637,0.011179747435607002,0.010550699537043542,0.010633774914301761,0.00984677412558174,0.010525086463669042,0.014371907379604454
2008-08-25,0.013005871086962032,0.012142669578565813,0.011325336138571595,0.010155920704681673,0.009284634461877946,0.009002272308383618,0.015732530389441626,-0.02049405795098407
2008-08-26,0.013867354522380238,0.01279836488394012,0.012134744206668175,0.01234058208290273,0.012079098151900591,0.013236769503626677,0.008111976288339677,0.0029085808194312256
2008-08-27,0.013418062596704682,0.012428911682979854,0.011745734039945136,0.01186164453978151,0.011483016007520337,0.012951040313029516,0.007747148916679906,0.009686953097129448
2008-08-28,0.012795875566208375,0.012281669206759865,0.011577001848388604,0.011406930844556932,0.010434655441642175,0.008434559294251956,0.005955355888550188,0.012054769310537273
2008-08-29,0.012482880562877084,0.01226817355525399,0.01154476204313622,0.010975436169902226,0.009287691463786878,0.007508060643789158,0.00898090463808367,-0.010811610284248535
2008-09-02,0.012354557046975224,0.012185690479215014,0.011491878827259182,0.011267864495392486,0.010485636381824209,0.007784092424256399,0.016888540234434236,-0.006231142155514041
2008-09-03,0.012378997664014296,0.01191264946439922,0.011231097748697128,0.011080534427667226,0.010986899804805392,0.011730435763340367,0.010163253616006845,-0.0008597561974088841
2008-09-04,0.012173174196146655,0.011551662004624742,0.010869981835181229,0.010672020825301904,0.010785788147341588,0.009884549177402092,0.013174162420969188,-0.030568895528631037
2008-09-05,0.01256815180783854,0.013472263499329541,0.012919603476874361,0.015028991448311753,0.014865950474966434,0.012468026931130693,0.01860710262146362,0.0031396360534315646
2008-09-08,0.01254012358878085,0.01308446443842947,0.012499252014530718,0.014417443901597729,0.014054537784538022,0.01431510584579319,0.024274547633777437,0.020445253809756377
2008-09-09,0.013035247009673416,0.01363860408043343,0.013014627301063857,0.013835648080627583,0.01208415801290049,0.020774193717682993,0.020026785153813533,-0.030136811790278044
2008-09-10,0.013882825349143079,0.015144123463575071,0.014586483758658177,0.017125566100061728,0.015904826521145436,0.019868915222354615,0.015671634368357203,0.004049769421463124
2008-09-11,0.013663804389752881,0.014716244252295684,0.014106795607965534,0.016413357248836427,0.014947731607800134,0.016062430343875386,0.019240677324646863,0.01436416884566162
2008-09-12,0.014020536149382212,0.014695357600182202,0.014031095170108216,0.015735139043307644,0.013325993159275639,0.01653942729633945,0.011770656310735443,0.004610387085584142
2008-09-15,0.01403810457334233,0.014292363801769603,0.013584870010646476,0.01508947578579974,0.01251834298658955,0.015997476255174004,0.03767414008590871,-0.04875419498752956
2008-09-16,0.017330164233542892,0.018292994697220278,0.017712265249829,0.0226752904725017,0.019544402899227195,0.019489749331576538,0.02157756337828552,0.01659899592972995
2008-09-17,0.01780008269615911,0.01819580269307977,0.01752099419433642,0.02170299707402894,0.017399794477066164,0.018648672422460235,0.03615333587115416,-0.046005768528684814
2008-09-18,0.020022279487781184,0.02093355788636168,0.020289181305082008,0.026514185726573176,0.023008072138434487,0.018458533295461037,0.054727496871865816,0.02924001150295418
2008-09-19,0.021265134852350265,0.02152253961307377,0.02075844960172422,0.025365060079627213,0.01969917096597886,0.01546359311834543,0.026844913259157638,0.03894587852089604
2008-09-22,0.023093776361958855,0.022944136853200937,0.022068234400651567,0.024268688629530213,0.016055406810008045,0.01546359311834543,0.023072703617370335,-0.02289998025852498
2008-09-23,0.02356701152989084,0.022941489854247883,0.021997472428435017,0.024637280766140177,0.018335677796352787,0.015361481577049503,0.021619447625910594,-0.023014322374594436
2008-09-24,0.023663907601399047,0.022945866324684948,0.021938916661079343,0.0249824558362433,0.020401491426748873,0.015034624078700227,0.015152743704364821,0.0032007484631110176
2008-09-25,0.023400926683599763,0.022260653673024485,0.02224372194214539,0.024764574760367128,0.020311939506570967,0.012294843242482971,0.02234278441680414,0.015518073213872656
2008-09-26,0.02371597122494035,0.021914678542237047,0.021723564837533432,0.02364007355434314,0.018141253317999696,0.015190633913984055,0.016562409142650284,0.0004964468635497193
2008-09-29,0.02356885670082396,0.02124741713814433,0.02086418419458471,0.022570016250040424,0.01721177300866319,0.012492668579210995,0.034910323393199987,-0.08160243015921612
2008-09-30,0.028897006877497113,0.028703709993886783,0.029337313554925283,0.03758441499526604,0.030909892654341423,0.01546359311834543,0.04282737145849234,0.040556442656093955
2008-10-01,0.03069055254481904,0.029549251967239187,0.030046768554425677,0.03584653253332727,0.026063794165150887,0.01546359311834543,0.01900696334763014,0.0006031696228897307
2008-10-02,0.030709844018122507,0.028649443679234405,0.028837442392188564,0.03419128174952139,0.024403600405388675,0.01307285542969346,0.02195885029579074,-0.03694840724047553
2008-10-03,0.03150227020878948,0.029213939713745016,0.029349018281682463,0.03547911132853234,0.028095941907530394,0.015150519071843192,0.0390821748075261,-0.013592210830543754
2008-10-06,0.03105772265108481,0.028518974541489838,0.028405432147521274,0.034233232955270566,0.028035714847479284,0.029518086674838868,0.05287300489098667,-0.052276702652783
2008-10-07,0.03262023554921207,0.030471350688459912,0.03054204157165975,0.03815830813461808,0.033651849841503385,0.029518086674838868,0.03843088075881468,-0.045819899568974046
2008-10-08,0.03294126218167043,0.031603177242217464,0.03170268316380877,0.04029942676844615,0.03750821310359255,0.029518086674838868,0.04463214356844017,-0.025514988355243753
2008-10-09,0.03282286310297709,0.03127132937597832,0.031169096007688954,0.03962747621399386,0.03801139363634199,0.029518086674838868,0.058305223755815844,-0.07239761162004993
2008-10-10,0.035236162079130155,0.03512416730090159,0.03544788986597039,0.046634968108608586,0.045351444463751604,0.029518086674838868,0.09552268298120116,-0.02455501173531018
2008-10-13,0.03466039836723443,0.03458123214904429,0.03463335205405961,0.04542938629584578,0.04479555285206116,0.029518086674838868,0.08141323689582305,0.13557772407455534
2008-10-14,0.04788321049310918,0.04719098511202648,0.048487986833340206,0.043319602859860626,0.03268474431797465,0.029518086674838868,0.059479708961474254,-0.014911351491923474
2008-10-15,0.047080915905772604,0.04589891758518752,0.0466857809311704,0.04169591895456749,0.03231143808554186,0.029518086674838868,0.042018281737090234,-0.10363687465550944
2008-10-16,0.051020317811374165,0.05123225648616341,0.052388783645794294,0.055762172967172584,0.04616703693499533,0.029518086674838868,0.07253665167999172,0.040812643083933633
2008-10-17,0.05182867750007711,0.050667541567693854,0.05134970172306143,0.05316432842712533,0.03962286255235051,0.029518086674838868,0.05958184439669632,-0.00598950129481132
2008-10-20,0.05105585026955781,0.049145907560536294,0.049285794306385224,0.05074122587337276,0.03733498725524433,0.029518086674838868,0.034184519553265,0.05834356836641904
2008-10-21,0.05218256668479573,0.04974574689695062,0.049641390045585626,0.048380354792739964,0.03066813403591468,0.029470662981035577,0.027947735200368074,-0.030309733221201715
2008-10-22,0.05229298640257291,0.04879837876355903,0.04829120479132798,0.047534190013314,0.03263128315468488,0.026314652658944872,0.07238022784270073,-0.055993338777783
2008-10-23,0.05315326187838256,0.04925972089855643,0.0486121688011661,0.05001317248533966,0.03817954905800183,0.029518086674838868,0.06059607756954524,0.011518211369709984
2008-10-24,0.05330907819327775,0.04784233531520901,0.04954510131964263,0.04954285694796619,0.037934068241616485,0.029518086674838868,0.05029190216835398,-0.05204610326586924
2008-10-27,0.05357889707996349,0.048104921966653405,0.04964186959182865,0.05153025542321621,0.042837049571565554,0.029518086674838868,0.052724854683032646,-0.036146097067141995
2008-10-28,0.053624981967056895,0.04747242279854673,0.04850413451027315,0.05109760591517296,0.04464905462837328,0.029518086674838868,0.07365458501331969,0.11051665896495007
2008-10-29,0.058299348752888655,0.053397087798012416,0.05628385715470788,0.04857983936958075,0.034410870866280335,0.029518086674838868,0.043976362371108094,-0.007278334454769814
2008-10-30,0.05722365634091255,0.051801085850938074,0.053691567376160945,0.04628170883094323,0.0329841194180961,0.029518086674838868,0.03153024495875667,0.03400869721858655
2008-10-31,0.05800607339588174,0.05090920186770179,0.0521031655200317,0.044004792096775366,0.028502300622225696,0.028299255617712325,0.03243281754278914,0.005488467298556409
2008-11-03,0.05771810506725519,0.04937660803574164,0.049683716910476426,0.04184188912887888,0.02629536071275286,0.028356353826270202,0.01465086778371958,0.0028872153274423513
2008-11-04,0.05773411866148901,0.04787762125032081,0.047362453887515595,0.039787393883849526,0.024470287997060764,0.03458392168741555,0.033315083610917555,0.033417568597155535
2008-11-05,0.057332864316029845,0.047135280343396244,0.04615911703270756,0.037835980960127545,0.020845924109258895,0.03691034464615323,0.04274612638619581,-0.04293607327188243
2008-11-06,0.05722601541428553,0.04689393305266717,0.04578044679158554,0.03990112404307816,0.026515830421425263,0.045348003798656326,0.03877794311074513,-0.05700593507624728
2008-11-07,0.05827966065409354,0.04756131934412867,0.04674201739725969,0.04431167228088127,0.03389516594377867,0.044734185785241964,0.026159369630451974,0.03248437266022105
2008-11-10,0.05653580056798822,0.04679389297671891,0.045524612067588024,0.04213339654475244,0.02941719318949516,0.03496505099183352,0.03568657544922819,-0.01319169172402317
2008-11-11,0.05632663475658278,0.04548328878339961,0.04357658127327244,0.04041541553129638,0.0293292268931178,0.04186088319149881,0.030912095999543424,-0.031361367786707714
2008-11-12,0.04767288842115242,0.04476179071940785,0.04256135704396186,0.0404459221899472,0.03198000810098964,0.03712774766362796,0.030314459714211404,-0.04499902773183837
2008-11-13,0.04840757920742007,0.04477606038624019,0.042680195015996875,0.042495315777836974,0.03650344260222218,0.03722480448972328,0.08196783129715407,0.06047352204751009
2008-11-14,0.04520310224592747,0.045869648579636366,0.04429279209192431,0.0404080583520187,0.0300477601659276,0.05241748362609259,0.04584951634937323,-0.051194860462235994
2008-11-17,0.045568502189717364,0.04620647146704718,0.04482485257757926,0.0435782147982112,0.03586971917988024,0.0495209940958106,0.0314372652721747,-0.013365587064433235
2008-11-18,0.04561481401044591,0.044918304288603314,0.04291757699884557,0.041785212805790325,0.03514095853496901,0.03778414947574252,0.03860232317720613,0.018662563228888485
2008-11-19,0.04367834182942753,0.043789180085154374,0.04125592802367889,0.03973355975284754,0.031417246438544225,0.04914768726060774,0.0444343785577793,-0.06622417293566317
2008-11-20,0.04534823532838574,0.04544866576522388,0.043869186486295064,0.04619894562014192,0.03969319551709847,0.051568356193069216,0.06500492889831902,-0.07713349733283872
2008-11-21,0.0466880890796337,0.04794393529213464,0.04754208828391019,0.053739054621916395,0.048593908314069685,0.05275716855591541,0.06726117774403217,0.05253826264846193
2008-11-24,0.048404343929249444,0.048231937737828204,0.047945370955134584,0.05134578305271281,0.04325000179669677,0.054363767480889016,0.05968666576094264,0.06699559689463538
2008-11-25,0.04978901033114481,0.04955850309548404,0.049655017553329295,0.04880295352981798,0.03623946658494026,0.05312113812350334,0.03284306436474669,0.007381990846637229
2008-11-26,0.04915968671552738,0.04808276346730484,0.047411601056759956,0.04638786550658316,0.03333002320077438,0.03920843598232934,0.02633052272991432,0.03791318375309387
2008-11-28,0.04326972950400423,0.04753398346689839,0.0465210108276735,0.04409419599015333,0.028906285643349194,0.039754916599445085,0.009610607893307033,0.01251026073419205
2008-12-01,0.043375744052797385,0.046187673751724445,0.044519162034416915,0.04191593957257907,0.026361375924693103,0.037745586381379974,0.03072903386420883,-0.09274922100057718
2008-12-02,0.04685917446572561,0.0502140240766743,0.050356197752472964,0.05470372513103846,0.04107101393505112,0.04052445474412611,0.030321653083840654,0.03776261048695813
2008-12-03,0.04782881625423063,0.049555243982668876,0.04924516646503688,0.05199233828427276,0.0359149636515783,0.04017224036887356,0.03072985599975457,0.023756998444982184
2008-12-04,0.04823894887922568,0.048396720677312655,0.04746375030040131,0.04941704288039712,0.03206479444874242,0.03923690580570287,0.04098887240704262,-0.023405596389416392
2008-12-05,0.04756163433547412,0.047271316191951,0.04580502214471517,0.04791700852698672,0.03330849849505252,0.04438496338807619,0.0476808726453226,0.030366969461060118
2008-12-08,0.0475413025824512,0.04643093650254302,0.044554477007371036,0.04554644995574974,0.029318335144480016,0.049160817316442534,0.03904995466429727,0.03431818959788734
2008-12-09,0.04664511126718632,0.04579460929923503,0.04363018652828604,0.04329510688361997,0.025466261485994818,0.0448302898158592,0.027889129429089974,-0.016620666872001515
2008-12-10,0.0461674755027994,0.044585785408060394,0.04191790570805805,0.041704310528779695,0.026339163134019593,0.038989884327955075,0.021570740844546202,0.006792620456219052
2008-12-11,0.046136941306878405,0.043259531971417915,0.04003512177602365,0.03964642857289567,0.02436222881554255,0.03377738741784536,0.03099924993376912,-0.02437675838135945
2008-12-12,0.04593422579995257,0.04236457790364436,0.03887045596980391,0.03896218332041346,0.026520026945185616,0.039834039283716365,0.02297846832032178,0.011869409036220654
2008-12-15,0.044873479701089035,0.0411767529748141,0.03723597844056311,0.03704259716315531,0.024222064145575907,0.03388672464009286,0.02485281156295875,-0.014031794668009637
2008-12-16,0.04289840801489155,0.040070025731364846,0.03577650058176055,0.035676345530361114,0.02482669238890699,0.03355519401241885,0.035240447245134456,0.04599118953555746
2008-12-17,0.04254636185236429,0.04044974555271319,0.03661231661791197,0.03392278876294385,0.020722705584760918,0.04003729737703986,0.02144153733559477,-0.009733455383547742
2008-12-18,0.042484666915083444,0.03928988940662339,0.03505924449353287,0.03249922918037215,0.021004912258805488,0.0342949592868322,0.026902314227884475,-0.01886011023104597
2008-12-19,0.042581074157697206,0.038372072011884466,0.03392000677865688,0.03183648270261674,0.02262946161228447,0.03385453125954418,0.02218959276768291,-0.004311175262327664
2008-12-22,0.0397275665603146,0.037218088744381844,0.03239805373318206,0.030328768103106234,0.021981063540408692,0.034270982920039585,0.0274499692546144,-0.012896314659135105
2008-12-23,0.03539331532849219,0.03622228399624804,0.03115933663045602,0.029316638263063223,0.022617961235959442,0.03660214142613879,0.016720978955006426,-0.01039094082623303
2008-12-24,0.03399935008981552,0.035210920543289025,0.028587149287539325,0.027019298094999648,0.02350920190355765,0.031780484851060886,0.008132624062915391,0.005786056172982957
2008-12-26,0.03082240952565928,0.0341676615637898,0.027237354739560012,0.025622331228291953,0.02189381320873356,0.02994090362230518,0.007581799308999733,0.005753189165125146
2008-12-29,0.030808357131795944,0.03315673841118274,0.025957860057738327,0.0243016086349782,0.020407570814530214,0.029844479110150278,0.016311250551622167,-0.002871917008695729
2008-12-30,0.029642502937966216,0.032154346803843416,0.024715154858518065,0.02308470037313941,0.019757153020342925,0.03021013426313817,0.016474864582258466,0.02342548038566792
2008-12-31,0.029980059855266947,0.03169847133785608,0.02447949102723306,0.021903113881111567,0.017477110307711388,0.02748800931424757,0.01686510372564234,0.014173721405961456
2009-01-02,0.021301658927483418,0.0309282906536572,0.023644624733800797,0.02078665789120107,0.015861122568464156,0.028090534470165816,0.025500382418362572,0.029697002419836603
2009-01-05,0.02074457373212225,0.030855798971264708,0.024107135119237965,0.019731990492443074,0.013546497691814161,0.030838059075977683,0.015678948024636628,-0.0011843681205780823
2009-01-06,0.020295865437643255,0.029917213674012098,0.02294463895920182,0.018742995438360225,0.013163516914112737,0.017739664322173044,0.015584335021332784,0.006655184944882656
2009-01-07,0.01935579298112436,0.029051588300375974,0.021914109694698872,0.017802200067206325,0.012258241106296213,0.017663347970395083,0.015380173968431447,-0.030414357454644107
2009-01-08,0.01986978358058384,0.029135152036171043,0.022765977445593694,0.02103176982202838,0.016721640661225542,0.017410091602721178,0.010904526519038085,0.0040728431544309295
2009-01-09,0.018443335893485045,0.028265189583694447,0.021693968959435386,0.019963514404087213,0.015716340406134958,0.01460715546437227,0.05324363141828289,-0.02165196538926082
2009-01-12,0.018706380256692873,0.027912616179482756,0.02165816157608674,0.02094290384118421,0.018233649390314507,0.03493104731993089,0.01765834430086818,-0.02431419271616788
2009-01-13,0.01937509421556574,0.027709891582438074,0.021876326836598438,0.022252290298097388,0.02093806277684536,0.018888887834449284,0.01563839197480083,0.0018388204774905563
2009-01-14,0.018645718795473606,0.026869512121822203,0.02082749488158524,0.021116561004001264,0.019744748060190897,0.018617466135865977,0.023297147841363754,-0.031959782725515674
2009-01-15,0.0196678558320104,0.027201803312953268,0.02202047110079813,0.023963185175667284,0.023549444393683047,0.0213988146925436,0.034878844522543896,0.00035519541035184527
2009-01-16,0.01948311951145881,0.02637327031474807,0.020960083133032124,0.02273332745542163,0.02223459119201787,0.03383251960375905,0.02794470128348467,0.007789601109139753
2009-01-20,0.016364031813279285,0.025640926211731436,0.020072543902662842,0.02157108326104975,0.020608834326126688,0.025986468445342942,0.038426927943931585,-0.05423009140625197
2009-01-21,0.0197673060522653,0.028186234938557427,0.02503016163712728,0.030247266426004157,0.028306967762164174,0.037157860134356575,0.03303752001836179,0.04228523871407055
2009-01-22,0.022057202491263278,0.029224621373034384,0.026838507863404942,0.02867484865598595,0.024351604636165244,0.03354589847742558,0.028579801829887272,-0.01558852041007646
2009-01-23,0.022240157027305325,0.02859045125296044,0.025967325649518667,0.027935574005119243,0.025169284373221322,0.030157540185170504,0.028242555882698927,0.004341977812411971
2009-01-26,0.022175897987077264,0.027739867248356496,0.024731840127443994,0.02648870989593439,0.0235005451759897,0.031316476875151815,0.025061887381230954,0.006834296051593149
2009-01-27,0.02217677540000212,0.026946849110987058,0.023576561495545788,0.025089381501241226,0.022115964137959594,0.02400960072871509,0.017829950696396403,0.010106867617808893
2009-01-28,0.02226655264306896,0.026242973207552544,0.022615560650047835,0.023789706355026932,0.02045511753364311,0.02417919331435137,0.015829447417551136,0.033274428049183076
2009-01-29,0.02347257498470356,0.026717097108892595,0.023611958431131296,0.022561747545729923,0.017734893015554126,0.01875338681297874,0.0258248068369137,-0.033038229788646505
2009-01-30,0.024562929635329783,0.02713791736490628,0.02454941865574091,0.02535897564648114,0.02182146918616309,0.020199680440237275,0.025373337483073802,-0.02055255932094265
2009-02-02,0.024220855207758244,0.0267884868376074,0.024166206051200952,0.025493247556537556,0.023566071272236453,0.020558989551669286,0.016535151197254454,-0.0030227182721930287
2009-02-03,0.023885186909786017,0.025982953161080978,0.02301568552639482,0.024204539620066925,0.02274098468350465,0.017534102597951767,0.020498285995266374,0.01394932792152047
2009-02-04,0.02299768195972122,0.025422077976443996,0.022263632717579328,0.022953664011557913,0.020832755726837297,0.01928794157813809,0.02127599856249251,-0.004907882870955453
2009-02-05,0.02298135190533967,0.02467691967362369,0.021246967684433616,0.021867539303144567,0.020461713002078087,0.020882214060938254,0.07499468412912978,0.014770900240203019
2009-02-06,0.02325641272779605,0.02419719224079788,0.02066409760019205,0.02074613508770184,0.018677453656088975,0.04473755723325298,0.018229529962803637,0.02809856894782797
2009-02-09,0.023533252632446586,0.02444883719551488,0.021305079843780526,0.01968722123458017,0.016342916223099257,0.023482003131041353,0.013438824251422716,0.0013790010739786497
2009-02-10,0.02350594419213563,0.023706433735122337,0.020281245709497707,0.01868758143106577,0.015553951776443486,0.023608809726870975,0.03552786613911015,-0.046891999649377784
2009-02-11,0.02514354321058671,0.025694491204896752,0.023844148049410013,0.02621470998293477,0.022457702306525437,0.03334188188271791,0.016339302866839194,0.005878463592630501
2009-02-12,0.024742389210017552,0.024953313319765743,0.022744752530491713,0.024853118907155265,0.02099530842632654,0.02410146494657947,0.024522512779388123,0.0007169911579583607
2009-02-13,0.024735189185966355,0.024193772328340406,0.02164485730014346,0.02356646330404452,0.01991657614456576,0.019336331228480413,0.01315195425919576,-0.010815714494988277
2009-02-17,0.023866536036616516,0.023605869674919025,0.020867917843180695,0.02279347535094394,0.02042006384850686,0.016825226700968622,0.03769708128260884,-0.04371630557871744
2009-02-18,0.02562212052384283,0.025267959564037105,0.023768549431538014,0.02812726389140178,0.02600108325293501,0.03662707270311786,0.015893474752766243,-0.002401534369805015
2009-02-19,0.025503460340846707,0.024505257308132605,0.02263128913075964,0.026679972832860107,0.024907645974982275,0.01843766744437276,0.016209621204391744,-0.010813462311723584
2009-02-20,0.02280223039886282,0.023905920514038843,0.021791939518061434,0.025684643361076134,0.025021983972346437,0.018442187184244067,0.02679837171502039,-0.009768805172405684
2009-02-23,0.02052791672261524,0.023300841760672847,0.0209588859793972,0.02468501947125496,0.024984956651186607,0.019085919378690357,0.020026060288625063,-0.03643411037833925
2009-02-24,0.021596911721823,0.02428991842502196,0.02273353395315424,0.027800634008183667,0.028848008182192904,0.021206935379298693,0.02838190846109534,0.03720912098369675
2009-02-25,0.023414960547000697,0.02525215337216474,0.02421370618725814,0.026352027614619508,0.02528316773328361,0.027692385975076367,0.029840937392705644,-0.007904293059856553
2009-02-26,0.02331541593537385,0.02455930874153458,0.02326172731905318,0.025227808927511794,0.025157607002574564,0.03490901558260557,0.038885378052777746,-0.01639508844956625
2009-02-27,0.023228355968681863,0.024147422277055616,0.022711299379831903,0.024877558447780945,0.02601950187980777,0.03579833140933929,0.020779250618728037,-0.022601808721449908
2009-03-02,0.021740935333543706,0.02405748590185009,0.022669503762548327,0.025343468513297697,0.0276720699080507,0.024873785298679424,0.03571300280330683,-0.04608854248730455
2009-03-03,0.022660534579182715,0.0259130487430348,0.02551735889222148,0.03040421969484123,0.03265109392452969,0.033814650550531275,0.018200874171664445,-0.007535359316227979
2009-03-04,0.022494266960232923,0.025191344304162165,0.024430351063716747,0.029050298330617733,0.03175259527907814,0.023438685960849637,0.03199235028574267,0.02341461293583894
2009-03-05,0.023502009009367535,0.025088288983426157,0.024234542890717824,0.027606248795366595,0.028802186005068914,0.031584441098945766,0.03982592910723308,-0.04170612742467116
2009-03-06,0.024184276183454246,0.026382209410030895,0.026164883686871268,0.031146701497221225,0.03299147530944406,0.03857471074564724,0.0399611360908611,0.0017428504816319865
2009-03-09,0.024288783833514245,0.025582063376934996,0.02493883473772589,0.02959378661445906,0.031013086303513248,0.034566114094849776,0.02720069410597436,-0.011822451405838721
2009-03-10,0.02367060374120244,0.024971216831761178,0.024036505825028587,0.028523571661756456,0.030801289375549573,0.02286439147384395,0.0219184815283583,0.057900804229356
2009-03-11,0.026777787459532035,0.02805883386172126,0.028395092473966807,0.027106926628784462,0.026304390823758107,0.028862503740507438,0.021510472995827104,0.00649119487046028
2009-03-12,0.02689875894048395,0.02725047531456419,0.02711462096623582,0.025764105221390103,0.024597173724229163,0.02966813178588082,0.031499784426217585,0.038616793520083265
2009-03-13,0.027288735835648104,0.02806258193901368,0.028140511832346317,0.02449144023810343,0.0214646471320313,0.029299307334138866,0.02451256294207954,0.007783998928398556
2009-03-16,0.027328365714129853,0.027274409858654394,0.026900577107172034,0.023285454379908966,0.0200393842424097,0.027255412085071675,0.020737052797667334,-0.003026688166467714
2009-03-17,0.027304954331888835,0.026453912331165955,0.025654931461732765,0.022177372122769254,0.019501530173851315,0.030283047763546404,0.02415719122141818,0.030123898632661943
2009-03-18,0.028287336360422733,0.0266883469907255,0.02594213805206794,0.021093200765404017,0.017130419330952627,0.027019375835682344,0.03501665032569137,0.022137232109470793
2009-03-19,0.027141260512135737,0.02643738292493491,0.025523629372077593,0.0200664114364324,0.015296554117344709,0.027681780734146403,0.01564799450796641,-0.012463132254536817
2009-03-20,0.02728209275420429,0.025813153292461307,0.02461429055548087,0.019745601386607206,0.01635343115928286,0.026329366269732535,0.016545813327807406,-0.021523591588869732
2009-03-23,0.027591630373267322,0.025576075727506895,0.024318515654654375,0.020695020855755208,0.01865146265658656,0.02098865688294865,0.026308258181312646,0.06936604404648809
2009-03-24,0.03141120773109793,0.030059713815031194,0.030692449019602976,0.01968936484782606,0.014603053323180813,0.023023180104488956,0.01788133428174615,-0.01989937911962869
2009-03-25,0.030563740524005935,0.029548778795812955,0.029835648050068105,0.020381097448899523,0.016802579705089537,0.020742652642456044,0.037161788196757514,0.01049040135970028
2009-03-26,0.029654402472001497,0.028763612774922908,0.028578244204818443,0.019392127046222358,0.015555220688592705,0.027247262773780187,0.01839625428518059,0.020175835736697588
2009-03-27,0.02978422806313042,0.02832187415292671,0.02808213183551243,0.018918413170441958,0.014931351021381656,0.022722859784338478,0.011676092521862367,-0.01821326035403199
2009-03-30,0.029849222183892285,0.027819133943485553,0.0273410829428239,0.01945632048925393,0.016797786498076072,0.02390261231114438,0.017741458426544454,-0.035165908429727305
2009-03-31,0.030526672470618358,0.02831374979590186,0.028065462194904404,0.023253920386069292,0.02109518521550634,0.021113165536249433,0.020959453301423306,0.00922233546062858
2009-04-01,0.02835473722587892,0.02754399045409976,0.02690641319159114,0.02216473044094895,0.01970283468868443,0.027296432313910608,0.022185821469039666,0.019181093161354638
2009-04-02,0.028316151384086417,0.027115050905710657,0.026252055216747002,0.02113020854424645,0.01795996490166134,0.021595912409744372,0.03458823736233342,0.028818253416134542
2009-04-03,0.02849411892750137,0.027220248534492047,0.026379129352314526,0.02014778860306167,0.01591311469209103,0.026787519199869134,0.014483452990922234,0.009899862727547335
2009-04-06,0.026165249673305493,0.02650218578502917,0.025328459807268628,0.019215031539235757,0.014815006615746388,0.024834866944477438,0.019624849225002794,-0.007863746650935402
2009-04-07,0.026399615769860052,0.025766920867355415,0.024297018791282696,0.018598335060732975,0.015254390094526725,0.02700984011186361,0.010175721648701785,-0.023602386255984934
2009-04-08,0.026994560450283516,0.02564220186614412,0.024221191802511047,0.020085656498859728,0.017892169076900413,0.02168739811731054,0.013448437450569799,0.010720002614420016
2009-04-09,0.024573686509823937,0.024999325449192228,0.023315849376130918,0.0191560469928497,0.016636686479639708,0.024852333527456416,0.010733677593462047,0.03897397773426827
2009-04-13,0.02556059786641246,0.02605007779193043,0.024917057343289466,0.01827363534264278,0.014250325845408966,0.01875554636559737,0.01728344514690116,0.0002325306530144192
2009-04-14,0.024638075345966008,0.025256551704814428,0.0237859850249588,0.017436225258600422,0.01368805113127052,0.02088661081262795,0.01528010993088956,-0.01739306709442395
2009-04-15,0.025176401971284606,0.02485499802361599,0.02329016538437832,0.01803123858605675,0.015529064088178578,0.01956134548423888,0.012908661271227683,0.010612925685218284
2009-04-16,0.025128171707315083,0.024237630301758368,0.0224327715451673,0.017206228317352395,0.014422134730371884,0.015876020664834886,0.022381907029790142,0.014556529552665844
2009-04-17,0.024601823576064604,0.02376822484837878,0.021810033853239368,0.01642355794411637,0.01320623425558606,0.021471474124311954,0.014214187289816268,0.0066833797408561435
2009-04-20,0.024297708599178056,0.023102226204029217,0.02090668406988151,0.015681271374361053,0.01241000643673615,0.019634367873822934,0.03109925743036424,-0.04282000870664626
2009-04-21,0.026182279892375582,0.0247326357872638,0.023585832667170008,0.02269907844603166,0.018680733631746767,0.021597633242699137,0.01317051933327453,0.019349092985221944
2009-04-22,0.02578633795343209,0.024443083286839272,0.0231792315409345,0.02163771449734491,0.016995639095434865,0.018200719001498687,0.021921619700502267,-0.006132093966595842
2009-04-23,0.02120868456169663,0.02374600210389592,0.02221260515320066,0.020776009401784742,0.017071138618190648,0.02164492818346385,0.016575479284819943,0.009769903403110416
2009-04-24,0.02070638407027782,0.023146648131284628,0.021383733258626116,0.019811472634170702,0.015908655955042893,0.017359928248766348,0.014547777512706488,0.01499771029047887
2009-04-27,0.02081384296785819,0.022740210187421755,0.02085563079463561,0.01889576316487485,0.014585157242985015,0.016580368233690593,0.014021427865293102,-0.009507553639942396
2009-04-28,0.020592443778406157,0.022170109255008553,0.019995131334196063,0.01856368322503766,0.016024574494365763,0.01683718228714675,0.016903169135805016,-0.003150116148203087
2009-04-29,0.020127102789341184,0.021508563727527345,0.019125804634582272,0.017797484547413978,0.015744292499565878,0.017587086410031136,0.018096680839010833,0.021046458674026366
2009-04-30,0.018579805404880675,0.021481117758787336,0.019217462925246086,0.017024678207866857,0.014384800795165758,0.018024317123372522,0.01739058862218071,0.00034297442593182124
2009-05-01,0.018578348479762193,0.0208268858172384,0.018358031802071823,0.016289518369517857,0.01379087571101741,0.018056686678821706,0.013581233900893485,0.005361579428152529
2009-05-04,0.018274980373819198,0.020235078811595766,0.01759835886637307,0.015590354071944677,0.013061477252324228,0.016121876583457935,0.014180038281343487,0.03345449766868543
2009-05-05,0.018616480324440094,0.021261305568959006,0.01933583769739256,0.014925611641710013,0.011465238343619668,0.01561263203736902,0.009970263173865384,-0.003417387456493904
2009-05-06,0.018634879228290695,0.020630589905490257,0.018503902228047157,0.014357526498364559,0.011481992455400476,0.0114825919665705,0.013914111334912166,0.017186197203147024
2009-05-07,0.018676905454803716,0.020440300582817587,0.018330315004865275,0.01375401072211893,0.010490553919641106,0.012463810687702482,0.019508520794594725,-0.01398938662961964
2009-05-08,0.01805784764242213,0.020111680957527044,0.018001931674869735,0.014269302067019842,0.011975842603490954,0.014665999461384393,0.014083870263710083,0.023064386136346718
2009-05-11,0.0184470274314925,0.020300957680658926,0.01840302361606942,0.013670197466932796,0.0107684605381863,0.012662284485347487,0.008942165619678309,-0.018890464500600362
2009-05-12,0.017523292963788,0.020219103064421453,0.01844685233102968,0.015033830421304573,0.012949039618821583,0.011449762138557557,0.017238225986941125,-0.0029634569858659593
2009-05-13,0.017561653818242526,0.019616582924769026,0.017652021249289444,0.01444447770745112,0.012826076870473779,0.014207737812438295,0.011003676929276613,-0.02549549269481988
2009-05-14,0.01810730549533866,0.020018064715920374,0.018455375013814824,0.01703973163066143,0.01582533936583294,0.012104665572256425,0.013798702923193842,0.008533131462067333
2009-05-15,0.01806568572012428,0.019520461060780942,0.017787984454740592,0.016303836679545443,0.014871942310850497,0.011929501635802262,0.016304473809178658,-0.008195612382904
2009-05-18,0.017974942615845764,0.019031962057648857,0.017179502499086837,0.01593096175121632,0.015294397617248393,0.013785684352659578,0.02158199487672613,0.02801152661752874
2009-05-19,0.0188799417135704,0.019686578737419812,0.018251211430630705,0.015249425669279186,0.01373804727558487,0.019907400076204746,0.01048297449110873,-0.0012065586438974266
2009-05-20,0.01585871382773367,0.019089134251380334,0.017445161402089335,0.014609789127757596,0.013354991288816034,0.011877355925837545,0.018268689319493412,-0.006716924949799829
2009-05-21,0.015632066459996978,0.018580591178056285,0.016799215834296402,0.014239722828169574,0.013680300516410018,0.017178936406713686,0.014155629919201664,-0.014467665627686602
2009-05-22,0.01597644162413463,0.018359816647705716,0.016623904566889492,0.014766762889542937,0.015010754036271159,0.015818151242065558,0.011678053481156893,-0.00213122802800346
2009-05-26,0.015918892574973375,0.017808156088477283,0.015908372490306983,0.014168403278521575,0.014666271138393649,0.016104519765773446,0.017929011169205557,0.025289976670795605
2009-05-27,0.016487558616061267,0.018343325027808874,0.016821719897829452,0.013574348900635358,0.01323387851290256,0.014352210164153568,0.01443260092440296,-0.018015240029686613
2009-05-28,0.016896393721904317,0.018323805584291777,0.016908191923488365,0.014878329449344039,0.01540457388420522,0.015625289881018696,0.020193904794219435,0.013844296253006788
2009-05-29,0.017039807408646017,0.01808634878437127,0.016618432395642358,0.014270826556376449,0.014382103794540146,0.01865223230749299,0.025625983272035475,0.01755224611701279
2009-06-01,0.01686983850097704,0.01805474819082404,0.016634933482684425,0.013692459788864743,0.013321113027205176,0.019017944064687008,0.012678524812619456,0.0239203031969163
2009-06-02,0.01747725687715883,0.018459316092476568,0.01728134543475409,0.013142012564340288,0.012154841244619696,0.01728939875308682,0.009321997216646519,0.0008441120357900353
2009-06-03,0.017485446355664774,0.01789816529909098,0.016519011201439445,0.012618322364377422,0.0116631630978464,0.01640015782868516,0.011738822111779314,-0.012732355593543148
2009-06-04,0.01641855366544595,0.01763095103920362,0.016241677252563796,0.013076665997371834,0.012841994205517824,0.01647199174878546,0.011337692533750655,0.009352281339054311
2009-06-05,0.016466458787832407,0.017246661081168055,0.015740847249810643,0.01255616535083812,0.012084040279684403,0.012161479524101182,0.014651121640828744,0.00021201421637480466
2009-06-08,0.016098175605706623,0.01672133895187323,0.015053974216605275,0.012061178261490706,0.011613385188547272,0.012164163576346709,0.017935358468590446,-0.004133441045704555
2009-06-09,0.015772675297207016,0.016243525044014485,0.014460796568824534,0.011701839470904054,0.011688811299162416,0.01399462209643548,0.009782738720760098,0.005084267576946121
2009-06-10,0.015025189021223932,0.015797846882149268,0.013902086728461119,0.011249195887409025,0.011107926085824798,0.012110873396578778,0.01838374667768083,-0.0025385733781727745
2009-06-11,0.01436041482183506,0.0153291979383432,0.013334089285852573,0.01086512980060056,0.011016396694411412,0.014113542617087329,0.013315105348024324,0.004438938697865853
2009-06-12,0.014333073370343405,0.014901929454695982,0.012819344084402802,0.010454631862894883,0.010488798615290536,0.01413687675073016,0.008492286203022177,0.002738721076884674
2009-06-15,0.012877891616347432,0.014463522633597594,0.012296644231984608,0.010065103783842526,0.010034837359060802,0.013534764086206522,0.011768624081402324,-0.023195117462440476
2009-06-16,0.014043915417904073,0.015130191214919235,0.013604084596389232,0.01317729764053998,0.012860281073976331,0.011337188288019592,0.00881327740002356,-0.013655620080675161
2009-06-17,0.014286806202308783,0.015045792854325835,0.013640131986611202,0.013702997387448736,0.014083581939525178,0.01255961996164492,0.013535786350868627,-0.000982647013709681
2009-06-18,0.012938851927820395,0.0145894230649323,0.013064238479326792,0.013158129406203542,0.01364039958900739,0.012062508923679298,0.012059749076064207,0.00729144226597807
2009-06-19,0.01302634668814208,0.014257282253803119,0.012666032299793174,0.012633652990291679,0.012892850838521566,0.012378818161383236,0.009700799781851753,0.0036791521708908416
2009-06-22,0.012932721349267564,0.013852294433433294,0.012169161020962375,0.012134855018085193,0.012283948777806409,0.012715700095991336,0.009568268842275742,-0.030445390485837324
2009-06-23,0.01429097100389513,0.015361907613197076,0.01466189249310759,0.016522749175919345,0.01600761235525371,0.010327577173076478,0.009478874845178828,0.0007834123652663669
2009-06-24,0.014280270549061804,0.014895158182492096,0.014028823859120576,0.015837189194258267,0.01529876368281524,0.012025081520725739,0.01354062891965867,0.0085808143608047
2009-06-25,0.013255426526448358,0.014593547051702307,0.013630455843327154,0.015184041609750388,0.014422040292715039,0.012263789179718805,0.013718473327652175,0.021515399949786775
2009-06-26,0.013427300655889257,0.015098611350623981,0.014371043212469101,0.014557646411465387,0.013262910780176725,0.01198465758965404,0.008722515831567947,-0.002609259468219276
2009-06-29,0.013150068897933869,0.01465259277167387,0.013787917864495274,0.0140136068843468,0.013066537047485423,0.013223676848873092,0.00990572035279186,0.009320530563505628
2009-06-30,0.012740406959294393,0.014388499012602854,0.013447915368370127,0.013458400739108983,0.01230296538519423,0.01232046174364411,0.014869795887971679,-0.008123760790748833
2009-07-01,0.011649188067422687,0.014091376759162015,0.013112424465109367,0.013298960885936476,0.012837178343903098,0.012203698119689965,0.00909465720259489,0.004124405447624411
2009-07-02,0.011699433585784274,0.013699398827989347,0.012608714222633582,0.012777697211695171,0.012226946921685616,0.01207629274137031,0.021092194816844236,-0.027672762450597434
2009-07-06,0.012845766312284651,0.01491174112745553,0.01450462533783766,0.0161898770244228,0.015489896054384474,0.013263471505797906,0.00945318319543277,-0.00011160033922943938
2009-07-07,0.012601382762430042,0.014457495264507498,0.013888482144719123,0.015533003385103477,0.014873907306078644,0.012126626954160636,0.010219822804439626,-0.01956683145493232
2009-07-08,0.0131415388471503,0.014813833830410177,0.014474186588907631,0.01667148316774745,0.016743712865046126,0.011746388990767843,0.016219200322345334,-0.0006815827656454517
2009-07-09,0.013149787927801963,0.014363515088365043,0.013862310129554956,0.015994681867277014,0.016121278295901913,0.012639078246288831,0.008522362475942121,0.0019305105440750737
2009-07-10,0.013071174211282828,0.013933970862956328,0.013283980047960286,0.01534672313184184,0.015386248725380651,0.012685701367104717,0.010501889039429366,-0.002384884037180015
2009-07-13,0.013071549525108288,0.013522110474381604,0.012752821542242037,0.014758232481565436,0.015042702091523525,0.011527857027241581,0.01906234380163692,0.024038075428089282
2009-07-14,0.014280262729430693,0.01437172110770622,0.013956801744279344,0.014167955195589575,0.013777687609742984,0.011995197179648458,0.00860207564176784,0.005644674360717623
2009-07-15,0.014344075370313817,0.014002332893490989,0.013449486137110563,0.013605456147807091,0.013074407060218632,0.012794155011873264,0.02271235530400103,0.028826692105454875
2009-07-16,0.01498301277303597,0.015302290597720756,0.015221346693876793,0.013069598483139702,0.011795807337163056,0.013353447404701244,0.01489258708579726,-0.001609859174426178
2009-07-17,0.014642609315705227,0.014841360802788823,0.014580748058023419,0.012575337299290496,0.01156089830660826,0.018472589483872565,0.00684401773569394,0.01089494306034378
2009-07-20,0.01478979879020286,0.014634617115153067,0.014275914722856766,0.012088773897156886,0.01083596492349352,0.013445416892308945,0.008959446963811712,0.01056748629613643
2009-07-21,0.014869986660285854,0.014422967899078367,0.01397301340183227,0.011625759960565998,0.010157788977826265,0.01297538504202807,0.0126550790370515,0.004614816356296217
2009-07-22,0.014877463429715966,0.014029200783968939,0.013435488628201786,0.011185340846885682,0.009675408231591126,0.011777173727208849,0.009744339096981471,-0.00020921971309741485
2009-07-23,0.012938292576491952,0.01360191135583528,0.01287275555600405,0.010767087263429396,0.009385579697663217,0.009393310925411444,0.01538382048155416,0.021842299551791948
2009-07-24,0.013541081978755008,0.014231529642406445,0.013767326302133526,0.010369128065758553,0.00848437006829679,0.010886599927067222,0.010510163138879085,0.00408752796995951
2009-07-27,0.013504426123163767,0.013834259029642455,0.013228063181832655,0.00999113296021215,0.008099255380331306,0.012114294693503109,0.008249977645539149,0.0029530815376547248
2009-07-28,0.012895858457972578,0.013432302891141615,0.012701031402656793,0.009666839247701226,0.007777718404494094,0.013501346417815243,0.010951175581768743,-0.004688297721970953
2009-07-29,0.01295004425741768,0.013073636197844858,0.012270042362071186,0.009500645684127972,0.00812927369969432,0.011549848331522537,0.00927782324382384,-0.0024547301836632613
2009-07-30,0.012919303674036488,0.012689614164507078,0.011802833640760206,0.009220459271401742,0.008189603740958404,0.012500157295275646,0.010181680244770454,0.010391450716438409
2009-07-31,0.012790815245126718,0.012563584841316002,0.011673005144815516,0.008904599611373567,0.007643743724042017,0.010320283667147791,0.009033093953663756,0.0014175803273003384
2009-08-03,0.012796352477303739,0.012185795676118546,0.011210379810261066,0.008605114765709673,0.00737475841940175,0.008881147315475763,0.009141603177579852,0.016362174091115303
2009-08-04,0.010954614801654475,0.012475866452626879,0.011667614722380511,0.008321343695901859,0.006704026089637229,0.008914025236944251,0.0070631526886702845,0.0025847748530261863
2009-08-05,0.010903365568340605,0.012112360330736701,0.0112181451472053,0.008052648455835788,0.0064437633009073545,0.009093307567426939,0.010233919435209082,-0.002883965343441596
2009-08-06,0.00950750135630057,0.011764597391361854,0.010816077147943663,0.00787861756967282,0.006635294452703566,0.011358475970955325,0.011130262031781418,-0.005192061559728799
2009-08-07,0.0097204784362071,0.011476883586949406,0.010514720483551503,0.007889546615861985,0.007107659188231319,0.010978027768903635,0.01326568786275613,0.013028995049183142
2009-08-10,0.00978764438802921,0.011575880449269667,0.010713439130547247,0.007644183433415197,0.006539240629987222,0.01094604759677526,0.007585148071211581,-0.00207658218841082
2009-08-11,0.00977377262786386,0.011234753192676295,0.010320636448197586,0.0074571671606587075,0.006627802251435582,0.009284152604283271,0.007468523499887053,-0.012555726663673612
2009-08-12,0.009767336864128425,0.011318360078452277,0.010580921929708583,0.00866707249850066,0.008109580681944152,0.008982143788134823,0.014258478798381494,0.010672062329104
2009-08-13,0.009849427054655486,0.011280626455784667,0.010571957558030098,0.008380034602716793,0.007559720962580578,0.012245341457523757,0.01083237209638232,0.007609908414242013
2009-08-14,0.008249449056955791,0.01109468447524494,0.01036094043230491,0.008108205503647914,0.00712002119423579,0.011438584320394282,0.014699679224877686,-0.0077089318480805455
2009-08-17,0.008560705075354048,0.01092117942363496,0.01022439053201396,0.008384111236208832,0.007894856157969348,0.01360894857820889,0.005816568944952935,-0.024914035439947347
2009-08-18,0.01043302475309708,0.01222122662081066,0.012163769121017238,0.012442476359542789,0.011194914222788762,0.009127725151066794,0.008128503522944986,0.007903054314315604
2009-08-19,0.010340294661142677,0.01200601404962862,0.011861562323602677,0.011967662704830982,0.010570738295359608,0.009282278800742037,0.01252157520199194,0.008742001338251185
2009-08-20,0.01043244449585832,0.011835584742722522,0.011624471556633688,0.01151558232219281,0.009954847269513994,0.01051686680725066,0.008994941499999697,0.010251667555788583
2009-08-21,0.010563654324678819,0.011746574117184154,0.011499051339425777,0.011085325055900964,0.009327778046819075,0.009281657669927307,0.009060512849560975,0.019415679188015563
2009-08-24,0.010354262155521706,0.012341847478436406,0.012272067232317708,0.010676018506547019,0.008481501329437681,0.008997789003147268,0.010458121086679097,-9.723662911480578e-05
2009-08-25,0.010362875990666764,0.011965888789715972,0.01177725634768728,0.010287062354391481,0.008246114914421619,0.010925321651072774,0.01042973766241031,0.001940641892200624
2009-08-26,0.010362148004148058,0.011611094277173242,0.011295078525938316,0.009950671880283271,0.008215631331548035,0.010837213997584316,0.008926286620178274,9.704811976888754e-05
2009-08-27,0.010253438064892782,0.011257398669091093,0.010850792794946565,0.009609323945852958,0.007961388859198445,0.009491181487791813,0.01416506313095137,0.0022267219715901157
2009-08-28,0.01019099234183296,0.010928073057565475,0.010440168158259702,0.00928463523070298,0.007658216256269726,0.01182134322045528,0.012027058042522836,-0.00019357424237844635
2009-08-31,0.010053668184636298,0.010595266026185367,0.01004044200906117,0.008976667436493642,0.00746318364493915,0.012163331014065895,0.006359660653625257,-0.008938832551960799
2009-09-01,0.010344813210925933,0.010503249310533347,0.010015153767508778,0.009310867268796808,0.008348457931767419,0.008398139153139085,0.023259303936608352,-0.022304455906591063
2009-09-02,0.011028270727736043,0.011556317601719416,0.01156941428084318,0.012259922449148562,0.011076888759333697,0.013965710995498653,0.007186457817619932,-0.003799744585190082
2009-09-03,0.011038152203523412,0.01124285779754695,0.011175478281502829,0.011898399076897225,0.011130609407482714,0.013723544029645264,0.00956897240808119,0.008280840845933952
2009-09-04,0.011181387218934824,0.011087474007881678,0.010959260039525185,0.011464716211264834,0.010537130213147798,0.01262186369784667,0.009099101736758366,0.013911708268423006
2009-09-08,0.011500704414160292,0.011276891978717684,0.011189520520229897,0.01105125477763981,0.009850698235731977,0.011719466342155427,0.005295151934801141,0.00858564487040754
2009-09-09,0.011308043674007945,0.011133777122258758,0.010989811212106659,0.010657234330844218,0.009315269871008143,0.011083224466671381,0.009289414448703213,0.007644756020176031
2009-09-10,0.0113826255889989,0.010955814488394992,0.010751587319179363,0.010281905267155606,0.008826980971201796,0.009979782269299483,0.011057138597431692,0.010167586303537791
2009-09-11,0.011078124637356997,0.01091012683300572,0.010688250438610722,0.009924547171377477,0.008306974448941011,0.010262358315161842,0.007901707389438711,-0.0001913994604485493
2009-09-14,0.010922972558383435,0.010577864315954462,0.010275815540500222,0.009585117671798543,0.008081226002116606,0.008913925514521913,0.015512176515509832,0.004856120029393115
2009-09-15,0.01086661801804624,0.010324371883167061,0.009959574928486753,0.009261617106205712,0.007713815018413909,0.010752651587310584,0.010421425919291735,0.00417073184270729
2009-09-16,0.01065909392605751,0.010061848525059452,0.009639302885420172,0.008954086832490321,0.0073787644314954395,0.011304237762172254,0.009331703117368044,0.015020541813226556
2009-09-17,0.008999071507204446,0.010426089802919399,0.010141722789473291,0.008661907602677252,0.006821671214853417,0.010856982776837587,0.01147874116626897,-0.0014916536451533115
2009-09-18,0.009037943422570199,0.010115070414962686,0.009771141720987152,0.00840553575437595,0.0068150876706598515,0.010719147865016166,0.00546276484824972,0.0006371785477669495
2009-09-21,0.008986040925305024,0.009808166511625823,0.009404340194814518,0.008141204336405384,0.0065999973636322404,0.01026799696458668,0.009688286418364146,-0.0025328558938597845
2009-09-22,0.00892741763085907,0.009529587821062105,0.009095819567986092,0.007951311276410918,0.006726685333994581,0.009720645302260952,0.005949952365507548,0.005807274630028896
2009-09-23,0.008112683631023318,0.009348140334563325,0.008892140810603308,0.0077105636184255895,0.00640003957113529,0.009937753711396918,0.013718268877027848,-0.00834704492053357
2009-09-24,0.008417679784829072,0.009291116918117683,0.008922777210326643,0.008114877734031616,0.007270213862699547,0.010701488493131043,0.01323449425241285,-0.011080272042575853
2009-09-25,0.008866118450712552,0.009408066118135754,0.00917122052539563,0.00888324730620783,0.008459784476567776,0.010031861260996115,0.00976048747111628,-0.0053467143582569075
2009-09-28,0.008974983971306784,0.009215001186323775,0.00898580160853073,0.00882964044117676,0.008836242779396292,0.010674949878511801,0.008869523186243594,0.01774439523871948
2009-09-29,0.009706182502965554,0.009935445928360997,0.00991945420119006,0.00854399243470512,0.008151080634310044,0.009528781467176334,0.00898156533207895,-0.0030141474616484512
2009-09-30,0.009750963081027084,0.009661025087582358,0.009595580389882404,0.008353551155306341,0.008262107094780525,0.011365413193867276,0.013411970645874202,-0.003875234696768704
2009-10-01,0.009542426893467827,0.00941468682621065,0.00931866354932297,0.008225912222515883,0.00847038717995625,0.011855520388092008,0.022027755166586144,-0.02512606961341201
2009-10-02,0.009909523146603304,0.011008965019772228,0.011487709064911896,0.012285509027494116,0.011626056260602795,0.013037359242035437,0.008302490237056372,-0.004672631505261236
2009-10-05,0.009934772643606584,0.01073477905078684,0.01112795370884767,0.011966312303862003,0.01175461313629507,0.012102247703509612,0.011270875263451281,0.014817687899750277
2009-10-06,0.010255630279575082,0.011022485421842192,0.01142175314325127,0.011529829429067202,0.01098607916950903,0.011297985889603793,0.009716607944441282,0.014223049366374332
2009-10-07,0.010274231122610456,0.011240248297032388,0.011627205868550905,0.011113661478728477,0.010270237951766821,0.011691192711419437,0.005479133212476699,0.00274464762828322
2009-10-08,0.010160041367194434,0.010918542774033976,0.011184750694360493,0.010717024791587879,0.009844603707044139,0.011123750353214917,0.010237931957440168,0.007626849880271623
2009-10-09,0.010159503378405597,0.01074950380602179,0.010931369810854217,0.010339166725398957,0.0093313788742443,0.010024722059216569,0.00554824443506328,0.006078663770017794
2009-10-12,0.010023970264059712,0.010527855021079648,0.010622309989872241,0.009979363980916315,0.008877754582267073,0.010019629500180304,0.006195245284499712,0.003908031796136977
2009-10-13,0.0100326577452695,0.010251924220133343,0.01025756270134176,0.009636921006449015,0.008494516975508485,0.010756242450366119,0.0073088423988467805,-0.0020455455349332294
2009-10-14,0.010031325521640537,0.009952230332672389,0.009891581761607695,0.009345448049028166,0.00847488004057373,0.01001744037039396,0.014735337873745256,0.017069244534266538
2009-10-15,0.010600890194034106,0.010515969846720073,0.01059268006407813,0.009034044424345631,0.007821693600214874,0.011652052889552044,0.004093764094603715,0.0036524995869411086
2009-10-16,0.01017459216249932,0.010234790164046088,0.01022309230284315,0.008738130872621949,0.007494038198153038,0.010121023949084436,0.007883453236445332,-0.007502050674493639
2009-10-19,0.010339511290704597,0.01009171540320532,0.010084208601025378,0.00891511668094433,0.008191163710902146,0.01161398800192505,0.00943471977837393,0.008231288572909121
2009-10-20,0.010458709537081595,0.009989865028455804,0.009941987433554218,0.008625166007859989,0.007744408641451118,0.010145436998186222,0.008604736946454453,-0.005296927220746057
2009-10-21,0.010527194010047326,0.009772052259810692,0.009702653832290074,0.008586987539091009,0.008151521789167565,0.010405556424988414,0.015425197568906219,-0.009013918916580821
2009-10-22,0.010699610832338316,0.009728230522579356,0.00971080229680546,0.008974739130599206,0.009005711343264219,0.011725677644542003,0.014746830248464921,0.010111877352593493
2009-10-23,0.010693552357927995,0.00975167497253941,0.009729492505703345,0.00868179568473238,0.008478653761366873,0.0107715317623338,0.012125635374371894,-0.011498877002680208
2009-10-26,0.010718325766929002,0.009865237210691614,0.009960836479181527,0.009461260086699553,0.009724064260693138,0.011823673048105745,0.018750567351248776,-0.010884230752127647
2009-10-27,0.010957340443701658,0.00992932624369626,0.010097956696374888,0.010004733387685311,0.0107331991157369,0.014058955218927553,0.0085703472673874,-0.0045938630698133505
2009-10-28,0.010327798759770917,0.009692380674982884,0.009823878052946237,0.009821980913105188,0.010897110165764137,0.012607727657567897,0.011611573959941173,-0.01906808011801901
2009-10-29,0.01112865687356235,0.010493865318512825,0.010908656187902972,0.011826887540934822,0.012933661805764001,0.01136121616072619,0.011151221757600709,0.021226838865161572
2009-10-30,0.012080206012090563,0.011425789165574216,0.011969302394274657,0.011405171709413338,0.011981451181219951,0.011290231824179547,0.016326277840062572,-0.02940091294781227
2009-11-02,0.012559693947285122,0.013212893683923825,0.014181594653791738,0.0154527449492392,0.015430717304189134,0.014206280960608253,0.01843189209850216,0.007311731761646355
2009-11-03,0.01259600239367064,0.012934968543207585,0.013738580801209993,0.014869959949812545,0.014624609855816685,0.013258828129967551,0.00772799976220664,0.0031583255568654123
2009-11-04,0.012199949675483284,0.012564756573858981,0.013206009638782528,0.014312613710367903,0.013950531381710209,0.010791111615961397,0.012520252536112253,0.0025762681607398256
2009-11-05,0.011792701613901708,0.012198317537794916,0.01269123711766269,0.013779729238170337,0.013326310021728939,0.012641321212195333,0.007715428674293639,0.018228100971482742
2009-11-06,0.012455803028381375,0.012641472762668785,0.013146129275967198,0.01327036959538875,0.012413514678033732,0.011146865776893184,0.008617198663439166,0.0026171699425937235
2009-11-09,0.012359485963606542,0.01227311689438522,0.012634809560977223,0.01278363608600063,0.011872641159135342,0.011692980096823357,0.007865357853760023,0.022520771187156986
2009-11-10,0.01323797606481856,0.013115744069510738,0.013589717936696524,0.012318666494716836,0.010951679319688006,0.0092006432747298,0.007009151033052757,0.00018270917339291762
2009-11-11,0.013222215864459378,0.012716264424177968,0.013043581344865536,0.011874633375179834,0.010545091657690306,0.009384163804777326,0.008939047116009863,0.005096487039510102
2009-11-12,0.013236202891687195,0.012391917884650102,0.012588618191781246,0.011450742385078786,0.01005104808121327,0.009980547764308895,0.012118284558089774,-0.010219645521349683
2009-11-13,0.012934101592111372,0.012272429278803726,0.012450008652689548,0.011682048144231055,0.01095379752756765,0.010372894892997914,0.009913336608320077,0.005396738829534037
2009-11-16,0.012965116353614088,0.011971769149908322,0.01203584236233328,0.011266942438597535,0.010432307684722647,0.009449049155934383,0.008630089031367057,0.014400140019033985
2009-11-17,0.013213318735619916,0.012131187210575966,0.012192731083590275,0.010870883625994388,0.009751951118322954,0.010785839844186358,0.006036781940077666,0.001168276146355321
2009-11-18,0.013109638143805039,0.011765103191175501,0.011714976844263552,0.010493151670775618,0.00938067077823892,0.009342685412495317,0.0064050870410776286,-0.0006292494345257001
2009-11-19,0.01304285487940323,0.011407732079783366,0.011263168668819734,0.01013684417443145,0.009147662251310758,0.009680895462987102,0.01570614990810574,-0.01311674124266518
2009-11-20,0.01322803759756116,0.011517426109226552,0.011468741618733172,0.010935815548661586,0.010491584978024649,0.012154525374166619,0.005540916766709169,-0.0035576779776590735
2009-11-23,0.013076916282167872,0.011200511697514855,0.01108169402235149,0.010641470894785137,0.010544563070523745,0.008307799049617145,0.008452523212776404,0.012622167450009481
2009-11-24,0.01307173183609674,0.011290860074288487,0.011198289428816406,0.010286082741085991,0.009923542415683238,0.009439684181602877,0.008894721696959111,0.001532857193487309
2009-11-25,0.012775637496198772,0.010953332324670408,0.01076913322647486,0.009928600197952135,0.009527975852614475,0.009720810352017174,0.004867962748894453,0.0035079453798132847
2009-11-27,0.01269550388795726,0.010654355941165785,0.010391674952676675,0.009588425315384164,0.009111617599630563,0.009751468726566978,0.013225086509914198,-0.01638400705493682
2009-11-30,0.012482733042700977,0.011081990963737723,0.01105280257571724,0.011121116693269437,0.01095055912073669,0.010066050984576967,0.015456203393566417,0.0033710444710586826
2009-12-01,0.011713255533716818,0.010776072046283561,0.010657357585431371,0.01072381991362522,0.0104626092287755,0.011551355542865087,0.006452563779455213,0.01229450702519156
2009-12-02,0.00955853951958772,0.010873159577668372,0.010768038093175922,0.010345366729296899,0.009816537858528736,0.011194839595083241,0.008082302240235855,-0.0004495849522259023
2009-12-03,0.009551083277337016,0.010542494526776431,0.01035970018811056,0.009987356463955134,0.009534108810494513,0.01083232333224882,0.011773914580278148,-0.007850572609101818
2009-12-04,0.009843228325646785,0.010400645596006583,0.010236807803931458,0.010092042240674344,0.010177149657119794,0.01062867663747807,0.01653271934754658,0.005691224326917702
2009-12-07,0.009867267383676746,0.010179706535321402,0.00995841911641515,0.009743932715968382,0.009681857772855552,0.011976110300605119,0.007731808068866633,-0.0015330426870040171
2009-12-08,0.009232926715487914,0.009876732902602962,0.00960430660181511,0.009433110641244259,0.009534419502401654,0.010203279665407005,0.010906875626989665,-0.011158564714470154
2009-12-09,0.009647966050491605,0.009958296824699463,0.009806472951350509,0.010040175293081616,0.010613008206823205,0.010877384153946361,0.008251540381053593,0.003733559875089923
2009-12-10,0.00834434029813679,0.009698143289843843,0.009486898575955768,0.009694579736311139,0.010135441024550376,0.011305314749505819,0.004984439012882692,0.005619550244563397
2009-12-11,0.008427859938056543,0.009502920865249426,0.009251997498931536,0.009365832815164402,0.009643810627322391,0.009803661412647866,0.005586866084260156,0.0042384849088941785
2009-12-14,0.008406280873804956,0.009271734461916861,0.008978984215885846,0.009053282951564386,0.009206306100902879,0.009597004367720884,0.00644710130309999,0.006817229366554379
2009-12-15,0.008146911497338304,0.00914306476574084,0.008837444436011876,0.008756302139850273,0.008737715792392348,0.009987005290374908,0.006786188690664251,-0.0046591770407558904
2009-12-16,0.008184857678656768,0.008937693838665885,0.008645238177682079,0.008659974434584893,0.009020384100782968,0.009975935868811707,0.00609885816423256,0.0015253823692053948
2009-12-17,0.0075700301859719,0.00867346737855395,0.008347995511879971,0.008382848594621906,0.008671247582153308,0.009827271851557393,0.005274268225210915,-0.01208828241115038
2009-12-18,0.008018774333401571,0.008915317632251405,0.008793016732813779,0.00930842384370241,0.009934070472473848,0.009608065741306343,0.007680614171188456,0.005641389769096662
2009-12-21,0.008129656261680877,0.008753481129614032,0.00860400286754245,0.008998720763780695,0.009452462220770251,0.010454037034808749,0.005907720072352594,0.010111405661527554
2009-12-22,0.007860093836369524,0.008840840313026625,0.00872765467615915,0.008704476139559863,0.008903521800168842,0.009827271851557393,0.003858738572727641,0.0035862485208353477
2009-12-23,0.007811692046026628,0.008616408805366776,0.008465293365541846,0.008425087961225911,0.008517249638007797,0.009575713326518348,0.004498968709351289,0.001966758846252453
2009-12-24,0.00736936300514118,0.008367797743772774,0.008125906290986059,0.008120550725036821,0.008153594580459288,0.009575713326518348,0.0039989765525040855,0.004723463768366339
2009-12-28,0.0074192742732311235,0.008194968171635052,0.007935908525432984,0.00786927765448772,0.007780426835708406,0.009575713326518348,0.004778260355085914,0.002131336779386721
2009-12-29,0.0074010526785814055,0.007962449932156236,0.007681110718271568,0.007631325087387679,0.00748044067193732,0.009575713326518348,0.0019930082966912463,-0.001420416530053457
2009-12-30,0.0062997478950991915,0.007727718122052595,0.007446408391860203,0.007428646100233762,0.007431570269914253,0.009575713326518348,0.002991035053463472,-0.0003554422591216273
2009-12-31,0.006298008105182546,0.007492806555853437,0.0072096988929460475,0.007216773408047518,0.007259079532792121,0.009575713326518348,0.005815576155825899,-0.009644644717214703
2010-01-04,0.006212600036521949,0.007639029479044553,0.007539937194219854,0.007902513810743911,0.008273079946679444,0.009704172605199932,0.012362795915286192,0.01681759337701074
2010-01-05,0.007174477368964757,0.008474867073793992,0.00861217576854687,0.007662789293255335,0.007642031231368345,0.010478775485087579,0.0055755383947104055,0.0026438708838235937
2010-01-06,0.006876393632304799,0.00824217039367597,0.008328053875572202,0.007435918020264678,0.007337753901064522,0.006127926733047908,0.003885941129119172,0.0007033690554015857
2010-01-07,0.006815244716428008,0.007992937764812833,0.008037889403496656,0.0072213748270309784,0.007089436534942452,0.005201996272105669,0.007103344813078402,0.004212446174925139
2010-01-08,0.0068069315761661395,0.007817833013824186,0.00783337741762931,0.0070186499761251,0.006777925189151115,0.00792512027183107,0.005444110102358546,0.0033223400849098166
2010-01-11,0.006143104842847305,0.0076232328357793795,0.007612068893183289,0.006827248258339116,0.0064997834706906074,0.007541400008724748,0.006021948845567637,0.001395425508301217
2010-01-12,0.00613821208881663,0.00739889795019148,0.007366231333742198,0.0066466881931696855,0.006275530481537881,0.006262387461063522,0.0069201340315527896,-0.009369793090380631
2010-01-13,0.00658245520248595,0.007531709684932067,0.007648424524518804,0.007379686396195719,0.007315749683115019,0.0063584491958741905,0.010542272694627397,0.008410991985037048
2010-01-14,0.006729377007173053,0.007587340700255589,0.007722389808460405,0.007168225165833303,0.006905087891140337,0.007943585847195064,0.004373297029395392,0.0027008371364088905
2010-01-15,0.0066332552423637794,0.007385888290645479,0.007491535194394641,0.006968453797381948,0.00663431201030026,0.0053637405287691444,0.009658627412746172,-0.011288038789155377
2010-01-19,0.007085362918467334,0.007676161428325289,0.0079664348652448,0.008002826532293623,0.007921172945032933,0.007976295003317728,0.006339731975544712,0.012418054651060233
2010-01-20,0.00749529950459269,0.008039933575365503,0.008391649881745183,0.00775777275599581,0.007398039192940532,0.008479931352201124,0.010394717485891597,-0.010220616881514565
2010-01-21,0.00733227493596291,0.008187170484901007,0.008637727285805917,0.008455414528465557,0.008482053608304509,0.009794827979498497,0.013756090838727388,-0.01941606351770869
2010-01-22,0.008609151543538867,0.009253485087648115,0.010029730990613136,0.01095425785910248,0.010816223695643666,0.009567939612532756,0.01488470632871531,-0.022543999269655977
2010-01-25,0.009693622908992828,0.010534860287422015,0.01161304558929606,0.013521526979054104,0.01339752337165745,0.010639790412211043,0.00693760244944794,0.005114356109224071
2010-01-26,0.009734754348228592,0.010290465621325831,0.01122563853281024,0.013008868217321935,0.012739897682599475,0.010556748088858465,0.010769937088719695,-0.004199307671233533
2010-01-27,0.009738765945154977,0.010029861057688104,0.01091543032662569,0.012761867150680388,0.012856784827241636,0.01017087966017254,0.012503772189165747,0.004745915217106117
2010-01-28,0.009739442610510358,0.009793551385540089,0.010552007969803245,0.012269773536451277,0.012228809051435276,0.011375222848628123,0.014097037792747732,-0.011538969537491645
2010-01-29,0.009964438571705847,0.009906952048736834,0.010694671360455094,0.012604062425394342,0.013195542396198794,0.01106583037987978,0.016237828321834555,-0.010927944551090585
2010-02-01,0.010161034078342781,0.009971160177678188,0.010769732064556517,0.012824754989109342,0.014019763821209981,0.010495409092505889,0.01032533893583627,0.015431478660118016
2010-02-02,0.010866837817831019,0.01038009755203876,0.011177773061719099,0.01232965337759277,0.01310230930164238,0.010735508421880391,0.01053834263269498,0.012030653096342565
2010-02-03,0.011080574251315723,0.010486459674929515,0.011218981707537682,0.01185831250026723,0.012308045139999613,0.010684016798115365,0.007283238102681744,-0.004995217667878546
2010-02-04,0.010380731039957864,0.0102403622150809,0.010881636901310705,0.011573802135962475,0.01243392086818789,0.010347625487122628,0.01037196176170038,-0.03135226783291287
2010-02-05,0.01219541485073002,0.012551932086109111,0.01380320058331727,0.016335816982890296,0.016269149239756312,0.010320798563730974,0.017972286801413908,0.002064691539684737
2010-02-08,0.012220306000567012,0.012180054031812848,0.013231791174090332,0.01567630222724499,0.015497975788075722,0.010415043844990025,0.010261371978679474,-0.0072454852028031305
2010-02-09,0.012135431579860285,0.011941621187855942,0.012868736773575522,0.015304810072756555,0.015710190075210025,0.010792992018246962,0.014485028874520944,0.01248227091286931
2010-02-10,0.012553843322809777,0.011974748549641064,0.012796160680207945,0.014692974664514125,0.014754472924703454,0.011051039357464354,0.011525158939270527,-0.001960891988092445
2010-02-11,0.012514286616439513,0.011619880915949217,0.012286921410749028,0.014131713466341652,0.014369062954932116,0.01000755147602448,0.012851210307455598,0.010412114004284396
2010-02-12,0.01277765551596996,0.011550976652780633,0.012114975529735878,0.013574679268105495,0.013535515073431403,0.015541166060073892,0.009985423974896771,-0.0008328267012317565
2010-02-16,0.012544598790329703,0.011200945225915325,0.011626604850430457,0.013048914842784665,0.013087441797112393,0.013603681034391892,0.014267908816157726,0.015612557699088318
2010-02-17,0.013131181598726612,0.011513410484785111,0.011952113833026391,0.012543113996516633,0.012219800283513542,0.014516445409001039,0.005031803047341508,0.00472690040960232
2010-02-18,0.013041758699950763,0.01122255403108526,0.011528951000528628,0.0120615060871961,0.011628062578466188,0.012311552079317934,0.006150385407740392,0.005878365394611647
2010-02-19,0.012769600465696428,0.010975531268441833,0.011169624738010125,0.011603114396814449,0.011044940000298528,0.009497185168165377,0.008346189337780148,0.0020712922752497984
2010-02-22,0.01264296571367924,0.01065326074628995,0.010733125380635661,0.011167003429624673,0.010574062609462573,0.009709402399596966,0.00496108361518953,0.00017998954788197468
2010-02-23,0.011931620035788338,0.010328813602296082,0.010310166977268012,0.0107522767211864,0.010171752775899648,0.009255842231489645,0.010515432163737053,-0.01221906509228885
2010-02-24,0.011153550806139887,0.0104518735214742,0.010541879575287204,0.011368092611295306,0.011365708362199411,0.00803234154318624,0.007268900247775258,0.009156024290312178
2010-02-25,0.011275689253353786,0.010378686205423454,0.010422353027903177,0.010943481740566094,0.01072832490971706,0.007826176014941783,0.00981179027098888,-0.0013544898254792448
2010-02-26,0.011234008776070035,0.010067977864042406,0.010023967498000526,0.010540607365893897,0.010478386069054395,0.010277243305553695,0.007546285608891884,0.0006321271380081605
2010-03-01,0.01119368924932454,0.009762494694375684,0.009637680582028307,0.010160375153766006,0.010070654219607131,0.0102947380170597,0.004196512350710185,0.010330943875783118
2010-03-02,0.01104443768667079,0.009797531759587483,0.009682674615855917,0.009799102001644966,0.009484889674928686,0.010834663450082225,0.0053320863579807976,0.0027666452054024714
2010-03-03,0.010676165904609946,0.009523202738935702,0.009336986547352034,0.009456031562208556,0.00908513355421077,0.0070727554161521934,0.0068728425715371385,0.0008910379518633276
2010-03-04,0.010229570512282148,0.009235666943992716,0.008988236096483436,0.009130436393731596,0.008744936117435228,0.007179446742649491,0.0055284328108548015,0.003023097087426921
2010-03-05,0.009946193688613146,0.008984878308933223,0.008687652776305614,0.008821616199501347,0.008377766434240637,0.005936440951894326,0.007049535557583862,0.014192233902680618
2010-03-08,0.010248010567749712,0.009379207115831394,0.009230726965030044,0.008528896140958586,0.007800797814097264,0.005890134847826276,0.0032543909414655286,0.00017509044822809118
2010-03-09,0.006898186947973653,0.009093579820635333,0.008887428697584928,0.008251625221027476,0.007543357443704285,0.004703968458665622,0.007355519375535514,0.0016614757000722668
2010-03-10,0.006902591221713685,0.00882594087942617,0.008569028634911633,0.007989174759795268,0.007263971474169664,0.00612202792490541,0.005544070754356516,0.004445682157764384
2010-03-11,0.006461761985433419,0.008626079286302109,0.008337730637411302,0.007740936947149684,0.0069402374274524755,0.004973523575486185,0.006607689265544188,0.004166375648882398
2010-03-12,0.006158341413344724,0.008425331470346558,0.008110881951472798,0.007506323495662248,0.006637625562865932,0.006233633773346574,0.005078666225106737,8.628583765529325e-05
2010-03-15,0.006082956786927843,0.008168689275327233,0.007830235758635389,0.0072847768242011975,0.006446179844166337,0.004862160957264285,0.006816046436228123,0.0002600489162690824
2010-03-16,0.005917255919926039,0.007920094250358802,0.007565135492966433,0.007075718495092675,0.006247913275047099,0.00633057847792926,0.006307397289459063,0.007934348964847703
2010-03-17,0.005932520303397593,0.007920950256645432,0.007613760369571692,0.006878624917899945,0.005899859168113122,0.006508126029964235,0.007189352964903585,0.005910067790704871
2010-03-18,0.005289327316287305,0.007814902422141935,0.0075198830404012325,0.006692974543291462,0.005608974477989941,0.006618041622300752,0.004930586618323673,-0.0005124891467347005
2010-03-19,0.0053317125213963885,0.007577868868163076,0.007278037752996818,0.006522643043638884,0.005535230243279653,0.007032979016394443,0.01257131435026026,-0.005074851980097914
2010-03-22,0.005551035893393321,0.007451435978741604,0.00721876156965877,0.006652809207556302,0.0060384915441185115,0.008581513895978507,0.007695681943292241,0.005332000371380024
2010-03-23,0.005589201210844379,0.007341544655873964,0.007123078246376393,0.006480482234768052,0.005753302943403162,0.008761866671641177,0.006895158334833668,0.007008428472602377
2010-03-24,0.005647313585620556,0.007321985074928457,0.00714280504318846,0.006318489043673818,0.005446385924791118,0.00929982190709814,0.0131033161196898,-0.004866615352786608
2010-03-25,0.004839761147687017,0.007198320235356668,0.0070818746267194135,0.006446480763407466,0.005926815076853832,0.011006785986517732,0.009991838375893024,-0.0016272793586331468
2010-03-26,0.0047417957297459365,0.006990403968638906,0.006886595752223704,0.0063210032060937804,0.005973414216484227,0.010432829276944479,0.00902536406576615,-0.0006001554384136251
2010-03-29,0.004712814422710486,0.006779042261196803,0.006567088740708423,0.005996076723657994,0.0057750560674054985,0.010264081268167566,0.005856669937109547,0.00632736489928783
2010-03-30,0.00475318969266684,0.006752793639263021,0.006584078172476569,0.005852754939512274,0.0054686562178385524,0.01014618444297998,0.006469753984418112,0.0006814020809630793
2010-03-31,0.004460829195978877,0.006549203550521184,0.006383454258987589,0.005719307432478404,0.005295748881670029,0.010525909574186103,0.006419132556177181,-0.0034126177336356147
2010-04-01,0.004641451459694749,0.006404475053050421,0.006300568879665364,0.005767235217074611,0.005608362828807882,0.008462537169810403,0.008079552422857336,0.006814318736851272
2010-04-05,0.004737518134261057,0.006429802411713801,0.006382469415725296,0.005639753232627664,0.005299519562408236,0.007166879803277577,0.005612624190309577,0.008116272265877827
2010-04-06,0.004894867110144745,0.0065432598939741985,0.006571656944640486,0.005521272095143548,0.004977718622881124,0.006346873481003597,0.005500493320068035,0.00235508596873154
2010-04-07,0.004128725727466133,0.006370100535540451,0.006393367042557222,0.005411279033825661,0.0047912425302803815,0.006356034774565516,0.010464525002175835,-0.005728642563535161
2010-04-08,0.004457900562933543,0.006333445406740629,0.006464738715725904,0.005786831000203782,0.005450238701176169,0.0067687740831197385,0.008145322127970952,0.003457692151599565
2010-04-09,0.004470906405676315,0.006198638316426287,0.006328505183781705,0.005657977066610079,0.005219144466032252,0.0075419778977506725,0.004512399283375535,0.00654612565672318
2010-04-12,0.004552149958840993,0.006220035018069642,0.006385894801397234,0.005538201044125687,0.004933640659629809,0.006760406929085371,0.003372669346854489,0.0015876668821067298
2010-04-13,0.004527083417016149,0.006043074271938428,0.006205723296978065,0.005426987655943376,0.004765450532503168,0.006208629989716364,0.007080101570541483,0.0007513656315108054
2010-04-14,0.004515830135059009,0.005861867865751261,0.006030582635747007,0.0053238387021029695,0.0046225166588057046,0.006331486183628906,0.005215737661586396,0.011285547688481567
2010-04-15,0.0049296920525014,0.006319938320959716,0.006640227779552798,0.005228273283995392,0.004265667555759682,0.00561868346970427,0.0038249262619779244,0.0008250176632252502
2010-04-16,0.004778903399720956,0.006130739140313264,0.006436315858548422,0.0051398280512619954,0.0041425453703703265,0.004970823955642419,0.014959520483469997,-0.016040214829223784
2010-04-19,0.00612623182936204,0.007125174676331376,0.007874768201320595,0.008099473633035294,0.006617301752260702,0.006424412472406937,0.00887920392055319,0.0037626904485357888
2010-04-20,0.006140776497703183,0.006969325482629581,0.007649762250948353,0.007824051885015268,0.006324663769507172,0.010122974104429465,0.007372952326018321,0.008891205873906538
2010-04-21,0.006170961984680982,0.007099325343678204,0.007766967245742276,0.0075648954260594415,0.005938884168791481,0.01055868852666396,0.008318974249417995,-0.0018214302611811479
2010-04-22,0.0061738012761367944,0.006897496038929558,0.007522455655916802,0.007362407295778166,0.006012940461495499,0.00996214934546655,0.012069758366951254,0.002978972724957608
2010-04-23,0.006059981233184232,0.006727063342974294,0.007296176974864819,0.007131085802176502,0.005765844678810163,0.009637824819588737,0.006573712721154021,0.006506346067735667
2010-04-26,0.005975597266101418,0.0067140249252109225,0.007258128113236731,0.0069140168904851295,0.005456132959368466,0.010392380039676357,0.0052575101195486,-0.0037830533076385732
2010-04-27,0.006058671572128754,0.0065751146297443695,0.007124616973494218,0.006885576374880234,0.005809915824856748,0.00931776837125762,0.016758781175908115,-0.023934764162449895
2010-04-28,0.008271997109556001,0.008660864886450285,0.009926648191943105,0.011509868790436736,0.009449929265098255,0.009931350029726877,0.009589342219496734,0.007567620990895382
2010-04-29,0.008317960241977545,0.008599190601107589,0.009741135022696407,0.0110562157023375,0.008995064236112757,0.009560486037556408,0.005461228604494662,0.012321051359567717
2010-04-30,0.008687248890697481,0.008866668633192108,0.009956894022908249,0.010626458528138644,0.008509127259790725,0.00971834431771511,0.008883777704836265,-0.017107506027530806
2010-05-03,0.009537662258402094,0.009563511365638827,0.010841403468140562,0.012208584074584312,0.010455988605350018,0.00911117752055824,0.00833625343468719,0.01287868252212418
2010-05-04,0.009818726942746294,0.009794117238046563,0.010989398614420758,0.011718566803288488,0.009882567789069088,0.009726166586277759,0.011611469343934396,-0.023795552344087804
2010-05-05,0.011056889287822962,0.011141945395928764,0.01268083370266994,0.014576556154203994,0.01269783680065901,0.00957188337560011,0.0128424140457251,-0.005974445555987672
2010-05-06,0.01109867850537249,0.010901193070283376,0.01227322611764161,0.014166976031337437,0.01287445478361816,0.009731156531076462,0.08695208544883111,-0.03377705566167693
2010-05-07,0.013198360552180755,0.013422340298345143,0.01540264941799229,0.018882053272019975,0.016888807312040188,0.03445927325591417,0.031039415857636234,-0.014987313186887983
2010-05-10,0.013412783823426127,0.013521347541322101,0.015380498573279338,0.018987314102828896,0.01790466965874733,0.029390811742677197,0.012229856770238037,0.04309886295415514
2010-05-11,0.01669802562236325,0.016831754164367035,0.019197454328040955,0.018160725581356167,0.016525876124084925,0.022722304441271934,0.016772833533391606,-0.0028450544971235737
2010-05-12,0.016686783810275174,0.01633386455987076,0.01833000923315697,0.01741328334241164,0.016088083997745795,0.021604240806031984,0.00807177619752787,0.013889035373678955
2010-05-13,0.01702150948626953,0.016197584443035578,0.017905963055591764,0.016663107562557563,0.015163557861188715,0.02265194915904059,0.010491223985080268,-0.01250848208161447
2010-05-14,0.016957761406083672,0.01600024264569373,0.017493684902221498,0.01668576342729194,0.015987647203841156,0.013990461195714234,0.016025158878953588,-0.018271085090759583
2010-05-17,0.017302227834044413,0.016145502527373942,0.01755897819255589,0.017489937737289386,0.017493498778860167,0.011626337494201349,0.020031810822106377,0.0005269069175635524
2010-05-18,0.017053719697742765,0.0156541775447878,0.0167490646854467,0.016736023638736493,0.016635638348643036,0.014616649698148975,0.016949633077859398,-0.013695759085332576
2010-05-19,0.01717318432427927,0.015543632366436183,0.016507139871477214,0.016892027994863557,0.017506212016772552,0.014316609425671294,0.017859611668982395,-0.0057105704413571495
2010-05-20,0.016960227897353988,0.015134889282723189,0.015855667342554967,0.01632645849877598,0.017341350762504777,0.014689413250335195,0.01367263640277266,-0.03849060921966778
2010-05-21,0.018565039444271434,0.017441691462422516,0.01891044203091731,0.021624152360670425,0.021553984457458444,0.016676568399954846,0.022146207048008123,0.014493662187414528
2010-05-24,0.018992538101233313,0.017278999381396345,0.01848178025054352,0.020670892347572273,0.020262568477089432,0.016293841687338932,0.012422795863439728,-0.012913895176149421
2010-05-25,0.018880142409465114,0.017048639586846572,0.01805254888230693,0.02040028200865858,0.020778149252448322,0.017522885901696532,0.01992836500513468,0.0010205248870875877
2010-05-26,0.01893555660016552,0.016531159466872565,0.017217874694440062,0.019505637914682072,0.01969693303437556,0.016518583402107895,0.01797640677735509,-0.006046724523854909
2010-05-27,0.01846747657720051,0.01609584579846811,0.016728108770786024,0.019041422204168837,0.019835730528890393,0.016537663894866467,0.011124924013828209,0.032948954845283485
2010-05-28,0.02007630560595649,0.01756899810386954,0.01871356386932732,0.018167364161384737,0.018407957282929398,0.01887625720746165,0.011310696989518728,-0.012628830916158266
2010-06-01,0.019825628978932905,0.017312387326128078,0.018223264797019342,0.01807605297327824,0.01905117370778138,0.015421930458232298,0.018838642726249275,-0.016966613213306822
2010-06-02,0.01982126382020658,0.017291835861755242,0.018114716441113534,0.018560960591339125,0.020240131328215463,0.015572566911307529,0.015402837307603324,0.025706112745054306
2010-06-03,0.02057501581412877,0.017908528308305468,0.018839935505632944,0.017711438582793292,0.01884746447145618,0.015093065206394328,0.011084300107236296,0.0034377810570308267
2010-06-04,0.020127542524850203,0.01738337030943598,0.017919168552718346,0.016905465512709744,0.017761763953584597,0.01724541824341054,0.01838038899040087,-0.03576865085918928
2010-06-07,0.02137101373615547,0.018995116545398625,0.020296116187047245,0.021612386809538503,0.021905777102039715,0.01587967041190262,0.012453497793743372,-0.012529389377325244
2010-06-08,0.02038392849754387,0.018670423704592185,0.01967906038382874,0.02122313128772896,0.02225421738391999,0.01697101907165981,0.015453665616747787,0.010654949791184077
2010-06-09,0.02041364927836069,0.01828883034350795,0.018942577358496537,0.02023837076529614,0.020844788288482668,0.01459460104426188,0.01906728905789097,-0.005360059271972521
2010-06-10,0.01760275257947032,0.017780220767401725,0.018083358420979675,0.01942883709946676,0.02033803381280801,0.015372960418125045,0.02333439704957566,0.028812002252332405
2010-06-11,0.01903416424769167,0.018627290837172097,0.019217122767004352,0.01853503971439787,0.018909879658766733,0.015867008510022602,0.007364825983394897,0.004844427657517038
2010-06-14,0.01873698028019056,0.018098771086910145,0.01830091167217706,0.017686843262532382,0.0178066596203954,0.014504976053377121,0.011037482938013895,-0.0015513704402343677
2010-06-15,0.01861872879908084,0.01755152383639558,0.017399520055044568,0.016895811120750087,0.017044594793145424,0.015455752323233964,0.009862660969864916,0.022482788190782973
2010-06-16,0.01903789028341779,0.017885781378812755,0.01783468487491393,0.01613187400017892,0.015917092116437288,0.015062381112120344,0.00830868216893745,-0.00035702443684154796
2010-06-17,0.019035794169807146,0.01734112894207739,0.01694966219183608,0.015408858922949688,0.015141931393452627,0.014067537129683708,0.009431312549362574,0.0016063768399328844
2010-06-18,0.018810584150893008,0.016817452084061997,0.016114890522281794,0.01472223758905355,0.014340947944918348,0.010852050432430486,0.005584853064716469,0.001083627632674473
2010-06-21,0.018767825813007753,0.016307285116000016,0.0153242638653854,0.014071674540252885,0.013600686679073198,0.009961929682166052,0.013928567959785474,-0.002868065560185722
2010-06-22,0.016576648150548795,0.015826100056131834,0.014613700119562912,0.013509515211722372,0.01330668219371513,0.014943534457306458,0.014130488527325626,-0.01665361125296564
2010-06-23,0.016786510523612172,0.01587696704264982,0.014857182824372026,0.014567507792054978,0.014935405240396955,0.010767642406918512,0.011408795812670043,-0.0031081526198464045
2010-06-24,0.01653131970006625,0.015412106743968547,0.014179619441871183,0.013985903740656806,0.014578594385459442,0.01217965791773041,0.009719578219461492,-0.01670869451761821
2010-06-25,0.016971352864978317,0.015492962291931683,0.014480725891616737,0.01497895235065294,0.016106814714356914,0.012156878476071218,0.012648252717938461,0.004180441472149892
2010-06-28,0.016934381874587137,0.015055847143172922,0.013794855838922806,0.014273074874404103,0.015159758492705422,0.012402651755411512,0.008404770014285282,-0.0031572123151180544
2010-06-29,0.01522568648615064,0.01461765715095401,0.013179216185071028,0.013704106150208893,0.014788528187211776,0.012199155147269172,0.02839180759660643,-0.03136175547322439
2010-06-30,0.016430853933784653,0.01612045064288235,0.01587214818299916,0.018216058232038746,0.01859165895857082,0.018718030603103706,0.015141069922578767,-0.009545428999448996
2010-07-01,0.016172335680462276,0.015803281497234707,0.015399424964765849,0.017805994854610385,0.018802662776534113,0.013030214238635148,0.018871710934438714,-0.004466348900412345
2010-07-02,0.014904312701409596,0.01536085870210397,0.014723246013545487,0.017087217114278904,0.01832985135082282,0.016192431261712444,0.013008217824049817,-0.005464542166525078
2010-07-06,0.014833744716432264,0.014952935983526008,0.014125113601035364,0.01646014435865426,0.018022428771610647,0.017879319672354982,0.019213473024046048,0.006534344899652797
2010-07-07,0.013003842502520032,0.014585497477009084,0.013566281731607108,0.015710924941456393,0.01695823880372381,0.015383275152778543,0.014797034147563469,0.031009872250692867
2010-07-08,0.014548047469019595,0.01605207971176899,0.01590642282782258,0.015001136927797101,0.01574376605406295,0.01503765630033,0.010570079483801079,0.009846948539707428
2010-07-09,0.01452090433917063,0.015748868245725637,0.015386561273299062,0.014328954213468961,0.014814893113466074,0.014598070127330491,0.005707800097197141,0.007437836564935754
2010-07-12,0.014532690978905385,0.015377403055326132,0.014782595664959517,0.013692640892359872,0.013974869551716436,0.01320313692276367,0.007849686063346387,0.0006482657807802825
2010-07-13,0.013071169170410736,0.014909791016434405,0.01406250352929087,0.013090546297843954,0.013257990924035628,0.01348158775427296,0.008075724759251534,0.014975763272769721
2010-07-14,0.01345064733201915,0.014913757581530065,0.014088159916696789,0.012521100226537303,0.012455466400922086,0.014340953918449311,0.008933148896774712,-9.087823962750856e-05
2010-07-15,0.013444819398110123,0.014459441580499333,0.013409017185747189,0.011983182985316894,0.011881489291383909,0.010492784375229207,0.014312967665261292,0.00027334712711505796
2010-07-16,0.012448126021615026,0.014019108633925153,0.012767846670014883,0.011474601447504229,0.011311012322728591,0.01029552599444158,0.013411545466124787,-0.027920806496103533
2010-07-19,0.013783857113495418,0.015215701383767313,0.014935853112622483,0.01574733187434235,0.014976013244287267,0.011430771555635558,0.010780072354913286,0.005888999514575011
2010-07-20,0.0138725710534393,0.014822527901843859,0.014300407183055041,0.015035621811489444,0.014139193172455012,0.01168784088139562,0.011552458111036067,0.011030460756146573
2010-07-21,0.014145912556341378,0.014622761615592887,0.013978505705242084,0.014361605922786482,0.013312788339348864,0.011911062136048494,0.013204032824730684,-0.01308311823311119
2010-07-22,0.014372529311162634,0.014534982861791178,0.013935820453304801,0.014716351738481228,0.014428733888813036,0.012398850727461027,0.009638491710429613,0.022076304130374695
2010-07-23,0.014860258927737673,0.015094090745335322,0.014798862172721505,0.014059333394880993,0.013478546760681887,0.012794306918895262,0.00962779116563364,0.00864174596626175
2010-07-26,0.01496013817986394,0.014786563742243714,0.014292900739965485,0.013437485993840514,0.012720468541921286,0.011873744784618917,0.008139019366783719,0.010361821635775969
2010-07-27,0.014563142082221333,0.014559050797422486,0.013926406133477988,0.012849192996376033,0.01199801516289028,0.01143832843510666,0.007749618106121239,-8.960221559934826e-05
2010-07-28,0.014558063953606776,0.014115540521993306,0.013310215007789599,0.012359595064480635,0.01149491338648664,0.011387817104635288,0.008338024011509482,-0.006475650899201681
2010-07-29,0.014630085691174993,0.01377714115658444,0.012868500395368646,0.012132196593485477,0.011824023463777611,0.010366765293884282,0.01610960595477713,-0.004883719475862741
2010-07-30,0.01267175731503699,0.01341089423926238,0.012385671836263294,0.011799758078214586,0.011919700460837825,0.010420792345595915,0.012119111604834367,-0.00018191781846299725
2010-08-02,0.012380718001402571,0.01300242073171148,0.011824958656029665,0.011316861065985557,0.011407793455090041,0.01206572937644046,0.009030520903513183,0.022330125208307284
2010-08-03,0.012925798786182975,0.013741806202260856,0.013048783582126109,0.010859367052391022,0.010651110322399205,0.01051496465448435,0.006560249598002033,-0.0048007378334227226
2010-08-04,0.012901200432670925,0.013374970222889492,0.01255120736918224,0.010609078820901577,0.010814221385145978,0.010355747900163652,0.006370322307675793,0.006661171832406815
2010-08-05,0.012902252737851963,0.013069763248285744,0.012119255388650475,0.010190452254266163,0.010259374561056323,0.009560302926655523,0.0047117615508917715,-0.0010632186375765602
2010-08-06,0.011414850673338407,0.01267428162526554,0.011581588880348874,0.00980687667597337,0.009964312881237362,0.0094044946381908,0.011456977429184442,-0.00408443736875137
2010-08-09,0.011397725446434267,0.012328833178801075,0.011151007967861956,0.009580632422514258,0.010077752432917335,0.009685206082564185,0.006289899223667667,0.0053248685254382476
2010-08-10,0.011359076372566649,0.012024199490463223,0.010755209008170041,0.00921985125104733,0.009583140927396474,0.0077086379559500665,0.011647561078778651,-0.005413809034054057
2010-08-11,0.011476068237559853,0.011733075073428148,0.010439517027460982,0.00914830115770992,0.009898199430969,0.011802682834727024,0.007739957274354036,-0.027789430266480078
2010-08-12,0.01275867718774396,0.01325670749885176,0.013111379610186023,0.014133309604520567,0.013680205488415888,0.011186297587577977,0.008609246106861583,-0.006148846059066099
2010-08-13,0.012825427991087214,0.012940802701493878,0.012667454622997424,0.013753743371011451,0.013813879911991782,0.010686859006855879,0.005938062276190394,-0.002950126477753749
2010-08-16,0.012835685519252208,0.01256736674325757,0.012133973566047786,0.013223464224426457,0.013524222437506402,0.010607016667022729,0.009923590356343067,-0.00046154024309141183
2010-08-17,0.011208713580444334,0.01218503859705515,0.011589408216092474,0.012666352626140987,0.012940678099101958,0.01043133130741776,0.011072512020082246,0.012210275617222403
2010-08-18,0.011437327386029688,0.012186554292084885,0.011612382599609745,0.012136368910610812,0.012189511198676325,0.011845407191713517,0.01095966598983322,0.0018233435436654068
2010-08-19,0.011208177543428151,0.011823741120465641,0.011100423722625897,0.01163463242994105,0.011597268533047475,0.01141772561417254,0.012888281912377484,-0.01754989652690088
2010-08-20,0.011518359347404371,0.01224306885241843,0.011916499046252185,0.01317347014393324,0.013497110228268758,0.014048384654086013,0.009162919422683975,-0.003249683801151544
2010-08-23,0.010402607181968887,0.011896755756003519,0.011436872769172437,0.0126880818496774,0.013267437165811713,0.011916102564780923,0.009678524772919427,-0.003819993654685739
2010-08-24,0.010187466391846088,0.011572224105945798,0.01100597464315747,0.01225785950179911,0.013126711812749749,0.011949871690001005,0.010727374319939172,-0.014954369853118035
2010-08-25,0.010218851683543674,0.011802515798547773,0.011501627846342082,0.013180803615510337,0.014512894208257854,0.01191987885087296,0.014575515309976615,0.0038774370887861864
2010-08-26,0.01030477973572652,0.011482311941726773,0.011029358856506043,0.012587052526358672,0.013715571727741955,0.01056899608653062,0.010377133462712804,-0.0067243619486860836
2010-08-27,0.010309770876817151,0.011253706095882825,0.01076927654694016,0.012369780190697637,0.01391973785241464,0.011773516333191797,0.019735611968377465,0.015371196130446586
2010-08-30,0.010997119430340485,0.011542251386440992,0.011210175998485014,0.011875868634253177,0.013078570831067069,0.010508043051052553,0.009027274083696015,-0.014611197737520436
2010-08-31,0.011355296757582607,0.011749016086601739,0.011621668711873643,0.012754990062086968,0.014399229394345195,0.011303372387159866,0.01139116866093619,0.0
2010-09-01,0.009895957953888982,0.011391093725495934,0.011114313891709393,0.012241517338181195,0.013708842970392616,0.011474330732138523,0.009371437296123176,0.029472974030164974
2010-09-02,0.01218890437964966,0.013194353609715697,0.013664137078632994,0.01175418055554183,0.012732272689146631,0.011264272971972264,0.005708119904939693,0.009268893272191018
2010-09-03,0.01229038034965479,0.012992315116906634,0.013299014650808412,0.011291968244877779,0.012034669238762062,0.010511446676467813,0.007436536531611281,0.012888258785225362
2010-09-07,0.012685807308361965,0.01298609525000017,0.013217114554015945,0.010853814922779119,0.011343417518916812,0.010745545067844751,0.005364352247446298,-0.011336659076074566
2010-09-08,0.012875996433787198,0.012893081089948244,0.013098592357506466,0.01134309788453421,0.012338047833722112,0.009977477674242452,0.006896642492202868,0.006998833257829483
2010-09-09,0.012923372387145441,0.012617316180975894,0.012655542942630804,0.01090227130621875,0.01169040301966353,0.008474008942623982,0.006280174215247345,0.004608116852981138
2010-09-10,0.012941137274827728,0.012284907488862783,0.01215072625152871,0.010484597277075642,0.011110053304307872,0.007281896799243737,0.0049721516724829905,0.005036299518665227
2010-09-13,0.011384513779174925,0.01197437571065082,0.011690207633725015,0.010089094324216095,0.010561788920733365,0.006915010773703323,0.00595582652046913,0.011061908805718427
2010-09-14,0.01146783428237793,0.011921597326943933,0.011607203390596663,0.009714821612971603,0.009982877311533933,0.006345356475410437,0.008824579306564004,-0.0006217331072867352
2010-09-15,0.011431215433871295,0.011559420702597975,0.01110465911852574,0.009365354222939335,0.009653963415191015,0.006647310956526684,0.007586369191970972,0.003809793477567279
2010-09-16,0.011425638506425466,0.011246060027466264,0.0106704670540117,0.009030621510487651,0.009208574481422108,0.006732395916121765,0.0052577370842435646,-0.000265306193327147
2010-09-17,0.011194256557651962,0.0109036533976216,0.010218480604332485,0.008715843698250242,0.00888226026830794,0.006592682912358409,0.006172763642506375,0.00037380401252916904
2010-09-20,0.011196503603287312,0.010571880709548521,0.009790023631521151,0.008417506662863374,0.00852011707196669,0.006279888387437598,0.011281771866465985,0.015174407979234127
2010-09-21,0.010691456972268901,0.010902960216561525,0.010343364577731863,0.008136231976792484,0.008019542279755855,0.011104770487434266,0.009412641499824568,-0.002015609047471863
2010-09-22,0.010658906350009111,0.01058233574334244,0.00993566584055202,0.007914836297082563,0.007983147950752327,0.010420751515555169,0.009429390454439522,-0.004925592408451338
2010-09-23,0.010697085102263167,0.010330651849335801,0.009658319175714919,0.00790859802908656,0.008329488207516276,0.011650008051457507,0.010908470634094778,-0.008144289987328008
2010-09-24,0.010218885993271625,0.010212678059065387,0.009609990351691763,0.008299684018032348,0.009094247112937784,0.014540132607564989,0.005957677846474149,0.02041224561907246
2010-09-27,0.010881161573024548,0.011092360065496847,0.010935464605111706,0.008043709492012063,0.008477876344837347,0.010349414176216038,0.0046758014681227995,-0.004801579990809748
2010-09-28,0.010793372703536457,0.010818564365837093,0.010588271128154384,0.00801759837265666,0.008783502543230851,0.011276218701011137,0.013382582125055022,0.0034942473358236144
2010-09-29,0.010484320419367166,0.010523851039810909,0.010180005916790868,0.007759443703383936,0.008390899388165207,0.017176322208964985,0.006402783892246413,-0.001745333983521322
2010-09-30,0.009713705652912161,0.01021220474278123,0.009781104391818351,0.007552806060365746,0.008303837263466824,0.01010122307817552,0.01474702143404987,-0.002974719733074274
2010-10-01,0.00979972143089558,0.00992787568492852,0.00943906594633393,0.007422323740555228,0.00837985901610777,0.01525374987469982,0.00824692431822727,0.004196975039907639
2010-10-04,0.007892061927674091,0.009680177097946488,0.00912359596999363,0.007199632098597645,0.008002160712573324,0.011386376404610755,0.011447288765904302,-0.007531896957784058
2010-10-05,0.008061829642474679,0.009564896613958346,0.00908059412165884,0.007597955331018159,0.008711053202780157,0.01567449428559103,0.008863229688601707,0.019931701956068765
2010-10-06,0.008658395345867136,0.01048018973938461,0.010428514947150434,0.007364666785127803,0.00812670995740031,0.010687501425248653,0.005490148244929536,-8.637715711636243e-05
2010-10-07,0.00809461483198188,0.01016094296883358,0.009993826749854358,0.007146154312144644,0.007846408927880147,0.009826813342054382,0.008767914333453091,-0.0012071149108194177
2010-10-08,0.008087539305492407,0.009855836031479553,0.009596212393027123,0.006960695875557974,0.007722547108551493,0.01131717629408387,0.00834708820060968,0.00559320344946801
2010-10-11,0.008102849190782494,0.009653304570781679,0.009327325820604011,0.006766469375720162,0.007365325430638684,0.011521206819559768,0.005086030571725808,0.0009431710237706681
2010-10-12,0.008090733482007667,0.009362077017569487,0.008955394096188509,0.006584515962787326,0.007084204947872889,0.007151712062795261,0.011148560464542656,0.003081364508532865
2010-10-13,0.007847957719548318,0.009108197700533041,0.008637176592380606,0.00641423897916745,0.006792578398233468,0.009752338302989955,0.008041482308608664,0.00774738149356935
2010-10-14,0.007918589914477648,0.00903233218118608,0.008572819159012644,0.0062550586697473634,0.006460448318572191,0.010946626352977327,0.008826142710024609,-0.003908851739908557
2010-10-15,0.008029769348497055,0.008809358119005463,0.008348960025964912,0.0063065069328253264,0.0067677478471911716,0.01085112844653508,0.010596400458600424,0.0020414519065907535
2010-10-18,0.008012071661734276,0.008555615383709672,0.008046996905853296,0.006154437930837912,0.006505843579566032,0.01057180527784736,0.008930484388586542,0.004915457585260639
2010-10-19,0.00802234644979179,0.008381905792520053,0.00785791991122715,0.006012534357862785,0.006223095686936938,0.0126285174102531,0.01261894494835569,-0.013191129819097683
2010-10-20,0.00814916425293045,0.008745359820273699,0.008588677058407811,0.007826371172345619,0.007927381947204404,0.011988672055220263,0.00941149967318269,0.009718596952221764
2010-10-21,0.00832952342625609,0.008806787546323473,0.008691640013578073,0.00757947243725716,0.007509136181865762,0.009551240081392425,0.013050314590625582,0.0022037227853283496
2010-10-22,0.008194534442498931,0.008555543239314968,0.008371081585737726,0.007347293506800895,0.007204758060899298,0.01498482780746497,0.0036968540759895574,0.0018606937477224266
2010-10-25,0.00786321804638571,0.00830741908091614,0.008064994608461544,0.0071291660441393945,0.006921336687729861,0.011912383175188581,0.007510415776119664,0.0029526503598132888
2010-10-26,0.006702387167279572,0.008086748897279408,0.007768839884745859,0.006919992831149235,0.006603350986330058,0.008925115682084922,0.0056064628635987355,0.0001686074237582532
2010-10-27,0.006551738854696011,0.007840502724429826,0.007490307230909903,0.006727264237404213,0.006378217213658543,0.009403983716788338,0.008232025420850966,-0.002867991715853437
2010-10-28,0.006617183915524892,0.007634041955767354,0.007299041308946798,0.0066527218509052875,0.006556358680348911,0.0077875222566824364,0.007966986028161819,0.0001688084167740498
2010-10-29,0.006583105641992443,0.007401593785419848,0.007050686161409677,0.006477039730597758,0.006333702117608601,0.005861654479648973,0.004352023542778309,0.0007598793266873465
2010-11-01,0.0065030908257371735,0.0071785249268893235,0.00681786787738799,0.0063127682711566135,0.0061104094980750255,0.006072555609370009,0.01280336940858832,0.0003375294665195183
2010-11-02,0.00648603885896856,0.006960329193857085,0.006600674756588294,0.006159337306372425,0.0059045351350195995,0.013644632850332242,0.004489470123752032,0.007899279949898507
2010-11-03,0.006270083458442402,0.007020208612374691,0.0067522367334041326,0.006016187171142561,0.00560691477783345,0.00793092928609935,0.010762217469986696,0.004009421587199863
2010-11-04,0.00483429085606582,0.006876834803266577,0.006617183164745812,0.0058827745137371885,0.005376802988808244,0.011467891013202882,0.014933467991974422,0.019075045234979163
2010-11-05,0.0061371686694486,0.008141550622561002,0.008415724981182822,0.005758572260180898,0.004957964007337978,0.013589420742246616,0.00445450048330934,0.003755430157686511
2010-11-08,0.006082973986985246,0.007946946022686684,0.008150240798581974,0.005643069591331262,0.004763161192297257,0.011637604204172976,0.0049905365466026055,-0.0018758701014666204
2010-11-09,0.006125209723468067,0.007718539197315808,0.007879804392820522,0.005593132389393882,0.004895202777025266,0.010520165464925138,0.010096622545769863,-0.007209971848064589
2010-11-10,0.006468993839969298,0.007688973802989808,0.007931134353199318,0.006190248658849183,0.005780053640307817,0.00986831141461201,0.00973216128253305,0.004021177331626365
2010-11-11,0.0064802139725018216,0.007519527317752286,0.007708823719442689,0.006045014635646372,0.00554104277295351,0.009075053983241972,0.006923710136906994,-0.0037746997202490556
2010-11-12,0.006459467097320393,0.007348849916562482,0.007542320506611353,0.006105232901770064,0.005888452336360495,0.007937206570109474,0.011048319285957928,-0.01190910849972981
2010-11-15,0.0070059231103956985,0.00769901755459039,0.008151926021432523,0.007580909728448038,0.007431563729291485,0.009825365834469576,0.006545477934621918,-0.001415269899503099
2010-11-16,0.007023236159367772,0.007472520214816678,0.007870158262057045,0.0073736439377548955,0.007361421437998834,0.008129375584838115,0.011303430826947316,-0.01570187352063096
2010-11-17,0.007833110864516433,0.0082025102732436,0.008970427390858748,0.00942912900113665,0.00937552150009025,0.00996270819712314,0.00594068762568144,0.0005076224707786941
2010-11-18,0.007231156916374723,0.007953600765067174,0.008617118079152539,0.009089516895616845,0.008984381431304794,0.010403799165021403,0.006178505921976059,0.014611072846249488
2010-11-19,0.007608466151175719,0.0085013637850275,0.00925963518031746,0.008768757381646083,0.008427433034410112,0.010892119525458054,0.007142710129087279,0.0027472033200568167
2010-11-22,0.007614269720168624,0.008269801847563115,0.008912205105669169,0.008466038469143124,0.008061599733230874,0.00780364167480937,0.00970799304527143,-0.0008319755651185761
2010-11-23,0.007619296207016426,0.008020459852311342,0.008572279508578312,0.008190128952080612,0.007881451497353458,0.009944548172243868,0.006913133815800879,-0.014582656641359642
2010-11-24,0.008294969778919475,0.008557297596272623,0.009369239565037418,0.009778369261647511,0.009654186352402503,0.007799180470474906,0.003966623658687523,0.014665876989527251
2010-11-26,0.00889969894551047,0.009040961148817063,0.009899851023415762,0.009423332994577061,0.00907624423810535,0.007734550368522502,0.006644605847412843,-0.011715207134925111
2010-11-29,0.009273146834263562,0.009223307675536276,0.010154695426222977,0.01018076950059866,0.01029452469931152,0.006979810601887987,0.01143721653331604,0.0030254294738599036
2010-11-30,0.00929407776686402,0.008972983540552608,0.009763274457705261,0.009803863717967857,0.009825225723926577,0.00857688283078325,0.008956614362300145,-0.005638455897334383
2010-12-01,0.009382861665417526,0.008808580969501129,0.009542243734166053,0.009710638967269732,0.010157773057387272,0.00776146206788879,0.005281382998589652,0.021044689873729695
2010-12-02,0.010447747369650519,0.00997538826749965,0.01094964077807775,0.009359312117715745,0.009470258240617648,0.00878566523453323,0.006367156513304813,0.012727528732986822
2010-12-03,0.01065848941253552,0.010161558349046066,0.01107533241026078,0.009027369329778424,0.008927470929688661,0.008802635438073298,0.0043264695607211565,0.002689083748760656
2010-12-06,0.010645073072817092,0.009873991203190057,0.010623338247179164,0.008713978967867641,0.008543329779032088,0.008082320910228202,0.003553955491573004,-0.001058371218088288
2010-12-07,0.00982533320117363,0.009576699281169417,0.010189610645059884,0.008431971003407262,0.008368158827657058,0.00531763025118635,0.005235858406556911,0.0005700439721863973
2010-12-08,0.0097921402700502,0.009286004306613653,0.009769506156672571,0.008152522484711502,0.008043131688398897,0.007363012545339995,0.006280610946146945,0.0036568180996826697
2010-12-09,0.009812348693259816,0.009047564453506286,0.009417311401988423,0.007889341280958757,0.007696973894469731,0.006415365892340055,0.005688100205683761,0.003886155625074423
2010-12-10,0.009685311674111524,0.00882343751156358,0.009094182577168737,0.007641704782902189,0.007367113332437952,0.006461655374535915,0.00544115629231959,0.005800699276368993
2010-12-13,0.009722300584557426,0.008671836787839778,0.008871528878366217,0.007408913513335209,0.0070309216268465875,0.00740284381181222,0.0034832058104995738,0.0006425576063565426
2010-12-14,0.009663272394337005,0.008409130804969361,0.008528475860814858,0.00719028965897509,0.006778765829767664,0.008021770461887977,0.006211632078574841,0.0008827120596581483
2010-12-15,0.009191946049748392,0.00815582141026859,0.00820657257237046,0.0069851757834575945,0.0065369468950503265,0.0077666606644479505,0.0066189942494478005,-0.0045824821064496014
2010-12-16,0.009271919649767259,0.007986634212168456,0.00804622496339936,0.007037284350995096,0.006931062810879513,0.007715722533856054,0.006748704658263465,0.005784611204912685
2010-12-17,0.00841445359641883,0.007871902570799574,0.007902780562963375,0.0068417532846855676,0.006618507630278207,0.007609496102343848,0.004063197236109178,0.0010706012576873094
2010-12-20,0.00840831142454204,0.007636596774891875,0.007620272252157008,0.0066586337946264885,0.006382715637313993,0.008430323566073775,0.006107761912554422,0.0024106095154873904
2010-12-21,0.00794858697213748,0.0074274636302254044,0.007373978459626142,0.006487319191318127,0.006142011126075184,0.00815615182923958,0.0032115513233423923,0.006320328742299342
2010-12-22,0.008002164848386277,0.007365729858219481,0.007320450264183606,0.0063272200012529,0.005863742514836175,0.008405593648603027,0.002066467218367054,0.003105653764621863
2010-12-23,0.007972981303346338,0.007181743721545111,0.007112557751075693,0.0061777635477223035,0.005640581257063344,0.00839931934987832,0.0032186973988652316,-0.0014319046452886096
2010-12-27,0.007032149751617349,0.006971787243155618,0.00684741820052848,0.006011190405641579,0.005600762158792055,0.00839931934987832,0.0037521791520525372,0.00039794373709036796
2010-12-28,0.006523691914072601,0.006760101321361325,0.006627344132459374,0.0058771557074206145,0.005424258795717499,0.00839931934987832,0.0029313608088585826,0.0014314942986662549
2010-12-29,0.005681791748120627,0.006563534279501685,0.00642659804883571,0.00575265715984928,0.005240855846164972,0.00839931934987832,0.0019369246047725177,0.000714780895517508
2010-12-30,0.005703351358694658,0.006365990732605404,0.006235331390623453,0.005637147295537151,0.005077173373760768,0.00839931934987832,0.003914981676084499,-0.0015894675984306455
2010-12-31,0.005464507635136725,0.006184324713495278,0.0060921363611429425,0.005575403827221854,0.005162709554918262,0.008384749655356936,0.003318906844018503,0.0002385255900790228
2011-01-03,0.0036162039881844146,0.005996209927917709,0.005925628792186595,0.005472925263116934,0.00501142345083781,0.00839931934987832,0.01224917361397617,0.010285168719500942
2011-01-04,0.003280294868970177,0.006335956378084954,0.00643683876741156,0.005378114727608438,0.0047162317509219015,0.008126513152057807,0.007430406326743899,-0.0005515283280702531
2011-01-05,0.003320414581995079,0.006144422970572218,0.006254161419915544,0.0052992439390671334,0.0046855277086396115,0.00634494853345833,0.005519116298944617,0.0051842268937905235
2011-01-06,0.0033303159806427657,0.006091081195649574,0.006222902892296081,0.005217671484955301,0.004480991653741007,0.007505609428626409,0.005038379183774086,-0.0019604640150102464
2011-01-07,0.003432874198967297,0.005925014689713866,0.006093297316836327,0.0052128670796306445,0.004644629512011606,0.00790389852926878,0.010273433617880032,-0.0019647869218781698
2011-01-10,0.0035142560697423364,0.005764640005050498,0.0059741236678076196,0.005208774476679349,0.004800828887110253,0.0109493521947655,0.005830661039123009,-0.0012589759569020067
2011-01-11,0.0035348235842117388,0.005597527235499826,0.005841241889895281,0.005166929202290244,0.004856963058997684,0.007605824629669367,0.0051284942933442984,0.0035377991035282223
2011-01-12,0.0034292094208192027,0.0054957559837431,0.005757181520946985,0.005095661486137715,0.004669068440459812,0.007522455903862711,0.007858369453332277,0.008983998126686286
2011-01-13,0.0038039553698715626,0.00576488223152003,0.006133192189874454,0.005030028288714159,0.004409006193700634,0.006968650766722014,0.0038506077114280855,-0.00163453718748534
2011-01-14,0.0038721101958218286,0.005603582588285283,0.00599932020771881,0.00502252086917431,0.0045330107565480955,0.007639635965432115,0.004812722794456914,0.007218578393457853
2011-01-18,0.0037787322238395323,0.005713370458464928,0.006155074461655643,0.004962734672620102,0.004305242058315822,0.006447323928255461,0.003399361941403499,0.0017000811323992083
2011-01-19,0.003689298186072748,0.005554949363164758,0.005991639970398781,0.0049077782164741466,0.004170233050631728,0.006608907993512996,0.00817207226978473,-0.00985416020557223
2011-01-20,0.00450782068292796,0.00590188809476341,0.00659727639884008,0.006250156595691673,0.005542335219129406,0.006496404395030956,0.008189678366807429,-0.0013260702995388518
2011-01-21,0.004543261056670662,0.005731304724448231,0.006419473418143193,0.006129543369297746,0.005570418419054068,0.006371365652186292,0.005306605547570878,0.0022615709792541305
2011-01-24,0.004403727063302176,0.005584251499660982,0.006247633887470489,0.005987202691820497,0.005367353296839822,0.0070865509067291705,0.004414824732738165,0.005670615450173431
2011-01-25,0.004496198777752233,0.005589470967614261,0.006249660768857745,0.005854864300460222,0.005123266242306649,0.00726156863857049,0.007152301025914426,0.0005422415757842597
2011-01-26,0.004458003222978618,0.005420820612372732,0.006019763768077681,0.00570763192122496,0.004969727785154135,0.007055863584029139,0.005131031810386762,0.00386329381174963
2011-01-27,0.004485648438459755,0.005340194817549988,0.0059281068129581295,0.005591797479210615,0.00476971744613634,0.007608718938248971,0.004423557187007778,0.0024646921511252435
2011-01-28,0.004490527209156953,0.0052125907466454326,0.005790552425851573,0.005484472285871675,0.004599275236688777,0.0064288510209184295,0.012067152284102427,-0.0176170535059712
2011-01-31,0.006139746480785193,0.00664548497917405,0.00783477965487185,0.00881685724910277,0.007342068054596086,0.007093728710036775,0.005670395781927465,0.007487964569710919
2011-02-01,0.006289985703478703,0.006699022255206875,0.007811547172050341,0.008502015566409355,0.00696883954707931,0.007745346253041793,0.007131422498304592,0.015882376883454574
2011-02-02,0.007060970464772063,0.0075709496731451815,0.008783529966833254,0.008205601855145472,0.006497709601630033,0.00734742347472596,0.0031896351080788112,-0.0019141638267316336
2011-02-03,0.006830635580417887,0.0073552677453260235,0.008463795284750055,0.00797228079820066,0.006555946441884769,0.0061597408174506735,0.008466732253517153,0.0022199251353796114
2011-02-04,0.00682040401707573,0.0071518983385887675,0.008143183895118455,0.007707507885961867,0.006299915974115856,0.006816044038527258,0.0058726145885478675,0.002824974526973566
2011-02-07,0.006774300442169348,0.006968464660128601,0.007856197455412156,0.007458890046361741,0.0060485543774038975,0.006265893026519551,0.005329718032111512,0.00623297747106556
2011-02-08,0.006813457566826159,0.006926538112620343,0.007741927053188813,0.007225676060949282,0.005761406280380474,0.006115793034832611,0.0050443803469798305,0.004536186560009516
2011-02-09,0.006787117601337075,0.0068068299319492265,0.007543491538335498,0.007007138598953398,0.005513002531427785,0.0063806969521883776,0.006374190535739394,-0.0022656723696578237
2011-02-10,0.006814723209778064,0.006622760298873044,0.007319760411308023,0.006873904418079988,0.005669276120617323,0.00616836718502921,0.006170263734717034,0.0003781828529287398
2011-02-11,0.006812645319042555,0.006421672529330983,0.0070597669434905985,0.006677968951736284,0.005485280786605175,0.005853900548726987,0.0060896136817445235,0.0059526734747614145
2011-02-14,0.006683556137643724,0.006394502692106245,0.006997937498551291,0.006494892178642156,0.0052303983239228476,0.005849050421807016,0.0034667229192130032,0.002400848034230684
2011-02-15,0.006642320109119488,0.006227529933737849,0.006779387566626225,0.006324023263577835,0.005038864064872894,0.0065149243156374876,0.005603897913724303,-0.0031526397000257857
2011-02-16,0.006607962935583926,0.0060869984028054085,0.006652351754861453,0.006307412387486277,0.005337943918839369,0.005996449517167128,0.004609998872613277,0.006295670343006559
2011-02-17,0.006695751115560011,0.006099720033450634,0.0066539768878782915,0.006149254834396978,0.005085409141290917,0.006797659878603994,0.0051874569276350495,0.0029839897739102695
2011-02-18,0.006166059235950269,0.005958895964483549,0.006476477569978118,0.006001999281731202,0.004892490670240278,0.006577562291962197,0.0037784048681469224,0.002083113483582732
2011-02-22,0.006113868563254384,0.005799853132255599,0.006288408704802799,0.005865052789147844,0.004721755860663438,0.00650911908253349,0.017855362326684672,-0.020273722905926075
2011-02-23,0.00785735829790462,0.007502094974230018,0.008719930609115963,0.009859915335702995,0.007989169815946613,0.008015416403907731,0.011009098894749799,-0.00616298213625794
2011-02-24,0.007949510184840733,0.007428558688664667,0.00861191705165232,0.009811943946382627,0.008521483223099553,0.010395986321181603,0.011014010451100863,-0.0006877882359893439
2011-02-25,0.00795528324879902,0.00720422503111425,0.008298915206840556,0.009472887310589075,0.008465968671558643,0.010502814476488764,0.004259836411368957,0.010636563079336449
2011-02-28,0.008225046387693795,0.007454863865251956,0.008514713319145618,0.009126441312067614,0.008029731433533187,0.0096141383635939,0.005564924219399212,0.0061770410923444605
2011-03-01,0.008298413273356495,0.007384432661610755,0.008349186759200862,0.008799967003512378,0.00766160267471595,0.008835587298367533,0.009786530751518122,-0.016813604171681006
2011-03-02,0.008208962662970748,0.008259533407181668,0.009540744451827314,0.010777104417875666,0.009807391427527453,0.009814997943881515,0.008913075489216648,0.002136870575494714
2011-03-03,0.008085556168803285,0.00802500289903212,0.00916027609843264,0.010357576387993908,0.00937003292878307,0.009510764863406317,0.004923581326823475,0.017077536456878855
2011-03-04,0.008199489152197132,0.00883375154302333,0.01004671379996933,0.009961236462743276,0.00881833791362296,0.007577104188588285,0.011659905324311475,-0.007520708386560394
2011-03-07,0.008387691546198561,0.008760520510938596,0.009921002919787177,0.010051830561643084,0.009471781582460013,0.010718444315234953,0.012964517340676412,-0.007881930836775696
2011-03-08,0.008584559264168632,0.008710304613970985,0.009833043284783976,0.01017617438891885,0.010129127184806913,0.015566331721411046,0.010922936692581247,0.008711840281816279
2011-03-09,0.008767494232254772,0.008710396761676646,0.009722558978142296,0.009789948566481603,0.009609080933250719,0.009007521068218225,0.007494646292657189,-0.0014341737935042091
2011-03-10,0.008676708245114953,0.00845234655638751,0.009339954564513886,0.009448131516332293,0.009411485114940242,0.008687477809941037,0.006362300986326264,-0.01867925760218568
2011-03-11,0.009527337935267359,0.009385654609287941,0.01062084366579866,0.011706507141492815,0.01166873978795021,0.008372549739341355,0.008880039654691823,0.006902249577415517
2011-03-14,0.009673170992703579,0.009255460261483113,0.010333454660450974,0.011236487801059547,0.011066557477133959,0.007994819618772213,0.009040426338284677,-0.006056034297614422
2011-03-15,0.009745011019072018,0.009095288068973539,0.01008954163472612,0.011066824348763906,0.011367923014939997,0.009010501749621033,0.014445086224372015,-0.011523354126425593
2011-03-16,0.009882594602979453,0.009258945435282372,0.01030970029088254,0.011575084982949978,0.012389071866638148,0.013433047085174258,0.018236084925098393,-0.018686114050737678
2011-03-17,0.010501659445108743,0.010076439740213538,0.01140170283210194,0.013330218012632096,0.014356665544825334,0.00967130882605001,0.008305114404407022,0.013148530472725172
2011-03-18,0.011051519773664921,0.010286670539265673,0.01151231747855948,0.012774253366448569,0.013513129415080911,0.010787209860235819,0.006375373388602407,0.00363044283348965
2011-03-21,0.010967873597534029,0.01001286483711963,0.01104125872304162,0.01224744238746363,0.012817784464419078,0.010584786461042255,0.004680939681531838,0.015378681573012191
2011-03-22,0.011567240534997345,0.010413080491722295,0.011426029810055305,0.011748508420843623,0.012059023192576726,0.010019701316547185,0.003911106662995333,-0.0034741235523942757
2011-03-23,0.01154662111985548,0.01013165744954399,0.010990806454691016,0.011368765498316242,0.011958567227504005,0.009925986290546628,0.009940152973141528,0.002857582712253843
2011-03-24,0.010761330345246577,0.009847913507532878,0.010534644161295199,0.010916966753055202,0.01137557982264118,0.006630551714237949,0.008564088412862372,0.009517997852073103
2011-03-25,0.01089802469538242,0.009828430872293995,0.010421244922876112,0.010489766993970875,0.01076787865329023,0.006782781315816961,0.006157944992984133,0.0030510775724153527
2011-03-28,0.010913963571270136,0.00955827990110918,0.010007583718879904,0.010084847943938973,0.010295357525861592,0.006648747684791446,0.0051933572142490465,-0.0024402233053507573
2011-03-29,0.010667428910950752,0.009286353061060595,0.009625661743669274,0.009754653484244199,0.010180130512293226,0.008055353919552068,0.007395109947384815,0.006696016924631538
2011-03-30,0.010683729122462427,0.009151632124571357,0.009397299877523533,0.009385333079251953,0.009658823878083917,0.008031936419004532,0.004833948736617822,0.0068776138102909085
2011-03-31,0.010081924294817272,0.009031352202980875,0.009197807532435702,0.009037573851467447,0.009169782875795477,0.007315041160008421,0.0031768494026005283,-0.0013565291150090188
2011-04-01,0.010088810912589764,0.0087625232400161,0.008841559591161827,0.00873375198585597,0.00898752332208521,0.0053587156160801955,0.005655036549869385,0.004214400329197513
2011-04-04,0.009412888346466981,0.00855807074801309,0.008553614208503446,0.008424810059116149,0.008566743642212136,0.00550802593822713,0.004812193822783461,0.0008259884991195707
2011-04-05,0.009250177511735253,0.00829982384465828,0.008217787832454637,0.008134673238273014,0.008204749989337515,0.005360759868134573,0.005358536943033126,-0.00014997273505859578
2011-04-06,0.00905206071280908,0.008047061625866445,0.007906934898367341,0.007864188879949946,0.007927843494915415,0.006862244090524297,0.005314563119558015,0.003147470153181252
2011-04-07,0.008890662792047676,0.007839915998515084,0.007649093806938461,0.0076089576112101185,0.0075829535946912805,0.006601405340249957,0.00816742438149201,-0.0025474900598108294
2011-04-08,0.008906658794926388,0.007626651180448501,0.007433310828620935,0.007452495094071041,0.007657902622287574,0.00559963689739216,0.00872307998760299,-0.0034559172339562994
2011-04-11,0.007817066289724462,0.007442611206439557,0.007274338011968539,0.0073701930087045515,0.007850544273960113,0.0058848019519544565,0.007601008586266138,-0.003015423641321114
2011-04-12,0.007758813685139966,0.00725358398725794,0.007106944782495571,0.007262105660700151,0.0079714506555581,0.006103076290542035,0.006069798874469931,-0.007502046841720226
2011-04-13,0.007828732506995194,0.007268731266838414,0.007283815326998975,0.007677864500402728,0.008710275116703676,0.006873074009873149,0.006861310322936561,-7.619386935402377e-05
2011-04-14,0.0073150326030887725,0.007047321143958684,0.007034641382100071,0.007435723866123757,0.008392475137320865,0.007404522514930592,0.008104986379982063,0.0007604666166639369
2011-04-15,0.005719490323245746,0.006835170060519747,0.006799352159974353,0.007207963267096797,0.008041936966754613,0.006489027953661923,0.005870646114667446,0.00364166830835902
2011-04-18,0.0051577832384372335,0.0066867093293292166,0.0066406204309310745,0.006995130758001946,0.007685380402399371,0.006892405483543685,0.015931343210744416,-0.011271798042414884
2011-04-19,0.005862045157688861,0.007046457451952815,0.007349219416879466,0.008168228217054086,0.009011715938640532,0.011305555677085612,0.0048715699064486116,0.0057282569056121765
2011-04-20,0.004995352289840472,0.006974394919665225,0.007252074338144984,0.00789393340696833,0.008574993081449487,0.010235531354603413,0.0035279994688675073,0.013539745416648555
2011-04-21,0.00564380443608568,0.007531476334861865,0.007986848364961647,0.007636822273108115,0.008091657942429097,0.00849485638038865,0.004583345633416339,0.005095927232161789
2011-04-25,0.005693959476702896,0.007407958969713489,0.007800871076645288,0.007396074270913708,0.00771818600928211,0.007907295205308676,0.004080584183658143,-0.0010470911562886227
2011-04-26,0.0054087302619018635,0.007186860839373175,0.007530677249158365,0.007189492283491188,0.007586866862964567,0.007524050138470447,0.00582885729653629,0.00856827100126677
2011-04-27,0.005642955018223236,0.007277144129266212,0.007630873995129628,0.006996269980517171,0.007276298399391003,0.007194358624329275,0.007688945518029087,0.006507433952927745
2011-04-28,0.005688073709220528,0.0072332716578689255,0.007558752877440507,0.006799952380658146,0.006936896904971063,0.00582852234943754,0.003928507243167537,0.0032379421278847255
2011-04-29,0.005584569341537062,0.007057624380579482,0.007332343917591035,0.006616559185326505,0.006659898826227567,0.006390840064548917,0.0032772275201966732,0.002348285968212903
2011-05-02,0.005452835647081465,0.006866755056270703,0.007098933542051108,0.006445432863045803,0.006409711573914574,0.006623934864826235,0.005917155298155048,-0.0015403994074651346
2011-05-03,0.005457451680907661,0.006668249794565381,0.006894679905970533,0.006326283262900008,0.006431281382968485,0.005383376461112695,0.006901957363871258,-0.0036034465346379326
2011-05-04,0.005514068115670507,0.006525083265295365,0.006791106047031373,0.006357777054852789,0.0067197247155926995,0.005811464344820018,0.008002535066664191,-0.006653193795278583
2011-05-05,0.00575624983126179,0.006532840743700046,0.0069216021731156666,0.006764915829691005,0.0074061338395901965,0.005838506575323927,0.011632438715242511,-0.009089407381172695
2011-05-06,0.006129638629045402,0.006713744654367601,0.007289205570466498,0.0075237192652521725,0.008390969986046454,0.00687570252284484,0.011286144668241028,0.004406167931071858
2011-05-09,0.006166641204346891,0.006598087919785165,0.007126869788331122,0.007293614152127098,0.008017398586026401,0.009848002696766067,0.006325229216599931,0.003867390194881649
2011-05-10,0.006183015258394088,0.0064668447298933986,0.006953960929907093,0.007078092260147141,0.007672341528259044,0.008431543740208946,0.0056340198226715885,0.00849965266997505
2011-05-11,0.00634898816903169,0.006606475735634686,0.007112799318223749,0.006876447182738562,0.0072844523753632625,0.008167243434220497,0.00937156669157761,-0.010580519694515329
2011-05-12,0.00679140200712805,0.006909676849691284,0.0076334897291272085,0.007907899643515908,0.008495949753635048,0.008452846426290534,0.010851435643340622,0.00474972066645294
2011-05-13,0.0065737417326011205,0.0067994563680995775,0.007460490053702549,0.007653927460563353,0.008111726982180103,0.009698597581516385,0.009159046575248738,-0.007729431081927516
2011-05-16,0.006859210220370228,0.006858811615622968,0.007614495578261838,0.008042895495048089,0.008855462840169187,0.009886661029026049,0.009931811641826722,-0.00636148184597288
2011-05-17,0.007041423581655501,0.006829993122140521,0.007631737694799514,0.008198295762951285,0.009363497446067714,0.008644240523692713,0.007197821340486993,-0.00014975248066260305
2011-05-18,0.0070076936446228566,0.0066220256141082305,0.007365445367999356,0.007928548351641498,0.009044053034307635,0.008034822723299253,0.007404726550134106,0.008895593957648044
2011-05-19,0.006702600266628726,0.006779973845925353,0.007513826732188609,0.007673309086903138,0.008572442618673442,0.008485810063447077,0.006669414162404712,0.00237935336358324
2011-05-20,0.006633105306832049,0.006599215254564259,0.007268703816852673,0.007433842676689979,0.0082157264196537,0.009661996754085132,0.007145139960310234,-0.007976693680534533
2011-05-23,0.006285487161107174,0.00668986711242413,0.0074698296082707895,0.00789164227246282,0.008986676496077334,0.006952431893441648,0.0070554506846322645,-0.011668964430927721
2011-05-24,0.006682310514489844,0.00708794374387916,0.008074227424078269,0.008938450843120392,0.010224382341097071,0.006466409453700995,0.005850318707652535,-0.0008330445489991757
2011-05-25,0.006681783655711833,0.006875045273934493,0.00778817196320838,0.008634062760063822,0.009936732894705003,0.007044124942864115,0.00816566269480195,0.00332877459540927
2011-05-26,0.006414562902838193,0.0067152897991041745,0.007565414731347031,0.008342727833053332,0.009466292075083139,0.00644324444208708,0.007394779181461257,0.00459694852075171
2011-05-27,0.006317732351442192,0.006607369083299487,0.007395321085639142,0.008064795155229686,0.009033060038617013,0.006297609616526074,0.005587228782217613,0.0038273425016113346
2011-05-31,0.006338526308842333,0.006474318471333011,0.007205458481802931,0.007803840666874819,0.008635262137761918,0.006939793920124929,0.006607457156426895,0.010357671034596111
2011-06-01,0.006771124794864399,0.006770426326591544,0.007532093836271448,0.007559073884143376,0.008179383364088794,0.00695240853077684,0.013282778000636326,-0.022717325435715
2011-06-02,0.008326361306519071,0.008605403231825147,0.010003317385035888,0.011543856383847804,0.011238011126579626,0.014494436760368408,0.007940748190708115,-0.0010621897956151992
2011-06-03,0.00831341255742223,0.008347303859635327,0.009601444860944854,0.011095593948974403,0.010907296955661967,0.009948793194471266,0.00833805306192959,-0.009994390011587589
2011-06-06,0.008449346415528731,0.008455182004179518,0.009726630357357779,0.01137872710845255,0.011756317042396033,0.009820249900708579,0.007459540506126757,-0.010637208509971198
2011-06-07,0.008524511272887588,0.008601727085501453,0.009899853994466065,0.011717595083814387,0.012630693075426589,0.008312848273583182,0.006588849060530507,-0.0006204265643089092
2011-06-08,0.008415618146047093,0.008341068400963055,0.00949836054077388,0.011253240751947897,0.01215541269074887,0.008570132043600145,0.00619789120293957,-0.004196155824339867
2011-06-09,0.008322921452247846,0.008152023072066233,0.009223721159680518,0.010946447851748553,0.012156073626324395,0.007661012836203828,0.008712637052404073,0.007602286246045317
2011-06-10,0.00826692108096843,0.008120088467957646,0.0090906803484582,0.01051892244466655,0.011517116728127823,0.006975541819364745,0.008123461883771499,-0.014008258041317076
2011-06-13,0.008469464452257465,0.008587989527528471,0.009735462165869981,0.011531914771250113,0.012878033157889934,0.007046101890276162,0.0076314588051378555,0.0007834623396957893
2011-06-14,0.008343311075239185,0.008328576053066075,0.00933681325102856,0.011072411814517234,0.012276638818386637,0.006734028650313728,0.005521142174063357,0.012606788552124094
2011-06-15,0.008889674849872397,0.008645179893054937,0.00963058053335002,0.010637967413684607,0.011567916011902275,0.007134302253774825,0.015433072363855724,-0.01794583403958873
2011-06-16,0.009529351566545404,0.009464563636157358,0.010733865103587753,0.012431209807236852,0.013494373300994083,0.010637635250331567,0.010641037311299912,0.0022019758077586604
2011-06-17,0.009569109884573691,0.009192073149239898,0.01028658180117643,0.011923390734138182,0.012834231885932114,0.011623955866214989,0.006953794732100719,0.0029797868344916666
2011-06-20,0.009311389817850223,0.008941884814112686,0.00987935952994756,0.01144274526782874,0.012208340095858023,0.008336621416691304,0.006590367156851381,0.005102679928718751
2011-06-21,0.00940023679151733,0.008759115613714919,0.00956313169254934,0.010988083793728365,0.011597045590857653,0.00793355511724032,0.010913172687859274,0.013610975195120197
2011-06-22,0.009914574013316598,0.009123283328938636,0.009938582204029744,0.010558268913289781,0.010919766702432089,0.010059444442112236,0.007506873049620611,-0.00604367684981001
2011-06-23,0.009693106645889262,0.008968377923012614,0.009727811190771658,0.010442928057272071,0.011240603945939655,0.008815644774664753,0.014514300903861892,-0.0028797389642655747
2011-06-24,0.009701599711639449,0.00872373017727622,0.009386406303235895,0.010116992671933073,0.011135542994018845,0.014343603299372133,0.007718544128540192,-0.0116815188480894
2011-06-27,0.009909684481371323,0.008928870761157913,0.00974317182290128,0.010795346070142495,0.01218989035707425,0.00963944122609175,0.009939086576033684,0.008871527896165068
2011-06-28,0.010090233802134353,0.00892544057837142,0.009659336509287504,0.010382572423593582,0.011538305555838797,0.0092186775235628,0.005774858213713172,0.012968747106720318
2011-06-29,0.010524448430086084,0.009218187687286519,0.009962241648736183,0.009992524808038293,0.010886911567028056,0.007381023256842687,0.00772442619762265,0.00852737903312508
2011-06-30,0.01043132285336528,0.009178205531269891,0.009833825605123516,0.00962421561892129,0.01032374134160348,0.00744742031704132,0.008028965151996054,0.009517285139983279
2011-07-01,0.009441191072251167,0.009198902779893046,0.009791557218879914,0.009276696486018999,0.009785966565574823,0.007793240231989671,0.010402178806042018,0.014667954188399722
2011-07-05,0.00994086318199189,0.009615173239056495,0.010271257704628691,0.00894905558857307,0.009228151474927343,0.010074196563982922,0.004262447926776928,-0.0008215619760667387
2011-07-06,0.00962930724205111,0.009324428179619123,0.009848900548278104,0.008650202321248999,0.008984019544266336,0.007788640108983117,0.0058144406801886065,0.0011951863487106472
2011-07-07,0.00922386097075184,0.009045107597411504,0.00944458935327913,0.008359136325288376,0.008615981055764343,0.008673251651447906,0.004894335395662206,0.010321837898592636
2011-07-08,0.009375019060016365,0.009126749334681853,0.00950930696063435,0.008085434022745608,0.008174180715555188,0.008401486184594428,0.01172055939052855,-0.007117631939557281
2011-07-11,0.009500838701205975,0.009018832589567736,0.009404737657488565,0.008329026510354798,0.008819799034105269,0.009027710580996455,0.008468738037417774,-0.018245784520079106
2011-07-12,0.010423134925218257,0.009820056006312776,0.010608090077582868,0.010768584757183858,0.011069401902656636,0.007394488001579316,0.00874353186783742,-0.004328557042469748
2011-07-13,0.009920154660446885,0.009579753354512176,0.010260754308296573,0.010506852702876464,0.011151552081870414,0.008729497213556004,0.010528167141591608,0.0033430562175366173
2011-07-14,0.009924919116469295,0.009323944195763222,0.00986376527813842,0.010109933868723322,0.010625577695734072,0.008025072222275376,0.011260180618193422,-0.006926515515010102
2011-07-15,0.009771159266288848,0.009197737562821894,0.009715039738553966,0.010121605345566472,0.011077920446851177,0.008130825061055306,0.006923189715828838,0.005788150522113167
2011-07-18,0.008817575078119536,0.00902954234089804,0.009443096403774746,0.009746071932617948,0.010531098671260248,0.0075268201425061155,0.010125721742801446,-0.008235177521871695
2011-07-19,0.009092800893303983,0.008983861403756777,0.009430609426409659,0.009946681159888048,0.01116582154040172,0.008865169401126697,0.006265487994110121,0.016101560042808816
2011-07-20,0.009637177958915038,0.00956152675713072,0.010146919685057973,0.009580945193524999,0.010506078011277573,0.008008724536717074,0.003921775800365335,-0.0006032590282117434
2011-07-21,0.009628207061174652,0.009271421766859399,0.009729507990825049,0.009241674158424175,0.010155110851007438,0.007606048468940176,0.011902404843632825,0.013775827554127443
2011-07-22,0.009638370780156084,0.00960146402234149,0.01011327051369031,0.008916051766996204,0.009583613511488084,0.008994428669854868,0.005903513862469206,0.0006693683946677283
2011-07-25,0.009474492968527723,0.009310408580338768,0.009691458813496858,0.008609340267698242,0.009184608576899723,0.008569407855370798,0.007693923392578077,-0.0055886497546457
2011-07-26,0.009564248347589602,0.009129987175329497,0.009473179906045917,0.008620457583781797,0.009556191685454475,0.006885267402259769,0.005309885808883742,-0.003743119632481471
2011-07-27,0.009143699763574055,0.008899209096732379,0.009179632076867006,0.008480413698036043,0.009662906208898552,0.008499204171915657,0.008394677855881811,-0.020688044807154957
2011-07-28,0.010297998322569151,0.010006192036488884,0.010840994496749088,0.011532102763280953,0.012241635354572167,0.008341029935115584,0.01091340008186518,-0.00291381372795113
2011-07-29,0.009950859235800776,0.009727582688073113,0.010427377228776808,0.011145056086516282,0.012064570792560965,0.007877884209520626,0.016331960998917653,-0.006858069848792299
2011-08-01,0.009875011719208156,0.009579681642891719,0.010228438923560368,0.011059910254592874,0.012411876993023575,0.009947937011165706,0.018667103641240034,-0.004261377609644341
2011-08-02,0.009630236925385303,0.009346317066327563,0.00990478360904701,0.01077380752821602,0.012395417177546567,0.009549846357850951,0.014380627349000304,-0.025879819706420854
2011-08-03,0.010336013813796726,0.011058857455645103,0.012319391550034415,0.014482594077054798,0.015501504333551096,0.011677857803073916,0.018162312226068348,0.005403998667223844
2011-08-04,0.010492604954277703,0.010803361542896826,0.011852068029936404,0.013872000417343638,0.01464848346921287,0.011275103154630315,0.01841504533555124,-0.04797431315348447
2011-08-05,0.014338007965297111,0.015741726294846613,0.018316689658915128,0.02292188362046786,0.02126372778640512,0.014559944489813197,0.03461858791131193,-0.0014976141483223437
2011-08-08,0.013926759758386628,0.015266577901598926,0.017443891908561045,0.021901142627395922,0.02024290603454612,0.01514101699391189,0.049613428557768,-0.06734056253780737
2011-08-09,0.019369408319188243,0.022162341450093992,0.026097234186109774,0.03350498468387279,0.02935714349774755,0.015223879066422377,0.049018147928426826,0.04545058259623953
2011-08-10,0.022511196424178134,0.024200093870433162,0.02813156453636566,0.03196393893666268,0.026990356563959383,0.014979663800492734,0.024988721901216752,-0.045183193382909805
2011-08-11,0.024110002479216127,0.025942188199806038,0.029974288076539193,0.03520736058002655,0.031423228635458045,0.014703092278809766,0.039626230034332396,0.04390542429940255
2011-08-12,0.026524641978632916,0.027354679267963283,0.031227808486392394,0.03358508195638059,0.028896251553463887,0.01464745876773994,0.013384276337784592,0.006710340752884364
2011-08-15,0.02665592009653767,0.026572231550307194,0.029717112229265954,0.03204021093473484,0.026972991160676557,0.014801737600676145,0.00830139003934751,0.020944196056907744
2011-08-16,0.027160263450499565,0.0262685751630644,0.02886517102666493,0.03056918172376184,0.025061301461858587,0.01181837489764897,0.016450052966854666,-0.008576066279450189
2011-08-17,0.027162909250971805,0.02555481742062505,0.027557908704533805,0.029368451914227704,0.024615702344625557,0.013953501664501555,0.016727251057825403,0.0006687856307729868
2011-08-18,0.026792500385570735,0.024776856302819943,0.026184054890441337,0.02802548002578891,0.023111122079664207,0.013719299662418414,0.043058275119008435,-0.044075444058963006
2011-08-19,0.028089330939886074,0.02633662350976753,0.028185420144081895,0.031780777067164,0.027826290610236643,0.014505422229634643,0.02438615559689005,-0.016465341935655308
2011-08-22,0.027743891634147116,0.025850863094392194,0.027252799322718763,0.031005741618447123,0.028157646770583883,0.014505422229634643,0.013321671720055692,0.0007983699609532105
2011-08-23,0.02774602422201137,0.02506410459276734,0.025894977224265134,0.029584237097826302,0.02635888717228494,0.014656451696261872,0.01988137691680931,0.032380949151663195
2011-08-24,0.029142862911663726,0.025562244243663462,0.026345435385972414,0.028230903814498075,0.024378480090464127,0.014505422229634643,0.011441675737936176,0.01398645588329367
2011-08-25,0.0294854237873593,0.025019190390915186,0.02592882449797597,0.027355707407382086,0.022998549693813635,0.013940996467803932,0.019646653423130437,-0.015361530653416198
2011-08-26,0.02937350175542114,0.02454711575702534,0.025018059908151234,0.026775968360228837,0.02369613697072144,0.014493184662531881,0.029980022025040944,0.014429120260681069
2011-08-29,0.029692814546198664,0.024060324377682553,0.024042354057607015,0.025453921127637922,0.021988536884893568,0.014505422229634643,0.02057951052274135,0.028331305207589662
2011-08-30,0.03054588927282938,0.02433772848676891,0.02437436480209616,0.024201334658387696,0.02022339959512699,0.014505422229634643,0.021081543963911417,0.0026332100676975958
2011-08-31,0.030569022854979106,0.02360511711340529,0.023039180633299492,0.023014774935730994,0.018979881604733066,0.014505422229634643,0.01485883594786358,0.004427919722518357
2011-09-01,0.030132289684200904,0.022911696774474574,0.02180743491151886,0.021890986391620113,0.017811101181292466,0.014129495886478532,0.01580237839377001,-0.010527978989481358
2011-09-02,0.030156743038750683,0.022362902285627373,0.02091905752141051,0.021287739976933135,0.018273324334116825,0.013998480263626054,0.02361175430072468,-0.025882310136705135
2011-09-06,0.02882947722607868,0.02258953459899257,0.021508386085190637,0.022906868502345946,0.021023222143352407,0.02092389041295194,0.011288623440477935,-0.00732409591334309
2011-09-07,0.028862887065402226,0.021974721655848302,0.02049068403328183,0.022007198914884975,0.02076270908040775,0.01822961918169368,0.010079381312999238,0.027816917805423367
2011-09-08,0.025204590693325868,0.022368324553093122,0.021226816755667594,0.020936911523060583,0.01910686821199145,0.014550881833196954,0.014616528694298477,-0.010445912846701592
2011-09-09,0.023417721822519125,0.02183731788534964,0.02037646807822052,0.020397718678010986,0.01944686607370554,0.017089056822266704,0.024322352734588288,-0.026558746451982456
2011-09-12,0.02189945717964112,0.022149003726269587,0.021127577966292627,0.02230050467844924,0.022180495627102156,0.019602428087968454,0.013622377864028149,0.006448823483122282
2011-09-13,0.01968795530696382,0.021532275856520927,0.020061307848652433,0.021214622668197354,0.020718171452816556,0.017138408482876222,0.013150130695288057,0.009129455668757296
2011-09-14,0.01973784556035515,0.020995746878739594,0.01916511376553787,0.02018656625679405,0.019338325355878542,0.018185025146401006,0.027698629247077756,0.013749179819642817
2011-09-15,0.019413086569593393,0.02063285003384432,0.018606237298805447,0.019213506304503098,0.018003588470575732,0.024906948011398346,0.013416353781835061,0.017109839275685948
2011-09-16,0.019685809074814067,0.020438601382931056,0.018372018487363622,0.01829276072847582,0.016726723715994405,0.01941001244079848,0.011175966051405055,0.00590105930852404
2011-09-19,0.01971811913629917,0.019868608178699718,0.0174654080504193,0.017421786723424454,0.015714882269342003,0.015167070578573185,0.01449743305512853,-0.010007212013556619
2011-09-20,0.01704669613225326,0.01941866506838789,0.016876091300049634,0.017119390728534148,0.01627801580866192,0.017064402689637083,0.012948391204450304,-0.0011640798768167886
2011-09-21,0.01650965401406759,0.018829253431124425,0.015988838981008485,0.01632219930143252,0.015567749262250508,0.018838361507419212,0.018820485100206334,-0.029900635834361727
2011-09-22,0.018033564107199227,0.019670058949709513,0.018002041332791863,0.019860582156900883,0.01929580207666231,0.015746002622710666,0.021190071629730807,-0.03285853292271554
2011-09-23,0.018132919500914866,0.020699698961336017,0.020103992062888727,0.02326275134117255,0.023073494360099756,0.0161650421611897,0.012646405546764269,0.006006673080643286
2011-09-26,0.017879697118244588,0.020122964298393085,0.019054692108424136,0.022082250114762864,0.0216318157587926,0.017061014939515444,0.022417613849934948,0.02350191873068024
2011-09-27,0.01839039443421437,0.020341535872852583,0.019432337664036455,0.020988103227865988,0.019893455652708586,0.016930682212834575,0.01802300059726409,0.011121901068014337
2011-09-28,0.018276522321259904,0.019909123480669796,0.01867570313750487,0.019953413853721746,0.018529343516215782,0.018110682589447258,0.01871466853766703,-0.02063012623492109
2011-09-29,0.017601770151646788,0.01995311836306723,0.018925681344497933,0.020834903350060788,0.020469253757964663,0.01840553645658198,0.02567635781897228,0.00787256818387624
2011-09-30,0.01771138175322774,0.019441140816693944,0.0180471031898265,0.019808561494117256,0.01912000118351257,0.023747789178456682,0.015088512498473478,-0.025306833717704636
2011-10-03,0.018348084803956284,0.019842041952586056,0.01897630014910609,0.021581022637508097,0.021735140780992212,0.018094043732634943,0.025617973057446407,-0.028870618569812358
2011-10-04,0.019123296741916842,0.020496218873575427,0.02026716651344608,0.02376387393146773,0.02464272018044641,0.02282789381485596,0.028425586066003556,0.021686442152065655
2011-10-05,0.019255797936080343,0.020569574502638417,0.02029602294642848,0.022578825586487827,0.02268558319089439,0.02185002809435783,0.019840970699973298,0.018345962393431857
2011-10-06,0.0197125769125638,0.02044297952048306,0.019996755831163667,0.021457779617235658,0.020956215288825346,0.017966283524844907,0.01822891562199509,0.017929222233034434
2011-10-07,0.019103241528634424,0.02030093366245229,0.019689489127775475,0.02039753394079601,0.019377600686081183,0.019300910863229458,0.01264757428988365,-0.006718470312082769
2011-10-10,0.019031026384187414,0.019751164616632396,0.018767937409181496,0.01960759020072919,0.019204618725018194,0.01942543803093249,0.007145620344290811,0.03289873787871541
2011-10-11,0.019472620033296917,0.020775986396107848,0.020504178834443262,0.01864834558591256,0.0174887198423069,0.013434041500234518,0.00736375495488431,0.0010031630629310107
2011-10-12,0.01944281810973225,0.020144564881258483,0.01938543511292165,0.017741854339405762,0.01650789327795306,0.01089216937460094,0.012310101770439964,0.008733299739226088
2011-10-13,0.01943520215226193,0.019647684750627198,0.01851175968036334,0.016885509908598023,0.0154553713677075,0.014654928602455373,0.011718199326124884,-0.0019892892216238373
2011-10-14,0.01923958883069684,0.01905536830903205,0.017533068836800576,0.016103886825963615,0.014944681699741301,0.011223774637498364,0.00842130623689343,0.016949457961756228
2011-10-17,0.01923277913723856,0.018935619483426775,0.01738259595034581,0.01533903687473029,0.013854659964605503,0.010389777589594973,0.014411549365669272,-0.019275594965196718
2011-10-18,0.01967144725021496,0.018956189959577922,0.017636975651154196,0.016685922435227405,0.01603447045827401,0.012279963740668719,0.02539531987554288,0.01935713659417336
2011-10-19,0.020003320278312108,0.018980485603485378,0.017718193963342684,0.015888415487558462,0.014817464400624338,0.020843685906850016,0.014238687213629697,-0.01189952403006087
2011-10-20,0.020194706476046393,0.018631672604680145,0.01723913200650518,0.015943741549651228,0.015764572998010894,0.018771500185247304,0.015523081637523287,0.004366238193940078
2011-10-21,0.018973213926443643,0.01809570978887213,0.01635890622027563,0.015187908316634824,0.01485181397625519,0.019167774889573677,0.007819900976496567,0.01880916790337455
2011-10-24,0.017519796415895062,0.01813930863705499,0.01653077112371219,0.014474830830376517,0.013733738668748623,0.0136681899607759,0.008575844380651518,0.012186421323011164
2011-10-25,0.01759860217688247,0.01783824483070669,0.016176110040389803,0.013922076404531183,0.012944959606245894,0.013290566492761852,0.00966725323398759,-0.019635244890146248
2011-10-26,0.01781843281122185,0.01795113841614455,0.016615809320341905,0.01555137099230895,0.01521102194859238,0.012062279650919503,0.017136803709217434,0.010107232280834665
2011-10-27,0.017795846730823156,0.01757948056320694,0.016038833782116065,0.014840031824025686,0.014256549990930933,0.012737903894659248,0.01723917178900184,0.034242049368848095
2011-10-28,0.018227931987921667,0.018995971292844128,0.018484507609417722,0.014167922526043864,0.012935245970544396,0.012721395352886807,0.005849160482695475,-0.00023329009959467028
2011-10-31,0.018255996192825075,0.018417366133442612,0.017528980420731963,0.013534922155999324,0.012392794961436969,0.009967573894549744,0.01925032194055506,-0.024401416501763036
2011-11-01,0.018182034526668098,0.018830113127998805,0.01838373920886889,0.0163404648693091,0.015505393324261598,0.015294488664885409,0.013427827606575054,-0.028284335615805584
2011-11-02,0.018127904024817117,0.01952687863592363,0.01964406041934108,0.01940096761396432,0.01890869285066457,0.016732580972212446,0.010728679833701469,0.016179819240394917
2011-11-03,0.0179124170941527,0.019342394964054384,0.01923770091172262,0.018481647577346508,0.017564661651767285,0.01110630307378621,0.018318286119863553,0.018063193782485946
2011-11-04,0.01790174821921269,0.01926803795268647,0.019026804421046522,0.017611461929434313,0.016289679183558593,0.01584930394574152,0.011096420791075111,-0.006117736787576229
2011-11-07,0.017780905889650034,0.018741063245118192,0.0181627376529092,0.016987369813106647,0.01628664602613471,0.01394052704222192,0.013549131241509993,0.006196901686931774
2011-11-08,0.0176310674203612,0.018233428089504143,0.017309068927477276,0.01619770224137832,0.015324755955411173,0.01349654435932095,0.01402281916989512,0.01274899284096889
2011-11-09,0.016500626896211037,0.017951674991737013,0.016846066794935964,0.01545097667754034,0.014313604216443931,0.015287100014556515,0.01671767562997137,-0.03760791361632676
2011-11-10,0.018754384790987483,0.019692338279209114,0.019969276353528444,0.021264073424456787,0.019514583299965468,0.017408031976072633,0.012506435560881787,0.009374542782051964
2011-11-11,0.018767512727064756,0.019230023890546462,0.019118996026856766,0.020245929348980885,0.018247429883882046,0.015338446316448352,0.006228054928990892,0.01864771365429148
2011-11-14,0.019118870296662344,0.01919558342882746,0.018972841803992325,0.019281676279301257,0.016909657157725452,0.01044246344570085,0.01603154645842056,-0.009519557732119495
2011-11-15,0.018981665233667646,0.018756319376348873,0.018267765593503425,0.018792713211363946,0.017326919295842756,0.013041642033411962,0.012266287986168557,0.004929668690962786
2011-11-16,0.018408152995054414,0.018224973074298455,0.01737286948020486,0.017905871163297907,0.01631015710776644,0.011638794693328328,0.015549273690484052,-0.015990330541448515
2011-11-17,0.01838292092233061,0.01809867689072481,0.01728496664767166,0.01829277569505242,0.01770705463154073,0.01181545628763175,0.016855405096676896,-0.01600403020795743
2011-11-18,0.018543352082398386,0.017979880918877016,0.017207368433292264,0.01863677108319251,0.018983775608485704,0.013673469668388788,0.008096197869254935,-0.0010651290876738816
2011-11-21,0.01852289404198173,0.01743409363241985,0.016333021356788865,0.017766870349165863,0.018100485034458987,0.012009466568530289,0.01129706990465398,-0.01920266371442674
2011-11-22,0.018462954826875155,0.01754523585366424,0.016701550766102424,0.018679834945611474,0.019814069105499345,0.011047630383885187,0.010873567065849377,-0.003935858738342122
2011-11-23,0.018190500763948576,0.017038035160532854,0.0158979582205243,0.017911004079635216,0.019268075778670908,0.010788864390676436,0.015899650499061866,-0.022312416410927943
2011-11-25,0.01832581972743134,0.017399643650642373,0.016712157192825393,0.019340395187196692,0.021313955489014543,0.011793266162935107,0.010600981674653436,-0.001889202935302395
2011-11-28,0.018096085801326222,0.01687592629999978,0.015875516923358812,0.018464676701191937,0.020340950386139863,0.012884398798647887,0.009352202268460067,0.028554948653051786
2011-11-29,0.0175425880372608,0.017794161422465187,0.017418587406348954,0.017615052675187027,0.018741942704710236,0.011918613664493111,0.009552243761862866,0.002836223544894348
2011-11-30,0.01758322853299617,0.01726606207925884,0.016534929561425386,0.016810221260362423,0.017661618222554208,0.013197782415716152,0.034092174522212956,0.04032530663800443
2011-12-01,0.019285620109371227,0.019437018986158246,0.020010704086398712,0.01604809075820366,0.016093396938231964,0.0225736954478236,0.00797015456981068,-0.00015978729553085466
2011-12-02,0.018182361168201037,0.018844929730910866,0.01896322415860231,0.015327517289605271,0.015302323927355333,0.01230274150388178,0.008652391990773792,-0.0008809446277727617
2011-12-05,0.01785521750194753,0.01827211147556358,0.017981195943398205,0.014651800465751638,0.014663132625694554,0.011133704607322449,0.010818115584975271,0.010833506616125959
2011-12-06,0.01756358020867386,0.01791311659776142,0.01734623746076295,0.01400581646998504,0.013764759968193367,0.01228386063786644,0.008822846275151527,0.0003169314874767972
2011-12-07,0.017507762252746428,0.017367584409017887,0.016452818307838936,0.013395172803302807,0.01309379847580973,0.0117930859262855,0.014111837095390689,0.0037156431575701403
2011-12-08,0.017474281693295443,0.01686307709632389,0.015641493354726387,0.01281824330288339,0.012416986263491565,0.012371646711890009,0.01231792945561246,-0.02218081614686427
2011-12-09,0.017875574453926443,0.01722849045342131,0.01647681272052993,0.015220017155325843,0.015124950900976795,0.013783461623079382,0.009430659163449425,0.01680045420407887
2011-12-12,0.01624715676221531,0.01720310861423634,0.01643233133316208,0.014543190769607939,0.014101470543806765,0.015151315557155433,0.01126282188177602,-0.014704815113478781
2011-12-13,0.01648231165469391,0.017063529074752254,0.016315153712096412,0.015142371222981586,0.015477633581430974,0.01454311134114932,0.017891246353972837,-0.009382883456062018
2011-12-14,0.016021634220262447,0.016702589414004737,0.01579674394882251,0.014976573987500533,0.015973076762983512,0.012022314731571771,0.009354359142956108,-0.010703078318002069
2011-12-15,0.016053758425500823,0.01640461083579037,0.015409040595682145,0.014971967953802503,0.01661465163822143,0.01154274962679723,0.006418957991351777,0.0036076244079174887
2011-12-16,0.01603013336611953,0.01592939039968018,0.014659603019033667,0.014308579263120742,0.015684564950536065,0.011315096575703683,0.010498354192181345,0.0014814808567088966
2011-12-19,0.015690053772717313,0.015448379750861427,0.01392814024038174,0.013681333146661234,0.014856607648241173,0.01462312585872614,0.011465182654153555,-0.010749328294738927
2011-12-20,0.015473591973983493,0.015207438122132877,0.013709746647484486,0.013812085296337826,0.015594374926913844,0.014130726104011856,0.023307999942359242,0.029811240549463255
2011-12-21,0.0168172335804659,0.01645335247206684,0.015913283144104676,0.013212103415769765,0.014338771911670052,0.012027532515224659,0.010680990438420938,0.0019350454889520508
2011-12-22,0.01616393925829342,0.015959157345503013,0.015109741622767157,0.012645345769372783,0.013601631092728262,0.012935367870890176,0.006797467624244597,0.008820050566118488
2011-12-23,0.016166920471493585,0.015623079674223793,0.014600694361022713,0.01211903723566518,0.012796725429644717,0.010927393324181234,0.005254905708346748,0.008900733257501845
2011-12-27,0.015158625401855723,0.015303240328374507,0.014115410964070683,0.011615161583489424,0.012062452561540427,0.01078570920166905,0.004615884592106843,0.000790776587184525
2011-12-28,0.015116404284510297,0.014838306316145349,0.013421516312804648,0.01114004808038737,0.011497610517976717,0.007564853545787342,0.006778065428257336,-0.013210529946817874
2011-12-29,0.014498354769867388,0.014745707862303515,0.013477507723394028,0.01197514337462585,0.012868138434769189,0.007480229051645755,0.007608166487170253,0.010281186066820542
2011-12-30,0.014602888597247392,0.014516608197344544,0.013170558104420914,0.011479447765130291,0.012108819340044333,0.006053279206093171,0.004546534757889885,-0.004928341606993623
2012-01-03,0.011843482266395625,0.014126050821146426,0.012652486476412652,0.011204542521989838,0.012233780413574102,0.00552175958901827,0.005959473083101211,0.01581091545840773
2012-01-04,0.012303181266270695,0.01423276838677177,0.012943773656388753,0.01075312860380905,0.01143844460600285,0.006174115208245813,0.006552876974465136,0.0015671757334787435
2012-01-05,0.012293520423138363,0.013804519425940796,0.01232420549326769,0.010328072617238775,0.010904686054042425,0.006176453522727164,0.010106765706467052,0.002659018749111551
2012-01-06,0.01210695655827418,0.013399816940122496,0.011756288632809362,0.00992816190408474,0.010390617292897104,0.007753157959135973,0.005336334732309543,-0.002580785753262543
2012-01-09,0.012131413296413074,0.013006975655136773,0.01125085505213584,0.00961826431118623,0.01031459475452377,0.0063597837375787124,0.004979993058524547,0.0024244109313711383
2012-01-10,0.012119401394424375,0.012624705812555419,0.010747428779871494,0.009261163516149832,0.009842807787935814,0.006752261918933886,0.004230383350729474,0.008633383910066662
2012-01-11,0.011015115311179368,0.012421446135884187,0.010560628280651215,0.008926048587042322,0.009310490480926397,0.006434176702420068,0.004763060195834111,0.0005418958159343174
2012-01-12,0.010500692410456647,0.012043770328464067,0.01008649284159795,0.008611880649661062,0.00893084191535039,0.006138904506824337,0.007419793902998128,0.0023963332071583947
2012-01-13,0.009824403180248445,0.011691612560792791,0.009658823303317427,0.0083176585427469,0.008547502704853428,0.005734105494579921,0.008489961570712412,-0.005186598445097281
2012-01-17,0.00961555051601798,0.0114064115400606,0.009419024984256572,0.008330333088610283,0.008955406927194072,0.007019538046594445,0.008053458372540073,0.003873479629190575
2012-01-18,0.009129341497304499,0.011099553208765623,0.009076219158100701,0.008054266628381877,0.008548765576884498,0.006891630831121179,0.007667663321006449,0.010995071490897306
2012-01-19,0.009287414744808091,0.011093312056079675,0.009280856545899446,0.007796287064463072,0.008062843823182252,0.00707437105864116,0.004667436526480656,0.005262553336726315
2012-01-20,0.009282232441588966,0.01083233797886967,0.009007392865502834,0.007555489905500586,0.007690040496185067,0.008062368783000028,0.005157895919062858,0.0037206407128910902
2012-01-23,0.008671691009035235,0.010541810250712155,0.008689333877819916,0.007330999395605451,0.007361996022618033,0.007989981342861467,0.007958462586627761,-0.0025801237123141674
2012-01-24,0.006547352547289648,0.01024018553848266,0.008398703000566539,0.007210245825096121,0.007478892974946336,0.007097270836627692,0.0043426829996609795,-0.001140517000576869
2012-01-25,0.006603310108865948,0.009932158003803239,0.008087347784559447,0.00703094140946375,0.007392458178735257,0.006942431340037691,0.011204035119527977,0.00833260741552372
2012-01-26,0.006581604298590588,0.009843517543857807,0.007958208998914716,0.006686010591583292,0.0068754930766726195,0.007967475993136481,0.010668478776968573,-0.005142788555983976
2012-01-27,0.00663263234858727,0.00962642424921922,0.007871165874146243,0.0068905009208799686,0.0074243007530689865,0.009030269897694444,0.004658368118924808,-0.00045486424149211296
2012-01-30,0.006649767472549157,0.009333829615173492,0.007573274767269956,0.006709366747748734,0.007266114236023729,0.00850656001764152,0.007304976879860048,-0.0034195467424900355
2012-01-31,0.005824565883215085,0.009088165423419009,0.007408432476304545,0.006713479966693159,0.007535042886136189,0.0073837369439302605,0.00860850817740133,-0.00038084649129072593
2012-02-01,0.005565040230200806,0.008811797112996803,0.007145631717457751,0.00654471140686407,0.007360186310043613,0.008482033985464044,0.006217503970045871,0.00871898869223048
2012-02-02,0.005521516617498179,0.008806256190226142,0.007351318894914515,0.00638277649058705,0.006939246171206959,0.008119503722551843,0.005042229653916714,0.0015843902233061565
2012-02-03,0.004614453538928679,0.008546798040518154,0.0070893545979694795,0.0062336830986862105,0.006681849544000827,0.006942667827451266,0.0043452217006672185,0.01392135246674573
2012-02-06,0.005306069382919829,0.008960643649363739,0.00803525089701476,0.006096606330090377,0.006199825435403854,0.007054564079906893,0.0033287937836602257,-0.0006694972040776448
2012-02-07,0.005350131971888181,0.008689214010749523,0.007728412433169657,0.005984590220842589,0.0061411583246869985,0.007014677661124614,0.007804716590829183,0.0025257652036993006
2012-02-08,0.005230669771601241,0.008447192617016765,0.007453938143123385,0.005868039847062218,0.005909507033881532,0.006780564948918398,0.005292571643103843,0.0029634163997700603
2012-02-09,0.005231245477343089,0.00822196263236152,0.007213955615463888,0.005761302973794247,0.005681644079066934,0.006611635046767968,0.006298535052961023,0.0012565497326431274
2012-02-10,0.005050033183391432,0.00797742843215209,0.006959651446561964,0.005663679250549994,0.0054995550309416144,0.006447852997306592,0.0037285068479964334,-0.00741553126690361
2012-02-13,0.005465557937065744,0.00794483535165629,0.007209801751997945,0.006420447282478889,0.006503615409573224,0.0071666941392853935,0.0047673039668160635,0.007415531266903664
2012-02-14,0.0055981019505805165,0.007914075465729238,0.007273909612155031,0.006268347586865616,0.006156493843949262,0.00683242365594282,0.006173645088340757,-0.001256549732643243
2012-02-15,0.005404541483706677,0.007679151651221529,0.007041574755550566,0.006162680247594063,0.006182087519911969,0.006808720590913198,0.007465909966016853,-0.004671251172250399
2012-02-16,0.0055976447864822905,0.007532625248103471,0.007014709888487701,0.0063718945823270645,0.006704538602973218,0.006352239289081349,0.00795798333998072,0.011012570957573495
2012-02-17,0.005599070058028008,0.007785410694780296,0.007527855188486572,0.006223671818978954,0.006276824224384375,0.006613162194954332,0.004021664062404682,0.0026423736140824025
2012-02-21,0.005549008925316186,0.007575934978878804,0.007272467071503782,0.006087408899963411,0.006035504514207221,0.006405994520854085,0.005894424236092312,0.00043970561753771913
2012-02-22,0.005537225405734118,0.007345931106248756,0.00701214116408773,0.005962314450264477,0.005850855825201977,0.006165803704912785,0.004448032098536364,-0.003229462716044565
2012-02-23,0.0055635085884419575,0.007165940786438805,0.006889229812409748,0.006027424776282557,0.006177821290136075,0.006817991167568844,0.006561469677344946,0.004401114475743179
2012-02-24,0.00555979121052164,0.007030779005997709,0.00676129392114436,0.005907302337784084,0.005907307330846314,0.005516856048100738,0.0034418190809738652,0.0021934936369865394
2012-02-27,0.005358933194008404,0.006837735523215085,0.006537473877147984,0.0057900376398780495,0.005656764521318845,0.0070125772750395795,0.008529000941435291,0.0016782999210162275
2012-02-28,0.005135394441782476,0.006642164624413054,0.006339573984807031,0.005687699428716465,0.005462342889129263,0.006790200528439659,0.004358272017471956,0.002911929307622583
2012-02-29,0.005111706449280404,0.006479198236008174,0.006190975304720022,0.005594351701075273,0.00525272842776461,0.006708979586480631,0.009127001488609796,-0.003933354166807174
2012-03-01,0.005140243018789753,0.006355272275417813,0.006204542420941265,0.005789667275438385,0.005738948451844543,0.0070980379404506026,0.005976625287392641,0.00516826862585912
2012-03-02,0.00515406414746842,0.0062903717368971955,0.00619431575478542,0.0056873613878518,0.005468136970921233,0.00569475825285709,0.004615010672027367,-0.003054340033609348
2012-03-05,0.005056840965368888,0.006144460071927252,0.006144372934701156,0.005770042119540911,0.005805140513959386,0.005956252483953651,0.00524308336231159,-0.004086494284482395
2012-03-06,0.005212827341967052,0.00604078573806456,0.006175739702791028,0.0059616421472109896,0.006280554303050704,0.005378358382475262,0.00570797622622447,-0.014732942750163555
2012-03-07,0.005523049598892366,0.006879331574941548,0.007813363301804915,0.00857246596503664,0.008582445569812452,0.005368814146047544,0.0049355562826734,0.006951601384760058
2012-03-08,0.00571865508722691,0.00688368916001183,0.007765437234369149,0.008257138820245157,0.008107339984970348,0.005981067538914797,0.005914528403553531,0.009899796890627905
2012-03-09,0.006068978336997874,0.007100874916030113,0.00802175227844634,0.007963808620411291,0.007602426331732169,0.005683803320824709,0.004592227367698104,0.003860232354594746
2012-03-12,0.006088174039826232,0.006949184321098911,0.00776094822240872,0.007691303581055261,0.007251296100793427,0.006107191516306854,0.00402756425052494,7.269153216270636e-05
2012-03-13,0.006089517731127694,0.006737507700063978,0.007459127700557908,0.007439362203460325,0.007028766276007534,0.0063842881245636356,0.008029418690084257,0.017865238889903292
2012-03-14,0.006841854440761676,0.007862593404438189,0.009055156924924902,0.00720508914200029,0.006430498951177176,0.006249843032072024,0.00564408868631198,-0.0010716712224008481
2012-03-15,0.006754744694178496,0.007627585548090518,0.008672107335073205,0.007013198636422244,0.006418199346156585,0.005618143688418723,0.005147911491292454,0.005773191588213906
2012-03-16,0.006781573041149104,0.007529212580521711,0.00845335200648849,0.006811095651366415,0.006097452302259736,0.005661303142982094,0.002812560174479882,0.0013836984636806336
2012-03-19,0.006614468671791831,0.007307706674739261,0.008097377735787684,0.006624650264827546,0.0058850448241393495,0.0054046445526350784,0.006026151353007605,0.003912155893894932
2012-03-20,0.006316077400892597,0.007149595796803847,0.00783231936584578,0.006452905076727356,0.0056320926713727395,0.005557880638207038,0.0053544180319302845,-0.0029150606706794388
2012-03-21,0.00639752839959326,0.006968469816038472,0.007614685861771724,0.006439394089692158,0.005938166394566253,0.00563769516230651,0.003991534402746096,-0.0016387296412822031
2012-03-22,0.006432272608853279,0.006768095993161585,0.007362001084426869,0.0063365195128355055,0.006036427903217758,0.007381151853188699,0.004811546307443073,-0.007229874636602996
2012-03-23,0.006635243139651688,0.006796687517162359,0.0075434596779147016,0.006944009072212638,0.007002379627486095,0.007067823788705406,0.007284414634985455,0.0032274141569240545
2012-03-26,0.006612766658800801,0.006636884484606646,0.00729899158134196,0.006747235398759178,0.006700108138328231,0.005677024940750985,0.003253311567669504,0.013937635427043404
2012-03-27,0.007169755528890423,0.007284284618280796,0.008248936326886575,0.006626690335646085,0.006240333924992075,0.006210088317436114,0.0032618756826121088,-0.003112345943359557
2012-03-28,0.007249873551849754,0.007103404542357395,0.008009413445332333,0.0066217028228692095,0.006556786781303293,0.007060290455467419,0.009337095967876649,-0.004970595140030488
2012-03-29,0.007380371290409269,0.006993801805141916,0.007911589050491519,0.006833650125316477,0.007144913230799272,0.006443159104792937,0.0076922362514889025,-0.001709589673737909
2012-03-30,0.007318654089300864,0.006793660992379809,0.007641107614094636,0.006704383222496188,0.00719254972214339,0.005322099291968941,0.005854775469078443,0.004127093336132453
2012-04-02,0.007294703974427215,0.006663825767750006,0.007427055044238911,0.006527453823353382,0.006852579591239175,0.005244984862953589,0.008892438493774505,0.007288529777215522
2012-04-03,0.007337782522539083,0.0067029500527718885,0.007453516683204251,0.0063651494920378485,0.006464359043837251,0.006463184317057539,0.008265336136232124,-0.004097820170065069
2012-04-04,0.007338233658331737,0.006575811345691793,0.007349711182225481,0.006496260256955651,0.006920082064220928,0.007279219709353186,0.005609183184750955,-0.00996019416033343
2012-04-05,0.006860458716111493,0.006826356658245567,0.007891418659834653,0.007686894981695403,0.008320259839324108,0.0072797629804260775,0.0051358790760713926,-0.0005007001292747875
2012-04-09,0.0067827716633275,0.006619534617267781,0.007590872405251529,0.0074421117329409765,0.008116736946698545,0.0077637826641638015,0.011867448234588449,-0.011294621149688334
2012-04-10,0.007061182732729025,0.0069887947638454335,0.008285759822697521,0.008721919118509303,0.00963908589004571,0.007969091978653297,0.01112964563416453,-0.016927207710794968
2012-04-11,0.007980881012943383,0.007943832750577516,0.00979779096512804,0.011110899926657774,0.0120107117156869,0.00799255469990221,0.004507571287475909,0.008061667264116524
2012-04-12,0.008190851254633768,0.007950952068000334,0.009631675683136543,0.010619585422857585,0.01126048395866051,0.006669773314077979,0.007008462129093507,0.012981069154459271
2012-04-13,0.007713868247627683,0.00833876908446035,0.009996162945229705,0.010160349976659076,0.010459341717526412,0.007023381820678269,0.008279022890280768,-0.011959755049686813
2012-04-16,0.00812836476473306,0.008599134264809752,0.010381887521310711,0.01103023883546784,0.011878898397420257,0.007266221435147122,0.007735019384513098,-0.0006567798526647267
2012-04-17,0.007990529660052507,0.008338722029451733,0.009894470896839161,0.01055327780119756,0.011450171371778417,0.0064075859848827296,0.007469533384190111,0.014703550923064801
2012-04-18,0.008691315643731611,0.008850643624292269,0.010448038010135465,0.010098408608004308,0.010598827696420478,0.006153850598627534,0.004096669560780071,-0.0033848129576863856
2012-04-19,0.008655420374829047,0.008620978861816283,0.01003655943737783,0.00980290232425556,0.010658586304904788,0.006447800015504646,0.011494758826357103,-0.006441927276324503
2012-04-20,0.008733126113241488,0.008505992332804996,0.009845831557854918,0.009827120360707575,0.011175709688178435,0.008768661799333074,0.005377208032604667,0.001668899989049667
2012-04-23,0.00874954188470192,0.008256991271776913,0.0093898250198368,0.009420714456903102,0.010624176131862874,0.00822092914179259,0.0057259958524917285,-0.00844456664340906
2012-04-24,0.00879823589990541,0.008268365794893616,0.009449399884299438,0.009775107229626323,0.011457306615625171,0.0074814314997167335,0.0047275152082710565,0.0037943971995225275
2012-04-25,0.008812173749137245,0.008070177665302134,0.009069933877890653,0.009372221980381134,0.010839352114536016,0.005818750081944184,0.0032231883064386727,0.01359884634275128
2012-04-26,0.00878410032877673,0.00850387081321174,0.00959468190241336,0.008981946704466379,0.010034521842278259,0.0056837491292538855,0.006021596667685796,0.006944813456695743
2012-04-27,0.008925932731830734,0.00841847347897616,0.009367453313772754,0.008635822427951039,0.009453980719757414,0.0059871862939419995,0.005750534123423334,0.0016393835500239792
2012-04-30,0.008870922954645744,0.008171885258537152,0.008946603364243156,0.008314132173830492,0.009022436371215397,0.005792338446171591,0.004069974250579632,-0.003710719100082166
2012-05-01,0.008900598151964196,0.007974903907405899,0.008674576482343446,0.008194765965221762,0.009236589026554857,0.008062318018468413,0.010870674451451021,0.006200763872414742
2012-05-02,0.008961396318054397,0.00787972811386935,0.00848422953997336,0.007904878496163847,0.008725632746532071,0.0078375488913661,0.005530748492843429,-0.002988784731268167
2012-05-03,0.00882163911359459,0.007674677731982272,0.008215759318789678,0.007763853121093499,0.008852520271959428,0.005453238753257465,0.0065214244965263665,-0.007654310496356459
2012-05-04,0.008927404131233095,0.007673457222326547,0.008335076837430679,0.008223774140248002,0.009692016170658574,0.005733212794279638,0.011776951892271662,-0.01629006838050362
2012-05-07,0.009353032708795448,0.008442215862484916,0.009706110197559119,0.010570148064163254,0.011926987673393221,0.00838593706207455,0.005851078898620458,0.0007295758498085901
2012-05-08,0.00936006073047952,0.008186982655649263,0.009256157891688259,0.010116521361289646,0.011339179332770953,0.007884230738099038,0.01116690932592007,-0.004019805846980126
2012-05-09,0.009087758932057871,0.007998413233042706,0.008973909683599523,0.009864954537000531,0.011430098753669965,0.008874411435158871,0.01246603734205435,-0.00594977546984955
2012-05-10,0.008389239890874374,0.00789050867056233,0.00884883925265165,0.009821019616661507,0.011803044723998075,0.00844836217440013,0.005954531275862303,0.0020609485458704837
2012-05-11,0.008198950651018378,0.007666770505886407,0.008472391893205282,0.009417266687723694,0.011196869970208816,0.0072585397021650115,0.010436029529014191,-0.0030190166984842945
2012-05-14,0.0076221124367442826,0.007469904651337763,0.008206402357657799,0.009150881385983984,0.011151257741856935,0.008125844326179145,0.010373106962766228,-0.011122697810465043
2012-05-15,0.007564473200024475,0.007737853149617685,0.00875780402176691,0.010025907579646418,0.012359282112943636,0.00821664553192411,0.00968614438087325,-0.00575793527146172
2012-05-16,0.007632345947872837,0.007633553445058598,0.00863987892890005,0.009944622822905553,0.012630454160284736,0.008370727027518015,0.008976411501760968,-0.0038322606518063503
2012-05-17,0.006703503386514388,0.007460297796258205,0.008401972355432767,0.009692836201862889,0.012595181378566887,0.008658552871850383,0.00859521860941858,-0.014942320651616117
2012-05-18,0.007258045694113651,0.008106359071967299,0.009517636127593161,0.011299348045895698,0.014298866020662927,0.008203810603489676,0.009282435317621504,-0.008595307067614327
2012-05-21,0.007327840046876813,0.008136524575925608,0.009572870560989856,0.011432756549022134,0.01484039363833949,0.009057577160402067,0.00836641997891444,0.017042066378876206
2012-05-22,0.008478591526613507,0.008925064248053585,0.010537334794785304,0.010923158272335799,0.01369932837707038,0.008319180741618873,0.011796653516803993,0.0017414037471073702
2012-05-23,0.008388989112176354,0.008663677899287209,0.010032703462306614,0.01044645603455674,0.012957327315205755,0.00871089343563454,0.014509529852984902,0.00052914426366984
2012-05-24,0.008313434082561121,0.00840074731658727,0.009559485966019292,0.010000975664244863,0.012296825892694103,0.010156730942494429,0.008868131861481202,0.0019638282550739784
2012-05-25,0.007593770157795274,0.00815901951422136,0.009123958339611287,0.009588952163588639,0.011785635437621036,0.008017972543933778,0.00635155535452371,-0.003249600400390844
2012-05-29,0.007290690677565379,0.007950409903468592,0.008813230343386033,0.009323982979517243,0.01175049010548238,0.006870345394189018,0.016962212457329887,0.012039193179126637
2012-05-30,0.007933624895089164,0.008253060457759955,0.00918066140343817,0.00895399225312003,0.010934813931179106,0.01186011200413221,0.012993611393507543,-0.014616373880815776
2012-05-31,0.008373594026774287,0.008766101164697001,0.01007912441138117,0.010661635572591883,0.01271849560100172,0.010531411364996413,0.01321015107216479,-0.0022032370736173854
2012-06-01,0.008116573449426734,0.008516167745416579,0.009650580775467541,0.010258063120852328,0.012468258782965272,0.010190238877655142,0.020066333909793108,-0.025499370881248675
2012-06-04,0.009456895784566073,0.010353100076999047,0.012516866654774335,0.014647202892841155,0.015988784609766316,0.013961425986062858,0.010207875904996647,-0.00046823517677584695
2012-06-05,0.009460090622810918,0.010038358181642176,0.011878266619057188,0.013942962309842074,0.015254722454525114,0.011954518750767331,0.00655830511820585,0.007543557739281745
2012-06-06,0.00933755468219414,0.009906403620180158,0.011486084719859244,0.013277187796646097,0.014293615549644327,0.007885808397528034,0.007249885665141274,0.02221969022858868
2012-06-07,0.010809775387613173,0.011039542597228827,0.012922282680573702,0.012652147074285218,0.01305536442360456,0.007662264096038353,0.007651179191447657,0.0006063579115735457
2012-06-08,0.010809756862323848,0.010704264145922581,0.012249813547936828,0.012065779895392773,0.012424159280992837,0.007254136098304124,0.008613603893415887,0.007920303274529606
2012-06-11,0.010953201867176517,0.010557948043487149,0.011849307664479619,0.011516131838769515,0.01166034455629778,0.00880262631122428,0.0106739643238392,-0.01277911787774431
2012-06-12,0.01122556489569172,0.010704223563604823,0.012070106329704962,0.012306797059205479,0.01307822580162341,0.009367156774160236,0.009777242234330996,0.01142536305485848
2012-06-13,0.011574082801422303,0.01074885636845959,0.011960038187530896,0.011742000816814131,0.012183839515591923,0.00890568010894855,0.010559783682270582,-0.006415237926083661
2012-06-14,0.011411739582865702,0.010539210363916434,0.011587180188585313,0.011567151905612263,0.012579456030092546,0.009061574143452824,0.010932630578191115,0.010544596901917466
2012-06-15,0.011605459071175056,0.010539533633829638,0.011448244891809862,0.011049111008545878,0.011741627589077201,0.008953708679087038,0.005866723199822441,0.010175384012283302
2012-06-18,0.011772727651004478,0.01051804019070827,0.011291308813793626,0.010564332984512427,0.01097118396399059,0.007549596905470371,0.007762114530512021,0.001936033343142784
2012-06-19,0.011213315311208344,0.010208639125392709,0.010736139057825172,0.010111129036803924,0.010452940021567358,0.008059051312392124,0.010994404149135505,0.009626484150255693
2012-06-20,0.01109607291713732,0.010174649175802394,0.010605468771169009,0.009687888481247802,0.009782922359150167,0.009110607105180787,0.011123691399225297,-0.0016223159424561635
2012-06-21,0.010599745798796507,0.009872689159527196,0.010121186985531225,0.009329733185584893,0.009654499695626206,0.00899803965029361,0.012318896883773193,-0.02269426202199416
2012-06-22,0.011840125978825214,0.011069036249357152,0.012262146855887928,0.013192817803504692,0.013031916429666328,0.008892162672637887,0.006523743118294567,0.007672041268866421
2012-06-25,0.011948164094941795,0.010895125640123618,0.011845254887103583,0.012572971570093565,0.012230949128913725,0.007907656134352726,0.00674957431134268,-0.016164878266800783
2012-06-26,0.01249271135742124,0.011280945630312365,0.01254182585092334,0.013831671923929017,0.01412407304865227,0.007792231657392199,0.008973854074855346,0.0050129839914543695
2012-06-27,0.012521634045717732,0.011005996127799358,0.01197762974354995,0.013185552952830103,0.013333285865389405,0.008651147345565218,0.008117524139103376,0.0089766851591306
2012-06-28,0.012394072515801666,0.010894901849305286,0.011678910829633484,0.012578319797287756,0.012495154607466093,0.00840714866048464,0.010342149802759453,-0.0028579511870452106
2012-06-29,0.011955890786701947,0.010586171462190095,0.011154855350217041,0.012081489112621442,0.012370044831877904,0.009374421508354654,0.007194017422885281,0.02462108993006295
2012-07-02,0.013024689038727852,0.011904406277254215,0.013117120154206264,0.011541787732100305,0.011201103834119326,0.009237336302924568,0.006863075400587063,0.003007675835082217
2012-07-03,0.011412673161429243,0.011565239397471633,0.012456325538897701,0.011035693282666237,0.010661392429636476,0.009372964498490226,0.00505485195962064,0.006571504467720475
2012-07-05,0.011401326871176268,0.011327866385146695,0.011967256020322812,0.010561536014287309,0.010063628423319149,0.008394235361290471,0.009090669601807726,-0.004522437994052369
2012-07-06,0.011495607393849427,0.011038499452097426,0.01148959466376058,0.010318322231559561,0.010338002058488956,0.008094086091024603,0.0056201670734984275,-0.009548837946903461
2012-07-09,0.010917381179125236,0.01095483365062616,0.011414078072289932,0.010714900323685076,0.011338165331826298,0.008934157278560598,0.005312891445432359,-0.001255675648000778
2012-07-10,0.010932549499765227,0.010625557904133632,0.010866351799923131,0.010282527944335653,0.011071540657610172,0.005498364796019596,0.01195123998094738,-0.00875813913846261
2012-07-11,0.011041296184317697,0.010522862348133759,0.010784851854452318,0.010561104911382386,0.011896547192894886,0.007537262181417599,0.0075227964883592055,0.00014898090938462793
2012-07-12,0.01060899630891,0.010202358834925701,0.010263193959425541,0.010117601896709244,0.011403035435303658,0.00820887280378108,0.010075952832797972,-0.004856837720729361
2012-07-13,0.010420105683330629,0.009962839485182992,0.009943209636026155,0.009941069511421815,0.011633971544195723,0.008841055208231327,0.007357098416288208,0.016638790425549606
2012-07-16,0.010864819426020658,0.010483970678163484,0.010781975963624093,0.00953768315375125,0.010714809502279295,0.00807860090123292,0.005679788974265898,-0.0023601690170471108
2012-07-17,0.010694546638259068,0.010181014024992694,0.010307895875804463,0.009229585580346766,0.010641205389005632,0.008509530430404387,0.012572126337110159,0.006843609133506885
2012-07-18,0.010574734474289364,0.010012190716361988,0.010013662173470581,0.008873744465376166,0.010037669416152206,0.009034660871813097,0.0072870052480089684,0.007379499394419763
2012-07-19,0.010670727078375844,0.009874044047050397,0.009782374760814365,0.008542247333276591,0.009458433620724911,0.008071661380940141,0.0058086391870706576,0.0026172059632297746
2012-07-20,0.010496953325305277,0.009594682231097799,0.009349498091871675,0.008233821187187912,0.009039416598235386,0.008392054019387191,0.004391297781943845,-0.009190559660647876
2012-07-23,0.010708711742339018,0.009570916084751495,0.009489779734510744,0.00888484152726951,0.01008282163574144,0.0079109153839058,0.015179111235467514,-0.010163584379309058
2012-07-24,0.00965824441723614,0.009607507245138756,0.009721976865575764,0.00960828969156017,0.011197358707385873,0.01024264471545149,0.011870783079158082,-0.008624169775863312
2012-07-25,0.009744872578045426,0.009551362311044687,0.009756960132103436,0.009954735842760652,0.011992903606142963,0.009266829094696675,0.007973814790228498,0.00022453773027143409
2012-07-26,0.008999223994814596,0.009260552667555709,0.009347711311775957,0.009564163920576962,0.011600000323266985,0.008579339172128036,0.0071475821473194244,0.01636272258071492
2012-07-27,0.009577787355095312,0.009832430370018649,0.010226688861111754,0.009196568282590616,0.010659448211463567,0.008165096819667107,0.014858976327216541,0.01826509748092308
2012-07-30,0.010138928046526722,0.010530570398684325,0.011235605582706058,0.008853324198926045,0.009718129924165916,0.011810094880144483,0.006317604634286671,0.0
2012-07-31,0.010090503836052688,0.010209766801761328,0.010700967533410224,0.008534421408318633,0.009429301316368486,0.008135705816663267,0.0055898072298270285,-0.007019303885560408
2012-08-01,0.008838967691863358,0.01004695055625524,0.01049651964359761,0.008774982490295978,0.01010883752206005,0.008515605065628463,0.005416187050513664,-0.0008715797690899289
2012-08-02,0.008825782305104203,0.009743219264118017,0.010023043633149473,0.008475099809113927,0.009910305966602341,0.008837510839821481,0.012036967631948328,-0.006928902932016945
2012-08-03,0.008843548975616759,0.00959766034413796,0.00987728082608101,0.008710360241953312,0.010545868563228457,0.009111610889067579,0.017224633440774993,0.019639414406362462
2012-08-06,0.00978405164959812,0.010475236270845747,0.011183226263927417,0.008399979527805192,0.00957002499831336,0.010340590272312836,0.003567977159927188,0.0019357081274283322
2012-08-07,0.009488304819121893,0.010167180454359768,0.010655849067349208,0.008111019645273849,0.009196119626549992,0.008063262961252309,0.00518747313863488,0.00500085570263783
2012-08-08,0.00949798587690839,0.009933266247994196,0.01024687257727922,0.007842351621042631,0.008746474768142535,0.007934271177287983,0.0036764895484314416,0.001210476050434063
2012-08-09,0.009191887592505093,0.009635222197149827,0.00977812140153955,0.007592884846140361,0.008441564666697736,0.008257394291418288,0.004026678000629013,0.0008540796868880656
2012-08-10,0.009185297001423592,0.009344036788660193,0.009341192423160996,0.007361564886132579,0.008164605031399536,0.009531194413715683,0.004830933448141878,0.0016345423751977731
2012-08-13,0.00904278691090684,0.009068222859190438,0.008939578410123758,0.007147371770963595,0.007877589416906607,0.007091833215242039,0.004626880328411197,-0.000497270551707912
2012-08-14,0.008461922489674043,0.008792811982216105,0.008572194168637071,0.0069580668534989345,0.007754855807410596,0.007102564658903021,0.0053382879651691926,0.00014217144473593787
2012-08-15,0.00841896794386199,0.008525018637194222,0.008224831985259841,0.006775071152945943,0.007555369708468379,0.007596287949758513,0.0033982309122510745,0.0011358185046665128
2012-08-16,0.008341413854420507,0.0082699934231637,0.007902000748018253,0.0066057894686060836,0.0073161439608779855,0.007546938932253721,0.006675863984541885,0.007351745165584343
2012-08-17,0.00834045058905028,0.008217792475160355,0.007886551688586187,0.006449923620464451,0.006893020371451447,0.006580624447500734,0.002547524955441424,0.0013370967768158394
2012-08-20,0.008337131344364373,0.007974174317278768,0.007590885214170464,0.006306613682749051,0.006680740091887643,0.006631532085261226,0.003509761600117762,7.034915256221799e-05
2012-08-21,0.007979860190862538,0.007731268047351829,0.0073194505257020434,0.006176115344666868,0.006544885128857755,0.007234929644415608,0.008656001516140363,-0.0030290808067284024
2012-08-22,0.007579964443993814,0.0075323751310476155,0.007168729540333603,0.0062125729068906455,0.006832244360597876,0.007117175428835821,0.005302075208679719,0.00042327092988534316
2012-08-23,0.007174590593899518,0.007303644576835614,0.00692854895205794,0.006088789154788331,0.006652270820092076,0.00581714291251261,0.004449174413992564,-0.008213020371224686
2012-08-24,0.007548199542509598,0.007361375746118721,0.007312276479551575,0.006968132849553706,0.007639472580003162,0.007602980358645226,0.00712659745599233,0.006024738059101049
2012-08-27,0.006895748725902317,0.007288093703010349,0.007258839406585203,0.006782141601443292,0.007228877296283849,0.0066420081415565135,0.0039264919482206,0.00021162045925759035
2012-08-28,0.0057796003386530416,0.007066259139569829,0.007016085679712344,0.006611595110479943,0.007038087763931939,0.005932787786611779,0.00495909766837768,-0.0009891805421764367
2012-08-29,0.005791936295598655,0.006855275765613089,0.006815205836190517,0.006479645889407434,0.007022070973023966,0.005090713102629931,0.004498458466597592,0.0007775600829188279
2012-08-30,0.005499757084880756,0.006649164868928948,0.006607784272219657,0.0063339699728461145,0.0068090527664482255,0.00634440664578031,0.0038696791301767257,-0.007234440365776178
2012-08-31,0.005792630402909169,0.006685726399674555,0.006913468901072057,0.00696589460031833,0.007730432201184783,0.0069437633443374,0.008529051462695267,0.0047576842039212044
2012-09-04,0.005549769999093359,0.006585980168576387,0.006817025240616863,0.0067800838160472525,0.007354097654726931,0.005978682196701866,0.00780959317898968,-0.000920710528967023
2012-09-05,0.003706315533403116,0.006389326190351969,0.006632070291772315,0.006631237438047693,0.007311274727017206,0.005359427067662429,0.004835336322919667,-0.0008513970675762523
2012-09-06,0.003704892202879345,0.00619819106148844,0.006462044604044394,0.006492819701371555,0.007261245678174277,0.005739670255715141,0.005789663926945923,0.020093581669584807
2012-09-07,0.005608926687059721,0.007767730656206404,0.008815369113702618,0.0063460303435196,0.00644972574144757,0.005579653311047286,0.002440390607896771,0.0038875421168459916
2012-09-10,0.005640544209189063,0.007591057910274544,0.008504670283927072,0.006211737090520419,0.006168646620860554,0.005271206720157044,0.0044585086217091415,-0.005698025723996951
2012-09-11,0.005843098606677707,0.007490978601917982,0.008419839841658271,0.006594739565817059,0.006892254880501004,0.006951492985174012,0.0043796461806731735,0.0027835677943316675
2012-09-12,0.005854979455789122,0.007294708340260626,0.008106597338700687,0.006439387689993871,0.006622838433301338,0.006667002266903239,0.0037260553325690333,0.003330058941477006
2012-09-13,0.005864725291641274,0.0071193652200545595,0.00783499986049956,0.006297124058492686,0.00635032502184958,0.006674849537278803,0.013316382916480216,0.015121590946748134
2012-09-14,0.006594067150471522,0.007833517104977665,0.008828835443956077,0.00616703906498307,0.005733146280789018,0.00681982583502895,0.0073582299107128775,0.004424227584417825
2012-09-17,0.0066134708630590285,0.007671804103537996,0.008538749850282336,0.006048262140401548,0.0054708057307494085,0.00602662349705064,0.004511427646174691,-0.003401487860827352
2012-09-18,0.006601088278401883,0.007484610256447561,0.008300273317672094,0.006144892153245363,0.00588550356802094,0.006997902027066887,0.0030931421298359325,-0.0008182536559232752
2012-09-19,0.006621564747637263,0.007259366335444901,0.007987721621234664,0.0060483566976071235,0.005906003530573517,0.005274384807062459,0.0042571386025705964,0.0005453563775055627
2012-09-20,0.006617374906011074,0.007039484386755073,0.007683575503788181,0.0059400485803869415,0.005757526228703713,0.0068394692688650656,0.005623614715234778,6.838009282248546e-05
2012-09-21,0.00654581610702012,0.006825053886652617,0.007407029950877085,0.005842763277376883,0.005661944854148015,0.005020549221735818,0.0030001188318531736,-0.0004183556804549015
2012-09-24,0.0065561705027972535,0.006617928694908355,0.007159963713586364,0.005762309172265587,0.005637943008084817,0.004530087698127207,0.004720142453191168,-0.0015095189938124046
2012-09-25,0.006208773102033314,0.006426965088889059,0.007047408225352956,0.005834215011542295,0.005760246173206574,0.005335309703394688,0.00820520458205292,-0.010698758708128076
2012-09-26,0.006707562297720204,0.006759832373088523,0.007742594421967797,0.007366810703083284,0.0073480658331340765,0.006652270568818964,0.005392787366328723,-0.005636887354062502
2012-09-27,0.006866573239803487,0.006697767063138555,0.007741712857858255,0.007578466101982951,0.00798428990502497,0.005289368984509087,0.007467125421816962,0.009377170073977195
2012-09-28,0.007097336995077801,0.006887986478639273,0.007953943427811945,0.007353506476339806,0.007460333908030941,0.005403595799615898,0.006285836569470482,-0.004642703884718192
2012-10-01,0.007216086447898753,0.006774288023681385,0.007854184786426797,0.007441073605071763,0.007939999789943458,0.0056871385898656915,0.009550647157491779,0.0026360340384158254
2012-10-02,0.006964926965009509,0.006599578779075728,0.007595667582227583,0.0072269283744090555,0.00761821372909734,0.007199814222463608,0.007252316848837825,0.0010383663222601695
2012-10-03,0.006926308997444404,0.006403582273595406,0.007335634615552284,0.007029882938177812,0.007362740181017315,0.00647455514873855,0.0073554209194299355,0.004074743059020326
2012-10-04,0.006929587817517144,0.0062882211982757934,0.007174201910225184,0.006848853894272281,0.0070302138501246855,0.006940892725650153,0.004478193097116829,0.007142569624299401
2012-10-05,0.007007036956004808,0.006342728146343356,0.007238142848930965,0.00668279703150024,0.006624750336562678,0.007124440778291555,0.007305329789478651,6.821627679363527e-05
2012-10-08,0.005650910452640845,0.006149525796818517,0.007011130056835584,0.006531663718176139,0.006479175150575578,0.0067098483707731535,0.004591349016849016,-0.0034267976701537143
2012-10-09,0.005691380377830218,0.006020983641442858,0.006929252920117934,0.006581806997654669,0.006837745835722445,0.004974127151420257,0.0053606060743170815,-0.009936543259931215
2012-10-10,0.005996017850778029,0.006324650416211177,0.007535339838255265,0.007730117070141821,0.008196559213927616,0.005049384284362266,0.005419388455399208,-0.006400762404863032
2012-10-11,0.006152650444360862,0.006329242946502676,0.007627246367864647,0.00800139760111597,0.008892262117543417,0.005083666574296605,0.0047750841448264665,0.000558132427616139
2012-10-12,0.006108214763284199,0.0061379514504195975,0.0073643862517226875,0.007743845806793509,0.008577302986025367,0.005097758955854004,0.007357554493568457,-0.003283506342597869
2012-10-15,0.0050446843773010175,0.006005070021353489,0.007238314445583715,0.007655917062888696,0.00878917135986443,0.0054465555329367915,0.007229430956402859,0.008293600241476167
2012-10-16,0.005314756280930701,0.006166379999773101,0.007404249801761349,0.007424912217979819,0.008250106856316667,0.005115000981558464,0.0039884847816719264,0.010081976859293768
2012-10-17,0.005776565400361747,0.006468505484807576,0.0077467650695709715,0.007212046919610514,0.007690308098725791,0.006171281305050601,0.004271118362212772,0.0045248163170848
2012-10-18,0.005862117785356359,0.0063686346399183524,0.0075684833375719365,0.007016201369081457,0.007326154322441752,0.006700392831264646,0.006742022264097375,-0.002602898760876638
2012-10-19,0.005890799777843694,0.006207450496276573,0.007388059734587888,0.006945026830575307,0.007515995709880502,0.005223573297729857,0.009420678859524783,-0.016805063382488595
2012-10-22,0.006934568998008709,0.007291440494255464,0.009065416552675423,0.009838922858282273,0.010020164024282477,0.006345833972606472,0.007928705907011861,0.0001397749464129237
2012-10-23,0.006937320666455789,0.0070693967518120635,0.00869091651373608,0.009449476702721393,0.009667039355448773,0.005847125735855736,0.006825722498817933,-0.013973632887894027
2012-10-24,0.007509742920237244,0.007661170483261492,0.009628130417965262,0.010904967698209136,0.011443394881045397,0.006910125844188321,0.005990490845126806,-0.0028321624031033233
2012-10-25,0.007213238463786738,0.0074601065552600794,0.009280850258911736,0.010527193704297439,0.011396908276750281,0.007092594714276005,0.00952762039540949,0.002903196434473145
2012-10-26,0.007181120820497125,0.0072677170692806,0.00892133701144197,0.010097290812106134,0.010858165345908095,0.007380191139018347,0.008491186236276756,-0.0005657509521983559
2012-10-31,0.006806903471986472,0.007047675727753132,0.008570976391213231,0.00970302467747201,0.010538872471151343,0.006605341852223837,0.00746725286165454,0.0
2012-11-01,0.0067611797357087335,0.006832975133406165,0.008242452857462087,0.009331456362199361,0.010163784795131713,0.006526519903409653,0.006215496628131334,0.01041590939683088
2012-11-02,0.0071642836135874695,0.007099129970433107,0.008522846199562787,0.008986159558362522,0.00948864763534206,0.006755445877500865,0.007922792099261923,-0.00893146969456002
2012-11-05,0.007383927141283979,0.007222191953359182,0.008747835069454877,0.009473065079209897,0.010473469747553019,0.0068547125789819655,0.006772669761174122,0.002046450981070287
2012-11-06,0.007327569101399293,0.007020094793631462,0.008413597550321316,0.009117507257090303,0.010020203096442953,0.00698525357583885,0.00726183786650058,0.007794571743202938
2012-11-07,0.007365414256209218,0.007068956639877877,0.008406748502472748,0.008787854551890096,0.009429196796403673,0.0064125780792827535,0.011735456451391806,-0.022923969593859523
2012-11-08,0.008767245388700029,0.008860160383102379,0.011041565869514037,0.012861372454285884,0.012824545977890199,0.009034471630797774,0.011899674987216995,-0.012097307962934843
2012-11-09,0.009031105085884476,0.009086967981149944,0.01128007217479774,0.013311687691561385,0.014031503365891295,0.009810442561148864,0.010917651331999852,0.0008692279376787133
2012-11-12,0.00889615926854991,0.008812714751850085,0.010742498233011589,0.012697634392074835,0.013369189347669586,0.008538267940188683,0.004792163830666325,0.0007956812441647897
2012-11-13,0.008858207085419933,0.008546466599605153,0.010244074454908204,0.01212304421174634,0.012756299002365088,0.007414849494688895,0.011220628065014147,-0.0034776299138274502
2012-11-14,0.008850658788874881,0.008329777935031,0.009871576734066696,0.011688951962188388,0.012707891711369167,0.00878801744508228,0.011888944599636039,-0.013590695064702247
2012-11-15,0.009210454237195914,0.008735245157442171,0.01047480326884618,0.012581958944406814,0.014155539732252502,0.010215274229967443,0.007831318631020455,-0.0016933812339363548
2012-11-16,0.008883940508636496,0.00847928593002894,0.010024515904732675,0.012041725130523815,0.01376039147859937,0.009437434700877198,0.011552848638379788,0.004924949391319366
2012-11-19,0.008574379945813029,0.008309013183322009,0.009674772110421245,0.011509916666360835,0.012999959320267217,0.010852535045463336,0.015122463795972459,0.02003698849710867
2012-11-20,0.009838936254506025,0.00943324825061748,0.01112260652355493,0.011013345048397611,0.011864343613433297,0.011095059688159688,0.007849193146167027,0.00043126884934116034
2012-11-21,0.009857457098619321,0.009146483574223254,0.010596566648013568,0.01055018610959393,0.011366355805974697,0.009593509897607074,0.003120714799262162,0.0018659933846675936
2012-11-23,0.009302164945768267,0.00887961643010671,0.010115968705871201,0.010118697171097568,0.010859874380733936,0.006759629775472935,0.004915514221373326,0.013533412038435976
2012-11-26,0.009850728699712494,0.009225287375100942,0.01049613158764847,0.009717210296907053,0.01005146038410744,0.007147714367625311,0.006553941275603573,-0.0021249857551666734
2012-11-27,0.00937984997143371,0.008959380859835386,0.010089307138537562,0.009433849655469652,0.00999119305333521,0.0075912726325430835,0.0060500371806198544,-0.005117378805496819
2012-11-28,0.00942597290374649,0.008776418917669466,0.009821237220704392,0.009354961702110575,0.010363932364396262,0.006095335132637621,0.01212178598298977,0.008020095826299504
2012-11-29,0.009576053940511295,0.00873288689386863,0.00968641639505058,0.009018815768644144,0.009752259753327957,0.007643663285213396,0.006606677165770034,0.004654950304811573
2012-11-30,0.009627983640073445,0.008543279723352868,0.00936369123650243,0.008707201757328437,0.009271694542986998,0.007477988228358462,0.004423249981879457,0.00021081545839468773
2012-12-03,0.00962781031891196,0.008283177971951043,0.008981358357475587,0.008418749098893862,0.008944157452526436,0.007665207895158451,0.006068124410598289,-0.004936307167833487
2012-12-04,0.009398932592250872,0.008121354738184162,0.008807456637558884,0.008425217069811738,0.009361889276490168,0.00748400661982081,0.00576593168694342,-0.0014154950814416433
2012-12-05,0.009201333406930573,0.007881575743209976,0.008493439181991138,0.008185923652545063,0.00925108101140635,0.007426427319436892,0.01045469558610683,0.0017689025562601926
2012-12-06,0.009198288304007575,0.007653745684265395,0.008187197738983932,0.007937239444272918,0.008881558304337341,0.007944844664346975,0.004075342938808248,0.0033863313066110623
2012-12-07,0.00905792353456297,0.007466797707353169,0.00794578737852699,0.007708038174895871,0.008490122540131186,0.006354398799790468,0.005899432462206643,0.0030239448753892934
2012-12-10,0.007448128096520213,0.0072771243275724,0.007714124146771557,0.007497121387441962,0.008132366653148156,0.007069362267281674,0.0035923044561710954,0.0004214056229631683
2012-12-11,0.006830543772797001,0.007056188853209159,0.007466294023380822,0.0073033324712686795,0.00786813687318523,0.006611065700969596,0.00615558978864831,0.006784855490228789
2012-12-12,0.006924385695576475,0.007040203754552936,0.00749460981140828,0.007125556561006186,0.007443664093981652,0.006443920351324479,0.006678130074887356,0.0004881158814177375
2012-12-13,0.006926909649490227,0.006826777878187155,0.007265767981841249,0.006962720815002538,0.007217373159348994,0.0059042500213423625,0.008073174855883242,-0.006150609179577852
2012-12-14,0.007051618272095868,0.006788107396249239,0.007377995366467011,0.007303366574606307,0.007932864182519666,0.007231449801994366,0.003910502368398006,-0.0037225960082168034
2012-12-17,0.0062712617714083254,0.006644182505324211,0.007291937205350595,0.0073088983747679245,0.008238993668317552,0.006104168293465095,0.004868131822153309,0.011683749951180654
2012-12-18,0.0065388859920364134,0.007048904331136561,0.007892851341299849,0.007130658670691358,0.007660357473889392,0.005756274324204061,0.00694142969772747,0.011066912659408868
2012-12-19,0.006774120226942229,0.007352171276704854,0.008309142618023783,0.006967390647253244,0.0071318708071983076,0.005960352772493969,0.004447346335157715,-0.0074568316385889115
2012-12-20,0.005929791290793096,0.007358492876823303,0.008411285715601974,0.007518193234870382,0.008057185036391886,0.006476381893464173,0.00549642782027613,0.005735791700068971
2012-12-21,0.005984248206307636,0.007271349995616945,0.008261855682450497,0.0073226794415345246,0.007650419984929277,0.0050248116012482505,0.01201994456529375,-0.009118753153743086
2012-12-24,0.006456761983346323,0.00739521997360234,0.008545714751874368,0.008116746327179842,0.008802171102198813,0.008227879239398944,0.0020435370257081936,-0.0030860921600550273
2012-12-26,0.005897725132324462,0.007209671257395177,0.0083122900677147,0.00799070574771376,0.008961645625574348,0.004666197461840981,0.006479462115929698,-0.00422386876548472
2012-12-27,0.005964900769272466,0.007066191484966268,0.008202160020526098,0.008016496400473264,0.00923050850605217,0.005646565138485905,0.012610181494804829,-0.00134134843230414
2012-12-28,0.0058404262988886275,0.006858801011334844,0.007937835140858588,0.0078066655280907525,0.009104591183749174,0.00838086026391391,0.008546293305752756,-0.010866742285729173
2012-12-31,0.006113095652690654,0.007162801652186795,0.008510551958701124,0.00889363507036544,0.010428863624067268,0.007128953820106375,0.010610162915113831,0.0168535349746898
2013-01-02,0.007093232953151933,0.008078977802088655,0.009688831401143473,0.008586356700798962,0.009596486303451423,0.007459535685715716,0.006532264381118433,0.025307065534797127
2013-01-03,0.008930081012675022,0.009989021140531929,0.012164636787099295,0.00830319952416485,0.00861724516971506,0.007760201201047741,0.00569278525799333,-0.0022619497982979617
2013-01-04,0.008850492588058742,0.00970055131209744,0.011597458015440452,0.008109328674246916,0.008661579603547359,0.007565978077572435,0.0049319862151545515,0.0043823714250468635
2013-01-07,0.008837032650799418,0.009466095539954224,0.01109817121423886,0.007864598261937545,0.008251218210039508,0.007270407057713642,0.0038101203680840747,-0.0027366486556167796
2013-01-08,0.00889822449946352,0.009202168311713612,0.010628905678661014,0.007739463388776949,0.008387391087676175,0.006098637903645138,0.005225747834812306,-0.002881416123013867
2013-01-09,0.008947951016947783,0.008949707317634338,0.010203092628370691,0.0076363788312206774,0.00853571675726062,0.00590560992060952,0.0038430934549509824,0.0025390130667594974
2013-01-10,0.008944498322845107,0.008699322999419501,0.00976552162045819,0.0074311069902358055,0.008179571940150877,0.008221104048481327,0.006077384251751607,0.007917623885516504
2013-01-11,0.009048446449010697,0.008654412371090566,0.009627148880417288,0.00724344430057947,0.0077107705608503154,0.00713043213806132,0.0030358349249112715,-6.788933493727895e-05
2013-01-14,0.008985036305015695,0.008390780584502266,0.009220215517618978,0.007073160722756333,0.007502677772689353,0.007760314512307746,0.0035838625538792924,-0.0006797337574778031
2013-01-15,0.008995393692943247,0.008136867282135545,0.008853962375744883,0.006927151590386782,0.007392216907523086,0.008413750842433391,0.004178964780706243,0.0006797337574777079
2013-01-16,0.008827959420210682,0.007890742353918666,0.008507684350043367,0.006784158507982802,0.007152306533531756,0.00806229896569114,0.0035058908600550005,-0.0001354666785156254
2013-01-17,0.008750194996075532,0.0076504305156918865,0.008194857927204835,0.006655879003554661,0.006986476596456285,0.008490641864731146,0.006950028916921016,0.0064387985293032
2013-01-18,0.008531093282903732,0.0075831938812720105,0.00811720738691357,0.006537892717603877,0.006624689945980292,0.006979327411248641,0.005653606294863285,0.0022272956385446544
2013-01-22,0.00826049535915593,0.0073723938056910925,0.007850088826401454,0.0064310193365286795,0.006389178456948472,0.006653671877313422,0.005067817636220238,0.005379164693939321
2013-01-23,0.00805270023050355,0.00726823113067356,0.0077386588903140775,0.006334344713391374,0.006087045734274936,0.00544641561866692,0.003348817876035786,0.0016076548361383476
2013-01-24,0.008004821616889885,0.007057806032124165,0.007495559985109722,0.00624700919310617,0.00589650342640169,0.0077569259315679265,0.006116281598856613,0.00026786240191782455
2013-01-25,0.007622813212528292,0.006843111386193025,0.007269846094406746,0.006168207310759142,0.00575030250241502,0.00571969058625701,0.004513820914683463,0.005607068864645274
2013-01-28,0.007559569367588192,0.006775310790833614,0.007238088464418369,0.006097187097948653,0.005476225541047675,0.0049381566145421454,0.004394913468975801,-0.0011991992992182777
2013-01-29,0.0074516582310948706,0.006575471912433202,0.0067873622778585555,0.005744568424901882,0.005343031507781168,0.007612570700095944,0.004859597382416253,0.003924334682082755
2013-01-30,0.0073966933598313325,0.006447219957527891,0.006665572075192179,0.0056752160797121035,0.005125184972788643,0.006644218298281966,0.004818837461380575,-0.003924334682082843
2013-01-31,0.006884937965805641,0.006324292105186246,0.006643594148173804,0.0058833655166124245,0.005610580356563857,0.005098484113983415,0.004199376905703133,-0.002468201999126553
2013-02-01,0.006243966051512568,0.0061613628086915435,0.006535860461469741,0.00591495704759143,0.005843674611480383,0.007962794833900432,0.004875910232499795,0.010234563292314048
2013-02-04,0.00390439719872359,0.006478381380234622,0.007043536402034416,0.005829581673225027,0.005472078486630657,0.006919382836083462,0.009385091901684291,-0.011304109167147677
2013-02-05,0.004762726979026806,0.0068642721998090905,0.007825312427628869,0.007524073524987911,0.007207252295234413,0.006654506634936754,0.005578715419132328,0.010047044113720269
2013-02-06,0.005098812455927602,0.0070956130523352305,0.008102455863782993,0.007301741498326845,0.006761994477300665,0.005709796319636349,0.003492695958805766,0.0007281973076249686
2013-02-07,0.005010196802796116,0.006881764119198784,0.0077928953553722405,0.007097096475369341,0.0065315538666101906,0.0061041925080220025,0.008090537028556385,-0.0013239973759201903
2013-02-08,0.004950727963981822,0.006679995126633021,0.007536531075290905,0.006942156223612582,0.006543248840386759,0.006047697939184716,0.0023705568010515907,0.005549022108613757
2013-02-11,0.005018195482080582,0.0066175897107665655,0.007433454740744706,0.006766839321112464,0.0062269948543736695,0.005435427834829386,0.0027766878164228468,-0.00019760044937922882
2013-02-12,0.00483938453648041,0.006416173838160606,0.007184199971403785,0.006609404463310966,0.006095645740462138,0.006994971084413141,0.0035742099508250507,0.0016457096939450774
2013-02-13,0.004826146996901353,0.006233758989727746,0.0069559855055884405,0.006462125723588384,0.005884108699774736,0.007905871230996012,0.004758599498676577,0.000854936696883505
2013-02-14,0.004801834025685667,0.006047480556300407,0.0067412209535312635,0.006327566202265893,0.00570046027336625,0.006715490413189079,0.004297907072328482,0.0009192696788088648
2013-02-15,0.0047996993710025275,0.005867572174131668,0.006545333763264792,0.006204808379423532,0.005525420181075368,0.006919660965369388,0.005443899050984436,-0.001182622415116153
2013-02-19,0.004824669227479486,0.005696193006923983,0.006395564851600084,0.006124268222665838,0.005573669279885426,0.006699104813841344,0.004387236108693491,0.007466533522669561
2013-02-20,0.004880973336148256,0.005817625396715639,0.006590453715053307,0.006019692665933832,0.0052719484690084495,0.006516579465726448,0.006004365550374193,-0.012541391364823344
2013-02-21,0.005776882116869282,0.006422715094339783,0.007677668137258613,0.007994446541391123,0.007272329618199243,0.0049727509128942695,0.007691530354297275,-0.006097851723698716
2013-02-22,0.005879551451299524,0.006403688060073617,0.007715311338274653,0.008184603072304598,0.00795678888261283,0.005898557785381825,0.006783190410628636,0.009725646628683771
2013-02-25,0.006219280450617887,0.006649968395808158,0.007971053771995997,0.007911446346144789,0.007472602615465096,0.005965416450645229,0.011880765233601834,-0.019210278675680446
2013-02-26,0.007601060049069835,0.007981907246590295,0.00996248266676691,0.011188262711896017,0.010481321332060332,0.007834932889890426,0.00799996464828392,0.0068220193334061745
2013-02-27,0.007651374378373694,0.007917107398709612,0.009708690922744023,0.010705552737791757,0.009890501072860573,0.007058661011975798,0.010161545442624298,0.012519977363704046
2013-02-28,0.008121643283903714,0.008265878306641106,0.01011570297226774,0.010353521660894855,0.009473536478173731,0.007577858666952382,0.007811303927569826,-0.001976899111824842
2013-03-01,0.00810222345406493,0.008028682789554464,0.009662685228349248,0.009964269900320549,0.009391319296294678,0.0073297510088547084,0.009338351185330647,0.003292244027563795
2013-03-04,0.00806709036929412,0.007825758413048063,0.009236565515705834,0.009551229248243158,0.008932914091280747,0.007859216273386316,0.005215209668714989,0.005310946863562806
2013-03-05,0.008095640804200235,0.007698072125557427,0.008931900378858684,0.009166881301945188,0.008470145415996215,0.006922799551687774,0.004844699158497443,0.008919039980060113
2013-03-06,0.008025505831647696,0.007776737878649494,0.00893945337505686,0.008809695917800472,0.00797468758162858,0.006601243331227656,0.003738797561303004,0.0013602556823131549
2013-03-07,0.007518388985347782,0.0075471856107097585,0.00853378457462391,0.008478204302303201,0.007646503834168859,0.00603688388678044,0.0024285863317196716,0.0018109452376817831
2013-03-08,0.007263692393383544,0.007330701287270346,0.008164817479547594,0.00817099414049118,0.0073314972624783535,0.005654474183255689,0.005274338467933366,0.004254831476637881
2013-03-11,0.007293875419394767,0.007183386801159408,0.00790188748583253,0.007886705379169197,0.006992743414526503,0.005235443325451782,0.003521062000266371,0.003788401661752929
2013-03-12,0.007286193513131891,0.007026101508519021,0.007641437599919245,0.00762402669421514,0.006683485531168209,0.0067109240096800875,0.004592670115990755,-0.0022455894019960876
2013-03-13,0.007272042873862672,0.0068342297714719755,0.007407363841166288,0.007465484536296137,0.006830841349066863,0.005706963656553065,0.004681216108429797,0.001412166856809856
2013-03-14,0.007265034669638776,0.00663505446013865,0.007126624620987676,0.007235620818851321,0.006574261363373167,0.0056326707748342595,0.004282970661219331,0.0053093463006186215
2013-03-15,0.007318088454544204,0.00656306790427,0.007027765447327834,0.007024114640300254,0.006263325831604219,0.005435256697152604,0.0038756641495992276,-0.0013207474750605186
2013-03-18,0.007342338647569431,0.006371349239420814,0.006813239835097608,0.006867845186136335,0.00629746207141137,0.006133373018107706,0.0070916943123625455,-0.0055340954538723175
2013-03-19,0.007494706080129985,0.006324240540363903,0.006908251224104121,0.007143800330219012,0.006991744777832145,0.005573311035914329,0.009747814829055568,-0.002325910452244989
2013-03-20,0.007515797073507652,0.00615799065227864,0.00674791478113875,0.00703429309794819,0.007131396151360391,0.006331354764807381,0.0035790488191394976,0.006961135497047624
2013-03-21,0.007494793179694951,0.006209109629055799,0.006833827672330691,0.006839156554210511,0.006756960201955662,0.006134682948871664,0.008003008688000633,-0.008579500394309192
2013-03-22,0.007181147346021133,0.006376231603655291,0.007296033657837262,0.0076734803379891695,0.00793179319865639,0.005893610389362955,0.003026624847344446,0.008001263216990209
2013-03-25,0.007128317340501234,0.006485226478674358,0.007416437316811827,0.007427286680910015,0.007487995712237221,0.004682975594384925,0.008939596176835391,-0.004185964094696798
2013-03-26,0.007002550598715597,0.0063707150662262796,0.007321251013693959,0.007457530456534452,0.007880807516754995,0.006449647023712516,0.003262789320188175,0.007970426644066693
2013-03-27,0.005370783844327982,0.0064778477815588455,0.007435003850770604,0.007228296374199152,0.007440864546855228,0.006030415923321588,0.004956094006596399,0.0
2013-03-28,0.005299303725520723,0.006280506442014373,0.0071539940346386464,0.007019196787982998,0.007207963205027831,0.005488269770261779,0.005156572844160874,0.003068539721843214
2013-04-01,0.004745202215840618,0.006135391728289627,0.0069283212639843295,0.006805263006404342,0.006785194874748031,0.0050162628030382475,0.006060064670195134,-0.003964665107612091
2013-04-02,0.004840672024311225,0.006027235180820631,0.006866881651161958,0.00687612133405453,0.007179310266748039,0.006663713482473732,0.0043209549740417935,0.004921792848218699
2013-04-03,0.0048822759229998555,0.00596668691820454,0.006771064662219407,0.006694628497917135,0.00683482680040866,0.005952621199849794,0.008724706416238416,-0.01019058689435532
2013-04-04,0.005442902860909802,0.006300488495994988,0.007480486417242544,0.007911724145883413,0.00825917203722751,0.00634613776740974,0.005374499339683821,0.004050205643990967
2013-04-05,0.0051828566089117565,0.006188589170109149,0.0072722377965302645,0.007647715923248176,0.007864683484956798,0.005829331504013347,0.006249876069225451,-0.004501645834358564
2013-04-08,0.005301641501571364,0.006100541506660583,0.007213921948155968,0.007683338801484772,0.008268946353823487,0.006870440162833742,0.006469723147813964,0.006744067720456491
2013-04-09,0.005473136794719208,0.006141055059116915,0.007222939977222062,0.00743696277945886,0.007820990102366598,0.00672444337756082,0.00697636630145515,0.0034516450233620217
2013-04-10,0.005449435514938804,0.006013703934082315,0.007011503363032955,0.007209940839307216,0.007466016448205009,0.007864623107920514,0.005937295275283207,0.012174554388105245
2013-04-11,0.005975778176611367,0.00654888871331047,0.007744592715498703,0.007001086773734439,0.006962857578145227,0.005580877589764604,0.005651026281233357,0.0032714194409630146
2013-04-12,0.005946683400787458,0.006399749829961198,0.007478681563552714,0.006809255801589521,0.006663928760952086,0.0050606526189728405,0.00581680725903017,-0.0024528610795884237
2013-04-15,0.006001717892331333,0.006233809562496168,0.007267460090022541,0.006737846134203619,0.006834633119350642,0.005246932072029765,0.008783186630586404,-0.02344641720165908
2013-04-16,0.007953647705774445,0.008337435309340389,0.010637740346159335,0.012048669558056549,0.010978548447713383,0.005719830059020412,0.006524153217282715,0.014654633924064056
2013-04-17,0.008587865142445262,0.008844634283682365,0.011098647111675925,0.011497551775383924,0.01019454218896327,0.007230792164384691,0.00936018783478325,-0.014718903835573768
2013-04-18,0.009126488213282683,0.00930229380758403,0.011710579612673761,0.012707658714500338,0.012085666798091503,0.0075391763570521126,0.008107501837042225,-0.006273763594335854
2013-04-19,0.009217926624528312,0.009148897007613324,0.011339459885499645,0.012434861798606667,0.012446730808144022,0.007756258945494744,0.006098358525930885,0.008656121166571508
2013-04-22,0.009290395922906593,0.009120081331193441,0.011065405343037286,0.011858899649013196,0.01167210502646486,0.006913510681501847,0.009332803601243998,0.004428444694399318
2013-04-23,0.009126464174695457,0.0089085351109489,0.010568320722545186,0.011320072721601382,0.011036507260612978,0.0078112512297133395,0.008435090032241915,0.010255872468813336
2013-04-24,0.009231100387312343,0.00899506826874719,0.01051759326140523,0.010816469562262043,0.010333169262414645,0.007950242117813887,0.00397213955771215,0.0006336986822610811
2013-04-25,0.00916419983336019,0.008722423539994558,0.009990807908366577,0.010346271233752034,0.009867298509985715,0.006960448652922678,0.006039486184456808,0.004045852908050229
2013-04-26,0.009051962799891974,0.008514573836170712,0.009564713279458447,0.009907743944001299,0.009366424013618438,0.008753664218344313,0.004528818365217412,-0.001768001627159753
2013-04-29,0.00906705845250795,0.00826653732466775,0.009147445722893574,0.009540938495992418,0.009259453425058555,0.005616512267131881,0.0057090310943482365,0.006676533431967012
2013-04-30,0.009149564115054193,0.008179857388720657,0.009000023235013886,0.009198735608615454,0.008778715744690335,0.005921175501693415,0.0054545728072068755,0.0023819036436313625
2013-05-01,0.009089182270124169,0.007952098514472272,0.00861162257819191,0.008849199939825098,0.008385160110171208,0.005738836527086279,0.004843004664032944,-0.00880610447457523
2013-05-02,0.009291602633844166,0.008005908261894325,0.00882122186591136,0.00935461243594779,0.00942907860363313,0.005904540400514639,0.005101417539801862,0.009245007670436812
2013-05-03,0.009146472758292595,0.008085610866321844,0.008892452493453105,0.008993782381424216,0.008871352508339446,0.005611882856563505,0.01074529448943656,0.010089796641897844
2013-05-06,0.00932821689267606,0.008219654291585391,0.009047086496913099,0.008659232371760646,0.008336332475076617,0.006004683708321012,0.002719937264897354,0.002537330489080008
2013-05-07,0.009221811779421055,0.007993449595352206,0.008658270521365216,0.00834949961104077,0.007969052034800339,0.005947956013582687,0.004531938797543716,0.005055662820601386
2013-05-08,0.00918557607319624,0.007848254955132819,0.008404378109202104,0.008063174870703268,0.007580890966765567,0.006613342696014649,0.003479619374240722,0.004541031291534193
2013-05-09,0.009197790830074565,0.007690036241901749,0.00814658378362789,0.007798899060951705,0.0072262945582703755,0.006361032607629197,0.005988274508699765,-0.002820630511255673
2013-05-10,0.008943791621826276,0.007487710955059512,0.007897843462658498,0.007668727677510698,0.0074092521827237405,0.005559231572010074,0.004931302526740014,0.0032492338956087107
2013-05-13,0.008943541842487607,0.007303103291083146,0.007629597964476689,0.007435551308973261,0.007088187900730747,0.00511820227309788,0.004777962861831287,0.0007943573272438559
2013-05-14,0.00890437978750943,0.00708329434890408,0.007337874504109641,0.00722120008787613,0.006830519167445002,0.005988951064663186,0.004874736762147831,0.010281294175212717
2013-05-15,0.007046579383554268,0.007314709556657685,0.007752243102869849,0.00702447497658208,0.0064210103148931615,0.005988017605047997,0.0057553222951398884,0.005371972088767862
2013-05-16,0.0065532486741034625,0.007212916358291822,0.007608775932850201,0.006844220368459945,0.006121740467105083,0.00558845818679773,0.006034088703623556,-0.0047063672561403445
2013-05-17,0.005514865671874744,0.0070875656055652235,0.0075361604848522955,0.00700558136756408,0.006669600035969655,0.005682576659324055,0.004867009070428974,0.009630615442718381
2013-05-20,0.005257734230869332,0.0072652939561129405,0.007833382904559101,0.006826924251561882,0.006280988436881595,0.0054731611675079995,0.0047546541359793715,-6.023355190100877e-05
2013-05-21,0.0051988226116981015,0.0070439792857059005,0.0075283016012301284,0.0066650662288362025,0.006116486124452511,0.005381795409167716,0.006418064403122892,0.0014368437236615575
2013-05-22,0.005209738915413849,0.006838454263938607,0.007249403327986341,0.006515707354763487,0.00590471892560128,0.0065175375879094515,0.01828814506200658,-0.0074451331022078295
2013-05-23,0.005444723138956262,0.006876364572312666,0.007496477806021385,0.007170515950166101,0.0069229167481345754,0.008305121324406183,0.008072775325687042,-0.0028972763778472637
2013-05-24,0.005555339462303421,0.006704549125187558,0.0073148894943285345,0.007106679797716269,0.007137042708924965,0.007062668227188614,0.005974568005692715,-0.000846122418418014
2013-05-28,0.005577917466117701,0.006503604817525972,0.007069703634562514,0.00693591808914466,0.00703423292150612,0.00702099398926255,0.009216269603297416,0.005970522860654158
2013-05-29,0.005572350414414724,0.006472858076535422,0.007047374859423853,0.006763175762976372,0.0066880185000974725,0.00727928356691318,0.007259350807772235,-0.006515562880210493
2013-05-30,0.005800986098167634,0.006475428306837337,0.0071516316532559965,0.007173915849125792,0.0074595428151704125,0.007678320173083571,0.00649393944877855,0.0036850328319378506
2013-05-31,0.005815176173614025,0.006342717829914747,0.006961438185323004,0.006975287765189434,0.007124997830302001,0.007046991149733112,0.013518082116539909,-0.014455475968780118
2013-06-03,0.00642865478891014,0.007096049071896425,0.008409423817685698,0.009242334033003688,0.009288395921455535,0.008254315147548366,0.008802251657053218,0.005491033019481121
2013-06-04,0.0062532138865322145,0.007010118708137424,0.008196331052731166,0.008884308177717272,0.008803411327792145,0.008544223825169292,0.011300028782462028,-0.004818648766588665
2013-06-05,0.0060547164058988665,0.006898291165222906,0.008062748364744396,0.008825242964033286,0.009181085475103599,0.009538214635757098,0.008343623196500283,-0.014099704752408602
2013-06-06,0.006832762549546753,0.007527239612665886,0.009168500977666267,0.010469681734940797,0.011050480919529187,0.008342294220430459,0.010741111819870324,0.009012587405927591
2013-06-07,0.007035070105626229,0.007624524898002915,0.009163179889279595,0.010025111659248718,0.01038091211938197,0.008096190425092877,0.008096987194034386,0.012640074954402915
2013-06-10,0.007500848707298765,0.008014466096766884,0.009590130480199202,0.009611388269777536,0.009695077122876294,0.00956008916547514,0.004650841982963235,0.0
2013-06-11,0.007465016481715694,0.007770313173048578,0.009132739878641057,0.009227814526520073,0.009306131759700244,0.008659677717726435,0.009050274885351775,-0.010369205381242292
2013-06-12,0.007803397762606141,0.007950240626114418,0.00946031999529311,0.009961786267232205,0.010526965929854805,0.009296101164067816,0.008887469982815312,-0.008311551077517406
2013-06-13,0.008002235757661525,0.007972381032739454,0.009500092436476818,0.010229484053613009,0.011314177113890949,0.009883471951565234,0.011594040051510036,0.015094543607013355
2013-06-14,0.008386886951508578,0.008568316204106525,0.01022829549256513,0.009801516102469036,0.010519273964954006,0.009418319514309442,0.008041604468103399,-0.0062929554183842155
2013-06-17,0.008379087280655943,0.008449092098740993,0.009996527795093565,0.009812356651520145,0.010994122797366281,0.007546711941671171,0.010046962671576986,0.007692319639752415
2013-06-18,0.008529272012493422,0.008405607339260754,0.009781245072547774,0.009413585496429793,0.010351828233701559,0.007945531131335058,0.005072667745325407,0.007875033351943344
2013-06-19,0.008435572401351196,0.008374720871466547,0.009603095136155431,0.009043207206754042,0.009751702813421774,0.00602825120818529,0.008288200384206176,-0.013913526582379654
2013-06-20,0.00893897020992074,0.008805848398195024,0.010360614787676588,0.010588993150438127,0.011530965370068012,0.008617345625260916,0.020157463486103106,-0.025090463645363
2013-06-21,0.010341268942824002,0.010519613586421851,0.013065267188908443,0.014796841732473434,0.015139109994887424,0.009855801226028941,0.011649784536459219,0.0032052780338571014
2013-06-24,0.01033575213107436,0.010229318757553356,0.01237463593162817,0.014070824293284705,0.014262467665177327,0.012895439863345882,0.014118573542399177,-0.012716564987949345
2013-06-25,0.010608326698552464,0.010395349249283514,0.012533634995979545,0.014486839522418374,0.015422890438111353,0.013641098533033387,0.013950348262272235,0.00956814189441286
2013-06-26,0.010915086412538993,0.010347581805059656,0.012211768354843723,0.013780194753826303,0.014411900105352229,0.013800183486802214,0.006346619918261239,0.009852223689529219
2013-06-27,0.011083595161985229,0.010318530949576535,0.011945656256768918,0.013118057973231479,0.013475712265804709,0.009154102688629293,0.0044559766646912035,0.005852551637769303
2013-06-28,0.011134812495034565,0.010106379061775392,0.01144155971464821,0.012498796503483083,0.01267991650949181,0.0071500619730343155,0.007868982503338706,-0.00410534912928563
2013-07-01,0.01110214602665944,0.00984996433314731,0.010962821345372728,0.01206748736972309,0.012653707371576521,0.009408040115070624,0.0071402086655151555,0.0058422471377247535
2013-07-02,0.010781045916541143,0.009656521144776355,0.010539856331744788,0.011519412798610896,0.01192545890187491,0.007845909217690992,0.009211337571245735,-0.0009299965608609686
2013-07-03,0.01069749149372749,0.009365115599848987,0.010025478671257502,0.01101978988485568,0.011501364642280304,0.007084612013108946,0.007092110373174536,0.0004342158631871792
2013-07-05,0.01065690392529696,0.009080439383178183,0.009535629956361045,0.010541402794189138,0.010947193421924803,0.0069391514240293856,0.008734713869363472,0.010730886690126862
2013-07-08,0.010438147363834308,0.009187830667652701,0.00967163157842743,0.010095579997179464,0.010265366879825061,0.008588620419802028,0.0066025139554917135,0.005688332080240791
2013-07-09,0.010331482043870086,0.009016245656930478,0.009355012523200232,0.009680604736947027,0.009713906406964014,0.0071248684718234045,0.00527646617850635,0.00717170687422515
2013-07-10,0.010078855478702938,0.008916340469651163,0.009170098500761292,0.009294834134744188,0.009176614780105787,0.006742237971027487,0.005521068716371463,0.00036359244905107723
2013-07-11,0.010078542658885544,0.008645171582833691,0.008747086481112634,0.008936693044811398,0.008787693054297493,0.006291446147306594,0.011988409613112923,0.013528480308632178
2013-07-12,0.010154931950859116,0.009013092641402284,0.009375950710909284,0.008604668537157285,0.00820993403196843,0.00794234365746595,0.003913360480004753,0.00041806321522907966
2013-07-15,0.009908823090087027,0.008739117531871605,0.008936487319454102,0.00829730505671404,0.007884207640975156,0.006465868704840286,0.00340547604603048,0.003813081308597554
2013-07-16,0.009454086582974352,0.008524213750585579,0.008592794847266588,0.008013200297447181,0.007523356870380474,0.006796248149659791,0.005493443500595191,-0.0037531456640530728
2013-07-17,0.009366859301929665,0.00831550677976201,0.008348287527617177,0.007938528790871053,0.007822634900575191,0.006713602359352797,0.003574981550194502,0.0025633307671735503
2013-07-18,0.009263658734749665,0.008086595927912325,0.008014160786690835,0.007682158137095507,0.007486305837136255,0.006735328187034195,0.00465394987947708,0.005462701147320422
2013-07-19,0.009192171030418526,0.007953610369432528,0.007843974779775699,0.0074460355102116986,0.007123419972710809,0.005854838653616431,0.0035333922397505243,0.0017745366739572073
2013-07-22,0.008520346096276322,0.007723552398906419,0.007536750156619483,0.007228913260987604,0.006843791269800004,0.006555957406175146,0.0035423218984429435,0.0019493343053843019
2013-07-23,0.0058703021458225545,0.007503469878208534,0.0072592139125378825,0.007029587559967531,0.0065782519134512454,0.0061918898921426045,0.002544592812384689,-0.0021261638265910724
2013-07-24,0.0059832117365109265,0.007293501968015234,0.007057960333598428,0.006923367546103862,0.006694163937457867,0.00556422368529857,0.006145185145091263,-0.0036727949049786346
2013-07-25,0.0050546557933453945,0.007128311584438336,0.006965406000645987,0.006955906373494691,0.0070365003141652505,0.00590623760793802,0.00468137248541305,0.002430404386121947
2013-07-26,0.004851787592157607,0.006936747682520416,0.0067508804725982,0.00677944334586203,0.006751317608314175,0.005226814470343423,0.007082992802607286,0.001064744104442817
2013-07-29,0.004605177504915702,0.006730481491451556,0.00653304976156313,0.006618072374001141,0.006506022108402183,0.006323881182733492,0.004642630652876349,-0.0030795386475220023
2013-07-30,0.004700785508887708,0.006568898822273072,0.006337058409999718,0.006527869270675307,0.006681273837502062,0.00521284269019174,0.004868686763556929,0.0
2013-07-31,0.004508184421821804,0.006368783701227803,0.006148385862313605,0.006378088047278947,0.006482336612984284,0.005410235485332884,0.006572276791364467,0.0007115741951446862
2013-08-01,0.004448977392133212,0.0061772244376544355,0.005972422456571838,0.0062400146084899775,0.006246800267797495,0.0074340417448774225,0.003366402250366814,0.011492144903371535
2013-08-02,0.004832323061313417,0.00661761129991564,0.006834608005692291,0.006114678971715781,0.0058480115799209855,0.006304991824113171,0.0034285508196694346,0.0016977656391748306
2013-08-05,0.004810351570638058,0.006429475643293056,0.006600027277897592,0.006001084256911331,0.005633593513501501,0.006927958435660654,0.0029028481775765697,-0.0014634694720699953
2013-08-06,0.004529479501340906,0.006243906805724889,0.006425360042379457,0.005950255069045998,0.005713653341633479,0.005395533566157854,0.006179939469093127,-0.0056990319539486365
2013-08-07,0.004765478909195521,0.00621256209461045,0.006593686108838692,0.0064064608101238,0.006464296790952243,0.006414513927997492,0.004304924198700805,-0.0032453967882421
2013-08-08,0.004703729125375407,0.006075535213577078,0.0065175591551400215,0.006454919971161015,0.006765788344172785,0.005959096901774572,0.006046141763137456,0.00365793255976969
2013-08-09,0.0047309126083677,0.005958206834294993,0.006378640123891841,0.006309843270215189,0.006464020181151131,0.005542912916717454,0.006634334174513855,-0.0028898734188045564
2013-08-12,0.0038933585158274077,0.0058199052451073435,0.006302896305862037,0.006334276327644895,0.00671036798557106,0.0066760408646379795,0.0035922911216659833,-0.0011821070168734286
2013-08-13,0.003911253208811174,0.005650032022764719,0.006147720503803535,0.00623564442998854,0.006682591840195073,0.005967942523385742,0.007231694057480392,0.0029528194334191636
2013-08-14,0.003878667118861823,0.005525453710162944,0.006015566211873008,0.006110715259152308,0.006397598910876319,0.006331498077631948,0.0041655068740393,-0.005142941304808116
2013-08-15,0.0039641979269431984,0.00550325277420966,0.006183321440028795,0.006447741607578807,0.007006071666551589,0.006205755380083889,0.004901060132973649,-0.014084271624875244
2013-08-16,0.005021953387627542,0.006353789897630508,0.007811983498912381,0.008850325422278624,0.009154437638335093,0.00572582999903673,0.005534770023839008,-0.003311419643483271
2013-08-19,0.00486832012495268,0.006213399818356487,0.007609435719876676,0.00865413910688345,0.009279941852731706,0.005681096451129109,0.0061508249273386694,-0.006412958582012806
2013-08-20,0.004973081409261899,0.006225553736902765,0.007689518916466909,0.008822405330507268,0.009875644875421464,0.006122734544730545,0.006257536230503965,0.004904385309631749
2013-08-21,0.0051082517796136335,0.006154286951964464,0.007499574362809439,0.008482975026107425,0.00934702384872785,0.006561414951597703,0.008876452452367152,-0.0061794015641381
2013-08-22,0.005223670172877098,0.006155796718162905,0.007569796110323919,0.008640172334215084,0.00990059200093531,0.005895286882659299,0.004858647253948878,0.00907370426623578
2013-08-23,0.005657584286441148,0.006368683520782833,0.007776344904136456,0.008314594731126987,0.009302126232197729,0.005617914730211315,0.005260821079507197,0.0033664176044274187
2013-08-26,0.005687091697814312,0.006229485376005091,0.007500667786594333,0.008014127932991298,0.008838896590541913,0.00565510343420037,0.006087629543107216,-0.0037277619487676495
2013-08-27,0.005710711477835862,0.006108344400545078,0.007357693032988489,0.007934607627984126,0.009050316839294963,0.006091502116878297,0.013247774844028675,-0.01621456342590803
2013-08-28,0.0066114970063284985,0.007130770159127123,0.009087106360900337,0.010480003077667001,0.011342367119105358,0.007149510441151303,0.006671375203139125,0.0035441767097319967
2013-08-29,0.006696639944598404,0.006967831900350953,0.008703025222604107,0.010015911730279749,0.010725331820813288,0.0070137601624865745,0.007785129349909505,0.0015846286959746614
2013-08-30,0.006712707917189519,0.006766705505214621,0.008304093254623114,0.009585019516991039,0.010184089689625218,0.007034698071716753,0.005708165575393278,-0.0031721203532945096
2013-09-03,0.0060450963675714635,0.006606417035185628,0.008042419323781932,0.00930934353098008,0.01020548149179164,0.007666985990131658,0.008683702685381413,0.004511818569375666
2013-09-04,0.006161176333444548,0.006499803973074972,0.007797811672994381,0.008930194656994538,0.00965741429774303,0.00722932322580924,0.007535575302585426,0.008238917758489187
2013-09-05,0.006544517772113307,0.006617053009986094,0.007884580500210544,0.008579507861494098,0.00909183211308788,0.006300462338302109,0.0033005546988895402,0.0012664401004258818
2013-09-06,0.006492110809245742,0.006422966552647309,0.007551933157595656,0.008255649150681034,0.00867254131194887,0.006236712747544929,0.012301126260512506,0.00048157457979148936
2013-09-09,0.006480588914256613,0.00622841426213724,0.007246829612931819,0.00795704759421845,0.00829428588626635,0.007104558472267923,0.003709237095632843,0.009530460880473251
2013-09-10,0.006805312981389597,0.006474205483547829,0.0075693129782639194,0.007682190914297588,0.007803171887070859,0.007975030722011353,0.002978302193851932,0.007370033800974603
2013-09-11,0.0069991679654941834,0.006531421004518022,0.00759644511994511,0.007429621996386114,0.007377508134219727,0.006169399684453551,0.003968153245528456,0.0031332626204609664
2013-09-12,0.007029828158646131,0.00637878772157299,0.0073310124667585195,0.007197936308498104,0.007044434232030755,0.006299325594693719,0.003748403997102093,-0.0026595351586011346
2013-09-13,0.007021892398810061,0.0062186802832005315,0.007137577611715296,0.007104151031622371,0.007211296174744856,0.0062331866313793316,0.003413774077012962,0.002246473298676475
2013-09-16,0.006945790572186159,0.00605429301683417,0.006887557572238262,0.006900009656746756,0.00690254948273018,0.0059993973410998646,0.004551299874950289,0.005770851752755761
2013-09-17,0.00622271457279412,0.006037661790362461,0.006853775154044006,0.006713547338483822,0.006559090730455983,0.005419438983460845,0.0017782678547014169,0.0044529303482246495
2013-09-18,0.006177268320886554,0.0059544834891267495,0.006727949466042969,0.006543531482007372,0.00625716205049701,0.0053571700520778625,0.011195256721095878,0.011507799292237712
2013-09-19,0.006269318401967198,0.006424506819824515,0.007438150855427158,0.006388779687848412,0.005865916694119337,0.005658192213417127,0.0036189106447409095,-0.00167725491196507
2013-09-20,0.0062988805623529496,0.006242325019387892,0.00718896344851421,0.006307888913784459,0.005957926573919529,0.0063924087729328,0.004968044315353021,-0.007016826074459436
2013-09-23,0.006355788201101311,0.006291484343012252,0.007392542516078373,0.006944904141083481,0.0069153404108439846,0.005730766257317616,0.005641145625485466,-0.004637881296809624
2013-09-24,0.006294779127221307,0.006204708317033445,0.007328445563514225,0.007087939391177591,0.007402189057224384,0.005457082529549334,0.006225909447521101,-0.002356666577087152
2013-09-25,0.006325951556987325,0.006043321406547044,0.007119617018008858,0.00698226785431265,0.007498712997897248,0.007389283357764359,0.004653756370977386,-0.002894165238258382
2013-09-26,0.006296981575066565,0.005901948928196563,0.006961293084590585,0.006930101869340235,0.007670878448597349,0.005358927449139732,0.0052237710759596104,0.0038374761779138627
2013-09-27,0.004907970727475561,0.00579884423716843,0.006676609929777636,0.006657618273049879,0.007201521757051671,0.005458171625225766,0.003267537876772956,-0.0046072784621487145
2013-09-30,0.005102430021643224,0.0057343369021528355,0.00668198274142312,0.006816441214904823,0.007633037837541487,0.005578124663781964,0.006450201803106872,-0.005342204245923653
2013-10-01,0.005326677297666813,0.005711568199475356,0.0067570877941587615,0.007055030444506025,0.008147857315956533,0.00736016661167403,0.00543057047829352,0.007884979446204962
2013-10-02,0.005405042238791994,0.005864730571087401,0.006937286046738171,0.006852382867969567,0.00771797279804579,0.005604809884304667,0.006485582690337802,-0.000945596263614111
2013-10-03,0.005402318191254867,0.005690782892431056,0.006697610705939816,0.0066879782185504145,0.007565293718562501,0.007850251680673435,0.00902168960652177,-0.009263516362367715
2013-10-04,0.005670216872754304,0.005965791938779803,0.0072765701205023915,0.0076806824343903035,0.008725634021457014,0.005811105442294255,0.005680554633281497,0.007547802075189072
2013-10-07,0.005860433133238787,0.0060723465002727895,0.0073475323300734585,0.007428082382759096,0.008259736956808544,0.006527165648123742,0.005910423314885513,-0.008681890141827164
2013-10-08,0.0062352004556780515,0.00625967263395603,0.007725084291231229,0.008146301531512433,0.009262306683560411,0.006113298845378763,0.0074616184344548095,-0.011715059301051562
2013-10-09,0.006438868921935178,0.0067131995546735705,0.008493616702325079,0.009371750957048182,0.010682012288456364,0.006109009676716813,0.008303019322606851,0.0007250770219931036
2013-10-10,0.0061975569966522814,0.006511111238988825,0.00809869496245489,0.008993949538189659,0.010143500008168571,0.006379845304452569,0.005793000304965394,0.021328527021982437
2013-10-11,0.007819769874187716,0.008194221090997211,0.01037312554633882,0.008643134223549868,0.009443692781589018,0.006673765688437097,0.004864440410431275,0.006422720003587038
2013-10-14,0.007906311840079144,0.00809886557892669,0.01001547778258458,0.008317830518831152,0.008938705886686302,0.005810351071195948,0.006314765042018754,0.003985839081937937
2013-10-15,0.007933494103262304,0.007912606462905782,0.009563825483323829,0.008016620610488186,0.008493039899330583,0.00826130447543146,0.007384816807913112,-0.007280298571027665
2013-10-16,0.008025589825402402,0.007876099631899516,0.009475039095548398,0.00838314477819214,0.009248496742520153,0.006007346293647864,0.004581757584351052,0.013869564865191461
2013-10-17,0.00853045293625509,0.008357802250585763,0.010023375975639156,0.008077061196825244,0.008684578714592385,0.005348266733110161,0.005417491609406952,0.006661063394227095
2013-10-18,0.00827988292045672,0.008265825602129372,0.009714334942890897,0.007793984581273934,0.008230199824493538,0.00580631511406086,0.0042048634910533365,0.0067312557622460495
2013-10-21,0.008383253441215054,0.008181871959395026,0.009440111585157106,0.007532588717295813,0.007806088061208439,0.005798536461267143,0.0035022053965716765,5.740020191289242e-05
2013-10-22,0.008198659730134181,0.007932631639079764,0.008973307003856675,0.007292424669108538,0.007504333025776493,0.005920138662747835,0.006768383518679864,0.0057742694306785365
2013-10-23,0.00815438974047514,0.007819947396596326,0.008705650548239253,0.0070705298269283555,0.007137855785142787,0.00604720460609919,0.004293461411856849,-0.004800051699113464
2013-10-24,0.008229427710730267,0.007672347256690833,0.008499637641869092,0.007201902105820608,0.007604106557959605,0.005835592346743124,0.003950487940922345,0.0033171209144282287
2013-10-25,0.00817902662923945,0.007482861428041582,0.00815025361443481,0.006987301569772767,0.007255320844668479,0.0057878815096788164,0.003458669601588971,0.004557077229005324
2013-10-28,0.00818997000230799,0.007340275159315438,0.007857011898352724,0.0067696274063365125,0.006874903124444518,0.005819885704062862,0.0033317990593823327,0.0015896976460526477
2013-10-29,0.0080610265311658,0.007127305898160075,0.007514890032108121,0.006582482834681781,0.006585197550705358,0.005591563537716889,0.0033541094115975938,0.0053205436594166745
2013-10-30,0.0079084659276198,0.007032003348541303,0.007357557063974301,0.006411684875162512,0.006270713171088453,0.00611560789773588,0.0074132553824931115,-0.004979465081647059
2013-10-31,0.00797075592279438,0.006926025640886905,0.007319467793874141,0.006668999996652933,0.006843565426087779,0.005425816362308529,0.006205276722538999,-0.002840725224544987
2013-11-01,0.008015370124317632,0.006750986927524853,0.00712646355946396,0.006636934608284537,0.007038524197109082,0.006151685572429212,0.006485349194248324,0.002386571051010446
2013-11-04,0.007602032927513289,0.006571378722061759,0.006864470726908445,0.006461349529298486,0.006729106097952366,0.007447617793385461,0.004272231609464311,0.003512228963432946
2013-11-05,0.007515374914710785,0.006429010992970436,0.006668436622861314,0.006301295979373022,0.006426420306100371,0.006156273769655211,0.00551186172365522,-0.00317186187381569
2013-11-06,0.0072067624651952055,0.006281392669756012,0.006566140068309694,0.006342718232398755,0.0067007730715802705,0.005990778967130114,0.00444660395642841,0.005093252165564386
2013-11-07,0.00644837455329175,0.006216511344531293,0.006498299339741533,0.006193319704185295,0.00638163639635209,0.006054607649291042,0.008383685293168547,-0.012724390809662069
2013-11-08,0.007320640172371269,0.006785345959308623,0.007760519889785506,0.008288359311527613,0.008324696838964318,0.006039324191256392,0.005802076083629921,0.013401322234716502
2013-11-11,0.006461086128811007,0.007352155524645675,0.00855501937541211,0.007977534052690045,0.0078039966395632605,0.00561388533875677,0.0027736002572775575,0.0001690547653582714
2013-11-12,0.006402150488979266,0.007128299529192405,0.00815244109511616,0.007691410214636478,0.007489256604709368,0.005494291944247947,0.004626984423483475,-0.002032573795182578
2013-11-13,0.006440335101004891,0.0069290530594867976,0.007839282267627446,0.0074995571105495725,0.00751792653800907,0.005605621638522664,0.005563520487721094,0.007992759319578222
2013-11-14,0.006240943104730427,0.006997436803255506,0.007877530524445389,0.007251205743474035,0.007112826145061232,0.00587438978148462,0.0045236277393771365,0.004976686097404111
2013-11-15,0.0057003202235785646,0.006892918016148681,0.007659760927284694,0.007023263364617604,0.006768732749105963,0.005908616495577532,0.003046992896319362,0.004341600619261024
2013-11-18,0.005626506779913359,0.006767019240916661,0.0074266915410095505,0.006814417570890069,0.006453963240586343,0.006118372081038294,0.005676005251575724,-0.003505414656711954
2013-11-19,0.0056251295458146925,0.006616817388854674,0.007264395760071496,0.00683147957742517,0.006778500895559876,0.005928375150367175,0.005161247588659682,-0.0021757505545714744
2013-11-20,0.005671782682212801,0.0064373417995742385,0.007041458495714756,0.006729279711046818,0.0068765169691776965,0.005993671261693095,0.008197378518275062,-0.0031332464735101093
2013-11-21,0.005649367979810633,0.0062882462806174155,0.006895619921665391,0.006718081825440164,0.007114232372466024,0.0059746178671021225,0.003945168593057483,0.0080366901805909
2013-11-22,0.005704669353618551,0.006406623303432567,0.007069201144089018,0.0065354100880420625,0.0067349114662756185,0.005825308326418825,0.0035278150495069763,0.0049899372988316615
2013-11-25,0.0057438123438592675,0.006330568795751009,0.0069371325750229714,0.006368771639783444,0.006414808411347794,0.005949275939149672,0.0030580381935712154,-0.0009963111812606204
2013-11-26,0.005724533412729188,0.006142564070424214,0.006656949884297633,0.006199425631165676,0.006320974502420874,0.005856702366473953,0.0037000654192301244,0.0002768468830692521
2013-11-27,0.005727806250346034,0.005955822899441386,0.006411009415815924,0.00605599780099113,0.006088001288237784,0.005634815080215915,0.002501946906948582,0.002432285936803936
2013-11-29,0.005657851010196535,0.005805038993636669,0.006210195532175746,0.005925755267369023,0.005834271349226756,0.006311683354172087,0.004138145834129771,-0.0006626124320782658
2013-12-02,0.005504166463833529,0.005630533932824877,0.006025443722579967,0.005825470823752276,0.005768148544825142,0.006097979394681096,0.004902637100532951,-0.0026000257054109837
2013-12-03,0.005495453613151904,0.005496029989610565,0.005952758016662634,0.005862643384832481,0.006000207929908198,0.006105777780101185,0.005557577046817193,-0.004330031890163137
2013-12-04,0.005621055680302859,0.005433131277457464,0.006032939356764609,0.006106021238760945,0.006491484288476129,0.005807092689634122,0.009477593486051834,-0.0001111763669192359
2013-12-05,0.0055939282800007255,0.005267686604238625,0.0058530715554293445,0.005974884941858974,0.006304119517818417,0.005982964499652483,0.004047330673281685,-0.004405393451809275
2013-12-06,0.005643695763362125,0.005219967463381472,0.005954857530019275,0.006212699087748701,0.006786148341008225,0.00513324931976681,0.004257835501044858,0.011115260864502867
2013-12-09,0.006017827146625574,0.0057468354896231776,0.0067573813145745,0.006067892071191215,0.00637546407805793,0.005323292615940129,0.0023071639081738418,0.002539063487385409
2013-12-10,0.005133809636654806,0.0056063679561444545,0.0065259009429903415,0.005936534753682842,0.006102770063456576,0.005557643395108636,0.003156209093015607,-0.0035897254331158845
2013-12-11,0.004502413145066695,0.005506237161729586,0.006466441273762628,0.00606923544789664,0.006468328577589126,0.005602445182485179,0.006698150630547807,-0.011294607216869137
2013-12-12,0.0052336314393559465,0.006012787868480005,0.007478148536990351,0.007820531404565251,0.008137873598486904,0.0061398172306842734,0.004657919518388049,-0.003306629386439783
2013-12-13,0.00527018664351823,0.005885612011355822,0.007291706746929429,0.007707533606385191,0.00831823396168771,0.0060264483731545665,0.003810518274347846,-0.00011271771271113838
2013-12-16,0.004967819679498657,0.005706379354747501,0.006992301642832508,0.007437478324187369,0.008011819949886317,0.006423854068535713,0.004049085764862562,0.006213037956561455
2013-12-17,0.005037483074295832,0.005738040594040059,0.006960154097231256,0.0071863699042871544,0.007585648422559357,0.0054883253730667455,0.004469667579237691,-0.003185528401316263
2013-12-18,0.004979582696946905,0.005617691584543962,0.0068212596953180936,0.00712744560176849,0.007786336332634826,0.006129439327780722,0.016939681787868793,0.0169283344638268
2013-12-19,0.006186735053841504,0.006845367899380126,0.008552937763538397,0.006902161543846157,0.007236103303469213,0.0062579893395822705,0.0043425934510693594,-0.0011561554650572326
2013-12-20,0.0061678234005242815,0.006642869839516272,0.008165722806496694,0.00672932947908419,0.007154339101668543,0.006466929352108522,0.005454887790831717,0.005799635173380308
2013-12-23,0.006201810911543455,0.0065953167180301695,0.007966403978060572,0.006538206629064498,0.006789704588990828,0.007097995510122978,0.0025644587874597215,0.005328481383938178
2013-12-24,0.0060767105571005045,0.006526244960618556,0.007754907176436845,0.006363934505415831,0.00645442517459574,0.0065039994188948345,0.001519489017691111,0.0021884944429334287
2013-12-26,0.006013927426261924,0.0063500969570900396,0.00742236266205416,0.006205311081361354,0.006181499203074803,0.005449079338280748,0.002016345084284706,0.005071590389127486
2013-12-27,0.0060681816489621485,0.006280729991576054,0.0072096725372083744,0.006025353044100456,0.005855974648191546,0.006066779678272986,0.0021185819200062,-5.415274959351516e-05
2013-12-30,0.006070860944763395,0.006089408101340826,0.006913902541009938,0.005894797271702471,0.005700344162849561,0.006066779678272986,0.0019692656532219635,-0.00016329340140876342
2013-12-31,0.006068504108553695,0.005904035691566522,0.006647108704368755,0.005778660061803873,0.005570169971747272,0.006066779678272986,0.002377212383416183,0.004721868268697934
2014-01-02,0.006110018143176794,0.00583985801173882,0.006529647892459129,0.005668071124658881,0.005309637922105962,0.006066779678272986,0.00581498042442548,-0.009630132510190069
2014-01-03,0.0065092623131446856,0.006133683414659014,0.007233479633433519,0.007102895695118075,0.0068110135471108665,0.006291555185183135,0.0041662868780508976,-0.00016412372500743393
2014-01-06,0.006405056797735551,0.005946962593897316,0.006937335709669055,0.006877244569579606,0.006612087677633791,0.006137447406617672,0.004964108807366867,-0.002901668918005189
2014-01-07,0.006459771241518893,0.005809437425276573,0.006781403818256093,0.0068236124020621125,0.006840608651750518,0.006197317872166654,0.00345717582996115,0.006122829224835865
2014-01-08,0.006431877396342358,0.005828716125297414,0.006759517138076194,0.006617174966326904,0.0064828947589577425,0.006048239166514587,0.004229253426788581,0.00021795138378175169
2014-01-09,0.006040891486006686,0.0056514021213753245,0.006501507220706035,0.00642947004377715,0.006248873262443344,0.006002904632113269,0.005698264773410074,0.000653466984747783
2014-01-10,0.006029813915881168,0.005481575168438877,0.006264436870159265,0.006257946350901227,0.006004144232838654,0.006057607803096511,0.0053962743003897985,0.002718974169891532
2014-01-13,0.005954652628830617,0.00535615305791416,0.006082723767015677,0.006102051721958402,0.005745538087764843,0.006943730889080026,0.010149860967838906,-0.01339413894513454
2014-01-14,0.006187005410020043,0.006142576863980557,0.007629616352804572,0.008500978203514116,0.007948225764087857,0.005151582107646849,0.006137925534276117,0.010838618238370776
2014-01-15,0.006454056256592068,0.006520422855700639,0.008042680252044607,0.008157623983609126,0.007453618432435829,0.0062898658828776065,0.005056123674906746,0.005375673446769692
2014-01-16,0.006487328555311007,0.006457463222078231,0.007819689069026659,0.007841069348777477,0.007066697868233655,0.00513574491601784,0.0036832650856622423,-0.0013009498461999502
2014-01-17,0.0064491477482554955,0.006268847551086487,0.0074994313868258135,0.007587377829494852,0.007019889899214166,0.004843265521646929,0.00474398935639242,-0.00423817706369717
2014-01-21,0.006492311144595429,0.006165895825509233,0.0073781492877559455,0.007596696531614666,0.007431415720522869,0.004923225918348496,0.007455703357959064,0.0029360425158547958
2014-01-22,0.005475662033788994,0.006021162328858497,0.007095584814630197,0.007325150655407525,0.0070797042343669825,0.005468505933500935,0.002865423277531674,0.0006515340389863371
2014-01-23,0.005455839315811939,0.00583991454040847,0.006803445826127448,0.007076024041574071,0.006782607799491334,0.0060924591916376135,0.0067726354464296736,-0.008227052112675817
2014-01-24,0.005691049240462696,0.0060099408413726366,0.007233280213930268,0.007828666914426215,0.007881181602437335,0.006381994647707343,0.007008942759141479,-0.0215664237440665
2014-01-27,0.0073052325880713165,0.007865040595464784,0.010312077040714216,0.012242896688641895,0.011473434325695293,0.006129242597448302,0.010273809685402788,-0.004931686256964416
2014-01-28,0.007317059097429344,0.007720532592667322,0.009949729419058133,0.011865451319421334,0.011656620950607094,0.005564463809083922,0.003934730591340654,0.005937498652228104
2014-01-29,0.007357080141287114,0.007625317011002541,0.009579119594011403,0.01132476446871833,0.011025312468462292,0.004274942612343042,0.007711698679342565,-0.0096516546965817
2014-01-30,0.007573537315412003,0.007761829568478717,0.009755144371571706,0.011651946437582817,0.012012813369103903,0.006320735909964393,0.006971021756545502,0.010544523929383738
2014-01-31,0.008029872522129564,0.007956284148328581,0.00981553257631939,0.011077652011619653,0.011217177644411143,0.0071135687918255685,0.009905113590426947,-0.0058757776154763595
2014-02-03,0.007971623080498015,0.00784702464359581,0.009574708470550112,0.01090111474329263,0.011583173291323216,0.0066401467135190516,0.014434245255790052,-0.02276235378289969
2014-02-04,0.009064292895353097,0.009432323838590427,0.012109383012264417,0.01457812577857804,0.014861274865801865,0.007988446450819437,0.007967735337684466,0.006979791965923978
2014-02-05,0.009281266554929064,0.009303421884958963,0.011607395659008623,0.013806547453718199,0.01390739268606191,0.007208801955455156,0.008607070049433134,-0.0012546814402382138
2014-02-06,0.0092801712705339,0.009025236438695114,0.010976394484924703,0.013106144608076015,0.013368625495097819,0.00755677193299025,0.007147299986708389,0.013100895520925812
2014-02-07,0.009697913606612627,0.009320172048567662,0.01117679384076392,0.012432514410028907,0.012427037267915685,0.00784875130795117,0.008184039090253786,0.01231963589893353
2014-02-10,0.010158893284331913,0.009526808296325968,0.011253989658034227,0.011804528129266589,0.011570236889455235,0.010012684902000704,0.0037545038121932738,0.00183492969271065
2014-02-11,0.010171811820605083,0.00924751262527822,0.010632351910187571,0.011219663256484052,0.010956781218899115,0.007806901982753163,0.00815523926783773,0.010884513447751609
2014-02-12,0.010470782908183858,0.00935381517612233,0.010617178111726728,0.010675535119155942,0.010232826257494243,0.0074486744463336816,0.005029095527162401,0.0004942354181315277
2014-02-13,0.010049897989438549,0.00906966829421149,0.010039475306880732,0.010169885661018431,0.009739420798477127,0.005973540607509809,0.006383814777578939,0.005149475294739504
2014-02-14,0.009819982510552524,0.008883376370371322,0.009618671231158466,0.009700572785882827,0.009200202246997772,0.007284249490664218,0.006009412969538784,0.005503631216545909
2014-02-18,0.00982363556264755,0.008717620695320233,0.009255736087082083,0.009265560316815918,0.008692134318922485,0.005810404203885971,0.0037654422030105744,0.001194580731179094
2014-02-19,0.009824305345774139,0.008457110460412903,0.008785591217522976,0.008862908636060887,0.00829317643394645,0.0054918923330750284,0.008878802082281494,-0.006643297429344208
2014-02-20,0.009889417648965249,0.008359387438283484,0.00873011786810909,0.009041947353163257,0.009009561488248597,0.004899154184025763,0.007999952107282044,0.005883701528013241
2014-02-21,0.009956266380856867,0.008231869378396168,0.008477603994827403,0.008656168344185448,0.008507943708533505,0.005587719573270847,0.0043604971307576,-0.0011416515858329048
2014-02-24,0.00995790249511548,0.007985991181801043,0.008098148363011594,0.008327387070810573,0.008349649231392304,0.005466762583677302,0.00834540965081567,0.005531515740174254
2014-02-25,0.00984889299841006,0.00786036588394481,0.007886324191223008,0.007996780327506735,0.007898380552466925,0.0050115906910346885,0.006018900940639769,-0.00037880689694557796
2014-02-26,0.008456952661430981,0.007621472324926785,0.007540413388474309,0.0076998868575330935,0.007668080287225131,0.008010445411812835,0.005583940515331208,5.426923578964201e-05
2014-02-27,0.008334752135173268,0.007389303531771082,0.00721821655591831,0.007421068688852025,0.007389405917218444,0.00583891689188239,0.00460471929598947,0.005233486294308439
2014-02-28,0.008318659216536866,0.007277984680605529,0.0070360086335648254,0.007128858291623308,0.006960840863345485,0.005457152504048252,0.009122500514549988,0.0025261924016306597
2014-03-03,0.00789700449595309,0.007083347812543475,0.006776502966192485,0.006896273587279519,0.0066466718397147325,0.00501709325387854,0.007502202046718453,-0.007056782238976152
2014-03-04,0.00791691636659754,0.007081756688389987,0.0070443462019298755,0.00743823751022391,0.007555158050177832,0.005790507036166917,0.004477701107566776,0.013957765652705552
2014-03-05,0.00817149573167749,0.007670160001388091,0.008081606130661539,0.007179591563703307,0.007025559266902218,0.005411407516297567,0.0027297463849643463,0.0009061109752970937
2014-03-06,0.005812054092515087,0.0074398074844752105,0.007706195422082206,0.006942689513592725,0.006732846893994611,0.005624550691295077,0.003644364606195234,0.002287547341987254
2014-03-07,0.005764624711968558,0.007234892096790397,0.0073791331200850074,0.006726104407398753,0.006436721953426415,0.005389076092211533,0.006156556427227314,0.00042477212552672174
2014-03-10,0.005708903375496246,0.007015259775274583,0.007066524304769906,0.0065284628140678145,0.0061883421903339755,0.005637241739100065,0.005013005569695456,-0.0005312928671974348
2014-03-11,0.005315992335353206,0.00680279162244108,0.006796774801171745,0.0063618169848882675,0.006087158900719144,0.0050050612743009724,0.006987207106513704,-0.0049547005655083305
2014-03-12,0.005098511999544679,0.00670628353773416,0.006824171846572985,0.0066259661840302785,0.0066849110005167064,0.0059344633088972126,0.005226380081841089,0.0002668507216792535
2014-03-13,0.0051119005475377165,0.006502311674599641,0.006563601024442049,0.006437524301510006,0.006436168729550824,0.005243516112742793,0.010531542254560641,-0.011276497577750823
2014-03-14,0.005438258592342614,0.006882791406404666,0.007536829856531293,0.008084298803016995,0.008125583635207061,0.004906488372146479,0.00602760520338524,-0.00281171462005147
2014-03-17,0.0054960093832306855,0.006708561160018586,0.007314396758003918,0.007899726500934673,0.008240781489315164,0.00647473291821078,0.0047913507750211555,0.00900321021039864
2014-03-18,0.005713018595911563,0.006867894358025967,0.00752787210487577,0.007603288306935685,0.007742498079092718,0.006079163885797061,0.00496218688174385,0.007112245250513498
2014-03-19,0.005788730839018199,0.006882800047105227,0.007504703600340437,0.007330986006356153,0.007306432646301757,0.0058507234656321305,0.010195399587129549,-0.005343148116793203
2014-03-20,0.005947566540063559,0.006800258392664594,0.007478653742566206,0.007514758895274993,0.007878398627535942,0.006021164985731867,0.0064774122228677,0.005822728097196139
2014-03-21,0.005806670340855213,0.006745602501201622,0.007350053748743008,0.007249761214276281,0.007453516769221924,0.00840190429030373,0.011803571953768644,-0.003885883837041852
2014-03-24,0.00580528382551849,0.006609006696143037,0.007218513858708027,0.0072543282383333565,0.0077820889508443845,0.00659284711679827,0.009406885153583303,-0.004144393266487124
2014-03-25,0.005890554762892009,0.006487587461600955,0.007122036453124852,0.0072884228946524555,0.00812797216907248,0.007620640675695921,0.007415055323674759,0.004734332771871735
2014-03-26,0.005859719273108206,0.006395959507008759,0.006955799529823769,0.007042318399118612,0.0077035909213831796,0.007358542217671549,0.007081195579781091,-0.007218115872454849
2014-03-27,0.006100155058784315,0.006448245648179748,0.007215555877086799,0.007589070844163238,0.008553780362479968,0.007132690853643718,0.006413671575731116,-0.002110630708176557
2014-03-28,0.006121762138100348,0.0062731463670227545,0.0069883274789554126,0.007400526326569945,0.008533001529906699,0.007465834461507934,0.006143393765881438,0.004918027620807492
2014-03-31,0.006109012615023738,0.0062001970260877086,0.0068267739446288625,0.007132663444974516,0.008034667481354934,0.007559034190322825,0.0077829402809964105,0.00816081121526329
2014-04-01,0.006339150237054245,0.006334968583508405,0.00701005809445761,0.006899211058749685,0.007579633080339633,0.006071251694387287,0.0054732800153698665,0.006609165753584256
2014-04-02,0.006236721910585486,0.0063517542186625284,0.007003298048413779,0.006685831046526884,0.007174060171339294,0.00648216354527204,0.004070699024977277,0.0033406571285260122
2014-04-03,0.005527561662834982,0.006212382325490093,0.006774182346966311,0.006491160989160821,0.006835996681320373,0.005680800359558354,0.004688227483467558,-0.0013245725365366352
2014-04-04,0.00554156136061948,0.006031860579692705,0.006553823889757343,0.006359022300668174,0.00680375932741828,0.0054426506442915535,0.009600309048181618,-0.011892002276464362
2014-04-07,0.0061361704072689345,0.006533415999175759,0.0076338947801890015,0.008196425857213436,0.008542786946908057,0.005147051659515639,0.008098745301149447,-0.01111325571217064
2014-04-08,0.006574313948231868,0.006894538439419585,0.008335067342723828,0.009344202609311179,0.009964082748700054,0.005253496820444082,0.0074068191403784235,0.004114691102918502
2014-04-09,0.006661135774793364,0.00676006077246517,0.008014761958636839,0.008935584811209589,0.009426915474087767,0.005618724997944216,0.007241654061469988,0.010693367171039343
2014-04-10,0.007012222964820219,0.007058144404576657,0.008335649207387013,0.0085577370571752,0.008845194896933426,0.007143142842905371,0.011048250251503949,-0.02123005172367846
2014-04-11,0.008424810081386,0.008594839385416643,0.010880264726374178,0.012512840198443238,0.012145823559764875,0.010012779412948685,0.009228348271109205,-0.009048734566799117
2014-04-14,0.008300053198137317,0.008622746897193823,0.010809041902833634,0.012576428932330679,0.012906611770336706,0.009665725530559954,0.008747584056872457,0.007847379562131567
2014-04-15,0.008490974106931356,0.008578201453067617,0.010486198835625486,0.01193913494501361,0.012104559909260886,0.00981519755939815,0.012261549808101563,0.0068635422648261005
2014-04-16,0.008386762440258409,0.008485098732749663,0.01012417585851994,0.011345368794302696,0.01137583083005178,0.009317738556527809,0.006122579295783402,0.010423344336680376
2014-04-17,0.008563097234748856,0.008613701463592742,0.010114335719755653,0.010792728113076641,0.010657109930440088,0.009196360497859733,0.005652615250002325,0.0013960357689530147
2014-04-21,0.00848586336126251,0.008358291492988118,0.009576933679882766,0.010278938931395183,0.010104294927779374,0.008943387091528525,0.003176209626912272,0.0034813366638158255
2014-04-22,0.00842262217250659,0.008148408235898701,0.009123346623268875,0.009801844989594534,0.009565090851076333,0.007210322311173017,0.00497293714344305,0.0045337244841253885
2014-04-23,0.00842732743959292,0.00797784700492605,0.008751371911764703,0.00935939762884546,0.00905089326156642,0.006201399256825385,0.0023261768639907033,-0.0023443592219639232
2014-04-24,0.00838753199855536,0.007756097051588739,0.008389209462252953,0.009029916793806724,0.00901956761151981,0.0052317626635106146,0.006084434432673818,0.002024979214687397
2014-04-25,0.008340103890289946,0.00753615627720383,0.007997929518332116,0.008644914399105261,0.00857506449253313,0.005491738415883335,0.005361745999946082,-0.008232557260290199
2014-04-28,0.008389149161825676,0.007579744869783532,0.008219447203860468,0.009106847940774767,0.009504100064518753,0.005289482325579362,0.012095427057213266,0.0031620996505985627
2014-04-29,0.008391084115992473,0.0073895407709524226,0.007871372078320454,0.008716033997467775,0.009011472283575734,0.0055727015651981715,0.004100266112891898,0.004644790918006753
2014-04-30,0.008384246054892387,0.007254201472081811,0.007609831091688919,0.00832183024124095,0.008508504662117927,0.006252781147080382,0.004736025364039687,0.002977954521593143
2014-05-01,0.00822459610998004,0.007070935259614622,0.007306027869205728,0.007987800218257212,0.008088158590121707,0.006567381462145435,0.004855392771555496,0.00010646477565362061
2014-05-02,0.00809779774167842,0.006855575687265725,0.006995730978302017,0.007681296223824589,0.00776098346052794,0.006096602489820521,0.005887489883661577,-0.0014344525627508545
2014-05-05,0.008066881796436146,0.006656007975722846,0.006752934195942429,0.007441203779770031,0.0076791675598950745,0.006019395507343041,0.006915101316131961,0.0019122126989233278
2014-05-06,0.008075381873076713,0.006470215536353359,0.006500509571101805,0.007178577672346043,0.007327371896030579,0.005879849459692337,0.0038996005812357926,-0.008742037990683326
2014-05-07,0.00787115274909373,0.006628518796495135,0.007055967451109524,0.008005496271849395,0.008438799032819392,0.005897169157147797,0.008472578711162472,0.005871848249345957
2014-05-08,0.007526762265236102,0.006585570731619302,0.006981457903047345,0.007696654923844509,0.007987043992058898,0.00588567781097935,0.00865950402151235,-0.0010655185281131753
2014-05-09,0.0075011804815205176,0.006390279894771143,0.0067269898561653696,0.007439761986058046,0.007835931930973034,0.006145039486275016,0.005248700860274208,0.0014912888448985627
2014-05-12,0.0071460763037503785,0.006206365526670214,0.006470265393485202,0.0071772563033255165,0.007479127637824663,0.0060169357711402326,0.0072958653982086565,0.009688915458723104
2014-05-13,0.005501381604860098,0.0064684109048188205,0.0069303973812835816,0.006936896979756337,0.007043347571295374,0.005955668865261312,0.0028102865192277736,0.0008954709481439479
2014-05-14,0.0049286980427636845,0.0062751917380031086,0.006650488350103653,0.006717227229375518,0.006745364942107179,0.005891820882744038,0.0038485516403988164,-0.0047492932849443024
2014-05-15,0.004969145991109444,0.006194247062409228,0.0066708812098739585,0.0068927461396338045,0.007241156618531025,0.005743794555653768,0.0085429167609681,-0.008818800256699993
2014-05-16,0.00530069186800378,0.006382229167619238,0.00720494937772124,0.007797539723589435,0.008373335637928902,0.006259155273194343,0.005858045171683407,0.0034627059320141945
2014-05-19,0.004870325846898655,0.00624566234609473,0.006959025463013393,0.007505526391686335,0.007956046338362508,0.0055990130648754105,0.004447786088650866,0.003662541384805971
2014-05-20,0.004916334219642852,0.006121491061552323,0.006747113230265939,0.007237540707198057,0.007564099579775007,0.005405946811842927,0.005613941915693559,-0.006325357251567131
2014-05-21,0.005091265628942283,0.006133914110033027,0.006924567543104315,0.007583234905572222,0.008252868768860108,0.005475902432399193,0.0031289143677427802,0.008389712918311322
2014-05-22,0.005322332483942284,0.006292109752841834,0.007130394723373691,0.007308807385747227,0.007782296943957235,0.005719191676097405,0.004628267706436819,0.0024288216960096417
2014-05-23,0.005305054844162215,0.00612936839512517,0.006854418128355384,0.007057293885694027,0.007417257024770786,0.005269340224448921,0.0031468335302805217,0.00400068228887278
2014-05-27,0.005350024307725363,0.006022900881996961,0.006671084762431925,0.00682720894525969,0.007056312166080838,0.005673886118959355,0.0020885502454038238,0.006127627528146219
2014-05-28,0.005070409729113356,0.006029235779078465,0.0066670676831955345,0.006617122702938902,0.006691902198169857,0.005609006981969682,0.0032388339620761566,-0.0007309200598081235
2014-05-29,0.0050708005245018286,0.005848302119672555,0.006433062744576442,0.006443955269241103,0.006576500160875028,0.0058138940417572435,0.00411445028502289,0.005159217078743604
2014-05-30,0.005089820354518628,0.005809262489673237,0.006303079352585593,0.0061895410013863405,0.006164091183391233,0.005578399521379212,0.0027426520901597594,0.001610373024895696
2014-06-02,0.005074089128036703,0.005646085095909176,0.006078658194748136,0.006025129357146932,0.005896819057416951,0.004720204662171883,0.004377088613382834,0.0011410489729561902
2014-06-03,0.005069057257690326,0.005481213356653245,0.00587149263905078,0.005876669366308636,0.005651382885348025,0.0050617938198417745,0.002416224224125909,-0.0005185589569680372
2014-06-04,0.005049686860988825,0.005315751317828534,0.005703149909942642,0.0057575660401669275,0.005564853668008553,0.004005307177350079,0.0034854444109298404,0.0020207352147333037
2014-06-05,0.005050523388499872,0.005177526590670476,0.005547907156553681,0.005635726986756854,0.005330488217361392,0.004909473262000765,0.007355466071949856,0.006500761569807346
2014-06-06,0.004629445662533075,0.005266305038689166,0.005731020591414007,0.0055263061153840234,0.005062491787527935,0.005427973321324999,0.0019946302709213794,0.0047716014975041
2014-06-09,0.004588486611677439,0.005237940576786886,0.005718506798308155,0.005428208590803451,0.004828861395805191,0.0034476338337711674,0.003619706390128687,0.0010232600462522113
2014-06-10,0.004544234691618152,0.005084553457692116,0.005547292921540287,0.005340407682826849,0.0046491006961439955,0.006819470495352069,0.002890894421477288,0.00010212501315323447
2014-06-11,0.004561529336083614,0.004929720945791944,0.005399472832147855,0.0052636444777027,0.00452986064604734,0.006453072174508961,0.0027151689718017805,-0.0034826244903724234
2014-06-12,0.004336606515074419,0.004855073643893935,0.005465021557429568,0.005475678696944419,0.004984809339339206,0.006210990156132714,0.005775794814568593,-0.0071051456327331525
2014-06-13,0.004706796609626664,0.0050186075110648315,0.005973253833026676,0.006342122829972663,0.006043121722821584,0.006518514129956,0.004279392586178977,0.0030439241434808235
2014-06-16,0.004544440575792498,0.004922516076214001,0.005824724863740313,0.006163160312220599,0.00576815224740601,0.006665963076459837,0.004166942636429116,0.0008241537795368711
2014-06-17,0.0039192804928412485,0.004776824093107226,0.005642239745645524,0.006001288630263799,0.00553411679005258,0.0066448461457454255,0.003895400688422034,0.002775243091207736
2014-06-18,0.003906842260171338,0.00468092768203249,0.005518453226770471,0.005855166442984641,0.0052935442830660965,0.007087339982825567,0.006422298396024809,0.007312834641122317
2014-06-19,0.004076663939768437,0.004879044164163396,0.005806309539488047,0.005723516843660111,0.005019138147638171,0.00792919197548736,0.003365953977158281,0.001120437198157664
2014-06-20,0.003628249689355277,0.004738363684797358,0.005626530183221178,0.005605128633047067,0.004827201813974509,0.006760364711544631,0.0016548185746481983,0.0020280494259068645
2014-06-23,0.0033411434873402454,0.0046207947426040565,0.005479627047992988,0.0054988575181161015,0.004636722881028995,0.0056362483300973305,0.002200528777699797,-0.0003060311484922025
2014-06-24,0.0033731411155533317,0.004480653826609627,0.0053474407252882905,0.005412864780686006,0.004579332983205321,0.005711435830725639,0.007963918554574241,-0.00604228105296795
2014-06-25,0.0037353210453889172,0.004589360828095797,0.005721196528191478,0.006054854917599472,0.005479105616296586,0.006797176996248567,0.004352689177564291,0.004509481677068088
2014-06-26,0.0036464657686267896,0.0045846073268690415,0.0056895056766652205,0.005903489011381955,0.005223344258853465,0.006624944226621881,0.006332052989122713,-0.0007161366099046917
2014-06-27,0.0036460703755366265,0.0044484017331766655,0.005546468784525276,0.0057886012249457166,0.005193077290331335,0.007365953222619828,0.0027909028341872553,0.001942716098716439
2014-06-30,0.0035386121314897557,0.004339058659589444,0.005261905554097882,0.005562424009925929,0.004898496650894321,0.006580878235850223,0.0027006096042349547,-0.0005111455704758137
2014-07-01,0.0035527917090931063,0.0042087362041270384,0.0051391389357110275,0.005460850309940651,0.00485168770785905,0.006667933494887225,0.00550136438312828,0.0066709861708908825
2014-07-02,0.00376449479458986,0.0043955404900088155,0.00539281275578405,0.0053523304297875595,0.004606483799684126,0.007237630919269862,0.002076355589750448,0.001014577568387074
2014-07-03,0.0037435666049609527,0.004268874756406537,0.005233306786624916,0.005255227402980136,0.004426278119522041,0.0056362483300973305,0.002259233563035032,0.00490593966389921
2014-07-07,0.003823077846190797,0.004309755077017839,0.005277595724220185,0.005168489088454536,0.0042221441438054915,0.005473202579869287,0.0029684857617929402,-0.0034872581865040856
2014-07-08,0.0037839814732272443,0.004264880733855118,0.005349563139688492,0.005394276860749843,0.004711105516713698,0.00623448825068726,0.005141489603693484,-0.0064507681986142795
2014-07-09,0.004006339547838093,0.004426578795718342,0.005783558836702736,0.006145633525897005,0.005701894416526841,0.006769765294070819,0.0039018935428824335,0.0044739839841127435
2014-07-10,0.004101238708834313,0.004429437414167503,0.005719944616224976,0.005968581605024792,0.005422870227020822,0.004750421412646111,0.006355255284865853,-0.00396466659920239
2014-07-11,0.0042202656967993205,0.00440293489984069,0.005776431365343731,0.006143005927704436,0.005905956552782972,0.0043370590724539785,0.0038227720039600618,0.0013740803692963814
2014-07-14,0.004128507059739073,0.004282052241621787,0.005579522194954859,0.005966206769344197,0.00564118280822962,0.004451209921577509,0.0017564075977494556,0.005022924554235088
2014-07-15,0.003828453234332537,0.004330080759135071,0.005587056376530932,0.0058065813059499025,0.005361205418748509,0.003094693866654084,0.007067335540149418,-0.001874235587222554
2014-07-16,0.0038613460874433914,0.004223196533430398,0.005491102356411704,0.005759866022854592,0.005500854343757382,0.005101175836471488,0.0034667947343087167,0.00369437956295518
2014-07-17,0.0039060172974656054,0.004193348547842246,0.005409153871923637,0.005620724210935941,0.005241581889081316,0.004087742310198293,0.009438560844953247,-0.011431015167063057
2014-07-18,0.004744896333387261,0.004936517819885468,0.006764645861721788,0.007688083762831896,0.00717987400113245,0.006389150712494939,0.0048909455829365235,0.010167430168316343
2014-07-21,0.0049863167478446345,0.005395336307269393,0.007224381712709946,0.0073725074657491705,0.006752081375096165,0.006815254057478189,0.004395778069289043,-0.0018731917774844698
2014-07-22,0.005012760852496468,0.005251057558486776,0.006953373052091904,0.007161718896221139,0.0067958092013619045,0.006468615646543446,0.002792289318630775,0.004348336877175189
2014-07-23,0.005074803568772308,0.005201314369410172,0.006748158951904854,0.0068915004548531665,0.00644543252164819,0.005027407102239531,0.00308180802182032,0.0022177474876489776
2014-07-24,0.005083490896396282,0.005072036586461612,0.0064709550806004434,0.0066452588097075105,0.006137532231877351,0.005845966186352654,0.0024505074462823524,5.003744844925376e-05
2014-07-25,0.004849974789710423,0.004917537193668767,0.006210193426348427,0.006423935375098926,0.005924760211314847,0.004922389292482631,0.003642038788694621,-0.0046926572210288
2014-07-28,0.004927981559310556,0.004904335187942722,0.00627320865395506,0.006641891008279704,0.0064946017468204935,0.004565096561820086,0.00615626690913038,0.00040482056088757376
2014-07-29,0.0049200075810001695,0.00475596322512513,0.006026931089842322,0.006418314914826276,0.00620439682562925,0.00450193792361367,0.004561253743224182,-0.0043063959150844815
2014-07-30,0.005020878620003341,0.004730194263818923,0.006024467165642874,0.006528179369841256,0.0066158795739927655,0.004374665919606348,0.0069158869733350605,0.00015224321331568075
2014-07-31,0.00501777770903165,0.004586245107581752,0.0058051042210715146,0.006316864911263443,0.006359204973162618,0.006770942111268835,0.007353095364929269,-0.01994575605494783
2014-08-01,0.006478520742863693,0.00660618018311776,0.009050413116579295,0.010969536241840777,0.009926049913678918,0.006557007092030168,0.00939478674298823,-0.0030604242140667343
2014-08-04,0.006477389108031023,0.006448650354710782,0.008668677259392448,0.010521732676991202,0.009915047800389288,0.005509896734834543,0.008833835255683037,0.007194893576157017
2014-08-05,0.00660254448769154,0.006495842942051965,0.008494083360722424,0.009989570633138939,0.009328401875395468,0.00734906409445101,0.008936097074695285,-0.009743615824744251
2014-08-06,0.006854506308997517,0.0067350204124820845,0.008830554551637068,0.010529445228855547,0.010448063742207147,0.008455806495172986,0.006891623424989088,0.0003122952768477301
2014-08-07,0.006760853551463171,0.0065302926166867755,0.008364502277997536,0.009996893550737941,0.009895566065402846,0.007759522877941839,0.008447489475674455,-0.0054293109039350515
2014-08-08,0.006703414364950205,0.006469519562801852,0.008220091170988715,0.009858588953948581,0.010255855589051238,0.007977148272695049,0.007948866709158736,0.011502738488923048
2014-08-11,0.007246191389867525,0.006876204035348312,0.008607679783435643,0.009375545654003016,0.009608221449513558,0.007681779230327742,0.003994112365945838,0.002893908143173522
2014-08-12,0.007276077185450193,0.006704307069344568,0.008187165644466811,0.008928977503718719,0.009079945178327902,0.005944843401771721,0.005159848596235151,-0.0013946902449007926
2014-08-13,0.007158149186088478,0.006509038249696572,0.0078096870532685225,0.008556240479798366,0.008880497178746942,0.005914685964903464,0.004199941380904998,0.0067464134628453624
2014-08-14,0.007349598016856433,0.006523524344750459,0.007693303733881437,0.008173179372290047,0.008373129643444954,0.005597796961931449,0.002432867513301227,0.004710415613198506
2014-08-15,0.007382418240177832,0.006429173243808464,0.007436512879617446,0.007820659440577976,0.007918874135266896,0.005070664359345644,0.009498357834433173,-0.00020416629591590241
2014-08-18,0.006947384244420942,0.006233515341727472,0.0070936732087115316,0.0075024143183316915,0.00762590084106294,0.005800690786638169,0.002429343759495457,0.008344464011053246
2014-08-19,0.00682432054930909,0.006379899331692031,0.0072382056746746306,0.007204988479931158,0.007193539173239314,0.00497934789558868,0.004126463958489438,0.005205342758926597
2014-08-20,0.006905875387365402,0.006315588978697675,0.0070611292682189065,0.006932767462643601,0.006816791176192598,0.004743038076397498,0.0034107770329847315,0.0026681559295708293
2014-08-21,0.0068656683750354455,0.006157971067068026,0.0067699570421273,0.006684103842771567,0.006486531788561373,0.004471432727496675,0.0031006783673830757,0.002911508337002031
2014-08-22,0.006877659461108797,0.006012818311812028,0.006514294308253441,0.006457414294402227,0.006176045196202937,0.004411151052895122,0.003904359267368848,-0.0015550512549643229
2014-08-25,0.0068883866235404,0.005842074637673187,0.006298270257295735,0.0063146050756458134,0.0062052190146803235,0.005152318717923739,0.00595246136176187,0.005057419518065156
2014-08-26,0.006875702857152485,0.005797990638032975,0.006215741451315305,0.006121476936618127,0.005895060355902023,0.0050952587751065676,0.0022261163310786465,0.0006493143994383301
2014-08-27,0.00687557424730188,0.005623610073943073,0.005973627001297625,0.005946376774677416,0.005641793256624742,0.004655728503154999,0.002517667030141669,-0.0003996139967888866
2014-08-28,0.006788333034135684,0.005453170850864161,0.0058897350467614715,0.005848350213224963,0.005590524196830117,0.005086061889757222,0.0030424261035356726,-0.0005493116077459328
2014-08-29,0.0067933594852798195,0.0052887571870464944,0.005725621032824373,0.005725753263798839,0.005517231975510854,0.0051300896030600646,0.0036364399320798,0.0028438014820176276
2014-09-02,0.004868134983074734,0.005174739398334116,0.005594670491427966,0.0055975163720994306,0.0052802979491904855,0.005383424298801464,0.0045182258068766495,-0.0004982254012208262
2014-09-03,0.004770217795556962,0.005018580066438748,0.005458440978178153,0.005498326282628997,0.0052183172403924,0.004515999769730587,0.003724756950043449,-0.0005486968587593726
2014-09-04,0.004643340900109601,0.004867549817395782,0.00533743937371906,0.005411051326878171,0.0051672213051526415,0.005170087435530012,0.007575711225518071,-0.0014470626304129363
2014-09-05,0.003928118373656596,0.004732557254457698,0.0052626095568381335,0.005379411566299326,0.00524929640783026,0.005167836327849365,0.006510602220737622,0.004485333459549936
2014-09-08,0.003944446995689611,0.0047180891525403015,0.005271925860175183,0.0052856721050213405,0.00501182253179419,0.0062422532741298374,0.004841562013029939,-0.0025896014641032168
2014-09-09,0.00371200221848449,0.004618127919494271,0.005270492799956685,0.005368961256658203,0.005274075622578672,0.006215605684674477,0.005511570935069533,-0.00635121833004204
2014-09-10,0.0035458316269435203,0.004740016625341673,0.0056547554078486785,0.006049043031196999,0.006118462047510189,0.006348681241194342,0.005449925698241113,0.0037557307368749787
2014-09-11,0.00356799117258742,0.0046867923950265795,0.005572667729901298,0.005889922370481622,0.0058362238182172186,0.006097161339379997,0.003324368261773458,0.001148795752903392
2014-09-12,0.0035068849865862095,0.0045527184711716545,0.0054210671761213735,0.005745856222951983,0.005597038549184096,0.005372483929004139,0.005421334998061405,-0.0058580760157991765
2014-09-15,0.0036638614631825943,0.004641404316098266,0.005715591060765107,0.00625060845458026,0.0063341413176134,0.006424808391243792,0.0038525370684399664,-0.0007539718649625764
2014-09-16,0.003583088801259576,0.004503796664854573,0.005574505621595533,0.006096381335076486,0.006244014849693047,0.0061887322180730125,0.006892014705252494,0.007510173650587569
2014-09-17,0.00386206649733906,0.004738279838736064,0.005830842320138907,0.005932833583043536,0.005917026429480206,0.006201677138154647,0.007949335079925166,0.0013460952749795017
2014-09-18,0.003494113192954605,0.004605750365545405,0.005655641349239425,0.005784680565542184,0.005670982648443278,0.006334254100993893,0.0025926589885835547,0.005315978476994067
2014-09-19,0.0035011465386022714,0.004651423209514501,0.005679547964101981,0.005650725693306995,0.0054004161538384774,0.0045950619329773075,0.005918851138014792,-0.0009014830975298684
2014-09-22,0.003493385844822631,0.004515125015775033,0.005546842059407538,0.005562244414667067,0.005389077330330985,0.006197617130979562,0.00526033193137658,-0.007752901722048154
2014-09-23,0.0038991931734718307,0.004771752485229833,0.006076648884545213,0.006512506185025932,0.00646231344207116,0.006004312954372758,0.00523131366471917,-0.005740618874442185
2014-09-24,0.004092281801615554,0.004835362114379374,0.006254382557695229,0.006861943190870067,0.007114254572029671,0.006117464701012382,0.007122387882086741,0.0077975482816451235
2014-09-25,0.004301951212266094,0.005062211840966364,0.006439118885216563,0.006629649060585668,0.006729600262336713,0.005402863250168674,0.006058371815686009,-0.016267561474603467
2014-09-26,0.005581556399529245,0.006321901832459204,0.008323275411936417,0.00968259996076521,0.009226967263585942,0.006117529944639172,0.00696684485598798,0.007914262743356895
2014-09-29,0.00589277943898022,0.006428576008631243,0.008292592545142334,0.009253772377001385,0.008750485935660078,0.006796681635881019,0.005931363060242275,-0.0018210332913845982
2014-09-30,0.005901565483754089,0.006248676969065062,0.007942194682147484,0.00887720573232472,0.008628186020130492,0.005903457840226846,0.006632082162298349,-0.002635560136010694
2014-10-01,0.005872004149662036,0.006092616569728674,0.007658324875829573,0.008581334418041932,0.008634425197819599,0.007533196898945119,0.00838092782223366,-0.013644716551352697
2014-10-02,0.006518877031254662,0.006787007842325951,0.008707013988675407,0.010256850086377545,0.01042800025494724,0.005640200073018784,0.011542329534936162,0.00015432452571903648
2014-10-03,0.006524663670390945,0.00658035682073857,0.008277388371156675,0.009748333862538124,0.00989672387247414,0.008739818116724024,0.0072012952271586946,0.010949218782369367
2014-10-06,0.007046241290586818,0.006920704707730101,0.008539043849013793,0.009276935833801464,0.009313545804027056,0.007672768832901843,0.00755880218367649,-0.001171022950651496
2014-10-07,0.006946980511081051,0.006716000455446596,0.008146908283475056,0.008870914187793268,0.009055044170700056,0.006676967139874687,0.00747439603203906,-0.015556945325147918
2014-10-08,0.007643022036921498,0.007544500994862672,0.00942455984972582,0.01098266170455262,0.011144065299234032,0.006945841229732705,0.015056171801297664,0.017338028252219622
2014-10-09,0.008588736933264823,0.008458177047466008,0.010423649927290753,0.01041964781983247,0.010434359766529813,0.008035411004613113,0.010577478281752994,-0.020032131297167823
2014-10-10,0.009527485094605239,0.009556437123045502,0.011975780358351593,0.013341963082571493,0.013172825930923435,0.007909794172117707,0.010887260577602663,-0.01147995251330739
2014-10-13,0.009744360276353522,0.009682629789472817,0.011982592270693405,0.013647817806360126,0.014151058986213175,0.008154927241344746,0.012055873002824638,-0.016563691112281943
2014-10-14,0.010216298463522146,0.010226899444962414,0.012640484768936484,0.014885232079541833,0.015855235251340836,0.008721832590137828,0.011876072994892137,0.001546629061145639
2014-10-15,0.010250111277092487,0.009922581700802317,0.011906026098238858,0.014048634202481878,0.014831882852857102,0.008985052456611213,0.02533232040150897,-0.006789562294837956
2014-10-16,0.010020297393616874,0.009762994382968798,0.011497024955873595,0.01364296934744364,0.014940044902673755,0.010062957024500867,0.016692606272830833,-0.0008581994961551708
2014-10-17,0.00998134748157007,0.009467908224369284,0.010860058169152394,0.012904807404926909,0.014183224388487715,0.010029588031478352,0.009330926433435648,0.011741575603996718
2014-10-20,0.010351676543492486,0.009619495040605665,0.010853102859546281,0.012204724617775234,0.013253542615764082,0.009566154117146744,0.006215642927130452,0.009662977113557706
2014-10-21,0.010711104626951178,0.009622109506126563,0.010644829005334,0.011553931193450608,0.012410748437648136,0.006962821809696171,0.007409499400395988,0.019617398893587358
2014-10-22,0.011666871048213397,0.010493828292288048,0.011770359130795905,0.010949576631074025,0.011589511737669485,0.00729616901491254,0.007389772903210857,-0.007136552918051431
2014-10-23,0.01169778887885634,0.01032322767100835,0.011399819807011071,0.010907391568032821,0.012033642083412682,0.007674522918358884,0.00813358662207315,0.011557902547012852
2014-10-24,0.011871455112622593,0.010401441940990628,0.011307014017377093,0.010349869562204857,0.011280839186238274,0.007118487119252341,0.007236738763264744,0.00766535623594746
2014-10-27,0.011486914046475663,0.010257877751178831,0.010898335202727627,0.009833387706411923,0.010606278232655985,0.007364491556244067,0.0057817319632050826,-0.0013751704376819744
2014-10-28,0.011345782640385034,0.009951084273816716,0.010341497315303231,0.009379397156470647,0.010217393491127422,0.006863698591815024,0.0039779513091725855,0.011404747444863415
2014-10-29,0.011627729493909009,0.010044238616639558,0.010371971348101807,0.008932463131605782,0.00959849820262109,0.005638204371565599,0.009554039211453577,-0.0015132074436082531
2014-10-30,0.011616573829946724,0.009745302121061061,0.009820599982490172,0.008565001263609158,0.00936303318472357,0.007273233867488984,0.008316871087935218,0.006390358021197876
2014-10-31,0.011233682918295181,0.00957720518540023,0.009463221817635738,0.008182427162468819,0.008835402852638901,0.007449342243833085,0.0042907710908223744,0.011370250658402706
2014-11-03,0.01144527583630219,0.009694144810944185,0.00961226261092296,0.00783097036722385,0.008323365209264452,0.005575194519594767,0.004637214873326301,0.0005455749461830961
2014-11-04,0.011250723417874682,0.009399772131277273,0.009091636996385698,0.007508691843103099,0.007903284292404812,0.00596345264871223,0.006313263068632079,-0.003475364770507256
2014-11-05,0.0112867522124447,0.00915309033988115,0.008732395045374054,0.007418819280499619,0.008092205021184538,0.0074591817819165615,0.004609747770813754,0.0062962124014247145
2014-11-06,0.01065979193627143,0.0090072668684821,0.008479936990161219,0.007131586486058367,0.007660629554766174,0.0061881426512859685,0.006028899407289275,0.003994910089153451
2014-11-07,0.010094163072264557,0.008787523169293907,0.008121208716953328,0.006869380360338355,0.007271929004971243,0.006417613075322029,0.0039837405386596875,0.000935262923526096
2014-11-10,0.008807545556784053,0.008522899309976151,0.007726017393420056,0.006630509951051537,0.006926323247453648,0.0058877155258845815,0.0030122494567539925,0.0031423951425586746
2014-11-11,0.008200013523186193,0.008299030227865845,0.0074050076967964226,0.00641335078111303,0.006594066711769403,0.005693260183061745,0.0026407002120448077,0.000980095943742154
2014-11-12,0.006866108237586785,0.008049789055819136,0.007073742027295835,0.006216343065201905,0.006295650884318538,0.004909954257560709,0.00308207619256114,-0.0010781038891856465
2014-11-13,0.006938064400819457,0.007809026577771844,0.006802984432067137,0.006076216321040617,0.006241751934550692,0.004726765241767659,0.006563801233585017,0.0011270108925285935
2014-11-14,0.00652795634903176,0.007576163378644821,0.006528252407859727,0.005911368655549599,0.005966610475218199,0.005115535771376303,0.003078898437779671,0.0002447712811500632
2014-11-17,0.006488417209940917,0.007345607614508708,0.00628248422821042,0.00576354634505995,0.00574211856517683,0.005094347128098573,0.0032805701518948656,0.0006363245197603635
2014-11-18,0.006308985650888166,0.0071235362486910606,0.006058124173694021,0.005629609331225959,0.005502683927752601,0.004231357225956352,0.00448105209600461,0.005757356281756612
2014-11-19,0.006185629213948356,0.007049036221111048,0.00607879299923523,0.005509273562065232,0.0052531511651618375,0.004383107382589586,0.005032891493778331,-0.0016069374356576902
2014-11-20,0.005086015510895538,0.006845619900569303,0.00593080035943925,0.005477899474572647,0.005349285502563248,0.00495950927574074,0.004022763646600434,0.001752673487017571
2014-11-21,0.004574037531486291,0.006650945269269016,0.005749534405073552,0.005373256838901398,0.00512966931687426,0.004360039784930494,0.006625247084371325,0.005336571146509483
2014-11-24,0.004182424438724378,0.00657949147673501,0.005775102424032209,0.005279628097371009,0.004905981482408255,0.005590788064294503,0.0018894998720031502,0.002802287865451167
2014-11-25,0.0040307014739308,0.006415878322079855,0.005639674720720372,0.005195993037579599,0.004708952916706216,0.003592956377869804,0.0036493529412109354,-0.0007239663296304352
2014-11-26,0.004001346441315524,0.006222952080797061,0.0053558927225991195,0.0050154057029580925,0.0045040362412952124,0.004747506726593828,0.0026391474894769283,0.0025557731563992606
2014-11-28,0.0034549127312608003,0.006065768148348645,0.005239571228112051,0.00494293653280935,0.0043196747420560285,0.004140296987798106,0.0036894855900480093,-0.002121473532384369
2014-12-01,0.003489668827897671,0.005903894446267322,0.005208647293257718,0.005018132373124189,0.004575829774516598,0.005001473731420819,0.00407285702817939,-0.0069742312726771985
2014-12-02,0.0038726915198420355,0.0059735253883610034,0.005745768547485201,0.005970863917188016,0.00570203401626663,0.004829157758950252,0.0043227159753951305,0.0064432260141418455
2014-12-03,0.0033601430389197866,0.006002743949197627,0.005869991694233245,0.005799710664308882,0.005422417678202678,0.004974937080455958,0.003635247451022337,0.003855780444465282
2014-12-04,0.0034020752441575744,0.005896014025984526,0.005756279904227507,0.005645370250372234,0.0051713587906658766,0.005125022745906106,0.00624173475275815,-0.0011067629582721785
2014-12-05,0.0032681908893628622,0.005722822552349328,0.005607110880185706,0.00555357332060175,0.00519972078788329,0.004444973953712892,0.0036282274702042457,0.0016359034043024038
2014-12-08,0.003081676089063757,0.005562933298596154,0.005438079103034702,0.005424014278373968,0.004971715982260248,0.004053505882216844,0.008141774598149113,-0.0067055276414371544
2014-12-09,0.0034756475180678487,0.0056380226434945046,0.005885341712966404,0.0062110986136906365,0.0060024238096862215,0.004611519606655031,0.007887433038353611,-0.0006776985116469378
2014-12-10,0.0034903975884874104,0.00546878577795882,0.005705918947684379,0.006040149127259367,0.005902263474884842,0.0052402995178748414,0.00752654540229486,-0.016161211171492034
2014-12-11,0.005026461821660464,0.006616966495597959,0.008025580797917974,0.009483517993851259,0.008833236019445995,0.005547349321974743,0.00994298745758065,0.005057141252244522
2014-12-12,0.0051511795076368974,0.006533886402926146,0.007745016378285972,0.009013111616124248,0.00831654922614819,0.007825856957543492,0.010370523075212008,-0.016293346416099416
2014-12-15,0.006261192874947034,0.007487226421103062,0.009413329583045726,0.011404485061476104,0.010846445297360941,0.00819175503709775,0.012601342027322826,-0.006893346409110475
2014-12-16,0.006386121431657971,0.007452928242977502,0.009269864822802905,0.011285964783415694,0.01134295560634328,0.008688540480515377,0.01859412452854463,-0.008052144127096336
2014-12-17,0.006552969920079423,0.007490233142825752,0.009267104666375862,0.011345221465677386,0.011985527049657335,0.011431531839841885,0.011464104126106107,0.01941530625213768
2014-12-18,0.007984022381798989,0.008680704118544188,0.010793502285215487,0.010734849151080379,0.011149081138190454,0.010227147768032175,0.03516968042346942,0.02442814577315998
2014-12-19,0.00960330799957148,0.010326538863964667,0.01294279500699224,0.010169556730490024,0.010370335287294623,0.01235254150022013,0.006879930124294431,0.004245974631388261
2014-12-22,0.009630575314834671,0.010065826277492466,0.012176443233612293,0.009646672330718982,0.009726713048074218,0.008973042163747077,0.00314570561536064,0.004589365673303648
2014-12-23,0.009667920649663778,0.009823713338994388,0.011486208603528352,0.009163674018167964,0.009136974379294813,0.00831497923555335,0.0029578844927282263,0.0013486424076664268
2014-12-24,0.009611250246178453,0.009530170686895248,0.010782804715751127,0.008718176117546914,0.008607621637668136,0.008458531461310662,0.00230378726133116,9.604666864459234e-05
2014-12-26,0.00959708232593749,0.00923987324695688,0.0101390264348828,0.008309948280382132,0.008184680329556434,0.00707953031048472,0.0023349586945932426,0.0032196252308106577
2014-12-29,0.00961298823869185,0.00899303627037343,0.009545472289017577,0.007879902346867751,0.00770205957814151,0.004820840847251184,0.002790709670394924,0.0013420176621299369
2014-12-30,0.009604077075386248,0.008725266755977438,0.008995689262951505,0.00751961391123953,0.007286154563939773,0.004444262133047909,0.0026730858023635714,-0.005380241984501953
2014-12-31,0.009674773307084689,0.00856150006680459,0.008761196484961785,0.007687387880833535,0.00788881403292744,0.004483288448717787,0.007153489965337018,-0.009972178805211755
2015-01-02,0.009809493869719181,0.008652628929848324,0.009078364476440417,0.008792388704518319,0.009284509666653052,0.004752602090813813,0.010330451678911058,-0.0005354950291597138
2015-01-05,0.009705470918870198,0.008390060396049873,0.008582846628584382,0.008365622744067321,0.008899099996566698,0.004595645300754772,0.00863278130441493,-0.01822483711254261
2015-01-06,0.010422653915135466,0.009278912000289975,0.010430631663832983,0.011750716751358872,0.011861494173138903,0.005853674850575007,0.013609962759018303,-0.009463564026486494
2015-01-07,0.010578384791796179,0.009290094621670027,0.010424444521018032,0.011986402720316078,0.012726350825109811,0.00972576325097572,0.006823485844311831,0.012384041608938214
2015-01-08,0.010993162826578471,0.009504176754938967,0.010558418283288589,0.011286351422498935,0.011788797991330782,0.007045679086549282,0.00562370124139878,0.017589511064062764
2015-01-09,0.011629178717352183,0.010172171214157873,0.011450765787344011,0.01064120325902388,0.010905659921319437,0.007119790653630034,0.008937420435861283,-0.008045563069712453
2015-01-12,0.011764118067950788,0.010057263459015916,0.011163822297609009,0.010794029892790246,0.011621676616445484,0.010407243625928876,0.008907315321502842,-0.0078644814033979
2015-01-13,0.01133461426088056,0.009939348039568635,0.01089409832817266,0.01089510364698171,0.01223174772085317,0.010509102450018251,0.018880666540940193,-0.0028166361475965448
2015-01-14,0.01129406653721242,0.009661221839697766,0.010304737322553926,0.010394485833461094,0.011937908776456318,0.010799731816141361,0.009501548614299317,-0.0060554989525594795
2015-01-15,0.010775167815974766,0.00948361740284628,0.009975295939438751,0.010276338359149232,0.012206345285969075,0.009026497697609054,0.008776455040930109,-0.00920324953888769
2015-01-16,0.01086321846944203,0.009467029482654888,0.010003184709787288,0.0106950520762946,0.01298829439862585,0.00968730241173141,0.008637947180857987,0.013028956192909925
2015-01-20,0.01104045148508596,0.00971763296078502,0.01028969735445572,0.010096996688261972,0.012021414577174018,0.009445828018403513,0.010393936347439075,0.002131041117922127
2015-01-21,0.010224741377774458,0.009436044039409725,0.0096828797423631,0.009547363660597056,0.011218247449157408,0.011172663100595084,0.00955776749401282,0.00503471472891548
2015-01-22,0.008701285629941893,0.009231332115732405,0.00922950005572693,0.00904305841551915,0.010470691475666833,0.008667036512044717,0.014036748137615348,0.014761625974345284
2015-01-23,0.009277471608596112,0.009652915578077086,0.009919017417991815,0.008581161728114494,0.009727092775227429,0.011610917087274528,0.00430445166763251,-0.005497542916198086
2015-01-26,0.009283827885459174,0.009455233000564327,0.009588180685965966,0.008615891263869796,0.010118722733886533,0.0058808400987222596,0.00638904779381713,0.0023386138014166867
2015-01-27,0.009296601025411565,0.009185068976332927,0.009046905732720066,0.008190630961783215,0.009488864609326039,0.007826192844244925,0.009661173622240516,-0.01327805960870513
2015-01-28,0.009700864644395448,0.009480610454624406,0.009823417700799307,0.010065758653958323,0.01133680054734457,0.01013895201001498,0.01054453021916623,-0.012907254921665235
2015-01-29,0.00997081167375887,0.009720333836528696,0.010365009914747658,0.011441754180223078,0.012921860716708611,0.010001175488252897,0.013748585680226508,0.009200965536534527
2015-01-30,0.010243707352802818,0.009689956785673533,0.010145144148504483,0.010758655047264296,0.011938443716591158,0.009489402780988653,0.011846564160117562,-0.012654471551691622
2015-02-02,0.010499127674396614,0.009892910884713441,0.010608262272343093,0.011878664942037898,0.013416158801534319,0.012573819731887228,0.01586203966568352,0.01230814374513248
2015-02-03,0.01076573999264547,0.010054199559067814,0.010703080678266913,0.011159783549769133,0.012360395108051146,0.013373987974150204,0.006644331857950386,0.014357217648369183
2015-02-04,0.011266115816009102,0.010362890280385317,0.011060171382727534,0.010499970357556693,0.01139926845221711,0.006994856830469212,0.007545597548075786,-0.003814940536632322
2015-02-05,0.010523725389530841,0.010090557543733083,0.010491643632748546,0.01010101297523246,0.0113349658379331,0.00762221985062668,0.004245136676543735,0.0100445019543151
2015-02-06,0.010456477481708007,0.010087800137859577,0.010340735669038613,0.00953021903658537,0.010506088363402668,0.006178779985093907,0.008598858786613484,-0.0027693321763651137
2015-02-09,0.010185595828959714,0.009803980873415594,0.00979110582285398,0.009138432067715653,0.010355244878174059,0.009786597660333839,0.006032162067240114,-0.00448591507802737
2015-02-10,0.009475910718082965,0.009568613512602402,0.009392890112862458,0.00896339504623065,0.010513776833124412,0.006198346691917321,0.009233716556790077,0.010596917861015
2015-02-11,0.00958607529562495,0.009633407640577126,0.009458721905683047,0.008491780440901125,0.009761422549556769,0.007230119586857269,0.0063831253642524285,0.0005802735571403539
2015-02-12,0.00938863728114422,0.009341016713796467,0.00890824329033889,0.008062678462157736,0.009149945025916659,0.006973869728041419,0.007181829910430788,0.009570623818933973
2015-02-13,0.009525308668204405,0.009354952061319834,0.008924105779474304,0.00767314012245164,0.008533539565310446,0.007728500727027745,0.003482799172329236,0.0041082393107332495
2015-02-17,0.009374695296934497,0.009125616592837546,0.008495377278031279,0.007320362947843218,0.008011139364057689,0.005870856794116624,0.004133050703887668,0.001571918981118903
2015-02-18,0.00901485113802645,0.008855987876261785,0.008037481186848315,0.007001677122040392,0.007553016999949588,0.004911507009739006,0.0030626654656250485,9.523096321818208e-05
2015-02-19,0.008701825651089923,0.008586230495671969,0.007624781465688873,0.006717018902962993,0.0072019808011543765,0.0045964145548691784,0.0042087794444804925,-0.00071419013334188
2015-02-20,0.008721260935321336,0.008326497278574745,0.007268608424744865,0.006483368616904433,0.0070149388410300694,0.00451169565196976,0.00823287683429984,0.0059826360216864915
2015-02-23,0.008741103154228422,0.008204769316707492,0.007146947028334434,0.00624930077528146,0.006612072109824511,0.005498373303090419,0.002707299560751059,-0.00014201193779005735
2015-02-24,0.00823283821778727,0.007954895047163736,0.006827522706353653,0.006047217729662821,0.0063799783205718075,0.004423617899393974,0.004452890714384636,0.002836674981098097
2015-02-25,0.008095272867889056,0.007743793475784978,0.006567082752957299,0.005859844500060315,0.006051562705790232,0.0051950367379552925,0.003981482243105016,-0.0008499924863561568
2015-02-26,0.008109890579171207,0.007510772688977154,0.006327664542585249,0.005727821113899858,0.005983991552526847,0.005091891602978544,0.004121830875140037,-0.0011818950958054255
2015-02-27,0.007414130213998529,0.007287716827882745,0.006127470866585524,0.00563110542706302,0.005978450044355583,0.005118193095808259,0.0032342332692415227,-0.003412386566401536
2015-03-02,0.006717151075158619,0.007114972276426274,0.006007686824620086,0.005718835984232654,0.006281499220529079,0.005247067410517475,0.0031878244929701752,0.006294153174135073
2015-03-03,0.006599774953970072,0.007068411597765376,0.006094187374245823,0.005561703118218261,0.005910450729591228,0.00489516190597527,0.007622082198607946,-0.004112710864493945
2015-03-04,0.0058529285770382335,0.0069267279002278,0.00612924963842152,0.005864458570059381,0.006479029644393069,0.005346866330069628,0.005605113324957102,-0.0042246964820376225
2015-03-05,0.005603621198156821,0.006794973838175319,0.00617010366190915,0.0061311586638941,0.007012053590138695,0.006813311851356239,0.0036931810549643857,0.0010934593385696129
2015-03-06,0.004825172225032859,0.006593414024108005,0.005939957340705974,0.005925118715131371,0.006638244463070358,0.004273171552999723,0.009055118673412502,-0.014163986383133254
2015-03-09,0.005802102127396788,0.0072733645996471905,0.007787549713383407,0.00911251489742014,0.009353285286314555,0.005885473319147058,0.0044229135294119575,0.004135762788503844
2015-03-10,0.005464637806118313,0.0071241837900213704,0.0074635695178257985,0.008598582341857067,0.008718624530990758,0.005695560369667054,0.004438492598059254,-0.016355038559771305
2015-03-11,0.00656604720840655,0.007984860184815978,0.00930708623734997,0.01150088678511632,0.011567249426755008,0.0057119477838427435,0.0034408559295917266,-0.0023441622330891017
2015-03-12,0.006511448290086003,0.00776287436683722,0.008818604385139995,0.010858029036215602,0.011220050943187286,0.005009053117700338,0.004579468152828395,0.01263361976751607
2015-03-13,0.006690360725211794,0.008137750686460653,0.009259494425979896,0.01018420988035008,0.01029181095168229,0.005402595887694841,0.01301358916731985,-0.00615111414853702
2015-03-16,0.0068244370474624064,0.008032420517937996,0.009044924691108663,0.010095820689001613,0.010774443188516176,0.005350559071644009,0.009197287307699985,0.013272173457311413
2015-03-17,0.00713175661084692,0.008439053733164018,0.009541793212858961,0.009490666579989452,0.00988632989099926,0.0069539605309284856,0.005653608006365457,-0.002976969671071096
2015-03-18,0.007091313426180275,0.00821439657807586,0.009059418175213206,0.009098225603561688,0.009834323574797283,0.005823259883251141,0.01498404276129377,0.011949714982270116
2015-03-19,0.007581368236805339,0.008485014658964332,0.00935367346012646,0.008585644660773856,0.0090595102686801,0.011255868962521991,0.0054474915584320945,-0.004572037033844638
2015-03-20,0.007648986231861931,0.008302406680920901,0.008993374181799439,0.008484052506001108,0.009386449132806264,0.006956431904457783,0.005507237652054945,0.00878837751731306
2015-03-23,0.007890763931901882,0.00833236425373284,0.00889831675285758,0.008030397404895208,0.008693987443156814,0.007318678052878914,0.004109468400765289,-0.001950540572942884
2015-03-24,0.007794900750981346,0.008092643135902728,0.0084356150353554,0.007713486034185195,0.00858469652637228,0.005594636589511823,0.005486317279257642,-0.005634800281310375
2015-03-25,0.007889086474949304,0.007966585153137098,0.008281497427474232,0.007912513143740566,0.00916385659949585,0.005434282267564631,0.008705954508446285,-0.014762297198127895
2015-03-26,0.008450663790829063,0.008528423967885548,0.009547069579231605,0.010521292170909595,0.011566294166822595,0.005723360319720478,0.008996461258072633,-0.00238403178327559
2015-03-27,0.00845440801767686,0.008289209305239222,0.009035423607613384,0.009975914403220041,0.011226124113281145,0.00601185741620657,0.0036333781107430957,0.002287121211107711
2015-03-30,0.008489437162287247,0.00805618935091266,0.008513456979564906,0.009381711292056482,0.010417466190447096,0.006445806258602577,0.004831195410444846,0.012125651946378027
2015-03-31,0.008940723625527223,0.008356431161313727,0.008943762641064052,0.008791621228570655,0.009502424779683135,0.005896798327346414,0.006299639634936729,-0.00877756680516853
2015-04-01,0.008986712824907457,0.008382295985569848,0.009069577635370094,0.009421179933047126,0.010597303425210114,0.007082232065658449,0.007290002088625453,-0.0035429153989736326
2015-04-02,0.00897787039481389,0.008173141856212667,0.008668601102345188,0.009086014537938683,0.010585404860387775,0.006195852628132888,0.005636494852638481,0.0035912543259477223
2015-04-06,0.009000632396728226,0.007972832582695261,0.008223863149700472,0.008575115564843801,0.009831117179840733,0.005908923703089399,0.009636503862532654,0.006710422399752998
2015-04-07,0.009137583634290175,0.007902776850903254,0.008033716628589609,0.008114504930915818,0.009094648986072994,0.006203208601313666,0.005690108608792189,-0.0026496875777920754
2015-04-08,0.008599138393984839,0.0076894668016356214,0.007699603606022345,0.00784622214038633,0.00908880530509207,0.005665623520181355,0.005487071329346148,0.003371144883961065
2015-04-09,0.00858307329158522,0.007500806808708539,0.00735332062270983,0.007459728895497022,0.008494886280516699,0.005280197046035294,0.006869613545465067,0.00441374030497183
2015-04-10,0.0077447979188847325,0.007352227065553555,0.007101462319923582,0.007113899881468587,0.007939297531973056,0.006499820606455434,0.0033764546512835567,0.005442368543512284
2015-04-13,0.00775733311471173,0.00725183361473879,0.006954932158862856,0.006805411885694942,0.007416915856824458,0.0056268622743410705,0.0056939281302497945,-0.004533160000005705
2015-04-14,0.007420968173753833,0.0071180557531142765,0.006904045479194421,0.006960718293480056,0.007931918050387904,0.006280296400552675,0.005971073167105011,0.0019111258505762594
2015-04-15,0.00725731959603915,0.006917070099628967,0.006603821945912997,0.006669092604388458,0.0074811610520470395,0.006095180396983018,0.004074634269640946,0.004477104282298311
2015-04-16,0.006753066533783559,0.006795423092248536,0.006452512250979262,0.006410176517720126,0.007021255661709818,0.004791099409479463,0.004526187248607767,-0.00028517821935612785
2015-04-17,0.006706513957549413,0.006588777435876286,0.006208305973652635,0.006192328089501828,0.006807616697394099,0.005418821718013277,0.008115456433159345,-0.011570215304796867
2015-04-20,0.006708443377085344,0.0069885235740822305,0.007399424274872693,0.00832077412065279,0.008871084658630493,0.006094843549197706,0.004286798171019546,0.009095666030791417
2015-04-21,0.006938358645536834,0.007132528476872312,0.00759920686911655,0.00788568173294215,0.008185264663526134,0.004897209887653846,0.0051927354132097385,-0.0011925771954008327
2015-04-22,0.006663633276685832,0.00692141019930261,0.007248209037115578,0.007538544648818764,0.008017115560488739,0.005816033561531135,0.007376806720038174,0.004902108615345292
2015-04-23,0.006740131839229236,0.006817140465824959,0.007041619751902287,0.007184336537420476,0.007498102544453783,0.006285607266902413,0.006712773900946246,0.002513525279045261
2015-04-24,0.006624455727054193,0.006638077164559389,0.006740226421410053,0.006868163660075743,0.007076158383091019,0.006836000733721499,0.003360886033480278,0.002317436406361798
2015-04-27,0.005626257280672421,0.006460840117657919,0.006468555069928727,0.006586830053053832,0.006697031707153776,0.005354512492768395,0.00536538781775863,-0.0041660870013667545
2015-04-28,0.005698275705697328,0.006346596298691065,0.006455324987407097,0.006718801488622683,0.007217024483234147,0.0058390166898958824,0.008178593138865544,0.003173408788190773
2015-04-29,0.005709541358313975,0.006202157600711511,0.006249220797626614,0.0064542505450028405,0.006807740232763808,0.006516002811433475,0.006603203060592369,-0.004122755351151866
2015-04-30,0.005251949685155775,0.006097424052085178,0.006227584453651732,0.0065742520451872455,0.007317075598420542,0.006639102359198381,0.009607480307429937,-0.010071110413932645
2015-05-01,0.005372738177168593,0.006405739704738819,0.00714312066167934,0.008180598860510155,0.009071627234611142,0.0061057198876125355,0.0036808997485168167,0.010783270104340593
2015-05-04,0.005735539101839908,0.0067489425796612955,0.0076522624407243,0.0077334415162257164,0.00825314057133542,0.0057379062449482,0.0035818505007486935,0.0028428834233515665
2015-05-05,0.005721909277475701,0.006580292664956276,0.007276207009206832,0.007335860699208335,0.0077292600939552255,0.005524200148401601,0.007814478451454155,-0.011517813837802563
2015-05-06,0.006193433276916263,0.0069758037959238295,0.008197188272538309,0.00915223889212548,0.00975378654133833,0.006383721236954726,0.011412812412413173,-0.004125285425061661
2015-05-07,0.006236134343022858,0.006838362894258052,0.00792940858414263,0.00889717411253197,0.009957394595810054,0.0072371170127492794,0.006591453548362636,0.0039821451628160275
2015-05-08,0.006253197430102641,0.00670140757266828,0.007569807099343807,0.008373128787704473,0.009218841491020058,0.0069759843246977185,0.0033724358865345624,0.013079890886899778
2015-05-11,0.00680643438483677,0.0072442628599814814,0.008382180074923149,0.007905025839104995,0.008325348907241067,0.005851774473227318,0.004223372464562356,-0.004784352022323334
2015-05-12,0.006809704118398126,0.0071206730846070454,0.0081450261025841,0.007926563784902276,0.00882542370753944,0.005269250206551187,0.007823071242314478,-0.0029958252286069477
2015-05-13,0.006765195883568425,0.0069426395697312305,0.007803217498023412,0.007701574595516678,0.008924615902353562,0.005698239295119448,0.005601346519823256,0.00019051007448414825
2015-05-14,0.006753874553738352,0.006731300557009379,0.007380545858392291,0.007309104088557762,0.0084351945781964,0.005999964105644326,0.004388779354589397,0.01037362813457963
2015-05-15,0.007059707874614,0.007003464314033421,0.007774736075037235,0.006959934939737683,0.007694688701359685,0.00519673153053478,0.0029215568573053067,0.0010831138596558755
2015-05-18,0.007059371411782134,0.0067952917370810465,0.007351575585691303,0.006651760868443244,0.007275023919992765,0.004671211082821507,0.003817982426758834,0.0031021073617591042
2015-05-19,0.006513501413323591,0.006631954056652702,0.007020810082045841,0.0063807683096132085,0.006843004331263063,0.0054851364947089655,0.0033376467244360854,-0.0003284459769690719
2015-05-20,0.006259467626444505,0.006430421318900211,0.006697425623189605,0.00615667146976277,0.006659477988534605,0.004311014458353446,0.004878778862918711,-0.0007044347809688501
2015-05-21,0.006252927894383662,0.006236912131807748,0.006423570415354104,0.005976898332237198,0.006561941383368386,0.004425524988146798,0.003984942026051263,0.0029081637586997615
2015-05-22,0.006201484951506818,0.006088725116996341,0.006200867123318861,0.005791263681701353,0.00620328169297825,0.004422578007469181,0.0024367126303106125,-0.0023915469625914107
2015-05-26,0.006219914348455925,0.005932233049179575,0.0060761095780465044,0.005806749105082978,0.0064670532877676955,0.004260981249676033,0.008835227278712348,-0.010810064229602729
2015-05-27,0.006662640607611056,0.006331773442857844,0.007181725801872537,0.007927246544587796,0.008534932649702724,0.005226000898185145,0.007094698183797278,0.009447263172942203
2015-05-28,0.006916348950452699,0.006560557942988454,0.00747629627894059,0.00750801046825067,0.007808044421692132,0.005824253155010222,0.003715234733407172,-0.0011285836085848959
2015-05-29,0.0068948313187837985,0.006366701449699392,0.007122264654712298,0.007180546690346995,0.00767260836237248,0.005265541092283023,0.0046316962907683255,-0.0062322959474837795
2015-06-01,0.006976293398201298,0.006358717235044302,0.007227083230706718,0.007588665717134097,0.00850544749979776,0.005989428765343454,0.006603089287318669,0.002034528306824081
2015-06-02,0.0065802372287737405,0.006185114882410074,0.0068735442849406254,0.007201014707392998,0.007976652176092143,0.007487932076258348,0.0074231855402748055,-0.0009933137560525882
2015-06-03,0.0061672656789731875,0.006001625419431951,0.00658359657659294,0.006897710475530916,0.007798747388607653,0.007047798275823137,0.00521842914995022,0.002646127868159554
2015-06-04,0.006163109210395085,0.005854780677048498,0.006328531402506859,0.006592646304508305,0.007326459271788006,0.006353062223156372,0.007612979593353096,-0.008482422439944149
2015-06-05,0.005906400382852055,0.006044736453869609,0.006933701504372853,0.007722583745067364,0.008712314778154685,0.007509440587520669,0.006274764269666637,-0.0017148244126765281
2015-06-08,0.005839561197470688,0.005875623016745918,0.006666897057937155,0.007399370050733798,0.008585373024885578,0.007281750370043379,0.003963356233902146,-0.006168513366047133
2015-06-09,0.0059468561007511335,0.005893606918827015,0.006848108894551771,0.007763760012871001,0.009322690291654365,0.005026091990276781,0.0055937651380450395,-0.00014369263071149535
2015-06-10,0.005126197773251548,0.005714172312518601,0.00653764164574562,0.007362289907630829,0.008848023919582722,0.005589084774358999,0.006238885119087219,0.011921907587181634
2015-06-11,0.005725047367393056,0.006262633003391055,0.0074036108958761716,0.007001222414625069,0.008012265583026638,0.006393559795691537,0.0034381807929541324,0.003218118682788682
2015-06-12,0.005718877242042969,0.006122802877640591,0.007066782862187503,0.006683498711665617,0.007502155723282618,0.0049132938743305585,0.006723314689753242,-0.007684422900687751
2015-06-15,0.005983487999256497,0.006227552769164958,0.007383201064424825,0.007570354381349036,0.008691425367431062,0.005331869625174025,0.006372016450649638,-0.004294651468551038
2015-06-16,0.0055523071986482665,0.00612879356458918,0.007237519175284671,0.007562535444875581,0.00904862319632994,0.005325188528116436,0.004518472790931701,0.005436917468511362
2015-06-17,0.005701528317188797,0.0060894981909409415,0.007062436111546715,0.007177931270717387,0.008367437998021884,0.006328989678667083,0.007703861349654892,0.0016157984370219545
2015-06-18,0.005663763130487021,0.005917238984507012,0.006721304912804685,0.0068388422759767704,0.007864915150326595,0.0062930548520762734,0.009291247639899285,0.010345521211305438
2015-06-19,0.006144532019835802,0.006271736818122844,0.007259398007975396,0.006541027397315325,0.007174292893091991,0.006866670332503806,0.004092051646630633,-0.004449023516580516
2015-06-22,0.006218185083360071,0.006177558609023064,0.007146586421030844,0.006736497756995762,0.007736596157510395,0.005451425921040404,0.003702087179699144,0.005110111393424224
2015-06-23,0.006291951263522888,0.006118765468052548,0.006958115087668819,0.006451374903822572,0.007202208500367224,0.005199973431997442,0.003375317072073739,0.0007075716748101181
2015-06-24,0.006272554375443195,0.005934894511476173,0.00662447393232043,0.006202243447976042,0.0068440924405684875,0.004859643587052061,0.005157380778561337,-0.00728920153612356
2015-06-25,0.006010221785947268,0.006024744146655737,0.00697174155272659,0.007111445035103998,0.008035371226729142,0.0059432741098816005,0.003931480251860718,-0.0030451409900269116
2015-06-26,0.00565548182921782,0.005888638427484857,0.006781929721315876,0.007000677052968974,0.008229676870368588,0.004393458779920312,0.0053523152344598784,-0.00019042836129997163
2015-06-29,0.005653218549817248,0.005709437323897995,0.006480681017073319,0.00669123203401501,0.007881852017815803,0.005584764472217864,0.01535493532782791,-0.0211932546049997
2015-06-30,0.0071691335677552415,0.007588877158534641,0.010089712984662316,0.01264779647130497,0.012504787448911455,0.0054512298665224295,0.006498435905559794,0.0020910301835432407
2015-07-01,0.00717037011494038,0.00737549575075455,0.009405483253654638,0.011698351752754783,0.011463554752260033,0.006498109029635032,0.005807204112200552,0.007983256310397886
2015-07-02,0.007437996953258158,0.007413366589767767,0.009152582568138857,0.010845688213359982,0.010395965441952397,0.006335574800300646,0.005172487142466061,-0.0009157043932325489
2015-07-06,0.007399668908092329,0.007191024601179932,0.008583643159734457,0.01010595837106278,0.0099060227868366,0.006278385912998585,0.007795760156073462,-0.0028504351363014737
2015-07-07,0.007207493176552554,0.0070068312063203166,0.008164763891161083,0.00956796278300355,0.009834049237821166,0.006876707474002553,0.015854648971214465,0.0062693055972044736
2015-07-08,0.007352001771197744,0.006964782415905089,0.007928256561049707,0.008941661670128569,0.009014288326503498,0.0079094033960515,0.007568776498028409,-0.016919663003799244
2015-07-09,0.008124498887351683,0.007923017242476169,0.009841843059167322,0.012115899699588846,0.01217035479776448,0.008510587828269446,0.007081488573434357,0.0018075000906070833
2015-07-10,0.008142074837135457,0.007694398838489779,0.009180157459203907,0.011220425517821417,0.011180858645889032,0.007571499709745123,0.012114866771686187,0.01251266027873887
2015-07-13,0.00818834307441368,0.008065081965589405,0.009556578673731742,0.010417300003493037,0.010026380253776676,0.012060605076809283,0.0026522548498907035,0.010976891886370379
2015-07-14,0.008534984559966477,0.0082687570779458,0.009635969658666144,0.00969891328820256,0.009055082986628172,0.0061241744588922615,0.004388975236740225,0.004328508126642102
2015-07-15,0.008409164919411743,0.008086665688241257,0.00907691134726036,0.009058224002416999,0.008380436618637155,0.0059176157253964315,0.004848817640934781,-0.00033208443777260594
2015-07-16,0.00834315993304442,0.007840735235971457,0.008503440975453552,0.008498300725949344,0.008024794335613037,0.006281805332497746,0.002391117906000913,0.007992371014126282
2015-07-17,0.00843579503048507,0.007849915984506768,0.008387886518382136,0.007992683974661663,0.00736435499653891,0.00500406885417133,0.002849156764614692,0.0008471119885580678
2015-07-20,0.008433258569539187,0.007613604010536371,0.007881764846150234,0.007546462595963997,0.006974425208548533,0.0051454716920220946,0.0037304730430683724,0.0005179180429320326
2015-07-21,0.008136154866659735,0.007382753037549871,0.007435802715219177,0.007154224848198494,0.006634454038803398,0.005139062628043972,0.004719272199546496,-0.003959214398586877
2015-07-22,0.00812288670632697,0.007223244602523398,0.007252700695592824,0.00716604543447053,0.007172924911075204,0.005068411603584686,0.0030917386465231624,-0.001796217245069383
2015-07-23,0.00805417284861718,0.007017002965376278,0.006947820506329986,0.0069158597150144165,0.007223592845380724,0.00489423723326841,0.005825240175371834,-0.005645865759332973
2015-07-24,0.008140516300408364,0.006942375586892286,0.007017214446110828,0.00728437221365798,0.008041580475050806,0.004819316651257664,0.007498047984936295,-0.010426187819490512
2015-07-27,0.00830009688270245,0.007199104639394185,0.007814802671913377,0.008830729647245648,0.009799400735071004,0.005432883425832498,0.005127566070294553,-0.005834172161433392
2015-07-28,0.008363769710595383,0.007124586657551771,0.007759103081404731,0.008872897423997569,0.010319718395324216,0.006025195882885223,0.009285201654731562,0.01220821753915221
2015-07-29,0.008826489369457527,0.007527056892803632,0.008390921435434691,0.008324320817979299,0.009279727957656594,0.00650036879727162,0.005138739914034491,0.006855285773210599
2015-07-30,0.007499206148143668,0.007488450234954862,0.008156219411875935,0.0077724228342355975,0.008452752104810241,0.0060938605414694825,0.005865410963583231,0.00023736839361217113
2015-07-31,0.007499403594088898,0.007260554684827389,0.007681126735909807,0.007348385912374371,0.008020288714470775,0.00585216538201276,0.003943604101404507,-0.0015190569137502636
2015-08-03,0.007350804551925946,0.007049196202824798,0.007307481387076835,0.007043257897017873,0.007956104615923457,0.005099589681628412,0.0070445553311810055,-0.003378697219267523
2015-08-04,0.0073971004897055385,0.006884375990134004,0.0070923903672671495,0.006974554484919095,0.008255053469617992,0.006769392371216174,0.005612750466932084,-0.0019560733856325793
2015-08-05,0.007378997819070462,0.006691825475348288,0.006815477116714413,0.00675500764923067,0.008247150826956488,0.005558678751929051,0.006064343761579418,0.003289891957385818
2015-08-06,0.007292861958429118,0.006537820726086441,0.0065605962596987895,0.0064574466749914745,0.007696336085611816,0.00542245811070599,0.00864095907027407,-0.008221763405479973
2015-08-07,0.006454894052596604,0.00665089147899739,0.007065642761175332,0.007565766703154989,0.009036406390184205,0.007311323907743292,0.005807846416626037,-0.0019214119800028784
2015-08-10,0.006479380090724593,0.006465431575485893,0.006790517278826323,0.007262075180030203,0.008933515617743505,0.005795774485174499,0.0031641306404961394,0.012520225290231876
2015-08-11,0.006480069649106689,0.006978471151258154,0.0077178829000446435,0.006899952069694411,0.007928124645047751,0.005179437666982179,0.006695896564343292,-0.009063917511705356
2015-08-12,0.006366233993499166,0.007120842090086377,0.008106643224841304,0.008124031105200371,0.009422734211554363,0.006435596869770255,0.01368945666761562,0.001197511170161124
2015-08-13,0.006289841514922557,0.00691014113660413,0.007635696128376865,0.007657558552577402,0.008831494640783073,0.007905621994245597,0.0060933867829640175,-0.0012452769854008996
2015-08-14,0.006292508535024636,0.006706570687195017,0.0072571014255545865,0.007294986902068388,0.008626594984488853,0.006753139912365816,0.0035523443747149347,0.003635482787464884
2015-08-17,0.006068312441591321,0.006562957341418581,0.006960338157849015,0.006928763143492521,0.008020496502994162,0.005687066054478733,0.00704306320828399,0.005571730284932393
2015-08-18,0.006212479080346948,0.006507742713371911,0.00684245735562164,0.006608771936285745,0.007397497836868675,0.007579829744357589,0.003731013318567988,-0.002901165842544799
2015-08-19,0.006231294218724327,0.00634938407286844,0.006658990960931394,0.006546379236131276,0.007665373404018597,0.005321836274199823,0.010191663922049806,-0.007936789274009775
2015-08-20,0.006397127377702337,0.006455645192953985,0.007096038656672029,0.007548691911530322,0.008946803826470515,0.0061602024314158016,0.01514153934165044,-0.021102334812843317
2015-08-21,0.007787075235927963,0.008117471628473465,0.010356071430982333,0.0129526441856185,0.013268883337634202,0.007507948746233597,0.022316821095986636,-0.030564827654990856
2015-08-24,0.010002398407415408,0.01086242451184288,0.014811728568719935,0.01962098262165107,0.018990817568735746,0.010651673134210561,0.06521363249387334,-0.04301938774751253
2015-08-25,0.013236998665653338,0.014898080199448716,0.02080983846803019,0.02826585442910956,0.026389850805386264,0.012052791937945504,0.02001128025130008,-0.011837456519842375
2015-08-26,0.013333186216070004,0.01473238434955466,0.01960749373523801,0.026570820272561232,0.025510898315870712,0.012052791937945504,0.02622245479517691,0.03767509151266936
2015-08-27,0.01586734246009671,0.017005449448188766,0.022315272051000777,0.024307868405790987,0.021198386295847707,0.012052791937945504,0.015591344742471055,0.024434373964652263
2015-08-28,0.016873268325972017,0.017540139969267007,0.023084155035370625,0.022720221310504888,0.018177477129377208,0.01198489467378763,0.007455336580198367,4.974176194315864e-05
2015-08-31,0.016871700501095373,0.01700580100987784,0.020917761500559656,0.02070523835243693,0.016456965778981734,0.007745979292382137,0.00870021453217778,-0.008111753645941704
2015-09-01,0.016910297391689852,0.016607030581686034,0.019279087489513208,0.01940189514906639,0.01651937749715641,0.010020086633239321,0.016562250297303547,-0.030301968097341217
2015-09-02,0.017930686246210175,0.017729591453018004,0.02119651943552982,0.0239058115486184,0.021548112339717776,0.012052791937945504,0.012620653654126648,0.018803085433926284
2015-09-03,0.018623854412779275,0.017795827309108312,0.02042702086251926,0.021775261779044288,0.018492259426214713,0.012566796961900214,0.012731037804498168,0.0007159740917236475
2015-09-04,0.01858683138050041,0.01725458601568493,0.018531575398297313,0.019851442242957505,0.016666357369961467,0.010888639733842576,0.009601613070356146,-0.01525250457645206
2015-09-08,0.018740509672331863,0.017141056793838334,0.017929247031273906,0.019877681244525044,0.01815435223036559,0.012624524834961102,0.008672054537095216,0.024820929626259557
2015-09-09,0.0197519530208137,0.017696089714389438,0.0187241486270234,0.018139561472223106,0.015378979893671825,0.010700185476686436,0.013530174746182233,-0.013462362218678733
2015-09-10,0.01957889650992272,0.017471021936319324,0.0178682454907501,0.018087506955518643,0.016707916518504777,0.009551682253593707,0.011589299873669036,0.005427348818008105
2015-09-11,0.019636026927275743,0.01699087337251767,0.016335593604703023,0.016526368234849556,0.014947876050915338,0.011548676880812904,0.00825877376770621,0.004533568951191496
2015-09-14,0.01968528028904359,0.016510650687643614,0.014936785327087379,0.015121432172224638,0.013478890814374273,0.007617176623783816,0.005677187094827965,-0.0037170326871226573
2015-09-15,0.019682529617145308,0.016033542056621542,0.01372984546162025,0.014024019042363363,0.013135015190456553,0.006352535778714576,0.010705340308040455,0.012421778396938934
2015-09-16,0.019922073446246136,0.015840076936086016,0.013312928727972297,0.012874566879221791,0.011580221504970562,0.011191675548898373,0.00664953955251785,0.008629535343739664
2015-09-17,0.01999551683073206,0.01550231234092475,0.01253733767492966,0.011845412269698685,0.010387599032111353,0.007355142443126609,0.014805065479244392,-0.0022508524372357327
2015-09-18,0.019995228365984344,0.01504015847131622,0.011542913985120012,0.011012656586867238,0.010177543278675752,0.010078985029320598,0.015596353695188065,-0.01647637090938068
2015-09-21,0.02019961233808834,0.015130176229389263,0.012510432142854366,0.01347382313234796,0.013133822789892906,0.009913757119913576,0.010394841182750721,0.005154077333155088
2015-09-22,0.019818442867637825,0.014723476816221158,0.011579630695644095,0.012381670423225254,0.011887462607462984,0.011417242747095912,0.008116779355961508,-0.013064673217496449
2015-09-23,0.01888278199957113,0.014629253725365896,0.01189541293800755,0.013400894594844264,0.013718010011314691,0.0075748925113328725,0.007261032933161562,-0.0015994680411415556
2015-09-24,0.01621709004490473,0.014188997799997785,0.010952342417569158,0.012359939967621717,0.012943815944812259,0.007630299830874323,0.012117819046090293,-0.00362228225960406
2015-09-25,0.01598257988230339,0.013785327518065577,0.010221114007663335,0.011576652272968484,0.01265675182607253,0.01019940386871652,0.011869247975302071,-0.0002592103120145405
2015-09-28,0.013687101895622663,0.013365521721678772,0.009441499977509921,0.010691746735364048,0.01178134244405316,0.01117012966852825,0.0117436885170322,-0.025417913349272316
2015-09-29,0.01353249801187258,0.014376479394517076,0.013254451314254501,0.016588602199923422,0.016640276497553626,0.01109376623805276,0.012321841897515718,0.0005849832705948867
2015-09-30,0.013538088549736552,0.013939250428904999,0.012143722500138707,0.015189884301662113,0.015107541081359786,0.009986423275059636,0.009189811983020702,0.018486264120344733
2015-10-01,0.014213903368571486,0.01425303680049179,0.013012400372857008,0.013931845650228973,0.013030500259564249,0.00987104145720537,0.011546323369874817,0.00260592546092016
2015-10-02,0.012567261983223896,0.013833566619078216,0.01194759756551259,0.012802330223147935,0.011915569750701165,0.011455575037098915,0.016028166486634826,0.014827298341156078
2015-10-05,0.01230230683122816,0.013895194782588173,0.012199013941732678,0.011790279783138529,0.010419142982834653,0.013168737216064654,0.0068575896602379996,0.01763853126463114
2015-10-06,0.012882025066583645,0.014147753138703823,0.012892791846452064,0.010885609627539988,0.00899056602796109,0.006588910105967606,0.008044715146853927,-0.0034320569750271195
2015-10-07,0.01238728053072016,0.01374249339261517,0.011928346331901422,0.010268400424442596,0.009181794702037067,0.0074986383215608216,0.009601441012622038,0.008156801395720123
2015-10-08,0.011306278622673872,0.013472815656270986,0.01131229866327722,0.009530298975879758,0.00830096137114004,0.01007758219837987,0.009068557167205815,0.008986448800252383
2015-10-09,0.010953862537769516,0.013246551691959776,0.010868382120732102,0.008875909672448805,0.007481692477849103,0.009777854834660527,0.005419854261874403,0.0005964093627364075
2015-10-12,0.01092436623917843,0.012843839226328483,0.01002198889900652,0.008297835823685134,0.007123117035569369,0.006646287285878268,0.003471630911461815,0.0009427018173193392
2015-10-13,0.010903595567542475,0.012454704930685848,0.009273183953824506,0.007789184053557133,0.006785409023282531,0.0058042685656829835,0.00855221427283304,-0.006321602489034479
2015-10-14,0.01097914418500997,0.01217416337567331,0.009023261321196768,0.008116634552892098,0.00785451167300309,0.007036002047297874,0.007295584629262816,-0.004806111361872694
2015-10-15,0.010745041824939546,0.011861853187807272,0.008655960806012674,0.008084974878341913,0.008462672369328754,0.006049837191287508,0.007613160343299903,0.015238206821680858
2015-10-16,0.011088017473109408,0.012091051410632873,0.009750965976192079,0.007602439571613654,0.007359299075399115,0.006527904007740897,0.005364002233209235,0.004536178521911887
2015-10-19,0.011094770872175322,0.01177525064262551,0.009144789580001571,0.0071803827518133415,0.006834867138643916,0.006196004772239197,0.0039825058185893126,0.0004918777085959477
2015-10-20,0.010344486909856438,0.01141716482563277,0.008500779083046533,0.006812883034646409,0.006546729264797307,0.005817440604739127,0.005165431224987202,-0.0012795465718049791
2015-10-21,0.010338299745311327,0.01107378832478259,0.007973476334676169,0.006549653320373423,0.006588362598469432,0.006062641800355959,0.00603074425539544,-0.006222745877115967
2015-10-22,0.00995420817995736,0.01084409583900085,0.007931226033240984,0.007132981556738768,0.007660778300216606,0.0055369190548323795,0.012442886072975529,0.01675292394960548
2015-10-23,0.01042508150466869,0.011286202963937222,0.009584526756829817,0.006771717671420577,0.0065800066934109695,0.007007574790490105,0.006522682883606861,0.010901984488735326
2015-10-26,0.01046048724578859,0.011263519461081058,0.009677336984215886,0.00645878004932462,0.005853387286014081,0.00589962604616015,0.003059680864482666,-0.002460712166565777
2015-10-27,0.010510709329223019,0.010937008945463277,0.009052621292889305,0.006358887963022399,0.006200093295833182,0.004279911381597976,0.0046377316023905645,-0.0019340507571511043
2015-10-28,0.008314287474706809,0.010614400969090498,0.008463375716508145,0.006228546963109521,0.006387525368033893,0.0055181247893093055,0.008675932287635885,0.011310132896265146
2015-10-29,0.008391469820214341,0.010657425759748096,0.008831194408597311,0.005993461462108116,0.0056480152389250735,0.006899446767108541,0.0038508663703157157,-0.0005743056046061474
2015-10-30,0.007874819355545052,0.010333715208516184,0.008251872950592863,0.0058138840047709285,0.005647021838995312,0.005943217231568962,0.005466996477049489,-0.004319322331835885
2015-11-02,0.008082476289896038,0.010074617736393442,0.007961705993080014,0.006136869296173983,0.006419619525092396,0.005481637338886118,0.006476630713035801,0.011761590135516546
2015-11-03,0.007898232140741146,0.010183719719893068,0.008519890835718257,0.005914957851034797,0.005657270285894831,0.006264423486782606,0.00682004594176755,0.0028951116795289276
2015-11-04,0.007215321260889754,0.009898917051453422,0.008000283952944496,0.005725490516064945,0.005366757062675145,0.00672453713403187,0.006097703553045013,-0.0030378904287344656
2015-11-05,0.007198476947517978,0.009626160811012963,0.0076441066351579864,0.005836967988363501,0.005892090441854094,0.006253703823750583,0.007376291170255557,-0.00099863980130163
2015-11-06,0.007143381376050865,0.009336114316410092,0.0072288084207589,0.005704310409676586,0.005950937626699971,0.0060414876482676495,0.007270134348329741,-0.0005232976932074095
2015-11-09,0.007011705777884169,0.009052606206274289,0.006854590332742635,0.0055665507327405765,0.005912052421477634,0.006045337858157316,0.009130698389766044,-0.00937554454016482
2015-11-10,0.007439352276834204,0.009072306680431394,0.007543066821642698,0.007390732738270539,0.00785296628092529,0.006979701249687533,0.004241292407634351,0.0023041192591443916
2015-11-11,0.007439541365402529,0.008814016197352583,0.007131029807725254,0.006998164349975472,0.007375208306073426,0.005887175589121558,0.0031613806287721395,-0.00393942545904626
2015-11-12,0.007329499376523612,0.008599814708027434,0.006981096937587599,0.007019140226023196,0.007869031999483024,0.005123431113256351,0.006816438859441163,-0.014058171293612478
2015-11-13,0.007991385114862545,0.009020938700539632,0.008643090400184442,0.009977889230129565,0.010651891983668362,0.007101293301339543,0.006343110137951458,-0.01129195505891221
2015-11-16,0.007773150838232732,0.00917306872751478,0.009250514278945599,0.011045178824405104,0.012273139231532114,0.006482152403231928,0.00801602279947262,0.015092580770942832
2015-11-17,0.008394631179392905,0.009631388173392923,0.01012388652986535,0.010224173095031121,0.010697025919459322,0.006907177544731507,0.00847367570666637,-0.0007297856123741956
2015-11-18,0.008399266705027775,0.009339688168251677,0.009393432816608854,0.00951149053963061,0.010168927581633198,0.006029571675460455,0.006756762129264491,0.01574170328681237
2015-11-19,0.009018503002474674,0.009841954171686228,0.010359641223202896,0.00886196570363588,0.00882769474184974,0.006655309489807525,0.003365534323966431,-0.0008629258489794065
2015-11-20,0.008869581151852728,0.009544469428091213,0.009604876003112913,0.008313350178656994,0.008549817975154259,0.005200117571944551,0.004948721316608033,0.0036377063787962497
2015-11-23,0.008180947893751084,0.009296507802709672,0.008979323030944019,0.0078052926100093045,0.007934311186918118,0.006323920430682113,0.005667038250044382,-0.0011473981467260473
2015-11-24,0.007862982248695022,0.009017679592706647,0.008397789839919075,0.007402587063531537,0.007811243747364278,0.006226448058946981,0.008086698773315274,0.0013384309528969942
2015-11-25,0.007838586924034708,0.008749109461394068,0.007857793617638406,0.007008489100366353,0.007383150875944363,0.006959285639682265,0.0028140515883184865,-0.00014322780406685618
2015-11-27,0.00782007292701413,0.00848264889274803,0.0073747727311948294,0.006655997022451699,0.007134664546718714,0.004111458165529545,0.00368502214779508,0.0011456817410638931
2015-11-30,0.007430363327759429,0.008229019838503819,0.006959368020559775,0.006355265223244238,0.00678536868386015,0.0052200818922992975,0.0037503260194442444,-0.004160041582706542
2015-12-01,0.00748854231838628,0.008043141066183715,0.006860078905946271,0.006542445592689765,0.007407604464194606,0.005488304993476877,0.0051899268281659795,0.009490246163476075
2015-12-02,0.007696669737172447,0.008137227872715707,0.007282625646372467,0.006257652488164159,0.00663053902628155,0.0063642551809667955,0.008175860635509541,-0.010257188865532276
2015-12-03,0.007603009249223459,0.008279746627206855,0.008040913328030343,0.00817589062050744,0.008706518217250764,0.005560940148449084,0.013471369578239616,-0.014101689264558202
2015-12-04,0.008119297816820139,0.008739130984540057,0.009395310545870103,0.010756228789762765,0.011377643271930214,0.006800196865075269,0.010195195711604686,0.019315127254434707
2015-12-07,0.009256349070819268,0.009704355423950196,0.01115319476489849,0.00995186359628504,0.009695911742529713,0.010356972657596287,0.009554848979331584,-0.006077279057119253
2015-12-08,0.009345061377909289,0.009525756798647365,0.010599689034802883,0.009833660230356055,0.010353462897344512,0.010697651294323589,0.009891850597768639,-0.006741755498393141
2015-12-09,0.009446811321741536,0.00938204221178762,0.01019174976757753,0.009860197093204686,0.011058997394840531,0.009785579080406144,0.017771223370237305,-0.007810154263904529
2015-12-10,0.009380925924193565,0.00929522800567571,0.009969201592130394,0.01010354620320487,0.01188756176323571,0.016156148947983687,0.009039041493521367,0.0025777066443211025
2015-12-11,0.009385395163701188,0.009034149774577505,0.009253329710118087,0.009373102056452195,0.010909870703321898,0.009872110465447689,0.009334387452378145,-0.019571216804493547
2015-12-14,0.010242714182337982,0.009985031900451712,0.011519087604098985,0.01355871260053592,0.01452664557275232,0.009374241070118094,0.01236567674370683,0.0050396419625849944
2015-12-15,0.009901275960215011,0.009759236127716085,0.010719859283364214,0.012450635529089999,0.013074467780177745,0.012302802584129708,0.013047024995153148,0.010442791662753791
2015-12-16,0.009847464704181295,0.00980159386382789,0.010533113921162492,0.01146047303122983,0.011571663580199747,0.013717136931212733,0.013134126859755544,0.014526005877869341
2015-12-17,0.009806411467005022,0.010147278380973714,0.011006838924922421,0.010577936515073326,0.0100795738099524,0.01069295266521969,0.007553683487238897,-0.015355044976406338
2015-12-18,0.010403373718823909,0.010532609714698708,0.011829795300114642,0.012764695622828105,0.012796685774123311,0.007250510986279129,0.007969417892744444,-0.017975934818160615
2015-12-21,0.010431330404881863,0.011120601121937664,0.012971075564305268,0.015133104563976804,0.015619351740211618,0.00718353901035952,0.00730323552197817,0.008215117184188348
2015-12-22,0.010655500896047842,0.010967998549208673,0.012213884453795865,0.013860995265552279,0.013863919004560576,0.007414340481510564,0.008956299463983743,0.009033469158549029
2015-12-23,0.010844279159546942,0.010861647506120991,0.011636072094417037,0.012721136621025203,0.012318543902522856,0.011169763778207406,0.0037207342855504213,0.012307215569889104
2015-12-24,0.011229351805558917,0.010953762671311358,0.011542997341295854,0.01170196643117254,0.0108306920339699,0.00651078562627157,0.0036516134136337437,-0.0016515464328089248
2015-12-28,0.011224932610029409,0.01062776919193453,0.010664060894053798,0.010845829827947483,0.010459675149252199,0.005870754900339783,0.005187545997469736,-0.0022878312366161166
2015-12-29,0.011230709119909232,0.010319232511347195,0.009937223560106609,0.01014533405446952,0.01026330569169554,0.00681860062367145,0.004241778637593832,0.010615392915934324
2015-12-30,0.011493940506850637,0.010337241414005495,0.00991538294635796,0.009419239885436166,0.009127281941889715,0.004870307843621943,0.004057858259171741,-0.007113016746595985
2015-12-31,0.011562530358909508,0.010172646994887114,0.009655143079017077,0.00959396930214344,0.010068362597893399,0.00501953276101254,0.0068114819096139895,-0.0100537193686757
2016-01-04,0.011517224646149115,0.010165550573297827,0.009839729601483141,0.010433855992094326,0.011511748946516208,0.006124580767009159,0.009912019826297134,-0.014078126864602586
2016-01-05,0.011694913865340453,0.010441730350460594,0.010693103616528352,0.012226018751916194,0.013624263986915085,0.008083923875683746,0.007608904690955251,0.001689979429574163
2016-01-06,0.011344123568928732,0.010132093099521398,0.009881245279524048,0.011271625488491636,0.012471147076110627,0.0063195414391328236,0.010076901230689383,-0.012694347817045194
2016-01-07,0.010647720991459697,0.010303811912721146,0.010463585302335316,0.012420615402582082,0.014110851488169884,0.00981300729020392,0.015563602558873417,-0.024284255663453824
2016-01-08,0.011668445555626388,0.011626776506170982,0.01349513904435554,0.017131877450669405,0.018145425167079416,0.00912114037296233,0.013468426301211424,-0.011037326585644366
2016-01-11,0.011772603906363102,0.011592254771979126,0.013143229846784857,0.016747750195949387,0.01850911325854187,0.010057895529521162,0.015112892991221078,0.000989913242728531
2016-01-12,0.011760945324721413,0.01124172336211189,0.012056053728468637,0.01532725221808352,0.016681497867702483,0.011420578555060412,0.014607004488726585,0.00803543813307144
2016-01-13,0.011946620307292894,0.011075552332080879,0.011413930639298854,0.014050212096272854,0.014803666647006471,0.012255588481935368,0.018099365670830696,-0.02525651227019687
2016-01-14,0.012405365837168367,0.012392791155195782,0.0143575530295589,0.01849540831035434,0.018922395141315045,0.014440723817480653,0.022555642802084875,0.016283741474500915
2016-01-15,0.012993867338623967,0.012660016210251224,0.014367273382559853,0.016900899629072125,0.016340363737469166,0.020633039749427047,0.013733346763030601,-0.021700080411759793
2016-01-19,0.013299378724052855,0.013375838635756818,0.015626026993404634,0.01922008061561363,0.019288889267747314,0.012502285306395482,0.015550619956222101,0.001330127276702331
2016-01-20,0.012682961917494648,0.012972448881053653,0.014278066120961094,0.017554062015931637,0.017325865606500998,0.012077996166686733,0.02897577717747798,-0.012897868307257268
2016-01-21,0.01258902138404194,0.01296798614224808,0.014044019260047336,0.01745905549217544,0.01819917787496494,0.020742948368833093,0.018632790666254576,0.005586237246295992
2016-01-22,0.012367180912814595,0.01264716994053295,0.012985216732595927,0.015967442930904824,0.016207506522531466,0.016629569607834425,0.007684292818272991,0.020307767709810895
2016-01-25,0.01318394146515426,0.013232466845444022,0.013982551122338847,0.01462548983588206,0.01385041914231384,0.00932336295877591,0.008183124370970404,-0.015232150809348916
2016-01-26,0.013166743065848632,0.013360890433782985,0.01414796517047507,0.015659954781270725,0.015812517024759727,0.009256801943063464,0.008574138394403807,0.01355091232108094
2016-01-27,0.013245677412206494,0.013372367893404588,0.013808298017759613,0.014349123124073491,0.01381123654484853,0.009825369098160768,0.018844401674420495,-0.010942506827122486
2016-01-28,0.013325093456078697,0.013239158471430944,0.01339515512500834,0.014414505489457335,0.014859762848047795,0.017052182639387545,0.01291585415411923,0.005195533339654281
2016-01-29,0.013479279622080202,0.012898775601225472,0.012459165264648013,0.013282605453715311,0.013309691942875086,0.01075782972047355,0.010033370225314926,0.024084705037113522
2016-02-01,0.014486851268885138,0.01382751200663406,0.01438689995321601,0.01223319915554194,0.011245543295487812,0.011944703307127711,0.01094075681694662,-0.00036127087207547543
2016-02-02,0.014471729334191778,0.013406562348140298,0.013197128128272667,0.011299562422454461,0.010575200328466088,0.012876136953968154,0.008003158646720411,-0.018186719435680957
2016-02-03,0.01477755915395294,0.013740348066363867,0.014045892706722468,0.014153852866517817,0.013834172707584627,0.00910444506030036,0.020420875549326176,0.005977146939657927
2016-02-04,0.01469502398133841,0.013401974191067346,0.013028093778161089,0.013015265696366575,0.012451555562324336,0.019925828590077323,0.011569706573094113,0.0015669044242550597
2016-02-05,0.014693352411716556,0.012999363401853113,0.011976128761474003,0.011993481868395904,0.011448157335496558,0.01332953336592349,0.01564149203074599,-0.019233567443553843
2016-02-08,0.01498949093935316,0.013455119803204128,0.013330925926744352,0.014974117420255591,0.014782290168712098,0.012659301093279408,0.014817215819427576,-0.013552709519313455
2016-02-09,0.014386846797712943,0.013460995137892099,0.013366236340058455,0.015503623395512098,0.016192511563714783,0.015472155298324889,0.014580953456091873,5.4131694051967686e-05
2016-02-10,0.014247814372457734,0.013050925733856258,0.012278585202765736,0.014230041182399632,0.014760192180457557,0.015573016921518829,0.013541992074395954,-0.0008633408259349507
2016-02-11,0.01423645743796113,0.012655109015844043,0.011319929123046822,0.013099462615177703,0.013699817141241997,0.015488202597731489,0.013470798193517066,-0.013093572582357271
2016-02-12,0.01425867343779414,0.012681844334673517,0.011665754246260773,0.013912925228072866,0.015196584196808216,0.015473327193559719,0.010068544998709857,0.020407449593466357
2016-02-16,0.014133345254278442,0.013272801705734536,0.013009995079166359,0.01279887898947897,0.013018863470333335,0.014699107236080252,0.00872752168310685,0.016737273198538384
2016-02-17,0.014160687544480051,0.013505754627562106,0.013354704664136434,0.011799550683246238,0.011293871318426822,0.012573438831153985,0.007510070076650926,0.016202888795195783
2016-02-18,0.013737534325483221,0.013682583816475937,0.013545697492134558,0.010905199732694977,0.009816310731689435,0.009708912111751785,0.005175461462083133,-0.004103989479309184
2016-02-19,0.013787403807868148,0.013303791853451883,0.01257047899276143,0.010366651314452788,0.0100377116181991,0.008345836177873564,0.006780800125360523,-0.00046888734120642653
2016-02-22,0.013422481509269129,0.012899016099668181,0.01157334587511649,0.009637404928823898,0.009539204803659544,0.008145722511356545,0.003572718101070776,0.014375201773221553
2016-02-23,0.013687349144317844,0.012992317919462214,0.011815033241612599,0.008979747417091122,0.008352067783233927,0.0063064049582470865,0.006623670728716803,-0.012709899925679823
2016-02-24,0.013374395544994692,0.012975546184743206,0.012001690258987452,0.010758402312403966,0.010687498545035645,0.0072304883247192135,0.015359967699616978,0.004565378720640602
2016-02-25,0.012903331571929908,0.012629864284173143,0.011144298690013082,0.009976096458889507,0.00978065479711208,0.009161303547565029,0.009404001546619717,0.012038889170520027
2016-02-26,0.012836126928998355,0.012595187758586148,0.011113140889199968,0.009280263395920122,0.008663095710191577,0.009027804137217479,0.005131467986810223,-0.0023040779914615143
2016-02-29,0.012558980811618346,0.01222452272757674,0.01032893889690865,0.008772942680017682,0.008676129225564889,0.006588387797630285,0.010859248942857362,-0.007873236043973445
2016-03-01,0.012701645684861701,0.012007992726108108,0.010101766069782652,0.009252723995905038,0.009846437568070162,0.010784292590768348,0.010925023908653346,0.02323469217112685
2016-03-02,0.012625890929565122,0.012958836026776121,0.012616482429187195,0.008641616840606367,0.008089960653115675,0.010543484424433007,0.005976929235079237,0.004482414104611012
2016-03-03,0.012642724290703233,0.012611941463194769,0.011676841444487617,0.008101667183630604,0.0074892353863551375,0.007538852843826802,0.006023812812888769,0.003911978300918709
2016-03-04,0.011833649293073562,0.012265219846231858,0.010820259317799117,0.007626465930817354,0.006977829095319057,0.0064201209255062945,0.009459197550732636,0.0032482571280293753
2016-03-07,0.011806780782379829,0.01191816056554045,0.010037338410672399,0.007209994426479481,0.006550666382193128,0.009569004484212084,0.005989708170082193,0.0007978861034434699
2016-03-08,0.011810100171227215,0.01155673810052332,0.009299513886167877,0.0068465844915082666,0.006300601605231993,0.006258652933241315,0.0062556793328198265,-0.010977496902730987
2016-03-09,0.011182228774800466,0.011522804783888783,0.009711188860721049,0.008753064881617832,0.008540279928915427,0.005754652599551251,0.005646523810861151,0.004927162172877282
2016-03-10,0.010559242494557444,0.011236776401932344,0.009146887645905185,0.008199981831154654,0.007870277459412673,0.005605307631497664,0.015236737013969555,0.0008021767721521672
2016-03-11,0.010548446642198239,0.010896230748613438,0.008513296957799128,0.007712844254972557,0.0074973647452488724,0.01126460096020312,0.012398091871764423,0.016008255478581288
2016-03-14,0.01083863257155308,0.011268541541098338,0.00981219935312454,0.007285562186722871,0.0063436410764034,0.011300471153181637,0.00504162615690282,-0.0012830219385951448
2016-03-15,0.010177458414913259,0.01092977563691709,0.009132750683573318,0.006962139912109827,0.006422350784929928,0.006580932510275488,0.005315719464347602,-0.0016309865291289061
2016-03-16,0.009614596332446379,0.010604338865221045,0.008548256475181808,0.006707607031674442,0.00656086627416699,0.0067011623387430615,0.00683630046998447,0.005770543991635722
2016-03-17,0.009164554143838181,0.010377997556363922,0.008207009520596796,0.006410556786968364,0.006030699374695549,0.007375320529842356,0.008652224398594342,0.006323753256334934
2016-03-18,0.008710692103146232,0.01018037595562768,0.007968519403966588,0.006154160891304743,0.00551509454014036,0.007558187498939507,0.0038949539845481735,0.003922138376121553
2016-03-21,0.008566777799402507,0.009916886683255667,0.007573745776805752,0.005933832517950095,0.005173554386295993,0.00564849339574197,0.00408853514638927,0.001418374186916836
2016-03-22,0.008536230064195308,0.009621053482819242,0.007139554941481204,0.00574530501774409,0.005000431547403882,0.004839396271401063,0.006080506577496683,-0.0005378005107459587
2016-03-23,0.008180664276131571,0.009328887590461882,0.006775814161257486,0.005602468106581366,0.005048416075877011,0.006735925580767013,0.004289310032915175,-0.006621646143376693
2016-03-24,0.007705891891187803,0.009188973115306791,0.007017381047411978,0.0065332175536294565,0.0063970190023411545,0.00501610315716845,0.004181202653193723,-0.0004429823809921341
2016-03-28,0.0077281963063791405,0.008909700741461146,0.006667843391469518,0.0062725154549959136,0.006312115173303427,0.00461895564353637,0.00448628724467395,0.0005907468602355736
2016-03-29,0.007429248660764873,0.008639487263456229,0.0063512362356952555,0.006035418517724724,0.006094732490424628,0.004858482910203386,0.00793235130422948,0.00920771759914562
2016-03-30,0.007513497389603218,0.008674630802981417,0.006861450385778023,0.005832130916777816,0.005418550801380968,0.006222425823314051,0.0050355069658648425,0.004377917403062749
2016-03-31,0.007122449871602406,0.008478457173403328,0.006644644438478887,0.005587370366243939,0.004940918053694028,0.006145094159867718,0.004112507410346003,-0.0024301301868873567
2016-04-01,0.005542275073460784,0.008241693627057097,0.006446047640742304,0.005620155201636445,0.005372647078950512,0.004635405342544437,0.008890819474379441,0.006789225334315257
2016-04-04,0.005616434646944159,0.00816183789658577,0.0065488493980633234,0.005463223796854969,0.004850488085474045,0.00690264010172521,0.004261324149613378,-0.0032435043646318077
2016-04-05,0.005717374876341488,0.007952979392211334,0.006426318350395198,0.005640418270473434,0.005457485126130162,0.004846815755690226,0.009400945799739798,-0.010037907279703455
2016-04-06,0.00625463428081237,0.008093235650437795,0.007318689639125267,0.007645775497947276,0.007582035461242512,0.006460656469204145,0.006319191405612387,0.010862125393103448
2016-04-07,0.006603746207270127,0.008285504304460676,0.007852652873307893,0.00722139090382618,0.006638362665442227,0.005888454540769061,0.009056035109760179,-0.012038378525296416
2016-04-08,0.00670808204278702,0.008557216845188703,0.00876286516758631,0.009344764104651172,0.00906869794865516,0.006874874452236336,0.0074147008903597406,0.0026932607806920894
2016-04-11,0.006669597364514068,0.00832271720926617,0.008226232328243493,0.008723867586609585,0.00847598349779553,0.006324526080595171,0.0075374332968470275,-0.0023501430415859845
2016-04-12,0.00672024467704791,0.008089681994964033,0.00780689242667698,0.008289978715141158,0.008568873964000488,0.00836622532991955,0.00833646545619172,0.00926984573406762
2016-04-13,0.006116730148385234,0.008165303416828504,0.007986775015572474,0.0077889947480912405,0.007626601306783249,0.007895804675443735,0.003598023523533532,0.010050535585596246
2016-04-14,0.006400363253769984,0.008290515365704304,0.008246757903609877,0.007347318855697782,0.006726213897344329,0.0056926947275016794,0.003967281103150233,4.7662438044565775e-05
2016-04-15,0.006369435781556343,0.008037961347861809,0.0077447992011823565,0.006961324810442333,0.006538672301259432,0.005901460753304482,0.0029563614789687386,-0.0011058872272993441
2016-04-18,0.0063209371764917826,0.007797799206539459,0.0073310726707533766,0.0066644206342311475,0.006579948315653414,0.0045606340668467886,0.007491763422672941,0.007001926567417275
2016-04-19,0.006349695882223232,0.007752351298600135,0.007302668781755533,0.006363447045436481,0.005950843374806569,0.006384414484835939,0.004939638742251786,0.003149142206783369
2016-04-20,0.006335996693107375,0.0075556627383575985,0.006965663069077563,0.006102398271025547,0.005608095996043972,0.005244698291097001,0.0059965600461490106,0.0009526598757286426
2016-04-21,0.006336262940603668,0.007329202596543945,0.0066171247011069,0.0058769473765940446,0.005430845071315098,0.005411247536137562,0.0048971197702779145,-0.005393084159408177
2016-04-22,0.0064913249657936834,0.007227675937958403,0.0067076694490759625,0.006402742397277324,0.006445663351451896,0.005783822518774444,0.005270291048617549,0.0
2016-04-25,0.006258438500360922,0.0070074918120747245,0.006398741727499483,0.006139160884619965,0.006290474097636453,0.006573777117143142,0.0042790069398318965,-0.0017244507754555632
2016-04-26,0.006282800276843456,0.0068071336724890895,0.00619309964159317,0.006004365671134503,0.006470566097981851,0.004718608808466336,0.004570950960385859,0.0014852337112186134
2016-04-27,0.006280997086824719,0.0066097806208408405,0.005952879873222613,0.005792538418026739,0.0061909291245491604,0.005288449360054544,0.006255607303080869,0.0020559309578924725
2016-04-28,0.0060199749095946045,0.006428176957001244,0.005759785286095855,0.005610666936688034,0.005897923156444281,0.005638976591773308,0.010534593131239492,-0.009117101250681704
2016-04-29,0.0063494860254814925,0.006620382433364509,0.006641353475462968,0.007305226764945576,0.007703052782021149,0.008507717385972365,0.00831226066556396,-0.005413680157026742
2016-05-02,0.0064469504797484214,0.006554248371912405,0.00672616405458494,0.007527751144626936,0.008471372949563693,0.006867972767613649,0.006025197113569024,0.007917265115489132
2016-05-03,0.006509108027733273,0.006643919523294205,0.006917651263193535,0.007114643006442205,0.007623347085275388,0.005952648963532102,0.005965857552133161,-0.008741407660763308
2016-05-04,0.006761924583204818,0.00678807035228631,0.007432413470089899,0.008211151656084362,0.009109304392457747,0.005933494749875532,0.005762849057452823,-0.005593764542108804
2016-05-05,0.006497104485996441,0.00672239817820146,0.007398770238704704,0.008298314040030327,0.009756272418819439,0.006064757207534995,0.0057131411281661,-0.00019529377120945218
2016-05-06,0.006019542922649227,0.006517782399691902,0.007006818174714744,0.007797286046884339,0.009320542549617861,0.006302011407699678,0.0048511929256425486,0.0036526546730283344
2016-05-09,0.005440257599414289,0.006382249707961391,0.006737735402685758,0.0073510753483026405,0.008643806059431129,0.0058024218001734565,0.004020394347772186,0.0008259916328435077
2016-05-10,0.005416305744208886,0.00619112755363177,0.006422433171475541,0.006959996973465363,0.008207533818096533,0.005426722860144151,0.004056890402377961,0.012357118652038493
2016-05-11,0.0059754249361250724,0.006722511409068166,0.007451937894103643,0.0066187195187598245,0.00712812279772027,0.0047209191167432,0.006449708517310473,-0.009398926257091728
2016-05-12,0.006075034087435564,0.006912381568860581,0.007955903361163232,0.008065243998612944,0.00882938619545572,0.005668072971424657,0.008094336462744899,0.00029062588253237187
2016-05-13,0.00563591285505641,0.006702180661585296,0.0074881623672966935,0.007586771496188688,0.008408101618414512,0.005981064941202921,0.008551943270762441,-0.008752396303751967
2016-05-16,0.005926053353111555,0.006842538896255696,0.007877900349840396,0.00855703277186364,0.009794221596212106,0.006750535455281786,0.007436608915050032,0.009816955065208374
2016-05-17,0.006356933356548475,0.007056449152307767,0.008112706225661619,0.008020369377235317,0.008703787086112538,0.006304067455387618,0.008632761004228676,-0.009377344526926347
2016-05-18,0.006429690287503077,0.007216781940959505,0.00846988242662921,0.009051355247108652,0.01018648491356846,0.006994507685290067,0.010639722984134467,0.0002927910653369246
2016-05-19,0.006367221922207092,0.006997297241423588,0.007940415931521665,0.008457820384083216,0.009625744410682499,0.011651962628638251,0.007127196042540167,-0.003471139471444498
2016-05-20,0.006367506300172399,0.006837204627445144,0.0076302170942238925,0.008172970277064217,0.009803677920097155,0.009219556751821022,0.004562559495482953,0.006297770519636702
2016-05-23,0.006506479199028949,0.006806044365237723,0.007474809644990168,0.00768154419708801,0.008919014480812613,0.006016341221596857,0.0032521314861005506,-0.0013636101576274978
2016-05-24,0.006504903652912449,0.006607153053109047,0.007107057616146644,0.0073033955478199715,0.008779819481458326,0.005197689750074871,0.005882934953096323,0.012878750532562912
2016-05-25,0.007156329681332414,0.007140513713730623,0.008051009368600075,0.0069183101869105664,0.007615574279977485,0.00612433289717216,0.00721713205297799,0.006760360392544458
2016-05-26,0.007308275590481069,0.007118277058982855,0.007875885290093998,0.00658243232119457,0.006915564934123963,0.006320847114462258,0.002901806779155752,0.00028676583595254554
2016-05-27,0.007294567317473382,0.006901783122484745,0.007417952028977354,0.006290890528056149,0.006673125482918054,0.004238353246594113,0.0018436735618821065,0.0042897691321409255
2016-05-31,0.007039163235931411,0.006773526467509411,0.007115902248433357,0.006022385701850149,0.006168164100281554,0.0039998953349039065,0.005400554388035673,-0.0019041879448772425
2016-06-01,0.006929151160783773,0.006583720609309939,0.006815779457521368,0.005923958525244768,0.0063865953963335,0.006240936584202697,0.00483925164019964,0.002047182688996307
2016-06-02,0.006743738952324317,0.006402820617157165,0.006500977754422277,0.005722291190764107,0.0060748960085927105,0.005323184275150372,0.005433834238099798,0.003039051485231819
2016-06-03,0.006416523423647357,0.006252239213270447,0.006268746448350626,0.005550399406541177,0.005729562325291327,0.005402281648697896,0.00721149494189702,-0.002991561935699757
2016-06-06,0.006305263372882999,0.006105901410771952,0.006173311444804471,0.005676017980486744,0.006201941568449784,0.006248592552449686,0.004396739961062844,0.0050754483382008985
2016-06-07,0.006351319806956984,0.006049026422971525,0.006139596870016455,0.005511060829067739,0.005725841773103066,0.005240832233000344,0.0032362574224454026,0.0015604305171401196
2016-06-08,0.006331577961302373,0.005877190998239597,0.005911542098910043,0.005371156386291157,0.005497651004604086,0.00476759180533335,0.0026775462661054717,0.0032541408304352904
2016-06-09,0.006343498531616964,0.005753629944709653,0.005782384690463258,0.005252928915738999,0.005185081418815556,0.004756332465163087,0.0035148456340834385,-0.0013665742087901488
2016-06-10,0.005854493720896946,0.005588385598033465,0.005656900720395982,0.00523083587822403,0.005382802662198688,0.005021711900305846,0.00546203869928658,-0.009522482371008981
2016-06-13,0.005865331263688152,0.005898890625120963,0.006676326822822859,0.007237763109014369,0.007379775130105096,0.00608677599811021,0.007321816141490735,-0.007741819108701485
2016-06-14,0.0061560283771334165,0.0060253831212150255,0.007095338759263587,0.008031742845681459,0.008673973456647296,0.006124902311866426,0.007238630849280439,-0.0019687262135847953
2016-06-15,0.005818630699019493,0.005861696019602253,0.006801675933177821,0.0076466132121597065,0.00866122081527518,0.006157574855397583,0.007187130147534392,-0.0013951233427255882
2016-06-16,0.005448332399878978,0.005693390339782853,0.006521792095831242,0.007270664212046946,0.008543718410571298,0.006676002437800892,0.011698810064304604,0.0029801886788601317
2016-06-17,0.005009260482106314,0.005568007131924412,0.006283630053591892,0.006885093087346718,0.00797769679644823,0.009541949033104,0.0053379916753162554,-0.0037311244758444343
2016-06-20,0.005106111952746078,0.0054752003257548644,0.00625243040647332,0.006883181235192309,0.008373974848964077,0.006490625893431259,0.006546277578581314,0.006419338168557424
2016-06-21,0.005165706297630989,0.005536390849827647,0.006348600437703137,0.006548268789620965,0.007623743318266425,0.006680547137514749,0.0044971496153413835,0.002834455392403229
2016-06-22,0.005045027880776289,0.005412446255236481,0.006129665998380115,0.0062584835733028935,0.0071548459333089865,0.00618259262751453,0.005915829296478365,-0.001632479044516906
2016-06-23,0.005051465370929676,0.005262774863864234,0.0059629434345085264,0.006097224038965172,0.0072306702242308585,0.006923436080082698,0.005264182441011999,0.012938523881575828
2016-06-24,0.005058556727808686,0.006006605973901103,0.007286411690213588,0.00587051966011973,0.006222061916920236,0.007059337376067719,0.03247866840036661,-0.03656973700955537
2016-06-27,0.009469374227740667,0.010684348192709036,0.015371328673791011,0.019870311918029418,0.018173095009794756,0.017781871212521668,0.009826224222226463,-0.01807250262660169
2016-06-28,0.010153145250172678,0.011265118712032006,0.015677853057931762,0.020492259394870503,0.020040582490022094,0.012993356081638556,0.006024171291162543,0.017875647862184107
2016-06-29,0.010974995088356752,0.011766947472049481,0.01621025959850695,0.018575805445261367,0.017234915420962334,0.008031297672369417,0.006122188601265015,0.0168843760490952
2016-06-30,0.011673301980731545,0.012135003869608323,0.015916950252702785,0.016941848249122874,0.014800062087672906,0.008064853281795802,0.008806015534732113,0.013553126683269537
2016-07-01,0.01206142842092277,0.012224731258970464,0.015200701008734534,0.015475276968031167,0.012880256637028178,0.012608984819811736,0.004474091852488444,0.002098489315583199
2016-07-05,0.012051585456950089,0.01186345778166145,0.013728350705693846,0.01416112709181475,0.011876070509385696,0.0052114251693401396,0.005099387877076781,-0.007219291975921605
2016-07-06,0.012139452073498497,0.01163719138379378,0.01281167687154502,0.013556568386357364,0.01249511010039044,0.005684632510817794,0.008805569921643263,0.005979594839429377
2016-07-07,0.012160602210785042,0.011377350446017093,0.011801775201854839,0.012446075561492895,0.011305667929313291,0.0059906706257999804,0.007878527945745846,-0.0006201695439622953
2016-07-08,0.01215470698570533,0.011031796480945056,0.010753609643187952,0.011467575254935929,0.010756220646137096,0.006036409185670696,0.006397495326352755,0.014780785341653727
2016-07-11,0.012573397667529592,0.01129189082926925,0.011262206259909157,0.0105868137611223,0.009260880054553961,0.006463669111016865,0.004277433540123356,0.003520701576303061
2016-07-12,0.012586042746437192,0.010981808182876343,0.010327467022248354,0.009806520523840588,0.008588361223136005,0.005433638735914616,0.007070682464797732,0.0072369558244525945
2016-07-13,0.01244650009313237,0.010793818419996935,0.00979427021629781,0.009117675749074279,0.007762356129228633,0.0060467553041933615,0.0038502065257545316,-0.00013957315990097374
2016-07-14,0.012278551973278271,0.010465051072921294,0.009003769872788212,0.008515871329667822,0.007512694860033944,0.0048859018906897,0.003746483303221123,0.005568117785477832
2016-07-15,0.012276025884990572,0.010237504210582641,0.008527711256283727,0.007984962437346074,0.006891693678623067,0.004796072733027883,0.00566477180059811,-0.001342599835761858
2016-07-18,0.012275291760222148,0.00993107533820657,0.007950001993450487,0.007573045247771113,0.006948689722592351,0.006524198467293602,0.0032353750952978247,0.0026837297623901525
2016-07-19,0.01227435578942126,0.009650949500282288,0.007453271899967349,0.007164709307779304,0.006555771341732722,0.0049611079992685795,0.0021100915175069636,-0.0010175177807688555
2016-07-20,0.012224636507831312,0.009360261600384353,0.007027332717841376,0.006848835462430148,0.006582652483367815,0.004206085987475753,0.00333737775867322,0.004154411775584801
2016-07-21,0.012195311533293184,0.009131986400889958,0.006766908312606795,0.006540404962641917,0.006131873497182007,0.004966773902589561,0.005114415512426151,-0.0037841428074336493
2016-07-22,0.0122599528106052,0.008902177783874005,0.006656950977186632,0.006627795591482907,0.006744018259264982,0.006885099160398243,0.003636159666258376,0.004475089215903914
2016-07-25,0.012247987487846362,0.008700311979887609,0.006490001797626349,0.006351109259379994,0.006259491885417736,0.005014666917436477,0.003993329281204201,-0.00271981024900647
2016-07-26,0.012026390325097575,0.008461533247702175,0.0063319430330223934,0.006316718312675242,0.006643474635830818,0.004975719091884814,0.005334421568859451,0.00046172928824594526
2016-07-27,0.008348278340482762,0.008204540440755265,0.006053892033954609,0.006085873711851336,0.006417080165017595,0.007515085501577714,0.005888999438966211,-0.0010618836634859726
2016-07-28,0.006893278594105604,0.007958848574274799,0.00586579520770821,0.0059353744545210686,0.0064649269453162525,0.006661018218250525,0.004939009377254131,0.0011540390933274533
2016-07-29,0.006117208908671947,0.007721566082361629,0.005500495226442291,0.005616008893336391,0.006144376500341177,0.006179002080635723,0.004899684704677592,0.001613239518842956
2016-08-01,0.005238516680530274,0.007496757986165103,0.005364356435574074,0.005481577061764624,0.005880772997932177,0.005972763919992435,0.004648821208789976,-0.0008292727396432849
2016-08-02,0.004602298219166302,0.0072712144158692885,0.005289144360604824,0.005410596699742893,0.005929199940510619,0.006637732450638506,0.00783277400341696,-0.006427927484380209
2016-08-03,0.0049269213288531625,0.007223393983531541,0.00598853211282694,0.006441999849000515,0.007149551750277506,0.00706793485684742,0.0035881528063491912,0.0029186583709411725
2016-08-04,0.004535656775532294,0.007039736458420613,0.005808662856345109,0.006168067053076104,0.006713846534517683,0.005987089878475572,0.00969967530459053,0.001063387461872218
2016-08-05,0.004431740158421182,0.006830246233732677,0.005598765345426652,0.005938969984786238,0.0064322062346563545,0.007732050932099568,0.003591777247980917,0.008145586474174014
2016-08-08,0.004629574694294124,0.0069162245869483635,0.006228791386662675,0.005748407987972056,0.005755881354878394,0.005881391791240132,0.0027168778040773927,-0.0005961901513596824
2016-08-09,0.0035953224239835,0.006707118557672677,0.005961783345349012,0.005615499099035041,0.005770731968735916,0.0053247023055847005,0.003632184341198448,0.000596190151359732
2016-08-10,0.0035571350010089706,0.006504432300183566,0.005720341024538663,0.005481157679439812,0.005602340203320248,0.005707922413444374,0.003838258597986781,-0.0024783464954881295
2016-08-11,0.0033379256209814705,0.006335433154561169,0.005690966984719606,0.005585292270125607,0.006002364214273911,0.005836698684832387,0.0035150856729549997,0.004630125921600306
2016-08-12,0.0034461619484889563,0.0062462576334594636,0.005729803077088973,0.0054563187602288555,0.005568955775823135,0.0054195515163007555,0.002666801788259074,-0.0008691855170874011
2016-08-15,0.0032851779413427596,0.006059712812165644,0.005577441695824157,0.0053926774291886284,0.005652487367014177,0.004930540526364789,0.0022423525791958544,0.0028793463847288777
2016-08-16,0.003295124495010919,0.00591729248391222,0.005483105838210163,0.00529844613347545,0.0053537557974884745,0.0047608272976606475,0.0017011797766007075,-0.005171035343443893
2016-08-17,0.003499790663503225,0.005875190695725796,0.005883769955264968,0.006007790842385774,0.006357411162120583,0.0047608272976606475,0.005598409924367009,0.0018792319665604075
2016-08-18,0.003500703238158281,0.005714777732818918,0.00567549101696447,0.005805547370905567,0.006058541554082653,0.006024949807738486,0.00195557205585869,0.0022415934852230424
2016-08-19,0.00342430739459382,0.0055678225496661815,0.005524723194205613,0.005637904110618235,0.005764050890506923,0.0047608272976606475,0.0037487053419062223,-0.00146295967987516
2016-08-22,0.0033187831269777877,0.00541008540869674,0.005453096806103742,0.005588045071127419,0.005945983422270813,0.005361615015630131,0.003561764624082261,-4.603049337036846e-05
2016-08-23,0.003192058443977169,0.0052452845308914335,0.005327398918256355,0.005463565136819862,0.00584026748283405,0.005428242808856331,0.002470847300267914,0.0020115901059627617
2016-08-24,0.0031360806298332054,0.005109307086745996,0.0052420006322710525,0.0053564420685930725,0.005578632489574861,0.00506586851814747,0.004951027635140063,-0.005127862920297834
2016-08-25,0.0033687125042973546,0.005110422336757933,0.005704982406047482,0.0060376483673546255,0.006546825037467218,0.005207031341968381,0.0035446886109758127,-0.0006889288217360036
2016-08-26,0.003362477293162229,0.004957611203767139,0.005549139470364172,0.005858825450627406,0.006507261763409572,0.005424553176840295,0.010695086099643604,-0.0018850204253892259
2016-08-29,0.003387328667410055,0.004828709189535283,0.005399081361743313,0.005739204140966837,0.0065654987518487485,0.007775458586475528,0.003711671078184996,0.004911961524771485
2016-08-30,0.003533650859109949,0.004833744764892584,0.005526893697697884,0.005566412995348776,0.006059763529740068,0.005746518942961295,0.004622744164472695,-0.0016500495118401222
2016-08-31,0.003550928224062998,0.004703885941271356,0.005442439419883269,0.005532757994381009,0.006233798245697871,0.0067393402289559305,0.004813212588370394,-0.0028479809199289195
2016-09-01,0.0032916747937208066,0.004613633068504434,0.005492891404234353,0.005669439508731515,0.006634552006479872,0.006160184648572287,0.006480035366130775,4.610961999939256e-05
2016-09-02,0.0032411874558976395,0.004473097478389351,0.0053296406340747485,0.0055116478801344425,0.006422942978934437,0.00652546243393593,0.004430808346062778,0.004497578036480971
2016-09-06,0.0033676119608118667,0.004474570088819365,0.0054225110739836635,0.0053790641570566,0.005953729282590497,0.005450042434751811,0.004640080145440209,0.00301799509471983
2016-09-07,0.0029387469205959943,0.004400791803127785,0.0053495508636463695,0.005270464715594661,0.005610800173523033,0.006300484494164167,0.003430781848171574,-9.112292615485136e-05
2016-09-08,0.0029340957478248197,0.004266784338124949,0.0052202790682941615,0.005187848715716784,0.005520765880058561,0.005579327011753144,0.002966090789191315,-0.002285436744687652
2016-09-09,0.002982083082849656,0.0041745077481809,0.005263158459579805,0.005311981887157136,0.005876684139791328,0.004893779867679103,0.007458889399110965,-0.024226423285313083
2016-09-12,0.006079645587040354,0.007183042472044464,0.011647542391369144,0.014269250019019736,0.012829963480026779,0.0056055973030037735,0.011016741776675316,0.014245651136035927
2016-09-13,0.006836926979965212,0.0077895216658830525,0.011874260458152677,0.01294941841907642,0.011100458802423012,0.007311870207327424,0.008666282608237656,-0.01447982632955838
2016-09-14,0.007487297344522808,0.008343618588377354,0.012406263980845853,0.014255478344196883,0.013399803555397181,0.0068008728181028,0.008501810984789313,-0.00037538118413299183
2016-09-15,0.007433125492957005,0.00808996091099464,0.011108617805949126,0.01294354267248255,0.012457063353190695,0.007431889306607946,0.008381620478585722,0.009943332695920855
2016-09-16,0.007764807326937337,0.008212966053445129,0.010702094606901986,0.011780993169316854,0.011002656762343759,0.010363954601177523,0.004328349418142477,-0.003873256430218639
2016-09-19,0.007774835778389789,0.00801908783053243,0.009835896935812674,0.011000998010026616,0.011038324593444497,0.006189655317308546,0.0067165832200814565,0.00018778023902285806
2016-09-20,0.007746695794506258,0.0077749301695163656,0.008911055088338352,0.010077014663143423,0.010303413200851501,0.0066047722942513785,0.003247141712557361,4.6564709398203764e-05
2016-09-21,0.0077488071311285125,0.007538083104392927,0.008133125632239089,0.009271884062843296,0.009685278228788967,0.005735265306666576,0.008421696608018128,0.011182812267796638
2016-09-22,0.008185028693717728,0.0078049120743552925,0.008654269624043736,0.008570847312455106,0.008508367533460197,0.0072465211362264265,0.0030636559127695294,0.006281914130605479
2016-09-23,0.008298997753548103,0.00772200751409697,0.008242149366669442,0.007964965266576113,0.007727739131425836,0.005101284949362009,0.0029303195649976826,-0.005494338467918046
2016-09-26,0.008310364099995743,0.00760676681362762,0.008006837937324656,0.008089936684760131,0.008514918056247456,0.004156649240199237,0.0038874182602273077,-0.008135460257220768
2016-09-27,0.008490600243220441,0.0076395202788723075,0.008257131960478344,0.008838635188482208,0.009775310958084388,0.0050821295047116305,0.00604256017167983,0.006188901547724053
2016-09-28,0.008607833240496257,0.007560336237752156,0.007915714730196716,0.0081720743988237,0.008853231562051088,0.0060992050084901,0.007612874132209889,0.004951263044076511
2016-09-29,0.008608990403229334,0.007429674510373558,0.007515990277373413,0.007641188117278899,0.008118433162107667,0.0069492332969810534,0.009181460653886591,-0.009088451451511673
2016-09-30,0.00882469299397924,0.007539499752468859,0.00808473722488814,0.008747806116278551,0.009630016692513144,0.006606913704710519,0.006363611551608466,0.007517739456418721
2016-10-03,0.008974878592769967,0.007538195906084227,0.007967848189178455,0.008136721218977237,0.008657838488713591,0.006285024324048613,0.0038333148451248577,-0.002407004025527229
2016-10-04,0.008990237579532144,0.007332295259339258,0.007461353732702275,0.0077473266539948545,0.008718668205110563,0.005655400501998467,0.007278955380670867,-0.005110735430891388
2016-10-05,0.008988300458409558,0.007218308495942476,0.007343705322170095,0.007826616278672394,0.009303744376196061,0.007138392026935127,0.0029747599589885197,0.004415559204574204
2016-10-06,0.00902132041913015,0.007081494805151353,0.00700771458674562,0.00734519077062424,0.008552180573400344,0.004902502459908696,0.004794594457029447,0.0006951762263173498
2016-10-07,0.009024755393726104,0.006867875272163923,0.006560894141596072,0.006934658341432645,0.008109119482579301,0.005375213178426988,0.007274164711285182,-0.0034354194425400184
2016-10-10,0.009039813725332264,0.006711614896098521,0.006435811672274968,0.006881481750399,0.008431068637913184,0.006248601297531234,0.0027131654677761347,0.005195058035227311
2016-10-11,0.007293664523252283,0.006630410675220839,0.006379877812640893,0.006541761045653691,0.007726323222065204,0.003878258124723874,0.009579409184225725,-0.01270995253083511
2016-10-12,0.007194875311531686,0.007142631068375465,0.008245326118044937,0.009318108542167986,0.010158169664867142,0.006274744615696835,0.005052431332167042,0.0013111063961173698
2016-10-13,0.0064354215171473095,0.006932480642822126,0.007580908459718217,0.00862992197041761,0.009498474841965135,0.0056252831426977885,0.008796479746392753,-0.0032808695730208504
2016-10-14,0.006482787476943474,0.006769163678079272,0.00722322128649397,0.008259111842711749,0.009629323632364208,0.006137358141649091,0.0053764896990109575,0.0005161403695960223
2016-10-17,0.00608945497500868,0.006564165319327176,0.006736824776800726,0.007715931021775495,0.009078975234568023,0.006987494426531499,0.0040728346741362885,-0.0034785396178661997
2016-10-18,0.006078279407088202,0.006420980036682412,0.006577383907536704,0.007525497402744361,0.009297641316810734,0.00608614222533299,0.0035964725276111703,0.006243268821291008
2016-10-19,0.0062401473018050425,0.006410456293282085,0.00662824062250749,0.007088124715970472,0.008437541359257582,0.005551515309321463,0.003917421307169235,0.002663610777334532
2016-10-20,0.006265800676261675,0.006249320141998092,0.006306764005979107,0.006716513176023985,0.00788537962255493,0.005841508298288321,0.0054903794206506455,-0.001868594896883911
2016-10-21,0.005746865073427089,0.0060762044827566255,0.006090956905464816,0.0065073580914478,0.007928130075727662,0.007007086251275127,0.005102136390026989,0.0004675177080825812
2016-10-24,0.005543803971158173,0.005892211777400542,0.005824064473714236,0.00622690110949025,0.00756445432800607,0.006913163806486617,0.003210141434193544,0.004243850577617364
2016-10-25,0.00553059208505066,0.005806520999312927,0.005802438180865132,0.005992315560752075,0.007005014088100445,0.006023184640530182,0.0034454330956037536,-0.003356450871901787
2016-10-26,0.005282354332474988,0.0056893488815385265,0.005845777592610286,0.006116593010385186,0.007432290708554095,0.006053706127753172,0.005475512367436968,-0.002009526835620371
2016-10-27,0.005100711605837424,0.005537947376085887,0.005674808236477541,0.005959336560895812,0.007352835561908146,0.007187299952398173,0.003534696543752148,-0.002670432486260726
2016-10-28,0.004969944186324676,0.00540893723865413,0.005652758544112177,0.005970155982478501,0.007582970791818588,0.006171440235059119,0.00837721404150634,-0.0029599215616807452
2016-10-31,0.004624954347603396,0.005294041373815996,0.005667257925596635,0.006021713840922646,0.007845442465282128,0.006794890853992476,0.0029522588645198747,4.7006237953790525e-05
2016-11-01,0.004251494210407994,0.005132776461019846,0.0054772053354961246,0.005809192868380978,0.0074964958873016685,0.0050272268032279695,0.011516072422174882,-0.007271689116409093
2016-11-02,0.004468546515498084,0.005285576440012347,0.00627628374860887,0.006934644256375782,0.008690201357670516,0.008171121492368249,0.006649589668691849,-0.006036711628551329
2016-11-03,0.0045147993024533695,0.005333628449957682,0.0065848182616590825,0.007393754671990438,0.0094533499432099,0.005986126547090197,0.00563716849536779,-0.004587949056182841
2016-11-04,0.004389751206168058,0.005291851612450396,0.0065829304894915895,0.007435681927628688,0.009817207177788327,0.007416907372742713,0.0058361971453541155,-0.0011019283922764876
2016-11-07,0.004361479781960077,0.005137735556624584,0.0062462019821921825,0.007037595878408516,0.009456422031870793,0.005798126222704221,0.008922337253998998,0.02181711868839061
2016-11-08,0.0066941467224678735,0.0073055969723641095,0.010666528009172185,0.00666006135786109,0.007766649088292641,0.006546592108555069,0.007887469117823032,0.004494014458599887
2016-11-09,0.006666433598737319,0.007168068934692592,0.009727583815174723,0.006341457144586055,0.007159341374407599,0.006160430393035281,0.012294194903565132,0.0105459156281077
2016-11-10,0.0064569776963106775,0.0074142646097549465,0.009727942053419454,0.006074206802007113,0.006290216358698707,0.009705673055087823,0.011716606155833484,0.0024924585812070676
2016-11-11,0.0064681283944972145,0.007214276228978119,0.00883604750108224,0.005851336252746964,0.005941524227465769,0.010453375954015989,0.005156639317129189,-0.002307290251658715
2016-11-14,0.0064415282417765,0.007017296481968165,0.008151552123547883,0.00583463446047655,0.006247789901058516,0.006833539061489294,0.0057324447431342405,0.0007851467269526513
2016-11-15,0.006441294289359842,0.006806239067492625,0.0074867179779360225,0.005652681356487204,0.0059998497179932974,0.007348149574229519,0.00380755679597848,0.007772221569628424
2016-11-16,0.006537504696916324,0.006868030468545909,0.0075505194233542175,0.0055025953125520865,0.005388383015663872,0.005308553871109577,0.0025298731333898154,-0.0018798518089340418
2016-11-17,0.006470669921797484,0.006674704677757331,0.0070716381738472065,0.0055034142233888975,0.005660870882680409,0.004875277495155626,0.0029725236754392865,0.0051274241899747774
2016-11-18,0.006526002963500905,0.006592117286016335,0.006858467700810279,0.00538002492140636,0.0052227650133362495,0.005204468416588008,0.0031828218469543246,-0.0022398917742106933
2016-11-21,0.006534761054099865,0.006414801368978641,0.006539654070178047,0.005450120291696809,0.005585208454959091,0.005096360793429242,0.0030374203060547326,0.007523028765407169
2016-11-22,0.006684716167686416,0.0064866365487478836,0.0068039348276724785,0.005336390913073959,0.005023803350848448,0.004452329178285955,0.003971994128792149,0.0019514767105021816
2016-11-23,0.006653805232891743,0.0063071675238348225,0.006403634275832713,0.005243512542140817,0.004816973942368978,0.004238899797130336,0.002955295787357971,0.0005435407615744346
2016-11-25,0.006572902392645997,0.006116475017267974,0.006057805734250805,0.005167911323902105,0.0047078567683850854,0.004414497755823411,0.0015233500108983527,0.003708984198798276
2016-11-28,0.006541654485191795,0.0059993320016371475,0.00594240004844882,0.005098702685541887,0.004437262463800456,0.004167562752393002,0.0035439410396617107,-0.004706050784736615
2016-11-29,0.006624253032252206,0.005929694784491588,0.0061190528044549435,0.0057090128426902165,0.005424512928235573,0.004465975615648007,0.004578538296538063,0.001948478052798993
2016-11-30,0.006541181630741401,0.00576882981429748,0.005861830416120279,0.005548129588067279,0.005182142603044159,0.004945233978489622,0.0038726737206846106,-0.0024021289888115646
2016-12-01,0.006596335911980098,0.0056239529693518225,0.005776349499223113,0.005604903452487743,0.005578511385391684,0.00456916160340318,0.004540124958692648,-0.003682298542779424
2016-12-02,0.006395054899420382,0.005526723761405272,0.005851546957606903,0.005860830782968247,0.0062073374178129295,0.005450891920809544,0.0037243638453679875,0.0005006428123402553
2016-12-05,0.00614389887801023,0.005359760591325103,0.0056252712574132455,0.005674066591561374,0.005972854492300933,0.006085411456470035,0.0034820264507877583,0.005991060199993811
2016-12-06,0.005990878941973689,0.0053997203371785206,0.005870594641120672,0.00551920962283571,0.0054670834308352765,0.005672712863796395,0.0037165860733456477,0.00316211993627901
2016-12-07,0.005927190530454575,0.00529221136067332,0.0057320237825320705,0.005391383313570676,0.005155550383374701,0.004978259654976979,0.006932502847187831,0.012996022791981738
2016-12-08,0.004707470093256192,0.006038281835543941,0.007517829300972142,0.005286290607209592,0.004369961340947184,0.007144501202193151,0.004948565444310102,0.002445881116509334
2016-12-09,0.004685074401628022,0.005884907538789214,0.007015889403015611,0.005200191222100506,0.004185301521203903,0.005830711661343931,0.002345379046455347,0.0060220657150918
2016-12-12,0.0043859678880363104,0.0058932270501233265,0.006926737509414284,0.005129866546723385,0.003823723079425846,0.005345746498893148,0.004356310266567687,-0.0011481776544401802
2016-12-13,0.004444507400957697,0.005720613277963851,0.006537195523427768,0.005132289536587545,0.004075093907634292,0.005443547405104973,0.004252668764520018,0.006651862604569517
2016-12-14,0.004439830390118158,0.00578072035874938,0.0066506196462595615,0.00507454711214705,0.003688699978553246,0.005500208923459243,0.009199300107106099,-0.008288807460960298
2016-12-15,0.0050127053024825625,0.005961038830739844,0.007286314313203665,0.0067932988067385906,0.005757365817410744,0.006516800626298537,0.006679346610094623,0.004108746949774942
2016-12-16,0.004863294289229629,0.005866417390105314,0.006933455465864924,0.006456700379516801,0.0053698682767116986,0.006918841388433383,0.0041211707224677345,-0.001957664496405355
2016-12-19,0.0048662872395615646,0.005707881290992605,0.006589978944913227,0.00629004911762166,0.005656204547726086,0.005423106688721822,0.003325168825219069,0.0021750682900096153
2016-12-20,0.0048083115161011636,0.005559583583876757,0.006249001209111495,0.006032522903230138,0.005381248296403146,0.005772746263760195,0.002390391442846124,0.003850097207085144
2016-12-21,0.004743210796297031,0.005472095243943173,0.006085336660149217,0.005817045918742595,0.005040335215715258,0.005391595242757378,0.00194933365534811,-0.0027864876203595335
2016-12-22,0.004672853992546708,0.005349118392105692,0.00598689797846584,0.005874112349465398,0.005531753423704571,0.005382859777313765,0.0029238990919783093,-0.0017289797155550142
2016-12-23,0.0047230449209447615,0.005203426349032493,0.005819425157342636,0.005788416566932873,0.005756106157544194,0.004048466628490293,0.001638107593689141,0.0014631050552571887
2016-12-27,0.004719894419801833,0.005057622722957934,0.005608315933409337,0.005613937426600077,0.005510841788337586,0.004120841643968299,0.0025422220158536745,0.0024779710250966915
2016-12-28,0.00469670264696636,0.0049409710761536265,0.00549404957873694,0.00548141303429775,0.005095370965591324,0.004137324922048538,0.004846085368847796,-0.008298701275395965
2016-12-29,0.0049827558693768354,0.005203893737996486,0.00651636737725192,0.007025428359252069,0.006772521826600957,0.004422202998131327,0.003846099267125689,-0.00022291010253895705
2016-12-30,0.004987210998168809,0.0050456576151188,0.006170479798232094,0.00666478062566648,0.00659616769809611,0.0038669711144970953,0.006712331886787392,-0.0036615681176101265
2017-01-03,0.005037683370103227,0.004973486301143283,0.006150884285423589,0.006688515755011102,0.007083396790571853,0.006781518375894209,0.0071406217991603375,0.007620937466220599
2017-01-04,0.005120528178809518,0.005170701432131137,0.006536669085505633,0.006373255866533604,0.006396564902081161,0.006800291634693222,0.0028006605891089495,0.005931537977784454
2017-01-05,0.005204313320532192,0.005219480114833504,0.006550128381148556,0.0061073614952856445,0.005861266342749833,0.005226451019095688,0.004001754026666135,-0.0007949046928993316
2017-01-06,0.005138234305327397,0.005064218273064603,0.006216489481932074,0.005912837130990586,0.0058687807098533,0.004866450310568704,0.006381543334791165,0.003571366689504913
2017-01-09,0.00514590502382411,0.004987264572494752,0.006039177819894571,0.00572198938532959,0.005507005144621507,0.0058767599923477505,0.0018804353514573463,-0.0033063802719230056
2017-01-10,0.004506812066423722,0.004902689921997033,0.006008449503753383,0.005880202186185137,0.006029219602706309,0.0042980980480259974,0.005250406630019748,0.0
2017-01-11,0.004490267061774249,0.004753334236404611,0.005758810480526809,0.005697088260625502,0.005878065473390137,0.008993936940715298,0.004979441554569881,0.002822135339096146
2017-01-12,0.004347531060797798,0.0046600860564509055,0.005625025037484019,0.005542792867250001,0.005557262334156086,0.005045331476838347,0.0065515904779297925,-0.002512826184551507
2017-01-13,0.004381950016974541,0.004559854784567434,0.005606866967290009,0.005615319347031408,0.0059172882470557775,0.0057126886279992755,0.0023734635746718636,0.002292644385411687
2017-01-17,0.004165855699954129,0.004456468581022372,0.005475427831866366,0.005475135085724491,0.005622944547195586,0.004312306105542711,0.003575191854261398,-0.0035295961961959487
2017-01-18,0.0037981164612896556,0.004406357729385261,0.005609563776217968,0.00572811231165259,0.006179254250959773,0.005306067698611435,0.003217580990489582,0.0022072525229789156
2017-01-19,0.0037262073994672323,0.00430619866645354,0.005473296388603875,0.005568501093315248,0.005867845788622129,0.005095492349002227,0.004985744321595032,-0.003711219157143601
2017-01-20,0.003797525194861987,0.004272836879124834,0.0056319202369516895,0.005834259657765365,0.006437202022742989,0.005268158609454089,0.004886393643445591,0.0036672590018732468
2017-01-23,0.003850243095367538,0.0042389425817156235,0.0055935763144068715,0.005656614031253976,0.006022388780142291,0.0050070603877785365,0.005304774531299853,-0.0026055156673626726
2017-01-24,0.003806298200052977,0.004159067067503161,0.005592079988042377,0.005718976279800773,0.006358203610044721,0.008131214820351338,0.005350843983083387,0.006391545241178653
2017-01-25,0.003998749671430924,0.004325630540611622,0.00591942360039526,0.005560928333933252,0.005801314415617561,0.007937794582636198,0.002650848321931409,0.008618016267334449
2017-01-26,0.00434756937040296,0.004695170610582979,0.006569517023064662,0.00543021319422486,0.005172000294411243,0.004318560455833452,0.002513473164601822,-0.0010457636303548821
2017-01-27,0.0043650985530781896,0.004559338409568608,0.00624313471837319,0.005369952584058368,0.005282922243106016,0.004524191889746973,0.0026324246751742667,-0.0015712005591737757
2017-01-30,0.004374729930632256,0.004437164973360628,0.005918084348702272,0.005252648578734372,0.005358308832922798,0.004460734476631171,0.006202985921456996,-0.006220750056485837
2017-01-31,0.004183547547102686,0.004563878930984632,0.00634490867510005,0.006215104868063974,0.006504856148646214,0.005806596184074051,0.00431822210166781,-8.838982559623353e-05
2017-02-01,0.004182224714614718,0.004424897762498071,0.0060059938256806274,0.005957861054232905,0.006320955585407221,0.004827087795885699,0.005982275070967601,0.00039567396469431914
2017-02-02,0.004064155548513062,0.004291192196724242,0.005725237615242454,0.005738025288941381,0.006091152320847796,0.006042387970337598,0.0046276829615741555,0.0006588243933458615
2017-02-03,0.003757771157910335,0.0041635938341713224,0.005499320070264422,0.005554269720870796,0.005865350615372756,0.005511264561002647,0.003572646596974309,0.006868997515989979
2017-02-06,0.0038299984600453072,0.004373370600746418,0.005915727929508823,0.005401416579287655,0.005309318908605168,0.005093192583363609,0.002846555030931673,-0.0017890434279001506
2017-02-07,0.003853866953055861,0.004262725509577113,0.0057445306070340145,0.00539151283005418,0.0055407560288704034,0.004604168594961662,0.0030904371564053,4.369401897515502e-05
2017-02-08,0.0037910031436726205,0.0041328795764983455,0.005520993923728984,0.005268492774004745,0.005412893951799316,0.004557242904698446,0.0037837801180425927,0.001309548118471952
2017-02-09,0.003700456979974361,0.0040197943920905355,0.005343574567035715,0.005165194308841632,0.00520360180224379,0.004894805515241328,0.004390181236498605,0.005915101140997528
2017-02-10,0.0038750253852898988,0.004157947501820506,0.0056390873678604314,0.005080297749504229,0.004750719418683444,0.004469736718888785,0.003787272696817446,0.003938378183562856
2017-02-13,0.003910738703775178,0.004145101343179379,0.005599240402679464,0.00501073471130427,0.004440102113228509,0.004803007578072263,0.0029145287897518533,0.005427851156608824
2017-02-14,0.003946374641172706,0.004233042325232743,0.005752578840465292,0.004953882842605409,0.004067821421782373,0.004147730277192924,0.004199732915134814,0.0039874197174629535
2017-02-15,0.003984959301416318,0.004218708267677662,0.005691911881915955,0.00490752130234724,0.0037995542635140688,0.005538597124723443,0.0041635540189281115,0.005206738736497971
2017-02-16,0.003902540655146853,0.004284420284836031,0.005790961991711875,0.004869784190155248,0.003479785771087338,0.0054203822434687795,0.004563206761571848,-0.0008516784132960568
2017-02-17,0.003943091823105085,0.004159134899671813,0.0055882499435883325,0.0048782074608810875,0.003662386045858196,0.005393160153668771,0.0020605963046601418,0.0015749149073098728
2017-02-21,0.0037479622231807726,0.004050841930360155,0.0054034317310031645,0.004845956539385398,0.0035563077889866966,0.004243032387875649,0.00285531465862572,0.005937541077443693
2017-02-22,0.0038333555646197985,0.004188081275101764,0.0056862176043835245,0.004819771630933594,0.0032106763417181204,0.004192752364793975,0.002352955284622705,-0.0008882820887375052
2017-02-23,0.003747443177410304,0.004066320939743548,0.005507052358117761,0.004840478573122795,0.003416231451637263,0.0035504273942097405,0.004490807310103158,0.0006769184208417196
2017-02-24,0.003624682431753591,0.003945929692582666,0.005325944061806372,0.004815327177212303,0.0033767817495327208,0.004387696222562253,0.0027981926583405424,0.001268184282631767
2017-02-27,0.003272649585780813,0.00383831173212391,0.005188900657009654,0.004794932975810388,0.0033045255743343166,0.003635763938956388,0.003025161590686494,0.0015614126360041789
2017-02-28,0.0032217149663657497,0.003740983734390576,0.0050889007577671315,0.004778410716585967,0.003218894334251424,0.004048386632589019,0.003192649142122422,-0.002702608933329926
2017-03-01,0.003286017800570063,0.003686937407348713,0.005054546103551282,0.004899201155267099,0.003695939850368835,0.003959057087135625,0.005246055435893942,0.013900476400999508
2017-03-02,0.003804215482741917,0.0049367288409886845,0.007495702970406062,0.0048314124675324435,0.002916528931988874,0.0074360549386995375,0.0025995429437736793,-0.006317455591618624
2017-03-03,0.004234106730949973,0.005030271251096397,0.0075329370769459825,0.006006099247337356,0.004446376995348238,0.00396473421623531,0.0029580328148171415,0.0006290895382425931
2017-03-06,0.00422944730116267,0.004879462710878943,0.006928577527569717,0.005748482960706941,0.004335705242622144,0.004396015231238736,0.003809110439415812,-0.002982040973663197
2017-03-07,0.004368441844171965,0.0047868738303994355,0.006627130907574943,0.005825666341286446,0.004891346953272159,0.00493611442982002,0.003342040677440508,-0.0029912584295475986
2017-03-08,0.004352660365094017,0.0046985283891462825,0.006389807686714933,0.005888529684085232,0.005401119323339931,0.004716674689477743,0.0036035288813459857,-0.0018584666826931974
2017-03-09,0.004355360292839581,0.004578081780269722,0.006096305819417458,0.005778375672089153,0.0056404222829063745,0.004216392833694711,0.005220798829838601,0.0012675414625151755
2017-03-10,0.004342207504824724,0.004449460922536464,0.00576115216373099,0.005557699347392849,0.005404081726736681,0.005864652854107535,0.004907979181392614,0.003497869269456807
2017-03-13,0.0043606164821938746,0.004398175271255218,0.005614418427726725,0.0053737580649545254,0.005056789702556631,0.0047884233331187305,0.002078116492840187,0.0005047392445124996
2017-03-14,0.004259246473608399,0.0042659810918447725,0.005372747187876233,0.005221213654294949,0.004910087638760185,0.004045781593824314,0.0035653297563732695,-0.0038339182790888553
2017-03-15,0.004369922431178728,0.004241298711204198,0.005539995696584198,0.00558553669077278,0.005594784386314936,0.004781289870154399,0.006134724447983576,0.00861620349408174
2017-03-16,0.004578368699419197,0.0046220813094631115,0.006295833715870801,0.005396907234618732,0.004947921525776211,0.004982287029068722,0.0032932366541615567,-0.001968892091810668
2017-03-17,0.004584654391513033,0.0045071509468357735,0.006030580286087102,0.0053925461860800175,0.005246247306847314,0.004503583082228983,0.0024185513788645085,-0.0017576099611218156
2017-03-20,0.00451375580110655,0.004391001781442924,0.005803748478985094,0.005363030614171168,0.005478702041605996,0.0035720736109643918,0.0035416430792800536,-0.0010972528631359231
2017-03-21,0.004518109231115593,0.004265709867852762,0.00557842887832644,0.00527293414320554,0.005565131969013899,0.005003518531711936,0.008180937187984013,-0.012922963735164997
2017-03-22,0.0053887886707865255,0.005208136263397689,0.007931167094726708,0.008878532423303383,0.008395789553268416,0.005977249211259075,0.00528340212749683,0.0023505460021430616
2017-03-23,0.0052437573345835205,0.005082195030527891,0.007290695221629062,0.008210413348535412,0.00785353134352406,0.006033103274788253,0.006085979727114195,-0.0010678066435321507
2017-03-24,0.005245012613455063,0.004934308118703303,0.006773407921742858,0.00767096827149428,0.007722861391158964,0.00458567893667339,0.007169375365529453,-0.0007266008347033945
2017-03-27,0.005241566315989663,0.004787298793689689,0.00633647238569189,0.007190395085118306,0.007542191972020223,0.005546907476925609,0.006283574075069487,-0.001026941589179007
2017-03-28,0.005230805113141823,0.004648269839124458,0.005998459063616785,0.00679578947335101,0.007433670310042205,0.004611305669130984,0.00694275932986859,0.007250671145594204
2017-03-29,0.00548021772512655,0.004844002649789575,0.00632761699657439,0.006416457117683907,0.006705712386076248,0.004970865080121664,0.003393705263325547,0.0009341385232728925
2017-03-30,0.005453051834578776,0.004702005620768446,0.005984374475401707,0.006142496028060405,0.006438610360461148,0.0043318332427938165,0.003579192376721975,0.003179077071603002
2017-03-31,0.004508511631612454,0.004624793758418346,0.00578021754468942,0.005883319431651737,0.006050315183591768,0.004436270456188824,0.002864328492964314,-0.0023301553557485396
2017-04-03,0.004331369871916779,0.004520085365161413,0.00567020886399134,0.0058413811531338525,0.0063189182096556095,0.0036345339664699363,0.007316981702962812,-0.0017405872588155446
2017-04-04,0.004336774750632829,0.004403076202631368,0.005533049551567808,0.00573839914803651,0.006454816804110797,0.005846538160991767,0.003266586863757029,0.0006369530523223418
2017-04-05,0.004301404692316561,0.004271790935293967,0.005326461882337188,0.005543020651998401,0.006203241178700108,0.004291916053236972,0.008880278010748074,-0.002976924130946869
2017-04-06,0.004300947735979656,0.004205357364606836,0.005389311192549194,0.0056629566998218465,0.006580108039236501,0.006092947180253575,0.00544344535786769,0.0028072790594167547
2017-04-07,0.004333626516365338,0.00413482498701652,0.005283816248115595,0.0054798214546759325,0.006199960628454135,0.006812213488391468,0.004775555792045048,-0.0010198967475033148
2017-04-10,0.004328409597763536,0.004016638193240072,0.005180063364229498,0.005376718545274007,0.006215413122966517,0.0051630518000689565,0.005370959138393559,0.0005949103999138609
2017-04-11,0.004252504230565562,0.003897000710277933,0.00504663048036558,0.0052411038618086925,0.005986067786747381,0.005540410945775956,0.00647479743566591,-0.0011904743716044937
2017-04-12,0.0042532232199505825,0.0037895186260947624,0.00500604206784527,0.005193916008617781,0.0060503284250999715,0.0061408869788674575,0.003574377596763334,-0.004391448963621863
2017-04-13,0.004277745605294822,0.0038283042946549743,0.005355579335371553,0.0056791508594467,0.006716741335914458,0.006343047140200902,0.006060983830388144,-0.006516109635212054
2017-04-17,0.003949612216418108,0.004040314348266914,0.0060043371044964855,0.006593891927184201,0.00774363688457712,0.005713871368496109,0.003892372482306036,0.008820812138988202
2017-04-18,0.004494381786627605,0.0044735998075735505,0.006631983728981896,0.006266554287393864,0.0069456863901043355,0.005830924288829743,0.004964412660597696,-0.0029885651991907168
2017-04-19,0.004518464350528161,0.00439865898212303,0.00640704830724358,0.006245901770831401,0.007255325112536257,0.0056856883990059935,0.005275896065368111,-0.0018403713047864933
2017-04-20,0.004525136666616633,0.004288417748181701,0.006126755995601002,0.006083580635417956,0.007324507578751548,0.006987654470373089,0.006288642514151417,0.008106157335427496
2017-04-21,0.003972114994029589,0.004607567946405882,0.0065721282290119535,0.005833529914884989,0.0066010771976795935,0.006464503480536324,0.003620239784279376,-0.003191855053668246
2017-04-24,0.00401483217184038,0.004535105043868307,0.0063807859770397095,0.005929786182469885,0.0069817129214766495,0.005717326265797563,0.009984682532618907,0.010937876092963374
2017-04-25,0.004650263213110009,0.005148919799228355,0.007370967678583683,0.005703832371073711,0.00614429006027872,0.007862482447709655,0.0034381274800814998,0.005802001654896152
2017-04-26,0.004771360630147743,0.005190422524723558,0.007147059837239461,0.005514049723768745,0.005640838626297151,0.00610160909128037,0.0040690418406822615,-0.0006291958510050922
2017-04-27,0.004763922823630639,0.005034660869530691,0.006664085964451988,0.005380892025595203,0.005632280808011742,0.005759275780043232,0.0033228646575654587,0.0008385202737927913
2017-04-28,0.004541151398540077,0.00488560420438314,0.006242366613377873,0.005244571634735554,0.005436178970150928,0.006229315854841344,0.00240427454591613,-0.0021819125570828007
2017-05-01,0.004582438027917095,0.0047668254929017885,0.005978254712434152,0.00525966415978877,0.005651694967430767,0.004620352363470429,0.0033598306704605086,0.002516902717160674
2017-05-02,0.004565405714087128,0.0046625482003139354,0.0057191537294570905,0.005133941929318871,0.005357176103693803,0.004128223685540632,0.0023461115639608426,0.00037725493748030014
2017-05-03,0.004520106560101492,0.004521452604452122,0.005462207902304812,0.005029903635655328,0.005190978168080934,0.0038271217216266505,0.003997624936694992,-0.001215199096058884
2017-05-04,0.0045078938999122105,0.004393805203423588,0.005317421778965525,0.00501464114847448,0.005307696573084841,0.004110046436063341,0.0039484686528509574,0.0011732643414458603
2017-05-05,0.0045094352850045625,0.004269635308616975,0.005142611887430718,0.004931548053866939,0.005105949739815458,0.0039543547661018115,0.003244274739151054,0.0039292818971744066
2017-05-08,0.004482787288792329,0.004249982811979501,0.005179143506194179,0.004863267294393612,0.004785376421472392,0.00396060413670719,0.0025740575113106733,-0.00016658471456742504
2017-05-09,0.004469380870634065,0.004120713250885285,0.005043555242912734,0.004815346641217027,0.004743003550786597,0.0033360148005616673,0.00364126234900335,-0.0009186598174521588
2017-05-10,0.004467321787054393,0.004001511862518009,0.00497099735375926,0.0048163173062575355,0.004840127369047449,0.003502975807142898,0.0020144438674269747,0.0017941489140722482
2017-05-11,0.004471550315520954,0.003904421797689384,0.004886432048309216,0.004768898830595141,0.004642909993218806,0.0035270938219196307,0.004983522391691747,-0.002044712066907555
2017-05-12,0.0044954156329155,0.0038184669497075816,0.004938862475524854,0.004900562002470502,0.004959714932801124,0.0036798348891119467,0.002607041535153349,-0.0016721991780358854
2017-05-15,0.0043738894471219815,0.0037247313273187917,0.004944419664279823,0.004957394060738655,0.005180162069145424,0.0035219516174998496,0.0023051896410924383,0.00550806663760554
2017-05-16,0.004120942362318998,0.003855066009567878,0.005245918390857143,0.004884485650211719,0.00477877557620004,0.003649605746417859,0.0031546925849847934,-0.0009159190391216849
2017-05-17,0.0037994768256215047,0.0037443525959785892,0.005129087959887104,0.004872127430001938,0.0048726814602142714,0.0039157459272181235,0.007559686079405758,-0.01790346238895468
2017-05-18,0.005579922435326987,0.005693066283822261,0.009289229974777815,0.010872355425574657,0.009296894073323469,0.00646241502440866,0.007449285739223211,0.004020683337590931
2017-05-19,0.005609005633175234,0.005606808107947431,0.00853609073841834,0.009981406799973086,0.008594944589249672,0.006705008874896068,0.005523293250958341,0.006482980625023854
2017-05-22,0.005511816088256561,0.005663202415316835,0.008154953746637017,0.009197459073643256,0.007847469249595406,0.005159608622650445,0.00243097345994442,0.005064522176235148
2017-05-23,0.005522482289604826,0.005629077454916929,0.007686767688767934,0.008510362411072402,0.007238815124925967,0.0036695406153243316,0.002497734145122919,0.002210446456977753
2017-05-24,0.005044129164528123,0.005484385710924857,0.007102978376216198,0.007910774741350301,0.006823035161353642,0.0036526152964492732,0.0026087718032901355,0.0023298334150513326
2017-05-25,0.004919588417825837,0.00534784674921957,0.006624949932947646,0.007390042781709631,0.006438856580390586,0.004000016521472778,0.0034436064101266094,0.004768426827418554
2017-05-26,0.00500290789780144,0.0053148631804080075,0.006425663965168787,0.0069401064075303364,0.005971129610227289,0.00367308157018806,0.0014519886668206998,-0.00020717047212053555
2017-05-30,0.005006312547888804,0.0051532009047911605,0.006046029968917868,0.006560286814048132,0.005842265528270041,0.003850867939361389,0.002102447981154368,-0.0008689673786755516
2017-05-31,0.004977731829671518,0.005000745649355118,0.005728395058922357,0.006219518242293229,0.005857291349500825,0.0038305570744476746,0.004075399447112623,-0.0002484984439732954
2017-06-01,0.004963242506365889,0.0048487848699618466,0.0054795278434239605,0.005940620226317083,0.005750581254187227,0.004308248392517346,0.004226222043776424,0.007920757302635072
2017-06-02,0.005216807942533198,0.005085703059272678,0.00607688467243765,0.0056970242996210105,0.005178232317581506,0.004287601508690252,0.003682769506664971,0.003322859478087961
2017-06-05,0.005218506782931373,0.0049974990522597285,0.005844493946933986,0.00549372267911947,0.00487689180475209,0.004328583837135001,0.0018285076735156914,-0.0007376679588819401
2017-06-06,0.005234220193997458,0.004848623125357376,0.005591736943907045,0.005358752603153118,0.004938248069262664,0.00369905570306466,0.002893375599293182,-0.0032017306265110946
2017-06-07,0.005268051617747061,0.004765885246135251,0.005610415441677681,0.005560418585586056,0.005469592660042493,0.0034665533145244102,0.003698380637320391,0.0018486225678960458
2017-06-08,0.0052699790899295605,0.00464283176224187,0.005388835732639493,0.005380225209813107,0.005220097867988643,0.004159388652647512,0.0039343476983630275,0.0004923364670047541
2017-06-09,0.005256105640807983,0.004503007581376874,0.005194455501163938,0.005231125833950655,0.005059854644557759,0.003776687808067359,0.010190739638423155,-0.001518726261132729
2017-06-12,0.0052761989947503665,0.004381648594836947,0.005131483150911508,0.005209812985878614,0.005252373235376786,0.006954511494237997,0.0034724294186594517,-0.00020569366646301803
2017-06-13,0.005243567388495229,0.004248464703535123,0.0050074441505349445,0.005100436719486769,0.005187525199441025,0.00433520154272313,0.003048699941905702,0.004877950080150242
2017-06-14,0.005284735164987721,0.00428884005484222,0.005195999052138048,0.005001134331256937,0.004807941154530936,0.0042571089287963,0.005024658110860124,-0.001268230531423806
2017-06-15,0.005208264828167626,0.004169772727128903,0.005113815529855119,0.0049994594908528,0.004973495240768688,0.004687100018971868,0.004144048225842176,-0.0019263725425713977
2017-06-16,0.005229287313140884,0.004070189060783283,0.005105073795942898,0.005073451010792147,0.005250803116048391,0.0046586793248884215,0.004077110220428787,0.00021848278553354578
2017-06-19,0.00303693419759243,0.003946557580315176,0.004975391558333187,0.00497976193966797,0.005110399935441094,0.004694959810951971,0.002788944325243023,0.00829093445251797
2017-06-20,0.0033361018865793795,0.004331878735192798,0.005821649963413394,0.004902562442345703,0.004570851735373725,0.004126112062773882,0.0022122390722031297,-0.006767213672045286
2017-06-21,0.0036435046023817062,0.004515193664375607,0.006388962836353232,0.006191691936088501,0.005918567610349865,0.0037614811904535714,0.0037141491544713566,-0.0002470529685333863
2017-06-22,0.0035419712531140793,0.0043780609300652995,0.006009918650474393,0.005917202115828211,0.005806415330026891,0.0036177241718146733,0.0030055565529196883,-0.00045275250863282136
2017-06-23,0.0035407105969712835,0.0042461360725919725,0.0057116065380084435,0.00569498681407884,0.005740617532629838,0.00367863078694463,0.003476755028294042,0.0011935123101358264
2017-06-26,0.003524517662219676,0.004127149082867678,0.005452717098001123,0.005492027053217603,0.005502649875072861,0.003918887835070844,0.004128447522001924,0.0006578008750872612
2017-06-27,0.0034008682791898392,0.004004662295195254,0.005243941480623294,0.005323550601768945,0.005311505850937206,0.0033877520038525957,0.004851990385288999,-0.008088974425422744
2017-06-28,0.0038867440304561174,0.004359010361074358,0.006311333652128934,0.00691551950583869,0.006867339973841259,0.004665856914651536,0.004115614598670398,0.008910833253206567
2017-06-29,0.00431950986557872,0.0047565838586388345,0.006798736724553706,0.006492025014208296,0.00612776391638402,0.0048835285603842865,0.010830936961034227,-0.008828043576270065
2017-06-30,0.004786497634659853,0.005093490532736769,0.007493620010628111,0.007934281694489176,0.007741103805120502,0.00634068862552192,0.003578866530729933,0.0018630219629497196
2017-07-03,0.0044709481910428185,0.004959362671626297,0.00691716512035374,0.007376372928377601,0.007288694665336264,0.004314470176701493,0.0034412947735181897,0.001694225178393326
2017-07-05,0.004422936444680907,0.004826156375367796,0.0064362570219950255,0.006898231516157628,0.006887957869422303,0.0038444269372634858,0.004449079002899108,0.002309356523054759
2017-07-06,0.00445264689446537,0.004713201235993171,0.006064612950630571,0.006490915942740539,0.006491517622179702,0.004423410321880704,0.004154997743334803,-0.009186606123800217
2017-07-07,0.004841869943307587,0.005093626788638929,0.00708196800775276,0.008058658244826055,0.008134781772195836,0.0043515495410644065,0.005231615529664663,0.006464486121010284
2017-07-10,0.005044440549722973,0.005186107083231872,0.006984303042782742,0.007483332611443028,0.007406142738619962,0.0055795106280136075,0.0034621009968930244,0.0010731343268491431
2017-07-11,0.005049280465825147,0.005034983745259823,0.006480840885371703,0.00698967589116521,0.007027301429014326,0.0045707470767200106,0.005789794088918952,-0.0007429388359711093
2017-07-12,0.005040786567528725,0.004884988753617397,0.006097820065397621,0.006596550879142215,0.006906805077841225,0.004101439401767139,0.0021987232871558057,0.007486768913431537
2017-07-13,0.005298582340740571,0.005078821786731429,0.006409998868625276,0.006235306250011149,0.006241465208256337,0.0035206860868147796,0.002395721780605139,0.0016786066046092164
2017-07-14,0.005207352947067488,0.004941237507434491,0.006020379236984861,0.005930867164110247,0.005935375638160736,0.003553447200580132,0.0044618731233787125,0.004653358741929094
2017-07-17,0.005283287000912257,0.004924439386717035,0.005921659277589548,0.005675886563637121,0.005498902226261868,0.004682895831441734,0.0019441557125116768,-0.00012209346084159322
2017-07-18,0.005256659116197665,0.0047745147906184,0.005622747593955823,0.005470160617378552,0.005401336161883964,0.003189837544406439,0.0030620910352059764,0.0005292016465866608
2017-07-19,0.005256044971382439,0.004630878454424045,0.005371055490766917,0.0052932746710758205,0.005226380032856736,0.00417222380003303,0.0016875613347686646,0.005399333179552954
2017-07-20,0.005079082995970412,0.004680544954500404,0.005524940022409615,0.005147570469119751,0.004808008005235528,0.003660342581151679,0.0031361509926492123,0.0004455012896994558
2017-07-21,0.0048029002772772035,0.004539268585442006,0.005293495091670567,0.0050281145781567475,0.004683155809493008,0.004506672106948757,0.0020765651519158014,-0.0008908464860306694
2017-07-24,0.004811929051060573,0.004406390606951933,0.005153689757368812,0.004978231386122131,0.0047898342919506145,0.0036533548801079125,0.002344833237289888,-0.00024310882893150153
2017-07-25,0.004809495061245784,0.004272569204159768,0.005014222986289042,0.004901351797756372,0.004769503696719355,0.0036758631875931165,0.001997144414360428,0.0024278665850251697
2017-07-26,0.004822402346487602,0.004184880992018205,0.004937564138930698,0.004827519912914596,0.004540719224686104,0.003671229787877793,0.0019949213803612284,4.0482958874073204e-05
2017-07-27,0.00482540363692888,0.004057404775778663,0.004836084756661843,0.004771066415205392,0.004487506101088605,0.003583771732640974,0.007443376552119484,-0.0009298936461280356
2017-07-28,0.004399876818462079,0.0039403887670161905,0.004799544815679193,0.004774920237586111,0.004616224030077187,0.005623773429417127,0.003022456467575087,-0.0011736375089782093
2017-07-31,0.00404593423367717,0.0038311498688073484,0.004780426374802887,0.00476112080930081,0.004692956853814555,0.0037993991016566646,0.002645067331087883,-0.0005673951014020483
2017-08-01,0.003431882796542968,0.0037170368561923774,0.0047341646394350205,0.004732090721995964,0.00472401621214029,0.00328802827546068,0.0025769921975759193,0.0022265148080131453
2017-08-02,0.0034370611208734973,0.0036448351543373085,0.004706186205664483,0.004681172732487139,0.004513068255167411,0.0035119469716547265,0.004116323592662305,0.000485034308767295
2017-08-03,0.0034362950094631,0.003535795441056562,0.004647725515685602,0.004639554752441575,0.004396955312486944,0.005122442577633558,0.002104976023933896,-0.0019417631072161537
2017-08-04,0.0034812962350468145,0.0034609196862697244,0.004723494314201966,0.004766925788248403,0.004699535739404663,0.0036912930904633903,0.002721303330325516,0.0018204558050263031
2017-08-07,0.0026229860719877195,0.0033849860753929263,0.00468013499409928,0.004709690080417571,0.004508801918989676,0.0036080086908822253,0.0012425285757022367,0.0018573469130651083
2017-08-08,0.0023514726775915665,0.0033132502380738035,0.0046474630137571075,0.004662853821427256,0.004330029348260667,0.0036871390423111276,0.006898666373607566,-0.002463962610898125
2017-08-09,0.002478231056112377,0.0032685220232644267,0.0047748575949132935,0.004863182198699817,0.0047365873816443815,0.004344641109499248,0.0035039905182553312,-4.02983194699307e-05
2017-08-10,0.0024588824777366227,0.003168965048851728,0.004711198859586085,0.004794134439533773,0.004672651615612123,0.003969963237565108,0.005398241855319529,-0.014215888301616464
2017-08-11,0.0037899319475226414,0.004643844089139445,0.007567254315883826,0.009029636548822136,0.00783698037972895,0.004289854698222313,0.0035412168295060175,0.0014757665600947216
2017-08-14,0.0037855652569008234,0.004516862170265423,0.00700243404177996,0.00835331067419303,0.007395176536882823,0.004949262696326338,0.0030775417855106986,0.0098643411127107
2017-08-15,0.004251928677694073,0.0050016232133717605,0.007469652115678698,0.007762925929618715,0.00662857493871008,0.0045661326677089945,0.002452746172776109,-0.00012196329090582297
2017-08-16,0.004251928200575678,0.004849345645041876,0.006922668529044148,0.007255093991396347,0.006423481526556807,0.003749050681486185,0.0037151691151035542,0.0017430095785614462
2017-08-17,0.004265004630305237,0.0047209605947771726,0.006467727266214963,0.006811032395906815,0.006098524029211461,0.004868896505234261,0.007275779437960487,-0.01571355147331742
2017-08-18,0.005342244276251238,0.005980398213787128,0.008947349357307666,0.010640687462151483,0.009283094724039667,0.005042578721817529,0.006741122574586438,-0.0015644874348323835
2017-08-21,0.00533760941912556,0.005810861406346316,0.008218952194467312,0.00982283627636864,0.009064076507194537,0.004549856349836941,0.0046050723633570875,0.000782513623572113
2017-08-22,0.005349503187924697,0.005637098839030919,0.007547404695754675,0.009048765864182092,0.008532031917091062,0.004110465482987626,0.004250799648771708,0.010402772504196025
2017-08-23,0.00588040725101779,0.006030201561157547,0.007973976987659588,0.008370046816099973,0.007634153920863365,0.004394392994525641,0.0029293814940121437,-0.0035919043813183236
2017-08-24,0.00588918933852608,0.005912329290657594,0.007540771173066655,0.008055567799406074,0.007942613892595846,0.003819343571790791,0.003791542056914551,-0.0023333429107990837
2017-08-25,0.005899987418773076,0.005760639611281047,0.0070811017866821025,0.007640054861795284,0.007994776364805507,0.00499756555302102,0.003991142991954156,0.002333342910799165
2017-08-28,0.005935574200295726,0.005614315626642239,0.00661845505824618,0.007143586866630485,0.0074995888820876926,0.005780497465826283,0.003301563169161982,4.095637137426327e-05
2017-08-29,0.0059347150094355506,0.005443290200208607,0.006158978821080755,0.006663092899685957,0.0071841177254604715,0.004718253816021742,0.0053039876979045315,0.0011441668905082145
2017-08-30,0.00594481602869064,0.005284902154616105,0.005819287943802447,0.006295902806112961,0.006810346120341891,0.005084649916273686,0.004536029083310057,0.0047264264323073684
2017-08-31,0.006023954576958472,0.005253068222099806,0.005775274266880014,0.005985154509021834,0.006309118108480467,0.004510171076930671,0.005295347808959164,0.005998091343519162
2017-09-01,0.006175935818023321,0.005300723364521554,0.005907644533249876,0.005723751606448331,0.005797074079326,0.004750254714981654,0.0021876764215788165,0.0014131264853264867
2017-09-05,0.006166318311812692,0.005150885718375578,0.005620710360635527,0.005505140596568884,0.005539239352131381,0.003398241646052427,0.007871499920745819,-0.007207944197426056
2017-09-06,0.006357227830792978,0.005296885295712192,0.006268606397750874,0.00667963184709726,0.0068190756226733165,0.005375905818370631,0.003513556626468407,0.0034079254241976427
2017-09-07,0.00639196620088659,0.00520292336553112,0.006005197784979659,0.006309942661290247,0.006376709501653061,0.004296144636051036,0.0026911043160928517,-0.00012150171452577815
2017-09-08,0.006370642502719597,0.005044509154985473,0.00570257185913698,0.006002938386767222,0.006190891708761873,0.0042243390767429815,0.0027118496793730857,-0.0011754913493719804
2017-09-11,0.006375146499592679,0.0048993014861911915,0.005502836907486489,0.005798000058266516,0.006207782676995256,0.004178715417443525,0.0025331321941750584,0.010609552888591984
2017-09-12,0.00591772411910721,0.00541449189667778,0.0066350829072053105,0.005567106439197206,0.005502418254894288,0.004091394897623989,0.0018510768308954595,0.0033649219049977645
2017-09-13,0.0059387948830903195,0.005313857460907472,0.006296336544888034,0.0053747635640154804,0.005179714992503061,0.0036874267994781223,0.0015797637321967207,0.00047981015757838096
2017-09-14,0.005592710070389029,0.005153316341463079,0.005929035122128019,0.005215378328258156,0.005017693864579399,0.0038027968507017926,0.002227157127734052,-0.0003198711973396887
2017-09-15,0.00559432387314294,0.004996939884694656,0.005646676869467421,0.0050975606234030715,0.004985490970523693,0.0032169692955400183,0.0018940881694146478,0.0013453732500642763
2017-09-18,0.005591241546925551,0.004855908305301533,0.005410184151861852,0.004987179150811758,0.004798490661539039,0.0037466032895333325,0.0027626881857678157,0.0021244733481289788
2017-09-19,0.004146478410200313,0.004736650500273505,0.005246740632623418,0.004896853956987324,0.004589799504743472,0.002940165300052223,0.0015528580002118293,0.0010005298495403946
2017-09-20,0.004088539307657886,0.0045988879180543256,0.005087698140253386,0.004823189652288544,0.004449694364468485,0.0040174931257421,0.004207257543994448,0.0003600461700877475
2017-09-21,0.004094001262008736,0.004459659389744039,0.004963388051407083,0.00476329910485989,0.004350414619666931,0.004339828867528467,0.0021938964120987543,-0.0026828296709540075
2017-09-22,0.0036634486494343944,0.004373454316988039,0.005055487854435098,0.004988125510279883,0.004814929553899831,0.003558179854668683,0.0016728642380438455,0.00020043694482565079
2017-09-25,0.003516506613517846,0.004240505512453144,0.004940469049563548,0.00489856290300069,0.0047075289402188246,0.004048110988941324,0.004842040360946723,-0.0020466382898358276
2017-09-26,0.0035027277782524856,0.004141774677410892,0.004973950566848597,0.004994201308717862,0.005017862272444571,0.004115804231039668,0.0027805955430407893,0.0006024408728776628
2017-09-27,0.0034948402766435435,0.0040183100589743425,0.004872403106678718,0.00490259039049532,0.004863174952224751,0.0034375445208515492,0.005341388619090981,0.003886730785292097
2017-09-28,0.0035366517598600152,0.004010537041107009,0.004928766465238529,0.004788054485576698,0.004684112803009547,0.004090673318494297,0.001981463272605989,0.0011992662931395192
2017-09-29,0.0035365578630489917,0.003899440638747757,0.004831173244768784,0.004725719815209661,0.004544456242159725,0.003933050841988375,0.002957451999222132,0.0035088105135510465
2017-10-02,0.0034870976989221513,0.0038771128601848624,0.004887079493812869,0.004675631673792445,0.00428246113477175,0.0037334996456185243,0.0023882522827161573,0.004328976035946819
2017-10-03,0.0033908106742407567,0.0039056991555881907,0.00501763009738565,0.004635474176515445,0.003992700269639469,0.003763773901267297,0.001501428383902578,0.002138116875873796
2017-10-04,0.0033972430214067777,0.0038227620076089416,0.004929759482908669,0.004603337981020872,0.0038468269992140984,0.0038952128020227424,0.002538862797599117,0.001185740306596935
2017-10-05,0.0028011988934512387,0.0037176683027524875,0.00483172363797184,0.004577659850116326,0.0037658344872874123,0.003642889408322826,0.003599618545454721,0.005907566230761322
2017-10-06,0.0029323341654541348,0.0038840384239838587,0.005206857684490812,0.004557167316604455,0.0034225377485590297,0.004412422627114089,0.0026911570258458745,-0.0011397050303718296
2017-10-09,0.002972266912091844,0.003776048842854039,0.0051020395117919335,0.004616926999949822,0.003680052319644663,0.0029638998215619243,0.002808559268397174,-0.0016523338727918232
2017-10-10,0.002996739544704276,0.0036833197805013727,0.005058282142876759,0.0047211678403669055,0.004016522863020729,0.00294661685432364,0.0034752426261615665,0.0026349248525470025
2017-10-11,0.0022032740455384726,0.0036289673004617873,0.004988855609575251,0.004671978833444433,0.003840486305865567,0.0039613200557820655,0.001745749739923063,0.0015697574831790848
2017-10-12,0.0021516789667564637,0.0035393626207428164,0.004885780884240765,0.004632548765484919,0.0037374073302956566,0.0035760361186895607,0.0022388494241063896,-0.001491402660681846
2017-10-13,0.002225170620482205,0.0034509302237544738,0.0048815850158594205,0.004713679092882765,0.004039360324177938,0.0029272240159083016,0.0019698806498254498,0.0012167567319858153
2017-10-16,0.002202012449750206,0.0033590495770915237,0.004795168539545488,0.0046659707602397914,0.003944041557218429,0.0037097738511926047,0.0022239500438743292,0.00133282045562442
2017-10-17,0.002201959104056532,0.0032730422911555956,0.004731117508626636,0.0046277381018053785,0.003848176815071821,0.0031829399970444137,0.001610187338848125,0.0007048281220846688
2017-10-18,0.002192370280707149,0.0031780252437972186,0.004675867298518707,0.0045971533478287715,0.003795450933386596,0.003845222749936783,0.0013619972664070273,0.0009781575382996753
2017-10-19,0.0021924183253726015,0.003090511497047629,0.004634737562608338,0.004572722107595521,0.00372992886431634,0.003845222749936783,0.0039423138782325754,0.0002735465235037392
2017-10-20,0.0021939251841260996,0.0029971111585344683,0.004606422616229538,0.004553806984440796,0.003713773245767317,0.003899896625313693,0.004261589311846133,0.005147230711332201
2017-10-23,0.0021880132335007738,0.0031675469717994706,0.004926818877629201,0.004538151899414673,0.003415386081246084,0.003378553577730137,0.002826092415389078,-0.0038967512706124534
2017-10-24,0.0024697070584567484,0.0032159653010167604,0.005189624844411394,0.0050865350587776335,0.0042271991920755335,0.00285910155677413,0.002188883107324204,0.0017553698755173421
2017-10-25,0.0023519993054896605,0.0031475015889266236,0.005046903890122419,0.004967168372623507,0.004087831476806596,0.0029274976620504373,0.007044607639261693,-0.004962381500125019
2017-10-26,0.002733370788262594,0.0032847943750446335,0.005449990963523448,0.0056665959298333604,0.005058787029304103,0.004612583713221377,0.002431830707251198,0.0012917147518158561
2017-10-27,0.0026622704604169142,0.0032004051714039105,0.005180707682920046,0.00541212664141524,0.005039237823429478,0.0037867837916621006,0.006377383156018336,0.008142925689972646
2017-10-30,0.003080240487411236,0.003688695161303649,0.005874838150252771,0.0052143697547506985,0.00441779494178763,0.0042011259417517495,0.0037450221818599587,-0.0037318942145843585
2017-10-31,0.0032315400250924244,0.0036913013611969353,0.005853818372994018,0.005546466077414714,0.005135735227447154,0.0043791996502594,0.0020238991301853165,0.0015566092667299316
2017-11-01,0.0031457315707751096,0.0035991034077086552,0.0055373092765141785,0.0053242629592276354,0.004949250071865915,0.003745783603844503,0.004077316765517509,0.0013212221996479587
2017-11-02,0.0031347252850908685,0.003504435804101397,0.005283247734979462,0.005142718003177311,0.004794061884212124,0.005189340708700156,0.004993175131204818,0.00038822697137291356
2017-11-03,0.0031354637752556806,0.003399007104676573,0.0050822554534985555,0.004995349150758718,0.004717385078203307,0.00404875503068329,0.0033365824298803473,0.0033333673724965087
2017-11-06,0.002972978147884937,0.0033951045082861245,0.005039962118899467,0.004876203209969088,0.004439391613836172,0.004834398284851575,0.0019566588361346767,0.0015464455909942304
2017-11-07,0.0029473859061076003,0.00331340009398322,0.004902573050440021,0.004780387286093996,0.004306252957048503,0.0038170711306540987,0.0039372954991228285,-0.000695554061341441
2017-11-08,0.0029142817313151034,0.0032169753960785033,0.004824928461922765,0.0047446697507210174,0.004450764865197907,0.005439154320463431,0.0029094252093788205,0.0016992778407548428
2017-11-09,0.0028931368586134275,0.0031466247898090426,0.004743022406173757,0.004675103021041578,0.004306000552750196,0.0033152688310351935,0.006402008582754608,-0.003634274720262173
2017-11-10,0.0030456741880290844,0.00317799463157359,0.0050137078524063435,0.005130905078178507,0.005014835545775847,0.004427180394242063,0.002770212241556755,-0.0003099796668170187
2017-11-13,0.0030161787622685677,0.0030821155282114788,0.004892098038606669,0.005002643134203192,0.005035784401760812,0.0034920393247643167,0.003104264723025086,0.000929583435097414
2017-11-14,0.0030140873643516052,0.0029968846296206052,0.00477869252980919,0.00488208217464658,0.004901594353872369,0.004305189402718715,0.004179041945667491,-0.0023254118110937238
2017-11-15,0.003076336720420155,0.002960893588045898,0.004866113984340686,0.005019395436583862,0.005299397973737721,0.004803664814707831,0.005100913377870955,-0.005017801413866713
2017-11-16,0.0032983582822320168,0.00312275155129056,0.005336779749078607,0.005736851296006107,0.0061873778892111205,0.003940705672724972,0.00395812376656956,0.00846498533246011
2017-11-17,0.0037610586065292082,0.0036695832483741577,0.006048835705676292,0.005480665902792135,0.005448170545777379,0.0052905258490748295,0.002422193694499534,-0.002942879970187949
2017-11-20,0.0038370469718034023,0.00363008585227393,0.0058895359482893615,0.005586950040219557,0.005912284821092699,0.004294478454272909,0.0020648688197867624,0.00170501620654275
2017-11-21,0.0036942507658859047,0.003544191968991097,0.005569568891398563,0.005357457529499966,0.0056502550637830915,0.003466694533334562,0.005756639214020612,0.006521484367329438
2017-11-22,0.0038114593775186376,0.003789380478584417,0.005823771248254089,0.005169766414516877,0.0050842300747917755,0.004325029792781627,0.0017188691868444779,-0.0008852073996200615
2017-11-24,0.0038190051663778996,0.0036803336363988243,0.005546629568362078,0.005069514046587135,0.005201464552814025,0.0035679249603074313,0.0010101554612765137,0.0023070591188385017
2017-11-27,0.0036145203931660665,0.003612688146154471,0.005324615457472893,0.004936049104301063,0.004957190641491084,0.003715328298314242,0.002327788784793512,-0.0004991925963155582
2017-11-28,0.003626824974350276,0.003504764799209228,0.005105557038639456,0.004820436598991626,0.005007050386238668,0.002900563512122606,0.0040246864380645,0.010093657730872218
2017-11-29,0.0038415489284686,0.004202295718198486,0.006311387005039664,0.004727271043968989,0.00425795733148879,0.004300588399689449,0.004414233332818109,-0.0006090320937961534
2017-11-30,0.0037096716276952355,0.004077007131521159,0.005902264930434419,0.004691545316938466,0.004394102837878859,0.0034381976127306124,0.006586758232835098,0.008717118156722974
2017-12-01,0.004066372038659125,0.004492655880316464,0.006485838792116347,0.004625552067013277,0.003781998716065341,0.004608395556623039,0.01427760040854798,-0.0020775456163095412
2017-12-04,0.004138078547424657,0.004385418018236846,0.0061311054345391846,0.004787099664404687,0.004246682292226473,0.007174643061596657,0.00603511690091319,-0.0012111051834759843
2017-12-05,0.004169750772655958,0.00426215723183957,0.005791608959404849,0.004792098019675644,0.004499064478075024,0.004803893359411491,0.00660527956545491,-0.003602813739855337
2017-12-06,0.004265570104190999,0.0042254989318934195,0.00576768741672035,0.005221105700472847,0.005213432359682049,0.004740894773017186,0.0031994755069253964,0.00018986211817235068
2017-12-07,0.004265012988696611,0.00409703717428357,0.005450935530258858,0.005048905204075321,0.005120335785264376,0.004507600756421184,0.004671633785403811,0.003148119539113351
2017-12-08,0.004280034290636294,0.004046382358226499,0.005295130057242079,0.004908848811238964,0.004813696459606556,0.004799839479118204,0.004552579862185525,0.00543825549764639
2017-12-11,0.004387698856091434,0.004143102092525541,0.005447838858195952,0.004797351284175857,0.0043789744258619,0.00398759018479165,0.0027979649280302694,0.003008449906151393
2017-12-12,0.004262295468641231,0.004083922563224416,0.005281914020080527,0.004709012751974096,0.004143051290938237,0.004013405455481815,0.002768155655268791,0.0017636366044472794
2017-12-13,0.004242772095275986,0.003983006770848055,0.005086107896960531,0.004639304964144795,0.004011705908924145,0.0034824933269663196,0.002687212177955873,-0.00011300224775460275
2017-12-14,0.00425680292948108,0.0038617675397289285,0.0049329946947644625,0.00459551630043231,0.004074101531619479,0.0033511065116070067,0.0031709965949680862,-0.0040943182579776215
2017-12-15,0.004353261335505663,0.00387611405132851,0.005223276259911213,0.005209938702529924,0.004941595004981741,0.003511180037554024,0.004227281520769199,0.008292940271120096
2017-12-18,0.0043345025867415786,0.004271905433292486,0.0059433877499490625,0.005037730449239208,0.004311046208450021,0.0037244963151370956,0.0018912090276269958,0.006321172133825748
2017-12-19,0.0041996769588432915,0.004421725737521668,0.006054873876658848,0.004899931796990447,0.003858428479078872,0.0035226192024825566,0.002669759332007016,-0.0038476799169291052
2017-12-20,0.0042569033268197035,0.00438940057782133,0.005996618021421619,0.0053579446160900625,0.004694895083133586,0.0030321618007492774,0.003788725223583217,-0.0005243068728887221
2017-12-21,0.004290505164099095,0.00425761917607024,0.005651400656519685,0.0051857733638846285,0.0047784609304177715,0.003966908818032165,0.0033363649807458145,0.0020576144284730445
2017-12-22,0.004154649851629575,0.004158570477184461,0.005382198464209335,0.005018345318411483,0.004576303835236796,0.0033984159620375266,0.00227600617750461,-0.00026165261442925554
2017-12-26,0.004138097595903735,0.0040323930406553675,0.00516447306672602,0.004900914457949095,0.004621217539164152,0.0028540723385586586,0.0016587651653567467,-0.0011970359295717988
2017-12-27,0.004180402141093152,0.003920530030144832,0.005047579999236932,0.004879067119479474,0.0048384309395284935,0.0032108857935234975,0.0022203538251847595,0.0004866389110841684
2017-12-28,0.004162611439758595,0.003802963504954822,0.004859246663540818,0.004752361285396489,0.004719609862258518,0.0028789098267982677,0.0014505761341565102,0.0020552548214501807
2017-12-29,0.003676232919275267,0.0037213201794098314,0.004768849719428393,0.004668397729545967,0.004520664247689682,0.003040796758121385,0.0037774619598347644,-0.0037775229338059633
2018-01-02,0.003814045073929774,0.003724716259790489,0.005050262125924847,0.005169212604415029,0.005267262445981615,0.0036551025063092774,0.0035440655932483197,0.007131969356535179
2018-01-03,0.003666277890470699,0.004011608126069171,0.0055737818164700685,0.005001128155844389,0.004678955388145515,0.00364534051395528,0.003154527532765595,0.006304720152493298
2018-01-04,0.0037789033213297945,0.004184780704384742,0.0057802736047703595,0.004866358400404813,0.0041946775445396425,0.0032533561947829465,0.004812159488649353,0.004206085875755357
2018-01-05,0.00378289294771204,0.004186062072499299,0.005637366544655798,0.004758879439366056,0.0038880545842639074,0.003680294046474366,0.004236209972995418,0.0066420897834920875
2018-01-08,0.0037427241588594796,0.004372501587860924,0.0058842408399431044,0.004673560226776163,0.0034416677804509493,0.003958338750803051,0.0029721744443902223,0.0018269378504046977
2018-01-09,0.0037188267043178516,0.004262851867265622,0.00554683169488267,0.004606095783150298,0.003351676805846287,0.004397427533786944,0.0035021800132679975,0.00226124461971601
2018-01-10,0.0037117942512949853,0.004169938286536945,0.005302857242313683,0.004552922455191999,0.0032363045990082763,0.004556840707702863,0.004378477680575535,-0.0015314030127948324
2018-01-11,0.003709445083726381,0.004060270176474824,0.005169248873774876,0.004645550194299152,0.003630448713013224,0.0035951606008921464,0.002979316197836719,0.0072697703886861875
2018-01-12,0.0038930248908982923,0.0043206041200121266,0.005681566494300405,0.004584000276573245,0.0031613374597497905,0.003896970051213914,0.004606299458665698,0.006497586977337028
2018-01-16,0.004015879860288438,0.004481147281203486,0.005890159330211696,0.00453554166726366,0.0027710880398765804,0.0045304385770505735,0.009819468732409853,-0.0034238916879238256
2018-01-17,0.004172775906506749,0.004424841483705963,0.005810896557329526,0.004988509101463459,0.003622891419326799,0.005350072538160009,0.008163020504785547,0.009486333570163551
2018-01-18,0.004227662437976612,0.004878924092751843,0.00659529239414771,0.0048562721745782364,0.003015992877868297,0.0057380382150978146,0.00398841303368973,-0.0016821535079610834
2018-01-19,0.0041245889933087315,0.0047482043669291535,0.006179752006658723,0.004898355770731802,0.003457401474707865,0.00428828911130322,0.003402845001453855,0.004539379768762355
2018-01-22,0.004053390033322801,0.004735934559157306,0.005977611097236907,0.004784348590322639,0.0031783592148405134,0.003907604674074041,0.0038880601530704544,0.008097998497287375
2018-01-23,0.004012028781355326,0.005001798312549937,0.006400769523349793,0.004693745332478886,0.0026861505899732087,0.004467692440163964,0.0033676196086800778,0.0021204907408272273
2018-01-24,0.003947107226750231,0.004877160653164687,0.005964287930502498,0.00462203503446463,0.002616009819963761,0.004429352792767897,0.008064936487042932,-0.00038854873681331344
2018-01-25,0.004006221433148419,0.004729540409154348,0.00561331676090884,0.004590231252168761,0.0028188690135494865,0.006001369737548314,0.004992129754145976,0.00042385830118349475
2018-01-26,0.0039836264387046695,0.004586634788653155,0.005319172271977656,0.004540515322944685,0.002866153306852291,0.004065349322119052,0.004967333237511198,0.011510910762174205
2018-01-29,0.00430902724295315,0.005265458152706054,0.0068188133046207956,0.004501385905870239,0.0021925066169339487,0.004230325949007964,0.004594139642872152,-0.006651997579984918
2018-01-30,0.004798802297771327,0.005358776995982595,0.007020186488315278,0.005995139175266303,0.004787020129955086,0.003959921320682886,0.010053886671181164,-0.01030960472912515
2018-01-31,0.005610024011909484,0.005776744621268963,0.007978364784924714,0.008259853928155174,0.007189678133237021,0.0058686444753550315,0.007378290244780969,0.0004962884883830196
2018-02-01,0.005449665797383835,0.005602080850007468,0.007201880758845961,0.007562700024891947,0.006763872355791842,0.005791908238844468,0.006855316810236861,-0.0011360199436332293
2018-02-02,0.005405185514400902,0.00543854242768769,0.006622560830969626,0.007033764522558705,0.00669178506320773,0.005316032494930442,0.007682324788322994,-0.022010167251917095
2018-02-05,0.007471269395763328,0.007541215211153665,0.011472334840508644,0.014104913493629112,0.012137371316007353,0.006495625731492617,0.02857353461860798,-0.042722081491791006
2018-02-06,0.01204275166624066,0.012765904044318729,0.021100801008742023,0.027104112536409715,0.021840573785319655,0.009676524443686958,0.023403834536525454,0.019510471452761278
2018-02-07,0.01277569121590789,0.013267619133935406,0.019900921755772284,0.023951796845008862,0.01806033439165916,0.011287971825037647,0.01446446883662003,-0.005439492920947134
2018-02-08,0.012800698063988073,0.012932255001677039,0.017419799857292376,0.0214438792802536,0.01683571717051411,0.012802028655707105,0.01683794494903408,-0.038230442624321515
2018-02-09,0.015110472039851195,0.015649365190249384,0.02245976997476587,0.02869361719307831,0.023127943455045114,0.013000361635485324,0.0341695120859813,0.014909738432611078
2018-02-12,0.01560953886231726,0.015605976131407307,0.020303329747855484,0.02534615656897901,0.019265292213435984,0.013128887608757583,0.016211319175768724,0.014577805634053254
2018-02-13,0.0159108099260114,0.015546203606651543,0.018512265508240738,0.022410390353408135,0.016196728559019317,0.013115811447157727,0.008699157148279171,0.0024843199581827922
2018-02-14,0.015828838400671418,0.015084882847538955,0.016051807410274125,0.019838424230968977,0.014211383203786114,0.008112492098398464,0.010226651306803801,0.013405696952194533
2018-02-15,0.0161799369801975,0.01498943733897244,0.0149460741605464,0.01758820714265143,0.012134019465066249,0.008365178742806477,0.012435307780389105,0.012679778609062822
2018-02-16,0.016300800228490533,0.01486098398387984,0.013962330201826323,0.015622819392839486,0.010442043785229123,0.010165629905857166,0.00896603416663445,0.0002928633142528593
2018-02-20,0.01630317674286514,0.014408437125734187,0.012185586309941692,0.013910326080594997,0.009568182484399255,0.007438821119086105,0.009483815491935997,-0.006280950349592946
2018-02-21,0.016289007930817258,0.014053963747623095,0.011106464638518937,0.012979897469323145,0.010088479445966114,0.0071955148472692375,0.013637102702617166,-0.004986720370279429
2018-02-22,0.016150965871007363,0.0136804643927542,0.010091704782606514,0.012007842419796466,0.010260209452916962,0.011757857552183174,0.010218448981245196,0.0012951600439214356
2018-02-23,0.016140983390901708,0.01326749584562561,0.00894369309387312,0.010773533472671537,0.009351758763618722,0.007423374420372712,0.007036101657329279,0.015813604267291444
2018-02-26,0.01661310418234153,0.013433877476299282,0.010233722056749755,0.009709552593114174,0.007969083612808382,0.007165416680172925,0.006389040068775726,0.011545447257941651
2018-02-27,0.016851256621859732,0.013328119197714382,0.010148853960238752,0.008796842684084715,0.006959870759001619,0.007329979682493505,0.009592966683002425,-0.012564964047852498
2018-02-28,0.016782347031634514,0.013283566349403433,0.010638628727005862,0.010814471016739644,0.009433815473838978,0.00709318102982622,0.010222443039329092,-0.010181714597592215
2018-03-01,0.016848153262716055,0.013118154808900237,0.010632020312333295,0.011448277432174265,0.011038820677246049,0.007255464801608426,0.019583467272447114,-0.014647646079122842
2018-03-02,0.01697824857791338,0.013214917275352527,0.011607120971131708,0.01340788634301852,0.01327648299938312,0.01239984673463035,0.012260413562254612,0.005141788060661147
2018-03-05,0.017048504351007725,0.012874093185401116,0.01028140824813017,0.011927960499621866,0.011582327722571893,0.009394301311832484,0.01080662331696463,0.011491763648553841
2018-03-06,0.017309220249806606,0.012795365439519944,0.010213971007804235,0.010655987828390999,0.009971916069716423,0.00799596692523249,0.006616630863949963,0.0025315344345338323
2018-03-07,0.016680428693754436,0.012421055274114336,0.008983190127160144,0.009567764089702351,0.008970185163264921,0.007442147091607742,0.006508373603495595,-0.00036644890362108915
2018-03-08,0.013586900255879055,0.01204299441016167,0.00796403894031629,0.008655000306964962,0.008364778847600968,0.007374861420744165,0.005307862306575681,0.004827586007005471
2018-03-09,0.01298186943102723,0.011735843672301374,0.007354463043831709,0.007870073585740933,0.007539813566236241,0.00795836851820788,0.006473257621088054,0.01725242176281224
2018-03-12,0.013368938886086739,0.012137750553523988,0.009955661652553124,0.007211144978331335,0.006387810802295179,0.008541931990410898,0.005125170864250847,-0.0012559847300165116
2018-03-13,0.009759962505973994,0.011772006585460256,0.008786371206736426,0.006734996669501313,0.006364475691544706,0.0077470554528398985,0.010150164911052775,-0.006483357190760661
2018-03-14,0.009648643488415065,0.011523340051088127,0.008449434398001363,0.007424360244841816,0.007558178264075724,0.009534726305002569,0.007546268296245347,-0.00514499020568772
2018-03-15,0.009390485335645961,0.011243148110294926,0.007977594559190096,0.007556013572826006,0.00821219541732416,0.009607893275645804,0.0061155811231349815,-0.0010900773398604092
2018-03-16,0.009408975713854508,0.010903906308320853,0.007186960853275332,0.007005968758612468,0.007875799618050542,0.008719537352566588,0.003676243689877621,0.0010836541466415297
2018-03-19,0.00901070707381429,0.010575061266601387,0.006508546865428979,0.006492490192840908,0.007268538229010905,0.007473333153289413,0.015854442333181288,-0.013622616005777728
2018-03-20,0.009132903498327944,0.010782232865009124,0.00882453248855994,0.010092167374209784,0.010223636889479339,0.014380997695249772,0.004546805626801447,0.0016991575018765759
2018-03-21,0.009142270538883883,0.010462044780774784,0.007829253639890163,0.009087339846412655,0.009210002809218755,0.008004008375924828,0.009285644081595788,-0.0019209497745956625
2018-03-22,0.009045977376862926,0.010154236604365284,0.007123713237052655,0.008347646252940051,0.008878578496203823,0.00973870920450225,0.012595991697387714,-0.02531484794186339
2018-03-23,0.010568105707062249,0.011634968901357916,0.013419499042020737,0.016601138482327266,0.015084786007574269,0.010183849257037397,0.012690234283742559,-0.0215451354902595
2018-03-26,0.01146311030432597,0.012453984224056584,0.01535145766904001,0.01934834665436969,0.018009680007716976,0.00993268181236354,0.017095315089364623,0.026991351626381527
2018-03-27,0.01254209434002907,0.013766176064071147,0.017708199814845907,0.017069129764445495,0.014607770270239781,0.01542759842336733,0.01965290186017206,-0.01715809168893361
2018-03-28,0.012612770066568246,0.013992896549525985,0.017187996105318844,0.018151857883236252,0.016571156011508922,0.016087631213177,0.012621313668033067,-0.002959196825836532
2018-03-29,0.012416255634662938,0.013585966854303543,0.014827593097287841,0.016150094371720526,0.015028584208983198,0.011385134214873267,0.0161132022617459,0.012696967022546152
2018-04-02,0.012700980688489532,0.013534273676062483,0.013960977651182595,0.014366356825781603,0.012780923817251459,0.01523399313409202,0.022986198196226316,-0.02182132903453736
2018-04-03,0.013165249784855284,0.01416884590050499,0.015752384161018713,0.018017681975660907,0.01645854648088399,0.016235574038833918,0.013237918348955385,0.01273560038545622
2018-04-04,0.01346249655312554,0.01408696395728347,0.014623810677421406,0.015951545083179895,0.013875960170334855,0.011772792118217665,0.015646750169459836,0.010642329107649902
2018-04-05,0.013423349083707608,0.01390437163096223,0.013411753391526348,0.01415639787685783,0.011876215231097088,0.01511051960139762,0.007220668083455249,0.007861013225596864
2018-04-06,0.013550064895093451,0.013617613196179915,0.01207588903989901,0.012600877675066425,0.010350607487720972,0.009316905450322618,0.019986640618306042,-0.02253792489075397
2018-04-09,0.01433206302265327,0.014310503461234445,0.014797306076683048,0.0172775036792791,0.01501809183252587,0.016098469804855374,0.015405047173989099,0.004916255361140938
2018-04-10,0.014334233099405921,0.013926710048023535,0.012950594350444442,0.01530795978134176,0.01301610386273369,0.014820722254605432,0.009254183209742136,0.01577553699991287
2018-04-11,0.014237619745638565,0.01404450467813492,0.013099231420266356,0.013598198049695165,0.010984350851240426,0.009903454274875552,0.006986826825941688,-0.005256243764453209
2018-04-12,0.014250943003326196,0.013677386843457548,0.01170981469678767,0.012548344426425797,0.011049424607054145,0.008068884515389363,0.0057435366997308545,0.00819342312769109
2018-04-13,0.01439991450476588,0.013411733190255966,0.0107555698468236,0.011212171870242777,0.009656587529320762,0.007974938045778993,0.009085135692280007,-0.0029371793632378394
2018-04-16,0.014381580752666975,0.013023046237087792,0.00958988046727238,0.010247454203926216,0.009473782202380453,0.00971373227553969,0.006530678882867149,0.008187784576171824
2018-04-17,0.014539620027425332,0.012784605518813427,0.009100677202496235,0.00923696733612539,0.008345848621291457,0.007054578658899977,0.006068884182690995,0.010641770601661842
2018-04-18,0.014761173964334772,0.012666262545347697,0.00919585449271984,0.008376134677886024,0.007300442176156401,0.007044729784116534,0.004294243346264333,0.0007399003969911147
2018-04-19,0.0144622711125369,0.012281734470809295,0.008159869443819062,0.007647464655162457,0.006804703283363187,0.007336731894550817,0.006318994631462764,-0.005562964470781243
2018-04-20,0.01450592642315823,0.011985296656193698,0.007841878693209715,0.007827582515405312,0.007697491472415936,0.0072385503942651655,0.008841589698093013,-0.008515461441368551
2018-04-23,0.01461231843618393,0.01180590025344598,0.008182428754693818,0.00882039028179949,0.009148552450151731,0.007968222399845055,0.0076488691604126025,-0.00015000797674180055
2018-04-24,0.013478720500377331,0.011446303948884202,0.007344853210884488,0.008030397331369133,0.008486284674925907,0.008232777193281372,0.016400286575374744,-0.013558842019772352
2018-04-25,0.012926350097613152,0.01158392564978972,0.009224826543693916,0.010860083243280187,0.011091946001664526,0.012465881197845112,0.010137896309491912,0.002468305343868245
2018-04-26,0.011478092223924926,0.011247295022737643,0.008217761403665773,0.009761124539496697,0.009914999898313908,0.010011608081304359,0.008214826157699768,0.0101146765934789
2018-04-27,0.011004454929461997,0.011182573387384015,0.008452099271737918,0.00882202291221513,0.008640327634443622,0.009869753982665213,0.005582602729988776,0.0009382250168262116
2018-04-30,0.010966575316521485,0.010844342611763397,0.007552507163489104,0.008024278648322999,0.007933193287126843,0.008707152507358436,0.007682504959153118,-0.007720117832931798
2018-05-01,0.01080179709960238,0.010682686639684327,0.007792595418625226,0.008681855590465096,0.009157895798725222,0.010341568431603205,0.008867643665125971,0.0017750733708675676
2018-05-02,0.00954583398375648,0.010366371560941967,0.007031388985813414,0.007907724098692665,0.008338774273756226,0.00998455712147537,0.008064585239855003,-0.006740077025652286
2018-05-03,0.009329947605744923,0.010185267697897762,0.007226008394991631,0.008325686013050287,0.009233022341399078,0.010034367471872325,0.013605441130144353,-0.0022060218692758243
2018-05-04,0.009044486745510697,0.009889756788841299,0.006695332155959005,0.007756324120545742,0.008975620429745073,0.01223515682102319,0.01258357575601764,0.012863299420541754
2018-05-07,0.009328007116249318,0.01009290445317091,0.008146957454311076,0.007128030107856308,0.007754240094339754,0.012819869116941078,0.005912175160220955,0.00337748052633267
2018-05-08,0.007772304456501379,0.009820344167346293,0.007394489251126391,0.00660323867039452,0.00708710907644803,0.00880867014329479,0.006672027555653203,0.0
2018-05-09,0.007731937273466402,0.009521176922588111,0.006706158986684505,0.006174183209011096,0.006714781472767582,0.008821911105120848,0.007002682822426161,0.009619466389359425
2018-05-10,0.007247995282976922,0.009527102886434673,0.007288773832494319,0.005815989011125991,0.005948321207797357,0.006477197718242417,0.0048435860780930515,0.009307126779502465
2018-05-11,0.007338235048959438,0.009514047749384753,0.007615517497116561,0.005524159149284913,0.005294344875755192,0.006264371274149182,0.0043960991441303245,0.0030465209465011618
2018-05-14,0.007186781896164609,0.009254347934650334,0.006947223760305881,0.005288313468016072,0.004971200942048674,0.006109886350890774,0.005115735296336464,0.00047654355742390484
2018-05-15,0.0071263241560605185,0.008973182488925556,0.006340174737386752,0.005099145269788037,0.004793214331699783,0.007434364105332392,0.004641357568859309,-0.0069104882770539555
2018-05-16,0.007167277920546878,0.008862968725795247,0.006782116589539627,0.006478115998580081,0.006405127161926815,0.00516405094735195,0.004063118679009155,0.004196115658687168
2018-05-17,0.006849730177988648,0.008654220066165634,0.0063881193679702864,0.006065382395224156,0.00589470504385348,0.004959402675829847,0.006376014844994788,-0.0008452555138931961
2018-05-18,0.0068540664762821325,0.008393131767667686,0.005939567105006994,0.0057752591298879585,0.005860857773073916,0.0049991036947637305,0.003258677119397682,-0.002503023304975738
2018-05-21,0.006755354858184038,0.008160507873728304,0.00573272020085994,0.005743431384769001,0.00619166752715731,0.004314654510934095,0.0041568420024169495,0.007490289421535831
2018-05-22,0.006596658839271832,0.00812185456462088,0.006148119298399187,0.005465349942311288,0.005577839230578493,0.004984997510422219,0.004909121535545208,-0.0027839666563964868
2018-05-23,0.006648296557414701,0.00790390273822733,0.0059228388809652276,0.005555540618127701,0.006012512343433034,0.005135270942931496,0.004356136005461178,0.002747457267289253
2018-05-24,0.005745635435983419,0.007692612629774807,0.005597384631730098,0.0053135844507879,0.005612376680303366,0.005001673714635075,0.0074106229268033645,-0.0020508968991663017
2018-05-25,0.005805381723109926,0.007475164373639232,0.005426116203433053,0.005314626430177296,0.00587721029631948,0.005673087621237447,0.0038874067336626184,-0.0023854893174298517
2018-05-29,0.005525839995873298,0.007270958054146923,0.0053352708368355735,0.005369443864501217,0.0061794472702280155,0.005086473713405149,0.009867911623461033,-0.011567372222591018
2018-05-30,0.006172562395859688,0.007597569820134093,0.007474051521436772,0.008553946113612855,0.008820491822022707,0.006128118876474022,0.005923244241322451,0.013256301171897989
2018-05-31,0.006476242236781051,0.008050059278484071,0.008734825908061614,0.007799044630061407,0.007574646989672108,0.00635833280910546,0.005972325268651199,-0.006144765773259558
2018-06-01,0.006682835483032837,0.00794863107134646,0.008358738676318983,0.008080998483815665,0.008469383426823128,0.005538288706309444,0.003703487622450702,0.00976959535932805
2018-06-04,0.006690547465658259,0.00806948519813824,0.008456855442131761,0.007388787086583213,0.00741910069715703,0.005366860551722306,0.0026219561544119463,0.004740232495319638
2018-06-05,0.006651831413624318,0.007909347895229724,0.00774058015032803,0.006811511223729651,0.006736322455558656,0.0055631341773601205,0.004058565451112472,0.0007277929074590597
2018-06-06,0.006187919444835218,0.007670469218442718,0.006964124457082166,0.006334139597487988,0.006324465105108385,0.005212074441597664,0.005913938427986214,0.008325574244089338
2018-06-07,0.006351110488662162,0.00771134510567665,0.007169570958276321,0.005942844107541268,0.005643180457398369,0.005086825407812214,0.0055809707445785015,-0.00010825207305663815
2018-06-08,0.00635271711460084,0.007476473490168469,0.006520790068130329,0.005635046769227844,0.005495288780331901,0.00510524071064527,0.0031835660602729634,0.002951846281386733
2018-06-11,0.006105690852805287,0.007284682579658264,0.0060703039870008005,0.005376972488042942,0.0051499576958312565,0.004846144226580258,0.0031271882907389016,0.00132932729082667
2018-06-12,0.0058387310802339625,0.007070263851650953,0.00564836706484108,0.005170713770676937,0.004918431664154158,0.004443974229058464,0.0033687886547652027,0.0012915332845819902
2018-06-13,0.005822485215309959,0.0068621714179664325,0.005322449908338098,0.0050070797095272115,0.004715884586815485,0.004742066028538744,0.003961513934351064,-0.0031961619228880736
2018-06-14,0.005895205650059607,0.0066990267828708734,0.005373306753198383,0.005306231275062217,0.005376903748339431,0.004662502077921911,0.0036960679123176,0.0025148287526151544
2018-06-15,0.005625628544786137,0.0065240941184706094,0.005164107830160097,0.005114464093404969,0.00506533542994286,0.0033695063865635502,0.006308578804101608,-0.0012765967621555557
2018-06-18,0.005612560015075962,0.006333068591153249,0.005036354619346988,0.005062372572909067,0.005239120034200941,0.004448177107459432,0.0044247585857901586,-0.0020587298946595015
2018-06-19,0.0056393510880901635,0.006160811183617509,0.005018947564410111,0.005128850131867333,0.005563445941930799,0.004494327842374525,0.005377797677411236,-0.0038407870618346065
2018-06-20,0.005688283129029402,0.006046764216424909,0.005263956672867899,0.0055462376345527245,0.006252859703474374,0.0043422427757742335,0.0032895527039307213,0.001704809900783927
2018-06-21,0.005491864471878219,0.005877409178163724,0.005041172786451659,0.005305814676301329,0.005864482014958847,0.0045994622144156505,0.005218137791467954,-0.006288442909469151
2018-06-22,0.005652766714714734,0.005902878381116163,0.0057920484074888414,0.006396049501775013,0.0071075948401826084,0.004570720722582543,0.0030590003076402194,0.0018215720959340624
2018-06-25,0.005637929431563803,0.005740420044330797,0.005447072373762273,0.005993389955694825,0.006595237126391751,0.004445804791965244,0.012133395267185477,-0.01370660497192665
2018-06-26,0.0064167118060163226,0.006499810623365897,0.008262615389798673,0.009841442674755334,0.00977248845254665,0.006442585389079952,0.005385255245737653,0.0022117539356161678
2018-06-27,0.006413328161555531,0.006325045231422916,0.007410358720706063,0.008873979817914377,0.008827391844851356,0.005335691355221339,0.011956397004816299,-0.008318768258212301
2018-06-28,0.006151221461409772,0.0064620383524707945,0.007831961209525317,0.009476799100233997,0.009998318924849042,0.008858702480945765,0.009001432605263029,0.005701287896230612
2018-06-29,0.005544877426010441,0.006418936384574752,0.0073528651254297335,0.008591576044657734,0.008871691455497432,0.008157350980490826,0.0072790419465813576,0.0014385546473929215
2018-07-02,0.0053750420654273354,0.006233357523764915,0.006625671988357723,0.007776964312889826,0.008087696053690726,0.0083660320724814,0.005775907222417672,0.0021356224379528665
2018-07-03,0.00494131285461862,0.006066062499660001,0.00608256927534275,0.007100398210049267,0.007398925850235346,0.006247396710422889,0.005740741365311729,-0.003537372591131986
2018-07-05,0.004866283565447552,0.005944751271979675,0.005967895704226863,0.006948509863188144,0.007730728529482852,0.006360335087624795,0.006263492865995079,0.008124913522927124
2018-07-06,0.005213746171677589,0.006097582866174463,0.006459134675357299,0.006419239298287916,0.0068347251770096255,0.005562632905911692,0.007247459069199901,0.00842255611691868
2018-07-09,0.005221649538119328,0.006261473699843446,0.006851314524908226,0.00598880357178274,0.006057698457887483,0.007262878722295018,0.002536533048138478,0.00896409484135551
2018-07-10,0.005585940601120266,0.006455616895362541,0.007236868385049698,0.005642169611641905,0.005364134924205809,0.00563358391923171,0.0024468138317678425,0.0035918578145161767
2018-07-11,0.005602828492858139,0.006320488642762593,0.0066487690078488,0.005365692130623183,0.004997137866253667,0.004417444594670163,0.00446780697396319,-0.0073413822693595525
2018-07-12,0.005840321452131184,0.00638634603664611,0.007100164136354026,0.006868889381680659,0.00673057717542754,0.005342036865818392,0.004630124184103922,0.009025057280163083
2018-07-13,0.006165759085492269,0.006574601911326026,0.007418132164016505,0.006354223631474144,0.005942335246962498,0.005048838332193107,0.0035970849596698826,0.0007874101876954711
2018-07-16,0.006114202123146136,0.006377230414771629,0.006670773753430665,0.005936233021909753,0.005628781107019919,0.004017203979503324,0.0027322482631526204,-0.0008944799157887626
2018-07-17,0.006102717046922128,0.006186835164806639,0.006136132605252412,0.005657151062130157,0.005646917630939833,0.0034908626695152765,0.005251377764300406,0.004036893201689924
2018-07-18,0.006143337877495639,0.0060793177247459055,0.005861233093954948,0.005377586595850914,0.005224014402565879,0.0049006950792743744,0.0030353748361750554,0.0021013756731946627
2018-07-19,0.006121351521566729,0.005916550054017865,0.00549874136605626,0.005156520666946568,0.004942523317045365,0.004728939621020148,0.0036914831524174543,-0.0037781960116607025
2018-07-20,0.006119009770328266,0.005810483334056523,0.0055927126163299815,0.005565078970109471,0.005726779863346219,0.005652425082901793,0.0028842731164779507,-0.0011435989275449647
2018-07-23,0.006128850090658517,0.0056404328460901475,0.005338392842875383,0.005388325339789474,0.005785457012238333,0.00373780312848748,0.00354955896496209,0.0018577077055581112
2018-07-24,0.005923015325264789,0.005487502018672508,0.005097346062635932,0.005164976126080971,0.0054435553765470115,0.0060779195740814345,0.0056472704180446694,0.005019266849097707
2018-07-25,0.005985325683514664,0.005460540273891022,0.005253906061486033,0.004989757691752491,0.005002331682563303,0.0047557056902107105,0.005841162623463216,0.008486210143073077
2018-07-26,0.005123339777898405,0.005687652928349485,0.006096458404785879,0.004853301320703626,0.004461697803946939,0.004833891593763281,0.0029516769818918745,-0.0023617782777440167
2018-07-27,0.005220568526530384,0.005544647137677394,0.005825086887891179,0.005027673532812222,0.00496894842343572,0.005472765909338287,0.008182670408748373,-0.006799840811537501
2018-07-30,0.005078834414482301,0.005627858853259198,0.006435207789256883,0.0064626280597670374,0.006553114706130498,0.004703583744488672,0.005554063000545492,-0.005236696390820934
2018-07-31,0.005247747395522833,0.005605158954146945,0.006482999855978406,0.0068230538379781165,0.007380680770368266,0.004661598235448389,0.004630430461750576,0.004916876684543167
2018-08-01,0.005298155451597514,0.005566262576185093,0.006226320404287661,0.006329094708866626,0.0066875848012821525,0.004685733681173979,0.00559650237606948,-0.0016716294019748952
2018-08-02,0.005348561444347076,0.005412203157168918,0.005852298210223945,0.00605193495353679,0.006714660347594544,0.004431044784291017,0.006411249760683318,0.005432912740640758
2018-08-03,0.005279629178025585,0.005413447966356197,0.00584496453717337,0.005702871914626301,0.006096043447353879,0.004660335436405591,0.002748038807860322,0.004275330734705186
2018-08-06,0.005119949944323075,0.005351990370399238,0.0056749572379120525,0.0054229846099812865,0.00561134923074217,0.004030770179717496,0.004537961118147105,0.0036609994295958067
2018-08-07,0.004913009628958413,0.005265866298983051,0.00547988794323842,0.005200527741489211,0.0052162579529875346,0.004313945156658206,0.0021757340087466886,0.003296360396258479
2018-08-08,0.004634160211966521,0.005168901867685321,0.005300100330151515,0.005025131648279215,0.004886170506426712,0.0038445542067208956,0.0028039835118953507,-0.00042005496010503963
2018-08-09,0.004617538911575519,0.005012492443571929,0.005074454397876749,0.004914491698484487,0.004893938397864491,0.00395185326772317,0.002806352692151792,-0.0013671070158312738
2018-08-10,0.0042395680490502075,0.004871315485843413,0.004973475831380604,0.0049153243694263805,0.0051059895372962205,0.003451331043492225,0.004906590479961326,-0.006722556372486969
2018-08-13,0.00421449176527419,0.0050017494479168674,0.005871831020266535,0.006315550068303099,0.0066079414859938875,0.003396563566618225,0.006030568417581908,-0.003750731515581851
2018-08-14,0.004321632858669523,0.00493563844922531,0.005843866582619396,0.006387402314731137,0.007105446830091254,0.0045381314545461515,0.004243256110206905,0.006360838150055735
2018-08-15,0.004497267141726587,0.00503254518168046,0.006000459631132892,0.005974087740351924,0.006392167850848114,0.0044835303586112495,0.006820686117195608,-0.007495675472278263
2018-08-16,0.004774141270578446,0.005213255162799797,0.006703442510779672,0.007241751606326094,0.007840354123912681,0.004282444895806945,0.004585580525226836,0.008058927048542565
2018-08-17,0.005059866016546948,0.005426244183533863,0.0069319226418604095,0.00667282992036445,0.006947736304244968,0.004267069001308094,0.005535052467538072,0.00351398193410726
2018-08-20,0.005001060769614697,0.005330887592603028,0.006410853839808709,0.006206351376218626,0.006377219422852071,0.004850152476100887,0.0026227087707471706,0.0021375594111561176
2018-08-21,0.0049868036518859425,0.005194940845442236,0.005919482016079807,0.005827460629804053,0.005946231159840986,0.004007978103939258,0.004611268453179301,0.0023425980687074768
2018-08-22,0.004992049220375915,0.005069263428455476,0.005555545905821166,0.0055225891876225855,0.005564674288154242,0.004789462989134211,0.00332850159411353,-0.0005939052645287867
2018-08-23,0.0049176114093890146,0.004916985785259675,0.005273288657191626,0.005314641415673286,0.005522675992456832,0.005112675598080986,0.004338119521631881,-0.0013288262077771945
2018-08-24,0.004603452281321939,0.004778293733659274,0.005114801395071453,0.0052174195276082184,0.005643208997246837,0.004583110928371667,0.002542690045352634,0.006000509804858477
2018-08-27,0.00472206551090884,0.004860301700502963,0.0054366277039416926,0.005038402673921645,0.005144165315002187,0.003450517583887572,0.0026108166753738946,0.007864543376631195
2018-08-28,0.004641803528875678,0.00509079985995247,0.0060485172588104165,0.00489817790403552,0.004628175168142203,0.003397551689933087,0.0027486897915492163,0.0004827530348254884
2018-08-29,0.004394503261403544,0.004937129900134749,0.0055659321897613976,0.004741210047331721,0.004455854214473151,0.0032396805362270307,0.004096358681648442,0.005366556488879634
2018-08-30,0.004412194115727968,0.004963943217307834,0.005620094136267565,0.0046557276473927454,0.004126815014364015,0.0038590458416730747,0.0046561524921768,-0.004056825148503963
2018-08-31,0.004532069525942076,0.0049142403427090454,0.005708681519406282,0.0052717016990082,0.005080275838091126,0.0035468604365340487,0.004169436281735032,3.458058312434905e-05
2018-09-04,0.004454694871990599,0.004764540314254705,0.00533975791188386,0.0050761486132056685,0.004958593147904999,0.005367280072946964,0.004369496083821114,-0.0017237338344780354
2018-09-05,0.004447855384208702,0.004638649506237379,0.005180977681314543,0.005074957298155912,0.005231106630931153,0.004530465264772826,0.004918493359822895,-0.002694843407212175
2018-09-06,0.0044761346914044065,0.004545522626340892,0.0051846065220627225,0.005239492921579017,0.005686550347222715,0.004425244199960589,0.006692831350064887,-0.00301526030492983
2018-09-07,0.004506907850529033,0.004468509491113509,0.005233896888375325,0.005425579464290692,0.006148365402146289,0.0044944755078832185,0.005499253513710325,-0.0019445854968054648
2018-09-10,0.004533455800828757,0.00435848680313528,0.005127895885780719,0.005373161850632397,0.006302303822478756,0.004398587255665502,0.0029074359723266024,0.0017367289480984805
2018-09-11,0.004525069730443837,0.00424706915727398,0.0049127164216776825,0.00514986319863289,0.005889389190666217,0.004750938849097952,0.006031983589714576,0.0032922238538406067
2018-09-12,0.0042444731470469305,0.0041959104989615385,0.00487017006688842,0.004973916545356016,0.005469486267608785,0.004077388543643577,0.004488472168838169,0.00024237200248704158
2018-09-13,0.0041092165979907174,0.004068519346351115,0.004711856404208976,0.00483818932697497,0.005255823846742579,0.004223033932166275,0.002670686372710418,0.005897022821403852
2018-09-14,0.004081074525159121,0.0042007346239324355,0.0051440591015494965,0.004730753581364553,0.004812443428458835,0.0036140440141541946,0.003584544579477509,0.00017186667821649543
2018-09-17,0.0035814603192697884,0.004072980896980411,0.004914551856235559,0.0046510005183269644,0.0046949861379911,0.004208716748385064,0.003671675175488588,-0.005308736322172964
2018-09-18,0.003547739723854192,0.004157497307784917,0.0054956783299939275,0.0056550846120884905,0.005882115745778288,0.004301446221173977,0.004719442471065327,0.005411794880444259
2018-09-19,0.0036412113392538677,0.004243223805323573,0.005578870501816225,0.005373820795246246,0.005378358040815331,0.004436477093843705,0.0023600322305794186,0.0010648285454120435
2018-09-20,0.0036314853651358363,0.004122218208223364,0.005231815737569158,0.005150384375090202,0.005115573559810172,0.00315921386488716,0.007264569598030818,0.00807142926073736
2018-09-21,0.003945584757274937,0.004458923659079732,0.005974406836958061,0.004974325601668053,0.004603488686856916,0.004924577571007974,0.002900847633937261,-0.0009141921310527979
2018-09-24,0.003953432737121121,0.004328882652694533,0.005584936671557786,0.004901824144321089,0.004742240169057843,0.004561344820750727,0.0031102084496132136,-0.0033276881176939935
2018-09-25,0.0040398185823401316,0.004275427699315027,0.005563214521356509,0.005252272450831718,0.005418584206594273,0.004321747457230575,0.002693238976141529,-0.000927732422168441
2018-09-26,0.0038981893817794017,0.004151405344961454,0.005277910536597753,0.005118104189869756,0.005455840380641963,0.004233858531863138,0.007620933348754842,-0.0029972092202943485
2018-09-27,0.003617296303684182,0.004091346006450335,0.005296543211597679,0.005333170521259037,0.0059481373550209216,0.006388038790532427,0.0050942873410697665,0.0027907202142762625
2018-09-28,0.0036601196075617326,0.004025177334564216,0.00504370089751635,0.005076431415850252,0.005486826376255357,0.004525075690904947,0.0033131925137847656,0.0001028966587630523
2018-10-01,0.0034742971732987056,0.003902635607323747,0.0048216912343366294,0.004910982526847165,0.005284666180976084,0.004432021464869653,0.0054402501794286046,0.0034685038086698238
2018-10-02,0.003412660472143942,0.0038779584735764696,0.004804950845921929,0.004776338887693884,0.0049349587754835954,0.003905923808482035,0.0034570750181795876,-0.0005832358016276276
2018-10-03,0.0034190695965597897,0.0037625334613043035,0.00467840315622729,0.0047105887944290095,0.004947087392938643,0.004229883169548233,0.00470633319919759,0.0005488613143451643
2018-10-04,0.0033836170674749785,0.0036503881285599687,0.004543920261481736,0.004620164427452947,0.004745736231725799,0.004419095585082221,0.009251510008439559,-0.00784651696049638
2018-10-05,0.0037911621603554254,0.004027391610517296,0.005957809893137402,0.006578112424921393,0.0066235546058362295,0.005563035074594488,0.010620362661301891,-0.005612743560413462
2018-10-08,0.003943450241477315,0.0041396695049115894,0.00623843441012429,0.007033965116986469,0.00752848479104728,0.007907544500810208,0.007593639517057968,0.0
2018-10-09,0.003914310799758901,0.004013558495064107,0.005728332486443235,0.006495364820433278,0.007055378363772597,0.00870043312443658,0.006003435194271904,-0.001460339298081702
2018-10-10,0.003915828459546495,0.003907696013974794,0.0054258424751440415,0.006147786165233172,0.006953780135263285,0.005663132917362951,0.014754560778134262,-0.03217534263991721
2018-10-11,0.007994453645044877,0.008744657985830033,0.01595897194384286,0.019499598555319138,0.017590323128376596,0.011680135979289758,0.0221864146175522,-0.02227276052646828
2018-10-12,0.009161111457849537,0.010081936935924404,0.01724120507577094,0.021501772834189813,0.019941987065388866,0.016685910371969436,0.01403959031539533,0.013792959529327726
2018-10-15,0.009677439379021387,0.010342217808179236,0.015838099292422338,0.018876898316068168,0.016562171614215054,0.013523469362650078,0.007634817025471637,-0.005632961800774617
2018-10-16,0.009686627354358848,0.010121640013320454,0.013829984022851016,0.01696566344826099,0.015500509088425313,0.011430982941068509,0.0100300340575665,0.021630272386290315
2018-10-17,0.010999529228079058,0.011152258146940534,0.015218757560319242,0.014950909536639391,0.012804377789234402,0.011283589996584673,0.010624582677339,0.0001780659817885144
2018-10-18,0.010899174463203046,0.010812603410792132,0.013001252908806174,0.013214286967340663,0.011378460976375302,0.011291417902818927,0.013011622885447709,-0.014546075992089723
2018-10-19,0.011240466526968479,0.011072170002939268,0.013200276104706792,0.014520372222895183,0.013460716544704916,0.013184534203382023,0.01117897879888673,-0.0005428672328779095
2018-10-22,0.010998705852151536,0.010735690660106633,0.01134744912270182,0.012855800879670878,0.01204500567102847,0.01032957036219444,0.007120330878277005,-0.004498926690455726
2018-10-23,0.010997710960827169,0.010466812847973182,0.010106075461918844,0.011760872956294027,0.01169003067824459,0.006594121451461023,0.017673780248749445,-0.005103679439222048
2018-10-24,0.011008367517666266,0.010224664960375324,0.00920459401084804,0.010949097066203426,0.011530916965581924,0.0169772946586357,0.017521541440334416,-0.03076725719559141
2018-10-25,0.012553361543981097,0.01245265409698638,0.016573276903167435,0.020333038173863515,0.018316140473607464,0.016478407177852736,0.015516906964465097,0.017781763824658934
2018-10-26,0.013452720746014071,0.012834950171254937,0.016124660024742703,0.017864037743848184,0.015159809162116516,0.012683750082253486,0.026959727563410783,-0.017743904545659443
2018-10-29,0.013726126060642479,0.013181144034423178,0.016203562975973324,0.01930369311079443,0.017297516619092977,0.015295717179035166,0.02951112868654183,-0.005555912620291322
2018-10-30,0.013689900948428311,0.012851851791687295,0.014135299584205648,0.01725572697978657,0.016090519521479652,0.015195401282896167,0.01079263421670116,0.014710033434141715
2018-10-31,0.014230939779867004,0.012970851700061186,0.013682885719854139,0.015121851101831457,0.01336105617619995,0.010762099373032017,0.009464121736546992,0.010624189044151874
2018-11-01,0.01457466887054998,0.012842150044530471,0.012570550515681818,0.013292260990111358,0.011350240975925215,0.010518034383705528,0.008815170438733923,0.010585643656118304
2018-11-02,0.014877136590289304,0.012718054874748693,0.011712857418161915,0.011728917102081078,0.00971828230542233,0.010129282018137871,0.015335944572153539,-0.005940681551970837
2018-11-05,0.014852329990363799,0.012416178415575683,0.010589494969593287,0.011070973866348173,0.010179590896129345,0.01193759338766968,0.007657990251826795,0.005501683980058574
2018-11-06,0.014951468394543449,0.012113129606239214,0.009451579315047778,0.009841082728047672,0.008977762954573337,0.010415535623749434,0.003928188795498267,0.006308396024500283
2018-11-07,0.015066074058149049,0.011845336042097409,0.008654921660788713,0.008803089064758515,0.007943955422544769,0.006855443971311877,0.007825070704673382,0.02118253574261239
2018-11-08,0.015904717824504828,0.012602192508544784,0.012054585731236061,0.007933011644898416,0.006440312977332412,0.010945649193896033,0.005813410941106447,-0.0018164181022442434
2018-11-09,0.014227385341762705,0.012226377351628183,0.010474835849045024,0.007335837665670201,0.006540704229208499,0.007163079489855316,0.00848511937866105,-0.009816337405420017
2018-11-12,0.013475764459400746,0.012095324458614786,0.010338056334268288,0.009069725444737666,0.008659570667582672,0.009657259735828485,0.01103665495649575,-0.01886204239306083
2018-11-13,0.013802001411213202,0.012604192156892588,0.012747297630208113,0.01406006532674443,0.012927004806675142,0.01030881307839939,0.01203344066866482,-0.0018727153267413964
2018-11-14,0.01375758333258236,0.012228824313641152,0.011042914357211617,0.01246194275921388,0.011893717907767483,0.009871538704498868,0.015492525405439295,-0.006860093406088853
2018-11-15,0.01285053274022627,0.011974771327281484,0.010204918582958095,0.011846673058186043,0.012124475553532188,0.011630627327870053,0.016421208427474947,0.010382485222048777
2018-11-16,0.013117814298341978,0.011885251339513417,0.009911255838076262,0.010498726729965496,0.010358885056169474,0.013064831125405687,0.009393267808974762,0.002597276262032604
2018-11-19,0.012779948895273462,0.011540727796724097,0.008693254614267098,0.009357314717438453,0.009255150547806856,0.009380967510763028,0.012281596057841425,-0.017059277453365308
2018-11-20,0.013283462035759504,0.011943962115950021,0.011229892948625102,0.013354903488770475,0.012755515319105735,0.009659313465969037,0.011515503092902099,-0.01867970156287087
2018-11-21,0.013807075114816674,0.012451289579569242,0.01321390101378562,0.01635628758123042,0.01568541560170697,0.009497206369546263,0.006238895086886317,0.0034016037352124426
2018-11-23,0.013833859575594297,0.012100693779321782,0.011417566481948723,0.014350000204779416,0.013520202950501952,0.0075013275503736845,0.005478046117550072,-0.0067005983328161526
2018-11-26,0.012188765450034573,0.011846310127019559,0.010468351158145109,0.01332750809452863,0.013374492060380565,0.00697780530529849,0.00582274961784693,0.016015341812133665
2018-11-27,0.012062657117566971,0.01213690365000741,0.011459677224461659,0.011758974962736781,0.011133290913431198,0.007291788098555213,0.006373247743321311,0.0033585024566506823
2018-11-28,0.01141199503525775,0.011795886432230056,0.010047907113604695,0.01047871472114313,0.009939554173803985,0.0067472814433994464,0.013618212352278362,0.02276435425172088
2018-11-29,0.012293900969081548,0.012723494409501485,0.013262453200259648,0.009382574309615558,0.008103492969944722,0.011281298248109825,0.009387112389292887,-0.0021875979773308563
2018-11-30,0.011961799280171138,0.012347518231771269,0.011544860035955966,0.008591256499688978,0.00801945634215624,0.010342295412065714,0.006983499519683066,0.006076789608135293
2018-12-03,0.011820937509798275,0.01206354742235388,0.010320382018106443,0.0077869360195360745,0.00717114179009163,0.007097895175585388,0.008178207086639269,0.013154841784776975
2018-12-04,0.011939166319690487,0.012131793666628563,0.010615777165346974,0.007114044222873361,0.006149861024524309,0.010681453923962945,0.016267050037231227,-0.03293910586993979
2018-12-06,0.013999501147627538,0.014263543537499233,0.0178404061785915,0.02043846397237704,0.018624986339341294,0.015783260158520603,0.020829724672539882,-0.0015183827090758792
2018-12-07,0.013938016232173746,0.013834019045615096,0.015322714855889407,0.017992166705354137,0.01638712289553134,0.017373140278245505,0.021214323668521124,-0.023510025990666348
2018-12-10,0.014694955306340457,0.01459659403087183,0.01715565040036512,0.021067888307918493,0.019501339711456952,0.01708303684906129,0.020556446706107498,0.0018950711522986413
2018-12-11,0.01374268724120631,0.01415953394516552,0.014721188998410175,0.018501179345279305,0.016657390504281,0.0161176115383282,0.01375991018103208,0.00022736693924140558
2018-12-12,0.01375842431635364,0.013728290468777988,0.012681782979855161,0.01627906442776494,0.01450535881330148,0.011401579228183254,0.00980401489928334,0.005022495154508115
2018-12-13,0.01376452815799426,0.013366806989631276,0.011146706556871257,0.014358452292764992,0.012561410730671295,0.010669236032606846,0.00999984752756342,-0.00033900611186831093
2018-12-14,0.013223363430241665,0.012959866236223477,0.009728412098820605,0.012711791438384953,0.0113230155046904,0.010542783032838012,0.011236635118693755,-0.018637446126690313
2018-12-17,0.013756576307045921,0.013368691363655382,0.012256546244041827,0.015809806985699518,0.01458708847405026,0.009557140676099952,0.01985429032238351,-0.019813253409641695
2018-12-18,0.014263021823893846,0.013840249090625293,0.014132692651400722,0.0182416347978547,0.017258938311239033,0.014173215444490468,0.013855612420567775,-0.001097136435392839
2018-12-19,0.013953583321587805,0.01342131020797124,0.01221922020392072,0.016079241638932155,0.015231290402077723,0.01057602851809378,0.030679900853663716,-0.015089016979772527
2018-12-20,0.01411665886371062,0.013527171901089645,0.012802435546964405,0.01680601263745884,0.016588368937895538,0.015206495080017543,0.021851700089427155,-0.01641188970212779
2018-12-21,0.014087571579959532,0.013717373082293125,0.013539273298730567,0.01774941518258245,0.017921655224899437,0.015082816118270974,0.02748324172437455,-0.02070242573592343
2018-12-24,0.01419908812115723,0.01423347359934237,0.015202878634186038,0.01986654079233663,0.019923541076003578,0.015169562329375656,0.017738059786353195,-0.026778264576712313
2018-12-26,0.014906822954756977,0.015279423800831303,0.018063070135387677,0.023539281165204592,0.022846317829575597,0.014649593784044755,0.02973663370163668,0.04928999466207861
2018-12-27,0.019110993592816226,0.01911081784256105,0.026804800525499373,0.020644689242973455,0.017436079734771962,0.015169562329375656,0.02715203200254866,0.007648001139322969
2018-12-28,0.018780952754673497,0.018623089764603563,0.02303361521845706,0.018134426644499827,0.01479409752814257,0.015169562329375656,0.015546599210676896,-0.001290720614346426
2018-12-31,0.01872568994964931,0.01805852324028493,0.02017111641891799,0.016408997851717178,0.014206242546616638,0.01197477333285614,0.008976420082764412,0.008720711916741704
2019-01-02,0.01797523800998129,0.017638216885581273,0.017759385355412407,0.01467798747034802,0.012378726492521211,0.010437608674249664,0.012437846451409648,0.0010395652466272066
2019-01-03,0.018007103126834186,0.017102781497837005,0.015349328149321655,0.01315962085205346,0.011081419879298015,0.01084645377030854,0.011409066011147257,-0.024151808213174013
2019-01-04,0.018361819123636026,0.01760549395112068,0.017439002765696703,0.018027224502438103,0.015815819211980244,0.010463607146683793,0.013812062783797461,0.032946805921856004
2019-01-07,0.01981693026580805,0.018880829787229075,0.020936368833478332,0.016100129880994924,0.013051440219706889,0.010236781418687169,0.013003035273033807,0.007853658824472445
2019-01-08,0.018871465787633244,0.018406449599608573,0.018324144042376058,0.01440681704081057,0.011448810272345821,0.010542828591341412,0.010703137712098488,0.009351535750278493
2019-01-09,0.019050966344333047,0.017992126525357668,0.016293067598259898,0.012922099569665661,0.01007275967616353,0.00952677197785256,0.008654500544881356,0.004662632234181085
2019-01-10,0.01844938947068575,0.017481362311081012,0.014215898697371616,0.011623665356888026,0.009047824206688074,0.009447968015668077,0.009145121358693636,0.0035213232644666233
2019-01-11,0.018464433780176585,0.016970743342829126,0.0124160009355797,0.01049170122734793,0.008211751041341905,0.009001452962680017,0.005184328368133987,0.00038615081157075427
2019-01-14,0.01846485124616096,0.01645401800712048,0.010843168317694671,0.009508569553290675,0.007588880029014061,0.00715235432360366,0.005876583149272001,-0.006119439518754896
2019-01-15,0.018453467444143855,0.016023029628174198,0.010025020960267765,0.009385214948057288,0.008417790624301435,0.007415642714485939,0.005880519759792111,0.0113954707749898
2019-01-16,0.018657095748570808,0.015783682555362232,0.010060126579196027,0.008552027496128366,0.007450719622863273,0.007338922952717877,0.004314674709956604,0.0024168786699617986
2019-01-17,0.018201294371729095,0.015314295121168924,0.008905805672121968,0.007835702880522724,0.0068754789243775805,0.00721464739888055,0.00943464955980888,0.00755842156584682
2019-01-18,0.017655526826739765,0.01496274577571865,0.008490678257354863,0.007223409451087547,0.006228664047977796,0.007401950288118074,0.011739322236943456,0.013222158934405122
2019-01-22,0.0178189144669834,0.014864059495745409,0.009433630666337659,0.006703367177453663,0.005503923896363032,0.010734423697473619,0.011353276879957448,-0.013602787618251814
2019-01-23,0.017748977775151747,0.014791416384873749,0.010588066923392642,0.009975615955130888,0.008847127721243079,0.010619820045423998,0.012890941376544476,0.0020903754073884916
2019-01-24,0.017218379150732908,0.014349948394022111,0.009332707929314971,0.009061767172260031,0.008082056227964936,0.011054948219049905,0.006594410268074385,0.0005312237069674136
2019-01-25,0.0163389280479713,0.013913399645451236,0.008274023520861073,0.008273484988445877,0.007473524573050359,0.006418045961056318,0.009466405828493604,0.00842596109334506
2019-01-28,0.014714017861820318,0.013646521078032815,0.008166690791026774,0.007597172768590318,0.006722149749815669,0.009323317774851536,0.006335751999733111,-0.007629364020813831
2019-01-29,0.011151103925992084,0.013362122473728776,0.008244625047340005,0.00831574948290722,0.00806148283368268,0.00802657951653585,0.00634035333586247,-0.0013278207794987908
2019-01-30,0.011147513663195104,0.012959140575829095,0.007440365363275541,0.007694639849754425,0.007794160731922996,0.00823939644421249,0.01139485951697894,0.015706504128289618
2019-01-31,0.011444395153002078,0.013140191068328222,0.009485937571631315,0.007140189879217048,0.00684487622018543,0.010514431109079753,0.00734803585982715,0.008744219497203902
2019-02-01,0.011444915367811438,0.012918685169565796,0.009139965096253873,0.006643516935254641,0.006187788810885838,0.010720959556365785,0.006176244645060633,0.00048204685206316154
2019-02-04,0.011451961068148737,0.012525686530876969,0.008135357662953513,0.006222475666118663,0.0058399855930803424,0.008348561186046937,0.0064726904602256845,0.007010360963615337
2019-02-05,0.00952787848416948,0.012264907799735636,0.007817392930395496,0.005867941485488264,0.005351216553901179,0.007885845242762025,0.004391186954055751,0.0041832085167908565
2019-02-06,0.0070818419288062205,0.011935335753364971,0.0072079016275128326,0.005571439008702581,0.004996104816262754,0.007877694626150504,0.00430399770295173,-0.0013193699197743371
2019-02-07,0.007099295009645174,0.011576249366350544,0.00661689021065105,0.005409000720195167,0.005127197956800448,0.005517300732843913,0.009751201051434904,-0.009578470146290543
2019-02-08,0.007486228034694997,0.011466202590614656,0.0076326905615427655,0.007539673130304776,0.007257348885928129,0.006186670114583788,0.007059301027268036,0.0012206035568670121
2019-02-11,0.007472273464150058,0.011120915705132349,0.006898255296281453,0.006984030417910628,0.0067545762841430615,0.005698043980541098,0.004177661792297267,0.0005547048637341136
2019-02-12,0.0074751428262118825,0.010782983909965311,0.006300635895039536,0.006510840257483581,0.006334817561000153,0.006010906968876272,0.004846393646891752,0.012777554634241869
2019-02-13,0.007813514206627683,0.010912943307297014,0.007907966399840842,0.006110498927116313,0.005631824334604436,0.00566013483089621,0.004113644438386167,0.0032415678444855916
2019-02-14,0.007547583210396538,0.010610243044153424,0.007204411276569959,0.005774077545152548,0.005271553738232849,0.005987398064593302,0.008197355183124708,-0.0022208062965900595
2019-02-15,0.0073867751305196966,0.010301385384746276,0.006682969836064529,0.005679420170066079,0.0055592491080371335,0.006050751419315338,0.0027552852332397883,0.01083860223787701
2019-02-19,0.007607388522859997,0.010334405948220493,0.007594525991276932,0.005414644163559609,0.004998257973162143,0.00507616453455909,0.005158234233363461,0.0017288274475143867
2019-02-20,0.0075349339785895485,0.010028523330234363,0.006877377052674002,0.005195577504874757,0.004750885992737493,0.0050484650493807905,0.004710906685875301,0.0020132765069855968
2019-02-21,0.007132837560689021,0.009735512329177467,0.006307003720066992,0.00501545730566844,0.004521521343969272,0.005141335048294694,0.005167131597260491,-0.0035620954417885466
2019-02-22,0.00631841760208471,0.009479171890468971,0.006139542848205416,0.00533240567654073,0.0052013085183493435,0.005089492296047403,0.005163877472494274,0.006181117349528636
2019-02-25,0.006365862967391823,0.009314278847373654,0.0061813591082085055,0.005127833229486842,0.004806997089916569,0.005052915565416815,0.004569397297747838,0.0013600497147153057
2019-02-26,0.006353898912220649,0.009036671241858044,0.005731390484696651,0.004959982576989574,0.004590438576983599,0.004722558172622119,0.004109971859778052,-0.0007153638615740766
2019-02-27,0.006261766730876645,0.008763129933573135,0.005411126516181099,0.004862497091269276,0.0046422718570545175,0.0049844936187366275,0.006006907101632183,-0.0004300490614018185
2019-02-28,0.005872114777273174,0.00849682269971765,0.00514765168756235,0.004766287868093068,0.004630755169082434,0.004361336647878343,0.0032693968816999803,-0.0018640987361630836
2019-03-01,0.005891681582172005,0.00825061986016207,0.0050547710583555595,0.004829656670379705,0.004918440626952501,0.004822052452976484,0.006085513761863384,0.006224363696696018
2019-03-04,0.005161854507430215,0.008143274930764133,0.005405578605354987,0.004699469755446042,0.0045395111543906986,0.004387924784323619,0.013752220331166071,-0.00364404547705982
2019-03-05,0.005087748173408986,0.00794549526766354,0.005479196326618221,0.00511449975597287,0.005230686553056929,0.008946001396491567,0.003763312517833009,-0.001361121757721767
2019-03-06,0.005124524861534861,0.0077106549975936856,0.005262459291994625,0.00504101889888658,0.005346308318233295,0.005898636173926266,0.004450084915893989,-0.006075258600092875
2019-03-07,0.00522255130361082,0.007622432320846256,0.005850158336510186,0.006036374420940783,0.006494881706273651,0.0054325894538197585,0.007334248552370484,-0.008400643497157882
2019-03-08,0.005542858246296923,0.007671351555411158,0.0068057377616041696,0.007468519879459072,0.00801469715819136,0.006804316715825746,0.005398278258070904,-0.002001804558446879
2019-03-11,0.005555010451472817,0.007453797011920821,0.006356063111330305,0.0070522691339545565,0.007903072643930737,0.005734806027415014,0.0057233065153619814,0.014396616924062229
2019-03-12,0.005877718475030689,0.008041224983341548,0.008388060972830777,0.006570575922693103,0.006947390695606562,0.0044315564454134124,0.003431397940176756,0.0037642151451060734
2019-03-13,0.005899118190387211,0.007850591074452422,0.007643462988612329,0.006161367903900654,0.006416921511369085,0.004565108725412707,0.005693101852692427,0.006597225136199406
2019-03-14,0.005994122167224221,0.007781084511495669,0.007374543331088185,0.005816003282427909,0.005868206828104781,0.0046723534172463735,0.003396074010017341,-0.000639813806192934
2019-03-15,0.005462612411762955,0.007545669043029335,0.00672786353490598,0.005557431407530607,0.005765876339842092,0.005399629217512085,0.005154510312494368,0.004928268460146468
2019-03-18,0.005506188020887486,0.007414726146624151,0.0064348553180891225,0.005310996977209232,0.00534121535118244,0.0052934056410178666,0.0034435645071271867,0.003619464169794013
2019-03-19,0.005467281187769875,0.007243307618226032,0.006064741988177274,0.005106875068667046,0.005002130824506206,0.004851099534621463,0.008136562368683918,0.0002482300722780359
2019-03-20,0.0050413798971415515,0.007022910509699179,0.005644722512668842,0.004939866016283498,0.00482438631529436,0.005198813645588041,0.009192307564194705,-0.0030146002320919876
2019-03-21,0.005115869080402553,0.006848887835201298,0.0055654644467606935,0.005156724933556133,0.005338112914023911,0.00566226054788452,0.008331187722447725,0.011230949772689732
2019-03-22,0.005594665842155772,0.007187550533541939,0.006972140211633888,0.0049797610164623645,0.004778218539517113,0.008168193019214544,0.008882291810714123,-0.019433781926184283
2019-03-25,0.007139911832195614,0.008439285663440663,0.01095311491994769,0.011852696777231142,0.010504464093358045,0.009564027657446936,0.0075455702757482755,-0.0007524311008293352
2019-03-26,0.007024533334951227,0.008184266559215645,0.00969466930252314,0.010753848290139208,0.009794719449433373,0.008623684480078659,0.00770468714160121,0.007426351913361768
2019-03-27,0.007197561989719461,0.00814078178862591,0.009097623191327009,0.009772573686512943,0.00877603706088791,0.010760357541489705,0.01066366375797634,-0.005242770503013894
2019-03-28,0.0073022355763158135,0.007996573453364776,0.008543811598327504,0.00943808753436445,0.009210293132963912,0.009999843992229482,0.006246269142914403,0.003783447816562087
2019-03-29,0.007339958252758981,0.007808158836639638,0.00777181876844964,0.008626086530415644,0.008378991657799366,0.007382015650211523,0.004978657770370101,0.006285902102682151
2019-04-01,0.007425552242162507,0.007725286898735364,0.0074276616143455,0.007922336260827308,0.007590012996698039,0.006111039966355135,0.004210658606014088,0.01178921732735255
2019-04-02,0.0077202251315507476,0.008027352796482718,0.008293697877113563,0.007308878754563516,0.006779513560735846,0.005846998701317114,0.003294573155274357,0.0004896108864413066
2019-04-03,0.007645036167863312,0.00778373126933698,0.007448039268120834,0.006789361150934392,0.0063565056031055734,0.00513721433742539,0.005327784416040321,0.0015727866115318866
2019-04-04,0.0076204339331723955,0.007556434581757713,0.006761010416012755,0.0063475933848907125,0.00595727428308491,0.005521374814958594,0.004056187352574379,0.002649564825679686
2019-04-05,0.0074246351014799926,0.007354925764343891,0.006247447432695881,0.005974402331418846,0.005577433150045827,0.005195314970382619,0.0024597036478105475,0.004828635632323789
2019-04-08,0.007061886355071352,0.007228290278015529,0.006047649512448782,0.0056612578188974996,0.005184426035167739,0.004393785718867373,0.0040623568276867425,0.0007619624685853521
2019-04-09,0.006999246098570034,0.007010572354014367,0.005622376950337504,0.005400255206054184,0.004941868070281157,0.004744607869829596,0.0038321734278099636,-0.005137953471572993
2019-04-10,0.006646860936541823,0.006912535800961991,0.005904147770795307,0.006009773568707415,0.005927150261357639,0.0048489078453846386,0.0028108363930840377,0.0034051237541825215
2019-04-11,0.0066417519975777144,0.006753654876767413,0.005625900353266149,0.005690845141127479,0.00553110469299178,0.00403182960353138,0.0032596599799740757,-0.00027724481358696847
2019-04-12,0.006556425269362494,0.006548263496837528,0.005310334634222774,0.005438938889474451,0.005395046908831143,0.0036511382744697984,0.006301435744186234,0.006743206781542571
2019-04-15,0.006641331639220916,0.006560123458936765,0.005681036866163872,0.005216069259421553,0.004972856603501625,0.0048056803509873985,0.003560520810501231,-0.0006554312381068562
2019-04-16,0.006617763433028126,0.006362301628748522,0.005371260577224242,0.005067811681904914,0.004974280141635101,0.004209001201991285,0.0038203189756493717,0.0006554312381069539
2019-04-17,0.006600627377596968,0.006170569220156169,0.005089081077960498,0.004910976428072995,0.004757262568100734,0.004177388717307257,0.0049508747241023094,-0.0024503710668557044
2019-04-18,0.006648279331710486,0.006012622400634469,0.0050785761435095545,0.005035872916314948,0.005155857954842853,0.004445309741253721,0.004736501438375659,0.0019671314038662447
2019-04-22,0.006579869082544332,0.0058493338767982225,0.004887630333759465,0.004884874095763556,0.004884427388156022,0.005092637047674453,0.0027690782866483903,0.0008620306193291381
2019-04-23,0.006183251546222745,0.005675069180322247,0.004713999268008198,0.004761829497748914,0.004671434371335271,0.004365333924548026,0.0054200295182592695,0.008951392800890239
2019-04-24,0.004339615931790185,0.005922978268903795,0.005823601362215583,0.004662028168760124,0.004269126614830208,0.004810330955766487,0.002747487435303968,-0.002221913829671462
2019-04-25,0.004402173810040788,0.00576827403505254,0.005607462209239581,0.0048057130882614265,0.0046753393584151185,0.004677414729554878,0.005806428513048057,-0.0006162194863992505
2019-04-26,0.004272635276034529,0.005594585758586485,0.005311634736628759,0.0047327636256492,0.004701320229337489,0.004304991673432968,0.005468825627981836,0.004645900688165546
2019-04-29,0.003991408100751454,0.00554224593588428,0.005318608838602006,0.004638516964837166,0.0044072734881490565,0.003969425831121694,0.002786344326675188,0.0015664827193792997
2019-04-30,0.003979155798596174,0.005387089446036989,0.00505838766950239,0.004562457256462571,0.004224318380107808,0.003821470120187511,0.0066982285192201995,0.0005104397954672899
2019-05-01,0.0038796496242387312,0.005224473338501664,0.004847330884004886,0.004501277912065324,0.004087701215780796,0.004694736114091804,0.005177410171856399,-0.0075447694328741755
2019-05-02,0.0037074109401773196,0.0053919223948927335,0.005950924127885947,0.006216924682171624,0.005827141656531221,0.004110626615149883,0.00894476424601541,-0.002161192299681345
2019-05-03,0.0037697591171519575,0.005254398406589013,0.005691641536634759,0.006026002747312076,0.006031050412757525,0.005908145597239553,0.00804307945427899,0.00973995106578444
2019-05-06,0.0042390725584984966,0.005625315925713664,0.006644741557800812,0.0056960409978334715,0.005446826094004373,0.007661632562835591,0.008798207414630084,-0.004124011889602527
2019-05-07,0.004382426032351895,0.005546708659392297,0.006473026467282583,0.005969267625058259,0.006120913826044517,0.009494486484678906,0.013207142743615091,-0.01684060884351404
2019-05-08,0.005754044203662201,0.006777638579052549,0.009836299513170534,0.01103675891353778,0.010127958421341787,0.011169552053564702,0.007345027518344904,-0.0013897894876602188
2019-05-09,0.005756977793622864,0.006579976634834383,0.008770163454958296,0.01005149403289705,0.009584926363498262,0.008572274488638773,0.011097836056074334,-0.003030813283518589
2019-05-10,0.00568466865992455,0.006422575551415615,0.00801326527959167,0.00933896074923111,0.009438699050416983,0.010176944887036772,0.018164984319943855,0.005011184544308336
2019-05-13,0.005744779893294858,0.006346749273687277,0.007444302995573882,0.008525729873855605,0.00853841096192501,0.01780529645372945,0.009641245959592924,-0.025451272803015776
2019-05-14,0.007987434383787581,0.008759588460657204,0.01345958550079475,0.016221056956711152,0.014406176645806628,0.010370692210247673,0.008758220733022501,0.00900316474321957
2019-05-15,0.008114447864079298,0.00877439371829685,0.012310328377702627,0.01455183618069617,0.012625478638348047,0.010580869897212923,0.009279552736539274,0.005839962741098469
2019-05-16,0.008255708472201972,0.00862652281659946,0.011019443831197816,0.013082297014475911,0.011219303153910249,0.010365008334383004,0.008730420148569685,0.009218941441037163
2019-05-17,0.008538530064508039,0.008663210434278321,0.010398662500444166,0.011791588162879214,0.009942822967513278,0.010541698413278249,0.009870119373202365,-0.0064863495887822935
2019-05-20,0.008631772429065227,0.008548245784144676,0.009738483689556626,0.01131684959924533,0.010438784904660197,0.01008206896382362,0.0082469810367103,-0.006633740711711411
2019-05-21,0.008707708689846601,0.008445622924141916,0.009243730935263659,0.010955322601134488,0.01088288974308781,0.010724970541639182,0.003592370829641187,0.008974915427971965
2019-05-22,0.008970780925004624,0.008478312343770951,0.008986640532666262,0.009930827549075564,0.009663911551105069,0.006308146884180618,0.004575033694065427,-0.0030760151100611933
2019-05-23,0.008709216789746973,0.00825448881058458,0.008192691153324477,0.009241472790680908,0.009514531285042975,0.0051135989657668125,0.007285138202592763,-0.012293952872856654
2019-05-24,0.009039741806453469,0.008550840135742411,0.00937337548407225,0.010956658820314342,0.011381515686258415,0.005887135524774425,0.005647312184955451,0.002265883261660195
2019-05-28,0.009078387582501634,0.008308905380537811,0.008355846990292562,0.009931992917741638,0.010266508483328067,0.006297614085738251,0.009011701075523203,-0.00934448247150593
2019-05-29,0.009115313549893363,0.00837465194888619,0.008738119975313933,0.010512496838986179,0.01131809302108257,0.00759017880577171,0.007700983676053695,-0.006732898923015209
2019-05-30,0.009123659349397507,0.008285325776548357,0.00849042399094307,0.010322930526459448,0.011634263002451713,0.00970696034050879,0.006606566146893598,0.002727364245569254
2019-05-31,0.009174103825978101,0.008060653619515294,0.007647087330344829,0.009379933734611072,0.010467669049558577,0.0062263754351107835,0.005066021095773653,-0.013566712676373247
2019-06-03,0.009430475980687952,0.00849229239593013,0.009411143296670197,0.011493848977688903,0.012454671597902995,0.006016328363952357,0.010223430543514718,-0.0025458891680659565
2019-06-04,0.009429590298421442,0.008257165459711878,0.008498881538995686,0.010525845251654155,0.011756928380828036,0.009695739479358279,0.008131536901616054,0.021474110961668753
2019-06-05,0.010496895764070162,0.009579049067572369,0.011920207316602024,0.009555517479655998,0.010063870650890988,0.011265239308552132,0.007668048757853584,0.008624981579092382
2019-06-06,0.010748040629781418,0.009524500438920799,0.011031406992380435,0.008713141453893502,0.00896968947415855,0.010960756859934547,0.0077653411797480205,0.006481437735620102
2019-06-07,0.010293173468392968,0.009369828397659456,0.010045017462977932,0.007985298310258326,0.008092169965586676,0.011441733470721614,0.007816838342761154,0.009957297066272007
2019-06-10,0.01054012604283906,0.009406111260316336,0.009781680581571264,0.007359771625961465,0.007240454178143068,0.011154460956833633,0.005470570162873029,0.004578706786041278
2019-06-11,0.01056078643995479,0.0091882700574654,0.008838409474320012,0.006825351727977967,0.006649270343925533,0.0056023750397611585,0.007546692506126187,-0.00024282020010519604
2019-06-12,0.010507742555088347,0.008908556894859854,0.007906844068435429,0.006382055846295569,0.006371900506469559,0.0071384758379072575,0.004077654921853712,-0.0017667051819967659
2019-06-13,0.008748258571410253,0.008648000787697894,0.0072151259050818005,0.006116824880403337,0.0064292343696747654,0.005463374511516049,0.003860213599521106,0.0041177402460995565
2019-06-14,0.008595675642334542,0.008444997907083392,0.0067236119858615695,0.00577548443580172,0.005952446169659993,0.005587186306638077,0.004345681076071194,-0.0011051987011852973
2019-06-17,0.008534637357681462,0.008192203496114485,0.006218824411768108,0.005554394331509832,0.005929825275354815,0.005337066008051917,0.0029439764151933637,0.0003799693552718084
2019-06-18,0.008308274855920127,0.007943181279380582,0.0057590212640705385,0.005307771908871177,0.00562135495179287,0.005498445437924591,0.00685104228754345,0.010416439366385831
2019-06-19,0.008438175901508454,0.008112867165884793,0.0068758663714052195,0.005104535989528731,0.005063537814537068,0.005264330432236033,0.0060290072009275214,0.0022549567807646515
2019-06-20,0.008252768682353443,0.007885086343040325,0.006317989518545409,0.0049381181086794335,0.004796377552529915,0.004905519631095035,0.0089095652344829,0.009508891532666153
2019-06-21,0.008277723720185896,0.007991824105282198,0.00699974932794507,0.00480261227489091,0.00435217159800243,0.006840971894049902,0.00492794495542764,-0.0014547935518345813
2019-06-24,0.008240100927706892,0.007756550962553587,0.0064623375286351845,0.004804366899368737,0.004585628514123434,0.005549152022775299,0.0027592555986856453,-0.0012251981550361255
2019-06-25,0.0076385513167142125,0.007526241060167801,0.006018141988428325,0.004780339604812586,0.004745807648839854,0.005301597627098988,0.0047953694766847705,-0.009856235254660561
2019-06-26,0.008073684563075726,0.007685985208788996,0.007322918033129422,0.007327311146334785,0.007031637774732111,0.004704070551992266,0.004552791578633281,-0.000998230008363093
2019-06-27,0.007707367053902536,0.007455849669951482,0.006694968851381108,0.006842149751926185,0.006851085985615204,0.0051245192480539326,0.003284551546684398,0.003539822603932126
2019-06-28,0.007450181932228285,0.007280531112968286,0.006258197283560557,0.00638589413417416,0.00633852521212942,0.004550954583976931,0.004221746679968876,0.005132812034556204
2019-07-01,0.007473230934359764,0.007169833390854376,0.006099278420968624,0.006001090397928198,0.00584412493413675,0.004331553462079135,0.006797201591386742,0.009037620267161981
2019-07-02,0.006613088013734171,0.00729539820757296,0.006725919369554559,0.005690842766190128,0.00530492328507698,0.005306589956366515,0.004645102556811254,0.0026006342062769704
2019-07-03,0.006466360276281149,0.007101778847804732,0.006223570872183199,0.005425050869802566,0.005002555409905632,0.004715300128279066,0.003056908377090223,0.007963550028036935
2019-07-05,0.005170474912990789,0.007156412144215978,0.006567995473438651,0.005204908389779684,0.004577651169216854,0.00515400482090476,0.006876907588946382,-0.0011386317397903947
2019-07-08,0.005100115017520926,0.00694400242119345,0.006106235088434136,0.005096505884730564,0.004725502600603304,0.005443502162434028,0.005655000572212654,-0.005509925409069096
2019-07-09,0.005329973554014024,0.006866409260218792,0.006316953550010226,0.005903782880869886,0.00583214958510541,0.004691018156661104,0.003998377447213983,0.0012456584052983357
2019-07-10,0.005026359626528586,0.006664219493147768,0.005846358523423472,0.005602383666375851,0.0055105603545980986,0.0050950698446555875,0.005170235253932448,0.004766684666375456
2019-07-11,0.0050317486591461335,0.006565850221273646,0.0057357375048702796,0.005351629090947357,0.005122748296854087,0.004495557649251985,0.003816991900933249,0.0023416218312588143
2019-07-12,0.005011011841326591,0.00639161617656637,0.005420218312332113,0.005144353411712896,0.0048475763373027145,0.004818059012804867,0.002746968467470138,0.004467055586835337
2019-07-15,0.004966340216471329,0.006292763069160066,0.005374357421012133,0.004974055806053691,0.00453909281422834,0.005483801228639321,0.0024164210178739542,0.00033230927670670695
2019-07-16,0.004962467746790311,0.006101603132721174,0.005097250680047243,0.004835250271315601,0.004399944168783682,0.004271209799984725,0.003361036906549971,-0.003230453206370509
2019-07-17,0.005050562686797374,0.005968411582405476,0.005189318812099202,0.005127511840346319,0.005016763849502216,0.004113269668646146,0.0035782525319682785,-0.006828619419676271
2019-07-18,0.00539458346281424,0.0060234892876719825,0.005978591310654892,0.00634665067519668,0.006402568375438048,0.003635988667111085,0.005836471449973072,0.0036544863008646823
2019-07-19,0.005030874066473738,0.005908197188158977,0.005710040457098679,0.005973591645579659,0.005944095195274037,0.00465390488507465,0.004944672278633926,-0.0055703568044913705
2019-07-22,0.00523950887906648,0.0058884733903686835,0.006046980588305714,0.006539073288622988,0.006878369276942104,0.004225816174464619,0.003991321765679777,0.0024536805971840533
2019-07-23,0.0048728748585119734,0.005740636257882492,0.005672575506168806,0.006135770047895292,0.006396460834626484,0.004063475063836209,0.004512845300431209,0.007124234604797355
2019-07-24,0.005051994905585727,0.005832914664972198,0.00600646848557189,0.00579645572983851,0.0058395885783582265,0.004914007984541163,0.0034964796210579753,0.004688567603618985
2019-07-25,0.00508839141112807,0.0057706567953690665,0.005847545972686148,0.00551290221506521,0.005417123373914231,0.004889683005429151,0.004685142685921891,-0.004788240800348413
2019-07-26,0.004635405221527329,0.00571647496772881,0.00599512251508821,0.0059966071290263,0.006250649341489781,0.004447090825941445,0.0032274792008552544,0.006677444745915131
2019-07-29,0.0047310494804762545,0.005778641448762406,0.0061506385593770915,0.005679932222527442,0.0057237062662197835,0.003987695074097915,0.003016424091430352,-0.0018228850634439766
2019-07-30,0.004780051606463293,0.005620365626098111,0.005825691661056943,0.005554178693548704,0.005879013512481285,0.0037817081980143544,0.004188879842736271,-0.002457517324944871
2019-07-31,0.00478651795483941,0.005482295383222976,0.005635923872405448,0.005540871671824934,0.006145012697410622,0.004252815313311039,0.014211750680877157,-0.011000764119483926
2019-08-01,0.005138407200267866,0.005959298413531997,0.0074125928614457715,0.008168738533602617,0.008389600018796118,0.008828409971180201,0.017976122717088924,-0.00874573467562357
2019-08-02,0.005468584389449744,0.006162119426594859,0.00793467031192721,0.009030927682819817,0.009642026576830397,0.013981018359961015,0.00857537261177536,-0.007558465060862828
2019-08-05,0.005349755076285442,0.006254697156740503,0.008049955102474934,0.009342234466577873,0.010416619472043356,0.010121909207698867,0.015388414765727637,-0.030534168680803137
2019-08-06,0.008377882672443432,0.009628815594498104,0.015580832699981877,0.018882010792546314,0.017110026289105427,0.014717697641017309,0.009751130059966931,0.013925408336347162
2019-08-07,0.009062132194309814,0.009939127940001543,0.014775696942405263,0.01691848051793127,0.014729960004035574,0.011715854327112111,0.017421705412787925,0.000590564856774454
2019-08-08,0.009053441638623101,0.009637427787862255,0.012916951692633167,0.015183708965579225,0.013124545150770989,0.017346050517684116,0.00847448771299786,0.019430101351578282
2019-08-09,0.01006944939295313,0.010486131022271286,0.013987709971392764,0.013653785229629633,0.011271024108478958,0.00991823499147872,0.009899864357570853,-0.00683456784703529
2019-08-12,0.010125136033705235,0.010303595792081984,0.012699740250583524,0.012926344192754203,0.011617982212121333,0.010145672423560584,0.012225469476116267,-0.012248360334568638
2019-08-13,0.010309450355717556,0.01043051201643232,0.01254597727971725,0.01355400021556332,0.013055515589195607,0.01130531580821063,0.015088318781186199,0.015431585286255335
2019-08-14,0.010987101961138213,0.010796104646411179,0.012763244712159257,0.012219760813704034,0.011320436806838087,0.01439216421599345,0.009726569518968142,-0.03001349285236355
2019-08-15,0.012649169869118302,0.012791055788949483,0.017592090881333098,0.01990545680711752,0.017482292662558935,0.00989430046306188,0.009442325387714537,0.0026384591856238745
2019-08-16,0.012659317563570312,0.012418217654587522,0.015339768557497526,0.017823691381211818,0.01534132861948553,0.009848430778303137,0.011885096746490752,0.014647293816054736
2019-08-19,0.013129490039198189,0.012563120428529561,0.014715359791841274,0.01598310981112625,0.013248656002171948,0.011463279179598527,0.0046261029348878486,0.011975871470847943
2019-08-20,0.013420439417723952,0.012528661742453132,0.013771366278588357,0.014358413775077634,0.011575975521678212,0.008524312370959448,0.005405630782463411,-0.007692061985485547
2019-08-21,0.013480620299464357,0.012292249273778715,0.012629126283913873,0.01366128771628306,0.012046108427642229,0.00754529091921702,0.003223583889457313,0.008102535523200548
2019-08-22,0.013512713502019952,0.01208190769665429,0.011548535799490344,0.012314046868147278,0.010671137480221264,0.007648889715067015,0.009752805954286146,-0.0003079546698003799
2019-08-23,0.013447333161476442,0.011714086995569258,0.010191968940058803,0.011138834287042508,0.009852434882548633,0.00878566529388016,0.021816678609657778,-0.02602312714528078
2019-08-26,0.014469908072887006,0.013023779515814366,0.014867415000653271,0.017580407739423088,0.015345671663024207,0.0161110253776517,0.006728113117417544,0.010997672101726507
2019-08-27,0.014636184304037573,0.01291118237820916,0.01374604857370174,0.01576820053548704,0.0133506685706215,0.008540745944398603,0.009017632576001189,-0.0039311874957687065
2019-08-28,0.014640252732039881,0.012554838377565413,0.012220400200011815,0.014366232417065911,0.012775571454149119,0.009015189071483713,0.008523336374522903,0.007016549492692134
2019-08-29,0.014782454487083983,0.012293105656935754,0.011089381812361649,0.0129340047851716,0.01131483401422272,0.00974685942062731,0.006898748375688263,0.012692114832145671
2019-08-30,0.014957141619296977,0.012317410711093994,0.01123840892807252,0.011806863895726724,0.010026614787644328,0.008957176378466386,0.006645388195783498,-0.00044406711571451417
2019-09-03,0.014845450543093103,0.011942668125859573,0.009908240385744574,0.01067777347563859,0.00932477292428634,0.007751003281364984,0.006562065861637316,-0.0058645186513160575
2019-09-04,0.014809096324826715,0.011667614897109645,0.009282179272458694,0.010298834823696246,0.009821960625628696,0.0072278037793602505,0.004403370147867149,0.011286872982220858
2019-09-05,0.013273339033451372,0.011645121435477898,0.009513742601125313,0.00935269248403504,0.008676557939503239,0.009189632796935613,0.013234454838074831,0.012773138540229042
2019-09-06,0.013222491360176466,0.011715865573754177,0.0100266243700515,0.008532238868920369,0.007650533561457316,0.00986213716262366,0.003704900553697088,0.0007716084253575009
2019-09-09,0.013221838977066224,0.0113605254520848,0.008876006574356282,0.007824227299154891,0.007113018282263461,0.0076867151915021754,0.0052937340268113505,0.0005035609828223215
2019-09-10,0.012577802763325065,0.011015128717106479,0.007919142152267833,0.007216586358488704,0.006653291063256916,0.008407003540528967,0.00591440021184252,-0.0002347298678188435
2019-09-11,0.01246106596831845,0.010679718296931298,0.007143547085718686,0.00670821512680977,0.006376151123416408,0.008206803844583346,0.005709717653870862,0.007085635190447994
2019-09-12,0.012139387391385984,0.010498827243593805,0.007083317152623229,0.006267338225744048,0.0058111279109445664,0.007154768217799252,0.0056216645791372375,0.0034576149734383134
2019-09-13,0.0117505604923934,0.010214164535567779,0.006553331172739937,0.005896168137411517,0.005420220638619927,0.006879456273459054,0.00373296048377855,-0.0006637612897025871
2019-09-16,0.009321587905858795,0.009904334529540789,0.006052192181932276,0.005618575579482541,0.0053761381739094415,0.005003601146598307,0.004587729428269852,-0.0030936947365352617
2019-09-17,0.009410042782611245,0.009632463275405864,0.005884985863286101,0.005703572233456895,0.005851389011867022,0.004561070789617889,0.002568752043307764,0.0025288709450255096
2019-09-18,0.008991857443541739,0.009359540540128867,0.005534013938920394,0.005425738119446696,0.005483890032849745,0.00511312335545535,0.008086602975422054,0.0005978543725123162
2019-09-19,0.008695404901680808,0.009075592816230835,0.005203314906800371,0.005195992594888938,0.005217019426488393,0.006256752660773371,0.005148760399918763,-6.639817397381196e-05
2019-09-20,0.008452223249278185,0.008799128729090734,0.004959629449853276,0.005014616199823642,0.005076346063201049,0.004626154934427388,0.007465383764404042,-0.0047355877371776526
2019-09-23,0.008435616790268297,0.00860957222402099,0.005376449013747104,0.005648218334547623,0.005970436399804364,0.0052587872202003675,0.00451915460087679,-0.00023516346500783566
2019-09-24,0.008434998649493016,0.008347488721712188,0.005100975674202432,0.005392289367057702,0.005776674843988433,0.0047458626223170685,0.010996739542141407,-0.007877779322376443
2019-09-25,0.006123569012097609,0.00832005398448166,0.006253071030630739,0.0069418775405258384,0.007338060355979998,0.010136083649729523,0.00973564128781923,0.005897513738781153
2019-09-26,0.005844784238468291,0.00819492162893304,0.006212644057650504,0.006465036810201146,0.006688774798085853,0.008958146675408623,0.006537441443955505,-0.0020853158202546115
2019-09-27,0.005767911080039265,0.007961673730962952,0.0058894154826851005,0.006221709319193346,0.006778350946872014,0.006215292062929158,0.01031054246748136,-0.005401703680667914
2019-09-30,0.005850089207029509,0.00783170848803961,0.006162010160331183,0.006699800348116799,0.007573998835883402,0.008812256048169808,0.0040958609891751175,0.0046267435343567455
2019-10-01,0.005302578807949147,0.0076772341188149585,0.0059386095837777875,0.00623931412379581,0.006913620706206539,0.005994910849778689,0.01051316512203611,-0.011966176229970624
2019-10-02,0.005998651996570534,0.00799968066276358,0.00800004445962841,0.009131542584477015,0.00936557079716119,0.008385239326337751,0.010935229402459388,-0.017822324445773103
2019-10-03,0.007086709119332242,0.0089001860757428,0.011088162174741845,0.013246764428595466,0.012832198786971536,0.008833767446201813,0.014793328501542136,0.008159372472771643
2019-10-04,0.006862066054226429,0.008857484688151637,0.010295764126450628,0.011880966969958797,0.011285344737757084,0.012803687716583457,0.0060783966940157605,0.013441443467683759
2019-10-07,0.006927309379795695,0.00919717766765906,0.01073273243399398,0.010706011161959097,0.009842010840112842,0.006900267800681609,0.006934724498958486,-0.0043239416101384445
2019-10-08,0.006975547997465605,0.008979675979139257,0.009729626559411708,0.010032916982143581,0.009923701434402602,0.00694226647554182,0.007213238414729585,-0.01564655046418079
2019-10-09,0.0077023662908663835,0.009512380266505336,0.01139389383098951,0.012849425047053139,0.012652122300752413,0.007472264150740446,0.006226030050349185,0.009451657227387767
2019-10-10,0.008054503224524577,0.009508747819516826,0.01073777520621739,0.011537326441676567,0.011099182836600996,0.006752383291358065,0.0074844105886438484,0.006740343352249245
2019-10-11,0.008037744557704065,0.009365748325672042,0.009823982007896788,0.01039227879538958,0.009870729655296838,0.005872894693585809,0.0072266960214569876,0.010314217748638076
2019-10-14,0.008356776590186191,0.009425348400129206,0.009695413125028593,0.009408774199372172,0.00873041361523596,0.00589598064356234,0.0030707314044110005,-0.001114578488859118
2019-10-15,0.008357584047558705,0.009142291727376607,0.008625964959800508,0.008591626697626335,0.008331233320539085,0.005695487321699636,0.006196253744863929,0.009851589416921073
2019-10-16,0.008637231086849686,0.009186394123328626,0.008716451990029642,0.007860664407371288,0.007425825269996221,0.005612409499745679,0.0034331095912226604,-0.001607222293236561
2019-10-17,0.008624210577740142,0.008915236204373482,0.007847665259060764,0.0073134866579805165,0.0073114805878114,0.005238788988725596,0.00464959544279154,0.002944472951625351
2019-10-18,0.008649971484921148,0.008673681204814746,0.007121391693027863,0.006759709091226652,0.0067411987884082435,0.004771411865882231,0.0063319788981573465,-0.00438691185826942
2019-10-21,0.00870112913457029,0.008477822871664912,0.0068815635571638474,0.0068550232508269495,0.007318624662950005,0.005649151226376437,0.0032208366487708846,0.0067563099800849805
2019-10-22,0.008767689775040255,0.008384505666856274,0.006823133361782458,0.006379948841401302,0.00663771049295527,0.0057562837945804276,0.003951181354765263,-0.0032716609577751275
2019-10-23,0.008801449002807294,0.008168486095124975,0.006493504981863998,0.006329163986444211,0.0069835725243359795,0.005057981576994698,0.0028345283001870595,0.002905351366135219
2019-10-24,0.008623813111309041,0.007951551997862887,0.006032463757848812,0.005932910756493757,0.006457288068512982,0.005554702949618613,0.004236464735045505,0.0016323668158244038
2019-10-25,0.008543679898192698,0.007719677824204746,0.005602097928069442,0.005602726177106249,0.00603512711874983,0.005221218152445144,0.005264921015403341,0.004086488106473537
2019-10-28,0.008558680114486829,0.00755114450064415,0.005454854868091155,0.005333349733437999,0.005592773947716501,0.004566827554563243,0.002411853059461284,0.005621058213386779
2019-10-29,0.008501522654431822,0.007449454610891248,0.00557678509822906,0.005116371167200382,0.005157741424541809,0.004404323019476597,0.0036973174758515013,-0.0002970101589569951
2019-10-30,0.008471778909153668,0.007222880620764581,0.005241693830683483,0.004913653116893591,0.00504417227231932,0.005362429976720105,0.006768996553915751,0.0030625790092825944
2019-10-31,0.007937655778253182,0.007042909030038188,0.005067854329285201,0.004765479606708522,0.004742686814013452,0.0054949389427742055,0.006264068533320454,-0.002666880083195854
2019-11-01,0.006655779942725083,0.006859529758792409,0.005087786472545642,0.004970083185024512,0.005213321062090274,0.005354463208947362,0.0026422800253897666,0.009221358483640465
2019-11-04,0.006705103685197361,0.007023671884284003,0.006184872791111481,0.004851600903547397,0.00471395064262445,0.0045227494375879715,0.0025561053603130428,0.004009621361356996
2019-11-05,0.00623573806914804,0.006880165153648837,0.005886554123573932,0.004719381527022307,0.00442014814193453,0.004792400687200146,0.0029737049734885803,-0.0011066948954142522
2019-11-06,0.006109263456087199,0.006676073591901669,0.005538565866586348,0.004689573566598832,0.004580452620234741,0.005248061539867215,0.0036079482036310484,0.0002279715904377785
2019-11-07,0.004579290866228967,0.006472934369432495,0.005201394375123604,0.004584101277336108,0.004443593882563352,0.004148732055867301,0.005250432612002334,0.0035105964427422738
2019-11-08,0.00433589779670142,0.006334382671811777,0.0050830302403219165,0.004504987057048246,0.004192741737268117,0.004415240476038473,0.004554392634812905,0.0024629118515341335
2019-11-11,0.004235281292409334,0.00617097202151152,0.0048986387628172,0.0044392235759393925,0.003998472755135236,0.004220044769902795,0.002609707256104561,-0.001911530589436914
2019-11-12,0.003934676434928376,0.006001273106643497,0.0048644163622073265,0.004585194970133765,0.004385208872260803,0.003700950729129785,0.004886610597624241,0.0021059472477554784
2019-11-13,0.0038735329516483125,0.005841272378096305,0.0047102026751445055,0.004501681953779136,0.004182355795238302,0.004387685825228763,0.0041844808006971206,0.00032347333546289
2019-11-14,0.0034494169250267174,0.005663877939656675,0.004562394109824754,0.0044344145212693534,0.004067102224502105,0.004453764210162144,0.0037447354064370927,0.0014549327963757012
2019-11-15,0.0033708397201895413,0.005502885814091361,0.0044543105965183325,0.004381750874309,0.00391563211483165,0.003963664292989883,0.0037956151843484237,0.007209930334415695
2019-11-18,0.0035692814499885465,0.0056199495435083685,0.0052526682953546525,0.004369417620269171,0.0036075029974143246,0.0038613617647305838,0.0031130569135630446,0.0007375338162180872
2019-11-19,0.003277639764596656,0.005451737362262515,0.004972066202033783,0.004330155662813536,0.0035210602979820027,0.003988778108645594,0.0034830684447326346,-0.00028849331394715806
2019-11-20,0.0031451843370494535,0.005286127841302671,0.004783328591654843,0.004318977587996897,0.003596787711266657,0.005286807871883753,0.0073336638717593034,-0.0037256109949525165
2019-11-21,0.0031835332567969783,0.005205705460210189,0.005061705001396417,0.004906266798200543,0.0044764992107905,0.004749562759455461,0.004066586347156895,-0.0016102507915922433
2019-11-22,0.003259358730097358,0.005062507445413178,0.004952235655258551,0.004896812250137061,0.004740787757329095,0.004261024027009519,0.003687972389526601,0.0022212510384841504
2019-11-25,0.003261985306793518,0.004938347912746735,0.004783506883876774,0.004749805062374715,0.004497347175252488,0.004085515785278327,0.001752641245596752,0.007720653125745958
2019-11-26,0.003486392753229513,0.0051478687223137,0.005589270885662526,0.004662689589794803,0.00411755338691825,0.0032944213936918453,0.0028163517197488217,0.0022629831089804394
2019-11-27,0.0033788323024967946,0.005021731254491521,0.00527487122530076,0.004563382121636446,0.003936701523439427,0.004018300654570704,0.002112879725104275,0.004447584391284452
2019-11-29,0.003399775265978418,0.0049891460311212174,0.005212901847694179,0.004453433992761649,0.0036964656829872166,0.0029153425781430777,0.002508568159110925,-0.003715532994519351
2019-12-02,0.0035987202373634034,0.004922031547914251,0.005359768204290881,0.004997116135685592,0.004570206504104951,0.0034900189890997,0.006176668119753893,-0.008530909968494697
2019-12-03,0.004131657109208317,0.0052095485772355645,0.006636888401104547,0.007054596028765507,0.006642189018995319,0.004895021119149633,0.006387752790450097,-0.006729137751622931
2019-12-04,0.004065723629343048,0.0053129944747459966,0.006987863017946826,0.007711243228443017,0.00780428107595887,0.004440037670700134,0.004439813621043308,0.0061511486914726105
2019-12-05,0.004182607414585725,0.005366976195665201,0.0067882527989186646,0.007085490647773459,0.007062339239537845,0.004298370175246821,0.004406498831492205,0.0017963154591614115
2019-12-06,0.004170312211377994,0.0052220467663049545,0.00619300782547132,0.0065441843416764855,0.006539981334230418,0.005124364450921457,0.0026333658447797955,0.009092518779404892
2019-12-09,0.004544773972420551,0.00553118612495885,0.006839583708779446,0.006126926028074176,0.005887342470440492,0.004719009580824683,0.0033886738743364223,-0.00314898893810758
2019-12-10,0.004606662675357351,0.00541787288813059,0.006486577855301533,0.006105275154314115,0.006318973988922077,0.004301958840205422,0.004536484090046387,-0.0011157314027211342
2019-12-11,0.004611084868533179,0.005259927492637627,0.006004913786967999,0.0057964862999951485,0.006250880461535202,0.003889407486701706,0.00319179578728808,0.002834493859982068
2019-12-12,0.0045928406436563955,0.005146735695630135,0.005625074559184642,0.00547290500975515,0.005805084971464953,0.0052328589090021435,0.007824812471203157,0.008582475701306555
2019-12-13,0.0048840862630371434,0.005414710368177051,0.006335942138437331,0.005242912231425446,0.005257078058200989,0.005513017542012385,0.006826373963115102,0.0005986445254946615
2019-12-16,0.0048818823228621985,0.0052518040314775355,0.005816542371494859,0.005017190022327609,0.004993855170276683,0.005145988140095917,0.007495913727777172,0.0068466452796921064
2019-12-17,0.0050326622204076715,0.005360890965604214,0.006061063463645351,0.004860198218485468,0.004586643619683637,0.005366776040487878,0.0018242756208041067,0.00021896988148907367
2019-12-18,0.004864955119449509,0.005197853373935343,0.005604143607200164,0.004710622100220567,0.004451506822539378,0.003953126940241525,0.0016107821710178265,6.289902886069912e-05
2019-12-19,0.004870203579093449,0.005039529372112545,0.0052484301316577065,0.004594775302616894,0.004362974040657646,0.0036002919509587495,0.002824893128974892,0.004090431408829726
2019-12-20,0.004899569885646957,0.004987679085653206,0.005174572431236545,0.004505518495080531,0.004099360437930445,0.003927843987345914,0.006623249625305274,0.00437461098319968
2019-12-23,0.004797796536514034,0.004953035370056884,0.005159016807404339,0.004436425133801543,0.0038543678941564703,0.004097296241059928,0.0012665395942109718,0.0015264583124550667
2019-12-24,0.0047368581151978895,0.004816680424648521,0.004898075496482179,0.004372158064210016,0.0037138817257585744,0.002953510744831878,0.0015006479601158268,3.129132163524034e-05
2019-12-26,0.004753166682354049,0.004669951224928296,0.004703203259774599,0.004328168491145757,0.0037068796641911033,0.003340048184232826,0.0016829013621192216,0.005308962407236569
2019-12-27,0.004630017362585806,0.00471073695796144,0.004976838107935577,0.004302897697765378,0.0034732380589076062,0.0034588805214405545,0.0033496289919215773,-0.00024779103110849536
2019-12-30,0.004646220316412169,0.0045676322257361575,0.004775422109083169,0.004286320088083294,0.003548438080633049,0.004860842312873683,0.0050104355697644645,-0.005528251928458699
2019-12-31,0.00484067704043741,0.0046308921887341405,0.00542645763814679,0.0054596646302139985,0.004936817300410825,0.004829774638623414,0.004114466627324055,0.0024263984983970014
2020-01-02,0.004721058979721085,0.004528984135127825,0.005129205205027916,0.005173934518732055,0.0046521799320005264,0.004162912877945579,0.00523859122668404,0.009308196075808434
2020-01-03,0.00444870378276919,0.0049476809021608194,0.006234068611733336,0.0050297062417763265,0.004216205670434546,0.0037569814184045557,0.005870655695164957,-0.007601053477143704
2020-01-06,0.0045394798764068515,0.005145613118839619,0.0069428876414013956,0.006745522116049449,0.006112765424210823,0.004689058267476562,0.0049326775776767804,0.003807542358593438
2020-01-07,0.004464955929813577,0.005075286891930044,0.006429076149306427,0.0062396670497349436,0.005650425017990675,0.0045690620426969706,0.00326401827388564,-0.0028155712177118136
2020-01-08,0.004590248759199553,0.004968769595200963,0.006116643944943529,0.006119834718490492,0.006038549244982252,0.004538116530501528,0.007169153596680237,0.00531554018680318
2020-01-09,0.004360122945587486,0.004990255410440742,0.0059883831122507615,0.005734282688983057,0.005545612515987083,0.005236668855317942,0.0028669359947172818,0.006757783984089934
2020-01-10,0.004349630328278307,0.005113565173172672,0.006159902690520706,0.0054361603875062,0.005074858531947593,0.005033603900921934,0.004518370632610408,-0.002882166493317042
2020-01-13,0.004431890353403569,0.005007798805381399,0.005920129132828388,0.005512081391555952,0.005557284730864314,0.005016529114592473,0.003821644453153276,0.0068541343321197636
2020-01-14,0.004552695541148396,0.005137325704024728,0.006131739191587834,0.005257642747243978,0.005082607719873334,0.004118340165154087,0.0044900690679282465,-0.0015262135463674715
2020-01-15,0.004379659878375483,0.00499483214264765,0.005743556182804259,0.005141306513663536,0.0052558832051237655,0.004811759191810768,0.0040242102839241276,0.002257668310726467
2020-01-16,0.004372650321654353,0.004874143126469314,0.005365312221903003,0.004915772243885097,0.0049391320085154684,0.003823440557714238,0.002518670780275003,0.008283993215701007
2020-01-17,0.004465248674843708,0.005142889028565209,0.0060963560143321004,0.004805627229598679,0.004498399229429871,0.00392837326379411,0.003271263659169092,0.0031078030808295138
2020-01-21,0.0044551676339430885,0.005043992020798706,0.005700699852572655,0.004651749260520627,0.0042435102662582835,0.005929772190902933,0.0032761457849847598,-0.0019602825389685645
2020-01-22,0.004521519596835651,0.00491384845446858,0.005455149646931014,0.004740255610649404,0.004617792391810253,0.005373706349592049,0.003969235670503984,0.00012094846592117214
2020-01-23,0.004510396716957681,0.004764244950394425,0.005112944554294021,0.004595917069239242,0.004492472378164797,0.005452667900877829,0.006470210280662173,0.0011462680413598981
2020-01-24,0.004471607395618309,0.004627632653514736,0.004836827397390892,0.004477266515991664,0.0042916898967665686,0.003966565700550117,0.010136588198800497,-0.00893316897784942
2020-01-27,0.005028564881605036,0.00499181083541153,0.00649483891559479,0.007028260198515511,0.0065927905312415545,0.007728760471904734,0.0061897265013301835,-0.016159163659257868
2020-01-28,0.006285646553089882,0.006252215535435487,0.00989095272704842,0.011665799490854958,0.010549436448316494,0.0048600411006599125,0.009986155763756511,0.01042464671347536
2020-01-29,0.006580267150445467,0.006577627437115511,0.009766914331355875,0.01047284207964709,0.009279228764465203,0.011070180972105902,0.0040542562773416245,-0.0008263771539903584
2020-01-30,0.006585111161017871,0.00638045810984159,0.008633654520997012,0.009422391277508867,0.008716676652980974,0.007172761806363001,0.008262420169056778,0.0032404787954408774
2020-01-31,0.006457096500550832,0.006236799910160565,0.007729715986186475,0.008493931710805954,0.007927408185963696,0.010196398259513555,0.01143408908587283,-0.018324790029155626
2020-02-03,0.007692528031879548,0.007530716334385104,0.011273540434973741,0.013358057452606084,0.012130341165750928,0.010272516885257264,0.007283769911017067,0.007400819462339741
2020-02-04,0.007587432943759997,0.0075229857717056025,0.010308053466973197,0.011917893129157107,0.010682606009969998,0.00748555348537175,0.005324295274084333,0.015126151160342638
2020-02-05,0.008070976510035273,0.008180930445954174,0.01119923944127631,0.010760616172018076,0.009288208753581493,0.00605858232847598,0.005888948621068933,0.011481843632706329
2020-02-06,0.008373835065596604,0.008415576603905564,0.01095508564115444,0.00972069769423016,0.008197114349943784,0.007284983939353602,0.0034425123033949177,0.0033591213808074807
2020-02-07,0.008328997508151307,0.00820058751484858,0.009658746992378441,0.008763419378452493,0.0074650176158482726,0.006321223037214727,0.005780633643283151,-0.005343492902045623
2020-02-10,0.00841758789146321,0.008057780863055392,0.008987495599861624,0.00863037638137571,0.008160715450735876,0.004969534556833062,0.0046299768561371595,0.007437539968497279
2020-02-11,0.008441607815156496,0.008021918881276478,0.008515699149039591,0.007861203088024273,0.007333736533014854,0.004273605311828151,0.005420814401636673,0.0017313534085262251
2020-02-12,0.008391129999376867,0.0077890928010279975,0.007578195237516504,0.0071754174881513985,0.006764343180092855,0.004340632118146098,0.0027089013061177662,0.006422042606475778
2020-02-13,0.008377544652068641,0.007713904752951518,0.007268182080240345,0.00662581664780375,0.006155363189273439,0.005135484829615752,0.005723858304532384,-0.0010672492759609218
2020-02-14,0.008370246186121028,0.007483475676874609,0.006611068197994495,0.006202343326449915,0.006091261863594335,0.004587091506790439,0.003748844757457895,0.0016008427467042274
2020-02-18,0.008368019425271928,0.007266087362808954,0.006027833733431505,0.0057857556279532095,0.005690142856318208,0.0051454096690395495,0.006026407024787145,-0.0025808669168647055
2020-02-19,0.00825270186189735,0.007073041529122225,0.005780631159534418,0.005724930603928516,0.006019801294823737,0.005175662580898926,0.003727281713765385,0.004770237501323008
2020-02-20,0.008283571944893953,0.006956403627843061,0.0056518457169659,0.0054101578895377955,0.0055478860495724045,0.004443667932042354,0.012079466847351573,-0.004116715278929483
2020-02-21,0.008334117645631339,0.006819450053246691,0.005744258574105949,0.0057872029546712275,0.006256775811261529,0.0075713757050305565,0.00671986768877808,-0.010351628347947632
2020-02-24,0.008683131955110014,0.007081241250956269,0.007448558879641325,0.00831406336746758,0.008487098973995348,0.004862304193537671,0.03107155692105888,-0.03372789718485861
2020-02-25,0.011418538830541962,0.010741955218010066,0.017371924500726957,0.02122895679647536,0.018427577649784657,0.014846764623507895,0.02151711498120594,-0.030770830086536208
2020-02-26,0.01302469425569826,0.012856005011054508,0.02096937315471785,0.026078834844436075,0.022997452632782567,0.01743926943646647,0.018464565843448244,-0.003685181382816486
2020-02-27,0.012644427653892504,0.0124970031072677,0.01816718477044324,0.023121516252656207,0.020437636714264323,0.018703024420870247,0.03298682723088133,-0.04595126905112232
2020-02-28,0.015566275888869639,0.016537706283151633,0.02675673014071418,0.03378414575794291,0.02864054031696024,0.01940884001503226,0.02953938040802156,-0.004210275842131584
2020-03-02,0.015544012547904626,0.01606703366279338,0.02308560548460494,0.029870120222982837,0.02497001775619631,0.01934444678014136,0.030724716292561297,0.04239480226734509
2020-03-03,0.01858755080306861,0.01872163860444093,0.02876697915562221,0.02751425962958918,0.020710945610425947,0.019191704539162288,0.03807471282618475,-0.02905037960344918
2020-03-04,0.019174109161668965,0.019496287857421607,0.028478179623251335,0.03005991682180745,0.024485564297458143,0.02059578403718466,0.020891092513642816,0.04117358721604237
2020-03-05,0.021402644589787637,0.021424630285269832,0.031201193559381984,0.02675341419695034,0.019817941921458807,0.0199829287232661,0.02218593710853617,-0.0338065120144382
2020-03-06,0.022132268213377024,0.022361724243980217,0.03145245178793103,0.031402999800505815,0.025187703786203608,0.020560838393947775,0.021533074750580316,-0.01666937846897805
2020-03-09,0.021998924879355404,0.02206164090013491,0.028007283147512118,0.02932995480207097,0.024784988920503688,0.02022500564960061,0.03172358706905686,-0.08131258128097398
2020-03-10,0.027414759420154065,0.029226994230139636,0.04683691283065549,0.05623667102611943,0.044280162745195126,0.020734941031840946,0.04314767530775476,0.05045084120527878
2020-03-11,0.030370454098863253,0.030914097155248024,0.04647858294156522,0.049386026771020185,0.03479893755413722,0.020734941031840946,0.028618181975208865,-0.04997689035288882
2020-03-12,0.03159109769212764,0.03237594620871099,0.04657444911575562,0.052947569999319176,0.039834033344640064,0.026830783496121193,0.05664677549019826,-0.10056880168039736
2020-03-13,0.03717287135755574,0.0399018146406984,0.06351282542881574,0.07715122035710031,0.057800526455663574,0.02904288636098476,0.0710478952921728,0.08202793929480519
2020-03-16,0.042555375474774365,0.04359289497636683,0.06683510551432786,0.06797253259663687,0.04422662743739776,0.02904288636098476,0.06527903428025411,-0.11588650567543253
2020-03-17,0.0482466909630911,0.05091268009774225,0.08048790832013962,0.09260142356510094,0.06506817131717764,0.02904288636098476,0.0599206979892182,0.052585106005371716
2020-03-18,0.05042114354490388,0.05101457181498937,0.07257716733607941,0.08085271646091316,0.05014217734078004,0.02904288636098476,0.06974227064503877,-0.051959888639511155
2020-03-19,0.051020857491996335,0.05107178425377881,0.06659086882888157,0.07733149495636511,0.05098574354641139,0.02904288636098476,0.05214396117780672,0.002122778226754582
2020-03-20,0.05096988833533149,0.04951866203055831,0.05627372176805637,0.06728964913413833,0.04079626617767146,0.02904288636098476,0.03641400718829366,-0.044050265612387174
2020-03-23,0.05123872561359077,0.04920769827953924,0.05243940622191902,0.0645961211009759,0.04255037126927999,0.02904288636098476,0.038636758442088026,-0.025900805211948978
2020-03-24,0.051232694053427806,0.04812862784673586,0.046245213663119164,0.05849326692582449,0.03974795569100538,0.02904288636098476,0.023756945964612676,0.08673094716915171
2020-03-25,0.056009542600392134,0.05127102847726496,0.05748724835133606,0.0521457099981526,0.030649602176877653,0.025656482768678424,0.05505608761978871,0.014859303298249874
2020-03-26,0.05617693806880709,0.04984218286873164,0.04906970368568884,0.04543654215359662,0.025166561155333837,0.02904288636098476,0.029474800807697668,0.05674859120520099
2020-03-27,0.05808510746054188,0.05028332484789944,0.04972849078921073,0.040245617197434906,0.0200296672679756,0.026830783496121193,0.03152900183281078,-0.03023815957879085
2020-03-30,0.05767297480029514,0.04931093965821949,0.04474078415263346,0.03978731073541922,0.02432651242829506,0.02904288636098476,0.023113316601572145,0.03195952460213095
2020-03-31,0.058308303903256524,0.04844542616744766,0.040794291011244516,0.03490529092666748,0.019886410703531334,0.025656482768678424,0.021213033999814838,-0.015017784085355264
2020-04-01,0.05728053992186633,0.0471134140970801,0.0359711282169607,0.03217125489336104,0.02208811709783003,0.02568568104897131,0.04505334283993459,-0.04604898808332435
2020-04-02,0.057705917527759054,0.04705022761708872,0.03841730368192747,0.040341833346200645,0.031094000231494806,0.02904288636098476,0.01862012174025371,0.022813182515041934
2020-04-03,0.05704011278950522,0.04595788247383188,0.03429946978044809,0.03523334691989711,0.0256175537354865,0.025020748658443663,0.02580325817928385,-0.01455954210284342
2020-04-06,0.056793474587037214,0.04470031498507029,0.030062055279701315,0.03209046849877708,0.024927013673250627,0.02599224426636631,0.057225794825784625,0.06500663657626406
2020-04-07,0.059005492863893304,0.046171233881239705,0.04083625214141269,0.02912764904508204,0.020049391588845826,0.02904288636098476,0.019124397349473618,0.0010190927124049862
2020-04-08,0.05637538979249494,0.044765368096627525,0.03456381100859029,0.02539392699005351,0.017242599333957057,0.02485480677523859,0.028527610328745675,0.033017173982568156
2020-04-09,0.05569908806941537,0.04414872497190236,0.03335067814828042,0.022537940194363438,0.014413532313774242,0.026830783496121193,0.0169431099005886,0.01510257102560823
2020-04-13,0.054707112241993545,0.04296333996258911,0.029120150748511445,0.0197746157876744,0.012411475076762293,0.02715963368604165,0.017958777317344094,-0.009171802629043236
2020-04-14,0.04962741198843119,0.04171504505216929,0.02519944718578938,0.01831928151052942,0.013247617443863406,0.0307200909197503,0.026747369059240713,0.029066660158800165
2020-04-15,0.04679797040863355,0.041066148208098036,0.02556940049706606,0.016445462189711647,0.011203979474191638,0.024926541210749657,0.025062327010083048,-0.021477640131785564
2020-04-16,0.038655466640305045,0.04016117725451202,0.02440812782838402,0.01989384986296339,0.015925841819955933,0.02566188818261573,0.012702856939752087,0.004813116051602085
2020-04-17,0.03723473983013835,0.03895555049191072,0.02081546675464119,0.017411443914248915,0.013834191191935933,0.012425149152315277,0.013856966440953626,0.026656849832558623
2020-04-20,0.03511412179754165,0.03832907614148653,0.021854384844478932,0.015615290693665485,0.011730895949438032,0.015996165946016813,0.015613222390948077,-0.01777512148288983
2020-04-21,0.035567030781384644,0.03741561558777523,0.02078946395843676,0.017826034790645828,0.015110063074492142,0.016877613539241818,0.015242679846427912,-0.030834041086916755
2020-04-22,0.03471052097186258,0.037053702619420086,0.023736357528028745,0.025005382557419655,0.02163052631546568,0.015741944119716786,0.01196302317678673,0.02195231273724814
2020-04-23,0.033906338811727395,0.03632509473092603,0.022714993134843386,0.021991240316446788,0.018146150613177484,0.012194415325746033,0.014805209405413343,-7.220460098704582e-05
2020-04-24,0.02912790310177035,0.03521849045016509,0.01931008328258986,0.019218662746937506,0.015830740448199543,0.015681379908333418,0.014161821470542093,0.013842828414727119
2020-04-27,0.029114268424583596,0.034313539300460424,0.017656478484529486,0.016904344696773377,0.013596041729346163,0.015672869271265575,0.009324636438723197,0.014315465411877957
2020-04-28,0.026836968156374284,0.03345250055769087,0.016468094004775603,0.014926524140742409,0.011751579166428472,0.011998664179328438,0.010869706759245987,-0.004609264114855601
2020-04-29,0.025738818001084095,0.03245304800614881,0.014337365793494393,0.013502141524636767,0.011602361764611276,0.010899856539487551,0.011917972100308372,0.025841502686488178
2020-04-30,0.025460012159098898,0.03209478619747733,0.017459302392143505,0.012323213721692174,0.009892302304108428,0.010900881826915303,0.013085075494644,-0.009353637222760607
2020-05-01,0.025261869559004526,0.031201285466399862,0.015813049943932397,0.012677905473122107,0.01182758491802928,0.010478883476118982,0.02561621306695603,-0.02683085943162024
2020-05-04,0.023586263046090104,0.030956464638921394,0.01936318791389002,0.02037952016761745,0.018269392231538575,0.020642135005314515,0.011963154572504025,0.0027547939351791196
2020-05-05,0.023301617251198798,0.030020990558971585,0.0165322834798896,0.017872522868567456,0.01583157373858894,0.012106140279250168,0.01594737030495536,0.009196934936434163
2020-05-06,0.022843449304919036,0.029193480409619707,0.014719281601786849,0.015737829509661,0.013772920338046491,0.016747175788534876,0.009499060796649927,-0.006801897300644255
2020-05-07,0.018689035206345503,0.028353124853083642,0.01319987034583649,0.014582180506354028,0.013794943326612075,0.011345998046541154,0.0075931463473679454,0.011995029440660063
2020-05-08,0.018773453145871873,0.027645950001318715,0.012615748652187023,0.012939531796730025,0.012062563749561361,0.008831738776203165,0.00809632067144133,0.01641015721878343
2020-05-11,0.01781008575363641,0.027103472729220528,0.013319170748480394,0.011619630416936559,0.010576782849782435,0.008176254805830376,0.010349924835302565,0.0002050014922570246
2020-05-12,0.017603441315797125,0.026277839741525453,0.011459980833919397,0.010313010701185668,0.009548504787310537,0.00966039240875865,0.012857792303966399,-0.020132421037093017
2020-05-13,0.018118247249512744,0.02595018752150558,0.014446188724752626,0.01579685047626009,0.01441472346209799,0.010773028793515667,0.021152630362041364,-0.01784421507363317
2020-05-14,0.017477331302589452,0.025536492694825386,0.015536241901973738,0.017994422046469827,0.017183868335765694,0.016517763984983315,0.03238903263867179,0.011896270473423658
2020-05-15,0.01697197696053139,0.024929440159664824,0.014375444283524637,0.015870469424204926,0.01485914644865909,0.019446120498954743,0.010554523397560607,0.00458639116926396
2020-05-18,0.016969649142282047,0.024196083701940294,0.012465280011876086,0.013978383624123389,0.013013412281572254,0.011159498033601762,0.010288008358030877,0.0300050883169864
2020-05-19,0.017234361273827242,0.02458336343983939,0.01802458528261454,0.012890848793945697,0.011245281757046623,0.011074166340369996,0.010422318533634685,-0.010324211930840729
2020-05-20,0.01689386722268491,0.023968241772268004,0.016380701756686666,0.013245689514702515,0.012637039758402566,0.011127930055562757,0.005801792975043453,0.01684495316743152
2020-05-21,0.015440924576581019,0.02360155002679775,0.016090069069823486,0.011888366546495858,0.011053102995971105,0.008411142246754138,0.010091211931741053,-0.00692753558571058
2020-05-22,0.015042467505391916,0.022945383387620002,0.014315761317730897,0.011512548815358426,0.011602439922829642,0.010389347003973936,0.0064190051064226565,0.001897259093532302
2020-05-26,0.015030985250816954,0.022251228217800817,0.01229275077473872,0.01022110267579694,0.010327794492056898,0.00792157234105437,0.01729789211614648,0.012245324249845493
2020-05-27,0.014975780674368985,0.02178088624752554,0.011999963443839062,0.009236916746796794,0.009156832909993433,0.013136905222900314,0.01813826892623387,0.014769291277121085
2020-05-28,0.014993792987114805,0.021424997159245906,0.012435249862535407,0.008474692532642256,0.008139943151635987,0.01447121564572917,0.011823796274659603,-0.0018467543342101736
2020-05-29,0.014938860861687223,0.020777230401849252,0.010810116682848201,0.007774656856464768,0.007942377580169689,0.01119354203267442,0.014342877392894825,0.004446065291952859
2020-06-01,0.013987416720038342,0.020173689666891766,0.009533650696714243,0.007064039738185565,0.007200944531903163,0.013177820294379448,0.007202708281229564,0.004033467701587873
2020-06-02,0.013758240573091706,0.01958405527952465,0.008499167134736956,0.006526912066034424,0.00663499562346196,0.009145457590463977,0.007325300011019227,0.008246284741795151
2020-06-03,0.012054737089387813,0.019094585113129704,0.008321935289194376,0.006091953223058496,0.006048000036648564,0.008291433780299461,0.007431336859496493,0.013220349514374192
2020-06-04,0.012212560283567608,0.018793979043324863,0.009545523020398988,0.005857591588883327,0.005497968469738617,0.00783409125926793,0.010403133076058654,-0.002630167302939162
2020-06-05,0.01226147500026963,0.018232824690282225,0.008531952558210586,0.005801872932465984,0.00586942578028609,0.010890211824651122,0.009492223515940664,0.02530675627668469
2020-06-08,0.012833901280018439,0.018732742917421955,0.014240192311489056,0.006155313048505938,0.005247336026026431,0.009553553708528808,0.007011723653276397,0.012014879580809306
2020-06-09,0.012834400969876867,0.01839897164675488,0.013412436636514386,0.0058740277469532766,0.004806019303410775,0.007966736232052752,0.010024773123310965,-0.00748438428924028
2020-06-10,0.012881984160846712,0.017932422833793156,0.012279463827261652,0.007373669623925281,0.006714004558544515,0.010658667996019427,0.009256833588041129,-0.005595926964171348
2020-06-11,0.013037827638246688,0.01744007870635479,0.011088518665667284,0.007708452836785047,0.007680490350125945,0.008979475811487862,0.020288715975774804,-0.059377126930141376
2020-06-12,0.018399506328623437,0.022303487546020826,0.03145024040809087,0.03765909728777104,0.04521410082273351,0.01733036886009361,0.026867287875375415,0.011904164730591537
2020-06-15,0.01791293300096413,0.021819747285167154,0.027256762468525014,0.03301093124893015,0.03714172254804828,0.017861020686538873,0.022899287111303245,0.009292497083551517
2020-06-16,0.017862140502908744,0.02127713137187705,0.023538036676740922,0.028946009239449007,0.03086683996380595,0.019861959869129267,0.020324466924363443,0.019064757796984827
2020-06-17,0.01818057631759964,0.021150915810966894,0.021963301745416074,0.025475402878674117,0.02584855733244005,0.019998270310829677,0.007470892583249076,-0.004162620641563587
2020-06-18,0.017265646474048563,0.02053190711795636,0.018882035922563233,0.022541823754067013,0.022958523922213113,0.009892763554582193,0.006158374169593378,0.0003850030344578428
2020-06-19,0.017020747013290326,0.01990664589895938,0.01612360702223805,0.019803809901765723,0.01969081015373253,0.009038517082185258,0.01644720684883034,-0.005731550424061775
2020-06-22,0.016822741897755917,0.01935120456471836,0.014200712405807494,0.017841533496005396,0.018357585836401222,0.014674403131807522,0.009709290814954183,0.006394813726056655
2020-06-23,0.016718099585670006,0.01882696442804043,0.01249824263734914,0.015733808344478562,0.015884926249749794,0.009833114368422893,0.006859856259942456,0.0045933879019535275
2020-06-24,0.01672209681803732,0.01828806350998614,0.010935482152584768,0.013899784884573203,0.013869485600814978,0.009074412033768207,0.01816653752873142,-0.02583962459745262
2020-06-25,0.0176855324733632,0.0188267693162902,0.01633478731359483,0.020400900055755254,0.019266416961637937,0.015409713038331246,0.014596261263577447,0.010663142501983478
2020-06-26,0.017547852621542116,0.01843915846226541,0.01479435438637016,0.01798107377586312,0.016594634651126716,0.012608194690649987,0.012138444684666388,-0.024038032476708084
2020-06-29,0.018364668425754287,0.01882211548232075,0.017748595429687992,0.021924206863350414,0.020630082332599588,0.013003001013974492,0.013734407053333017,0.014590669973602793
2020-06-30,0.0186259968104149,0.018595401807241084,0.01661410804381414,0.019336880981693606,0.017674543334012263,0.01308046120013726,0.01369728522294669,0.012728367271283287
2020-07-01,0.018810476768767192,0.018296510877048137,0.015747677926608365,0.017120104302818115,0.015591321736009356,0.012517817330668946,0.007171426012278768,0.00698035894468726
2020-07-02,0.018786912642919013,0.01782133823025939,0.013917131877817424,0.014876973673675827,0.013604639107469016,0.009239029656063288,0.010013577918223453,0.00549170159198726
2020-07-06,0.018601797124237648,0.01733071313364781,0.012256349465183733,0.012941820970208559,0.011938675808437927,0.009714822350814384,0.005311215352891411,0.015319237167709584
2020-07-07,0.018874819887006927,0.017216653051669976,0.012836706951705861,0.01199708944670962,0.010982877134379987,0.007900660581741333,0.010229534585869214,-0.010367028811995548
2020-07-08,0.01817699701923834,0.016884219583587726,0.012475260128222301,0.012629572314162008,0.012374543012646892,0.009788035487194488,0.00874489356593208,0.007619544608820614
2020-07-09,0.018049003016064505,0.01647591291227127,0.011333474902532526,0.01115298261615733,0.011022510918516122,0.009671267966865429,0.015933169177442,-0.0057092612298597165
2020-07-10,0.018020446646334374,0.0160350897640964,0.010414281540941874,0.010552124632519602,0.011139536891040604,0.014694474384893729,0.011104239732770553,0.010158779534606812
2020-07-13,0.01813628153285643,0.0157444817512688,0.010204114191093839,0.009625005717273857,0.010115786266576414,0.01087197003422929,0.01870051967179411,-0.0086965422952317
2020-07-14,0.012260419276513074,0.015412760108190851,0.010138579400189245,0.010380944089037104,0.011222058141094247,0.01795856298139065,0.01567215455183131,0.012875570202764423
2020-07-15,0.012299794183219838,0.015272419657220652,0.010689850516432384,0.009740580069059573,0.010295792215887637,0.012010726875307865,0.009622609951898025,0.009145415996295226
2020-07-16,0.012295748906701586,0.014975657317119731,0.010196672205308352,0.00889391178546342,0.009380569736752593,0.010527335692607151,0.005179658523188947,-0.0032988417939584613
2020-07-17,0.011740797152894038,0.014541906160676037,0.009172735128408091,0.0082407230632816,0.00919414003114589,0.009069610556958454,0.007276324214686134,0.0028948508759482285
2020-07-20,0.011674858349835313,0.014116721375531641,0.008138143971979074,0.007336914241922791,0.008213264726024192,0.008585577589511048,0.009542330160478115,0.008048970617455724
2020-07-21,0.011750518844827227,0.013827945210000232,0.008050522690460383,0.006903883776986015,0.007608714272456599,0.009909796995034352,0.0068830909034293146,0.0021253255264357634
2020-07-22,0.011613415412133433,0.01341679414474715,0.007179738554802717,0.0062281694818040875,0.006856984073907592,0.008577337488712016,0.004685892046838515,0.005675752827429495
2020-07-23,0.011602291716094632,0.01308214789033722,0.006865119653953486,0.005850937687346899,0.006371034971440761,0.00849325551961696,0.012373670907050794,-0.012003408240228036
2020-07-24,0.01200558569852579,0.013019944177379169,0.008932177566640583,0.009776629900246178,0.009505580174360224,0.01060097960090356,0.007063522691848991,-0.006460858590249995
2020-07-27,0.010429361731763759,0.012722121333430913,0.008696641695606452,0.009722178009108651,0.01011855054733014,0.008276961054498707,0.0057513735466600355,0.007265679373862697
2020-07-28,0.010323176105265681,0.01246228850392303,0.008309168135816973,0.008746226124823146,0.009157057738830202,0.007544133707414823,0.006568216264822108,-0.006362707495319906
2020-07-29,0.008644039139911635,0.01218274022828901,0.008212894002976492,0.008943844380657892,0.009812301002373437,0.00800194486557733,0.00643559427369952,0.012224040845759055
2020-07-30,0.008502919117476183,0.012185222212897895,0.009207575496737112,0.008561941127597306,0.00911038417013123,0.00781551935750642,0.011335061741924656,-0.0035746052537144486
2020-07-31,0.008324790375199427,0.01184641423040032,0.008409748318511844,0.008043457504743555,0.009051667539041615,0.009843163294035829,0.013454334984664456,0.007871162413894269
2020-08-03,0.008351789483628686,0.011646226435025702,0.008205199106693213,0.007443537800785715,0.008300899083904016,0.011900256187204826,0.004638990287211462,0.006928131311166237
2020-08-04,0.008384260136173946,0.011418250959460634,0.00786037324429228,0.006894958351306241,0.007636008329067629,0.008376496860870157,0.002636691146873291,0.0038551163140976377
2020-08-05,0.007862141300966862,0.011110606778324197,0.007131996404287887,0.006269723110445418,0.006949196833902882,0.006261531570840869,0.002669516300395684,0.006191960357252732
2020-08-06,0.00738461979188864,0.010878385467868765,0.006911238433167921,0.00592020052203621,0.006471145669655232,0.006782625627055822,0.00545278246469992,0.006662047074907867
2020-08-07,0.007355648119183455,0.010672482674522518,0.00684253648310925,0.005692247302846458,0.006087967674438948,0.006009848129284835,0.00574490873712351,0.0007177916519479352
2020-08-10,0.007120036526492366,0.010348849537172753,0.006155858742517812,0.005230962051984098,0.005508400934894452,0.004855970682841204,0.006859484398178078,0.0029845263406100718
2020-08-11,0.006927058436157715,0.010060179391398841,0.005697330967292522,0.0049158340032438705,0.005109869044934792,0.00552269916930504,0.010452106052117164,-0.008289137680030196
2020-08-12,0.0068942661224071404,0.009962799056119128,0.0070031673964788925,0.007393321663564134,0.007268858415959912,0.00854674041277563,0.005563977125990093,0.01384613234362175
2020-08-13,0.006969147563951023,0.01023742379621343,0.009030617381705363,0.007644494953007417,0.007077340254107683,0.006010208704699401,0.005917172899597061,-0.0018093552843655132
2020-08-14,0.006870928013383552,0.009935440665465424,0.0080609933294711,0.00698634772474886,0.006916151361511024,0.006204863677922998,0.004323665046709081,2.9733013730193995e-05
2020-08-17,0.00677629139457341,0.009632769870971242,0.007159439125584005,0.006282821279284935,0.006336753171509877,0.006473838687007712,0.0036482943517475454,0.003171444457219443
2020-08-18,0.00677772343008675,0.009371569967757778,0.00650747900448436,0.005751890350214157,0.005823652376809613,0.005684386846235541,0.006059045192355121,0.002158242093916176
2020-08-19,0.006650245360761818,0.00910144080775686,0.005916841464019228,0.0052977390209239476,0.0053438886285717465,0.00561695359956695,0.0061768273182304404,-0.0041724542702362985
2020-08-20,0.006787613855786159,0.008883164625779965,0.005995728829454766,0.005813069774175176,0.006110216868474072,0.00557121024693141,0.006118947782418796,0.003108572021547705
2020-08-21,0.006736443134003482,0.008646141922463161,0.005583970061202072,0.0053767599220912645,0.005628506065571938,0.005570852082777534,0.004106725611077982,0.00354106999857807
2020-08-24,0.0059737072893057365,0.00842750108507037,0.005314533019708744,0.005054212145341908,0.0052365024951581554,0.004881229742133117,0.008432081451706267,0.010082184154513413
2020-08-25,0.005839442122851524,0.008535832373357727,0.006746028795108882,0.0054732783887740675,0.005193141877631345,0.008964089363809182,0.004503323810962678,0.0034932398030257123
2020-08-26,0.005764475029291483,0.008319914164640443,0.006210329224109239,0.005126977254696353,0.0048617439829312,0.006231510487669116,0.006552557655788533,0.009975823136467608
2020-08-27,0.005538081756671329,0.008428448032679002,0.007245966329071426,0.005507093608132149,0.0048686786763557565,0.0071743731092686015,0.007992380045954196,0.002184010443152065
2020-08-28,0.005193672803239903,0.008189176158939562,0.006510549831284506,0.005104998098402872,0.004526100527097358,0.008882525697233754,0.005600960328283498,0.006438895770829488
2020-08-31,0.004988140191673057,0.008094838634418344,0.006488907127772837,0.005082099306054247,0.004448860274511057,0.007230889258382753,0.004827035636602188,-0.0036293432698289714
2020-09-01,0.005143167419246327,0.007898427420724375,0.0063169065021598655,0.005497601844426643,0.005214656865163226,0.005880264117948026,0.006510335595036731,0.009374442938406643
2020-09-02,0.00525794943534786,0.007994676804070957,0.007108891438197745,0.0056772124771403655,0.005148381373978816,0.009195514749994645,0.010693575382927152,0.01436049679959161
2020-09-03,0.005783927913792611,0.00851195617172234,0.009234717614391675,0.006553096752831588,0.005326517033656703,0.008594873530633077,0.02434395584332579,-0.03502034553886955
2020-09-04,0.010227243465913643,0.011903431022057126,0.019717192447753832,0.0236979877829263,0.02625453091198827,0.01811284216096631,0.030480344098009805,-0.00819800261731047
2020-09-08,0.010391650802370662,0.011714205252848588,0.017525247197942736,0.02112789716251483,0.023749937890200638,0.019904843075122358,0.022652672398287416,-0.02770339882971333
2020-09-09,0.01215345803372229,0.013230190732812707,0.020781234138218117,0.02573773055600985,0.02682191971208633,0.02060525550833116,0.013409281951026803,0.019554856757775966
2020-09-10,0.012885978605169419,0.01369230496980093,0.02008212628659126,0.022744826723450812,0.02300983280746126,0.011311053122064584,0.016454918474840874,-0.017516170777239937
2020-09-11,0.013352908204997797,0.013951323836278734,0.019542595893629545,0.022762878890562135,0.023509578900156158,0.016067838501190958,0.014276603387119082,0.0005088990639970659
2020-09-14,0.012981197700744188,0.013526884684696483,0.016769608878017806,0.019554492788949506,0.01968862904846136,0.013387490121422424,0.01495420042415034,0.013085034141072592
2020-09-15,0.013307687031533403,0.013500781452385405,0.015638704166027816,0.0172042261179817,0.017138559387871687,0.013436089954906853,0.008384551807788786,0.005039696144207434
2020-09-16,0.013348763705804257,0.0131475756726906,0.013623661992049105,0.014888809367280497,0.014779319978162177,0.010055608260249673,0.009396037732240995,-0.003976281548400108
2020-09-17,0.01336750963549323,0.012784203933061573,0.012035426692238711,0.013212633450110573,0.013736417811245048,0.010146829505996945,0.01050401830024209,-0.008834364905779865
2020-09-18,0.013498621692121335,0.012582228665355317,0.011539594026287885,0.012979731092122922,0.014101398580320586,0.009511052461159986,0.01565825344510117,-0.011579305984870596
2020-09-21,0.013697549231054679,0.012524318309653715,0.011831356866710956,0.013735234621720653,0.015113364699288393,0.016007993133118945,0.01346733689877764,-0.011192058292726148
2020-09-22,0.013850850359585103,0.012448404166956601,0.011939126208238527,0.014126116849823242,0.01579654318491762,0.013923837997800198,0.012101747870834064,0.010133313081731677
2020-09-23,0.014042503707686746,0.012321771072634484,0.011328077323627601,0.01253281890965774,0.013907818963730213,0.01448675777299259,0.013895533659319835,-0.023464351121989226
2020-09-24,0.014601977475501923,0.013257112288842812,0.015685086219872434,0.018948003738512176,0.018562286946800458,0.013022861159556708,0.017147348908123538,0.0026618804840807964
2020-09-25,0.01458542865240508,0.012869774711600031,0.013537474802043209,0.016323828209909196,0.015823720685558294,0.01280887359271817,0.014768973723831243,0.016037616215107065
2020-09-28,0.014906373577842242,0.013081496209970907,0.013908981331137292,0.014768046786331408,0.014173603744375625,0.01053518316208795,0.006636800808679182,0.01647299953183499
2020-09-29,0.015445500691299933,0.013309379899925628,0.014288804625307796,0.013560230156105435,0.01286310072347134,0.009390612191827612,0.006993642624351192,-0.005460673059386405
2020-09-30,0.015346742117407764,0.012973062658331772,0.012827305672010583,0.012436588476857063,0.012502679643258314,0.00848013062780563,0.012739887024044444,0.0075532216307886875
2020-10-01,0.015493429157501692,0.012713197979777192,0.01154672834314847,0.01094279040942113,0.011151979994567417,0.012889648048757805,0.009046316982192649,0.006399396267042054
2020-10-02,0.015399293303581052,0.012425176660940807,0.010360631660615323,0.00965161808487406,0.009987761214757853,0.009900534087968836,0.013622911403684474,-0.00953976483860422
2020-10-05,0.01501117741960648,0.012271199653774892,0.010496592693384633,0.010699708298017377,0.011278278096801897,0.013775857514687061,0.005481091710709448,0.017577730781921472
2020-10-06,0.013753757017297108,0.012652509539721331,0.012472916319035663,0.01101645007584368,0.011093203316919263,0.008111850435723756,0.015731235377166187,-0.014318223465384482
2020-10-07,0.013985861433303364,0.012758586488551785,0.01331165659716537,0.01362923535372095,0.013591546950404446,0.013966957575867158,0.006497259302313656,0.017257408926048826
2020-10-08,0.013087472902678428,0.013072250273199216,0.014169478108198883,0.013058454459354156,0.012855750869659647,0.010664681025112206,0.004376301526830656,0.008822961157666027
2020-10-09,0.01253513189758215,0.012856958512347643,0.01280944525184074,0.011549569364595051,0.011537864647055942,0.008219070144092991,0.0052148910434385255,0.008890743184686984
2020-10-12,0.01192100495679495,0.012654090963775245,0.011751559773279291,0.010354518281258546,0.010508337212579578,0.007681082439740491,0.010074819039884005,0.01595965344243365
2020-10-13,0.012295072542403359,0.012876377181198268,0.012732045374435463,0.01047080909732317,0.010340737143951112,0.008941673304002811,0.006608457147478536,-0.0065475683010833945
2020-10-14,0.012215228472384682,0.01258670977631468,0.011625406361771786,0.010196483675830138,0.010677477600501811,0.009126567005091889,0.009692868603982205,-0.006303411589296859
2020-10-15,0.012315397686684305,0.012300557998458035,0.010719296758883865,0.00992347761786533,0.010870139468814655,0.009682207621397878,0.008564816447078879,-0.0012363225480905597
2020-10-16,0.012271536508357194,0.011929677826982552,0.009366206789996055,0.00868637677085265,0.009720665404305827,0.00905860862902801,0.007914684164324687,-0.0006046103522701067
2020-10-19,0.012058085970886543,0.011567199898547077,0.008224303523693854,0.0076345097162869,0.008652816729477517,0.008918654731785176,0.014107308445040627,-0.015320195675803958
2020-10-20,0.012290805695862413,0.011826014139010067,0.01107238014510483,0.012420614560087204,0.0123152149977567,0.013520123952143972,0.010166299549888983,0.003997705114514918
2020-10-21,0.01194182399958639,0.011507485935774988,0.009712356213983506,0.010717989486054492,0.010704248770858803,0.009770270301293692,0.0077546868394446425,-0.0018945495590318242
2020-10-22,0.011836922251273394,0.011166568751869718,0.008595529807312334,0.009398112497924448,0.009748844328026453,0.009708546913108431,0.010501295596832282,0.005470024373724901
2020-10-23,0.010343923240623288,0.010908986764487703,0.007897437229732625,0.008345533312105696,0.008791456846297684,0.011538777861069386,0.00685508120912648,0.0033895659081394853
2020-10-26,0.010343471040739358,0.010609193283037081,0.007095845687919064,0.007377813853238475,0.00784394895770965,0.009931180058585861,0.01695560458598042,-0.018652692059094735
2020-10-27,0.010938939558661463,0.011255090335173404,0.01190650688705827,0.014201115849982475,0.013257847554421453,0.014621843404596815,0.004009579400393279,-0.0034533967602699525
2020-10-28,0.010429358194312175,0.010944952804684426,0.010528020144116735,0.012420569242305422,0.012137694021944192,0.007043139830962806,0.02767679953701153,-0.03477697331488791
2020-10-29,0.012937525360840188,0.013607745763337472,0.02035645105434709,0.02546118043790587,0.022518383114474086,0.02062684929135064,0.019731288488767717,0.010112352098410462
2020-10-30,0.013032097885049223,0.013423713345113742,0.018045233127905486,0.02184254127660771,0.01911349034296597,0.01971488584121458,0.01755325315273992,-0.010479366397893266
2020-11-02,0.01309249207743312,0.01326549442650199,0.016532123290506295,0.01991082993771722,0.01840664874110397,0.015859278867719925,0.012835041242151988,0.011145893161506397
2020-11-03,0.013235303455246816,0.013147957936457089,0.015126014658614325,0.017325358078739278,0.016058550645579452,0.012942296658982895,0.019022023779522786,0.01750197032388615
2020-11-04,0.013230132502008825,0.013449007693432468,0.015513559880218374,0.015896895695948248,0.014789629113880185,0.019505656719269873,0.01925912438206105,0.02210301418143
2020-11-05,0.013710185680343157,0.01411863497707888,0.01715239312310666,0.015501825751185791,0.014222625802659778,0.018533840510526648,0.007574354944899065,0.01931508549069288
2020-11-06,0.013837381330052462,0.014483095458147126,0.017446397086921167,0.014760829053465945,0.013535570392668974,0.00919573126883426,0.009116363721617308,-0.00022853216130273293
2020-11-09,0.01373212125993939,0.014041993605743408,0.01498661767911601,0.012638505986159726,0.011605420283213803,0.010002520420004091,0.014208827340219065,0.012487521614361037
2020-11-10,0.013858933906195735,0.013953609609074723,0.014181977523452573,0.011625364061771067,0.010890812996616601,0.01369764181286499,0.010883782684553664,-0.0014677582770734304
2020-11-11,0.013436651574529258,0.013533302875377826,0.012291105683782078,0.010114496383632461,0.009804585018090634,0.014004184036967104,0.005774574003810578,0.007401248817378349
2020-11-12,0.013430301448388754,0.013245677731135988,0.011145463717881837,0.009094247557375378,0.009018599913795536,0.010350450618587591,0.011789739061894487,-0.009748317528887298
2020-11-13,0.013543011622557347,0.013062269386378686,0.011111952349458014,0.010427852027030848,0.010624590186319454,0.014013308472160275,0.007811176434875151,0.013749630383151796
2020-11-16,0.013826779042710109,0.01310452779658175,0.011660195223426106,0.010131372990205818,0.01023211198055788,0.008813365015015026,0.006566363664765617,0.012405109218730323
2020-11-17,0.014021105999374953,0.013063618714920395,0.011684813756258966,0.009707476550875565,0.009800870760357268,0.010566653286004457,0.008113389351885058,-0.005392881578986981
2020-11-18,0.013566136493025642,0.012734348675789738,0.010640328467192097,0.009307020464097863,0.00994719007516513,0.008859521634065925,0.007668661966463266,-0.012107734862739604
2020-11-19,0.01392899079956414,0.012697623897217014,0.011401698527626522,0.011606999440499382,0.01205609267229673,0.009560318330721053,0.008233138645088936,0.004201237429187195
2020-11-20,0.013912614859344249,0.012353740212310204,0.010045549412891788,0.010087992480902652,0.010540079231455066,0.008858504761993858,0.003638486699209861,-0.006871556164672402
2020-11-23,0.014021008186680332,0.012095085797410038,0.009636418324786131,0.010023560364424563,0.010927832337719568,0.008947582993260116,0.009144191047510476,0.0059768543293248575
2020-11-24,0.014050160043010396,0.011817656353116109,0.0088248431045505,0.008904868536777385,0.009792447255371787,0.009768651386759208,0.00838220428194375,0.015985234207242755
2020-11-25,0.0135812774367338,0.01210823043797685,0.010913885672538877,0.009454923267747573,0.009784010189668804,0.009593414691922151,0.003716082743645992,-0.0015430272976968591
2020-11-27,0.013540599945409543,0.011745447870272397,0.009584021482567201,0.008356801063385955,0.008940123290501718,0.009190215273858444,0.0036243746615233128,0.002781005753096587
2020-11-30,0.010364654550648956,0.011407990730747223,0.008434349581164267,0.00740020233705341,0.00795206233077614,0.008093446750467227,0.008909721143653827,-0.004436798248944909
2020-12-01,0.010499006493802691,0.011113722512468813,0.007944418708702468,0.007345814457598014,0.00822435442175005,0.010239083305738528,0.006141999759075241,0.010878083293764504
2020-12-02,0.010006655922303244,0.011099725229386152,0.008648864117949904,0.007445526393780386,0.00806450495430825,0.008940136442748025,0.00486232366169312,0.0021014079559859926
2020-12-03,0.009943004238844979,0.010773886071499365,0.007668022923482608,0.006642231520006695,0.00717668270690044,0.00560696789683395,0.006062326517600601,-0.00027280416048763823
2020-12-04,0.009575694976628923,0.010445883837347032,0.006870804897411884,0.006006786029953955,0.006531613511330256,0.006644764066470057,0.0031510668043058013,0.008580968948854932
2020-12-07,0.00872556107316054,0.010343475309624895,0.007285421783660303,0.0061330865714118,0.006484459148726024,0.006540252123761928,0.004258509273803486,-0.0020569765039795272
2020-12-08,0.00800724370481276,0.010041020950692517,0.006704556194092567,0.005836187939425836,0.006408038831717665,0.00526672705071714,0.005020606515391206,0.002921896577265301
2020-12-09,0.007983116383781711,0.009761404837665804,0.006143646161526548,0.005403129861272488,0.005883286695577444,0.004950496403466887,0.00823948114485911,-0.009009563717969002
2020-12-10,0.008036188813547894,0.009717934824015112,0.007518174413948306,0.00796891725826844,0.008070486493093531,0.005508863491071427,0.007259008642022783,-0.0003269792607331794
2020-12-11,0.008018089286357213,0.009422227801077316,0.006751881323070272,0.007070844712056018,0.007276319690293428,0.005308693663317351,0.007374850886445517,-0.0011734457010221507
2020-12-14,0.007929852260442592,0.009139709657317646,0.0061939067041562575,0.0064256050735998615,0.006832171766400766,0.006695944513919985,0.009046514430814315,-0.004487204021280104
2020-12-15,0.007642282089091731,0.008929184456521046,0.00627912902971871,0.006673005451798556,0.00734784145464315,0.007946025113825587,0.007029839993184382,0.01342909072525349
2020-12-16,0.007616911004368713,0.009261044412888204,0.008484564261858103,0.007466466630953262,0.007598493115802688,0.006491971042045119,0.005070298766804622,0.001568101975751137
2020-12-17,0.007196950834807823,0.008987127662875375,0.007517619233115464,0.006647304399188541,0.00675137604269733,0.005832285278758705,0.003080475972248826,0.005576181580084822
2020-12-18,0.007108204678122621,0.008819749649051002,0.007110738242444863,0.006225402529446249,0.006395215429275605,0.006887077401472815,0.00855747953323931,-0.004000767099298932
2020-12-21,0.006528110735882062,0.00860703625428574,0.006857193676984752,0.006383960044567462,0.006861941202177793,0.00882434719862019,0.03624310359010175,-0.0035819530722062992
2020-12-22,0.006611117299100329,0.008390830231051218,0.006591351231250012,0.006376098097268103,0.007120277621947133,0.021790070000195134,0.004810835848381684,-0.0016867563068456869
2020-12-23,0.006374418654905364,0.00814569695352489,0.006117453318580522,0.00595591124320316,0.006832744457225056,0.009579986476624785,0.005199885312676099,0.000898138043490881
2020-12-24,0.006302872147806654,0.007900609802025078,0.005594062853249462,0.0054383315369659554,0.006065842736543179,0.009587349350591797,0.00304830993502319,0.0038830516822341374
2020-12-28,0.0054043895442021225,0.0077187526551404356,0.00538555973896163,0.00516005090047078,0.0056821398001142545,0.009611560678444275,0.003273519797026605,0.008554150679619663
2020-12-29,0.0056161081248964195,0.007771409372124308,0.006304112620463614,0.005549412484010018,0.005786722046258882,0.009067646900823787,0.005340561302233514,-0.0019096897401093516
2020-12-30,0.005653063744403784,0.007549167524012285,0.005902941714269227,0.005373047836098985,0.005787117393487897,0.0045452301615943646,0.003327799597183972,0.0014255591052507453
2020-12-31,0.005502930598920232,0.007327514422573282,0.00542715619724222,0.0049948676754606,0.005238641296038273,0.004886178285640717,0.006407930533945526,0.005067993053424995
2021-01-04,0.005141569240728058,0.007211934052084234,0.0054500273050408655,0.004940881260618545,0.005098852683238607,0.005549085257828709,0.02004108888013031,-0.013707279179774419
2021-01-05,0.006077337849760041,0.0077565870945959245,0.008920934652304448,0.010223275132969221,0.00955338995027765,0.014239276010835853,0.007643242146653635,0.0068634861474806096
2021-01-06,0.006231780273696087,0.007705920534270283,0.008405498734968977,0.009162913067680686,0.008786488838974711,0.008173575163593622,0.01571835108296498,0.005960731823736773
2021-01-07,0.006092911601527709,0.0076125001173155725,0.00785455246049019,0.008241168100530908,0.008089957927255684,0.008906177469146268,0.006546919251128355,0.014748083538150141
2021-01-08,0.006780703799725462,0.008217268806413549,0.009825123472287279,0.008766981247476168,0.008326305238098073,0.009428764216966068,0.009483112216382922,0.005681839836502742
2021-01-11,0.006836630022553604,0.008087588916006173,0.008934918041364924,0.007903282199253911,0.007692731260364205,0.009664741275785189,0.006023868611155535,-0.006763848789343672
2021-01-12,0.006677964584598114,0.008014332650480257,0.008778925885761828,0.008430803455208325,0.00866765411369611,0.008300876940797276,0.007649375873200976,0.00021128531095629746
2021-01-13,0.006670763536383951,0.0077703561470217185,0.007761667571139299,0.007437328483584249,0.007639632284914444,0.009364301177897124,0.006211927814279283,0.002689485585014418
2021-01-14,0.006639572031681054,0.007562389075892931,0.006972415175764156,0.0066639610063103346,0.006877777700767647,0.005986950803927622,0.0051877148370029985,-0.003508215921717363
2021-01-15,0.006595591964031063,0.007382194765804891,0.00666492454895014,0.006554103548387866,0.007106353655844159,0.0062783629023217165,0.008309076119771577,-0.007319489581052669
2021-01-19,0.006342621714755358,0.007378447482383324,0.007317830918535962,0.007776879871648961,0.008384629728807583,0.007484921856752366,0.005391558885369063,0.007821491646278914
2021-01-20,0.006515877795863352,0.007405777603306768,0.0074018097571396935,0.007335943009585142,0.007926398728707259,0.006644291484060568,0.007109131534995617,0.01374372402112411
2021-01-21,0.007010084305153049,0.007930208470979257,0.009210098572279432,0.007964650171310822,0.008099886219976496,0.007145387732759797,0.0036284773855420473,0.0009111594610922985
2021-01-22,0.00689236713842293,0.007691861068909915,0.008108157261276111,0.007053607261349369,0.007107571792129051,0.006458667245463657,0.0047963723927333815,-0.003545683247817262
2021-01-25,0.006890928104401579,0.007507939483163032,0.007547115619738396,0.006850377683113973,0.007301465923753837,0.006622132033685931,0.013602405040133507,0.003936267285948146
2021-01-26,0.006853502333592191,0.0073427963320967585,0.00690611995961415,0.006259086463694357,0.006705974599230947,0.009336519483661987,0.003908461679460103,-0.0015622273344713697
2021-01-27,0.006897283679917282,0.007129382283960411,0.006351463057982819,0.005850312230044361,0.006460154441245688,0.005651860126511644,0.014435452964692716,-0.024744121695533285
2021-01-28,0.00902039450479233,0.00919318768190878,0.014105685984836662,0.01697712823495042,0.015951084329747837,0.007778000133996459,0.012949504048061928,0.008563374468273911
2021-01-29,0.009020796636546142,0.009156620594222767,0.012775305323893333,0.014799571429469702,0.013993450068022655,0.009044606004437355,0.01517327848015657,-0.02022264878188141
2021-02-01,0.01010503619046263,0.010166140373291707,0.015209832202864816,0.018024748407850018,0.01719808588771016,0.009869802890182775,0.014602673612104922,0.016508582174935376
2021-02-02,0.010740782983054085,0.010653702765222005,0.015279548094656911,0.016466815382353946,0.015690709729731432,0.010141270805395619,0.014576749729239344,0.014041177195302791
2021-02-03,0.011102338471021482,0.01088671571572026,0.014758627506422334,0.014945476140611121,0.014308260706927619,0.010534273511983761,0.006876344203311955,0.000785832789981056
2021-02-04,0.010582849586747165,0.010556817528064243,0.012823146147436,0.012925220318363274,0.01215581417850044,0.009869445260037827,0.0068715942379266514,0.011301698598550784
2021-02-05,0.010735239737693303,0.010602986183823068,0.012301818622103444,0.011815012654887984,0.011286372085603163,0.008576950157910147,0.004888176847190222,0.003928045810918916
2021-02-08,0.010705620156902455,0.01032490627981886,0.010848111323882663,0.010357429861488847,0.0099830044899266,0.008114868839819359,0.004082635770796093,0.007195893031932841
2021-02-09,0.010369487692145253,0.010164365248132396,0.01001401474350999,0.009357231392723151,0.009198010307491207,0.006061463616734127,0.0034452464573853743,-0.0006659960487104527
2021-02-10,0.01033124921128016,0.009856067912093997,0.0088587988444089,0.008283378492885306,0.008306636004223971,0.005826591232550961,0.009400443670748342,-0.0004354758722305672
2021-02-11,0.010181308078877316,0.009556407722604665,0.0078904605820188,0.0073889193800021616,0.007524382386734109,0.007875873855821681,0.007548349149290075,0.0016134103786572523
2021-02-12,0.010177642899635997,0.00927370575498361,0.007070723373158988,0.006639927452689153,0.006726881714908833,0.006198345833231032,0.004107546792798943,0.004927787115113607
2021-02-16,0.010202655116063258,0.009071852427995505,0.006690427756205052,0.006207224132252326,0.006341940771003643,0.006545147022427886,0.004631652523441235,-0.0008664213670792941
2021-02-17,0.01015288710134846,0.008798047354153543,0.006144688004397329,0.00575021081201261,0.006001862192699088,0.006424793964279826,0.006016755964964131,0.0002295206416767108
2021-02-18,0.0099487792889912,0.00853020866067588,0.005651947892834455,0.005321028722029589,0.0054593810563838985,0.006421893850630591,0.007739634441503042,-0.004265128543750134
2021-02-19,0.00994901146695667,0.008336070506939845,0.005835871445024788,0.005816333885334449,0.006166066386675656,0.005751808677638104,0.004630585629153295,-0.00176758705035569
2021-02-22,0.009562396828189568,0.008093709226659127,0.005554232928466573,0.005563725244588128,0.006076755246322878,0.0054916175078360925,0.00613357094886665,-0.007721320926091504
2021-02-23,0.009739286364361723,0.008071850414470437,0.006696287055614174,0.007291751037354711,0.007698121689831679,0.006099424548574194,0.01803566721948182,0.0012135313605327123
2021-02-24,0.00969952801245044,0.00783159258826397,0.006088512162289513,0.006555196473744007,0.00683825176292063,0.009561496703286432,0.010763385664097324,0.010959027850948624
2021-02-25,0.009939447430710964,0.008053560045514664,0.007472803632392892,0.006945030785916577,0.0069701873101500975,0.010816871089415552,0.018258256611122188,-0.024390764090014738
2021-02-26,0.011368488188892233,0.009831724264644159,0.014163617686213397,0.01667406336528552,0.015367982764241412,0.012550775097425223,0.013988310403193956,-0.0051658910317940645
2021-03-01,0.009970254957367504,0.009615831721914407,0.012677698245402111,0.014819308949219396,0.014279364899654043,0.011461527505742532,0.020884385167551183,0.02395109249165583
2021-03-02,0.011077142741725974,0.011015246543521212,0.01585221976785333,0.015134636951916016,0.014056406731013701,0.017653435959052034,0.006123182545286015,-0.007833818723952779
2021-03-03,0.0101548205761538,0.010850697672392676,0.014502806433426284,0.014166529237335173,0.013924490338257241,0.009254858104997932,0.008524107744895714,-0.01333406988409745
2021-03-04,0.010121807175866861,0.011015499387655897,0.014436962017097607,0.015014454736596308,0.015258445033606967,0.010119686408939557,0.02505799610405401,-0.012452285825099324
2021-03-05,0.010020153263334615,0.011106949108106995,0.014174363245778566,0.01529266260217249,0.016018712297134217,0.01786521075786505,0.025765328534892863,0.018229555161138847
2021-03-08,0.010831740057597941,0.011657678167759407,0.015022973737573029,0.014554350767601894,0.014910089648729148,0.017200337504349513,0.01224940192910306,-0.004991254803574473
2021-03-09,0.010578969268372521,0.011368470878624061,0.013314943542179925,0.013008173820810815,0.01386805183654565,0.012597252157499622,0.009492503386282422,0.014176568394246553
2021-03-10,0.011023155508422956,0.01155621511556621,0.01331807627636874,0.0122212596833648,0.012882261496299823,0.009885704936676513,0.006847815055683507,0.006205305681338438
2021-03-11,0.010992601797030616,0.011306798417117798,0.011845371269659684,0.0107620698191173,0.011437357427578579,0.009561904696661277,0.007850936410348123,0.01008789044184341
2021-03-12,0.011213836936729163,0.011237392982031705,0.011288407363904296,0.009952451087679894,0.010608460235956683,0.008904337309556839,0.0051594264819911795,0.0013460807613022774
2021-03-15,0.011213950756688615,0.010900044815303073,0.00984900325113924,0.00870221080813535,0.0092213589733043,0.008439424631836487,0.008990310512374882,0.005945815421911281
2021-03-16,0.0112754626609698,0.01066787146618128,0.009007894193804204,0.007902935654789061,0.008474107195031139,0.008560354934671426,0.00532603636482145,-0.0012621643650003725
2021-03-17,0.011239984362628241,0.010347504832319889,0.008029511228338506,0.007120113268560962,0.007852416044834356,0.008106486502089562,0.008735085275326175,0.0034038561397601594
2021-03-18,0.01125464168875026,0.010066865404722635,0.007257808294175354,0.006467725470076672,0.0071425430609731,0.0118006538793982,0.011241393585217857,-0.01465630258840575
2021-03-19,0.011737448216388462,0.010399505020238602,0.010177869256106862,0.01123758675661205,0.010908052129615991,0.010235190169029018,0.009355576728257282,-0.0018520685162355603
2021-03-22,0.011706513079734611,0.010092895117523995,0.009030430960892021,0.009881995880813784,0.00995992531396994,0.009854578301474626,0.007222480553549152,0.007953229251248764
2021-03-23,0.011824538692275907,0.009977463168236425,0.00871607885764893,0.00902483193466125,0.009241723284826657,0.008654643785373391,0.009104152559050007,-0.007901971913353121
2021-03-24,0.011830857807440526,0.009865254918362164,0.008893729344517957,0.009567230225652482,0.01018211624586376,0.010574031083393588,0.00911075884673333,-0.005096202216401466
2021-03-25,0.011890698987608622,0.00964583516082667,0.008420251342543362,0.009114573265540854,0.010169856468070749,0.011890471426097112,0.012369779217053426,0.005609637293618072
2021-03-26,0.011703571628560715,0.009452390683145016,0.007830900568622045,0.008204139010392186,0.009213974747169508,0.011465601650791234,0.008858198981324877,0.015986587897529658
2021-03-29,0.010794202828807314,0.009965996578643041,0.010287869499150788,0.009088238774924642,0.009358632757846982,0.012021503151044392,0.007851048412755409,-0.00050512509068747
2021-03-30,0.010690668568667695,0.009663184341542275,0.009042191350792605,0.008018973603573207,0.008396982413488378,0.010875394397925446,0.005063881053220498,-0.0026566803668506512
2021-03-31,0.009472300105760726,0.009391378000900973,0.008182145633557453,0.00740604723426628,0.008126530272320959,0.010045262518341633,0.005304010287769604,0.0040451608730863965
2021-04-01,0.009284954790529773,0.009159033873712188,0.007441219926841424,0.006735333130714458,0.007418320825413413,0.007518831974416664,0.003225456963878113,0.010741160621453668
2021-04-05,0.008858148291159593,0.009261586219410305,0.008280724491848183,0.007052516777571725,0.007424119535039992,0.0076508557168403005,0.005067841167235589,0.014251055501168793
2021-04-06,0.008515458999578058,0.009634101697378963,0.009922201797618784,0.00794865114238908,0.007754873809625773,0.00702978627959293,0.0036879784819275666,-0.000590692080812158
2021-04-07,0.00788395226536758,0.009341728727198935,0.008749220254741182,0.007107683174716408,0.0071080496577785,0.00636427827237376,0.002844829363699813,0.0011565251295050539
2021-04-08,0.0076892411712536695,0.009061571326118336,0.00774685986693722,0.006391174083211184,0.006344837870958484,0.005383504456835005,0.0031763093078415496,0.004735712697603176
2021-04-09,0.007278005525398408,0.008861770076552688,0.007180222406943763,0.005993488980866902,0.006009807149131387,0.005984637743196996,0.00413421752575788,0.007243756950268634
2021-04-12,0.007306401599914044,0.008773108436670405,0.007191591693905054,0.005974142987821293,0.0059525148726093935,0.005260446086581599,0.003187053837474658,0.0003646440448076129
2021-04-13,0.007124714922372009,0.008506313164929188,0.006478903494293948,0.005488414245447052,0.005390051955499039,0.0051621670746485335,0.004225273111877707,0.0029593079208282006
2021-04-14,0.007122632542937954,0.008278971677839787,0.005984820263140318,0.005172790127788353,0.005059331874145817,0.005504946771544435,0.005696456039914933,-0.003420911067036748
2021-04-15,0.0071808846304658915,0.008070380887643372,0.00591843304485148,0.00547638761040172,0.005610237087997375,0.004906323600956786,0.0032089424870502415,0.010685045576208156
2021-04-16,0.00738576499816072,0.008250660382616641,0.007311797099564739,0.006204302114834892,0.005943366933257123,0.004869663691107531,0.004323879398129759,0.0033368479827105228
2021-04-19,0.007385368489207673,0.008040961771573483,0.0066791508191197755,0.005748066842357779,0.00555558717328223,0.004718106340353786,0.005578924724612469,-0.0049252109341742425
2021-04-20,0.006508695266073345,0.00788879613147395,0.006728382694380872,0.006336179208996941,0.006443401350350134,0.005217101232008384,0.008475771711539374,-0.0073482575943080745
2021-04-21,0.006815082297088257,0.007857412520674935,0.007368768443477583,0.007618771305130175,0.00786723717200882,0.008238753348450078,0.005734003482949038,0.00941734979300554
2021-04-22,0.006878742170047872,0.007959634681082102,0.007857788716730048,0.007470447511987864,0.007670434453826103,0.005239344034792837,0.009325970705763832,-0.00917503637641945
2021-04-23,0.0069822905878515204,0.008037743137935243,0.008642401993688143,0.0090560670009173,0.009358723580692061,0.010955721762964929,0.008488463762319522,0.01078395438345855
2021-04-26,0.006954980979805609,0.008228403016078543,0.00910315249131343,0.008735927162124088,0.008997645334597147,0.010864169741148772,0.002776299513084166,0.0020856027009806305
2021-04-27,0.006943066881586759,0.00799407302574164,0.008058590246516508,0.00772738886844781,0.007974569175498493,0.0067294768254631656,0.003575663630799581,-0.00021550182821748835
2021-04-28,0.006335744087232204,0.007750721114239281,0.007201749338126919,0.006907746370945615,0.007201792693084633,0.006316464599942277,0.004112322729663943,-0.0002876428758618027
2021-04-29,0.006330723806507415,0.007514933228493369,0.006509486771213458,0.006253067027780247,0.006581356227766041,0.006083592892110651,0.008441571722824361,0.006352670073770915
2021-04-30,0.006266414668968313,0.007450312286539539,0.006512667636420365,0.006052048178404429,0.006346196259746938,0.006754928020640686,0.004319106074477805,-0.006592239938969584
2021-05-03,0.006595735275804071,0.00740163371302046,0.00702203722004526,0.007160923116829016,0.0075783763268215424,0.004234197263886067,0.003714786082265757,0.0021546904669664108
2021-05-04,0.006316628614099434,0.0071955327936799734,0.006360612795777431,0.006452418094127765,0.006813236660142805,0.00461125397116347,0.009810435970714933,-0.006188619812943363
2021-05-05,0.00590321209940291,0.007139124005448974,0.006816918202394151,0.007254473450347698,0.007813762408529497,0.009369114350718842,0.004020084154790329,0.0003128454442479972
2021-05-06,0.005893765505353763,0.006922061716539829,0.006175531619251621,0.006509194692664025,0.006954122127535908,0.006446888995473425,0.009418948326986965,0.007953790936043394
2021-05-07,0.006079816392481997,0.006988262267430174,0.006650260456746036,0.006445098732459803,0.006790269693808105,0.009319887711496787,0.006070060460847749,0.0072517022673784124
2021-05-10,0.006172105782153514,0.007004348084851801,0.006806066369462838,0.006302932537462131,0.00659359049297975,0.008629233742863162,0.00564538749231933,-0.009951683912657614
2021-05-11,0.006511578365302463,0.007215219977934697,0.008233409765596406,0.008767586030773634,0.00883982265305127,0.00671103539502214,0.010254183949492152,-0.008964968048478477
2021-05-12,0.006848085817699381,0.00733198980473944,0.008847068726795802,0.00979423455437669,0.01019044189856217,0.009403998960559405,0.013973943991833064,-0.021474044952649
2021-05-13,0.008295653079185424,0.008843114068284901,0.013690444697449207,0.01627031418904513,0.015349527751178918,0.010012551693443993,0.009116685701913723,0.011940860335030272
2021-05-14,0.008725372543049673,0.00905890032904979,0.013075018571999377,0.014541103066983323,0.013851945129521434,0.009218982755388069,0.006226133322659175,0.015238827898535626
2021-05-17,0.009057984921122699,0.009543226247167682,0.013410731992056932,0.013547434274380104,0.012949283160633507,0.008480590928369825,0.00603383015614277,-0.0025480832196471412
2021-05-18,0.009043248733077297,0.00927352904012314,0.011759443625062427,0.01187099541264033,0.011761705060183163,0.00787807443916111,0.005243107898899076,-0.008652723057607344
2021-05-19,0.009176256542998577,0.00923745730086076,0.011317959589946048,0.011828408606626038,0.012347445145954983,0.005960617257569818,0.009229871369635075,-0.002625490898414385
2021-05-20,0.009053905571649397,0.008979107555295882,0.010036008504131824,0.0104685072657112,0.011301262880396321,0.008419989876106215,0.007787356437788269,0.01070078326734936
2021-05-21,0.009125774278026858,0.009091606892749177,0.010067095644169976,0.009799981839353546,0.010544661517506139,0.006496322510635026,0.006639570383825482,-0.000819168896012977
2021-05-24,0.00888896040168242,0.008816923454332524,0.008877129019187233,0.0086336695573777,0.009439040512959612,0.007679040193889691,0.005551576002290836,0.010142391415282235
2021-05-25,0.008852179433603655,0.00890201870728392,0.009095567824649188,0.008327894608230395,0.009002774319199262,0.006372064112247561,0.00490134594065954,-0.0022210245668286698
2021-05-26,0.00885806489491031,0.008647956859775046,0.00818445839312406,0.007591203213721566,0.008520461467173281,0.006493998405099399,0.003636484159073774,0.0019826223687196606
2021-05-27,0.00886748267576199,0.00839855796342654,0.007296500879352869,0.006794150268219545,0.007574355427090882,0.006314688625922283,0.0030469036055675107,0.0005249865044708807
2021-05-28,0.00886712925964212,0.008143719418234264,0.006558231757834571,0.006136619567392998,0.0067084100823876355,0.005543115012975349,0.002378231138154785,0.0017869404134579097
2021-06-01,0.008764497492277852,0.007907752232311353,0.005973488229321451,0.005627506589569104,0.006062126546806351,0.003758415229422949,0.004769554405275941,-0.0008811197903760643
2021-06-02,0.008637475843048305,0.0076698875461552385,0.0054896595017618535,0.005217581344322753,0.005698438399052605,0.005423327409347991,0.003815779611173488,0.0015714180865943946
2021-06-03,0.008632047407945598,0.007446187330479925,0.005104361461224629,0.004891045650992161,0.005184872237781651,0.005468390951865568,0.0071592718757825,-0.0037183972143232814
2021-06-04,0.008556537168155697,0.007276575574098917,0.005364703860958109,0.0054107688297103775,0.005822342573077363,0.006484867463979981,0.007353090887557545,0.009104401146022217
2021-06-07,0.008766630860321707,0.007398989537369279,0.006489889271509936,0.005868821038491418,0.005974446902141805,0.006141020064219667,0.0030381201976987975,-0.0009708141560687487
2021-06-08,0.008616418443298381,0.0071775268868316654,0.005966643897839153,0.005483030995595371,0.005724335449227295,0.005586341826733423,0.005482307294562299,0.00021311835648003453
2021-06-09,0.00847031475925974,0.006959066305514849,0.005482792949162136,0.005092084058264453,0.005226315095427395,0.005507393296031859,0.0024874461341968753,-0.001492938169995941
2021-06-10,0.008168246901296004,0.006756968216341174,0.005245065196684256,0.004978819088445033,0.005238012277416567,0.0046139934978881025,0.005914198837319211,0.0046375331423956796
2021-06-11,0.007922378052099794,0.00664888149442109,0.00524759625635901,0.004909870242215935,0.005071212307902255,0.005220311915350266,0.003136378575939183,0.0016512285401927172
2021-06-14,0.006008267687489986,0.006459006189868588,0.004920026940221283,0.004660031311206431,0.004665501149422067,0.0049438657438862985,0.004189718529340347,0.002236540446598713
2021-06-15,0.005576878893994878,0.0062861563847291775,0.004700716337716039,0.004494501922371526,0.004374361445554226,0.004937995800033558,0.003376163461730382,-0.001835955447026363
2021-06-16,0.0046776773077593274,0.006111224125482804,0.00471614797580791,0.0046202812520136,0.004622587887316614,0.004810747701910408,0.008669426941209304,-0.005599003545159332
2021-06-17,0.004834691165929246,0.0060817075838199,0.005617175441534608,0.005964917290181244,0.0059754805167368565,0.010347451579866825,0.007244565736885764,-0.00033167059623069833
2021-06-18,0.004341417236001051,0.005896993931661383,0.005238229972717084,0.005494637526732914,0.005567127348927125,0.0051645147435343455,0.004927066157103098,-0.013582150699535113
2021-06-21,0.005356891466230442,0.006614873713211843,0.008899951720789235,0.010415386045523166,0.009745812285431218,0.005932331470455556,0.007286058444860805,0.014214351149259967
2021-06-22,0.005729290419546798,0.007297535728100595,0.010335917330234945,0.010269734491421285,0.009611910675340568,0.00758492245898197,0.006619743454312916,0.005331957578048244
2021-06-23,0.005799654964545869,0.007194760061154003,0.009282485450165663,0.009083129271252079,0.008712717217220126,0.008072580944521228,0.0028318477066119657,-0.0012059726754344495
2021-06-24,0.005430365024183861,0.006981830720015763,0.008222422614638882,0.008045257939364437,0.008022141381932099,0.005463235642797904,0.00177273254117408,0.005898237924701122
2021-06-25,0.005512108365068965,0.00692160062613854,0.007697441925525501,0.007356955645108742,0.00747563840460176,0.0030686602336003448,0.0027301865532992717,0.0035457835379769146
2021-06-28,0.005537526231850061,0.00676671240470489,0.006975445581388318,0.006640635263203288,0.006824937610589654,0.0036765984240350043,0.0033710648807993163,0.002013696312238059
2021-06-29,0.005540606373916466,0.006579087423965658,0.0062921792897893125,0.006008607454360825,0.006158517067222481,0.005057332010850991,0.0027462645084844676,0.0005382001501690386
2021-06-30,0.005539290879373242,0.006380024092144998,0.0057301490665510844,0.005492389329551032,0.005511522424943985,0.004252394024927593,0.002732505875663881,0.0008413758901831055
2021-07-01,0.0055225203157598405,0.006189095230700886,0.005190070127048669,0.004997426180358605,0.004891173519844743,0.004239759617596723,0.0022433069955152722,0.005521293105569095
2021-07-02,0.005606076947940015,0.006151071975002379,0.0053852506341164775,0.005015921710924137,0.004868842291767515,0.003228127567200222,0.005917780658749088,0.007614451150416774
2021-07-06,0.005645556669013132,0.006248546809817871,0.006065394819193765,0.0053481632748051434,0.0050644345145281315,0.005669274223068706,0.007521017375724663,-0.0018232737740304066
2021-07-07,0.005441045217293611,0.006074630576069627,0.0057127480526153376,0.005218444738336148,0.005189986621827137,0.005085827949273979,0.006057127776319087,0.0035279439247938335
2021-07-08,0.005435499743712702,0.005952634016783342,0.005407262116607641,0.004968784510505794,0.004922171109635838,0.00480198316092151,0.007248901995483208,-0.008181401905186915
2021-07-09,0.005830705749382677,0.006109332276243615,0.006929885286052643,0.00743431689905376,0.007200804804904537,0.005736223174234431,0.008411847940268493,0.010618078287934464
2021-07-12,0.006149568153872938,0.006469089549664712,0.007970321333745029,0.007524131543748028,0.00725850150952775,0.0069966786318324805,0.0035774292602776593,0.0035757037406383176
2021-07-13,0.006128508343494851,0.006332875481164556,0.0071581423795948704,0.006738738687165187,0.006626194233239878,0.008399205882458334,0.004666929978188564,-0.0034147156909052406
2021-07-14,0.006227209116965198,0.006196661209338619,0.00678450843494844,0.006598457993478208,0.006898117858394193,0.006566176459515075,0.00536569876165109,0.0014910290191992943
2021-07-15,0.00622435552660877,0.006018976955171726,0.006089858670505907,0.00593024683511627,0.006143180216685037,0.0069039997207665325,0.005350397301862327,-0.003421526853694258
2021-07-16,0.006274595919867636,0.005895490593013279,0.005999712029634094,0.006029273488309437,0.006514694417530584,0.005732708410821353,0.005904453547073382,-0.007874312553975586
2021-07-19,0.0064175877919028755,0.006032552417031403,0.007163466109136267,0.00782312328612131,0.008197762822864071,0.004957510667294363,0.018172391472004515,-0.014878209538071056
2021-07-20,0.0073122347051434305,0.006891288303931454,0.010454431348422616,0.012274769558347127,0.011904185193577232,0.01066213401956327,0.011447219440029337,0.014228659940098967
2021-07-21,0.007152307328461227,0.007535764661936236,0.011376363149186688,0.011626504210926775,0.011313985395643069,0.011304641014029332,0.00599535580429351,0.008063869841346027
2021-07-22,0.006732905255794367,0.007568490199952164,0.010476769746487797,0.010340369912029362,0.010276912953721495,0.008084473736141282,0.0036686995462610994,0.0020917481309052554
2021-07-23,0.006678189236508441,0.0073557899566908756,0.009088322188290239,0.008942698615764556,0.008922626409518877,0.00682945041247071,0.00526479650449146,0.010235496125599907
2021-07-26,0.006919867131504206,0.007559570754346263,0.009280022689979885,0.00854411482354247,0.008591472693796917,0.006779068998130914,0.001755985250674147,0.0024519998055066924
2021-07-27,0.006861293294288363,0.007353843999796405,0.00812750585209841,0.007499611148464694,0.0076040364380225425,0.0046570187570389365,0.007306418488516704,-0.00456804793958753
2021-07-28,0.006982539358003012,0.007217084175596353,0.007725379471104533,0.007467168322689485,0.007998924941563035,0.006062658041247003,0.005455054665940546,-0.00041018073903970693
2021-07-29,0.006991297516213633,0.006997944030363878,0.006874690161329449,0.006647376412849653,0.007216676085417133,0.005188991727627703,0.003471738292867933,0.004138824105657736
2021-07-30,0.007017099081840396,0.006860083039703931,0.006368817736747042,0.006094587406314872,0.006644043459737837,0.0060231443028110915,0.004197150206313259,-0.004868185924154986
2021-08-02,0.007150008798263931,0.006757147993381819,0.0065295119173670235,0.006609000825275348,0.007345612576257055,0.00544997439161825,0.00532343357318985,-0.002100553166413575
2021-08-03,0.007110280481741729,0.00657147209386846,0.0061128845153619335,0.006211406895526207,0.007131664580003443,0.00500955584898694,0.008674636637071265,0.008102603109968935
2021-08-04,0.007134478815190762,0.006673254182265434,0.0066410942754475955,0.006240397388070095,0.006945715234826851,0.010614221438139105,0.004292158200452754,-0.004930834429543825
2021-08-05,0.007223474640775909,0.006581729999669554,0.006715305915041916,0.006706978729818184,0.00757246083642736,0.005369012709086816,0.002684757161458226,0.0063127046638766695
2021-08-06,0.0073038538946425995,0.0065658993299956255,0.0066254834640880455,0.006358775109242635,0.007140798977784327,0.004786031159587925,0.0020319356021189336,0.001651149566492427
2021-08-09,0.007008955955998942,0.006378710658463391,0.005987563554629918,0.005760705314218989,0.006378797357161098,0.004228326885731483,0.002733366407100452,-0.0008137058519227365
2021-08-10,0.0066822571133468055,0.0061876004813932505,0.005553027843314026,0.005371598548247127,0.006018083931555093,0.00432743280358624,0.002911290678349264,0.0012432280355246885
2021-08-11,0.00665168516265588,0.006006825508635703,0.005135490423402659,0.004987786677253367,0.00541465556220227,0.00398058359686651,0.0023492341296926203,0.002481608645032178
2021-08-12,0.006597695350739245,0.0058554708109383215,0.004869273816865435,0.0047361362146084544,0.005018908048233022,0.0041656740838504494,0.004183936117698059,0.0029923895836695413
2021-08-13,0.006612685172108724,0.005724212595450389,0.004717235174884483,0.004578809188501561,0.004732814566808495,0.004969576540615489,0.0015222073753247568,0.0018182709056769628
2021-08-16,0.006537580433857394,0.005567672744767241,0.004511948244742909,0.004404382128270924,0.004387114693462749,0.003257379542040165,0.0067993969969292415,0.002351759785511414
2021-08-17,0.006199349923629267,0.005428709556660723,0.0043922791261297115,0.004298753346491345,0.004142195878786521,0.007112729252749398,0.0076649107219261305,-0.00657673563604201
2021-08-18,0.005287285715019527,0.005504347490950021,0.005749681721448791,0.006256203056447532,0.005977321754438345,0.005923725130087243,0.00868349596336974,-0.011005244233934055
2021-08-19,0.005258038229365333,0.0059788707012254794,0.008095650138885331,0.0093930330409813,0.008883857698521824,0.009691157197570896,0.0073527915735006905,0.0015471190934773043
2021-08-20,0.004999335724973049,0.0058091045626342645,0.007167525984051749,0.008192676387757466,0.007794322130634387,0.007260722719152549,0.005435691549832479,0.007925581076591677
2021-08-23,0.005243748187646225,0.005957335326682461,0.007316143994224104,0.00767329709696848,0.0074672973021397615,0.005467053184523726,0.008197724062961247,0.008758070752988711
2021-08-24,0.005120069288416152,0.006161386349006843,0.007631734285711979,0.007395558472880172,0.00727909924048106,0.0056797410116219,0.0020669375428707436,0.001586151053972119
2021-08-25,0.005109456098319864,0.005986307154430451,0.006792714988954205,0.006580431796029388,0.006487026117697147,0.0054441147705265236,0.0028744801623745973,0.002096113742312058
2021-08-26,0.0049679914453423886,0.005826606432186463,0.006136906077818805,0.0059464807815527345,0.005877414213613359,0.004094625849145459,0.0032115260554880856,-0.005920466725296903
2021-08-27,0.005190180426304808,0.0058322806464865635,0.0066167172119827745,0.006884857857339574,0.007034177880437456,0.004535860503970869,0.004245711115941341,0.008901206710294492
2021-08-30,0.00544135025367157,0.006060400691454511,0.007198699890320553,0.006844291236500067,0.006941202615961707,0.004343787259126596,0.0038120527848046625,0.0043877956293753495
2021-08-31,0.005313383692750175,0.00597326662535947,0.006650322134473247,0.006267240209882402,0.006440966912852628,0.005160119175992946,0.002723330269152023,-0.0014826982428528823
2021-09-01,0.005294317518814695,0.005802673777814573,0.006130115396565701,0.0058430862175161856,0.0062330828959488785,0.0037237839721609863,0.002576426734757812,0.000531265237790326
2021-09-02,0.005075219001185838,0.005627405810727151,0.005589218719062815,0.005342274084762685,0.005573271025232846,0.004147162588007238,0.00390016234895128,0.003071803673604651
2021-09-03,0.004894124810057718,0.00550761228279911,0.005264984116301141,0.005029224932750113,0.0052025785333567965,0.0047875676109057075,0.003364009231730098,-0.00024257096011284345
2021-09-07,0.004780692527146012,0.005340158791124347,0.004951803397449326,0.004756005027036112,0.004898399235999909,0.004769999896652524,0.0032113122310401926,-0.003581869655364368
2021-09-08,0.0048913700520735,0.0052512898961339476,0.0052269152476864455,0.005282036515489011,0.005545040874965491,0.004632015975279077,0.0051594694879490005,-0.0012189628271960322
2021-09-09,0.004899492505484525,0.005100062260530681,0.005012390041620175,0.005061839571710226,0.005427768350608307,0.004779762422134497,0.006493691022219364,-0.004289606507287601
2021-09-10,0.005029212176393143,0.005055100433903743,0.005438595871847171,0.005720652828537448,0.00617646511691911,0.007183814467948298,0.00688568001653251,-0.007915766082603424
2021-09-13,0.005344181249172323,0.005270707650165418,0.006797614233500959,0.007616987493687676,0.007889703578162082,0.006305139694946228,0.008254261068189531,0.002556102816047969
2021-09-14,0.005333529797858975,0.005148354813129533,0.006162655277369536,0.006776611701986184,0.007068009277040305,0.005628645982229782,0.006983794896350428,-0.005411347478898206
2021-09-15,0.005452929358727991,0.005164512052188887,0.006498121567754816,0.007227995840009284,0.007796779738221246,0.005982609971710065,0.007531519170091156,0.00831825154299176
2021-09-16,0.005739732544883176,0.005405872008928911,0.00695309510950271,0.007004331818629964,0.0075090542851964925,0.006045951998409389,0.00803790870674319,-0.0015865425887167408
2021-09-17,0.005549782361974859,0.005255575333819748,0.006377402319854424,0.006424495826292204,0.007131576773550633,0.005871162690900264,0.005703542899103738,-0.009789130361427817
2021-09-20,0.005430604780000505,0.005631468028682127,0.00798649985267647,0.008875260830307426,0.00920641464170837,0.006099359840524521,0.014644890537897654,-0.016814509300814653
2021-09-21,0.006589837473435345,0.0068391731671464335,0.01151900125116177,0.013641082711134034,0.013082233027403382,0.009071808054963824,0.007808078503969184,-0.0009451846408330896
2021-09-22,0.00630198321693878,0.006634865083324516,0.010020800797162303,0.0117244189723892,0.011443588173549464,0.0067423119481307674,0.011496512752298954,0.00970753417203483
2021-09-23,0.006377721700413446,0.006858157316331928,0.009791005775554777,0.010611047853207345,0.01055277527045016,0.010282189559738267,0.008231673289756951,0.012076910563991992
2021-09-24,0.006962859916726108,0.007277593599210071,0.010234992436219871,0.010067617485648543,0.010061645597891165,0.007042868544485452,0.005026607568344892,0.0016459501844704088
2021-09-27,0.00695561073175152,0.007067398078510442,0.008914664183878535,0.00873718651041736,0.008751332901186076,0.005790118893373282,0.004002912616728179,-0.002865250996419856
2021-09-28,0.006865318546254063,0.006887946606970338,0.0080722528726168,0.007981689314093859,0.008453601362947268,0.007061861779571724,0.009064409700113787,-0.020357487416836656
2021-09-29,0.007820800886384118,0.0083344356490674,0.013030548860642428,0.01521311478233935,0.014078484496856255,0.008377423984116948,0.0059290024081860735,0.0016817455193583939
2021-09-30,0.007738572174966817,0.008091028649847417,0.011269034768965715,0.013007734681745771,0.01196189094578295,0.0074199851630356245,0.009970236260377106,-0.012297863776990797
2021-10-01,0.00807205012334866,0.008403041541283606,0.011910879294706259,0.013925397120053423,0.013516364727244632,0.0070037815829278385,0.015941732786560046,0.011814203917739186
2021-10-04,0.008624604895622869,0.008645748409967822,0.01168086464020127,0.012577960013161735,0.012372784324368303,0.008734369925826026,0.01262076243349006,-0.0129798054779794
2021-10-05,0.008884633090895166,0.00896507382284856,0.012392214716984436,0.013918415981311558,0.014020096587647564,0.010909288984966336,0.010621933023766943,0.010351279560293823
2021-10-06,0.009309791593167098,0.00905423299028131,0.011697508877058624,0.012405123633210263,0.012633789923899347,0.012612755895717177,0.011019965663770467,0.004147332843435974
2021-10-07,0.009396314096447067,0.008836990954086979,0.01020458119713888,0.010704106610976417,0.011000180673375062,0.013349428848195741,0.006524339262470423,0.008608415912527713
2021-10-08,0.009658720180998967,0.008823443434773173,0.009685015963323584,0.00968578680777716,0.010103791703547778,0.008271053055857718,0.004325182591035683,-0.0018254308335905014
2021-10-11,0.009633724997758303,0.008566323404327942,0.008546695125447125,0.008552973985321196,0.009262872123638657,0.0060168297070946905,0.00983217557566049,-0.007265920367156081
2021-10-12,0.009611559380722728,0.00849391539835403,0.008630102287573448,0.009070105457186202,0.010025307084918247,0.00841055979262709,0.005307555719477137,-0.0024647476425531706
2021-10-13,0.009580788928806372,0.008257257518281734,0.0077720235201893355,0.008155334183843857,0.009355837139359816,0.0061582994964358585,0.008559405175194665,0.003591383264162694
2021-10-14,0.009586694931449464,0.0080538963020909,0.00700076172575243,0.007240213982235971,0.00833999374673618,0.00935026419599342,0.005178448152461519,0.016680593700231845
2021-10-15,0.010142856059137216,0.008812937267317652,0.010252154892219376,0.008745168609100877,0.008787165155873189,0.006425755598922205,0.0035916996288356874,0.007587042155991711
2021-10-18,0.010286771210430316,0.008744231470039176,0.009518336864099662,0.008052501668123433,0.008245305721073425,0.007645765863556301,0.005961113982313699,0.0029560368884582167
2021-10-19,0.010052812227040948,0.008508711900557075,0.008347015623351392,0.007126863606956257,0.007386018027772901,0.007416343245121045,0.0035240251031000277,0.007685291846690236
2021-10-20,0.0093234261570293,0.008461566649291898,0.008111084707456959,0.006848477695660569,0.007124763449299762,0.006120919642446047,0.002379916466037315,0.003919928150950961
2021-10-21,0.009312573797750266,0.008259792597474917,0.007302125368444302,0.00623369614247121,0.0065597003668671425,0.004233230234209051,0.0035575007020831346,0.0026049418012381335
2021-10-22,0.009146876239179716,0.008033546329945051,0.006547376751809476,0.005678970328270053,0.005976205461557451,0.0052628401671712425,0.006608735168507712,-0.001036605897687472
2021-10-25,0.00884426506698902,0.007792949874372247,0.00598807589732237,0.00532095413264093,0.00572716659451386,0.00825732712261903,0.006059122843385186,0.005348496261497791
2021-10-26,0.008893377865878817,0.007668288493227485,0.005904005424420846,0.005223960663488414,0.005544806100818057,0.00666522804695346,0.0049191240413726245,0.0008994401063188594
2021-10-27,0.00884445440939703,0.007437945217648114,0.005391209991513477,0.004856398441138446,0.0049811757959895755,0.0052072907522792405,0.004451708016760703,-0.004439944320720813
2021-10-28,0.0074590972923360786,0.0072929029646195374,0.005733330929688977,0.005647688036257006,0.005868153912030643,0.005442599550845377,0.0027924603518287316,0.009602370447186537
2021-10-29,0.007631448425814761,0.007451682945789839,0.006882681634853333,0.006142259749246726,0.006078522665600421,0.00392938762055543,0.0048394305625620755,0.002027304980406683
2021-11-01,0.006837064586542141,0.007241720923241625,0.006174287001058674,0.00557816610707335,0.005515756666567212,0.005078802860544588,0.004479775938528529,0.0017186781500805328
2021-11-02,0.006552227024598073,0.00703371892311048,0.005606708201982173,0.005134377222642405,0.005020615967720521,0.00457238460564335,0.0028010629271827624,0.0040349020866632
2021-11-03,0.005473239481575018,0.006890691973009724,0.005388406586995642,0.00494123356518497,0.004829696733881422,0.003734240059481666,0.005540388880926999,0.006086645648878305
2021-11-04,0.00528446568705868,0.006845113076508463,0.005640973864026125,0.005053336862769285,0.004877704157329312,0.005188428828634768,0.0026225365396023935,0.004701716641499576
2021-11-05,0.005290000860353028,0.006735770706533378,0.005524078435498978,0.004951280793594139,0.004776906528769697,0.003846545334340299,0.006474666217746597,0.0034635954374098617
2021-11-08,0.005153213869357466,0.006585450644532715,0.005247893290332003,0.0047572527573968865,0.0045705138580548746,0.007623391272394909,0.0033722277188411084,0.0008532104906527424
2021-11-09,0.005056485404815099,0.0063882508301227,0.004880803600502553,0.004500015543677138,0.004148701510888834,0.005097891323232998,0.005786302768752519,-0.003310869917845428
2021-11-10,0.004706175755810602,0.006246509051079906,0.005121942793691203,0.00502766614207942,0.004867242667588533,0.006483982470027717,0.008991995040594771,-0.008077365263906346
2021-11-11,0.005193213849370698,0.006371214372637563,0.006723489484733977,0.007358721718620434,0.007052057589701166,0.006264685823356593,0.0015611133211473872,0.00032338439445586404
2021-11-12,0.005229283917754798,0.006177629389593706,0.006036622701701653,0.006518892458637712,0.0062750096315710956,0.0032038178517873072,0.0057475180237580754,0.007518484509073334
2021-11-15,0.004340032218537926,0.006266177075494446,0.006444803365547392,0.006379390607698316,0.006208507295768968,0.006720058311986966,0.004157576185918658,0.0003423892390552437
2021-11-16,0.004209231172683204,0.006075862939239681,0.005817014102982865,0.005746249822072177,0.0055769939171682915,0.0048577139381395995,0.005044868360739956,0.0039501384121104375
2021-11-17,0.004223151150666505,0.005969703463115274,0.005531563093795194,0.005387443178865074,0.005282982362337867,0.004847622369619796,0.0027079972977770883,-0.0024321598846985095
2021-11-18,0.004154135590052455,0.005818422636210167,0.0054022572558518785,0.00537050348678975,0.005526138278500073,0.0037247281945417057,0.006436304308744651,0.003390653362992462
2021-11-19,0.004142310036868691,0.005701981345885606,0.005148172947786097,0.005061827910091631,0.005187014619526209,0.007092521654025499,0.0041473370390197085,-0.001789880836712228
2021-11-22,0.004209499433387852,0.005545633976136142,0.005020364371069258,0.004994379736731361,0.005272367547903833,0.004501935836898662,0.009586425648401982,-0.002819247925957959
2021-11-23,0.004282243696817772,0.005420858083137772,0.005111660594609055,0.005200123370289858,0.00562578725600404,0.006300032391441623,0.008096965235782926,0.0013251254018623608
2021-11-24,0.004190224575203061,0.005265730495943422,0.004779440476345387,0.004837805323696238,0.005075705529338666,0.005915372300184283,0.005696856740124943,0.002666363651179356
2021-11-26,0.004199440049589158,0.005146922605185926,0.0046075591739855705,0.004617970276573219,0.004743145723834143,0.007233652919498555,0.00962714225291618,-0.022555857832422112
2021-11-29,0.0066196670296984695,0.00744495580369244,0.013012923122507123,0.015619664328583343,0.01563848580440661,0.0074230699846594495,0.008563237784421153,0.012192163857867259
2021-11-30,0.006818379001230572,0.007811571959344854,0.012339347011635542,0.013671244494243767,0.013557500605995206,0.009498535805148032,0.011937274948219969,-0.019649291905884044
2021-12-01,0.008116376239967657,0.008973577738651393,0.014897410879719712,0.017308239495399093,0.01684835484601505,0.00958729273554625,0.01898270863677736,-0.011169466070600409
2021-12-02,0.008430606758793653,0.009120252733551867,0.014167814661560694,0.01652282376204946,0.016834553099307883,0.016347902767040446,0.011822158779000782,0.015200104623423414
2021-12-03,0.009090137574239104,0.009594313949533325,0.01412196790745145,0.015043479190239583,0.01524036782011524,0.011362888294924432,0.01856024791044139,-0.008739511168873148
2021-12-06,0.009131408947751019,0.009545184748381178,0.013080408805421407,0.01416194202221684,0.014998236985068317,0.01627383307368031,0.012373195184166113,0.011773994819072627
2021-12-07,0.009482541760533017,0.009693375882934587,0.012507003864670465,0.012779939846985652,0.013526862125345769,0.0115379420133304,0.0172116310086787,0.020473829599013223
2021-12-08,0.010536119852279851,0.010652441304900593,0.014599576517526547,0.013100497789878993,0.01314367132268165,0.012763274714358721,0.005448930633776222,0.002644486547833826
2021-12-09,0.010550829456707963,0.010348218878396008,0.012548163300414361,0.011281927958152981,0.011317395080524211,0.006572914989363613,0.005494747088100817,-0.006774380377843256
2021-12-10,0.010632906391834219,0.010169268886606476,0.01150505318021936,0.010817594343328796,0.01147683663789071,0.00640594632300541,0.007383133044486611,0.009369342180573633
2021-12-13,0.010660407130457347,0.010123055975377047,0.010817384934299859,0.00988180437333437,0.010554774338813714,0.007503493830337845,0.005078267032131902,-0.008897754527068005
2021-12-14,0.010865740772838745,0.010053749981037795,0.010632785382428006,0.010491984463887822,0.011459641898889466,0.005987967334622057,0.009794094458551724,-0.006903952436824391
2021-12-15,0.0108415555451314,0.00989308288226377,0.010059214124918513,0.01027279915203248,0.011620849004544187,0.008346542965089817,0.014065130407789872,0.015504221028220438
2021-12-16,0.011384720286903616,0.010316179319977662,0.011428101650219982,0.01039962066077817,0.011208515413105444,0.009345858723563256,0.010620523281274484,-0.008857609847082783
2021-12-17,0.01152285524382244,0.010234528692050599,0.011070340130962593,0.010828800260435846,0.011947365187542998,0.012012513811037833,0.01167248390290018,-0.010700007590657902
2021-12-20,0.011738996077791625,0.01026305279348746,0.011266186618727808,0.011783477193510696,0.013015599617251855,0.01174236125862323,0.007728848764239015,-0.010690090262861633
2021-12-21,0.011895843353826294,0.01028917485870873,0.011401345405607242,0.012415360194418084,0.013817565699678545,0.009147983394077958,0.010232936345587685,0.017602844882687124
2021-12-22,0.012592493256544449,0.010867690692807533,0.012955016168938474,0.0123051625149842,0.013111492207300866,0.009125656888338622,0.005274111493457649,0.009949181236453445
2021-12-23,0.012778189202747136,0.0108147802276057,0.012037436055953763,0.011113202005624554,0.011895405477893755,0.009053272981089168,0.005543699439285641,0.00620276765370801
2021-12-27,0.012844219392108966,0.010594827166267494,0.010722729373836662,0.009820543103741954,0.01061893997063348,0.007507759555726374,0.004673338986019515,0.014053050299469919
2021-12-28,0.013180123154213914,0.010833495940150659,0.011411949863006603,0.009817133327480354,0.010288377149433705,0.007212954252271792,0.004582777601894512,-0.000817602288801361
2021-12-29,0.012046260643843332,0.010505373131798048,0.009919448083341416,0.00860672022524835,0.009206766647210034,0.006844090158616465,0.004509539499742935,0.0012784252943009453
2021-12-30,0.011817304257691199,0.010190149902429923,0.008609801518413764,0.007531625761911177,0.007998783471221814,0.006156552943160179,0.005098519853679309,-0.0027684684946017546
2021-12-31,0.010842905740161508,0.009902962728410583,0.007815584977620355,0.0070448338649825495,0.00782768248183741,0.006252964327708722,0.003660766427777591,-0.0025232906433239723
2022-01-03,0.010464502969400059,0.009621152233101449,0.007164742926928361,0.006628737292578553,0.007628148461150515,0.006451098116331051,0.006609341434577678,0.005773363258765292
2022-01-04,0.010096509627849066,0.00943464251967301,0.006855834474480349,0.006251461796873986,0.007141626822252165,0.007078407605834778,0.007178728672708564,-0.0003351339930651844
2022-01-05,0.009801984608313117,0.009147593650418619,0.006212487622069935,0.005723149203794653,0.006536230293182255,0.006069251607158997,0.010255398873449728,-0.019388717898797297
2022-01-06,0.010669871950864197,0.010060472370775482,0.011738607150589029,0.013680558518243917,0.012810747492476045,0.010873063904730662,0.00951892927603927,-0.000940053814816942
2022-01-07,0.009711169139316729,0.009756707443304516,0.010187817399232506,0.01177223351126647,0.011227428830746494,0.007578625305266439,0.007518558622831575,-0.003961180617352622
2022-01-10,0.009732690361785269,0.00950911125390681,0.009212308428668109,0.010564733849385001,0.01069049422520656,0.007674162659789828,0.015784066980413323,-0.001245263403177021
2022-01-11,0.00961956890861311,0.009224469951461927,0.008148867552013767,0.009238823778514581,0.009616255012825582,0.010552449473399214,0.011923924983903086,0.009067016828771453
2022-01-12,0.00960518884176384,0.009215098631197176,0.008275055161294873,0.008613878351029535,0.009034530029844483,0.01212110409334032,0.007424654404223868,0.0027000164714818683
2022-01-13,0.009395104187124567,0.008958814963626993,0.007360048798285809,0.007601376422975189,0.008019067120832559,0.0074801637916308405,0.011690482522520706,-0.013874314486548862
2022-01-14,0.009789044210157803,0.009327086349319174,0.009974114180968597,0.01137981726813145,0.01121326119606916,0.01056771259752307,0.007441218027324395,0.00040864098339457925
2022-01-18,0.00914907247814745,0.009043499689212982,0.008696150868022808,0.009828022628842276,0.009657729651015495,0.007340945400155036,0.006632621385220264,-0.017868255671568665
2022-01-19,0.009755206723861582,0.009799707499499174,0.012207053988828548,0.01446752810957175,0.013705308615093701,0.008481430859089907,0.010720824773974387,-0.010437768753975639
2022-01-20,0.00974214098923724,0.009839158096345649,0.012003432718468092,0.014221883103213833,0.014267590170272706,0.012212695085828203,0.02349481539398243,-0.011129751348605027
2022-01-21,0.009764794929112744,0.009921329146192944,0.01202972035854078,0.014266384891154706,0.014876046653474846,0.020766304660257903,0.014161087367229626,-0.01982593872212263
2022-01-24,0.009639634597769264,0.010775475696147872,0.014764353913313044,0.017761678701458235,0.017828504575100157,0.013387924723678682,0.03535832069862936,0.004237679561721352
2022-01-25,0.009342324043969409,0.010498652274156283,0.012752452828322863,0.015174631372001842,0.015076330763960926,0.018027665164862504,0.023861290000393276,-0.012283936528883018
2022-01-26,0.009310297865358747,0.010614240594501601,0.012860020880933909,0.01532090861678753,0.015791406880033033,0.0223576464485706,0.026039311215597886,-0.0025120680198117075
2022-01-27,0.008376648860436858,0.010309267982658002,0.01120837251492063,0.013243860313865487,0.013914941405806024,0.027101048791922815,0.019835762823281478,-0.004950121367643512
2022-01-28,0.008331950923733705,0.010068483900331071,0.010157200102545047,0.011907761359170807,0.013029751432810599,0.024711395272144915,0.02212298913793941,0.024532060881209364
2022-01-31,0.010453737078724495,0.011463037408685109,0.014752237663940418,0.013335873410976473,0.013136304460456714,0.03293011106426948,0.013355853072853396,0.017850787812803946
2022-02-01,0.011463420560231282,0.011943039419143034,0.015229158019617455,0.013002248821518278,0.012585217503272012,0.015584109439045082,0.011728192004058507,0.0067341909498307255
2022-02-02,0.011647097160768513,0.01169610955822914,0.013401145564809813,0.011424156267108626,0.01121633493865052,0.012788515374285164,0.008716329031097947,0.009667114379950787
2022-02-03,0.01181120747089013,0.011584395801953426,0.012349233365057069,0.010408357875459932,0.010371613137299349,0.0108826117029642,0.011349913504692978,-0.023785458982071468
2022-02-04,0.012712724824519784,0.01265271575867432,0.016338093254968388,0.017616678970527745,0.01627724643491992,0.012924149489957315,0.016058557800064103,0.00469109503633191
2022-02-07,0.01225643602347672,0.012320962846466627,0.014140256131921018,0.015146486633889398,0.013957779611934366,0.012762689843943619,0.008746909653545624,-0.003214394739788432
2022-02-08,0.012256241194285283,0.011971536991913825,0.012358465567436304,0.01323208404569835,0.012680412104141803,0.011222498938180827,0.010297148767452812,0.00819419696570109
2022-02-09,0.012452013575757561,0.011779105564795559,0.011285374865264552,0.011718100917100597,0.011410682687701162,0.010077403462235762,0.003657365406395024,0.014529899580653597
2022-02-10,0.012939118529753057,0.011962005147199802,0.011910871101157556,0.011273196978016717,0.010942295615315125,0.010074626517187697,0.018926419349361342,-0.018129037974589382
2022-02-11,0.013256917982091538,0.012418692128649567,0.014053499022054557,0.015185326720532643,0.014550529870411005,0.015478976469090426,0.018433271608716294,-0.01991565148794844
2022-02-14,0.01375523932902676,0.012991091939724588,0.015978004202909755,0.018213833636716466,0.017582095289246345,0.015634866042816914,0.011709340239890228,-0.0032745539571450975
2022-02-15,0.01353648110788942,0.012620844813889828,0.013880094117039922,0.015772041437132674,0.015516555495389021,0.013429703080336405,0.004269236196505937,0.01599808509123101
2022-02-16,0.014129372793928925,0.012848537036662519,0.014116044591246171,0.014576298784090835,0.014278959513891845,0.009486401919737264,0.010502051247138305,0.0011203614855537062
2022-02-17,0.013659327729350933,0.012460141344906079,0.012159968939889632,0.012535668707626624,0.012112165588899524,0.010957273444018966,0.01605779630764748,-0.021592969844339564
2022-02-18,0.014247207435792966,0.013187691071482115,0.015419412895110458,0.017503616882924285,0.01649231859241086,0.01212464471579996,0.011920269613148982,-0.0064960295421410885
2022-02-22,0.014127193432334248,0.012884571705640056,0.013764242096481066,0.015627191190874558,0.015416314554934201,0.012112291718361153,0.018087267007452352,-0.010789755692561648
2022-02-23,0.013666522269805114,0.012768578089584738,0.013239901848717645,0.015167929455813784,0.015653605959522664,0.013427071677717691,0.014117046290625558,-0.017897855563491327
2022-02-24,0.014095470276739247,0.013132950364268111,0.014810444675550226,0.017356864713132893,0.017764038738371637,0.012282186646338199,0.019463890574525373,0.014936998856982719
2022-02-25,0.01434961600255305,0.013248122819679787,0.014518991848594518,0.01569255436075298,0.015929926345882448,0.014097199329976213,0.013316734409921517,0.021824060222666447
2022-02-28,0.015154466586991284,0.013912561555182978,0.016258097825306538,0.015401376281297462,0.015093526670102457,0.012049091360810473,0.012019638509679614,-0.002561680205817533
2022-03-01,0.01512061802170038,0.013503315859956868,0.014062919006234948,0.013375457880839135,0.013421141749307617,0.011871903879198398,0.017267618312087833,-0.015347588471617732
2022-03-02,0.01445308452616451,0.013621015937681924,0.014643609619741422,0.015170748113056354,0.015446407868584618,0.011737747130440426,0.01241949653924553,0.018229137841926733
2022-03-03,0.014478374357593384,0.013940525049355485,0.015286708357177372,0.014510583818896354,0.014473791155155378,0.012655286244100592,0.011336787780577924,-0.004991001225384283
2022-03-04,0.01437922273184817,0.013571018750503315,0.013474609862253482,0.012972382172826253,0.013502994806972006,0.012670663000151705,0.010516465327137774,-0.00815773660128412
2022-03-07,0.014190368410207845,0.013308460351155486,0.012488828819374496,0.01244083571016521,0.013515040159794363,0.01252276023688271,0.014238326646070923,-0.029922529339412272
2022-03-08,0.014700421955831544,0.014839463454830847,0.018850070403510378,0.021523041104624628,0.020250455192980327,0.012495186454919167,0.022999442072259776,-0.007610414736688759
2022-03-09,0.01462398385497396,0.014507660040043991,0.016692110866613857,0.01908441398261834,0.018568778009518467,0.0191284019920934,0.012388250723861844,0.026457698995363387
2022-03-10,0.016026707673943562,0.01548691247521581,0.019184664728584436,0.018803449344768453,0.017599244484492814,0.012487196684617044,0.010537866121738224,-0.004525862257350511
2022-03-11,0.015855198319073928,0.015055988718262444,0.016642024770595013,0.016420815384643444,0.01582753527496865,0.01362390585001719,0.01158120728290356,-0.012796345461553135
2022-03-14,0.015481551136778536,0.014930057465986656,0.015848072565760676,0.016318239522010645,0.0164739234596798,0.011150278309912364,0.015861530028850615,-0.007335357459508063
2022-03-15,0.015167397008818456,0.014586317805564557,0.014229854537132379,0.014845338263315695,0.015607534152919132,0.01084008721358929,0.01226402638216001,0.021752093896187093
2022-03-16,0.01563821702445192,0.015112387052664655,0.016083518682489986,0.014871298707676936,0.0149088821210801,0.013592372055223583,0.018562341930995634,0.02193187457804121
2022-03-17,0.016447311027219778,0.0156058199154735,0.01734957090409669,0.014923113428328784,0.01438481063286292,0.012552924707122685,0.008224081455797783,0.01243318081099678
2022-03-18,0.01628754313308994,0.015433863982323878,0.015945215083007235,0.013532978367776222,0.013145754741344768,0.009606632176491445,0.009477189295226314,0.010893414459565104
2022-03-21,0.016475889830220657,0.015199733441565793,0.014571526677035745,0.012255485564351931,0.012039513723580465,0.008195849791325796,0.010772806265999095,-0.00029242233801284214
2022-03-22,0.015723391585102487,0.014736862404949041,0.012560166417688362,0.01063911007544951,0.010513331033201146,0.013796364766722281,0.00625660597479999,0.01163343012098007
2022-03-23,0.01579226873562737,0.014569310502307238,0.01211182469479504,0.010086485189831683,0.010014745519854767,0.010701691843415545,0.007261182165237683,-0.012962162095111893
2022-03-24,0.015885721405761118,0.01447791348132316,0.0125914854476072,0.012114067468224774,0.012201318036253146,0.010766446577690533,0.007614059058100443,0.014961931583513765
2022-03-25,0.015471807813239596,0.01450740996349462,0.012955709610733192,0.011698827270164676,0.011648366879974831,0.01069104181563354,0.007975475667053514,0.004871793062816097
2022-03-28,0.015246384934283605,0.014115987718781246,0.011367478689985399,0.010272420654071851,0.01034358983715695,0.008399146098067274,0.008718928507425446,0.007087917818516394
2022-03-29,0.014653897810164254,0.013795642698341331,0.010344068694869722,0.009271163712027868,0.009483313403557606,0.009758350107787944,0.00845847626563994,0.01229494814131993
2022-03-30,0.014776545242565707,0.013710234024280744,0.010668167989269775,0.009165963836945672,0.009251132861216848,0.0072825805456638035,0.008118559734934139,-0.006194033046851239
2022-03-31,0.014343400374892748,0.013378873222496795,0.009993563019365211,0.009113876804185407,0.00972095418108079,0.008556770822935966,0.009539156677418512,-0.0155109328279521
2022-04-01,0.014468026117973145,0.013516284105219815,0.012008021554790829,0.01270332470672584,0.012796892482723794,0.008133237667781104,0.007889119277015579,0.0028302068813444987
2022-04-04,0.014389792080569147,0.013122848170717717,0.010463665847946467,0.011041547767241896,0.01110999998547594,0.009040442358268085,0.0060957443447042245,0.00852985876901986
2022-04-05,0.014261441362597067,0.01289349079583075,0.009893574916258184,0.010033020745656223,0.010226779392483207,0.007632701709244964,0.012953083917308865,-0.01271164224327855
2022-04-06,0.012696379846262486,0.012882652270371508,0.011032749419076648,0.011980036036612811,0.012278927218604511,0.010811390541734042,0.010098743286848002,-0.010049749379792632
2022-04-07,0.012814742421506193,0.012730467921641696,0.011070657288644472,0.012282329236901111,0.013072407655107497,0.00847281614411363,0.012189553148751269,0.005026324578934362
2022-04-08,0.011699029962029659,0.012403901040401738,0.009855537728553007,0.010776513284575684,0.01150576375159463,0.010663987240229546,0.008625135351087289,-0.0026774132208996714
2022-04-11,0.011650616683080732,0.012043897535773103,0.008826313190920363,0.009626111392701425,0.010637479845217039,0.010855758576716407,0.007909678434586412,-0.0172401033997387
2022-04-12,0.011979160163583613,0.012417141768341466,0.011969846706061523,0.013788939559475785,0.01399025731082332,0.009090804702122207,0.015113013377212004,-0.003712084011398576
2022-04-13,0.011858224246767884,0.012073154483226232,0.010647284648363987,0.012216698000742463,0.012845850299259222,0.009645816053399606,0.007897622207638304,0.01138838795270965
2022-04-14,0.011216030185677555,0.012033167431519444,0.010655180357098006,0.01128246433495802,0.011851360703478508,0.009385802339213581,0.009181633431063966,-0.012529928443487605
2022-04-18,0.010665414128069244,0.012063549964119876,0.011480072755436855,0.012689988741334552,0.013428534168987222,0.010381576461457412,0.007579007184978947,0.00041097216706038837
2022-04-19,0.010302826114556954,0.011696478844504168,0.0099861557710854,0.011004208999248508,0.011488198854043452,0.008506668456074413,0.00955316705139969,0.016013752321567556
2022-04-20,0.0106334770499805,0.011999398990088134,0.011537432743140334,0.01106249430611874,0.011177633968750472,0.008627078214538498,0.006680290993979145,-0.0007417471369574602
2022-04-21,0.010634664485936023,0.011635267632712172,0.010065666984899685,0.009684325722980574,0.009936513408666924,0.00875333999330698,0.016850736922442003,-0.015066435179200425
2022-04-22,0.010773731716722516,0.01186914208577402,0.011901079752614696,0.012802286259536014,0.012801668011589854,0.011036059606739368,0.015833476500050177,-0.027822640378193243
2022-04-25,0.012000546682444607,0.013374225244028556,0.017699713488738486,0.02057673022287061,0.019048834386198633,0.011035336659110828,0.0173545791468314,0.005780797468426086
2022-04-26,0.011511072701585497,0.013043878410487724,0.015379440104238086,0.01773612466752206,0.016266286794299024,0.01336945489186516,0.010056011366204287,-0.02938845728301235
2022-04-27,0.01278853856325306,0.014551806878764542,0.02012190329869705,0.023801457863369048,0.02169357305909929,0.008672056509031828,0.015609141982851491,0.0028078187798030426
2022-04-28,0.012635963655607598,0.014125254305981905,0.017254477135100112,0.020384090295299844,0.01808631322601555,0.010987580026122242,0.02152068230128576,0.024945980074020057
2022-04-29,0.013717819264253334,0.014996318080360428,0.019055916555157912,0.019524743765235886,0.017099601964157066,0.0168608728711646,0.020791883296508638,-0.03765600813495629
2022-05-02,0.01560222086706047,0.017218440101498686,0.02561584497886167,0.02905952071432164,0.025339545563830307,0.01444469555246302,0.021542555644172675,0.0060014047489613375
2022-05-03,0.015591603218118626,0.016758496659748913,0.02200186843213649,0.02488702435802993,0.021144190477724197,0.0168698296872721,0.010803649220880404,0.00457348573672103
2022-05-04,0.01563486322457678,0.01628653996354554,0.018889550175771822,0.02132334302597797,0.01780478157862552,0.01187893549928252,0.02355056884472567,0.029998536323809284
2022-05-05,0.017126258130759086,0.01741640123100551,0.02187740136811973,0.02111591926155915,0.017362513718229965,0.01791658120093686,0.024580404275004734,-0.036189967280859686
2022-05-06,0.018504011135904955,0.019071287157305085,0.026536647760607192,0.02904417364275409,0.024859964979877226,0.01852952184422969,0.018273094423763542,-0.005986611399653195
2022-05-09,0.018459892573735884,0.01854835640074974,0.022902549317032613,0.025135515737832712,0.021781133413379967,0.013757265946712794,0.016103389228161912,-0.03254117270498984
2022-05-10,0.01934967451558973,0.019670656036849365,0.025904183047213526,0.029680592878393683,0.026433771102033102,0.012722690585097009,0.021097094463725777,0.002307833107076207
2022-05-11,0.019419026007775512,0.019079784904548664,0.022106763343403578,0.025345671966323154,0.021696964565247712,0.017608511074047366,0.023112029921697624,-0.01601347167478413
2022-05-12,0.019383631093741978,0.01890983281227942,0.0207551796842426,0.023981219868687495,0.021760767469433628,0.01806090560098596,0.02186380004883698,-0.0010445423371099162
2022-05-13,0.019403981756330905,0.018335548382600906,0.017777259634894137,0.02053641414501839,0.018330160607991915,0.017533804034781685,0.01274315478814897,0.023626410400914025
2022-05-16,0.02010068969851393,0.018695272946047132,0.019091138945492723,0.019455241935788684,0.017199496490648246,0.01492995490363003,0.013138815300654326,-0.00406578921059747
2022-05-17,0.020020349048098234,0.018153078945729022,0.016542961979141655,0.01693552250188779,0.01545226355803133,0.014764558322457488,0.011785758950232966,0.02036176234156918
2022-05-18,0.02071577597029079,0.018293121675552013,0.017280057899910363,0.016205897164228968,0.01468735817669919,0.013555695341801571,0.017560208160475932,-0.041146676466552956
2022-05-19,0.02177416013377427,0.020399581898974027,0.025988074970488707,0.029311900577269703,0.025516904291581065,0.013560185557754087,0.01479620348318064,-0.0061436354734767246
2022-05-20,0.021740072322247308,0.019835297339934926,0.022457016163770948,0.025375340497076335,0.02231583783426487,0.012384381980751188,0.034420898032449083,0.0004366322789463703
2022-05-23,0.021691283139299637,0.019231331680219985,0.019185936222545785,0.021690365572002785,0.018446804493716627,0.018402106169297962,0.013459350216756176,0.018537206457715314
2022-05-24,0.021673370269423793,0.01919039219240484,0.018690434911358526,0.019663046331489343,0.01685194019370848,0.01477208310353247,0.01714003431956538,-0.007663171500378684
2022-05-25,0.021587902489481572,0.018700222864850215,0.01659404129521183,0.01762244398597837,0.016022196591124856,0.015054073367561508,0.012759849708876824,0.008796228681087004
2022-05-26,0.020942027251926097,0.018258117466594455,0.014790888515394144,0.015419721301151905,0.014149262419034024,0.01478988375320892,0.012917925106671037,0.019784328096856065
2022-05-27,0.021465843387950077,0.018353269477484568,0.01591659238776477,0.014973244705257096,0.013620901384098959,0.014718081307588015,0.0083448738750197,0.02425265627329231
2022-05-31,0.02142381258399805,0.018759622348571002,0.01807403180160495,0.015469411142043072,0.013616726721815362,0.010206681380812667,0.012817871295596712,-0.005626706548952305
2022-06-01,0.019792995170110742,0.018240274515933845,0.015938662215554032,0.014142852397142032,0.013311517323267196,0.015132872973265297,0.015907859396182233,-0.008121503127506681
2022-06-02,0.01982262582631517,0.017796142456572833,0.014533896314210195,0.013418860050341219,0.013429955954062635,0.014017356561554973,0.015452520053846413,0.0188644186228599
2022-06-03,0.020248589090052695,0.017862040828339473,0.015405361040991751,0.01328777511167739,0.012991467361069944,0.014006380736564373,0.008481294267393436,-0.016547721167324704
2022-06-06,0.01934113868864807,0.017785920750693844,0.01590877715244231,0.01541250018402326,0.015355146918565144,0.010183234500547126,0.01091381112336879,0.003040272131361922
2022-06-07,0.017709730300946146,0.017260163197691046,0.01384385907016232,0.013506282103957936,0.01333385039286883,0.013560568246797588,0.01081598643065744,0.009546428461199666
2022-06-08,0.0177816410896616,0.01689693751471434,0.012773710190620182,0.012226934619733867,0.012179905562919242,0.013425537037548901,0.009785171032411697,-0.010931723367423988
2022-06-09,0.016340404110093507,0.01659958620208661,0.012589841255267362,0.012721462443708793,0.013229293223182871,0.008728782557960465,0.015431395019297451,-0.024070164125992614
2022-06-10,0.017265725844542355,0.017139890735322884,0.016503818421999213,0.01829328720143822,0.01776506628564003,0.01168955531678107,0.008519275634266127,-0.02942443811403586
2022-06-13,0.01812512970418308,0.01811345236704705,0.020689735845083088,0.02376365521476548,0.022520275216902585,0.011709099490936847,0.016126856212708252,-0.038707769266278245
2022-06-14,0.019966238446243643,0.01995767549962599,0.02645942396667632,0.030952991424744076,0.028546399501646964,0.012394046444060475,0.015176949440525597,-0.003017928500090742
2022-06-15,0.01907275988560598,0.01936380014907634,0.022888960927710013,0.02694810517222225,0.02436994583161116,0.013344735459233665,0.025522376577541386,0.014155887912316638
2022-06-16,0.019452679276919516,0.01909143003013999,0.020793236238667592,0.023846668359640256,0.021330832599810726,0.019210562302703543,0.013425595448851173,-0.033656132805412194
2022-06-17,0.019838647965542255,0.020262720821373415,0.024748917329351822,0.028869530759632108,0.026241358465547066,0.013760320585905282,0.016282031994314983,0.0021533854672229503
2022-06-21,0.018079889916942607,0.019652516579767878,0.021351094405273437,0.02506905281421851,0.021942862560238075,0.014174082440032952,0.008395450741986547,0.024861958071243462
2022-06-22,0.019055502252569495,0.02000337823946606,0.021870074755898063,0.023270755467602898,0.020227155167991576,0.011510633220150297,0.017362721999119524,-0.0018145392162078231
2022-06-23,0.01904987711037496,0.019399087238468338,0.018932948548161795,0.02028778504667127,0.017569517656654935,0.013749920744704752,0.012776470882830683,0.009754700194436427
2022-06-24,0.01867624405243041,0.018959281660905908,0.016940824081123126,0.017933636791044344,0.015610902190875324,0.01352550053366908,0.009051397123762923,0.03129900858543663
2022-06-27,0.019986628212474312,0.019916444856891088,0.020935360841454944,0.018760676843328553,0.01575779397139399,0.010385350778551867,0.006945282268065518,-0.003826981442409182
2022-06-28,0.019890308235949283,0.019332450346786385,0.018238480502136153,0.01656426440756659,0.014417792558629947,0.009293314982186801,0.020061171182618718,-0.020644565551979376
2022-06-29,0.019748418302428128,0.01941367825622187,0.019028806790247463,0.01910237758250967,0.01756822693508654,0.015135131736405072,0.008194441786223937,-0.0008147412056674783
2022-06-30,0.01876563506161473,0.018823317386259746,0.0164835155012713,0.016670962908210865,0.015239181341345831,0.009210066390204568,0.01767493067458951,-0.008157572974578605
2022-07-01,0.018784872867523162,0.018358948787677656,0.015224614133958153,0.015620900734518323,0.015168481979457032,0.012603991136859337,0.01477836896757891,0.01052122510420139
2022-07-05,0.019024215006043035,0.017985263723806034,0.014102792144297613,0.014074410487903706,0.01374110748360595,0.013687510705082182,0.01611336364656606,0.0018865542969263155
2022-07-06,0.018389361929037708,0.01744348227186525,0.012383021827649922,0.012393163341554794,0.011971157998957782,0.012835213145275227,0.01336990655718476,0.0033716725187634172
2022-07-07,0.01822378058756334,0.016932237296859845,0.010966677151215583,0.010979179001134869,0.010620336068072776,0.012939134771920288,0.012002796397189002,0.01486621332920771
2022-07-08,0.018600863412411142,0.01681543571274655,0.011770875515202084,0.010741158130958932,0.010351980227452014,0.013193954484529766,0.01027808940990826,-0.0008227950098036364
2022-07-11,0.018401455476996183,0.016304415506685016,0.010418149194744425,0.009571725341353058,0.009393474347332393,0.01074835840637128,0.006555297757966855,-0.011489237477596921
2022-07-12,0.01841386759267387,0.01605627857826184,0.010991468910966902,0.011117734766635912,0.011248117616468815,0.009429050134366502,0.014537756777444812,-0.008888425081419139
2022-07-13,0.01783534390666463,0.01571865397867976,0.010803895976370182,0.011330626308547557,0.012010608908316069,0.011471300949946693,0.014144271900138327,-0.005265789526738573
2022-07-14,0.01674436575555793,0.015294287505071027,0.010014682259122618,0.010617575354244947,0.011749315553088143,0.01254898941937104,0.015576922268666976,-0.0024313883873969947
2022-07-15,0.014380825395153991,0.01484031722841286,0.009038954914238157,0.0095986076082031,0.01089634433272247,0.013462562250439103,0.008920102581956236,0.01892493550810102
2022-07-18,0.014894827623211893,0.01511655071610845,0.011803015312686509,0.010358859952441799,0.01089409386582919,0.010723327802203121,0.013444722252693563,-0.008291248058501576
2022-07-19,0.0147548802968003,0.01479608687733262,0.011313839863810782,0.010595301078432897,0.011577076393687848,0.014694514611065704,0.010907346265175748,0.026660777862040824
2022-07-20,0.013588005452250588,0.015761870455032464,0.015865276276368013,0.012544821335925181,0.012068550897419525,0.013327670141305195,0.010130451354112972,0.006352807788484091
2022-07-21,0.01359930488413751,0.015360724482738345,0.014125033300484717,0.011223313763385501,0.010911451898062691,0.009413135845052207,0.012468077447030197,0.010131679048703822
2022-07-22,0.012805694640775326,0.015098138973306544,0.013151753294464847,0.01039488170851288,0.010233698454956983,0.011090405063540901,0.013817338389807652,-0.009321430009127737
2022-07-25,0.013046975115872777,0.014815192063376881,0.012565956748704796,0.010933059045682003,0.011315007334068952,0.014370727258923376,0.006818046709101921,0.0012142657104316766
2022-07-26,0.012944284949762836,0.014366940780666998,0.011061936114762744,0.009698532507482325,0.009928096929090307,0.009221115330728414,0.006729414012456186,-0.011901740947132417
2022-07-27,0.01142479644204729,0.014231076361464715,0.011558397010227404,0.011355991142094866,0.011775592860134118,0.009038195832509996,0.013663285001809446,0.02563501630145759
2022-07-28,0.012660714674249405,0.015159200704128474,0.015621657663567125,0.012832738308060407,0.012143931461900697,0.009462927318559761,0.016099737302452247,0.012464509776653164
2022-07-29,0.01179702908704538,0.015011166652432555,0.01474785254375165,0.011932593739566203,0.011418508940625008,0.012526672341996272,0.009912798039081112,0.014473648724575908
2022-08-01,0.012014500483169523,0.014979459511451743,0.014460917429008869,0.011435516346083646,0.010975780365666819,0.008737804709250797,0.009662610101713109,-0.0029656642128097982
2022-08-02,0.01180763605310459,0.014541281397225528,0.012802720635866753,0.01033123519974892,0.010376438808557775,0.008988494809408344,0.012321179600319103,-0.006619357446098923
2022-08-03,0.011929997386605605,0.014191225682542465,0.011830019537476547,0.010138198034386313,0.01075756115611854,0.01370086721101685,0.00871222284971928,0.015538055521792027
2022-08-04,0.012221096835546612,0.014275619193379292,0.012560572985594647,0.010189803619927565,0.010509540797697838,0.009848861085249102,0.005283321759438852,-0.0006757757523475647
2022-08-05,0.012261486643538228,0.013841716133672301,0.011070976814737638,0.009080264350641498,0.009488691667904368,0.008688121049939415,0.006177279560272951,-0.0016914788608408404
2022-08-08,0.012037513795404462,0.013426436058681192,0.009862121734113247,0.008229563470778663,0.008866689062983801,0.008753337721678236,0.010839709049077016,-0.0011615892354823452
2022-08-09,0.012042987263944262,0.013020521936416472,0.008817096349272378,0.007475373766424414,0.008231605198730898,0.01094073493063122,0.004845804507883991,-0.003978870696467612
2022-08-10,0.011701286122612405,0.01266143106951394,0.00823370795575927,0.0073104693315407055,0.00835948883583005,0.007223563291935574,0.006423878942829548,0.0207863090993676
2022-08-11,0.011951533095808332,0.01328974662222109,0.012069074078046652,0.009258579937621,0.008981597912324434,0.007975746577879833,0.009983001366704951,0.0
2022-08-12,0.011786958682714807,0.012884887402141575,0.01063470530512634,0.00826852457390853,0.008073325783256015,0.008845800413720725,0.00835602241366173,0.016787304054991604
2022-08-15,0.011933508575349578,0.013151726829964152,0.01210324899655768,0.009054313278356447,0.008411954118421456,0.00887084689528336,0.005856380849583948,0.004112277536427529
2022-08-16,0.011552276258892371,0.012790797202895346,0.010759109446704124,0.008162335303648717,0.007708900479356569,0.0078011674580607355,0.008722776808426484,0.0019567798087730516
2022-08-17,0.0111673996148453,0.012410397364051683,0.00952489680311834,0.007351108369784201,0.006962847186157452,0.008355471210548212,0.00951979214869581,-0.007123106176219762
2022-08-18,0.010389472669284649,0.012158174347553308,0.009330004020719934,0.008117645259192136,0.008147274611610786,0.00975468034447807,0.005760320246107822,0.002902118928790597
2022-08-19,0.010377692315292016,0.011809202721360311,0.008359694062317888,0.0073372838521311235,0.007399376744909687,0.007980820703253911,0.006207855667736273,-0.0135291941343732
2022-08-22,0.010929778386154056,0.011919403442071513,0.010252573264262422,0.010750656163028206,0.010452032665450502,0.008082463918520745,0.007122817614527718,-0.021042222337173008
2022-08-23,0.011836518207695428,0.012653630110098669,0.013971933662819378,0.01604305078466777,0.015055482255474534,0.007101804013878757,0.007231558120568277,-0.0024222316944432928
2022-08-24,0.011877445190791716,0.012282488593452788,0.012354369007474154,0.01416000541369816,0.013583576854085686,0.006708180831484857,0.006917174635392464,0.003196074165927472
2022-08-25,0.011444313747815859,0.011934020608740648,0.010918648018902221,0.012452770413212626,0.011915232907316104,0.007522731839949885,0.007901894931913636,0.014018730086063238
2022-08-26,0.0105239153799332,0.012069261974537192,0.011512172066088133,0.011776136631890975,0.011337753731713791,0.006437210679303931,0.015909909725468848,-0.034435120264196185
2022-08-29,0.01292641420650666,0.01442476030961999,0.019858818563483722,0.023321593885356092,0.02075487377535157,0.010941315279412545,0.00947484991561319,-0.006634254863873479
2022-08-30,0.012552665606192942,0.014079420714167136,0.01767409705942032,0.02076457556477105,0.019063483577266546,0.008171676856345452,0.013258116450931305,-0.011038347174279883
2022-08-31,0.012735121502938622,0.013915710146741467,0.01668813114986927,0.019648831498056688,0.018956530549358926,0.011169913391058679,0.009506247982143055,-0.007638181164741339
2022-09-01,0.012757604983097574,0.013620891242688952,0.015217843138987455,0.01790100465086427,0.01788389107892763,0.008117767448939269,0.012584846795216596,0.003132785282761832
2022-09-02,0.012203057578709313,0.013228220521601698,0.013400921533212491,0.01570013990270977,0.015389517032605575,0.013012760220465701,0.01823459298393816,-0.010600339674981113
2022-09-06,0.01233586647818849,0.01308543851582879,0.013068129322726791,0.015349563452210859,0.01576466214173152,0.015693182103120044,0.011213936077901618,-0.0037803091630524777
2022-09-07,0.012336675526481919,0.012720551219366988,0.01174586621260701,0.013743271715716496,0.014452679431519632,0.014237046112484903,0.011209625034432446,0.01780545317238553
2022-09-08,0.013123395975113684,0.01308150326550842,0.013162895808898347,0.013327690454947012,0.013733508626236719,0.01348440265453225,0.010652251758136186,0.006515028042035592
2022-09-09,0.013235073209266942,0.012782993368053025,0.011892612373442938,0.011890798061329944,0.012273223615176425,0.015123556834208475,0.0076311375349992225,0.015415744971641126
2022-09-12,0.01283300186050753,0.012956054023608696,0.012591328912041488,0.011555974732611935,0.0117764808079365,0.00950775893901593,0.005327564021467454,0.010690545517380133
2022-09-13,0.013106397716395296,0.012831408399644119,0.012042496113912513,0.01072809575877388,0.01099445869924284,0.009071964329701972,0.01691040831567461,-0.04445629802005138
2022-09-14,0.01553200311177947,0.016533241819020484,0.024399039012755946,0.028615715868121457,0.026073453446903844,0.009897153707931736,0.010666210035689327,0.0038086292271260576
2022-09-15,0.015524261517851764,0.01605669764736256,0.02134286601718855,0.024981820073221795,0.021974982614243525,0.009972811459056635,0.014181101897103632,-0.01141848347139582
2022-09-16,0.01554353755742017,0.01581680729052743,0.019598868100844,0.02298307502687485,0.021144762036727598,0.011639541918981455,0.008496211850188852,-0.007657923273989646
2022-09-19,0.01554831297237174,0.01544926330366466,0.017651258457142133,0.02069151548567526,0.019623752236681842,0.010229835744463657,0.006789981930925943,0.007725005303278417
2022-09-20,0.015699964752048327,0.015097665211698884,0.015795385777803282,0.01823841790646264,0.017123307905664277,0.008893373781084636,0.0104424828477799,-0.011545013939996077
2022-09-21,0.015648145285826413,0.01490839917517479,0.015132557377558612,0.017571400879395148,0.01736502332040277,0.009099518307120988,0.019660402105001987,-0.0175977867900487
2022-09-22,0.015481074099210979,0.015083291086591547,0.016047154601038484,0.01888749174363718,0.019112471990574156,0.013337629653395603,0.00966455930160085,-0.008435285856364706
2022-09-23,0.015503328159634414,0.014769041020032278,0.014801336449268048,0.01741329511310733,0.018191853080846115,0.009667620503373275,0.01568290161229516,-0.01689680859440411
2022-09-26,0.015628972533591575,0.014905275131069136,0.01562170894195165,0.01853541524015723,0.019558888240167084,0.01446201324127444,0.015643660585470787,-0.009941951462741776
2022-09-27,0.015003934780504968,0.014654956058008047,0.01469918875813877,0.017432870858179093,0.018897301948256257,0.013297765330232471,0.0194775012658019,-0.002555990338207468
2022-09-28,0.013584213972241502,0.014222294401219464,0.013031846203843862,0.015400296865137062,0.016704556741072837,0.013447633531859057,0.01812269913040505,0.019485213058183685
2022-09-29,0.01458636938848318,0.014591697989892394,0.014531055188784857,0.014853811461306578,0.01567735664405189,0.013239440619235735,0.01483480831272545,-0.021110183969818654
2022-09-30,0.014997406601765347,0.015062568945864158,0.016754891795595174,0.018393332394214538,0.018898078521404883,0.014100217595547762,0.018010531417937677,-0.015584197497542697
2022-10-03,0.015186455194027827,0.01509437501033155,0.016763903822392907,0.018786395420415426,0.01976428938426812,0.01280948491760181,0.018121123007482653,0.026058658847243527
2022-10-04,0.016535681955627622,0.01596599416229355,0.019061043692624662,0.018549665583787935,0.01874856418296434,0.0124016149833387,0.022978185788695937,0.030516218187479148
2022-10-05,0.018023619395331886,0.017189897200475583,0.021970362350429963,0.019079216251918395,0.01828540769623832,0.01626613444356193,0.0173290522335879,-0.0023307687087076403
2022-10-06,0.018017503922627097,0.016675999543762064,0.01929955050293239,0.0169095248518613,0.016272651814947893,0.01351207747879551,0.01243399852506237,-0.010369430336545783
2022-10-07,0.017550992451312895,0.016366280220832342,0.017791071108093106,0.01625928411020664,0.016424786088789868,0.012616307670161626,0.024959946211631924,-0.028290480491926565
2022-10-10,0.01825256265529565,0.017314875043113773,0.021089999832744413,0.022155830258387414,0.021363818611977427,0.01860598126289687,0.012722100429685204,-0.007664468274147019
2022-10-11,0.01767929867537782,0.01689204689576281,0.018940009810019708,0.020100424793991278,0.01989921917380436,0.015246774249838887,0.01680986325264303,-0.006353106171116328
2022-10-12,0.017280844966611805,0.016451215484280166,0.01698330046937946,0.018177950159008274,0.018435896867496696,0.01386197879770996,0.007439060365491054,-0.0033038605188142937
2022-10-13,0.01492322494938876,0.01597056264241411,0.01505637589558697,0.01620052229341217,0.01659901223686893,0.012611543364025923,0.02915154997609339,0.026048855448445533
2022-10-14,0.01626729823276361,0.01674717621149301,0.017942852717658973,0.016568663486493135,0.016199059599501818,0.016431926803201245,0.020903707757554377,-0.02305247173706853
2022-10-17,0.016745410772543202,0.017190835453420237,0.019581891814156507,0.020128471865557888,0.01965914959544371,0.014459742650544205,0.02374755031810794,0.025372289412577454
2022-10-18,0.017891303836715087,0.017788156688468632,0.020812824348827787,0.01950613162045108,0.01861065883419042,0.01746525242494036,0.015836636719099774,0.011681057488246611
2022-10-19,0.01802328192109526,0.017481997412015712,0.01894175940683236,0.017564845536509454,0.01672563439968294,0.016143706814299757,0.014093925349517783,-0.0071116568663077365
2022-10-20,0.017933897283925918,0.017038707677108224,0.017065688903740432,0.01615174585398903,0.016039298634495113,0.01753491349091987,0.017315193476706268,-0.008420671224881316
2022-10-21,0.01764358841824402,0.016647911820412867,0.015662828211795078,0.01522440273052619,0.015782246061255188,0.014518195889136179,0.017636610536628787,0.024010889796625457
2022-10-24,0.01841310119628358,0.017178916136676655,0.017697389240754396,0.01549772073270378,0.015375752965486272,0.014817057455824121,0.01413811470229337,0.012162097128427515
2022-10-25,0.018169386342301336,0.01691990680963668,0.016435646641389686,0.014208669557249224,0.014124024744045087,0.017310423781137348,0.008170587755272506,0.015842578468869196
2022-10-26,0.01823622650030806,0.016857208820339118,0.016117597080526652,0.013531235936638459,0.01338106402155847,0.01304060080911422,0.013375398459268393,-0.007562710743422743
2022-10-27,0.0183397208592297,0.016448320141798332,0.014758401842988045,0.01292132608381687,0.01343076539766897,0.014756149820949053,0.010762036142641783,-0.005354301399363012
2022-10-28,0.017978961375846623,0.016001078525098758,0.013349254914327148,0.011993519087513407,0.012962267623826216,0.011848478564467484,0.01217805610264339,0.02351221434121878
2022-10-31,0.017846850057555267,0.016548168977927404,0.016047483512749552,0.013231658338931925,0.013154839009201866,0.01338303852165266,0.006696916497376307,-0.007249748224519696
2022-11-01,0.01749453546592473,0.016142023221698453,0.014694044399611295,0.012610665699722322,0.01317098175932293,0.012629443110364773,0.010912485146245219,-0.004385358639133375
2022-11-02,0.016798486320626048,0.01568709345583465,0.01323210669518207,0.011592055966985416,0.012537342811209488,0.010636742111275214,0.024566955965803435,-0.025416474872931378
2022-11-03,0.01652822591772343,0.016434099875701925,0.017242812705567327,0.018171899390227713,0.01771124518687027,0.015495691664194497,0.012006156514761446,-0.010350305184250324
2022-11-04,0.01666731658440372,0.016133895668607144,0.016134758220883626,0.01726654683464988,0.017570201683782018,0.013754560926321845,0.019545416614779033,0.014290681600461824
2022-11-07,0.016825435414679474,0.016029280985593742,0.015578353703153358,0.015935163892584977,0.016109830476674917,0.014492378174128588,0.010149879404265472,0.009520043149993095
2022-11-08,0.015578576605410187,0.0157149435657553,0.01433174681110796,0.014414897100930937,0.01455401786180311,0.013242292523061508,0.01595043688106437,0.0053810107161709276
2022-11-09,0.015424864185323246,0.015293109584974346,0.01283265574865713,0.012880164368297656,0.012964629566889374,0.013653566894059268,0.012131936979484096,-0.02081728533192417
2022-11-10,0.016160442654093367,0.01567954115549294,0.015442476959551215,0.016818809665934596,0.016580587257372208,0.015313090144386018,0.0156334701529895,0.05349714019262158
2022-11-11,0.019593693808113474,0.02007022099338544,0.02857255711804114,0.023131790318350984,0.018640877410828562,0.015005891339266367,0.010709983218631355,0.009632028978770312
2022-11-14,0.019024333042567853,0.019601313818588845,0.025395629650813833,0.020617838401708742,0.016630585957530544,0.013294335678716086,0.010762202085719326,-0.008543145242522691
2022-11-15,0.01823779374355044,0.019119046342535084,0.022753489959567278,0.0189570114727551,0.01628763758084044,0.013000276673066684,0.015491356575387734,0.008492907862868118
2022-11-16,0.017645693224748463,0.018652973653097617,0.020301454363285364,0.016949524932826324,0.014622584719459557,0.014931502904935199,0.005740863509929591,-0.007657896428512337
2022-11-17,0.01772613674673048,0.018181749728767967,0.01832617370525491,0.015743326119392217,0.014459228992763277,0.012131267389690456,0.007321999483132996,-0.003064582571750325
2022-11-18,0.017632200873418297,0.01764383636820307,0.01624832012689019,0.014110655218448682,0.013311562205692372,0.011609953833580055,0.009468846688394473,0.00453017278454745
2022-11-21,0.017430202294927463,0.01714228724552593,0.014422306234997913,0.012585234235665098,0.011874028054048035,0.009666798469693807,0.006626083384187024,-0.003642642925403181
2022-11-22,0.016864906189041174,0.016643997781078713,0.01293514198369617,0.011470698923193433,0.011303563034489855,0.009392378195548832,0.008310100123460052,0.013367157130259955
2022-11-23,0.01690138268360597,0.016465787433131263,0.012887127417392143,0.011072578083094906,0.010892006032334336,0.006536758837182628,0.0053494327998795934,0.0062818988982156565
2022-11-25,0.01665299638144349,0.01603815954751429,0.01168612086106564,0.010057753452249145,0.009993488050862913,0.007474949590644314,0.00266698454486084,-0.00022381159989084113
2022-11-28,0.01651614509255494,0.015549669239863822,0.01039259734492026,0.009023943850524858,0.009001801552115427,0.006369190011617034,0.010316446709575463,-0.01608554782605144
2022-11-29,0.016931027729155515,0.015582341659483289,0.01236399593358004,0.012582897362978556,0.012275920122770304,0.010867224200555805,0.008229098095271146,-0.0017190249264289617
2022-11-30,0.016204468957633382,0.015113507604098969,0.011048912755559158,0.011318386394215264,0.01124695015412504,0.00698834123700529,0.019298404279712085,0.031014470892312865
2022-12-01,0.017368936669910066,0.01650535881636674,0.017482252344364662,0.014246990311894246,0.012315038020826197,0.010745675339891831,0.01036318337493078,-0.0007361571541766219
2022-12-02,0.017313972789473834,0.016003555015025036,0.015407065821557627,0.012663119853246559,0.01104860292665041,0.011949083853201738,0.008141498024403542,-0.001154254230024262
2022-12-05,0.016107968971447638,0.015518598032729914,0.013623509326682728,0.01130995729020624,0.010080493656631195,0.009381854582872922,0.011468610797165183,-0.018153028206079717
2022-12-06,0.016537507133955968,0.015689143309639483,0.015161941433600883,0.014853359472986397,0.013723527053206943,0.009637834176409569,0.01411737019937785,-0.014519795177282944
2022-12-07,0.016793569718897394,0.015621451015907452,0.015314681593985087,0.01583384930953451,0.0154340933495891,0.015739227309597294,0.0076940176834911075,-0.0017025706063341893
2022-12-08,0.016726137934225678,0.015151299374377942,0.013566284854221854,0.01408606270859398,0.013830667585194018,0.00890715881949393,0.008311720808920512,0.007803301590915889
2022-12-09,0.016761632061003732,0.014813563086281144,0.012433197722721145,0.012718400779940086,0.012552296235780717,0.009034674109384477,0.008831400280662888,-0.007498155253313293
2022-12-12,0.016104402703212145,0.014479243494213529,0.01174536034333768,0.012258192620484195,0.012747631722515735,0.00919557293656054,0.007414869892588988,0.014314245210952353
2022-12-13,0.011496001046640912,0.01446939665612902,0.012239307795636095,0.011808667980911031,0.01215127756425453,0.008708857282651541,0.018059820301629455,0.007541484060888399
2022-12-14,0.011421882801599493,0.01414970219217676,0.011296295259664373,0.01076311845050561,0.01114102540090816,0.011650619966756308,0.018523290307313183,-0.006414256044089364
2022-12-15,0.011347636045192237,0.01380832316523634,0.010646552608384586,0.010453954119951352,0.011337084093857384,0.011551576919688496,0.012904637478074188,-0.024765795766558664
2022-12-16,0.012445973171151842,0.014697968557406838,0.015604663152122807,0.01744785163847938,0.01675640210479973,0.012623439555675544,0.011373647594922286,-0.011876394696273492
2022-12-19,0.012590808936692292,0.014544118673558369,0.015085184711264923,0.01705255460319117,0.01717991509309975,0.01350442534452923,0.01006729329188859,-0.008515810939583058
2022-12-20,0.012685460810761207,0.014254495672195479,0.014069789805821391,0.015992648879795724,0.016739049987638283,0.012811455959635272,0.009192975314368494,0.0013675195200357738
2022-12-21,0.012628548129609085,0.013824305213455828,0.012428087204510713,0.014159189039604718,0.01448453384738872,0.00868946997943912,0.008427718700589053,0.014841691349790765
2022-12-22,0.013119668968632777,0.013887450373774242,0.012873916030989897,0.013409342573224497,0.01362121791015684,0.009211411347097086,0.0244605133379895,-0.014368818905218806
2022-12-23,0.013017679252182718,0.013916802025424455,0.013581035347970729,0.01475412808904052,0.015314424795925643,0.013214623097808654,0.008989698834646186,0.005735830173486277
2022-12-27,0.013000586307681628,0.013565792301399548,0.012220452414398732,0.013185535066626418,0.01362503406181956,0.009319464718406776,0.007111356907629714,-0.003951401343619279
2022-12-28,0.012998443247614785,0.013188089015226199,0.011086675532987898,0.012016008871705343,0.0128212349339233,0.009045084245799804,0.012243403302344483,-0.012505736116064963
2022-12-29,0.012831369692267369,0.01314814650471302,0.011801001029840186,0.01314195588026636,0.014200354416768477,0.011743497286331237,0.008810621370445144,0.017840245733662215
2022-12-30,0.013554146265274639,0.013475822542207973,0.013265259802912481,0.01303319753507972,0.01367254819234307,0.009295223020013364,0.008347632468084737,-0.0026375179324144545
2023-01-03,0.011364532815460921,0.013081258182925838,0.011901378040692807,0.011762972693091501,0.012597919754654088,0.008726644183998199,0.01734229233379421,-0.004218819478294156
2023-01-04,0.011357913425008446,0.012724781451046158,0.010881086174576882,0.010876830069393925,0.012054339115955192,0.011793958526299532,0.012647105753674278,0.007690610660292709
2023-01-05,0.011591084025831963,0.012480127753271099,0.010219343255835399,0.009999331279768257,0.01107386587329573,0.01144296565964153,0.0049865626432557,-0.011478869274741248
2023-01-06,0.011228302028352845,0.012422328276264695,0.010906895617683847,0.011396469968613479,0.012567872335877838,0.008072048107582249,0.018484697181924543,0.022673018480317043
2023-01-09,0.012096439717823471,0.013262704529454623,0.014189669938990408,0.012475753346378094,0.012644242817105465,0.01278998309919948,0.011868375232334812,-0.0005671485283574931
2023-01-10,0.01209324935459419,0.012859419543535871,0.012598857091668305,0.011143732230958991,0.011308045712091994,0.013183381620733372,0.006941398530963112,0.006988182127341531
2023-01-11,0.012066787426360718,0.012584628405462185,0.011553085052255083,0.01017528491690417,0.010400242510256532,0.011028854914704104,0.006463079987850266,0.012568624663412149
2023-01-12,0.012274893895140814,0.012583668754903542,0.011673015812118395,0.009921879850052138,0.010060825455240268,0.010086355267456732,0.012679074240291967,0.00363419333800809
2023-01-13,0.011888598291800109,0.012232752668399247,0.01046957652891085,0.00895893535503724,0.009111339369163394,0.010836392070236981,0.008017641304838074,0.003872142495292424
2023-01-17,0.011798532246077601,0.011897959187427318,0.009454552933059164,0.008144449357743005,0.008327962394414605,0.010777284312277811,0.006445254908716478,-0.0018335127858764093
2023-01-18,0.011719878007254665,0.011544238953014757,0.008589908646899593,0.007521991180283242,0.007959334121712286,0.009687153611339218,0.012246910118990106,-0.01591402758513131
2023-01-19,0.01091530197932359,0.011851947614753632,0.011179866624128279,0.011779642194872484,0.011533873387337096,0.010353082848782696,0.008002881984395051,-0.007306431417574939
2023-01-20,0.010700818191871667,0.011629427283003924,0.010727161883374107,0.01148427593804416,0.011890857252755486,0.010053027120273747,0.012103461893116573,0.01845752374627749
2023-01-23,0.011153300329627774,0.012147830059953067,0.012684492170956574,0.011797571324846254,0.011754051590935401,0.010624155953291184,0.012458386339239796,0.011927289973397754
2023-01-24,0.011361959148819782,0.012134710685555723,0.01241376434584028,0.011156570309673854,0.011138356209268285,0.012105692768299028,0.006857527636027433,-0.0010739200278065105
2023-01-25,0.01101970881321372,0.011767978988355614,0.01108017445226293,0.010026912319661775,0.01015767798023976,0.011510960416897026,0.01250833919710328,0.0003746673538967919
2023-01-26,0.010397391255001089,0.011409848037538495,0.00988682774659784,0.008999466071622095,0.009031503740980355,0.012304260387565156,0.00961284967468397,0.01093050699462669
2023-01-27,0.010541663933278645,0.01138165687828063,0.010037674524689535,0.008779476794810268,0.008789961531881349,0.01067004904994473,0.008905835674593042,0.00229491812560121
2023-01-30,0.010433912327982053,0.011049234609212113,0.009004493382094744,0.007940716683934283,0.00794207487650464,0.010592437097539927,0.009119148273774908,-0.01262613792731978
2023-01-31,0.010442852696858157,0.011150139544419535,0.010381904367502392,0.010535891574935926,0.010465801689597794,0.009043758469893073,0.006818169485017116,0.014596243779882587
2023-02-01,0.010233201825562168,0.011386355654788422,0.011306755093263104,0.010471064522335522,0.010268926602633559,0.010052220863474706,0.020665617689394507,0.010571754215758228
2023-02-02,0.010289454138500385,0.01133912997647511,0.011063705842861295,0.009926693763389966,0.009792139618827649,0.012256486413352396,0.01026766001728077,0.01445206801788799
2023-02-03,0.010403540460521969,0.011549591018976055,0.011758851232551912,0.009979531394383736,0.009688315436959775,0.010426846982508982,0.01166469623882793,-0.010685894319288803
2023-02-06,0.01086635534644772,0.011499598679408604,0.0118549232284849,0.011100846426886937,0.011268110661261313,0.009866940641904201,0.006436886283264366,-0.0061301683612694224
2023-02-07,0.010557941891030296,0.011249936064194287,0.011092466643230494,0.010683209211839134,0.01140014534512629,0.00918431498318788,0.014004212578170742,0.012993697246731124
2023-02-08,0.00987644012918959,0.011362111064847684,0.011420603644320433,0.01037707994616263,0.010914865644366818,0.012269899614774432,0.008122003647350053,-0.01099475983544699
2023-02-09,0.010327937025136512,0.011340405566349363,0.011667641014940357,0.011483313955488678,0.012323787401134727,0.011120113501777662,0.01200149732083567,-0.008707203498955842
2023-02-10,0.010568642543231341,0.011199885449015274,0.011374838992457306,0.011604483479083692,0.012879076267206593,0.010788144335247631,0.0057841416760054595,0.002331049996316626
2023-02-13,0.01028776833790275,0.01087369374554571,0.010169759107419494,0.010389182825989475,0.011380754122735082,0.01151081146269544,0.006151320002582349,0.011670673075458255
2023-02-14,0.01051863358118043,0.010923152444860335,0.010419459069415892,0.009981488677011747,0.010800371081255566,0.01192656383012791,0.01289640827440124,-0.0004603082202638544
2023-02-15,0.01051982012489326,0.010590989415210335,0.009351173364949339,0.008993959675437917,0.009748709337531474,0.010501328006967384,0.006631139998798407,0.003241939829592839
2023-02-16,0.010493806871969552,0.010299005962569083,0.008473673142372217,0.00816188577701825,0.008823985183630657,0.010165985244839354,0.009563283054831562,-0.013864308470985864
2023-02-17,0.010328032106506482,0.010546966168085046,0.010402771282878637,0.011177467131628286,0.011512520884552966,0.008620081288850511,0.006715478670946874,-0.0025013947297460918
2023-02-21,0.010163467660693518,0.010244003327084914,0.009457812133211747,0.010170809557023687,0.01078055451697,0.010442044375646503,0.008317234934448284,-0.020264779652452485
2023-02-22,0.010576119672310993,0.011103283549344957,0.013181378205411211,0.015126043507962903,0.014923454757448117,0.010117535219641476,0.00832543064926929,-0.0013790756680897866
2023-02-23,0.01024336556884028,0.010770331574488508,0.01176922402131468,0.013493956101794822,0.013368018144285175,0.008589628244924062,0.012213548953948465,0.005305121540553368
2023-02-24,0.010312035890537198,0.010522770479515423,0.010687751103838555,0.012111917973420235,0.011993544782843488,0.011103377855900598,0.00733872654344201,-0.01073972534400203
2023-02-27,0.010576616802861847,0.01053591375622274,0.011057917565790321,0.012656500187272999,0.01311860847213457,0.009342123079036235,0.00856038054448793,0.0033999968853499424
2023-02-28,0.010294495306871532,0.010248841333881265,0.009941616938093624,0.011323939132475399,0.011653797304625646,0.009495178465525366,0.006259195205819195,-0.0037028182996600182
2023-03-01,0.010286568388110448,0.009977929422854552,0.009188400429939306,0.010440891430494864,0.011162742234401385,0.009985721335119076,0.006816800016173107,-0.0038432661808350875
2023-03-02,0.009968951177675147,0.009719659085051471,0.008579835044202634,0.009721819816870605,0.010786790098667667,0.010694692997160759,0.009369546778452342,0.007747122805703225
2023-03-03,0.009546563391899616,0.009612728076453896,0.008382072081921108,0.00902654553923229,0.010000566647202232,0.007703652097468912,0.007668844147537619,0.015910589466200522
2023-03-06,0.009934101818179443,0.010101934470053376,0.010360333478067685,0.009559447314762003,0.009991555303372472,0.008244686105260017,0.006931838453892996,0.0006926117766805804
2023-03-07,0.009314163087532726,0.009795658114665354,0.009283994105084998,0.008614232288376393,0.008854371358892046,0.00847730054213323,0.009301623859227386,-0.015447375101689875
2023-03-08,0.009604245327975939,0.01022325323355453,0.011389439925001339,0.012053445619223386,0.01198788310326804,0.008237027273759657,0.006406130150049494,0.0016307744639761609
2023-03-09,0.00957267522535315,0.009919857750889454,0.01017741530609352,0.010780936756541726,0.010595586582135615,0.009660140769898237,0.017231575990740714,-0.018622267896641842
2023-03-10,0.009700087814666815,0.010644561748933891,0.012984164454598981,0.014648950010141848,0.014229014132510385,0.012755749758502032,0.016222331669605558,-0.014534645864861771
2023-03-13,0.009878900481675893,0.010917126405894142,0.013672006314000267,0.01565723900587025,0.015841940228049405,0.014336100283507739,0.019776161014655732,-0.0014261265521214378
2023-03-14,0.009794477233624232,0.0105903097330104,0.01220454816942878,0.013970454282604898,0.014135793692754736,0.013988174889000182,0.013364716541270336,0.016394903833615606
2023-03-15,0.010597290482800666,0.011025105574525776,0.013093368244845442,0.01346861517342143,0.013446424032787731,0.013366938387796366,0.010601405353397908,-0.006274132695315998
2023-03-16,0.010159138783645516,0.010799150902657996,0.012138735074109033,0.012641223607580916,0.01321227706336684,0.015201011079919044,0.012847229392960442,0.01739311599427724
2023-03-17,0.011070602127152402,0.01130378651800799,0.01331480693973476,0.012544180163129049,0.012762133255911957,0.01289185151407093,0.01080330806447491,-0.011761509463320332
2023-03-20,0.011202342552287293,0.011331771289492375,0.01327523585426587,0.013254585281584226,0.013972437345355375,0.011438015318286174,0.006712971218670939,0.009569682577064613
2023-03-21,0.011197742561729342,0.011233842957842537,0.012488400195463998,0.012176772777193838,0.012809178932379879,0.010648420372260192,0.007359602032046959,0.013045130707259081
2023-03-22,0.011636685248315796,0.011350673991246011,0.012502693106294286,0.01161327005774335,0.012101943588155221,0.010362610725245771,0.017950891025319406,-0.017193548911671682
2023-03-23,0.011396713796636463,0.011783234679106521,0.014048150250948514,0.014553046175612282,0.01491581392340688,0.012332718742728383,0.018383157027403563,0.002699690910902076
2023-03-24,0.011418560360777034,0.011443392949365545,0.012507186231551228,0.012972923124605636,0.01310339482894189,0.011674420295039848,0.011482214758391687,0.006540471885259434
2023-03-27,0.011452901592186747,0.011209854326033228,0.01144876426877903,0.011736080983080216,0.01187145521130668,0.009571793921676328,0.006325589714848015,0.001868177389677275
2023-03-28,0.011212024797404683,0.010877986448593821,0.010232849528315123,0.010507784761344802,0.01051482342565471,0.009320967078503165,0.005850786365047036,-0.002247122049377174
2023-03-29,0.011199015263391293,0.010560952953002451,0.009296662448183154,0.009576998933656395,0.009888607529257304,0.009134057392615809,0.0054557414705208186,0.014430277692056782
2023-03-30,0.011597237436957659,0.010832159456691524,0.010510056535551702,0.009734350820856308,0.009782377997719902,0.009857811151984272,0.005266047011634345,0.0058381493062681505
2023-03-31,0.01159630919816488,0.010599083782328399,0.009690565239924898,0.008928287955403102,0.00904531434355534,0.006278098303675781,0.006169211578618033,0.013996384347379473
2023-04-03,0.011848804595978167,0.01083300830292777,0.010664093814717572,0.00919607630039568,0.009035142905222317,0.00738810143941707,0.004589387248177504,0.003803132761088386
2023-04-04,0.011401094368838814,0.010544223721342965,0.009643028682053169,0.008378664443447589,0.00826941485838467,0.004819515150010706,0.00786912855483741,-0.005563500103903587
2023-04-05,0.011490126922721527,0.010313436219658117,0.009210669087502938,0.008398074361344213,0.008796299085723698,0.007473245546287729,0.005697517971002265,-0.0026218276019564085
2023-04-06,0.01091697877401347,0.010019849672325496,0.008475664069355623,0.007857710161814519,0.008547301117173896,0.007386095526190459,0.006390166856919956,0.003893587977042871
2023-04-10,0.010931729327985923,0.009761308613538435,0.007789907374980699,0.007240869125319415,0.00786222540867353,0.007605184012531104,0.005322927902539555,0.001025675159139445
2023-04-11,0.009927844427499782,0.00946727403584262,0.007085202982193225,0.006640282396121233,0.007078924354677027,0.00542488256030275,0.004454914309527225,0.0002685420709274223
2023-04-12,0.009167105417789641,0.009179098425236919,0.006496908566768076,0.006133959332191944,0.006458302471717182,0.0048639520080563945,0.0067236983744182015,-0.004084451055193811
2023-04-13,0.0092497316733876,0.008955526866215752,0.006456670901251381,0.00631171123813712,0.006921783373558846,0.0066500379188912185,0.009005131377881075,0.013195399864893608
2023-04-14,0.009040417303699652,0.009264798347513424,0.008280195106309219,0.007112370400238928,0.007178854994984818,0.007011906142442241,0.010060658768125588,-0.0024457928836644437
2023-04-17,0.008886563660027585,0.009002511498724632,0.007678681053045503,0.006767521661924935,0.007140465264129704,0.011114144266036899,0.005045544119213218,0.0035819880861897094
2023-04-18,0.008251478165125316,0.00877224821847657,0.007095019370736522,0.006306755305448467,0.006641147503218885,0.007399005519533954,0.0053544749944937214,0.0006518362102356562
2023-04-19,0.007615563374496676,0.008506508796496356,0.006497944398978602,0.0058476698888589975,0.0060064337258066945,0.007130608552248267,0.004760396668411036,-0.00016891123655160008
2023-04-20,0.0074824873626134275,0.008247470051532634,0.0060185851204757205,0.005483834265106039,0.005628861357129359,0.005724358786089482,0.006780724440316838,-0.005472096033211445
2023-04-21,0.007253534444483435,0.008107783088839596,0.006374549058462576,0.006229901172837852,0.0065899150620114585,0.007000509396788766,0.005043682882256485,0.0007768153387768445
2023-04-24,0.0058614104950667515,0.00786308999967357,0.0058902885310330175,0.0057829771691919165,0.005970999022424106,0.00444309897295178,0.00482842764705745,0.0010426296802406557
2023-04-25,0.005868032550222743,0.00762782523930613,0.00548509745007686,0.0054093057750287535,0.005455421205521028,0.004214920436231239,0.006635791439121918,-0.016001424764366685
2023-04-26,0.007005211527595411,0.008369912214467553,0.009539311159262036,0.010745794874241885,0.010064352383618764,0.005707492754281712,0.007108564865958681,-0.004244498344736894
2023-04-27,0.007103544727504137,0.008181262165529718,0.008934201407314282,0.010057582330883899,0.00997665541160902,0.0061882168646726545,0.00721641097617322,0.019712632998297792
2023-04-28,0.008150692555302834,0.009286137063784655,0.011954491528189672,0.010952741072716342,0.010243396962936262,0.006091319762487945,0.004518341168575958,0.008498777126746243
2023-05-01,0.0077926406749723506,0.009240787511481783,0.011239591226229416,0.010159411171116866,0.009621639841782867,0.005449720763716105,0.004664802679054746,-0.0010103113020705548
2023-05-02,0.007753973254937356,0.0089626931409059,0.01009558960838823,0.009202453765330361,0.008890825152098632,0.005513545406598738,0.01225181974774559,-0.01130288658505807
2023-05-03,0.007659423609241736,0.009120054328075044,0.010746752424410352,0.010745726822756216,0.010827316529300397,0.010621416930774463,0.010751859444456457,-0.006887604694426578
2023-05-04,0.0077603728916277636,0.009001733910520747,0.010325636874154305,0.010576945453083504,0.011231302032307497,0.011448801379104437,0.006435733528349091,-0.0071081969970875885
2023-05-05,0.007819448170508126,0.008899490348611783,0.010024902236831721,0.010495370730062603,0.01161567170524732,0.008058665128422569,0.00781160227186573,0.018343512562702297
2023-05-08,0.008800359779267089,0.009728203325661593,0.012136884729258574,0.011002887338584823,0.011475503649901575,0.009340160551734339,0.003909645405040124,0.0002663463558836973
2023-05-09,0.008767690917567223,0.009432068700532563,0.010851725548531942,0.009890195089118094,0.010168304455855058,0.007497705315588196,0.002791160789257513,-0.004395014392439289
2023-05-10,0.008828285228253208,0.00920787998748121,0.010054621621319055,0.009374094334700404,0.010095824876089654,0.004471318877151014,0.011241187730803261,0.0046615970858563
2023-05-11,0.008883033565863027,0.009000098881427769,0.009201114241058817,0.008569438535565039,0.00921903605014391,0.009607615488877131,0.004935772105483977,-0.0017456783988671152
2023-05-12,0.008839046213443103,0.008736390368297712,0.008403710561117148,0.007898859905860114,0.008701513816130017,0.0057321940482193785,0.008600540698858069,-0.0013110689398309907
2023-05-15,0.008348352033483658,0.008476330560634553,0.007695969017210495,0.007289532186279887,0.00816913026993302,0.006608911621361984,0.006271457029480486,0.003444202654184749
2023-05-16,0.00836864599036483,0.008261297773482326,0.007105916074451144,0.006739855059566719,0.007505252403541955,0.007825100245117053,0.004331737683139309,-0.00670518063831965
2023-05-17,0.008453046289334326,0.008176286766715389,0.007448424700101274,0.007496930668421913,0.0084626473415793,0.0070523834846120915,0.00913662540708736,0.012065889059911407
2023-05-18,0.008881922142119764,0.00846024267396844,0.008552574010723053,0.007763867916577472,0.008378477880527,0.008331983432448646,0.006424083944020502,0.009587311571377264
2023-05-19,0.00911822613679496,0.008532066357353906,0.008728169504282979,0.007637640977209156,0.008123138791717605,0.007515987454250555,0.006082360272252546,-0.0014562569358232173
2023-05-22,0.009026565816087094,0.008279832607154623,0.007981257802833791,0.007082059809122505,0.007711493426588733,0.007350334654024959,0.005994569224578125,0.000406196813202181
2023-05-23,0.009026920150638204,0.008028212134305756,0.0072626342596738384,0.006505853315510941,0.006958273009277892,0.006757792096058409,0.00853802850385389,-0.011286306871175943
2023-05-24,0.009400491689909977,0.008260018283056675,0.008796199117674642,0.009081545844601864,0.009349445878024013,0.007401847658531939,0.005422693137683339,-0.007271362916804743
2023-05-25,0.008825095211098057,0.008204059424109365,0.008852019349505566,0.009380337354324298,0.010116067548045019,0.005856695307465217,0.007481836271659228,0.008622629253267648
2023-05-26,0.008919275900911431,0.008229773975427093,0.008763463613988791,0.008851590358123508,0.009514876376818358,0.007846562805873914,0.007253327766032476,0.012867587414573882
2023-05-30,0.008313264569432242,0.00857903941346128,0.009682583192691207,0.00891777507823286,0.009320651036697538,0.007530968561998803,0.006838477406260577,0.0003807670130868325
2023-05-31,0.008127488031194226,0.008318210218151139,0.008723973249203005,0.008081030543950431,0.008330983417196,0.007923093285498556,0.00589032307791786,-0.005560559598572018
2023-06-01,0.00822933766579208,0.008179012980935357,0.008473014413451973,0.00816742893241934,0.008849779872267512,0.008190691021361711,0.010200350503407613,0.009456137556354185
2023-06-02,0.008013986172462456,0.00826120998346199,0.008643262382197361,0.007938471523984764,0.008518046166991445,0.009504617307561785,0.007230139334649442,0.014357629101475549
2023-06-05,0.008271404579753363,0.008747641154753273,0.009991751956869415,0.0084035943254756,0.008581288152053395,0.007649610828556505,0.005949179574890296,-0.001918089504768112
2023-06-06,0.008051875837698173,0.008494156595383164,0.009107989921257293,0.007795121699768915,0.008211575244402665,0.007771451583914476,0.004445828657609971,0.0021752166520015268
2023-06-07,0.007189479124775864,0.008252608590007557,0.00825931804614223,0.007148710123234077,0.007461318370755842,0.006273127012638585,0.005973025888810117,-0.00346387078357839
2023-06-08,0.007273425792798425,0.00804606237086155,0.007795746732466854,0.006981946227715368,0.007621513402162239,0.007758413198944804,0.005934144127989863,0.006030477889425744
2023-06-09,0.007201565720646943,0.007939570033052023,0.007486003206973338,0.006648437170810468,0.00722259714185726,0.006355678167117957,0.005991847246133493,0.0017925511685741653
2023-06-12,0.007176988707732154,0.007710211433720273,0.006860697011220859,0.006163814821295394,0.006590938290021967,0.005967239181592938,0.005193710559733892,0.009031042383890842
2023-06-13,0.007285707134017369,0.00779577464553001,0.007333077971124172,0.006300630246411536,0.006558960633583981,0.006054457548419202,0.004607130411655014,0.00657119436911661
2023-06-14,0.007285823674808254,0.007727774059239686,0.00719809932388036,0.0061379501816562175,0.006353457114433454,0.006344954051655426,0.010360749105108999,0.0011900712485828622
2023-06-15,0.007292700777598694,0.0074980236443092495,0.006606854706411667,0.005724326098906527,0.005803209329814286,0.007959111949329384,0.010007334617304098,0.012321634366076098
2023-06-16,0.007246500744772931,0.007871244975444443,0.008050177948682789,0.006473361259530486,0.006137413267484316,0.008280201422792234,0.006418102623322971,-0.0034119844180841253
2023-06-20,0.007130099346936936,0.007677083161970225,0.007616694313326552,0.006432900313239696,0.006491597256835458,0.006693396408224165,0.006307226140732193,-0.005201911430984164
2023-06-21,0.007164491035253035,0.007551486110389568,0.007538601130233022,0.006831367731270869,0.007241212702738066,0.006553866196359574,0.0046192547859820405,-0.005136851256116651
2023-06-22,0.0073014241700553725,0.007428773813795262,0.007465516024609803,0.007111814793174159,0.007847011947672716,0.006559345957146168,0.00382851604923,0.003603233310334512
2023-06-23,0.0072999105644096195,0.007256340466878649,0.006938210093848311,0.0066112570057713285,0.007247231012454886,0.006430701012340709,0.0049140502587843825,-0.007588764912942082
2023-06-26,0.006997972260552791,0.007276714198538998,0.007534102587279461,0.007699488198935223,0.008495563418888106,0.005345671652423226,0.006222561615361008,-0.004094041748098782
2023-06-27,0.006811970747482462,0.007125952990702117,0.007290165062569497,0.007547594931102119,0.008639265340003019,0.00592901931729385,0.006869957930974395,0.010903597098937418
2023-06-28,0.006931985264076801,0.007407142461564517,0.008107728750289644,0.007612165813568428,0.008430522174015362,0.006464455635170376,0.005294096782967711,0.0005043361500026994
2023-06-29,0.006528365064276696,0.0071825535275617195,0.007386406148751867,0.006976978830603369,0.007560966273329384,0.005860521746352506,0.0037552161628506718,0.0039336123255687494
2023-06-30,0.006530415591463823,0.007030087412072763,0.006900273922053707,0.006512484877253658,0.007025806400325119,0.0050353330564581085,0.00513350619637298,0.01173157819530492
2023-07-03,0.006597249060394508,0.00739693158662794,0.00806822564423884,0.006942524416182525,0.007128648947952947,0.006112668363663669,0.002297252713713013,0.0011498895935604916
2023-07-05,0.006437239410622408,0.007177120303301429,0.00734430881065253,0.006407370887176902,0.006481440317602399,0.004080844986497001,0.0031281837305398813,-0.0014883693720550639
2023-07-06,0.005895323327320869,0.006968020314295746,0.006842767268006418,0.0060874636741361995,0.006341669392711918,0.004492120186146921,0.005716811608630736,-0.00786137902732072
2023-07-07,0.006218541404560939,0.007024826367041664,0.007534557201274705,0.0074486521842876,0.007852004143691095,0.006551859759992364,0.008145011562836332,-0.0025278365125884564
2023-07-10,0.006279542178594458,0.006838910132756628,0.007098773462190859,0.007086890119185174,0.0077458281913572865,0.006177955139738691,0.0034603322317085473,0.0025278365125883566
2023-07-11,0.006186129033040573,0.006659417973197694,0.0065672040300450716,0.006564458507689653,0.007095940183591654,0.004452805195662882,0.0057276808126788675,0.006348297543414488
2023-07-12,0.006197841293677922,0.006641161779329496,0.006551597780400011,0.006330900461336926,0.0067937173538890035,0.007388667633233603,0.004723618045819893,0.008013665182727111
2023-07-13,0.006352583707102459,0.0067314083052600875,0.0068623440118661385,0.006299403797002728,0.00664957856423253,0.006509093900354437,0.0046787172327005045,0.007905610118825646
2023-07-14,0.006294156016276389,0.006807574207223137,0.007073725027183695,0.006262941643889047,0.006518781675023604,0.005122047513095588,0.004904516032792525,-0.0006229554533127373
2023-07-17,0.006221179937521427,0.006601951756976679,0.006556907650128036,0.005886773784362114,0.00618071898396852,0.004625115903896397,0.00444175066072163,0.003466140571585066
2023-07-18,0.0062347132250295395,0.00645689312356027,0.006173234504538471,0.005585086538499388,0.005813194533758115,0.0042249466788552535,0.006489028713627801,0.007403144307724087
2023-07-19,0.0058966688646716284,0.006517543511093298,0.006449805611513053,0.005646244403817624,0.005765831013481797,0.007134572215163914,0.004202056944686503,0.002221237185595913
2023-07-20,0.005793695101212053,0.006342373742687759,0.006006272254283129,0.005339805353882981,0.005371528405480329,0.004858874761396587,0.005863616046072832,-0.006656487852902351
2023-07-21,0.005887958784426374,0.0063616579790624714,0.006640946197668113,0.006534164296021194,0.006731355307228626,0.008134746708856251,0.002272074831547784,0.0
2023-07-24,0.00569742567704085,0.006167856248974602,0.006163205307763152,0.006082512536703522,0.006228535462551425,0.004665543903336347,0.004813108673229298,0.004457302441603875
2023-07-25,0.005713583960781355,0.006078812085341167,0.005950694854769277,0.00579966163860988,0.005920919477103676,0.0049932831940630905,0.004610496809770395,0.0027262876809242198
2023-07-26,0.005285124283966486,0.0059313402918654045,0.005615565516537305,0.005483089889550183,0.005539355629249881,0.005214602245088603,0.0063428767417032525,0.00015372052251970915
2023-07-27,0.0051029883332656305,0.005750771043814407,0.005299510609047444,0.005192576882161697,0.0051647548228121,0.006421125684390861,0.009832761197181112,-0.0066520122314099395
2023-07-28,0.005110107830527752,0.00580879002427196,0.006150906524668907,0.006438179185438612,0.006565174338811655,0.00773140887853532,0.009465525132559363,0.00974269977738586
2023-07-31,0.005387698329006101,0.006116594721775591,0.006989145169392983,0.006584740201560045,0.006575746763419764,0.00891308541569438,0.00376826574575348,0.0019021407333512383
2023-08-01,0.005373027734241808,0.0059485338944309865,0.006450762691351482,0.006123527621946096,0.0060508320607957754,0.006725789606371818,0.0031707796751994574,-0.002865644082828461
2023-08-02,0.004994549649927946,0.005809876687518385,0.00625046276678906,0.0060618639167140265,0.006295271924029094,0.00660905777551108,0.005755484438477631,-0.014008434153357167
2023-08-03,0.006021811534032346,0.006595722912801603,0.009056054459351238,0.010001381311119136,0.009689208286723077,0.008563259908058464,0.006161259245731141,-0.0028699906531661074
2023-08-04,0.006054095666884234,0.006433316242721505,0.00841123137694483,0.009286083646115011,0.009370102402522425,0.006747678129085265,0.010419235117642136,-0.004532996954383221
2023-08-07,0.005861749834194736,0.006335391707656231,0.008080615511316858,0.008939216173988707,0.009476519124255338,0.0075564728555341885,0.004197992795829545,0.008690605770042598
2023-08-08,0.0060543800896839745,0.006500811835693357,0.008161620455455086,0.008491859818905738,0.008983509187904937,0.006117073295083943,0.009962051230987892,-0.0043580403672134034
2023-08-09,0.006170053612576045,0.006392532534312287,0.007851667558081884,0.008257831762902504,0.009112176712729883,0.00833253572087577,0.005752675408745269,-0.006707900680468565
2023-08-10,0.006258654817969619,0.006411892057922407,0.008021173516578174,0.008616769990571968,0.009777795937206122,0.008421696476535097,0.012369022483049887,0.00035895239156586735
2023-08-11,0.006008059788696051,0.0062171817558976175,0.0073294714606110525,0.007867971108531324,0.00876046652062666,0.00976880837689788,0.00558559415986826,-0.0005831769772106374
2023-08-14,0.0057277669528110215,0.006029473755637313,0.006773784199618691,0.007255092280503115,0.008090808569578235,0.00774891244565528,0.004115942974874642,0.005504781380903311
2023-08-15,0.00587099099924697,0.005999286426469098,0.006580560468777336,0.00684659388346239,0.007592396926929119,0.007122891104861969,0.0058861998560866555,-0.011717102145238134
2023-08-16,0.006324154669576033,0.006486091298318582,0.008473204069068218,0.009403307913907527,0.009905637396715709,0.00854200032991637,0.007356067647257278,-0.007365334823911077
2023-08-17,0.0061803351623885,0.006542179066214529,0.00863369927363182,0.00966484406296478,0.010592425847467866,0.007406479722190901,0.007040599176551293,-0.0076490202036092365
2023-08-18,0.006254033499622302,0.006613815171507593,0.008815955873844997,0.009940002168566943,0.011225944037388547,0.006921569324652291,0.006903732935723633,0.00048117959577237727
2023-08-21,0.006183033745948604,0.006413414853546856,0.0080101943863757,0.009015653164662806,0.009960456440294528,0.006965188221196516,0.008546975363598325,0.006485302569421896
2023-08-22,0.0064282675611057995,0.006417750824369136,0.007723521876997965,0.008393224879861792,0.009245568807530628,0.006738419561209429,0.004589166420010538,-0.0027123934044647226
2023-08-23,0.006292154485805688,0.006257611268200055,0.007279160954195258,0.007906757530927504,0.00896121479402792,0.006330271661706493,0.0058737400161841076,0.011076179475242897
2023-08-24,0.006827747248888405,0.0066459869066179756,0.00811544345303282,0.007895444863183367,0.008710668132103399,0.007198525587626071,0.008957436656178645,-0.013956052206167534
2023-08-25,0.007350190498676559,0.007294194748979337,0.010131103435692792,0.0109344809256885,0.011417009992424398,0.007259809220649081,0.011694523615953554,0.007025029616058566
2023-08-28,0.007520188544784935,0.007278325554704562,0.009543080954686995,0.010063835755166887,0.010508539644667103,0.00875718838249284,0.006363206718503387,0.006321361084588684
2023-08-29,0.007302067685821895,0.007224483224781872,0.008963724425572658,0.009277752243743243,0.009697622050666621,0.006667972803742878,0.007441238242554616,0.014351391732318476
2023-08-30,0.008058202866405895,0.007837047599224658,0.01016873916884916,0.00938500423093225,0.009559261488964847,0.008696468236096197,0.004722567485074731,0.004110238592680911
2023-08-31,0.00811696172768142,0.007664711334778891,0.009280872960376186,0.008593032970639812,0.008750047506345022,0.006677932783724564,0.004417641967407828,-0.0014644552594601766
2023-09-01,0.007518374212744117,0.007439866235838945,0.008515370966259879,0.007982578966602302,0.008315840911925464,0.0063574018567709575,0.006573707737421579,0.001863620275155807
2023-09-05,0.00749822643959237,0.0072276481556965725,0.007783468702925562,0.007355480977790719,0.00757941290713546,0.006535861898855129,0.0025021299967219806,-0.00433137941131599
2023-09-06,0.0074919242218832735,0.007087327764896848,0.007545878767809335,0.00733615291882457,0.007929336996515539,0.004661502369034157,0.00795669686420585,-0.006745238670796304
2023-09-07,0.007379626087195484,0.007067269390635498,0.007781851421914492,0.007907446665557098,0.008794631787511248,0.0058403522354029905,0.004364991817244744,-0.00307485354937569
2023-09-08,0.0073511393009067574,0.006893243235403138,0.007380951391196474,0.00756758478365781,0.008680858372687374,0.004877717566972303,0.004676166786093501,0.0015048874412468118
2023-09-11,0.007216887483402185,0.006693405361767252,0.006798667769378787,0.006991726865897658,0.007871517475583336,0.005050014658067686,0.00423436012453856,0.006555164988900833
2023-09-12,0.007358624015210357,0.006685191552874248,0.006768394195865434,0.006715999659755627,0.007484759894700063,0.00488873785291465,0.005593913898962135,-0.005500808476583817
2023-09-13,0.007464631389709068,0.00662010668845052,0.006935690527554987,0.007108069566942276,0.008123227721774406,0.004211063913500325,0.004847952062859896,0.001165408874592158
2023-09-14,0.007365081269105816,0.006424776609593361,0.006414017146916052,0.006592202863204489,0.007371896351563997,0.00455886091644147,0.005819184672289469,0.008585298018327824
2023-09-15,0.007101385198131408,0.006574460414208721,0.006869039502513347,0.006572053179858392,0.007183923150020298,0.0051505323498758585,0.005818013377421514,-0.012121254442280798
2023-09-18,0.007442340832624075,0.007031757000137902,0.008709515541932104,0.009292421351715915,0.00963685565582406,0.005001506867681171,0.004388078415492126,0.0005861733749458241
2023-09-19,0.007200651255657448,0.006819053165357989,0.007946202007049423,0.008489740916668953,0.008643278170435763,0.0051792140393350245,0.006271336520641584,-0.0020759048063247495
2023-09-20,0.0072307487982259415,0.006630843065067624,0.00741904091159866,0.007934515983481027,0.00833777830583258,0.005211441921016659,0.006965049896383033,-0.009235913058250616
2023-09-21,0.007428227703144911,0.006815285787809338,0.008261557287004222,0.009092408464863323,0.009753775688881798,0.00665624498873112,0.0054306930201391615,-0.01666649877213075
2023-09-22,0.008268235740140656,0.0077670820793030865,0.011008619805743757,0.01259336887546502,0.012895177179577133,0.006459467521848115,0.0070826584173667,-0.0022511674144099344
2023-09-25,0.007829227764177235,0.007550627488407526,0.010060011672312907,0.011506682627340295,0.011972204052784768,0.007104542696580037,0.004452439813199813,0.0041964857872929615
2023-09-26,0.007337976726187251,0.0073924208834691444,0.009228316917912614,0.010485279068059237,0.010833340093882713,0.00791963593124936,0.007511858339038287,-0.014800366351480956
2023-09-27,0.007774842809407793,0.008031940237298375,0.011035439431269724,0.01273577875088356,0.01320091623291253,0.007345550479230635,0.01031516859768681,0.00039920660343787577
2023-09-28,0.0075865709352338495,0.007787868905659264,0.009976197955168395,0.011520561037558934,0.011701146882578606,0.008853798247423446,0.009025409886317354,0.005780760733258189
2023-09-29,0.00687949889662018,0.007682244440626784,0.009293728610606301,0.010553539248808617,0.010699144108926124,0.007080277692881798,0.00899312300920637,-0.0024299017426919517
2023-10-02,0.006732072254692729,0.007471956384746695,0.00859667251050396,0.009746241421803472,0.010158623085726818,0.007542848733591358,0.00793824001893557,-0.0003978708913945505
2023-10-03,0.006743369261913734,0.00724498601498972,0.00786304128983279,0.008880569744177627,0.009234964999936346,0.011326656914446063,0.012699732080122653,-0.013476360686724951
2023-10-04,0.007088075502183687,0.007761260906416893,0.009735228521431973,0.01116888027657685,0.01161238917285194,0.011058970387343416,0.008416546077809872,0.007255484719089807
2023-10-05,0.007427307037499082,0.0077318473935123295,0.009276092863951901,0.010321364453222664,0.010709119302470017,0.010946917137556113,0.008200070701246476,-0.00037670517933830855
2023-10-06,0.007375644911694638,0.007496872059539099,0.00846428509309978,0.009419816198504027,0.009727859596192623,0.011851123038993836,0.01584216127824526,0.011802895384632223
2023-10-09,0.007978193307826432,0.007822365729375384,0.009146983193466218,0.009195231353657324,0.009404689443836796,0.01388395214338903,0.008001997383206224,0.006381612001945013
2023-10-10,0.008139378935139286,0.007743483684522246,0.008676459156616606,0.008584157254656076,0.00879157957697835,0.010417971446886741,0.008503754221097977,0.005191440183535861
2023-10-11,0.008079059884377453,0.007614519700471484,0.008148540357812607,0.008002555985497442,0.00819685713604199,0.009880712353628399,0.006363545414523071,0.004087797703247033
2023-10-12,0.008102641092527682,0.007450145035936988,0.007603266035593942,0.0074594525314486725,0.007621212299720197,0.012421521704627451,0.010253346839832034,-0.006115037496383183
2023-10-13,0.00816642403617333,0.007376855861953458,0.007707153141248667,0.007829437469817098,0.008388010321706035,0.010654304625417166,0.010887740169432362,-0.004993445878936087
2023-10-16,0.007883676738248012,0.007255962539064456,0.007593797893991841,0.007857061180276313,0.008762148250589873,0.01210334952141201,0.005674817376573689,0.010466564708759644
2023-10-17,0.007955593967375628,0.007487522382895925,0.008198859230440244,0.007796128913701379,0.008502340079560288,0.008157540580831806,0.009378589877521578,-4.599604933030074e-05
2023-10-18,0.0079513058803482,0.007259431030493964,0.007532318574862593,0.007224770270944313,0.007785463640915915,0.0080704738832437,0.009537919798733566,-0.013414582653247468
2023-10-19,0.008412192946922735,0.0077675247163402844,0.009509166077707154,0.010150508993230407,0.010495200796705816,0.010590154555593378,0.011302677805425597,-0.008825316486580198
2023-10-20,0.008393437645126792,0.007835020515041301,0.009708626009490563,0.010575520976070169,0.011413304540176236,0.012190545271402932,0.00677639492902432,-0.012364126363475055
2023-10-23,0.008046059742065993,0.00817781088842055,0.010672382631994723,0.011921720616022445,0.013029714894633209,0.009358490355530241,0.012972335478613897,-0.0017346151561353626
2023-10-24,0.008043280289236445,0.007940058491948104,0.009725934631569283,0.010879869697865037,0.011952016273011188,0.010364226705500497,0.007798953852865196,0.007511059323296216
2023-10-25,0.00818400907235902,0.007914974280040855,0.009304106488430147,0.010087026368542579,0.011009745253824548,0.010006430928626025,0.006066942830940668,-0.01445616490507655
2023-10-26,0.008155191984192133,0.00845144076523357,0.010959067191620996,0.012301244713881759,0.013255346227206427,0.010195530609411748,0.009159283279409179,-0.012046806235742778
2023-10-27,0.008497995894292091,0.00870912006902239,0.01150847912077421,0.013081555454876765,0.01442686972963594,0.007473204898359677,0.008876583822722495,-0.004543071342799694
2023-10-30,0.008351067593003709,0.008516819586418143,0.010669227574122989,0.012150114358129667,0.013694739245151253,0.009426337940361542,0.008154295889669164,0.01188475906653617
2023-10-31,0.00888359141529976,0.008755506427369967,0.010820157581464929,0.011468414647488266,0.012731864583410137,0.009350507719406676,0.007822992718096129,0.00626083017682207
2023-11-01,0.009036539781774787,0.008626194926032808,0.010057034070887944,0.010505465710494499,0.011564186375791461,0.009224879220956713,0.007416252353100805,0.010608076270811636
2023-11-02,0.008904796591025275,0.008757764640468521,0.010093840519638946,0.009979809473514732,0.010866750008149673,0.009445269105078974,0.0045248698598717736,0.01898308593561434
2023-11-03,0.009706294831819987,0.009680805137296454,0.012210879818740618,0.010479357378245582,0.01081454326937758,0.006515883268488739,0.005673216002748772,0.009081887578590391
2023-11-06,0.00987287705309217,0.009645918812603408,0.011569001385078414,0.00984558135329583,0.010145036270604242,0.007350217925397794,0.004680935392074584,0.002297948416692449
2023-11-07,0.009572400563510908,0.009368989207514486,0.010443408187120161,0.009014966114213534,0.009172074462836879,0.006320753573673738,0.005462226065765007,0.002841989113104302
2023-11-08,0.009497801439772347,0.009110208305600468,0.009491419606990244,0.008307546983356671,0.00837971130890252,0.005650068055998687,0.006078668265196975,0.0007320631624237777
2023-11-09,0.009437522970796966,0.008834494701881511,0.008637253284813292,0.007674715279102785,0.007578966244253428,0.005379405949691821,0.005827846854430617,-0.007829232239825318
2023-11-10,0.009555670667376262,0.008777426245046174,0.008841606180198344,0.008458784392643134,0.008793443034675429,0.006387622204174308,0.011008660389199515,0.015484390987360569
2023-11-13,0.010045146154182581,0.009317005991892408,0.010377215695932543,0.008853980242837104,0.008852108167715358,0.009332192703318514,0.005234127360824877,-0.0009536872635992709
2023-11-14,0.00996789857041089,0.00903619254872242,0.00943790415654022,0.008187613017811768,0.008271371221848858,0.006048932734095999,0.006192151409306239,0.019214975779607756
2023-11-15,0.010551277134865623,0.00994517606096474,0.011866198412837843,0.009201786744809901,0.008664544058396928,0.007381906581842813,0.004687910175601024,0.002114740634181996
2023-11-16,0.010547353313316377,0.009656110135430447,0.010696119003694717,0.008455674643514818,0.00790427746886195,0.00685336387661419,0.004182228447137547,0.0012224224418173057
2023-11-17,0.009983166131086225,0.009366733377666109,0.009673142118727189,0.00780383406638721,0.007201135115964526,0.006751776740675128,0.0038081976645557023,0.0012429307520376342
2023-11-20,0.009665631829828209,0.009086486952032064,0.00879312878875561,0.007245467999350482,0.006598179372257561,0.00589230678719073,0.00591129679864031,0.007668205861295509
2023-11-21,0.009081085038010214,0.009007689675469199,0.008581201272423657,0.007052936042323036,0.006477309078387755,0.0055036724419806815,0.003957336950507833,-0.0021818164990034922
2023-11-22,0.009094732717197932,0.008749616236515781,0.007986245783560768,0.006772407863246684,0.006507377823695992,0.006302286482525753,0.00452256525188529,0.003853342766526604
2023-11-24,0.009050561409142292,0.008535416349405758,0.007465234214582656,0.006432529876006293,0.006158482419012797,0.0063966557730265865,0.0013496804905427085,0.0006152892619038331
2023-11-27,0.008112436561864165,0.008276765501981422,0.006915116730267519,0.0060812834243189106,0.005658555450094979,0.006293804600190834,0.0025487644865774275,-0.00180259780908647
2023-11-28,0.007365172160512227,0.008036760409268264,0.0065717058388804405,0.0059306903213275875,0.005717544364875582,0.006308216973232805,0.004847494154406406,0.0009896024014654549
2023-11-29,0.0071161549906583405,0.007795697889105378,0.0061651073044551455,0.0056633774445198435,0.0052973027766747135,0.0061945271654241935,0.006272172217857181,-0.0007036720630361266
2023-11-30,0.007025585640065323,0.007560174634613129,0.005877405555840998,0.005486045295951483,0.005161064873388846,0.006618532602963724,0.00603807392998917,0.0039296896029246825
2023-12-01,0.007011014259820892,0.007392794714992224,0.0057431735220912425,0.005390080625927785,0.004971471511052355,0.006550579406796552,0.0061544315032652985,0.005898477564019378
2023-12-04,0.00686839534734428,0.0073117529451240575,0.0059254807484554785,0.005431245810753681,0.004953299035674094,0.005339653049108147,0.008476469032942571,-0.005263331629789707
2023-12-05,0.006220196882740285,0.007205288811241864,0.006319245153711504,0.006168324100781004,0.005999059342599014,0.007996111287057926,0.004442221980985501,-0.00019698311155884034
2023-12-06,0.006078366579657336,0.006985953319553254,0.005983523920165366,0.005880152367770295,0.005662780312504444,0.007520997794638266,0.005076680225320339,-0.00403776275516279
2023-12-07,0.006235841461208634,0.006844964780042136,0.00613111254270968,0.006177311657215709,0.006267736156443722,0.007245977870781359,0.004223891636441477,0.0076013092240170155
2023-12-08,0.006351854688640447,0.006892686296703472,0.006536465998482457,0.006189150301794315,0.006184979738941327,0.007393267504550944,0.00467202746620597,0.004289909982509019
2023-12-11,0.006356325381283145,0.006764819035359321,0.006316462399552103,0.005970220728055831,0.005901030234793406,0.005124389098791873,0.0032110737597343055,0.0038821166121429077
2023-12-12,0.005908647292474669,0.006627311653280446,0.006098722766487574,0.00577292494434128,0.00562991690830823,0.005184851072409384,0.005137359791083922,0.004556664071679497
2023-12-13,0.005191248211130966,0.006521639012736942,0.0060007108618877125,0.005646823472257075,0.005437986527429389,0.005035203842878149,0.007116731989310249,0.01369602553257495
2023-12-14,0.005669947241798997,0.007157844355044473,0.008117578611892438,0.0065567950672175525,0.0058918277653713744,0.006178794558661643,0.007819335990936914,0.0032042101677880294
2023-12-15,0.004320583663010899,0.006984029598329383,0.007519271127212228,0.00622854475654253,0.005579297022757271,0.006489957236212547,0.005758206937647465,-0.001647790244551661
2023-12-18,0.004410453672500317,0.006783286963259243,0.007055194173434443,0.0060419447977823944,0.005621846165806521,0.006313368266818156,0.005199586138342805,0.005609236563705155
2023-12-19,0.004463941193374029,0.006718631943634347,0.006891845030156745,0.005926798147014951,0.005498720411006639,0.0055819004855975725,0.0024548656198382104,0.006062453400020813
2023-12-20,0.0045229165646920875,0.006681078861683032,0.006829956299227589,0.005866434975571631,0.005421606078906082,0.0059181880479928835,0.011096075852972787,-0.013954157397648992
2023-12-21,0.005648695461375345,0.007324050545385928,0.009333107102131314,0.009766905884194479,0.009195277601452126,0.007046349796126808,0.006955597660729112,0.009437152269207792
2023-12-22,0.005822198650108174,0.007467717454819689,0.009308930031778035,0.009252684134493323,0.008789934855741536,0.006535956290777578,0.006416757616901967,0.002007855683272251
2023-12-26,0.005809773477786209,0.007256906008252309,0.008471317852140933,0.008482229161518395,0.00798871810701025,0.006967444328373593,0.003801435797223621,0.004213585692968551
2023-12-27,0.005816744885058719,0.007111130851515201,0.00788669902516148,0.00787816570553157,0.007442011264913713,0.006030231261046907,0.0026059657689740377,0.0018063711868336622
2023-12-28,0.0057431003897570705,0.006908680748160708,0.007267580367952854,0.0073064202471293,0.006827845763352927,0.006179468731206139,0.0022174202428106578,0.0003776574480017819
2023-12-29,0.005752408315218863,0.006698853260677374,0.006747327416477595,0.006816091323499366,0.006256504452596779,0.0052836894537919895,0.006234758390399959,-0.00289917915885732
2024-01-02,0.005831381364289125,0.006533488447629778,0.006555931573235479,0.006686500833339285,0.006493111599541082,0.006508339799903449,0.005517870801532974,-0.005612037323891652
2024-01-03,0.00606612608190319,0.006481896388641077,0.006877288307476778,0.007167017920613429,0.007295750201749155,0.005434944055110531,0.004671014328067166,-0.008200122897048237
2024-01-04,0.006369267361065503,0.006597621001322767,0.007627322638772774,0.0081955475896445,0.008616884899952704,0.0052488100099003145,0.006707822402476569,-0.0032263584177772424
2024-01-05,0.006281017056868463,0.006445265706149533,0.007309832162946362,0.007867793379363846,0.00856728838460001,0.006201130499641807,0.0070457044465514155,0.0013686345075348586
2024-01-08,0.0062718407090098524,0.006257903214848253,0.006804627015132857,0.007326024623532053,0.007814370696184071,0.0063438175020688065,0.006121660266621974,0.014175083024444039
2024-01-09,0.0067307378557375785,0.006990540051570875,0.008690479774113347,0.0078022844745556826,0.007903307423575565,0.006903558565571958,0.005439720914797234,-0.0015182797494997166
2024-01-10,0.006660421420663007,0.006787775895219581,0.008041221401526995,0.007351490965840796,0.00759818643229539,0.006206413740371015,0.005025739373948028,0.005639492476872568
2024-01-11,0.0066921654330590954,0.006724410757181828,0.007705207237009403,0.007021380549304157,0.0072180115076510695,0.006076152856728154,0.010018845450922145,-0.00044069056713367063
2024-01-12,0.006693214614840444,0.006520451711345017,0.007160404012296642,0.006625906767569119,0.0067870909511567835,0.007676944753960263,0.005568580806884348,0.0006924735680981959
2024-01-16,0.006662363278723162,0.0063240876233124806,0.006678389855936695,0.006271343145671062,0.006239645189330984,0.007359250743248478,0.006160311943902014,-0.003678035712414288
2024-01-17,0.006124803546298233,0.006197266817993377,0.00660837138915852,0.0063898961775226745,0.006639083744619331,0.007585471603282897,0.005070536651475921,-0.005574113572440174
2024-01-18,0.00623945575974513,0.006161655100677524,0.006867244697681081,0.0069019763346256655,0.007422992786768806,0.007388642705040312,0.007135383446671998,0.00885342519663735
2024-01-19,0.006497665370220702,0.006355393160747037,0.007335809521968164,0.006885418651213261,0.007252112240549383,0.007294398631810981,0.007817879357493902,0.01238923300228475
2024-01-22,0.006908173776093632,0.006868562189942237,0.008520489011502187,0.0072471891319840056,0.0073150389761928655,0.007566323767733818,0.004082099425579622,0.002111986683231418
2024-01-23,0.006817875509535663,0.006679382234060771,0.0078382143969799,0.006808195060738426,0.006775825348315826,0.00729622924217351,0.0035712554372329544,0.0029122636446194446
2024-01-24,0.005920385038792484,0.006515072906661274,0.007297670436902099,0.006456286344927775,0.0063529500951062514,0.006768719007487719,0.005529928618074982,0.0010925081741702284
2024-01-25,0.005645894572758109,0.0063222637501928695,0.006792225862864,0.0061308330620397766,0.005883633211622351,0.006803569879214678,0.004913039997828504,0.00542421214819563
2024-01-26,0.005717244828435129,0.006272007847340485,0.006676246395541003,0.006005942541449488,0.005719522613861166,0.0051828446320339805,0.004364157349849759,-0.0012711544240389967
2024-01-29,0.005708719165172478,0.0060889036373603265,0.0063532269506518775,0.0058369867125890665,0.0056576631465701886,0.005571597373957758,0.004893915396653167,0.007888159017031186
2024-01-30,0.005894241992972365,0.006211573537794948,0.00675867162472889,0.005959303858567958,0.005667743860207504,0.005348273393725123,0.0024958469700704687,-0.0007737825156976397
2024-01-31,0.005910076049170467,0.006025325835953135,0.006390092818372982,0.005759949163208591,0.0055075249466296095,0.005391685509848033,0.006183400444938262,-0.01645189355712125
2024-02-01,0.007035555848428244,0.007096912458282895,0.0098375292367655,0.010649204742756166,0.00990314086354048,0.00600833517766227,0.006215059091030212,0.013003147599585617
2024-02-02,0.007358849815025558,0.007582157166921275,0.010223988071873578,0.010104701131355007,0.00939866025520782,0.006034750387328067,0.00895059736055341,0.010472460332326275
2024-02-05,0.007237668764259663,0.007785891496186597,0.010188573828304634,0.00966106231142701,0.009056215790965496,0.006906797426579751,0.006760050267235376,-0.0036478090818794127
2024-02-06,0.007254986328906702,0.007601400573107421,0.009509075485994875,0.009174063069216483,0.009028115981338968,0.007007291970825806,0.0037445968150347088,0.0028990359876992547
2024-02-07,0.0072506546505001785,0.007403963655498728,0.00875397693887655,0.008509865408258741,0.008324086328985394,0.007013474032338675,0.004562315278265318,0.008305930286688848
2024-02-08,0.006885309576245381,0.007461157136722791,0.008660399068353874,0.008170275164960633,0.008011563689108027,0.007626179274368288,0.0023857385963814495,0.0004415251059863219
2024-02-09,0.006844107679805581,0.007234668654118877,0.007986736432666935,0.00761729234659479,0.00732767958095366,0.005216344365162083,0.003940757551123806,0.00576276190748158
2024-02-12,0.006847082012403441,0.007154898335471726,0.007690209994927367,0.007270683795827163,0.007007395338916562,0.005511719831580821,0.005363229622147906,-0.0004390500544402888
2024-02-13,0.006847047984561321,0.0069377649049602525,0.007180040126898462,0.0068632576389723865,0.0066210245500452035,0.005535386555025012,0.010642258704862918,-0.013868752851984767
2024-02-14,0.007711419397639158,0.0075355932284110454,0.009258715162192555,0.009870877881250795,0.009513265763742822,0.006063030304513945,0.007325178725520026,0.009046563285581432
2024-02-15,0.0077668332518911615,0.00763468884910392,0.009181639063241605,0.009367140425865539,0.009075270318869738,0.006063378356649709,0.0039944690773071586,0.006876042972305404
2024-02-16,0.007608229700367045,0.0075913084123024055,0.008807156646453197,0.008814572456253287,0.008579745914658161,0.004466813835930557,0.006012678771038225,-0.00499229813435476
2024-02-20,0.007666768347178372,0.007460942838930519,0.008502208277448279,0.008663283674251999,0.008901370945496003,0.006225255869745555,0.006443942789025265,-0.005520695489020613
2024-02-21,0.00747587556655136,0.007358968180661662,0.008326107145198136,0.008634510397228488,0.009286862779823973,0.005808925111343485,0.005792120183960459,0.0009054804581465745
2024-02-22,0.00747471676042521,0.0071382309863548465,0.007697385633586061,0.008019321308941757,0.008441467310171143,0.006074744500836926,0.007403306093412523,0.020484169834159037
2024-02-23,0.008564104467893316,0.008548283684188503,0.011029795296083616,0.009151532167796456,0.00881972624350138,0.0060455278139820625,0.004487843003693724,0.0006894399534164746
2024-02-26,0.008567098677157789,0.008289588913547134,0.010032208225915997,0.008468201286905754,0.008026971407877784,0.006275862386438516,0.003350558696234904,-0.003669214495289979
2024-02-27,0.00862316953530465,0.008087152489907316,0.009378626719249168,0.008172599029443815,0.008151491236169678,0.005298847175419085,0.003924174834329868,0.001855961010254503
2024-02-28,0.008595873724131425,0.007853953701646602,0.008610197605594548,0.007626410175163581,0.007510434593806472,0.005134797220973497,0.002802696436623592,-0.0013224590947658666
2024-02-29,0.00850797332319268,0.007621577743892113,0.008000578502078335,0.007215022926194208,0.007230995348138146,0.005523583992057159,0.007150886334750863,0.0035884509664211813
2024-03-01,0.008504696561425808,0.007441489050460576,0.007505190407583403,0.006841896709744888,0.0068038009774383755,0.006461782776185519,0.005318124852073768,0.009344541376475328
2024-03-04,0.007572992557564907,0.00756917703208458,0.007871668439685137,0.00687927169616524,0.006754016149614277,0.005112561973209618,0.003524058857925869,-0.001073092526110848
2024-03-05,0.007246940521606773,0.007343295318903511,0.007341150499366029,0.006546219219973119,0.006512507451674159,0.00515995037827057,0.00835191134049492,-0.010044372622901828
2024-03-06,0.007455501350362534,0.007532722765073357,0.00830656446062323,0.008260254427923625,0.008344617983411637,0.005713139007126846,0.00580322458372756,0.005054482516653665
2024-03-07,0.0074131293146503,0.00740744659992879,0.007879913422198521,0.007786502008747631,0.007849468041267146,0.006008110740537257,0.009512786868905844,0.00987752944767782
2024-03-08,0.007626005583627939,0.007578389307915855,0.008241496881203491,0.007677918702269662,0.007686748710751666,0.006338976190252561,0.010085008310130192,-0.0060204038455429635
2024-03-11,0.007671234435644242,0.007494049718276431,0.008188522685400537,0.007949318539300601,0.008359013167107422,0.007340301547659285,0.005357667650185706,-0.0008601678559511803
2024-03-12,0.007683636263139122,0.007268805103565772,0.007625188766491933,0.007468639248408885,0.00788075431611187,0.006465029243706908,0.009373487264594837,0.010699858279855388
2024-03-13,0.007901929572571435,0.0075189503262187984,0.00821916063106917,0.007490462867418817,0.007760163538073195,0.0077441923008482886,0.004190734900453597,-0.0015686147224729103
2024-03-14,0.00791931188675169,0.00730001166413524,0.007687737407597694,0.007122261299194282,0.007498807585973016,0.006303744997921106,0.00804481760145362,-0.0019788037034459585
2024-03-15,0.007161585739751739,0.00709420185253607,0.007266388615098651,0.006847387778663068,0.007353023286072918,0.006792922787476155,0.0057791682081112065,-0.00689028338893392
2024-03-18,0.007218387238722058,0.007082132322954984,0.007575318446755681,0.007525607173693352,0.008271770085178286,0.007459699617295911,0.004616169028624689,0.005925499389508845
2024-03-19,0.007183987283464801,0.007018111920335648,0.007368793074224901,0.0071996506530375695,0.007833622221462156,0.006358245674936279,0.006031441125500357,0.005541870890081214
2024-03-20,0.00709976706368066,0.006938400479110127,0.007154762618110543,0.006905959082124646,0.007432995259877446,0.006257985707420074,0.00588127467104736,0.009206822473191404
2024-03-21,0.007081575261225231,0.007094987804018866,0.007562823711515104,0.006905870176714382,0.007288371736311709,0.006811859755899621,0.003059083653003188,0.0032991398328917673
2024-03-22,0.00707610458352584,0.006926151907159144,0.007120152075994419,0.006571974021376975,0.006837124312201053,0.005149218130721444,0.002276072377332026,-0.0018974100713961297
2024-03-25,0.005799617679127652,0.00673121796745015,0.006785727626090203,0.006379002621713422,0.006762194961762002,0.0051947374587360245,0.0021289338274606434,-0.002766814878386597
2024-03-26,0.0058699148585807295,0.006561253956377544,0.00658732684439446,0.00632443558082425,0.006873384893677425,0.005437679777674554,0.003758531954663502,-0.0018486848423837695
2024-03-27,0.005806695507556683,0.006377468809023118,0.006340417002043779,0.006168478038580739,0.00678401158827899,0.005603890752714326,0.005538596963213477,0.008368605670087502
2024-03-28,0.006006163960247187,0.006514122777254373,0.0067905096898528815,0.006243156122387872,0.0066770564690306665,0.0060155636542489534,0.002882344285251444,-0.00019104436999350314
2024-04-01,0.005983204100409734,0.006315849721200936,0.006416091806569803,0.005985530864818777,0.006289272515222794,0.005629078698815138,0.004869186906255127,-0.001741398388491865
2024-04-02,0.0060122081551218865,0.006138282197780811,0.00619088075568543,0.005877607402119209,0.006253280323997135,0.005522208090915968,0.0039025874324508524,-0.006378320920361007
2024-04-03,0.005958610808335218,0.006152948602499792,0.0066705135019691384,0.0066889244229378165,0.007228410294620116,0.005573761340244307,0.00465390188699337,0.001097881155299264
2024-04-04,0.005945115206715249,0.005971563488448697,0.006273653762459915,0.006321469886409089,0.006648505674643691,0.005881172498363891,0.009968802768768183,-0.012281066241523675
2024-04-05,0.006165150970391431,0.006524528454110742,0.00817247331379525,0.008870700033411337,0.008967950110068979,0.00599427549563083,0.008627370738997744,0.010392508732894053
2024-04-08,0.006456911596380143,0.006818765102376487,0.008557975191109938,0.008612393339463615,0.00867533618039201,0.0064353962523260025,0.0035975247956243684,0.0005592883114803959
2024-04-09,0.0061244748712119615,0.006612457355251956,0.007910079226457777,0.008019636864191479,0.007925296857744688,0.0050117034739963874,0.010089706370335298,0.0011561042031907065
2024-04-10,0.005939406649149548,0.0064172666575608535,0.007351458110275648,0.007504140206687401,0.00729951448234477,0.006795030445203687,0.006481832016150123,-0.010063728339205541
2024-04-11,0.006394051193321627,0.0066923202522075585,0.008300904158712407,0.008871530605963442,0.008930024064080097,0.007159224864922597,0.011404231198460594,0.0075187135397929835
2024-04-12,0.006171944848674165,0.00674475978328576,0.008169561097307331,0.008431522100002106,0.008494690169559177,0.006910776377797848,0.009661358837187637,-0.013899375177300204
2024-04-15,0.006898413164933986,0.0073725053598716495,0.00983437079580858,0.010737953838883159,0.010836145968720805,0.0075652558661132,0.011401773915598622,-0.012607116373303673
2024-04-16,0.007397473389701223,0.007786460566872302,0.010679692179015132,0.011923360866866049,0.012426549725670392,0.00960957695064034,0.006732259710666056,-0.0018254759153138085
2024-04-17,0.007271615509868799,0.007562484499748302,0.009821107073736665,0.011006047626168722,0.011583674195322902,0.010552457021014077,0.008561758766128939,-0.005935884781432801
2024-04-18,0.007200365435847562,0.00747487693468622,0.009461547655576965,0.010648150584696143,0.011646110023467304,0.009313222672047409,0.00846316099637801,-0.0020598467928228488
2024-04-19,0.007035961052264921,0.007264704825798222,0.008783171716774216,0.009900133744078577,0.010958346766210896,0.007547954978901175,0.009019230775893347,-0.008766625379368889
2024-04-22,0.006753517321980869,0.007363464080590676,0.009083936848407312,0.010296839179786523,0.011693157724504338,0.007485288562060773,0.011183107481461046,0.009167061334332522
2024-04-23,0.007111895359439731,0.0074839473461953895,0.009051198968277307,0.009745176152717023,0.010961594215273174,0.007149383019002193,0.009229055793730023,0.011796628460857926
2024-04-24,0.007731751158450138,0.007810155337149121,0.009506250060960455,0.009450900362822737,0.010467037470636828,0.010686495826348424,0.006738494313649843,-0.0004747200241270341
2024-04-25,0.007728310436806965,0.00757311932779706,0.00874985903769654,0.008770935286337543,0.009653414752476152,0.008145046203182878,0.009284991411477542,-0.0038061433600497492
2024-04-26,0.007746609942053523,0.007401365536744232,0.008321024463944946,0.00845480221518036,0.009577763996694699,0.009230216863191686,0.006231379835177315,0.009429413284679328
2024-04-29,0.007816822395163908,0.007538450052470478,0.008492422849527722,0.008194754112031466,0.009153471126415784,0.007920930652599995,0.005684723351195328,0.00353511214533174
2024-04-30,0.00788705927585264,0.007359915523617166,0.007926396137266952,0.007691560275306839,0.008488231066704923,0.006602267863928464,0.007998114657587818,-0.015967967260935682
2024-05-01,0.00852142471154966,0.008137371432512646,0.010262167431714255,0.011043520671330541,0.011362462502325983,0.006716199505981273,0.013565238871478476,-0.003252559339711623
2024-05-02,0.00846598362587734,0.007929599834565,0.009553364586854154,0.010342406385545616,0.010938355530338246,0.007929871692067693,0.010349234812012135,0.009310058772189139
2024-05-03,0.008786635112871276,0.008019131622853577,0.009468465573158821,0.009793515576383603,0.010333352118087629,0.008985359837937754,0.006458377695069135,0.012319103938198604
2024-05-06,0.008893803873331527,0.008339886268767678,0.009936824840106488,0.009540211028553097,0.009956857276471812,0.010838625075564576,0.003523635733758636,0.010273837580908494
2024-05-07,0.008886794971820176,0.00846838739759549,0.009924066235448791,0.00917844069725777,0.009529667768150351,0.0074628798118196405,0.0033350026722963003,0.0011028239492432879
2024-05-08,0.008889819731820278,0.008214848948616788,0.009101862832694567,0.008530955193625466,0.008713206067632501,0.006181056053689969,0.0031531818935230495,9.671275762442907e-05
2024-05-09,0.008885070183462318,0.007964626786932591,0.008395412047017324,0.007966044652303255,0.008041948600757706,0.005933721982651398,0.003984466691102619,0.00574527130575167
2024-05-10,0.008674404451756487,0.007849181588319787,0.00803735637473775,0.007582468243642767,0.007640231238128025,0.005448044606549988,0.0046460401435915785,0.0012873349506785571
2024-05-13,0.00852973016740932,0.007616594146109371,0.007471753742497939,0.007138920542872622,0.007070871694158241,0.005851863251383689,0.0040396215003298715,0.000134253430648245
2024-05-14,0.007890707824565302,0.007384635227441714,0.006994252299792423,0.006756492309403796,0.00659488315974249,0.004756701267235482,0.004185114848255962,0.00457770091357138
2024-05-15,0.007284579119450999,0.007246943351170718,0.006756400406096593,0.006502647481213836,0.00631116373591288,0.004887761122720285,0.005419755717969164,0.012306984504407426
2024-05-16,0.007584665416592623,0.007645574452876403,0.007974243512469215,0.006872941466886261,0.0064586669510796925,0.005212778521160733,0.004351689194410873,-0.002059664345543783
2024-05-17,0.007416450049427649,0.0074298084244875376,0.00752214462000822,0.006655216391027403,0.006466471170106812,0.004983993606649708,0.003327922843949591,0.0014364832035496022
2024-05-20,0.0073454086275897045,0.007212055121167311,0.007032405521923321,0.006340864296165594,0.006043307969973077,0.004856081971425828,0.003664481385359539,0.0011517365981137655
2024-05-21,0.0068699388855506735,0.006998035764269597,0.006613013732617978,0.0060701542139976515,0.005654399088170725,0.004732597409431429,0.0025429264964165776,0.002449295525287391
2024-05-22,0.006735398408355106,0.006811321252057354,0.006290116791619817,0.005857275832415351,0.005372289921960023,0.00445607283315824,0.005794154866021717,-0.0028834455866350367
2024-05-23,0.0065270031384392115,0.006641483785560992,0.0061976543494133216,0.0059157919573332085,0.0056747364972105216,0.0057616592493691015,0.008835427712212972,-0.007331079448999309
2024-05-24,0.006833074985379673,0.006684865893545644,0.006855503833798032,0.006943598557163407,0.006915689932706125,0.0062324098492276565,0.004830886448156091,0.006594598992968755
2024-05-28,0.00677565703404071,0.006679484279979427,0.006887585117900411,0.006756963217203209,0.006694711831890568,0.004879270482991506,0.0052780674198293015,0.0006987193676004976
2024-05-29,0.006587574578301454,0.006478261507301348,0.006490366557548159,0.006424435878433049,0.0062094801751561126,0.004735539745024367,0.0029914633755390415,-0.007027323960096575
2024-05-30,0.0068602793407302074,0.006512510786937113,0.0070063227300413596,0.007221875343204817,0.0072955405058403675,0.006018846053456724,0.005509903618054084,-0.00665574601825047
2024-05-31,0.005911860646952136,0.0065211936214577566,0.007322659766099434,0.007723650562044906,0.008136157828191583,0.005928981167167395,0.013471947524962587,0.009066789625285036
2024-06-03,0.005983932117878661,0.0067012542647014554,0.007665495351124268,0.0075672855631336855,0.007888155897346425,0.00684673284178786,0.010413231361677907,0.000815302803931102
2024-06-04,0.005784679562516994,0.006500175637372774,0.007149163617298176,0.0071286168578114225,0.007271770763050936,0.0070816957530357464,0.006010551085437925,0.0011171173570145214
2024-06-05,0.005290607444508828,0.006308091897638576,0.0067140181040515725,0.006747980414275672,0.006737649734151271,0.007969622308987732,0.007588059227476272,0.011815209827926082
2024-06-06,0.005426396394797462,0.0067661254039801475,0.007811704737441781,0.007008207493527692,0.00680771742920416,0.008470498588222962,0.004219333492148244,-1.8943322748228847e-05
2024-06-07,0.005437458371220589,0.006560003607804723,0.007290533261549856,0.006649712235427046,0.0063915938872376775,0.006135183444973812,0.006708879270669443,-0.0012162807591576666
2024-06-10,0.005462935075939313,0.006367133485914376,0.006893968121403155,0.006398384144828548,0.006247284691181672,0.007443224103351557,0.004078542525759968,0.0030850289978756403
2024-06-11,0.00539051926094182,0.006219245109566677,0.0065585447445992255,0.006152051725007054,0.0059298451556636725,0.005574030470547889,0.006601469933095876,0.002405207839769021
2024-06-12,0.005394896454223495,0.006058495740202024,0.006243561798715314,0.00592792534029846,0.00561493347376461,0.00558394248122952,0.005813344209931442,0.00817976780751847
2024-06-13,0.005579270527055105,0.006206252047661152,0.006677213208585113,0.00602826228200003,0.005628961210431676,0.006437805905907726,0.005633094418172537,0.0020112774649625373
2024-06-14,0.0055441567532432115,0.0060373193416297195,0.006329422514488345,0.0058163104768401384,0.005328140742057239,0.006096024589370329,0.0037340326906064023,0.00060813571757503
2024-06-17,0.004985924176054195,0.005855293424407248,0.0060225710693514335,0.0056260839107275884,0.004991179045954549,0.004755475478256147,0.008080861482945172,0.007927375662002814
2024-06-18,0.005138007490836364,0.005999832540491711,0.006464527061791406,0.005766907656558531,0.005062530165162287,0.005777330825960215,0.002242194638409346,0.0025377113499828155
2024-06-20,0.005141552508135121,0.005850171776696521,0.0061705292379580536,0.005605807786584756,0.00484921208762374,0.004448620022922022,0.006719709613964955,-0.002720455888883919
2024-06-21,0.0052302046172809195,0.00571096244449628,0.006085391535528252,0.005693031092494413,0.005183397516749475,0.005846972688326686,0.00399178635578062,-0.0013414913654254286
2024-06-24,0.005261056743028367,0.0055467253821431224,0.005895252234243764,0.005605203150596411,0.005202149163860625,0.004780103116374285,0.006217718341089525,-0.0032560366931743906
2024-06-25,0.0052765378972441795,0.005436570537926828,0.005926338853226088,0.005775667545558781,0.005605469580023273,0.006051247013885526,0.004043315078494791,0.0038436824873709146
2024-06-26,0.0049136077988782625,0.005354377178052184,0.005812132235030897,0.005651060362152975,0.0053984517908315975,0.004500225949958246,0.004224339895752885,0.0012472591725555641
2024-06-27,0.004791490297522996,0.005200243551370142,0.005590343017503654,0.005489423609537106,0.005085207480849622,0.005030868039811042,0.003301493224306165,0.0015752820100936133
2024-06-28,0.00478727051543057,0.00505656719708462,0.005411665631025996,0.005357064589682116,0.00482166979997873,0.004275553285953021,0.010372323831769592,-0.003942982169885508
2024-07-01,0.004550180972904137,0.004996755548657187,0.00564397137428041,0.005707027156427753,0.005419498242520878,0.007027722691134901,0.005089822073603057,0.00205588833347297
2024-07-02,0.00412085881914349,0.004870637808607494,0.0054693491195936675,0.005546245672664573,0.005143828119434478,0.004479814724468598,0.0039887012608135165,0.006707196795298655
2024-07-03,0.003952438464954308,0.004999891522216305,0.005829298586506382,0.005612400591941711,0.005134262996603622,0.004818619367508618,0.00307216440131203,0.004452704163877632
2024-07-05,0.003974420804026559,0.004968759883729083,0.005707775810524344,0.005464836842102623,0.0049709516451755505,0.004786943296626832,0.004505220980718721,0.005750133245436443
2024-07-08,0.004036979321697691,0.005019073842417794,0.005837823701737857,0.005467563661671239,0.004922333098773796,0.005056289896703449,0.0030602588226048525,0.0011531625964091663
2024-07-09,0.003426112897962828,0.0048743638702839365,0.005593785249795341,0.005318688878680423,0.00464833433582152,0.005738864304373477,0.002398776844504066,0.0009718951024171976
2024-07-10,0.0034043307553133853,0.00473186353955181,0.005390372841900309,0.005192993736733114,0.004393689083901293,0.005602858064672403,0.004687588987817196,0.009846779377452432
2024-07-11,0.0037225822724613077,0.0051831114641706045,0.006413514200269794,0.005587988997166968,0.004624539299892419,0.005979234361454738,0.0071280579613689785,-0.008660226248630587
2024-07-12,0.004446684471818358,0.0054546069430953465,0.007313011289105431,0.00714632851134052,0.006403248146393103,0.0067305221845421525,0.009115904314078459,0.006287847424473281
2024-07-15,0.004545344661057404,0.005508157060528634,0.007193598677325942,0.006897773100062351,0.006220136735808179,0.0065858451169117675,0.00763380846334395,0.0027463458611404206
2024-07-16,0.0043349672066835656,0.005382559938039198,0.006778714651177127,0.006557173454206778,0.005882200245439032,0.005989380195071377,0.0036836283957198054,0.00591267816960782
2024-07-17,0.00442289393757517,0.005415830516701098,0.006711933880192554,0.006381746522477616,0.0057405131587505,0.00526498968877709,0.0052395105396477225,-0.014120511628253384
2024-07-18,0.005662296196909265,0.006287660764792529,0.008978027176381404,0.00958186219698678,0.008784366880904624,0.005379920160435034,0.01117264052800778,-0.007714494423302083
2024-07-19,0.005785387710729657,0.006382272531939875,0.009053047219919027,0.009816536706162487,0.009637703963630794,0.006830425908564245,0.008076167560219765,-0.0066627518313295666
2024-07-22,0.005979205223133739,0.006399447962878525,0.008943404988628122,0.009795345166606904,0.010143814501331323,0.006333192764363534,0.005971823322993034,0.010257140725397707
2024-07-23,0.006323366101171623,0.006693899784688402,0.0091196939408857,0.009383786021508092,0.009682295808656932,0.006667325007434926,0.00505670502945441,-0.0015698654782890535
2024-07-24,0.006327454868151875,0.006501358729142683,0.00846808731179332,0.008775055551861323,0.009192589159183662,0.006189921951109283,0.008840662588098392,-0.022923224338727746
2024-07-25,0.008151093891238937,0.008441567286382205,0.01276152595667911,0.014357365131687248,0.013769260061848133,0.007952334198158512,0.014734262400291508,-0.005223782673843836
2024-07-26,0.008170065797845988,0.008283823337137277,0.011879486696310266,0.013448063377073181,0.013379695457241013,0.007934169335439148,0.008161066551351261,0.011137229224869242
2024-07-29,0.008555667390533076,0.008482139931908874,0.01162219814285667,0.01259037171235054,0.012505005832394143,0.007879928171458873,0.006351744108436431,0.000587721377945593
2024-07-30,0.008548747487667872,0.00822499975319755,0.010586154425289051,0.011546833252324671,0.011253596406797794,0.007677748061619823,0.012166386811061473,-0.00507945661027887
2024-07-31,0.008577571112083788,0.008070912987452912,0.01000993589619702,0.010998427651016638,0.011209124018852544,0.009325243312718848,0.008554822669440342,0.01612400909867429
2024-08-01,0.009282520601596204,0.008765288268438283,0.011166064449981498,0.010852306840875313,0.010892706662420848,0.008575978641773202,0.01958340306170153,-0.014262251516935196
2024-08-02,0.009697221721857295,0.009188317083287436,0.012043110585780887,0.012481872931561182,0.012840672366866996,0.01171652066087875,0.012428757074242337,-0.018793893036102658
2024-08-05,0.01040202730862727,0.010027576252554647,0.013846445633448678,0.01510963894509462,0.015608320141919286,0.0097904091637519,0.019684387937373655,-0.02955627742129681
2024-08-06,0.011895537665854649,0.012121615423326614,0.018036081143148405,0.02054701464003,0.02031803563951857,0.012923314735591303,0.018299963629017695,0.009177405725122819
2024-08-07,0.012171791341174102,0.011965409871516265,0.016591515567033154,0.018774184117450722,0.01822596110735297,0.015261664673836793,0.016419345666822897,-0.006706314330524952
2024-08-08,0.012164060761556662,0.011716622828433304,0.015303063926479812,0.017462627672059732,0.017384257067951027,0.017086700635204184,0.011569914917425697,0.02285409726696231
2024-08-09,0.0131573189342166,0.012664165238451567,0.016634058386562442,0.016824741416352144,0.01644853077015896,0.01475018961757088,0.008169349243694586,0.0044000587291470284
2024-08-12,0.013168957452127723,0.012325576957075611,0.015054653807773148,0.015347385891648522,0.01475789647478729,0.014617536199185797,0.007298214280340644,0.00052532005226861
2024-08-13,0.013045913426098333,0.011950782993375146,0.013593334757595898,0.013998740850238547,0.013146886199261234,0.00885130256688766,0.00542995703442049,0.016311545326634827
2024-08-14,0.01363239128725066,0.012256260929093819,0.013913477476050538,0.013377259073405956,0.012554317784908191,0.011138925749931966,0.00727654441548022,0.0031499856356211283
2024-08-15,0.01356861523897206,0.011907910001951936,0.012619258105100567,0.012258162802232941,0.011397657595529782,0.008613267988535398,0.0047979327987403815,0.01699500857259861
2024-08-16,0.013853437306213643,0.012272743799194774,0.013308374509806304,0.011961984451760704,0.011103622926263988,0.006777306941609062,0.00414165133131392,0.002239582094573738
2024-08-19,0.013758177195433055,0.01191150576612938,0.012065742710690752,0.010992076955875441,0.01011185219950497,0.006087302870321019,0.005692110967166401,0.009515837873381946
2024-08-20,0.013810955708026875,0.011781511009437237,0.011542998605499101,0.010364205905807396,0.009619879403125925,0.006414941816895096,0.005157326964253038,-0.0016273260564742046
2024-08-21,0.013651464476997534,0.011429551739731798,0.01056619263068769,0.009640200474425199,0.009148368109017096,0.005022569388974964,0.010870489264955565,0.003430549994761013
2024-08-22,0.013659975110403528,0.011113176602075893,0.009708354073139209,0.008961196634227475,0.008483892320111762,0.007051137041330565,0.008899763447115789,-0.007879316198772308
2024-08-23,0.01272820191461099,0.010946120315582394,0.009674655007479334,0.009382641137800032,0.009450777265461644,0.008804961059302467,0.007869121047564926,0.010569256361582144
2024-08-26,0.012789829993719453,0.010923875125962578,0.00976168355481269,0.009052044536747435,0.009104515772862204,0.008565689605395643,0.006454312715999802,-0.0023867367744787138
2024-08-27,0.012649255633676727,0.01060721337804635,0.009069869341442001,0.008556331247002424,0.008848609192494652,0.009216968632305702,0.004823275546942681,0.0013721568299351415
2024-08-28,0.012647867277116665,0.010289565878622741,0.008356681554060294,0.00798706192867654,0.008122777049663528,0.006302938706790927,0.009029125849513398,-0.005822166247760253
2024-08-29,0.012668050036507008,0.010077525152599711,0.008266421170791346,0.008169419037167908,0.0086994633075544,0.008202164766323876,0.009244542378995345,8.951821015109205e-05
2024-08-30,0.012211919805739482,0.009770547744103191,0.007673135875618964,0.007653063531416913,0.008032619947004223,0.007613416169475301,0.009707346214564355,0.009500711609878811
2024-09-03,0.011857091181349233,0.009754568073075153,0.008011117965821546,0.007529901680415444,0.007822776945829156,0.008073085113075515,0.012769854000815015,-0.02079380724062509
2024-09-04,0.012037253560215682,0.010741761846565863,0.011878664258982409,0.012914102403628119,0.012262569612264091,0.010113994364356322,0.007378307932815769,-0.002048748622708571
2024-09-05,0.009746458797038357,0.010426608411625555,0.010878018618518073,0.011911258046896623,0.011507427874264165,0.011966496737010066,0.009920119885969072,-0.0024352279710155326
2024-09-06,0.009707423562499876,0.01012655584626219,0.010035721673540617,0.011054530406729532,0.010932639841453588,0.010347173946589072,0.013287458063864777,-0.01697316571595218
2024-09-09,0.010423271119048613,0.010662063898433988,0.011933973682984898,0.013488106172273027,0.01351674504986124,0.010983121817850328,0.007258453691988153,0.011133871189323036
2024-09-10,0.009523009357539448,0.0106909595191198,0.011668077760929168,0.012609208691369857,0.012620585804835289,0.012143523932246105,0.008714084298572723,0.004346099383515008
2024-09-11,0.009522164856447121,0.01041979526210444,0.010712613019571516,0.011600959238625363,0.011533647656670976,0.010550915317316676,0.02199384499658138,0.010206795264228104
2024-09-12,0.009710654303014607,0.010407138198365381,0.01053517895160177,0.01092701996426855,0.010883884163506186,0.013410356864372534,0.008349872680268431,0.008388118911093636
2024-09-13,0.009264423380740712,0.010297166905663038,0.01012864345562555,0.01025557153861662,0.010238176601558681,0.009366948190976856,0.004350923924472741,0.0052090359063868075
2024-09-16,0.00929388819032591,0.01006468036305867,0.009450596665638706,0.009553686932386535,0.009528847851465145,0.010843765657339457,0.004507371018348763,0.001475923113059006
2024-09-17,0.008597165806470457,0.009764764426449118,0.00869706807458803,0.008874706559445259,0.008737541652491961,0.0106235296345739,0.008079487121459934,0.0004083748900554105
2024-09-18,0.008591479738810382,0.009467818811577091,0.008050480316946213,0.008280043878177396,0.008024785725953398,0.011134557609697015,0.011102171231224747,-0.0029701369002973965
2024-09-19,0.008383801842261791,0.009208176815109078,0.007679101538052989,0.00796938355562271,0.008033474727012891,0.008350998898371676,0.006956092413920952,0.016920307923775156
2024-09-20,0.009130684580669571,0.009842809469706082,0.009846897183105564,0.008485940478273151,0.008209650599962696,0.00809009411113847,0.0060111820224852475,-0.0017301318311112323
2024-09-23,0.009132442838837167,0.009552363358389434,0.009109800703449036,0.008028557271700085,0.007956857110072938,0.0075812342008599355,0.0032114892410290987,0.002495817124092393
2024-09-24,0.008918145251985192,0.00928151567223122,0.008425264469018624,0.007558632154466881,0.007417382157259793,0.006168744015377284,0.005357881877766242,0.0028573552999647143
2024-09-25,0.008672046222786643,0.009025940944968315,0.00785378326155322,0.007160202230558851,0.006962307285390434,0.006778874850901515,0.0040857872245213585,-0.0022082150336584696
2024-09-26,0.00866873321237862,0.00876767507174078,0.007450531046222002,0.006944375811328166,0.0069602478582545604,0.00544363397122479,0.0064289262493726,0.003956909635882481
2024-09-27,0.008693715303200067,0.008555654657932354,0.007096369617666975,0.0066628698018556575,0.006614279824281926,0.006148205711074141,0.004918433422174305,-0.0014513072431050762
2024-09-30,0.008572489868690013,0.00830262913727242,0.006764899366859014,0.006457635044950657,0.006509327611422707,0.0055803385944539746,0.008070910130066375,0.003999329590234304
2024-10-01,0.008588329618569387,0.008109088098294363,0.006532425397244889,0.0062537299125330235,0.006219207128959656,0.0063779001549694415,0.009982500323653849,-0.008998908950549243
2024-10-02,0.008668827257791683,0.008165212363237214,0.007514441907135656,0.007724321417199661,0.007799533910081058,0.0076278840992055124,0.006581811766106569,0.00042210193623655316
2024-10-03,0.00716070546585635,0.007917142259883337,0.006917379778340485,0.0071741946960515056,0.007087304363704767,0.007537077447014089,0.006249595693617882,-0.0018300683137870755
2024-10-04,0.007155334334940395,0.007689032583584519,0.006618139270164922,0.006902475702879537,0.006968386451102615,0.007049026553412831,0.0075774819893883,0.009046446555651785
2024-10-07,0.007270754796131512,0.007777161465740236,0.007101848019556445,0.006894088054793876,0.0069059260697865955,0.007199602111268668,0.006322360130270878,-0.009081679333255575
2024-10-08,0.006383971890149453,0.007861539289927132,0.00788435872713768,0.00811869386366762,0.008340344328568752,0.006884608640126893,0.00505616204569499,0.00941320719075716
2024-10-09,0.0062778395847918195,0.007963170234499025,0.008137166442208972,0.007928052114302092,0.008121338727243887,0.006475612356317189,0.005452733678832288,0.00690247597092669
2024-10-10,0.006341464553937678,0.007903543878814605,0.007950069876936494,0.007611919499377221,0.007789173104044067,0.006245196480311989,0.004411582899431094,-0.0017513787489934084
2024-10-11,0.006153107768814377,0.007674769387091216,0.007485712692280468,0.007268936168784042,0.007565818158660296,0.006146595859018565,0.004499424898058943,0.005970301142608575
2024-10-14,0.006048844271297308,0.007583312586220914,0.0072991079600198995,0.007004932410665732,0.007252634623941017,0.0048994836638621315,0.005148535467094745,0.008144974640886798
2024-10-15,0.0061629778802637005,0.007618180144073628,0.007460029408943355,0.006911948892587256,0.007102300393175795,0.005014764161487012,0.0067570117535490975,-0.0078000757963623
2024-10-16,0.006524216741080679,0.0076292161806337635,0.007882594260949581,0.007775807664577737,0.008211681050641411,0.005500669501837174,0.004517085342564507,0.004336972339923714
2024-10-17,0.006545895833040349,0.007472697163918071,0.007470292182148981,0.00737270283287223,0.007725340219350547,0.004804224969812987,0.003434879356605192,8.599310950827673e-05
2024-10-18,0.0064693518955522885,0.007245079324500485,0.006995172136331409,0.0069700276794908075,0.007173144090344472,0.004952572680821438,0.003925172889199029,0.0038389941767439863
2024-10-21,0.0055081897368901124,0.0070870287519206945,0.006684436122527051,0.006665765160552581,0.006790290101408004,0.005482577154971133,0.006023494774110544,-0.0016434484965963396
2024-10-22,0.005505862952240091,0.006882911688840374,0.006409466197025236,0.006455991382167721,0.006673111271698947,0.005795868082912961,0.00511588421647436,-0.0005311267774732854
2024-10-23,0.005511832645688005,0.006674498532220819,0.006114473295980492,0.006204042349432201,0.006362345178616494,0.005067082100059625,0.009586431358582177,-0.00917964088710965
2024-10-24,0.005932759887824988,0.006850689251907322,0.007214128051785668,0.007680834598207897,0.007916102173629645,0.006897303741738915,0.004902179170795286,0.002160499091810152
2024-10-25,0.005907587050336069,0.0066630392473832345,0.006782827539723482,0.007241204122843963,0.007348530247739581,0.005892647287543472,0.008530902925116452,-0.00034532770832045045
2024-10-28,0.005865716244971305,0.006460609999451074,0.006422138667124757,0.006868510953018572,0.006921174188733999,0.006237633112338657,0.0022161972680663166,0.003086657296508533
2024-10-29,0.005871596402736357,0.0063092598509708045,0.0061538840793293895,0.00655854196995789,0.006527581585748946,0.005558140287685237,0.00590883828411006,0.0016168706970491015
2024-10-30,0.005829015902469311,0.0061298621947076725,0.00587128292849694,0.006268644650522823,0.0061004788965831344,0.005896410677796388,0.00550319728795463,-0.0030297098042621298
2024-10-31,0.005468862090128381,0.0059892776179120725,0.005873882874466144,0.006284627147794208,0.006339799481844274,0.005282615655515729,0.005542861716100799,-0.019797856315194446
2024-11-01,0.007101654001389176,0.007565478602308135,0.010388136042843032,0.011792534640186137,0.010934787189256138,0.006083740459451536,0.007103199023019396,0.004211787176001094
2024-11-04,0.007146831973719676,0.007407201061535926,0.009604221720443805,0.010878429861210877,0.010075634692247006,0.005737961308322703,0.006452365127649924,-0.0021564475073458473
2024-11-05,0.006871729348972775,0.007200947567034084,0.00892437586689841,0.010128401413595209,0.00962518704802597,0.005687016772763393,0.004834752432949155,0.012019404124795185
2024-11-06,0.007058148251105642,0.00757696454012372,0.009442859726187339,0.009795487973070519,0.009368740880122269,0.005814451126717903,0.008901301450355581,0.02456146545379164
2024-11-07,0.008595466139072028,0.009495351665842755,0.013143060780793131,0.010879356619245018,0.00987196896629345,0.007446198375385586,0.004020991929141076,0.0077022165982762085
2024-11-08,0.008622505082371798,0.009397417171443816,0.0122492233946805,0.010188415483042928,0.009345620431695458,0.0057529550047499284,0.004120673015444488,0.004322387626936474
2024-11-11,0.00860984593050469,0.009172444854691026,0.01122437052321322,0.009469240246287838,0.008709941938020358,0.005873982018090309,0.004189051659546506,0.0009523724227901015
2024-11-12,0.00855748032811567,0.00889607445615809,0.010239277489483061,0.008792435411680753,0.007980756484662743,0.004999705848283119,0.006462700810055187,-0.003111074729682036
2024-11-13,0.008475893794280598,0.008658663837114704,0.009534688034661504,0.008407804362610832,0.007996028478565955,0.006074555371752682,0.005908178173728786,0.00048575555089007405
2024-11-14,0.00823447594570613,0.008395729234844445,0.008769088919232493,0.007864447174047735,0.007342879566887806,0.005568792810127664,0.0052803583209020824,-0.00645088279218114
2024-11-15,0.008377924857008997,0.008291912116613388,0.008680681421074636,0.00818392212701147,0.008126030721801982,0.00494716586887779,0.007458825156186696,-0.012891447710536734
2024-11-18,0.008902778328679533,0.008637234719577308,0.009907269204221936,0.010183072638612116,0.010246970576148899,0.005656402703142287,0.005330046711373129,0.004088904662761587
2024-11-19,0.00890794301205599,0.008433792899133616,0.009182446768739446,0.009459039394304947,0.009476742236854237,0.005792329932990953,0.007035125779476331,0.0036488180625069496
2024-11-20,0.008925379788878775,0.008225567658268006,0.00853417564555224,0.008815321269666419,0.008787868270028169,0.005669999938963648,0.00866415620208479,0.00033884693030040655
2024-11-21,0.00892217249165751,0.007975415634136592,0.007905740839845491,0.008220956741191469,0.008059253612470882,0.005273287703213989,0.010719311869429074,0.005353982844241787
2024-11-22,0.008687666492641974,0.007842877482326411,0.00758426631576988,0.007791283433070764,0.007647499866685665,0.00780893100603157,0.0035048677686635716,0.003094694540576657
2024-11-25,0.008694818270661271,0.007641643254469827,0.007140521719332004,0.007354160813728189,0.007166720258210654,0.005894791580010118,0.007442276680431699,0.0033862035942784905
2024-11-26,0.00869723150470172,0.0074551332260251015,0.006782555708635669,0.006984659662110335,0.006761166326802313,0.006247852155663337,0.0038952570377073425,0.005207999689768441
2024-11-27,0.008728882384434398,0.0073397320372636295,0.006643572524612206,0.006730902999515116,0.006503906310710537,0.005517615861609203,0.00451339604341103,-0.0030348669108593877
2024-11-29,0.008787203189023434,0.0071548578900004585,0.006508517199630271,0.006669523114536725,0.006697534043768061,0.005408645260423006,0.004193033108554238,0.00619295331613714
2024-12-02,0.00878645390345062,0.007100819120854082,0.006546440387776515,0.00651346979126463,0.006502190384854216,0.004977157641858211,0.0024069280103997796,0.001790963240444145
2024-12-03,0.00726190508196823,0.006898462670449051,0.006157462510935994,0.006162422373506881,0.00601843290886542,0.004998421234498547,0.0024143820004055238,0.0004635720682117777
2024-12-04,0.007272648559536519,0.0066892715542419025,0.00587768425021139,0.005924169423511829,0.005602690505812474,0.004935723480018073,0.003220369974475584,0.006190198461458886
2024-12-05,0.007223887127158423,0.0066603818291702584,0.0060461773718801,0.0058845291717689345,0.005525184471487928,0.004984375349548132,0.0027151891866474976,-0.0016468536024237565
2024-12-06,0.006988379976239105,0.00647006743017334,0.005890931429422434,0.005814418885653846,0.005577038510518004,0.005051884459034969,0.0027519648075779142,0.0018938421023573637
2024-12-09,0.004805926480828483,0.006290092564696496,0.005663608644484687,0.005640709974423857,0.005264965188741365,0.0049162078186452875,0.003684545110854543,-0.005163034061252135
2024-12-10,0.004773210728095905,0.006228223169344698,0.006061397824679606,0.006247340682375793,0.006111941622141098,0.005368857311718468,0.003959751126813739,-0.0031140656125022573
2024-12-11,0.004768414737952026,0.006086473715927025,0.006053217190122535,0.006300067403717453,0.006390461079239922,0.005283638614838385,0.003446350660778801,0.007701141449924638
2024-12-12,0.005030174244517693,0.006195232629602793,0.006434176748561358,0.00628405282504544,0.006301199862880584,0.004350004060299212,0.002761451790814403,-0.005165913499901922
2024-12-13,0.005126806776810739,0.006138342824582997,0.006642512779524091,0.006723960673655203,0.00699521462119129,0.004226985268177771,0.0052859172976172,-0.0001986415474580235
2024-12-16,0.005129670982245373,0.005951543075711171,0.006298774890895416,0.006411771437967087,0.006583328980474614,0.006626119680869577,0.003372967778727448,0.004260893044531318
2024-12-17,0.004926589981591576,0.0058638661014162805,0.006142547632909484,0.006196018053997496,0.006278694684688398,0.004626963065527225,0.0031182996926625486,-0.004128563775186063
2024-12-18,0.003961894566542926,0.005774472482120366,0.006254115837525122,0.006438172727553298,0.006749476400736947,0.004499255354346177,0.0185148392331726,-0.03025662357994095
2024-12-19,0.00793231398378768,0.009288253696333546,0.014502172249605825,0.0169334785307319,0.015506564823067337,0.0073474284534765675,0.007643662526622478,-0.00030704645349531975
2024-12-20,0.007884375636141206,0.00900561013897908,0.013085125193564265,0.015346989739152397,0.013874474409958476,0.006138702450121846,0.017315586730948733,0.0119393312611692
2024-12-23,0.008328207860752153,0.009208029702091636,0.01269517197653477,0.014207425157279496,0.012937297534740046,0.014738014991769957,0.009609420312839059,0.005970465013517244
2024-12-24,0.008348300060692522,0.009046509242994431,0.011676799001927514,0.012987452966984628,0.011830099872654338,0.010341713812198195,0.005031659173150482,0.011053541106187552
2024-12-26,0.008659161461988222,0.009179314569930552,0.01141350047082165,0.01211905123413226,0.01116215310460882,0.008712953563515941,0.00563588872927088,6.683036504476618e-05
2024-12-27,0.008636422521299963,0.008899690724580068,0.010379345764942148,0.011082179719296785,0.010129897767186242,0.008345152103368362,0.009266801819184935,-0.010582411670752774
2024-12-30,0.008886389700224059,0.009009521158182768,0.01067003744281793,0.011677933431554537,0.01140784589136316,0.010091455401309367,0.01029691950556264,-0.011477115381013247
2024-12-31,0.009202158557340226,0.009176308291350278,0.011070110405605866,0.012358613527278383,0.012656710646002767,0.008088703782628343,0.007362297869833844,-0.003644789666618199
2025-01-02,0.009083822669986483,0.00894144425298636,0.010265122419053245,0.011502845386661298,0.012090143147395644,0.006004203781117951,0.013801777157530913,-0.0024601731291784743
2025-01-03,0.009062120857185756,0.008689971629357541,0.009525326246438055,0.010643096768193566,0.01138151107754473,0.009615021573430433,0.006723857841987692,0.012426055631793395
2025-01-06,0.009545700635462579,0.00895818519666579,0.00996235583741166,0.010235422820414735,0.010867101557553206,0.010328054925771298,0.008379330785023596,0.0057440328939620195
2025-01-07,0.009529865422084985,0.00879850964254239,0.00936087911905252,0.009538844051074169,0.010083904555541678,0.012638215224472154,0.010884849461655036,-0.01136849654505707
2025-01-08,0.009804525732014235,0.008973489200740993,0.010029690069805025,0.010690505321015705,0.011515776619647986,0.00895841675283733,0.007502857728550182,0.001459872995543834
2025-01-10,0.009797964128677807,0.008707466432864006,0.009214140902278,0.009856860854341773,0.010425403506298185,0.01057605928415411,0.00808075793561991,-0.015385018180482364
2025-01-13,0.010243400037367817,0.009245144695650392,0.010867286601103397,0.012136439176205032,0.012713673547995652,0.007531142068600864,0.0058154019507743885,0.0015492396610574451
2025-01-14,0.01026365420313879,0.008971529804249966,0.009942796604791457,0.011129606202388865,0.011452784070319895,0.007808277275484844,0.009056969032033223,0.001374983513596442
2025-01-15,0.010069174419630475,0.008704738995891399,0.009138150802572324,0.010242120673529729,0.010367271706092944,0.008296751696328318,0.00590118231510431,0.018026520303546564
2025-01-16,0.010924399187296147,0.009524886255627805,0.01098354916181659,0.010391377381772983,0.010299812444538637,0.006529671167305305,0.0036258604784758066,-0.0019250258231096
2025-01-17,0.010926467756838963,0.009246750464723645,0.01011380869150634,0.00967993790666925,0.009785373826961796,0.005755974498877579,0.005133777669651909,0.009989888126204568
2025-01-21,0.011129849994255444,0.00929301470965692,0.009999112347920988,0.009261906822177752,0.009373600955893274,0.0061403823943965985,0.005313001735795455,0.00911184153609896
2025-01-22,0.01129192879993483,0.009282244040155624,0.009776830548164035,0.008855610625220977,0.008973324844241265,0.005971875304252441,0.003294385592343072,0.0056057265506004325
2025-01-23,0.008945419263841528,0.009103620234025073,0.009191759396172587,0.008342339969769847,0.008446031343232687,0.005025772248247355,0.0032891246733036832,0.005443282562212271
2025-01-24,0.00896664868058595,0.008926427436917567,0.008683152581717792,0.007896649717276258,0.007980771582528657,0.004567078679283675,0.004938732239808945,-0.002923547658573923
2025-01-27,0.008729970664065154,0.008684069796706993,0.00821060313123287,0.007637429420631336,0.007976578651866146,0.0057328238990038425,0.004252204138355842,-0.01424626368048949
2025-01-28,0.00929008392223115,0.009114035652293443,0.009901087292008247,0.010350185573291338,0.010504951399887658,0.00454752933792207,0.010125290412185909,0.008555639615600547
2025-01-29,0.009161602261226288,0.009081500166432934,0.009620180836779527,0.00975356217770977,0.009916983495149505,0.0065199910726290175,0.0063416516174949495,-0.004493100456406383
2025-01-30,0.009220119250785782,0.008873359209410361,0.009143004673201734,0.009394775315147626,0.009944619470797483,0.005769395897215401,0.007947678502042371,0.0053528293103320265
2025-01-31,0.008954328106169949,0.008702383600899642,0.008634204678286867,0.008798072611380374,0.009271465452505956,0.006434194966276001,0.010070136085981876,-0.005336161184346564
2025-02-03,0.008627797736695024,0.008537919447271343,0.008423513824004135,0.008732819506076817,0.009560654052211001,0.007381316922242741,0.012100267555884002,-0.006752394526380682
2025-02-04,0.008738973796096866,0.008441445035608673,0.00845527727942582,0.008947732098498987,0.010093329702277247,0.009626899489638605,0.004997742681027388,0.006686029042375814
2025-02-05,0.008788791097068519,0.008346537826738686,0.008212920400460138,0.008462509646192603,0.009467089137730242,0.006418499662141648,0.006685060662484769,0.004046199889265624
2025-02-06,0.008445529172590064,0.008152736723593039,0.0077607616998140215,0.007966100727945074,0.008800099406142662,0.0076154097127062925,0.005209081947647451,0.003469588042460968
2025-02-07,0.008395776065508035,0.00794992903051546,0.007342128338524384,0.007524503791313276,0.008193318058731228,0.006871722783112922,0.008248579995907975,-0.009195734788507786
2025-02-10,0.008249546652658802,0.00803012961245663,0.008064541157099123,0.008611109326098633,0.009456527888478106,0.006122917875199816,0.0036461890673318365,0.006768338924216317
2025-02-11,0.008346007482183823,0.007960064535219887,0.007896010241918215,0.008191702581993402,0.008930948213302838,0.00594104425166742,0.0033170096098986733,0.0007603451821600064
2025-02-12,0.0074331363464429055,0.007719815881763988,0.007386072983959225,0.0076870363114097395,0.008169617394739146,0.005185593276900364,0.006605803991695338,-0.0032267953523621657
2025-02-13,0.00751997463179062,0.007526257789113852,0.007158095603156095,0.007498857851084616,0.008194252412258842,0.0052977257773299735,0.006700968454660818,0.010502226223428519
2025-02-14,0.007756277344826536,0.0077371628048393355,0.007803125137966693,0.007497011219043591,0.008036718832238615,0.005871052157926047,0.002586290009937094,-4.9153363785846196e-05
2025-02-18,0.006863860401752676,0.007501467318842643,0.007317777722068516,0.0070963704242753235,0.007485154985292279,0.004391815349544512,0.004152606493534213,0.0029314660104285033
2025-02-19,0.006830077250030949,0.007308303551286182,0.006939413796381948,0.006768617686907576,0.00702076005525551,0.004369994065473225,0.003627343571939413,0.0023521747666686295
2025-02-20,0.006557288116362085,0.00710904960721578,0.006596240256413827,0.006479453750489462,0.00658418495915923,0.004781694895776749,0.006170120911688372,-0.004169042434476104
2025-02-21,0.006395296614441336,0.006967720289162827,0.0066230136178168746,0.006658552018602813,0.007011854252653089,0.005711416202808605,0.008273278201494958,-0.017252150441072936
2025-02-24,0.007367597371102585,0.007968336097129401,0.009758086581997054,0.010889555404200607,0.010585764984501861,0.004984162001116328,0.0068770119052238435,-0.004560658050286892
2025-02-25,0.007286176376298626,0.007805939626880629,0.00927154981273905,0.010367273717930338,0.01052280814180989,0.005745576607046295,0.011042881879782595,-0.004985667960468419
2025-02-26,0.0073273239275281525,0.007666038413138657,0.008908643925650283,0.009979382273145418,0.010551215796954522,0.0071063081697146915,0.01057878034371648,0.0005047276523352883
2025-02-27,0.006681395277029824,0.007433528183493779,0.008258695767122421,0.009244861731638509,0.009563699403345567,0.007489163849200706,0.011784652968353192,-0.01609079855614156
2025-02-28,0.007178499534779132,0.00821442199244525,0.01038553259688669,0.011924094320060802,0.012182800263623702,0.008173422740053582,0.013593133379582055,0.015485094796137074
2025-03-03,0.008042079370540932,0.008821304586085394,0.011237544259667507,0.01155472125943346,0.011719984880324106,0.009124611866250186,0.019142565245502976,-0.017675163929164895
2025-03-04,0.008729330270676374,0.009585988468584388,0.012798934792274883,0.013953896525684007,0.014259865632516598,0.01411942502804225,0.0184241159454111,-0.011907507261230079
2025-03-05,0.008980213199076862,0.009740894629099408,0.012785591113081864,0.014179165242156828,0.015061037519118487,0.014083113731172995,0.01483919439143097,0.010690567257336967
2025-03-06,0.009320562156958444,0.00980047040614497,0.012302517105199348,0.013191157442846956,0.013907035661378473,0.010430611315132263,0.014014780111236965,-0.01791064955282235
2025-03-07,0.009814199033233852,0.010465837234309586,0.013631618701305607,0.015173437168127364,0.016080775869758316,0.010208819958916739,0.01577825309456345,0.005589214198181434
2025-03-10,0.00987015785111156,0.010238949311103479,0.012523157227130353,0.013892844477382957,0.014505674420360246,0.011556835130823635,0.018405685199275084,-0.026996709750957863
2025-03-11,0.011139565981299114,0.01192791927614676,0.01617019626023231,0.018661461182355076,0.01869194766676814,0.01405729695376452,0.017191379680343847,-0.008347592381907083
2025-03-12,0.011120298569125739,0.011743921009494462,0.015101558277323209,0.01752046945234136,0.018036210728607723,0.013766582522374964,0.01327474356538514,0.0052924115487716404
2025-03-13,0.011055338529567455,0.01145971539946368,0.013787501440202448,0.015972063311407637,0.016131056486806617,0.008724412880808427,0.010585567319338364,-0.013419953983158109
2025-03-14,0.011197267780673571,0.011586685561846733,0.013830155558759365,0.016123902411836602,0.016915439650103618,0.007907625907455704,0.01609260343395836,0.020445167661433877
2025-03-17,0.01244729057112697,0.012299451134616115,0.01489154238679852,0.015460916646507736,0.01594135574754511,0.012813757900724813,0.009171519389230514,0.007681745675809987
2025-03-18,0.01230517424216542,0.012072301409329978,0.01376763263510557,0.01420054454645454,0.014490227313901592,0.009646685568466285,0.007283531324408422,-0.010867171874899478
2025-03-19,0.012382005841087243,0.01200340614626383,0.013400954550116629,0.014164658303372442,0.015046635137215204,0.007414258523707677,0.0124320973610564,0.010831906618755681
2025-03-20,0.012717419803460753,0.011936358976894127,0.012834763027629108,0.01318063271352918,0.01389222689603692,0.009794051909022137,0.01129239140255617,-0.002895991331383918
2025-03-21,0.012646256187210178,0.01159445003591163,0.011780841970256962,0.01219398722626715,0.013016334642127859,0.00860545083922108,0.008065745150562678,0.0003298658763302372
2025-03-24,0.012678400069567934,0.011241526765832038,0.010755234011753162,0.011197727289794535,0.011698048227468236,0.009961042991530056,0.005807717712310581,0.017750086193809182
2025-03-25,0.013090973779818132,0.01173428916375263,0.012037085624045919,0.01113141344510004,0.011412402553452012,0.007685679809831957,0.0039052442309398193,0.0024009971253177113
2025-03-26,0.013109825864994118,0.011392006709952189,0.010993387268186737,0.01026888577822241,0.01039124269348562,0.005399381771265571,0.010214677939895956,-0.0120100659661846
2025-03-27,0.013288296261342168,0.011430032761875457,0.01138033675454894,0.011372120382440721,0.011905946724356367,0.008565644942021524,0.008675349217574195,-0.0026592845740137966
2025-03-28,0.013276908265305552,0.01110095570966882,0.0105060329190766,0.010595683850455007,0.01128878587371968,0.007802028166770748,0.010443434800899841,-0.020343823330424816
2025-03-31,0.013530862319435889,0.011860422145519075,0.013008106849244028,0.01426479457603453,0.014592968159556291,0.008637203102191996,0.01643264217880661,0.006690341369994916
2025-04-01,0.013081130932764959,0.011615294947634695,0.012062565131564364,0.013115986288367819,0.013305380934596787,0.010757316033421501,0.012927071480728846,0.002820377385503122
2025-04-02,0.012668402497255146,0.011282616887633587,0.011026472104502272,0.012024881399046334,0.012025919743842635,0.00997691483405104,0.013931544912784621,0.006308494357111239
2025-04-03,0.012561610267248604,0.011047507559008502,0.01033275375000925,0.011134539076064365,0.011108038072764915,0.011449724624959216,0.012942795590092296,-0.050536534960503074
2025-04-04,0.01629178542243552,0.016369516175477456,0.023164408230383286,0.027331357965383885,0.024514788812142273,0.01013936235288753,0.020962852319213004,-0.06032656014450251
2025-04-07,0.02027156208731424,0.021685041566991792,0.032620744409116276,0.03930090111292719,0.03469651295979651,0.014004563426067991,0.0643776255886333,-0.0017827814203064058
2025-04-08,0.02012738853902718,0.02102896252010516,0.029397178744426596,0.03567116725139743,0.030151738415169785,0.014064053622807939,0.04583717590613867,-0.015786671024523878
2025-04-09,0.019691431310308094,0.020751803962881413,0.027353921855064814,0.03337772120202326,0.02892750516548197,0.014064053622807939,0.043146754503424034,0.09986289644408139
2025-04-10,0.030266177104285637,0.03167262241784076,0.04739991867056077,0.037571388964785624,0.02955155247395621,0.014064053622807939,0.03689819276626686,-0.044808159689229236
2025-04-11,0.03172721665225173,0.03261030482313605,0.04654378467066539,0.04089088475336605,0.03441671222085548,0.014064053622807939,0.02073135142841399,0.017685508564705313
2025-04-14,0.031935570134784465,0.03191226558252979,0.04241871258859788,0.03728730384342973,0.03027323367614316,0.014064053622807939,0.014547818931612383,0.009654564485726522
2025-04-15,0.0316522162169223,0.031030336283351223,0.03832710974005353,0.03389378474421245,0.026544157618715238,0.012998403808342872,0.00942766440062035,-0.0028047392406681144
2025-04-16,0.031576041476862195,0.03009287054102483,0.034523582040896617,0.03081143515972686,0.023636628168567698,0.013822239451736313,0.026229541808760658,-0.022478680983856872
2025-04-17,0.0318322729862947,0.029691134567095743,0.03251770596793587,0.03023979449713524,0.02495422044337,0.03093458792330826,0.011250681779246034,0.0014256749196053591
2025-04-21,0.03169442509326124,0.028788741141409568,0.02928539766546499,0.02746720532733482,0.021808826479582395,0.013583623910346267,0.018632387754365386,-0.024090563717786426
2025-04-22,0.032013259117457435,0.028528677416436714,0.02829845501352625,0.027815112663257285,0.023822495772223205,0.01691739776718726,0.01252500411728926,0.02568505548438023
2025-04-23,0.032672482823374836,0.02836610007627734,0.027448830285005558,0.025896112350319363,0.02191589387645425,0.014040279829154376,0.016349552463493906,0.015376528663946976
2025-04-24,0.03260038587621476,0.027758669880783723,0.025445835579118184,0.023779723924910595,0.019879715951348836,0.01570296283422351,0.01248035040200539,0.020830549392469144
2025-04-25,0.03300760833717085,0.027392441213167463,0.024360483007106047,0.022109977752849078,0.018421230163241382,0.01416648164129113,0.009780086369502757,0.007199287618880849
2025-04-28,0.03299537092992902,0.026616439844821236,0.022135164524748605,0.020190250843151052,0.016599516505748976,0.012958169809355208,0.012819144875418947,0.00038134148818529286
2025-04-29,0.03299682775176946,0.025805764919723747,0.01999698414681532,0.01840787200849837,0.014779235621424268,0.013549155035009456,0.007483676738867929,0.006279582464638656
2025-04-30,0.03274236520353289,0.025066855452216857,0.018221570510673257,0.016854609279820746,0.013480354815599322,0.009751120809743427,0.02063458145561246,0.000396845329843556
2025-05-01,0.032705743458779066,0.024303412453800452,0.01650656924514096,0.01541184411662926,0.01212381089000925,0.024156770236157015,0.008813255008583614,0.0070619207658889575
2025-05-02,0.0327398001274312,0.023626441733358663,0.015190635939427499,0.01419412484257201,0.011247451688412381,0.011691612061607062,0.008377309944369415,0.014735033338764253
2025-05-05,0.03287507987168215,0.023189297024504084,0.014926565208651592,0.01341126117824277,0.010844123423063961,0.009994545644562087,0.007151613301470936,-0.0057507986563376245
2025-05-06,0.030807583748620616,0.022526943596777118,0.013845186354622493,0.012723486004455753,0.011005916073726944,0.009275676790267473,0.009362919609385938,-0.008393557909377652
2025-05-07,0.027426059740933307,0.021937240150172024,0.012481002500400462,0.011926872553307455,0.011502213859689381,0.010860728340698749,0.011414106369904678,0.004196729249441555
2025-05-08,0.027385372359230158,0.021293771560377164,0.01140154084093808,0.010972946329117222,0.010540625263886692,0.009707591034187396,0.012574380591866908,0.00694362763635831
2025-05-09,0.02696541418376805,0.020715020219993503,0.010689481819722964,0.010205992893689566,0.009843939834895924,0.010695885566580209,0.006365523152923239,-0.0012749277843107142
2025-05-12,0.016326211997794878,0.02008638507554726,0.009806996456579035,0.00948428307381868,0.00927295596863672,0.009400954649959109,0.0082807531456826,0.03251317913540862
2025-05-13,0.01394185712441344,0.021039997683660706,0.01620070412138069,0.011333552585391506,0.010039098032904417,0.010098292067992887,0.0077050164444625365,0.0065820187418403195
2025-05-14,0.013645186825231985,0.020462648670683304,0.014768676100632544,0.010508316695517186,0.009396702482265559,0.009034058103059654,0.0048351859891618484,0.0012772436406420047
2025-05-15,0.01360932073298134,0.019841740656043307,0.013316058607960164,0.009701166879104673,0.008599204804565039,0.006969114558490644,0.005607138743309299,0.004872452698348495
2025-05-16,0.013517383563603123,0.019274268848489155,0.012161078663911163,0.009047611261254833,0.0080746266991654,0.006136198649831941,0.006330958099638057,0.006314102279205575
2025-05-19,0.012025729375157897,0.018750991081026763,0.011273647300487582,0.008526534358726814,0.007687203019072841,0.006171616246463203,0.00626483410941564,0.0010932163119030398
2025-05-20,0.01203204320805992,0.018181732421410704,0.010267415407604986,0.007980295236900447,0.00710644525705181,0.0061422955714539275,0.006209444401150437,-0.003367792702729912
2025-05-21,0.010160482980538853,0.01764713551470788,0.009574852483743478,0.0077828572019847005,0.00732923812741164,0.006110952500471723,0.01347512603464751,-0.01699438337973765
2025-05-22,0.010459713835737287,0.017608652769290627,0.011662201014143383,0.011705738150212506,0.01099078972747872,0.009239263503264459,0.00735592879014007,0.0003945692246958432
2025-05-23,0.010208367909980927,0.017072495842754342,0.010606979943479155,0.010749079445829438,0.009943443992582502,0.006719916864647109,0.007949731433234013,-0.006849183214543818
2025-05-27,0.009709711639865452,0.016637204875975885,0.010244214851680035,0.010631905688508227,0.010492209443783772,0.007301839484760682,0.017092958163864705,0.020577491444211893
2025-05-28,0.010428922144014368,0.016899549703121703,0.012574463275295555,0.010777460865437849,0.010456048901748529,0.010090815630585965,0.0065838192506881285,-0.005802319856157399
2025-05-29,0.010603668410101862,0.016446249064785975,0.01175557336407502,0.010470912240451526,0.010703255518472817,0.00809358367180063,0.009288344562495283,0.0039397169478358725
2025-05-30,0.010580700860127516,0.01597440590384065,0.010761846293981076,0.009696494539033835,0.009845073743927856,0.0091392362684748,0.011094604375782134,-0.0011191873844055738
2025-06-02,0.010604313367202512,0.01549018722178348,0.00986315673665965,0.00903478958327334,0.009244054489379072,0.009447043404969695,0.008978660804111502,0.005617096261868067
2025-06-03,0.01058063709104217,0.015081188692568484,0.009265593491521597,0.008493508371943093,0.008667058460552103,0.01011867277390906,0.005645744266871079,0.005686392165638516
2025-06-04,0.0102508338364052,0.01468794814089736,0.00877170570080282,0.00803273363336921,0.008171449694630057,0.006931956750333422,0.0031688606331871554,-0.00026847990197680674
2025-06-05,0.010101526738876983,0.014240645920806216,0.008128629365166957,0.007567419953581413,0.007634488459934158,0.006739121296436252,0.00952695412507284,-0.004844484645630591
2025-06-06,0.00993560975718047,0.013857719089235908,0.008107194705501367,0.007812684424567989,0.008172646416698256,0.009682818623734093,0.005449848533928059,0.010216612089215106
2025-06-09,0.010062958125369174,0.013666636214141818,0.008489422390638518,0.007671607177328494,0.007955319450135796,0.005974255012882355,0.003803545872066995,0.0009009799228951651
2025-06-10,0.010034491017115532,0.013252133208446053,0.007912368776383428,0.00728344886874503,0.0073643868277908555,0.005198725101085593,0.004933083514486677,0.005653652033262058
2025-06-11,0.010006583268256567,0.012922837125752505,0.007665254113636697,0.0070271477841950345,0.007046955658222432,0.005831818160943805,0.007180032334426748,-0.0028560914136342855
2025-06-12,0.00747582260434687,0.012548672109262625,0.007370414218996308,0.006937037223073518,0.007172098725502437,0.006485946539502302,0.0036602674932930367,0.003966451974369382
2025-06-13,0.00740800413555924,0.012205121297198864,0.0070626372869026875,0.006686450681314596,0.006804730002737069,0.005020396704932426,0.008605806404559591,-0.011243133322926546
2025-06-16,0.007901761480063097,0.012149550178570527,0.008356381745086178,0.008701713921382791,0.008851021769955109,0.006317061738512925,0.005111135135120504,0.009469221553216311
2025-06-17,0.00808307002475193,0.01200561721772524,0.008550984496144866,0.008387056439790035,0.008514607685025027,0.005718011500535764,0.006067817373148373,-0.008581853965084374
2025-06-18,0.008243164134720128,0.011828171758159008,0.008874872830947466,0.009115479011478437,0.009637582184030134,0.005716106289557686,0.006444095811280497,-0.0001506471164413424
2025-06-20,0.008241392558333187,0.01146789736548515,0.00825769862527044,0.0085511368748118,0.008925268878013487,0.005635739596746282,0.007668969229279775,-0.002351298196901591
2025-06-23,0.00822231050147899,0.01113344627592141,0.007829996127816456,0.008177981421885179,0.008713281472874578,0.006895089024287747,0.010259617550485536,0.009829017063755472
2025-06-24,0.007456443791783527,0.011059520017002293,0.008205155356477846,0.007959056800313322,0.008410242669303881,0.00804319560409292,0.005300206253453465,0.01098663429244116
2025-06-25,0.007728882005489462,0.011055160424464071,0.008710536662859066,0.007837051587895926,0.008196754399592497,0.00596537783756997,0.004072695694468829,0.0005602076849731048
2025-06-26,0.007467647067669277,0.01071925406215454,0.008104874738178329,0.007426700739254682,0.007562183580140035,0.005399923269523351,0.004090096654242646,0.0077934334109692775
2025-06-27,0.0063479915010125785,0.010566575578206418,0.008088647683738109,0.007228440340081108,0.007314060521392959,0.0052937782156138105,0.007095415664850498,0.004956029834652175
2025-06-30,0.006135965800595908,0.010316351205066118,0.007745607433299471,0.006959802989259772,0.0069724764474191495,0.005993378864956425,0.005572400989307089,0.004769811928816336
2025-07-01,0.006149760400983366,0.010070081549087362,0.0074415577117214506,0.006725493250577471,0.006663177725608775,0.005538407694877863,0.004165502856735036,-0.0003237317036786633
2025-07-02,0.0061298521765831135,0.009763628321167882,0.007031502619915316,0.006482558047848069,0.006347369827482434,0.005082760551185571,0.0035617148074758662,0.004523032166475909
2025-07-03,0.006105482442146274,0.00953080274232005,0.006824722751315005,0.006313822858119474,0.00609933311132328,0.005377278826907112,0.003828731832409762,0.00785049006139128
2025-07-07,0.006182939621073146,0.009438423624232738,0.007083929329223749,0.006300624085068428,0.0060261476750500635,0.005384649853035718,0.0075804907963742535,-0.007479822911334436
2025-07-08,0.006530320379549523,0.00933250636897407,0.0075476672146614476,0.007293873389113461,0.007289019933276913,0.005946687646526189,0.003240168292195777,-0.0005479654391165573
2025-07-09,0.006367868052044519,0.009049196129307456,0.007136719725294477,0.0069980632172981175,0.006951141846938862,0.004993034304489545,0.004828810171024304,0.005978718557821743
2025-07-10,0.00616788044842381,0.008894907424312587,0.0070640874420835964,0.006798734255052166,0.006697130214350378,0.005429665717857724,0.004746376133958319,0.0028163406054207227
2025-07-11,0.006163717132055558,0.00865148090596114,0.006741825199947451,0.006554019910953009,0.006337348949356577,0.005425717599327954,0.004296751918095529,-0.003521617492822476
2025-07-14,0.006229447799117673,0.008432161166639474,0.006678919240454442,0.006644669274424083,0.006687628947913486,0.0054104471294366225,0.0040196994580889754,0.0019062990833984936
2025-07-15,0.006139983190705336,0.008188607940028254,0.006384045514634313,0.0064120193916830884,0.006290510510565671,0.00548679225688034,0.004440710452456312,-0.004282323121872532
2025-07-16,0.006267871841569428,0.008008145820036719,0.006484218774610688,0.0066553532626687905,0.00680400983624638,0.005308308406864871,0.008870025805642417,0.003337615079474222
2025-07-17,0.005543315665840591,0.007807109322380295,0.0062834598741451945,0.006439982607721793,0.0064540825025095686,0.0062757321894884996,0.0036320227477233363,0.006100942713355944
2025-07-18,0.005370435619539712,0.007715386492768882,0.006392942931852525,0.006332287138776918,0.006262869660792384,0.005184425413999322,0.003427490636385617,-0.0007325832395875651
2025-07-21,0.004836152522536171,0.007482496782559146,0.00616929028562987,0.006174223634996483,0.006075520258536455,0.005010036305165791,0.004199665801730939,0.0018943796948635745
2025-07-22,0.004801056570399853,0.00726937501306998,0.0059556540760095774,0.006011899027443344,0.0057462919190336146,0.004919403772327861,0.004652318664147613,0.00014311092236799798
2025-07-23,0.004702951046170124,0.007048007742615885,0.005774193296225538,0.005872668994152045,0.005453123072140588,0.004949792298446664,0.00500203038034926,0.008471555947003452
2025-07-24,0.0046083448297165415,0.007141427305613887,0.006395351880173225,0.00597162903059383,0.005478607022863581,0.00624758382188764,0.002804393585425295,0.0003309977370316064
2025-07-25,0.004211604490874962,0.006924345347670115,0.006138236682591792,0.005836009511936321,0.005179402872643381,0.006550826104225037,0.00272123946459748,0.004215355509912938
2025-07-28,0.004219389407717021,0.006792342623032934,0.006064786260396595,0.005768163104044808,0.005045670616630912,0.006349975706787083,0.003186790684100942,-0.0002511317003774528
2025-07-29,0.00405732160434384,0.006585707800837036,0.0058763331643599545,0.005678389447922301,0.004899328472016817,0.006519589249250623,0.004381468688899789,-0.0026410366877477926
2025-07-30,0.00411068959886511,0.006417768996379289,0.005883743453880053,0.005809937485863401,0.005240020569992885,0.006680283335397796,0.007822673125531447,-0.0012601246347007209
2025-07-31,0.004085085077312696,0.006229909164918279,0.005775649262117449,0.005770559387262786,0.005266196907782597,0.0070396194211356875,0.008274356002177225,-0.0037582800219577626
2025-08-01,0.004218376563674084,0.006109872521939522,0.005933952868138164,0.006056437887091566,0.0057981875935389235,0.00673082836504281,0.007689899559882182,-0.01652617763451541
2025-08-04,0.0056291577871401665,0.007174787978243257,0.009150422942343073,0.010299406607233974,0.009593321261364467,0.006600936740365289,0.0038220968233695003,0.015085355384855111
2025-08-05,0.006307870736948865,0.007876738183158176,0.010262634205565634,0.010040010620104355,0.009403024369307284,0.006636065365468731,0.005834045136317572,-0.005082764440420212
2025-08-06,0.006177699170323878,0.007737602587563453,0.009779099525886951,0.0097740457243213,0.009661690010543731,0.006610290277622906,0.005475272192025853,0.0076303958197283745
2025-08-07,0.006359725346621198,0.007731212103986556,0.009377117803667748,0.009151515914244755,0.009056993622878155,0.006874006725028297,0.009205526110096052,-0.0008379750805715818
2025-08-08,0.006263212388531167,0.007498498135970834,0.008733106915346886,0.008630381122911807,0.008571737925249156,0.006850214428980152,0.0036242601479516247,0.007767426102698934
2025-08-11,0.006440661586883285,0.007514905211185428,0.008588974054536873,0.008265596766102414,0.008194258630140783,0.0052489233874423395,0.005284996348753304,-0.001979497560583303
2025-08-12,0.006396888812538507,0.007302087163863296,0.008103069239675855,0.007919060337150258,0.008022319132130256,0.0062662169943498835,0.006032788917975483,0.010589843604162286
2025-08-13,0.006734876430219423,0.007539889626869527,0.008524513138150124,0.007773794072977422,0.007824882474923875,0.006394158218869042,0.004502922769591915,0.003417206050253846
2025-08-14,0.0066219235562765605,0.00735796013047405,0.008021123410383985,0.007411171318913783,0.0073648904815458915,0.004702803575613876,0.0034333649869365563,9.305657202052432e-05
2025-08-15,0.006619905358818072,0.007133843439288721,0.007532111265299834,0.007077510156044179,0.006915315253939462,0.005052800634223579,0.0035669968272787358,-0.002344034961438168
2025-08-18,0.006586409673466709,0.006940308990047376,0.007225726363152342,0.006929395476724832,0.006964886362015575,0.005775438811717978,0.0022863214268291376,-0.00021765512234882508
2025-08-19,0.006579992023266643,0.006729090426634907,0.006855723221103663,0.006666300469589187,0.006616022226935175,0.005407585629352083,0.00621447275911333,-0.005439899526511449
2025-08-20,0.006732938394284722,0.006658781337688763,0.007012873738301555,0.007054395928195127,0.007319538206014412,0.006549406799205825,0.00859381382557802,-0.002660619942930772
2025-08-21,0.006774883721861414,0.00648873952920028,0.006814786057828149,0.006942623686468019,0.007381286855951324,0.006361643072922131,0.0053438096083302244,-0.004019891234610142
2025-08-22,0.0066042198262934075,0.006367659520532142,0.006790575075516158,0.007027228784237502,0.0076986964608291185,0.0063278122982988955,0.00829526381436346,0.01524006767331853
2025-08-25,0.007385400877990774,0.007214557662427956,0.008648096013560902,0.007337917510228997,0.007732004471841625,0.005767078081547254,0.003332757947039237,-0.004410775275590772
2025-08-26,0.007426329958132683,0.0070777219527566795,0.008352008914193692,0.007412821622842653,0.008081930876830418,0.0049366725801941475,0.0038017989967131325,0.004178295104639576
2025-08-27,0.007469697264504194,0.006938010388936377,0.007916765362773491,0.007110376201577533,0.007621522183326892,0.005045039916305234,0.0029802276271405103,0.002275921406955702
2025-08-28,0.007439678389462819,0.006749712435549243,0.0074525165247420425,0.0068198815761744925,0.007140573037661634,0.004962497968234611,0.004939738228113659,0.0035351068723046006
2025-08-29,0.007445430792583183,0.006601130185109859,0.007109470297311417,0.00658586428394077,0.0067640040090078055,0.0059755680215644825,0.005369661526337574,-0.00598153537129435
2025-09-02,0.007532858246900235,0.006565603586983084,0.007295428813286749,0.007103764814108675,0.007561420706110179,0.007081773671189005,0.006497590599967611,-0.007437888193564877
2025-09-03,0.006691683502172522,0.006621182090874645,0.0076817776592395725,0.007829368027587224,0.008556139270413767,0.006659766002765548,0.004672751498311281,0.005405022362943885
2025-09-04,0.005999423368262407,0.0065545789451591325,0.0074484315585470265,0.007499501198152486,0.00808712233509128,0.005016828420791778,0.004915372108800641,0.008322535450544438
2025-09-05,0.006039694922131139,0.006673876730878248,0.007627810173927745,0.007312552722058591,0.007790443439371774,0.0059196113083518215,0.010292579867151892,-0.002900350441516548
2025-09-08,0.005948481731835757,0.006509448113537503,0.0073365906699488,0.0071648523395056,0.007808775484933592,0.007016843054666415,0.0033189191755007364,0.0024535295419670193
2025-09-09,0.005938887080065841,0.006339694652825563,0.00696462684263731,0.0068755731438573334,0.007324927348106457,0.004739080402120464,0.004379948558875119,0.0023092523208794106
2025-09-10,0.005755192564527668,0.0061725345985656765,0.006641178540248787,0.006622241620037971,0.0068897233583292885,0.00494933825812875,0.004711629123152572,0.0028866837953472123
2025-09-11,0.005728283461762197,0.006026122216510393,0.006388850402901762,0.006408920898712659,0.006523263615031344,0.005113151448128917,0.004591270526919396,0.008275924601042638
2025-09-12,0.005558461559145174,0.006184234448203714,0.006783847352542711,0.006377793123360517,0.006399009698109419,0.0046923286233055295,0.002768725539804188,-0.0003347625365709058
2025-09-15,0.005540332818216645,0.00599639844615766,0.006485201113611962,0.006197976275467452,0.006137833006304554,0.00505001710343459,0.001605716252036801,0.00530983028777682
2025-09-16,0.005618017030497103,0.005957436069877428,0.006446330732364161,0.006093444752151698,0.0059417567790795755,0.005711871890341263,0.002781124458232575,-0.001377834697222049
2025-09-17,0.005591745690610149,0.005785800511791618,0.006246476263942087,0.006010571823343188,0.0059169031515577,0.004815008735808234,0.009277808079554292,-0.0012431144932423498
2025-09-18,0.005609286887800909,0.005617800132357131,0.006070741096360406,0.005930541292552396,0.005869949881081392,0.006575380004677704,0.005750349771355962,0.004661656098012296
2025-09-19,0.005445646260064876,0.005565066026746961,0.0060404971980140545,0.005848909893052567,0.0056771303830551074,0.006621488677564128,0.0049958172782407885,0.004940556697161345
2025-09-22,0.00539775052949129,0.005529584823275792,0.006043848812887121,0.005786957234511129,0.005514521808015361,0.0067080072840773304,0.0038475814733066344,0.004719943972387415
2025-09-23,0.005244818458035949,0.005484378003464242,0.006024191558670078,0.0057287135876223794,0.005359940099947079,0.005087240190421387,0.005453283722607065,-0.005458436585496771
2025-09-24,0.004623270502222739,0.005482824979630744,0.006355009068735846,0.006318440939957774,0.0062095653317104415,0.006787686886987101,0.004905847898555383,-0.003186705609680798
2025-09-25,0.004553070179266085,0.005372801236821752,0.006318496727078831,0.00638878429707366,0.0064963177782031666,0.006836483546906666,0.006291510941576509,-0.004624172513464782
2025-09-26,0.0046964283881875905,0.005330849072017209,0.006462302006102637,0.006670204610232354,0.007031650402484642,0.006893558148355089,0.005016533998926027,0.005712795234045289
2025-09-29,0.0047991720423987754,0.005354534198422583,0.006472559003375514,0.006508491134079284,0.006754930157170504,0.006886805705634468,0.0041955547617123605,0.0028064247447203627
2025-09-30,0.00478434073811942,0.0052367294644672146,0.006242367212972329,0.006309565741470915,0.006400006485452998,0.004537795446648819,0.005170569810863759,0.0037597898827210047
2025-10-01,0.004517757185471934,0.005160048115348403,0.006105921374045928,0.0061530450067440855,0.006118224603062033,0.006749885793932798,0.005301562996598838,0.003401684988263315
2025-10-02,0.004016990185896509,0.005071766793249718,0.005967576379137567,0.006012467146945885,0.005852529901547716,0.006551158823468369,0.004491869489187205,0.001151140720406421
2025-10-03,0.0039531298029252745,0.004925338242018975,0.005771787856634447,0.005868977796169662,0.005530509122126942,0.004820491026092924,0.005509324143431429,-1.4767471260179647e-05
2025-10-06,0.0036945302522496245,0.004775293967400262,0.005620079463784139,0.00575214649400386,0.00530181353422021,0.006912469805351632,0.0037579747501695284,0.003579813724412676
2025-10-07,0.0035698355714469266,0.004712125900766402,0.005409660933112941,0.005537695451773047,0.005120559399126553,0.005033214768264127,0.005415419196861143,-0.0037143820348426687
2025-10-08,0.0037694662811771197,0.004658291608351593,0.0055849749051698,0.005788261565543096,0.005604292975620806,0.007402279568215769,0.003494563503077174,0.005945343779221919
2025-10-09,0.0038854878058135335,0.004745368966173285,0.005751390087936916,0.0057359287815964746,0.005469123494750698,0.0062013326650151345,0.005229140111974802,-0.002901212830195306
2025-10-10,0.0040058297574602315,0.0046553664926382195,0.005768893560167767,0.005838828584050004,0.005767525725924876,0.007145737719385631,0.015902267908824496,-0.027399797306962
2025-10-13,0.007243285345820086,0.008088079159954365,0.01239110955777626,0.013944469491729818,0.012525859898419874,0.007538219191872581,0.0061531537618870705,0.01522754489520044
2025-10-14,0.00798705239540133,0.008683587417648742,0.012696406666371111,0.013274721135380592,0.01193188481163907,0.006344810768472282,0.01486001960882686,-0.0012224016319925188
2025-10-15,0.00791882466190839,0.008424373267997125,0.01173326415955245,0.01243889500688151,0.011245457094528092,0.008766281083175616,0.013941822893190431,0.004429697562726796
2025-10-16,0.007961276644542263,0.008239489929046917,0.010918722232616227,0.011665680038504038,0.010474735106483451,0.012454236391886794,0.012787481546791334,-0.006833556809050219
2025-10-17,0.008114588403855932,0.008161966218575314,0.010560925659145562,0.011454825532486642,0.010916462188761624,0.013324408142640487,0.007858537848949134,0.005660343785832389
2025-10-20,0.008144685705308168,0.008033865850660155,0.00995526368402351,0.010785520641367386,0.010220217298157143,0.009622654401144718,0.0043028121462721945,0.010346762560389149
2025-10-21,0.00838121099129519,0.00819107747520944,0.009937869334665922,0.010283591225020372,0.009744902393698872,0.008794421053925831,0.003702411166000433,-1.4904592548673624e-05
2025-10-22,0.008326713206655359,0.007941545096604512,0.009243107856403074,0.009688565137903012,0.009112080882826896,0.0072962871209069505,0.009762459094892557,-0.005212468267243702
2025-10-23,0.008318352203288663,0.007804757506568692,0.008951770183861283,0.009522397574526926,0.009428375277253091,0.009355444731109414,0.004592495666608098,0.00591237858353294
2025-10-24,0.00836295845043265,0.007704333753353437,0.008573494463756505,0.009042049720090652,0.008905556657336638,0.004649918280449413,0.0033372868539419814,0.008139356488562998
2025-10-27,0.008415597813649643,0.007731125436244852,0.008490046601822203,0.008661511365813723,0.008507267525288126,0.0049560693359042,0.0031598531401586154,0.011728661579555206
2025-10-28,0.008669401169925275,0.008027314160238098,0.008978300541606454,0.008446313205676396,0.00826272841714985,0.004633937628449491,0.004910784109961473,0.0026524780243792965
2025-10-29,0.008668444750012563,0.0078098428056983605,0.008406485216746576,0.008030680832460195,0.007765402684555226,0.00576266675710296,0.008107148336678268,0.00048027169098161166
2025-10-30,0.008658044480690411,0.0075728373562730655,0.00787940842665797,0.007649659228964121,0.00726231882322822,0.005954652975725117,0.0059919854385431445,-0.011059070654489161
2025-10-31,0.009064141254826756,0.00782592974103077,0.008777685781781149,0.009032878326808623,0.008948070393778637,0.005773913143972213,0.006329258467345366,0.003274731939679319
2025-11-03,0.009080041185207355,0.007629803266760048,0.008251706859778236,0.008564197273653443,0.008397295875262079,0.006010926526914774,0.006649490140233265,0.001875018306885159
2025-11-04,0.009079834503522125,0.007411612890266451,0.0077473422296498095,0.00813186781794682,0.007862529632469601,0.005765806880998287,0.006500393712296592,-0.011924353295924664
2025-11-05,0.009480635827409415,0.007756771067178389,0.008968828566234238,0.00972301965339791,0.009752718118316829,0.006079449790849679,0.007670633166247025,0.003459398571762206
2025-11-06,0.009459615348220991,0.0075680574689941035,0.00845180148466579,0.009199709875212701,0.009137181547035503,0.006339659546389955,0.00830489974892121,-0.010787307565268271
2025-11-07,0.009688640387954492,0.007798777115241802,0.009158879571120696,0.010148790574825785,0.010509295764982622,0.006540085548106263,0.011790758123125218,0.0009840232716329205
2025-11-10,0.009671530171959168,0.007565035831479781,0.008561231607050104,0.009569415210392432,0.009740204508855661,0.008356594773797337,0.007462868276095568,0.015483847432383142
2025-11-11,0.007979208604098747,0.008257175847845176,0.00982531364741809,0.009380651482205514,0.009462422365678643,0.00745417597559453,0.00489214441489487,0.0022866236688574054
2025-11-12,0.007386592604714744,0.008025198730964996,0.009160081830427798,0.008885326263615219,0.008847116432035444,0.007319433025646551,0.004617429693043368,0.0005563336963194146
2025-11-13,0.007365036189432162,0.007781912118630798,0.008563596289358471,0.00843848931916543,0.00825186162484718,0.005858461775260316,0.008799088468773326,-0.016733243059015003
2025-11-14,0.008328540131741174,0.008586311911705266,0.010574799589737305,0.011281458281431424,0.011036094501768708,0.009073676935323512,0.013544465639207635,-0.00016378217190490574
2025-11-17,0.00816080727317948,0.008324834928476136,0.009814147003291864,0.010593982143389974,0.010290555508418276,0.00884600863848996,0.013593928634253455,-0.009360102835536118
2025-11-18,0.008369720150905922,0.008390553944567804,0.009973897741244617,0.010954884053642028,0.011228665010192674,0.00962164556181543,0.011376373348296762,-0.008433010863377237
2025-11-19,0.008221169451065845,0.0083931074162202,0.009965390273236834,0.011087059119812797,0.011870522858523134,0.00961280523616227,0.010516487060686038,0.003855757148191913
2025-11-20,0.008282871278133931,0.008192045456743258,0.00933702702693294,0.010427583403249722,0.011019738086506468,0.010909878176870433,0.019235414057568522,-0.015359602533844795
2025-11-21,0.008841423906882969,0.008788519536263686,0.010774918040656887,0.012226833863007554,0.013021450310521463,0.016071906389479695,0.016649729618109788,0.009911937023691694
2025-11-24,0.009040893581443695,0.008859942484837527,0.010571594147538688,0.011546836156364622,0.012195869837440691,0.014525133822719733,0.008193875595738354,0.014611241086193577
2025-11-25,0.009465178948566114,0.009305802918033646,0.011147247668881553,0.011075018377814534,0.011602057324650387,0.010508996765703299,0.012709210837219058,0.009362030553383407
2025-11-26,0.009324049919741053,0.00930918615332595,0.01081607216270953,0.010503924975943936,0.010934414061238249,0.013437858294323715,0.005650392966479004,0.006879763512976049
2025-11-28,0.009445243395173292,0.009181566249105193,0.010279408045293205,0.009943372161278346,0.010277358557403346,0.008210360294388229,0.0027383394178383336,0.0054435632273936016
2025-12-01,0.009533063454759187,0.009001168373946966,0.009703174945576255,0.009419452088084588,0.009656876003003525,0.006693437153457301,0.004918735802012776,-0.004575959173217758
2025-12-02,0.009267751540949574,0.008798643890490843,0.009288932418378982,0.009220819736977998,0.009809587279265395,0.006117529155623641,0.005430432000520408,0.0018505862825212542
2025-12-03,0.009248016907164026,0.008542636971586401,0.008682126224043967,0.00874048091176497,0.009143587567515588,0.005522287014116072,0.0052441121140448955,0.003456786217426821
2025-12-04,0.00927078194079093,0.008325563638564988,0.008203336660410863,0.008323169424593735,0.008595647704578128,0.006542209125189704,0.004779011798535146,0.0007307890626128348
2025-12-05,0.008856341880342735,0.008073918036805293,0.007700474365688183,0.007842010340865162,0.007946729290177635,0.00523342906075004,0.004582501883671295,0.0018977350040129193
2025-12-08,0.00883803007450066,0.007841743888056673,0.00730344683027296,0.007504534749797715,0.007466442014074898,0.0044503462168022055,0.005261603902127456,-0.003008799415334641
2025-12-09,0.008494724875726504,0.007638490872471135,0.007127338941200074,0.0074001795991190545,0.007590746354243984,0.0060745989037046125,0.0033823351138947736,-0.0008634278241621205
2025-12-10,0.008503774841449927,0.0074088110177509305,0.006843100375283988,0.007147865358995939,0.007321734487094775,0.004677618200164243,0.007562672666472041,0.006610281415951135
2025-12-11,0.00794212773439313,0.007363341705966582,0.006942550859309121,0.006982378251606086,0.007061685697285872,0.006751501321924865,0.007396268068490669,0.002324244979309141
2025-12-12,0.007942572540166195,0.007161689737591811,0.006673880361247184,0.006763385558131261,0.006690921322186136,0.006664583860541387,0.009565113390571972,-0.010810189042095767
2025-12-15,0.0083121082176713,0.007431286774928488,0.007926721153410698,0.008479471701529214,0.008500901409021058,0.007198829678812332,0.005813137497493107,-0.001512030324677354
2025-12-16,0.007404443310265158,0.007214413065906197,0.007547877209016519,0.008116156769063044,0.00824090769600196,0.00577704084125875,0.0074280157157759165,-0.002736037133594218
2025-12-17,0.007439109597335215,0.007026666669493534,0.007307889811346244,0.00789343641342751,0.008226199399015883,0.007886464369063095,0.006662481550256443,-0.01106460773219221
2025-12-18,0.007560260484697536,0.007331925700057137,0.008422227500046063,0.009327585395307201,0.009840753003640292,0.006434064227917468,0.007019068374248347,0.007522963990016468
2025-12-19,0.007427926668348919,0.007343528146238286,0.008331637994980304,0.008890920962677022,0.00932049017865128,0.007037886508746645,0.0036492047828718716,0.009022618958016409
2025-12-22,0.007604873803613662,0.00745494604059692,0.008464427347831992,0.008552943841516069,0.008910853673753315,0.005338712994611486,0.005696199793254966,0.006210566721978087
2025-12-23,0.006618836122796629,0.007386197640234622,0.008218614195377375,0.008184424454864406,0.008458814833583314,0.005614316131114932,0.0029850222695163076,0.004560042005282501
2025-12-24,0.00641674718164645,0.007247772046026799,0.007869271849982007,0.007832073161862005,0.008005927893941382,0.004652008248091663,0.002577125701128979,0.0035114479496600164
2025-12-26,0.0057662928918481,0.007079421138446825,0.007507638229337876,0.007510556922732527,0.007570516853838368,0.004988114275721505,0.0028405033622364473,-0.0001014201750952399
2025-12-29,0.005497619747237273,0.006863798408991442,0.0071404594976617304,0.007218995418561936,0.007173635034205772,0.004266023532983224,0.003748917024097837,-0.0035699930558561223
2025-12-30,0.00543101236895067,0.006711908514606609,0.007045470503125345,0.007226355241095019,0.007434550189306843,0.00413659644104926,0.0023348459993296814,-0.0012218468855631148
2025-12-31,0.005334420466196381,0.006514315585128448,0.00679056064075526,0.007016244196114681,0.007244804977297843,0.0040633848510341145,0.0039818622588269105,-0.0074365500962735335
2026-01-02,0.005501532622798106,0.006573299455384009,0.0073133463619541395,0.007762105946528842,0.008247141317954532,0.0041685547604537404,0.008091911768299079,0.0018313617663269853
2026-01-05,0.0055012555861338125,0.006388818587304891,0.006973435737731868,0.007434631432422126,0.0077312482451346,0.006260421876681856,0.0034465956100679326,0.006638033243240065
2026-01-06,0.005635984122268252,0.006404044962779737,0.0070499842026644065,0.007228289533362131,0.007427151000368446,0.005364889013936134,0.003589176936404403,0.005929568682081867
2026-01-07,0.005763675485018989,0.006376572077340444,0.007002434956609498,0.007017172387135624,0.007110263112209323,0.005434520745413225,0.004819361091446806,-0.0032285629973805552
2026-01-08,0.00581667914224046,0.00623269189931205,0.00689358437491272,0.007007582532344614,0.007300714426707881,0.005242220443434356,0.0036842943055746744,-0.00010153783677743937
2026-01-09,0.005765616916786815,0.006042870179722785,0.006623466281024238,0.006787689600557402,0.006939136970744422,0.004739488957709192,0.006368788059866016,0.006591570183952557
2026-01-12,0.005902236606626515,0.006077189404473276,0.006758159039649857,0.006678688141689755,0.00672411176912654,0.006287374173352429,0.0045068269087786125,0.0015692219387488094
2026-01-13,0.005759305277700088,0.0059045782782477145,0.006502906042530393,0.006499981632377711,0.006371910575909906,0.0045761741584904305,0.005354754136300709,-0.002001476724789629
2026-01-14,0.005774266281990428,0.005745655446518693,0.006382469622706086,0.006450101072825064,0.006426041989442248,0.00566699726882957,0.006783393015288554,-0.004927356850498766
2026-01-15,0.005325567309216318,0.005699871389025612,0.006582984764362438,0.006785142318440478,0.007002488531116022,0.005815410238114109,0.0043724185506522914,0.0027195131661778946
2026-01-16,0.005316245302659658,0.005566234537998528,0.006389438708036965,0.006600632240683802,0.006658155794539997,0.005417389371584012,0.004490853321518987,-0.0008382252035026964
2026-01-20,0.005266548549376915,0.005400569063126076,0.006223550060921814,0.006460960299843492,0.006484621884119151,0.0063111881656911836,0.009039672580686388,-0.020566840670864645
2026-01-21,0.00659758193823399,0.0072660769018847255,0.01031092311883883,0.011601767256479293,0.010684666930639361,0.005903608253033115,0.011280867890893595,0.0114749889632404
2026-01-22,0.0068568915215712995,0.007584763900995595,0.01041425485350509,0.011019325019152024,0.01020322920848792,0.008006205282578343,0.004967567187854691,0.005209636268787033
2026-01-23,0.0066753781413612144,0.007463601237405361,0.009801001197697288,0.010358369791783275,0.00958306746570809,0.006744799035008355,0.004414650101841019,0.00036271445090017455
2026-01-26,0.006549691325803431,0.007236775285409408,0.009121703017488807,0.009734857869726329,0.00889666744454354,0.005627052411563143,0.004444946278604506,0.005065296757285074
2026-01-27,0.006567008641569425,0.007125173360275765,0.00868071333366327,0.00921464577198626,0.008422273716700884,0.005756774098433915,0.003243373741941635,0.003976348566725876
2026-01-28,0.00657904594344666,0.006976438243444186,0.008232772500658778,0.008739166827554648,0.007966529908634317,0.004845768966041194,0.004309732846529686,-0.00010067497120472829
2026-01-29,0.006579043382261526,0.006763952783521244,0.007767302854369761,0.008302224443239364,0.007534365470966256,0.005365676018654173,0.014426372989311462,-0.0019863539443873905
2026-01-30,0.0065408149999047005,0.006575920463462549,0.007442088333750123,0.007996734120043526,0.00746288914441034,0.00637484260822247,0.00848488785321783,-0.0029870370168700792
2026-02-02,0.0065743152498786836,0.006417437927528983,0.007238052077501976,0.007814043728927009,0.007571938748586697,0.006435341825461648,0.006542454706360279,0.004959045712933714
2026-02-03,0.006394971643433417,0.006339402735545693,0.007083851054378777,0.0075250403420050105,0.007238860326349938,0.0076680792210845035,0.013805805367912476,-0.008491346084250548
2026-02-04,0.0067113582235785564,0.0064886765152986775,0.0076952142861465,0.008343710390463369,0.008403692416700205,0.010018669841654837,0.01080969954134445,-0.004855691490926631
2026-02-05,0.006649111235366462,0.006402453587202387,0.0076306877292720895,0.008327854210704545,0.00873473211743659,0.010901083572623902,0.008928085466966388,-0.012567856956365418
2026-02-06,0.007024201726530526,0.006928851919953524,0.008634272729303661,0.009128030145862548,0.010019547301332074,0.010339101960713538,0.009812855173425233,0.019003005567205973
2026-02-09,0.008239610193554129,0.008172839336984468,0.010388730664912598,0.008864746392152014,0.00903735014722309,0.010260271267846812,0.007632649880841767,0.004810244305276485
2026-02-10,0.008303908397541089,0.008010985686858875,0.009845634361308298,0.008617063522722764,0.008768022110659711,0.008938919133112134,0.00499933353625355,-0.00264064386524897
2026-02-11,0.008198192069052694,0.007793825644440535,0.009340155632882074,0.008451932784453177,0.008934784128694442,0.006271377244242674,0.008284476806160743,-0.000231085512616827
2026-02-12,0.008188898808733028,0.007556606322697449,0.00881695654818409,0.008232726080048425,0.00893664786026439,0.00939003299638252,0.01167797423166734,-0.015569451553392328
2026-02-13,0.008845436979981232,0.00825957810482249,0.010148945511796433,0.009728651516563335,0.010020519563463804,0.008943683687970919,0.010620662728156524,0.0007042374603937072
2026-02-17,0.008801402257173097,0.008009815832184944,0.009530883459867747,0.009430576544894771,0.009944055217673496,0.009085453147446155,0.010749308640875616,0.0016121662321053362
2026-02-18,0.008783834609231718,0.007775838571060087,0.008983153661081392,0.009149636960977542,0.009822020350744138,0.009382253956268728,0.007226297970771992,0.005025111493454597
2026-02-19,0.008870325782469362,0.0076387793714371415,0.008619082169118277,0.008885082950344863,0.009527543733233468,0.008002387309396536,0.005555923372980885,-0.0026409180968155325
2026-02-20,0.007601439779315477,0.007434269309892483,0.008259517440788717,0.008701896493189646,0.009680400678738873,0.005997992916410541,0.0066383965846247,0.007205840051700416
2026-02-23,0.007345536142588514,0.007420761848538874,0.008165216482493723,0.008463982299133782,0.00927859322985283,0.00693387042114831,0.010085805270502263,-0.010263807839928392
2026-02-24,0.007597965602492245,0.007621311508557094,0.008694975127775182,0.009025693454373462,0.00996659654637724,0.00904735222856507,0.008267129687591707,0.007242165031108853
2026-02-25,0.007781202529179123,0.007599096197845233,0.00853981327603633,0.008768446399979406,0.00955756977616703,0.009165076125538052,0.002926182838725259,0.008402945104341215
2026-02-26,0.007925377831605428,0.007649709564960872,0.00852625863143494,0.008526528733366342,0.009098255269064827,0.004806393610905671,0.009893892142140669,-0.005569959857260949
2026-02-27,0.007961334497637878,0.007541116642198854,0.00839475200409866,0.00855398718369497,0.009459668707823802,0.008307586285787049,0.005504682401658777,-0.004813509630285336
2026-03-02,0.008017937233866167,0.007405844063725929,0.008214158668658206,0.008520063996291384,0.009761931075761312,0.005809064859413831,0.00988041274851056,0.0005684172026597193
2026-03-03,0.008016030662089236,0.007181582040569325,0.007810779780800663,0.008293172045406617,0.009697367934126776,0.007833130263865404,0.014792413308157998,-0.008853414553509194
2026-03-04,0.008205961784512,0.00729270802407991,0.00819819374771423,0.008690141230728341,0.010276092333255347,0.010000637358245154,0.008235618606551018,0.007030536114047319
2026-03-05,0.008290762879518538,0.007277244065445803,0.00809627402434565,0.008452935876205256,0.00987174655735108,0.00940747208582818,0.012022874301634909,-0.005591148225550186
2026-03-06,0.008178037728787509,0.007187241517132047,0.008031398494718537,0.008488741091013113,0.010219383462362723,0.009200421188040625,0.007721685645649206,-0.013193791611277716
2026-03-09,0.008588568570237477,0.007681251357230846,0.009105840774692708,0.009500386670529692,0.011096169024283526,0.007834952022639225,0.017362568732164043,0.008721878607696682
2026-03-10,0.008405443825216942,0.007747631577135486,0.008942893939537145,0.00912948338966472,0.010051995234572546,0.011784452566225593,0.01045439648851144,-0.001608419719141641
2026-03-11,0.007197758750520282,0.007521932477183021,0.008532326610308612,0.00891369068116331,0.010039753781907454,0.010508107030616571,0.008124297819961799,-0.0012559513052689201
2026-03-12,0.007076324273837899,0.007299270163563961,0.008155891982132558,0.008701494862393333,0.010002594190177301,0.008937787113318552,0.004509292619900236,-0.015301420789775961
2026-03-13,0.007713634816205472,0.008008157897831476,0.009486190376090763,0.009930261837311929,0.011024651275519952,0.00617032857419591,0.011281487034956758,-0.005676188622551868
2026-03-16,0.0077487230009050554,0.00788770590085177,0.009241852580593804,0.009855439311476456,0.011279283013431665,0.00939326657026781,0.0060707932730300895,0.010125430484197413
2026-03-17,0.0075391513973205836,0.008039552889623327,0.009300710490842874,0.00957659584394307,0.010783871402791642,0.006239684650454871,0.0055679295101184025,0.002627101016221855
