,buy_and_hold,vt_rolling,vt_ewma,vt_garch,vt_gjr,vt_egarch,vt_rf
2008-01-22,1.0290236994012407,1.0114825005157269,1.0097954628738905,1.007588992997021,1.0061270627112782,1.007520512501928,1.0112187159032495
2008-01-23,1.005593202108207,1.003080922849373,1.0022113889926392,1.001608116961745,1.0008502914128663,1.0008091780746653,1.0004627638411594
2008-01-24,1.0533505431859742,1.0202688705013248,1.0176859629311936,1.014098860904158,1.0116841367722988,1.0136801812100484,1.0225829629568999
2008-01-25,1.0521315119572625,1.0198785198125988,1.0173285662642533,1.0138141460312189,1.0113902899568235,1.0133026534394411,1.0220312381147436
2008-01-28,1.0377720411602311,1.0155645768366237,1.0132151454468892,1.0104137910949318,1.0077776579039388,1.008805549373336,1.016324074101183
2008-01-29,1.05503567459037,1.020795462629327,1.018290039955061,1.0147480605633123,1.0122856242283427,1.0140860112744576,1.0241653666848847
2008-01-30,1.0464486751998856,1.018287385588316,1.0157627786871646,1.0125134134651854,1.0099037217883597,1.011235873420774,1.0204983379865378
2008-01-31,1.0540676203793342,1.0205203820638928,1.0180715723749432,1.014625952948126,1.012122950590293,1.0137723004172683,1.0243011905663428
2008-02-01,1.0808504535513253,1.0282700787179728,1.0263770986461547,1.022555085886788,1.020439758460672,1.0233058934624044,1.0302634074719845
2008-02-04,1.0803126456563052,1.0281171169960874,1.0262130265308251,1.0223983787850555,1.02025266428334,1.023077178992741,1.029961350323272
2008-02-05,1.0519522426589225,1.0202028138797166,1.017447882789734,1.0136899764807705,1.0103397224031228,1.0114663740071732,1.0163867628861043
2008-02-06,1.0532788354666383,1.0205648664108686,1.0178502084841294,1.0140733135820694,1.010713485194742,1.011887796882853,1.016939675114626
2008-02-07,1.0261553906278016,1.0130721448531328,1.009280123759448,1.0054337929066772,1.001937801722723,1.0019085593205317,1.0049562833317516
2008-02-08,1.0368936215983655,1.0160314835513258,1.0126444053160089,1.0087149722683824,1.0050454104721478,1.0053355701506548,1.009112393287314
2008-02-11,1.023215374135026,1.0123193954559826,1.0082852102370192,1.0043020131569333,1.00080689824212,1.0005987397378244,1.0030261154120663
2008-02-12,1.0594815531892015,1.022209080849251,1.020123739159573,1.0165035377975427,1.0122923877568162,1.0127509954307405,1.0209236955248995
2008-02-13,1.0541214011688365,1.020862635622207,1.0185122641296882,1.014942467006897,1.0105083635006515,1.0107611477660563,1.018712624699358
2008-02-14,1.0539779857301643,1.0208203735099999,1.018463385326998,1.0148873333765567,1.0104478754863446,1.010703861284608,1.0186540697034738
2008-02-15,1.0375389910723896,1.0165124006090283,1.0132275608287733,1.0094092986055632,1.0042725531250474,1.0041648631386078,1.0106864892676153
2008-02-18,1.0660428095084442,1.02400090094821,1.0224824971281699,1.0191462190799687,1.0146671604210502,1.014701312425041,1.0211601624629334
2008-02-19,1.0696819762647454,1.0249036451382916,1.023603297524322,1.0202756130098711,1.0160483705454508,1.016150637376037,1.0229282192117746
2008-02-20,1.056541536696426,1.0210100990882651,1.019418834536412,1.0158348707543545,1.0106573760357624,1.0105246899363758,1.0175925933738734
2008-02-21,1.0634613316123485,1.0231220569785067,1.021674282925976,1.0182633796125462,1.0134664160303068,1.013304061148444,1.0203429302546199
2008-02-22,1.055627263274892,1.020633368381003,1.0190539669086804,1.0153243729305625,1.0100708517371084,1.009915035657888,1.0173392955688394
2008-02-25,1.0755261553906281,1.0280027667119975,1.0258986880072973,1.0231990808123421,1.018952040441534,1.0183693806185328,1.0259886684915558
2008-02-26,1.091283926714711,1.0336207158737987,1.031238612915606,1.029237253285273,1.0263578231950579,1.0256272697539441,1.0334645184814506
2008-02-27,1.0893298913628053,1.0329238168175146,1.0305741683299692,1.028478637101633,1.0253695357615944,1.024628888266778,1.03246298920745
2008-02-28,1.069466853106737,1.0257136228776178,1.0236154840335507,1.0202205369201385,1.0148779192563935,1.0144041880658206,1.0247323431930486
2008-02-29,1.0548743322218639,1.020494715761925,1.0184726689242538,1.0143547367765993,1.0083539232420258,1.0079315070671784,1.018700659335724
2008-03-03,1.043096339320928,1.0163051729080603,1.014238881585702,1.0095487059544253,1.003314727576925,1.003093742035144,1.0139559913643283
2008-03-04,1.0339715320354237,1.0128596702726291,1.0108769976809748,1.005694372980296,0.9994179344556609,0.9994965304714488,1.0100947887974812
2008-03-05,1.0493528378329928,1.0186569722892607,1.0166925681099026,1.0124793278218758,1.0061430425852709,1.0054527450100859,1.0159161434764539
2008-03-06,1.0337384819475817,1.0125866510520953,1.0108052573688096,1.005640681894947,0.9989089429533348,0.9989055646954095,1.0086136831105994
2008-03-07,1.021817073607974,1.0080062926756135,1.0062493217933104,1.000447458857,0.9937205731345147,0.9942620523942056,1.0028573762047381
2008-03-10,1.0091248072855044,1.002815668293641,1.0012900815745645,0.9947770129606477,0.988239116275919,0.9894961059060036,0.9972097021078559
2008-03-11,1.0201140152737442,1.0073263976757478,1.0056618965384405,0.9997583338049285,0.9929157361960682,0.9934616752357713,1.0023445941924525
2008-03-12,1.0355311749309815,1.0136310734005054,1.0118538810455142,1.0069230075275486,0.9998583445280853,0.999432616012358,1.0088623951246234
2008-03-13,1.0204725538704242,1.006696179459772,1.005845302319818,1.000035261019389,0.992664573182161,0.9931040198705069,1.0014616529430065
2008-03-14,1.0095909074611884,1.0017708131388297,1.001452146946073,0.9950992814865618,0.9877840881387997,0.9888396047413107,0.9974131849864545
2008-03-17,0.9706356889319138,0.9842294870222399,0.985374026872856,0.9769325052962287,0.9703492152604967,0.9740394623128794,0.9883886431252442
2008-03-18,1.0049478326341834,0.998018416173381,0.9978398597853202,0.9883634725784575,0.9801376536356519,0.9842652361461888,1.001394034183325
2008-03-19,0.9941558208741175,0.993956270041119,0.9942798700289922,0.9852205497707112,0.976889076007947,0.9807147210606635,0.9969486224866173
2008-03-20,0.985120648237783,0.990544963557697,0.9912232588613467,0.9824577496141494,0.9740896338832384,0.9777878067451319,0.9941682047537209
2008-03-25,1.0198809651859027,1.0037986683123439,1.003315865584294,0.9937385911522335,0.9853629651845551,0.9890780632404911,1.010057925761433
2008-03-26,1.0147359363235455,1.0020530638761618,1.0016765301685517,0.9922700910439576,0.9836097849556796,0.9872197997939283,1.0082533075000186
2008-03-27,1.0249722132587578,1.0055040058008995,1.0050150798842323,0.995360437145966,0.987275544828117,0.9909522094003649,1.012446489940197
2008-03-28,1.0205621885195946,1.0039914231034892,1.0035485988280004,0.9939470730573546,0.9855842838067868,0.9892112661443454,1.010652868198334
2008-03-31,1.0222114660643224,1.0045664977006672,1.0041084464280934,0.9944993228278566,0.9862384255768817,0.9898666942323773,1.0113239311418503
2008-04-01,1.0491914954644874,1.0140155539870859,1.0136215983051546,1.0043862209284264,0.9978113304059705,1.0012709700116573,1.0231538921723575
2008-04-02,1.060539242049407,1.0177653389190138,1.017417668787773,1.008164566091709,1.0029131712100157,1.0065331210173372,1.0272444908461187
2008-04-03,1.0561292173102441,1.0163087503764108,1.0159173457437713,1.0066185018455196,1.000793771964814,1.004306098698954,1.0257330089091732
2008-04-04,1.0661324441576143,1.019647253049562,1.0194171593519978,1.0103419017434512,1.0057960005031763,1.009331086736992,1.0294015440249742
2008-04-07,1.0782689756552302,1.0236822497147184,1.0237324300302248,1.015067600384962,1.0122149053597882,1.0158446272227502,1.033938593814529
2008-04-08,1.073858950916067,1.0222166068390293,1.0221442867699118,1.0132882516826205,1.0097277140515775,1.0132637374056312,1.0316612251696444
2008-04-09,1.0727295543365252,1.0218298984895973,1.021719692605221,1.0127893884603314,1.0090564428799806,1.0126109850328067,1.0311055047647417
2008-04-10,1.069359291527734,1.020666162599935,1.0204234877452232,1.011221618505816,1.0069581072507556,1.010601265640975,1.029261556374584
2008-04-11,1.0568821483632722,1.0162854892597526,1.0154886764808981,1.0050753370222987,0.9989002224334989,1.0031749422877567,1.0232251608017888
2008-04-14,1.0454268401993483,1.0122754690386269,1.010873379412559,0.9994274560597212,0.992207548917054,0.9970175809545069,1.0186686709342845
2008-04-15,1.0589258183643475,1.0170510896775233,1.016420049273039,1.0061617835128651,0.9995982879391243,1.0036722560688067,1.0245084499230384
2008-04-16,1.083898031623105,1.0258967587515713,1.0266871685365406,1.018519475219754,1.014041673835308,1.016982456517394,1.0352834308583272
2008-04-17,1.0721021117923353,1.0218609994752426,1.0220946147789274,1.013474992744913,1.0068505297642518,1.0099657430147424,1.0297810344378597
2008-04-18,1.0857624323258408,1.0273421554074031,1.0275141324519597,1.019435962118874,1.014557380969097,1.0172698860231995,1.0346061602694243
2008-04-21,1.085117062851817,1.0270292497394033,1.0272555584011744,1.019148208727665,1.0141539031030482,1.016870326109501,1.0341508164773778
2008-04-22,1.0818364346921956,1.025515413909195,1.0259028949007147,1.0175613157422765,1.0120592183155865,1.014853543945086,1.032413739738266
2008-04-23,1.0906027033810202,1.0296215381670937,1.029606848844375,1.0220135350328512,1.017833834570103,1.0202024710856434,1.0375684911548506
2008-04-24,1.0847047434656352,1.0263100254039514,1.0270649265300766,1.0188848701798192,1.013708260228032,1.0163225653835286,1.0347330937596655
2008-04-25,1.0920010039080719,1.030351450844587,1.0302897588361957,1.0229255581474352,1.0188132227087574,1.0208955511333835,1.0373164706370037
2008-04-28,1.0918217346097319,1.030249340734558,1.0302031791633899,1.022807939066442,1.0186603298561288,1.020751808330663,1.0371874893087645
2008-04-29,1.0916424653113919,1.030145551280722,1.0301119330643345,1.0226750162210172,1.0185003124695269,1.020614009154633,1.037095053101342
2008-04-30,1.0912659997848781,1.029933702252503,1.0299230708157667,1.0224031088357435,1.0181725444532317,1.0203299689713754,1.036883086804773
2008-05-01,1.0912659997848781,1.0298878500930708,1.0299148390518413,1.0223793535516033,1.0181514170848887,1.020317801760292,1.036851301902899
2008-05-02,1.114248323832062,1.0450747915022391,1.0416546266839246,1.0396044723953353,1.0386338512053297,1.0379553398507206,1.0522876818807856
2008-05-06,1.114212469972394,1.0450217262382737,1.0416205319321359,1.0394837923829088,1.0385787802925774,1.0378632489258526,1.0521574495307213
2008-05-07,1.1224050769065306,1.0499953338114731,1.0456324836699922,1.0444332594456671,1.0464918556458729,1.0452278220290212,1.0560574548176624
2008-05-08,1.1241619160302623,1.0510714432136996,1.0465029288488075,1.0455202797151042,1.048238696719125,1.0468896339396063,1.057004090352853
2008-05-09,1.1123122154099905,1.0437014835781857,1.0404096587530394,1.0375974496924654,1.0358598762334417,1.0349586108356634,1.0494758629365448
2008-05-12,1.1151805241834298,1.04540772001327,1.0418945206836778,1.0394206049883215,1.0380173456730357,1.0371796729727971,1.0507061971217317
2008-05-13,1.1136029543580381,1.0444545858033756,1.0410452646038946,1.0383230577823246,1.0366734247398306,1.0358171033420343,1.0497738734342696
2008-05-14,1.114337958481232,1.0449033813298525,1.041440112280299,1.0388314641810696,1.0372954599389332,1.0364425783184348,1.0499780701876624
2008-05-15,1.120755799361803,1.0491826583844721,1.0450676646717474,1.0437458113810296,1.0431197089464646,1.0421037189531563,1.0527319060709999
2008-05-16,1.130167437524651,1.0556582782977486,1.0504970169810726,1.0511797329190722,1.052033639583429,1.0509349166201942,1.056663359516522
2008-05-19,1.1431106808647966,1.0660478384577226,1.0580195596217405,1.0612577821109705,1.0647935931348291,1.0640724784381865,1.0620310304377216
2008-05-20,1.109963787601737,1.0378886359534187,1.0389840530891052,1.0372030219251867,1.0307919510846641,1.0267088923020076,1.046813440459892
2008-05-21,1.1111290380409466,1.0384737792129737,1.0394931108978855,1.037567258579835,1.0309163478590544,1.0270233524275278,1.0473780451351995
2008-05-22,1.1081710946183372,1.0366546810950068,1.0380115142173951,1.0361088514816212,1.0294990323855773,1.0252269007290469,1.0459056729516416
2008-05-23,1.0912659997848781,1.0262418112323295,1.0293222791297458,1.0273669856306353,1.021256859498594,1.0151059168738514,1.0377338982463788
2008-05-27,1.086103043992687,1.0231884730398833,1.0267071303917206,1.0248096220812661,1.018896730953472,1.0123482900104006,1.0340261577947498
2008-05-28,1.0880929332042608,1.024362274616876,1.0277339056516828,1.0258292349996454,1.0198230690620964,1.0133815113486393,1.034808602896393
2008-05-29,1.0878240292567507,1.0241986140010173,1.027581390325633,1.0256623156671334,1.0196792167212827,1.0132249739146177,1.0346412668436773
2008-05-30,1.085206697500987,1.0226385590194482,1.026127723207873,1.02410324709882,1.0183231249327562,1.0117576730315403,1.0334091647129082
2008-06-02,1.0769782367071827,1.0177351551379206,1.021437543225055,1.0189613734685063,1.0139106247877945,1.0071307126283218,1.0291128279974957
2008-06-03,1.085959628554015,1.023029863147148,1.0266322840133906,1.0246398881083887,1.0187453925174583,1.0119596330571665,1.033826250387914
2008-06-04,1.070255638019434,1.013955871818986,1.0174700932348715,1.0145526487383445,1.0099314380829596,1.003024663044603,1.0256422005514039
2008-06-05,1.074773224337601,1.0167622634575266,1.0200316850521736,1.0171751589591969,1.0122106895333471,1.0052892361898513,1.0277584213726865
2008-06-06,1.0589078914345138,1.0069210431570434,1.0107741904064602,1.0073450230217582,1.0037434545168462,0.9968527890258259,1.019993987224123
2008-06-09,1.0536732279229868,1.0037106720439823,1.0077917728059926,1.0043362926483854,1.0011526344913655,0.9943112757135381,1.0177541016425244
2008-06-10,1.0446559822164865,0.9981561870919171,1.002528973974135,0.9989455720293582,0.9965788509331471,0.9900026935386818,1.0134495909526704
2008-06-11,1.02601197518913,0.9865568217039948,0.9915208421684709,0.9876926825607013,0.9871002296325537,0.9813799774331121,1.0047667215955067
2008-06-12,1.0380588720375754,0.9937553516377091,0.9982530828147163,0.9940783476024584,0.9925340336814468,0.9863866660351926,1.009369823649988
2008-06-13,1.040263884407157,0.9949855223281325,0.9994755013554885,0.995250575836464,0.9935636489228675,0.9873461721292446,1.0103682544796362
2008-06-16,1.0387938761607693,0.9941570624069853,0.9986270981995838,0.9944013707282969,0.9928271164603486,0.986660968882845,1.0097177822781782
2008-06-17,1.050858699939049,1.001070276667925,1.0057261440032943,1.0016350558846845,0.9990351180978365,0.9923380092999615,1.0157901127738262
2008-06-18,1.0320354236133527,0.9905232766241799,0.9947688839997508,0.9905121095397428,0.9889329925498912,0.9829385364635118,1.0097435514079771
2008-06-19,1.0233408626438643,0.9855618901296486,0.9899420782094213,0.9859146507050065,0.9848159653445225,0.9790472507371237,1.006150255492183
2008-06-20,1.0076368721092834,0.9749804369848665,0.9811117171600731,0.9774403496645868,0.9773479511998567,0.9722377584228303,0.9988528595266536
2008-06-23,1.015954967552258,0.9804155712064938,0.9856695673638316,0.9817090680660537,0.9811010858178931,0.9756050818494423,1.0016865090889637
2008-06-24,1.0101287153562089,0.9767585483087683,0.982433959621945,0.9786047421755281,0.9783459971849756,0.9731042370740028,0.9987453317338768
2008-06-25,1.015757771324084,0.9803999393028693,0.9856282836130541,0.9817206702488567,0.9810719991965816,0.9755040415172117,1.0007913999912257
2008-06-26,0.9892438420996028,0.9635925174315455,0.9702382265795658,0.9662967740291424,0.967657418983074,0.9636563394698017,0.9869924062996023
2008-06-27,0.9913592198200145,0.9647634188062969,0.9712813264838113,0.9671985202939172,0.9684509648912352,0.964434530226243,0.9880314422027057
2008-06-30,1.0085511455308172,0.9744948300908332,0.9803124959301434,0.975532190336758,0.97564513331953,0.9713108321538528,0.9968968087257093
2008-07-01,0.982377827973182,0.9609830517493797,0.9670979232114867,0.9634153139024068,0.9642792962918327,0.9601539871914978,0.9814388853027619
2008-07-02,0.9727689935821598,0.9563371134667747,0.9626314971598995,0.9595196757387604,0.9607082681369988,0.9565617238997468,0.9763091457151629
2008-07-03,0.9817862392886603,0.9607958262773968,0.966878477187528,0.9632894029131808,0.9641039088946092,0.9598505900470002,0.9796692528795181
2008-07-04,0.9703488580545704,0.9552397761333892,0.9614253333834542,0.958311939853311,0.9596091253141821,0.9554476551755289,0.9751327566562809
2008-07-07,0.988257860958733,0.9640166294833172,0.9700582674080813,0.9662759068292675,0.9666954554281323,0.9621223608533328,0.9831494882791841
2008-07-08,0.9753146176185874,0.9580631861044453,0.9640461619709736,0.9607510904206331,0.9613862141242112,0.9569779979429416,0.9775819087312433
2008-07-09,0.9912875121006784,0.9653496025044971,0.9715136663982058,0.9676641854283415,0.9678809858973291,0.9630431583496172,0.9833426876564951
2008-07-10,0.9692732422645306,0.955815131459767,0.9614517620859251,0.958309258117372,0.9585930761494583,0.9541511365123827,0.9728608075328353
2008-07-11,0.9432433401455675,0.9446232024275297,0.9499933172976066,0.9479464983151769,0.9486880794924255,0.9446412611120202,0.9613072838029351
2008-07-14,0.9501989889211581,0.947541177173389,0.9528616972969235,0.9504487312350611,0.9510033622759269,0.9468979707643822,0.9628816314548476
2008-07-15,0.9271628840844723,0.9379926789989109,0.9431212578062149,0.9416559842003728,0.9429235894964207,0.9389701066032218,0.954860884947668
2008-07-16,0.9233444480298312,0.9364416048862718,0.9415523095022675,0.940262640146077,0.9416619391712509,0.9377443932282975,0.9535607221077717
2008-07-17,0.9476712918145646,0.9466031744677196,0.951797355208639,0.9496285983389676,0.9499752596505842,0.9456490396878807,0.9616024063772465
2008-07-18,0.9638234555949955,0.9527320685444415,0.9581364682641362,0.9553294300432382,0.9556542151680572,0.9512323014165641,0.9671282221128327
2008-07-21,0.9688250690186807,0.9545450103410896,0.960076012725421,0.9570991325039396,0.9574699368862908,0.9530562383431112,0.9687924893725993
2008-07-22,0.961636370155248,0.9519113970701448,0.9572130688105637,0.9544247676370973,0.9547446934591701,0.9502926554923101,0.9664930478495596
2008-07-23,0.9769997490229833,0.9576022022822167,0.9634908990382197,0.9604313817928032,0.9607415913544999,0.9561542639343159,0.9715298864213439
2008-07-24,0.9612957584884023,0.951987425445021,0.9571413036475612,0.9543041560094272,0.9543779040645353,0.9497872743751136,0.9655273818187672
2008-07-25,0.9595568462945047,0.9513650023224309,0.9564331974257002,0.9536216846175437,0.9536872930455375,0.9491124617603907,0.9648460748215358
2008-07-28,0.9523860743609059,0.9486598278893108,0.9534162661120501,0.950613225062209,0.9507338519225822,0.9463021437371326,0.9619254964403375
2008-07-29,0.9535692517299497,0.9491056750789334,0.9539221509641691,0.951123449515064,0.9512291924258792,0.9467605560459483,0.962417351402054
2008-07-30,0.9717650855114562,0.9561947422399535,0.9620064876694862,0.9596159496840048,0.959255789011073,0.9541220024588679,0.9697596299849498
2008-07-31,0.9701875156860645,0.9555715544214569,0.9613231696984205,0.9589099727190048,0.9585258293161156,0.9534259978518456,0.9691008148697238
2008-08-01,0.9599333118210185,0.9515018215757571,0.9567655907875995,0.9540838536239784,0.9536275068848415,0.9488805907119165,0.9646422381086432
2008-08-04,0.9537485210282897,0.9490334890814335,0.953965372078352,0.9511082762222285,0.9506857626130608,0.9462306783804127,0.9621107050264971
2008-08-05,0.9778243877953473,0.9587627477516424,0.9651544267007792,0.9632265943747221,0.9624350705714046,0.9564569957323665,0.9717353472469508
2008-08-06,0.9834892976228903,0.9609468377477326,0.9675710649672183,0.9656322383033602,0.9652760428743588,0.9590294735318415,0.9739546391789062
2008-08-07,0.9819475816571666,0.9603421229553419,0.9668887744679282,0.9649216070802147,0.9644577310877007,0.9582803564691016,0.9732521455254212
2008-08-08,0.9840450324477442,0.9611792915581278,0.9678321873831673,0.9659194228770313,0.9655919292257172,0.9593020645293598,0.9741376630656344
2008-08-11,0.9934745975404266,0.9651719759948159,0.9722224801313161,0.9707381895504016,0.9709415515036682,0.964089575077206,0.9777441987447597
2008-08-12,0.9921659316625447,0.9645382787941812,0.9716028299979962,0.9700461508891524,0.9701574928369514,0.9633727757248441,0.9771618128431581
2008-08-13,0.9767666989351417,0.9573247340620192,0.9641138754799381,0.9614589833338291,0.9606929253388788,0.9549334192934141,0.9708712050174881
2008-08-14,0.9855329676239659,0.9617140429981185,0.9683379529079669,0.9660488055315789,0.9654310368720572,0.959228471364151,0.9747324945738558
2008-08-15,0.9778781685848494,0.9578782539774933,0.9646006269066181,0.9619178575058197,0.9610907069668885,0.95524037837215,0.9716312564948422
2008-08-18,0.9770535298124855,0.9574063842950341,0.964184475727692,0.9614521915623164,0.9606224082855183,0.9548166723312385,0.9712923017939116
2008-08-19,0.9537843748879579,0.9440086912018402,0.952195872783096,0.9476958600905284,0.9468497242033553,0.942782926402792,0.9612646652277141
2008-08-20,0.9629988168226323,0.9487890411763849,0.9565963160673335,0.9520949652601437,0.9510115377287636,0.9468298412251526,0.9650465861959522
2008-08-21,0.9627119859452884,0.9486391917719741,0.9564542193812294,0.9519458745345536,0.9508650661779197,0.9466832732214161,0.9649132114055822
2008-08-22,0.98698504894052,0.9617362761100927,0.9685672174923918,0.9647012926750559,0.9629342221344281,0.9583930638135247,0.9748897029896598
2008-08-26,0.9807285504284551,0.9585731229129694,0.965703612627465,0.9618836189993439,0.9597143922190938,0.9550909403956099,0.9721041995448854
2008-08-27,0.9910365350830032,0.9637323464614748,0.9705150025907441,0.9666846005403618,0.9651162743232553,0.960379540736966,0.9759378853261255
2008-08-28,1.0041231938618207,0.970251123150491,0.9766646137271081,0.972911668883803,0.9722288048662222,0.9674697205617239,0.9802479164918896
2008-08-29,1.0104693270230558,0.9733275077231349,0.9796278671876342,0.9759215715914473,0.9757971384757969,0.9711192947337979,0.9823305678149912
2008-09-01,1.004410024739165,0.9702528828316491,0.9767347131822284,0.972904915594471,0.9722339798837307,0.9674324558007366,0.9796792644815756
2008-09-02,1.0076189451794502,0.9718642185772303,0.9782999602945611,0.9745591950645355,0.97414028720628,0.96931090527708,0.9809478167895056
2008-09-03,0.9859273600803142,0.9606621295587121,0.9673789857171272,0.962654808570676,0.9607033007153088,0.9560273553838934,0.9729017385511834
2008-09-04,0.9612599046287349,0.9487886902988995,0.9555769271214443,0.9508422207783462,0.9486220362216741,0.9434558952534604,0.9634767235110935
2008-09-05,0.9394966118102629,0.938287565468512,0.945819733131357,0.941725525767076,0.9398385273542867,0.9340957350830854,0.9541490638538204
2008-09-08,0.9763543795489601,0.9552600687316858,0.9617317980733366,0.9561702205167814,0.9533183655149029,0.9481743571188024,0.9691347823168807
2008-09-09,0.9708508120899231,0.9531415314147637,0.9597024945664151,0.9544213652121911,0.9512524089033512,0.9458524335390628,0.9669626748824031
2008-09-10,0.9619949087519286,0.9497844241908542,0.9563773552943198,0.9514822250053143,0.9478048442333546,0.9421480814265585,0.9635991676760788
2008-09-11,0.9534258362912782,0.9465024853573505,0.9530728199146614,0.9484878327971269,0.94439256777191,0.938635575024276,0.9601936130242752
2008-09-12,0.9710480083180969,0.9532529820133606,0.9600412510819833,0.9549425755532873,0.9515659967235783,0.9457147332316425,0.9662958891709611
2008-09-15,0.932953282420854,0.9390359213740825,0.9452750352065676,0.9411732612273234,0.9355131977783296,0.9293737798040211,0.9492986329719414
2008-09-16,0.900935785737336,0.9280666747500922,0.9341496770956896,0.9315010749897833,0.9256958554410128,0.9183903444280564,0.9421004374487247
2008-09-17,0.8806425011652517,0.9214120638949994,0.9274409721481133,0.9257738751903106,0.9201727677565298,0.9122813663450494,0.9374350939498618
2008-09-18,0.8748341758990368,0.9195161604216031,0.9255112219797613,0.9241067394122747,0.9186027855826452,0.9106136717900344,0.9360814603737351
2008-09-19,0.9521530242730645,0.945433783629964,0.9520108750916058,0.9472648164115932,0.9398223974234459,0.9325393054864605,0.9541534970039053
2008-09-22,0.9387078268975669,0.9423434062275864,0.9489423817731532,0.9448595907854377,0.93617808502621,0.928346699756333,0.9511886166797939
2008-09-23,0.9207450432039024,0.9382503275695075,0.9447648641245743,0.9414957262505997,0.9311895180687066,0.9228933895270401,0.9444526962966701
2008-09-24,0.9134846366211338,0.9365448176037363,0.9430238851478815,0.9400523872754737,0.9291684328367085,0.920774679145904,0.9418005477536524
2008-09-25,0.9316625434728063,0.940835318796967,0.9475272580183209,0.9439014720521924,0.9344410457674256,0.9261224696324696,0.9485017036335253
2008-09-26,0.9122118246029199,0.9363622088773482,0.9427118330931404,0.9396748077596311,0.928595883730889,0.9200527430425266,0.9417045098595159
2008-09-29,0.863862894840631,0.9250691054999989,0.9304272858443112,0.9286765050366803,0.9143380275812133,0.9057600337760702,0.9238148030495618
2008-09-30,0.8788677351116861,0.9284819177213044,0.9340271524750065,0.9317614379601338,0.9176497211937684,0.9094182640045124,0.9301444918229587
2008-10-01,0.8891040120468984,0.9307445445497718,0.9365024444883852,0.9339439712094213,0.9200090884992871,0.9120636750076997,0.9322096936554798
2008-10-02,0.8730952637051393,0.9272569190525585,0.9325611466272382,0.9303514880527484,0.9161594198817962,0.9076860565976517,0.9265006233608881
2008-10-03,0.8928148865225356,0.9316264272430915,0.9375616467580614,0.9350069314841681,0.9210114859703854,0.9129504167458468,0.9305508085925159
2008-10-06,0.8227026639417746,0.9164849014987694,0.9199200168163123,0.9182858134399094,0.9032091987613656,0.8931181210543534,0.9110419561272968
2008-10-07,0.8255709727152141,0.9170528627567838,0.9205223602443013,0.9187804477563655,0.9036586529424753,0.8936990763308219,0.9116403713517727
2008-10-08,0.782815245061132,0.9080583215511903,0.9109690165284391,0.910462535570727,0.8960061706953653,0.8840216914095878,0.902282775098504
2008-10-09,0.7733318991789478,0.906057480702868,0.9088673780446034,0.9086543211878542,0.8943832244416177,0.8820572679564144,0.90011633917354
2008-10-10,0.7049048080025826,0.8915018344002512,0.8931718015819159,0.8947176490928715,0.88209732981987,0.8676034933063185,0.884330718399561
2008-10-13,0.7631314761034037,0.9033705129198986,0.9051792923762004,0.9046345283796958,0.8907082147206944,0.8780676511755166,0.8988086674431199
2008-10-14,0.7877451507654812,0.9075710091171937,0.9095287605687865,0.9081863908016355,0.8942771290667998,0.8826809948527617,0.9044753675549896
2008-10-15,0.7313470295077278,0.8982840101482059,0.8996836514183872,0.8999207269599866,0.8859169903838815,0.871523716395908,0.8916397257932982
2008-10-16,0.6922304686099471,0.8917116081510899,0.892838289358654,0.8942097946401091,0.8804354230429132,0.864552073276212,0.8821876446983536
2008-10-17,0.7283711591552843,0.8979444371126274,0.899359852201541,0.8997259954563217,0.8855789105475238,0.8707571666489169,0.8913163160681716
2008-10-20,0.7677566240005749,0.9041876025105681,0.906108122024664,0.9053743851930489,0.8909041080457989,0.8770171363189413,0.9008631420889018
2008-10-21,0.7582553511885567,0.90266343516219,0.9045672455968077,0.9040668985665464,0.8896068935959538,0.8754418216257625,0.8967852981622156
2008-10-22,0.7244093076619711,0.8971863342492739,0.8988585689930091,0.899038265777845,0.8847099684505482,0.8696145285133202,0.8885020423570293
2008-10-23,0.7328170377541156,0.8985825658908873,0.9003308018792926,0.9003510173600552,0.8859468649370675,0.8710130408724465,0.8920977721315924
2008-10-24,0.6961743931734263,0.892587858373758,0.8937897644967749,0.8942955405090808,0.8803051936574904,0.8645132882586045,0.8831868389642642
2008-10-27,0.6906528987845554,0.8916484429434899,0.8927714262610522,0.8933549739853477,0.8794537768861608,0.8635703329706128,0.8817985097108667
2008-10-28,0.703882973002045,0.8939147909642223,0.8952988694751312,0.895775162734016,0.8816079371002943,0.8659338260081783,0.8851464111826961
2008-10-29,0.7605499982073085,0.9035618064677063,0.9062235157616869,0.906582414257708,0.8911976579605791,0.8766524467516389,0.8946834815138629
2008-10-30,0.7693700476856348,0.904866617620409,0.9077056268375577,0.907952908565416,0.8926688324677342,0.8783634719013346,0.896129894375728
2008-10-31,0.7847154996235359,0.9071211459216705,0.9103397363089925,0.9104848118417797,0.895346565872075,0.8815273115742605,0.8987957456899807
2008-11-03,0.7965472733139738,0.9088208553779576,0.9123857832265243,0.9125139247794429,0.8974886025543949,0.884103053574971,0.9006462665242355
2008-11-04,0.8317199096482752,0.913825734700178,0.9185583241053973,0.9188496119262061,0.9041328483770172,0.8922168043052282,0.908600271330086
2008-11-05,0.8122154099888869,0.9110329443724837,0.9152671452613355,0.9154896335888398,0.9003748541201306,0.8874843887505253,0.9056224074160103
2008-11-06,0.7659101502276735,0.9043088493516959,0.9071288187764469,0.9069916284531709,0.8911966825752152,0.8765862549613229,0.8952482594560716
2008-11-07,0.7825104872539546,0.9068296658688606,0.9100950921414892,0.9099374398775013,0.8940916981570657,0.8799471149034439,0.8980359440509806
2008-11-10,0.7894840629593792,0.9078654777480966,0.91134605782027,0.9112151225794153,0.8953539268095744,0.8814393435964376,0.8994094776090713
2008-11-11,0.7613029292603365,0.9032469648229164,0.9061700643164651,0.9057206882146758,0.8899906701924082,0.8750143727744505,0.8949517396773853
2008-11-12,0.7497042056577408,0.9011653697822454,0.9039635084257804,0.9033889704545569,0.887791264590587,0.8725135808291888,0.8921228935853995
2008-11-13,0.7474095586389892,0.9007426298981782,0.9035077540892247,0.9028905601390947,0.887331190636489,0.8720113443461662,0.891744663397665
2008-11-14,0.758846939873079,0.9030360030648069,0.905844150855223,0.9055280542135246,0.8897369467140293,0.8746441036504087,0.893834074962154
2008-11-17,0.7407765946004105,0.899226008498305,0.9020985938278264,0.9011673859588996,0.8857645568556602,0.870230632882383,0.8911029875432217
2008-11-18,0.7544727689935841,0.902264338372989,0.9050416384060045,0.9046228324806483,0.8888922664207362,0.8735151538498485,0.894309155661878
2008-11-19,0.7180990283604047,0.8938599420510278,0.8971610940420879,0.8951580491347475,0.8802387116085278,0.8642824876798494,0.8888246594283526
2008-11-20,0.6946685310673711,0.8884896549114705,0.8920256189920301,0.8894980086093854,0.8752473777221497,0.8589713497354201,0.8847018950427714
2008-11-21,0.6778172170234142,0.8844415316676012,0.8882139423266088,0.8853452046215052,0.871652234106623,0.8552850004639357,0.8819898287068421
2008-11-24,0.744505396005882,0.9006831859723781,0.9038547566725776,0.9025688592730725,0.8863410508678647,0.86980898568764,0.8927862093911462
2008-11-25,0.7477860241655034,0.9013298081150379,0.9044528872192233,0.9030996090612076,0.8870434605127432,0.8705359887669352,0.8932786840180271
2008-11-26,0.74445161521638,0.9006636157767461,0.9038140539645853,0.9024908013716186,0.8862829972513563,0.86973745230717,0.8927714855704347
2008-11-27,0.7576099817145338,0.9033101406588618,0.9064120196213531,0.9050500826400064,0.889434294115478,0.8730080272449483,0.8954558827596919
2008-11-28,0.7687067512817777,0.9057502743208029,0.9086245581535539,0.9072990161532012,0.8922009201297968,0.8759195654156888,0.8979094873807212
2008-12-01,0.7288193324011351,0.8970669614694421,0.9005497600937471,0.8988057985958887,0.8817950625681422,0.8648232644119311,0.8895651550898578
2008-12-02,0.7391093901258491,0.8993003801039356,0.9026560674895453,0.9009051073287689,0.8840162712067745,0.867248098270609,0.8916580080207371
2008-12-03,0.7475529740776616,0.901116134052535,0.9044103985251879,0.9027144543009084,0.8859318244205975,0.8693633978969815,0.8933782033129469
2008-12-04,0.7464056505682859,0.900858036295094,0.9041651010787015,0.9024492757820984,0.8856540644208748,0.8690520875473808,0.8931383565321755
2008-12-05,0.7259330966978617,0.8962708641424103,0.8996828168175202,0.8974640842798667,0.8804992327689929,0.8633136740418231,0.889241825329084
2008-12-08,0.7708759097916914,0.9071667449500109,0.9098552113535449,0.9087683550384925,0.891732958499835,0.8752427122216566,0.8985169519748981
2008-12-09,0.7854325768168966,0.9102859796459138,0.9128130848568906,0.911754690211695,0.8953931629105036,0.8792888445497402,0.9014313445373194
2008-12-10,0.782922806640137,0.9097578675357716,0.9122968243150607,0.9112147435606627,0.8947301086912262,0.878542296793266,0.9009398289964257
2008-12-11,0.7867591696246123,0.9105876664671382,0.9131073451101058,0.9120883623089191,0.895786822968804,0.8797147601297635,0.9017297249749145
2008-12-12,0.7673443046143938,0.9063657413880404,0.9088806054847965,0.9073354074375153,0.8901267628058535,0.873412883698901,0.8982478220471414
2008-12-15,0.766842350579042,0.9062547537790392,0.908766456287553,0.9072063611981414,0.8899792653760907,0.873250508892987,0.8981507649131111
2008-12-16,0.7724893334767511,0.9074946597491943,0.9100754190738581,0.9087358822697743,0.8916702404621158,0.8750428967019573,0.8993275072619266
2008-12-17,0.7751962998816845,0.9080924756975177,0.9107164140036357,0.9095004198610908,0.8925193854342832,0.8759383177898715,0.89992258247088
2008-12-18,0.7763615503208943,0.9083506335885937,0.9109984241190614,0.9098457456892688,0.8929004957928646,0.8763401543653812,0.9001658735016804
2008-12-19,0.7685095550536036,0.9064868787352331,0.9090181375407329,0.9073027993876744,0.8901373910887719,0.8734304270991284,0.8983927604179862
2008-12-22,0.7617511025061869,0.904819701626742,0.9072526958353928,0.9049849685319749,0.8876742069283113,0.8709499203453287,0.8971308993756714
2008-12-23,0.7629701337348987,0.9051260272317355,0.9075790720664957,0.9054200351276102,0.8881309690248268,0.871396544836604,0.8974257726891793
2008-12-24,0.7559069233803041,0.9026477454369077,0.9056111024566396,0.9026797358494665,0.8853050545213013,0.8686612881305107,0.8954969510052903
2008-12-29,0.7743358072496526,0.9090315533945361,0.9109132486861131,0.9101885815061789,0.8929012762529094,0.8757373202008457,0.9007827560581654
2008-12-30,0.7874762468179721,0.9133912724548676,0.9146445099451249,0.915252629907332,0.8985191331579572,0.8810844476290556,0.9067201083390151
2008-12-31,0.7949159226990808,0.9158343814246754,0.9167661292755793,0.9181345250319527,0.9018327928532199,0.8842871102410879,0.9098479742973838
2009-01-02,0.8177906851672606,0.9233355571586271,0.9234216083569154,0.9273868779903844,0.9125274527764372,0.8947031532888448,0.9205044630918925
2009-01-05,0.8209816786777121,0.9245111480171033,0.924322161730522,0.9285421858480458,0.9140644323275362,0.8962435244054093,0.9219122916795159
2009-01-06,0.831612348069272,0.9285107843472935,0.9274051217334796,0.9326661190894139,0.9194684518414212,0.9016785795154179,0.9263953754563118
2009-01-07,0.8080563622674004,0.9197347594265985,0.920476307716222,0.9232680795081712,0.9069185368024177,0.8888843895539952,0.9167237830467979
2009-01-08,0.8076798967408865,0.9195910792689727,0.9203631316741053,0.9231140939198988,0.9067113335597984,0.8886739794379993,0.9165654327624151
2009-01-09,0.7974794736653424,0.915719237228421,0.9172399756567602,0.9190985453546355,0.9023668489169854,0.8840341865178379,0.9123356725705164
2009-01-12,0.7934817683123612,0.9136815693137841,0.9159762756295184,0.9174640014462283,0.9006613422602209,0.8822942607118626,0.9107314000134468
2009-01-13,0.788641497257182,0.911174174901641,0.9143944326696329,0.9153564074165002,0.898492338253521,0.880172480684016,0.9084192184091509
2009-01-14,0.7494532286400654,0.8909353145406266,0.9011862125338351,0.8973582021585937,0.8802567194118662,0.8629392792380453,0.8918564017975037
2009-01-15,0.7387867053888374,0.8864399553962915,0.8978660988941827,0.8938844024115798,0.8771860933640693,0.8594562562923992,0.8896455826487678
2009-01-16,0.7434477071456765,0.8884588829291624,0.8993531443158483,0.895446868657892,0.8785400278033098,0.860930937183711,0.8913100934467233
2009-01-19,0.7365279122297537,0.8854808991718732,0.8970845650420429,0.8929774843910949,0.8764172649456318,0.8586085019982539,0.8897725826400616
2009-01-20,0.7334624072281403,0.8841505504867079,0.8960446325250386,0.8918172606774816,0.875427281998861,0.8575819518872346,0.8892133603073289
2009-01-21,0.7278154243304313,0.8816870653724621,0.8940672224931238,0.8895466724042018,0.8735154167240954,0.8556327420074823,0.887860324369553
2009-01-22,0.7264350507332135,0.8810821787434473,0.8935653172051399,0.8889544500749705,0.8730240649880177,0.8551509691460373,0.887551109099819
2009-01-23,0.7264888315227154,0.881105184697166,0.8935812750666499,0.8889688959263649,0.8730376433598149,0.8551655664042982,0.8875609726038168
2009-01-26,0.7545444767129202,0.8935002559754819,0.904364580194479,0.9024310918275259,0.8839450252137774,0.8658286242561141,0.8932290654068787
2009-01-27,0.7519271449571566,0.8924754729655943,0.9034413029943593,0.9014074004644212,0.882895693264233,0.864755031900726,0.8926793465912013
2009-01-28,0.7699974902298253,0.8994776019870495,0.909953782989936,0.9086712791554628,0.8904328613424907,0.8722603066313326,0.8983873660706838
2009-01-29,0.7511562869742949,0.8922833746358532,0.9033252739472962,0.9014435288874613,0.882294463491714,0.8639360210614773,0.8920538917062314
2009-01-30,0.7438958803915262,0.8895040945464303,0.9007533663788222,0.8987237179069385,0.8794595940019946,0.8610775814830118,0.8901527701434576
2009-02-02,0.7310243447707165,0.8845153807096349,0.8960483838899076,0.8936455950130321,0.8743070288980416,0.8560910953884451,0.8862135893780732
2009-02-03,0.7465669929367915,0.8909945677322478,0.901847012418393,0.8998838913706891,0.8804162122006889,0.8618004090804696,0.8907366045942705
2009-02-04,0.7580581549603834,0.8955212980577096,0.9060685214334298,0.9043844158347395,0.8850880050193409,0.8662609333176343,0.8942502233984289
2009-02-05,0.7581119357498853,0.8955412691317741,0.9060864191051706,0.9044021261328365,0.8851031726052652,0.8662733265783318,0.8942536500176097
2009-02-06,0.7694059015453033,0.9001121495753428,0.9103754056713382,0.9091729603936524,0.8901104044626819,0.8711224541480416,0.89761582285776
2009-02-09,0.772220429529241,0.9012142038786652,0.9114470141319528,0.9103737277270146,0.8914013825156866,0.8723902179008225,0.8985564890112644
2009-02-10,0.7552794808361141,0.8945354415238997,0.9048014643410178,0.9026818107363564,0.8832081116952256,0.8643136581490224,0.8929712701790251
2009-02-11,0.7590799899609214,0.8960096950638963,0.9062955843170442,0.9043266130748969,0.8848292772531521,0.8658975929846863,0.8945886492726878
2009-02-12,0.7533254454842084,0.8937835065184255,0.9039682177200562,0.9016709788620628,0.8822194663524877,0.8633353860651108,0.8919843753242973
2009-02-13,0.7510666523251249,0.8926740399156802,0.9030239985586169,0.9005705379595121,0.8811605185209638,0.862337522766968,0.8910374780506473
2009-02-16,0.7412426947760947,0.887877863281142,0.8987968022264087,0.8955120546681777,0.8763523163402029,0.8578926721671353,0.8876281841765532
2009-02-17,0.7231902764332601,0.8791347963533053,0.8908637166991319,0.8861112927253743,0.867634206989231,0.8500817144751527,0.8796485666270625
2009-02-18,0.718296224588579,0.8768374951468495,0.888738105457153,0.8837763712425466,0.865536889826614,0.8481657184192862,0.877923471895909
2009-02-19,0.7203757484493226,0.8778115271764149,0.889663290164885,0.8848042108876827,0.8664473815525843,0.8489788699494457,0.8784137529809188
2009-02-20,0.6971962281739649,0.8669330071029973,0.8790028017377481,0.8725589918636095,0.8557501325334242,0.8394529714040175,0.8692249057958354
2009-02-23,0.6903122871177102,0.8638912368804633,0.8759966011873763,0.8694977290468876,0.8531370250936019,0.8369859022306275,0.8664695911815992
2009-02-24,0.6841633501846494,0.8611799799462624,0.8732425530719008,0.8666613488052134,0.8507490895325842,0.8348001644346922,0.8647637922450505
2009-02-25,0.6900075293105322,0.8641751227576278,0.8759297706713334,0.8694747307395109,0.8530948504714959,0.8368887168577887,0.8670599602048724
2009-02-26,0.701946864579974,0.870206391131331,0.8815229660652345,0.8754655328932052,0.8580980378739791,0.8413727694691416,0.8718853636612339
2009-02-27,0.6866193395719068,0.8622622632217463,0.8744171824481651,0.8679079119375396,0.851417030565609,0.8352745647362306,0.8659124005128701
2009-03-02,0.6499946219210516,0.8428251546116835,0.8575338287301916,0.8506358125627788,0.8364636876375474,0.8217656136184357,0.8543893497226474
2009-03-03,0.6296117026997974,0.8338087460953281,0.8496489302166426,0.8438163294706501,0.830708402458448,0.8157286311920765,0.8469576781747973
2009-03-04,0.653597934817685,0.8442150982885982,0.8587812238947895,0.8516442720715065,0.8372417373525065,0.822363476490657,0.8536756972327314
2009-03-05,0.6328026962102489,0.8360280361274238,0.8514496414123821,0.8454136053191313,0.8314539196210087,0.816290414874921,0.8467883638303806
2009-03-06,0.6329461116489208,0.8360846357513717,0.8514971007715451,0.8454540312286801,0.8314878878446678,0.8163217120446057,0.8468287877843397
2009-03-09,0.6350435624394984,0.8369230227696813,0.8522537619801162,0.8461156509986112,0.8320789517355603,0.8169226446212864,0.8475377796007145
2009-03-10,0.6660212971926446,0.8495779934752906,0.8637945357173051,0.8565721728866841,0.8412915104241724,0.8263437815258969,0.8564369740098653
2009-03-11,0.6621849342081694,0.8482578738770833,0.8625249686773044,0.8554659017363203,0.8401303788966547,0.8251009776251201,0.8552444087206147
2009-03-12,0.6654655623677908,0.8493863763520147,0.8636349877333998,0.8564559301031046,0.8411644460257228,0.8261816418830464,0.8560346430757284
2009-03-13,0.6729231651787334,0.8519454384399094,0.8662288164295637,0.8588457570649087,0.8436303702196771,0.8287660926032986,0.8577483533835061
2009-03-16,0.6926965687856318,0.8585886645244524,0.8732209916242865,0.8654669180285058,0.8504510010837276,0.8359949787424873,0.8633252500186234
2009-03-17,0.691459610627086,0.8581953268395697,0.8727978441828723,0.8650681898980337,0.8500059158408593,0.8355049868552635,0.8628702538586479
2009-03-18,0.6821196801835737,0.8552504803842804,0.8695113213831243,0.861876604836604,0.8465155247215373,0.8317386426988735,0.859139771907923
2009-03-19,0.6842529848338194,0.855938316434851,0.8702811000027488,0.8626344857494442,0.8473233017671024,0.8325658510979527,0.8598082746619423
2009-03-20,0.6889139865906584,0.8574402136481898,0.8720124095174107,0.8643923954399676,0.8491677959435511,0.8344669655591335,0.8612098392741977
2009-03-23,0.7086156824782208,0.8637422689100874,0.8795134226007091,0.8722349281773176,0.8573364707800029,0.8429338268037009,0.8690560414156002
2009-03-24,0.7012118604567802,0.8614031313577645,0.8768101115574268,0.8694865083212012,0.8541642713997194,0.8395176266772439,0.8664602495907059
2009-03-25,0.6992040443153726,0.8607643567844597,0.8760519404829815,0.8686987452581367,0.8532835048781431,0.838613276592318,0.865827436608142
2009-03-26,0.7036678498440377,0.862191982144063,0.8777818813106828,0.8705387951102017,0.855323461837958,0.8406596000396691,0.8673383586893589
2009-03-27,0.6989530672976967,0.8606888579285584,0.875903139750434,0.8684774839167777,0.853056531983678,0.8383769990865827,0.8653340919461359
2009-03-30,0.6745724427234612,0.8527984914607845,0.8658903234174727,0.8572578958953304,0.8409544545248802,0.8266659057917276,0.8550241358561663
2009-03-31,0.7038291922125437,0.8622083994046743,0.8773805853198087,0.8688112165726296,0.851954623000623,0.838139318199831,0.8695992213798442
2009-04-01,0.7091176365135727,0.8639602322589088,0.8792153294251464,0.8705138771398375,0.8539834123823864,0.8403596005017906,0.8714881899156883
2009-04-02,0.7394858556523631,0.8746845472977447,0.8900496196397691,0.8809143711741749,0.8661833470245829,0.8538402411990621,0.881726972158114
2009-04-03,0.7224014915205643,0.8689143142841345,0.8845457388640808,0.875881365725059,0.8591657066297209,0.8455974023783913,0.876361530575502
2009-04-06,0.7159119429206575,0.8666091475444824,0.8824212713259018,0.8739271831472213,0.8566808444980294,0.842818277528579,0.8741081479994166
2009-04-07,0.7046179771252397,0.8626196798755705,0.8785973060786978,0.8703141643625123,0.8522214634070823,0.838072570885162,0.870748556473163
2009-04-08,0.7037216306335399,0.8623040897260819,0.8782837143253657,0.8700115021320622,0.85186686195452,0.8377059543524796,0.8704918274639912
2009-04-09,0.7141551037969259,0.8663475584613812,0.8820247068808479,0.8737074438060096,0.8561723026354984,0.8420251262396689,0.8740756792087377
2009-04-14,0.7151052310781278,0.8667115897818614,0.8823657343818898,0.8740484186135993,0.8565732313540348,0.8424315404876067,0.8744236005420705
2009-04-15,0.7114122835323246,0.8652963016968565,0.880987428361121,0.8726145450459664,0.8549025515820166,0.8407324834364029,0.8730596396604058
2009-04-16,0.7265784661718858,0.871128474539183,0.8868143521976254,0.8788197155541221,0.8620183705803842,0.8477389739798,0.8783720534817934
2009-04-17,0.7337133842458166,0.8738924484820975,0.8895111056299995,0.8816637697135491,0.8654793595995519,0.851237257107,0.8818416423704754
2009-04-20,0.7154458427449739,0.8668694371678771,0.8824848437700622,0.8740806486425926,0.8562120245989225,0.8417511627848717,0.8722551124126366
2009-04-21,0.714836327130618,0.8666342044852045,0.8822481869990861,0.8738295807048564,0.8559198253634327,0.8414523777865696,0.8719835107084697
2009-04-22,0.7225807608189045,0.8695665250509703,0.8853142020067991,0.8770950885624851,0.8594029862814637,0.8449777051744105,0.874085669865101
2009-04-23,0.720339894589655,0.8687265618941566,0.8844101198130238,0.87611035425279,0.858344009893547,0.8438916683070771,0.8733415580981656
2009-04-24,0.7450432039009025,0.8784124404403528,0.8946632965436123,0.8875447112183589,0.8704547363165696,0.8559870974495767,0.8822000902980058
2009-04-27,0.7470151661826421,0.8791210588527508,0.8954050889551108,0.888289336597903,0.871439591262011,0.8570117774310637,0.8829215602636884
2009-04-28,0.7343587537198404,0.8745229956623088,0.8904398541084942,0.8830567255123185,0.8647659232742938,0.8500152374181872,0.8789391893458857
2009-04-29,0.7510666523251255,0.8805288935140065,0.8971065073300003,0.8900442053035569,0.872975115121424,0.8583127882418841,0.8852549091383682
2009-04-30,0.7607651213653176,0.8839024591184755,0.9008745360049307,0.8939256306745365,0.8779006337414793,0.8634549706067992,0.8893013139845088
2009-05-01,0.7606754867161476,0.8838556167402983,0.9008368698852006,0.8938839340280132,0.8778442310548201,0.8633914934610447,0.889259890813103
2009-05-05,0.7774730199706024,0.8909008110281232,0.9076241566727961,0.9011899256167938,0.8871304452368971,0.8731932261535823,0.8955935106256105
2009-05-06,0.7881574701516644,0.8952188230915024,0.911830629268073,0.9056205835414032,0.8932363698691814,0.8798770875742246,0.8992655963164082
2009-05-07,0.7885518626080122,0.8953769731457737,0.9119845755177362,0.9057829151921809,0.8934605990295266,0.8801230450617771,0.8994002496982603
2009-05-08,0.7999175361227662,0.9009144448724188,0.9166191121912163,0.9108595361235912,0.9005108175363399,0.8879787962394361,0.9019697551981519
2009-05-11,0.795148972786923,0.8985751315950034,0.9146677424615869,0.9087118361975418,0.8974247079714676,0.8844370519470596,0.9001521747094916
2009-05-12,0.7933562798035233,0.8976489615790484,0.9139071107174668,0.9078530743970469,0.8962427111922145,0.8831495973828298,0.8994688338663667
2009-05-13,0.7764870388297324,0.8890153593617942,0.9065568922130948,0.8993654074292174,0.8847006449614021,0.8710249510999435,0.8922581226326163
2009-05-14,0.7820802409379395,0.8916981297666693,0.9089741406025524,0.9019911402287937,0.8876559400996425,0.8742192724515904,0.894435317044664
2009-05-15,0.7794808361120099,0.8904502693083169,0.9078212882909904,0.9007016201519765,0.8861864493945499,0.8726204591626496,0.8932248906870267
2009-05-18,0.7971209350686626,0.8989641214135524,0.9158614474921702,0.9098867765912234,0.8964872937109245,0.8834439607608029,0.9011887931977011
2009-05-19,0.8035387759492335,0.902006134399032,0.9186664939783454,0.9129211403281644,0.9003558597919571,0.8876684003569468,0.9036872235517801
2009-05-20,0.8010469327023079,0.9008277023066048,0.9175509530332917,0.9116819606644726,0.8987769755111091,0.8859173418530318,0.9026293690123662
2009-05-21,0.779014735936326,0.889227291285772,0.9074030365391306,0.9001503835850558,0.8844904658736494,0.8708139481615074,0.8920680707102224
2009-05-22,0.7825642680434574,0.8908737222672437,0.9089554111404641,0.901719505260843,0.8860629840685919,0.8726076539502103,0.8936237545983554
2009-05-26,0.7908823634864318,0.8947973528357992,0.9127091229380723,0.9056618228818352,0.8900819459377067,0.8771553596746132,0.8981327473263386
2009-05-27,0.7916890753289616,0.895175844755964,0.9130745687824574,0.906048995942355,0.890479258765033,0.877608334021163,0.898388665150531
2009-05-28,0.7865440464666046,0.8924653621312154,0.9106461333810822,0.9033792885894601,0.8877639759153678,0.8745076417523193,0.8955111870462311
2009-05-29,0.7919938331361395,0.8952896120680043,0.9132835139810559,0.9063181810077857,0.8907023257629952,0.8776979205837455,0.8980486307215609
2009-06-01,0.8078233121795585,0.903912283485841,0.9211101460814944,0.9152206438887843,0.8995944846672254,0.8874273926048571,0.9064165667533709
2009-06-02,0.8025886486680315,0.901042587362585,0.9186052325663284,0.9124875916642683,0.8965394007308622,0.8839586888442387,0.903722473863486
2009-06-03,0.7858090423434105,0.8918146550984283,0.9103518168872413,0.9033631853106376,0.8865762604983348,0.8732470684950345,0.8954695124189991
2009-06-04,0.7864364848876005,0.892122673570067,0.9106483879004639,0.9036585584108855,0.8868499827009199,0.8735391540486489,0.8957373146193981
2009-06-05,0.7957047076117769,0.8971841246319647,0.9152499516226669,0.9085688539872622,0.8916756720810153,0.8786840312651155,0.9000755723553678
2009-06-08,0.7897171130472219,0.893901726692666,0.9122582967071869,0.9053533360619201,0.8884218611401827,0.8751559354302184,0.8971185044434279
2009-06-09,0.7896454053278861,0.8938606892676852,0.9122170495389935,0.9053056729138149,0.8883793162188979,0.8751070520062506,0.8970628788682824
2009-06-10,0.795382022874765,0.8970831104881593,0.9152447677752962,0.9086847227015528,0.8916755829621607,0.878483555158574,0.8999986567973131
2009-06-11,0.7998816822630981,0.8995965299513637,0.9176637723897447,0.9114308152826806,0.8943642601268201,0.8812582794883609,0.9021536202853105
2009-06-12,0.7963142232261328,0.8976151938756013,0.9156932253829898,0.9091399910125179,0.8921257731637264,0.8789314634389428,0.9003024277772863
2009-06-15,0.7755189846186966,0.8850908558102284,0.9038889705230257,0.8952101185528092,0.8787369172301613,0.8655698887894617,0.8895349696826415
2009-06-16,0.7759850847943806,0.8853212186830811,0.9041146477898548,0.8954013104717589,0.8788899373502148,0.8657524833195183,0.8897578657189036
2009-06-17,0.7670036929475481,0.8804100707876902,0.8992427036947256,0.8903322503128899,0.8744228945447985,0.8609843383109281,0.8852104339265636
2009-06-18,0.767433939263564,0.8806485468286135,0.8994774450800763,0.89057602814664,0.874633068293189,0.8611878197228361,0.8854010913960925
2009-06-19,0.7790864436556618,0.8876084606320674,0.9060722155556223,0.8975803881691319,0.8806397351156863,0.8672658249462932,0.8908617722037124
2009-06-22,0.7590441361012537,0.8762401117080185,0.8949156909991639,0.885936183589969,0.8698987696967958,0.8562094967112952,0.8806316496865046
2009-06-23,0.7583091319780597,0.875808482318628,0.8945165524995157,0.885536098150217,0.869536372443358,0.8558339856133972,0.8802667240362193
2009-06-24,0.767272596895058,0.8810631819276826,0.8993238277198028,0.8902439075323426,0.8736468082124247,0.8601010261822796,0.8846427458792463
2009-06-25,0.762360618120543,0.8782121590658718,0.8966789240018765,0.8876259568524741,0.8712997316360118,0.8576296251436462,0.8822852405547911
2009-06-26,0.7602810942597993,0.8770043149122366,0.8955237528026585,0.8864605939381202,0.8702733678693636,0.8565935161981438,0.8812038517462608
2009-06-29,0.7697823670718175,0.8825466416653793,0.9009382813244846,0.8920272293144034,0.8751278651251051,0.8614123259062834,0.8855179679345179
2009-06-30,0.7617511025061868,0.8779750543635289,0.8963726673712457,0.8873311697165042,0.8708607520434194,0.8571126354150016,0.8817328993308255
2009-07-01,0.7781542433042938,0.8879924531571578,0.9058435044572196,0.8970632185178806,0.8795395129912422,0.865476218103923,0.8881298489002929
2009-07-02,0.7590799899609214,0.8773763232258986,0.8954672857141458,0.8868623585868618,0.8691211377142235,0.8551448369615454,0.8807175911423191
2009-07-03,0.7594385285576014,0.8775686091113758,0.8956384661244365,0.8870099615127334,0.8692457029348865,0.8552753205810523,0.8808579827541905
2009-07-06,0.7520167796063266,0.8734876747393455,0.8916904326777886,0.8832440727960884,0.8657285818737218,0.8517173109550211,0.8770031907686979
2009-07-07,0.750600552149441,0.8726853467361416,0.8909192609705815,0.8824993189500929,0.8650481195034075,0.8510526619218308,0.876329413695772
2009-07-08,0.7422107489871305,0.8679339747063163,0.8862180945276837,0.8778548577618247,0.860843445258977,0.847031689285866,0.8724157927579252
2009-07-09,0.7455272310064199,0.8698022136923704,0.8880997887485815,0.8797147627449224,0.862500440927178,0.848552803098054,0.8741014601797581
2009-07-10,0.739880248108711,0.8666002496985901,0.8848056320432749,0.8763765722300986,0.8595531726870422,0.8458216922733834,0.8704829790931187
2009-07-13,0.7533075185543746,0.8743117530526175,0.8928087436987384,0.8845596964473313,0.8666895977759628,0.8522133563759177,0.8800927340908515
2009-07-14,0.7596895055752774,0.8777082421166571,0.8964629987042155,0.8881883218797841,0.8701868740461095,0.8554083801327408,0.88335057193235
2009-07-15,0.7791940052346658,0.888841043394418,0.9077976402808341,0.8996346021440975,0.8813025046911778,0.8656752742471214,0.8941891852110978
2009-07-16,0.7819368254992674,0.8902321308203313,0.9092320136028222,0.9009819873085678,0.8829035589293756,0.8671972801207533,0.8959639437890061
2009-07-17,0.7867770965544465,0.8927586408250268,0.9118579031176776,0.9035317630792241,0.8858504836163075,0.8700204592648031,0.8986544991398168
2009-07-20,0.7966010541034767,0.897858656872523,0.9173078849952919,0.9089443370719026,0.8920739974812946,0.8760281185210291,0.9039040067768773
2009-07-21,0.8033415797210595,0.9013643645648908,0.9210383406953413,0.9126640062638067,0.8964776804148843,0.8803632397704537,0.908097154652857
2009-07-22,0.805582445950309,0.9026364125777853,0.9222916758140163,0.9139294164148825,0.89798800814331,0.8818672182691977,0.9094683427606354
2009-07-23,0.8174321465705809,0.909497758674216,0.9291226589401796,0.9210022253010058,0.9063305590055285,0.8902151847192193,0.9164463669307094
2009-07-24,0.8204438707826923,0.9112105383620637,0.930826918919782,0.9227420130745211,0.9085140762054214,0.8924495373328901,0.9179261889098198
2009-07-27,0.822146929116922,0.9121902281310065,0.9318112323008758,0.923766070562894,0.9097900797534196,0.8937645775925727,0.9188130234563944
2009-07-28,0.8118747983220419,0.906224737480483,0.9256509467641543,0.9171670665320438,0.9017208003647442,0.8854226746496183,0.9133714917646262
2009-07-29,0.8152271342009991,0.908124526414799,0.9276633402868869,0.9192676290274865,0.9040560433636236,0.8877660942778998,0.9150551986882232
2009-07-30,0.8303036821913904,0.9169316550335206,0.9369418985791143,0.9291768644313465,0.9150956320298747,0.8989444539022918,0.9221796264477488
2009-07-31,0.826144634469903,0.9144742853214637,0.934496949200781,0.9266713650217261,0.9119369981765506,0.8956218138526585,0.9201342592450257
2009-08-03,0.8394284894768947,0.9235819868430595,0.9424862123869735,0.9349412485081176,0.9221215043779213,0.90583404061339,0.9268601009476423
2009-08-04,0.837438600265321,0.9222495519409064,0.9413195196962472,0.9337554755267164,0.9205329540617366,0.9041791093362864,0.9259531222098801
2009-08-05,0.83308235631566,0.9192192757504494,0.9386913706856516,0.9310365383629507,0.91696491928458,0.9005989363279081,0.9237592767716678
2009-08-06,0.8408626438636144,0.9245421259431738,0.9434945326067844,0.9360613550140948,0.923354128608035,0.9067522446560113,0.927791434698273
2009-08-07,0.8482306120253871,0.9299050905946108,0.9480749583907812,0.9408796650991038,0.929600799071508,0.9128858663205964,0.9316114086180151
2009-08-10,0.8465454806209913,0.9286786780603418,0.947014405909979,0.9397546103672608,0.9281076897341197,0.9113842388365796,0.930860618503006
2009-08-11,0.8374206733354871,0.9217824523450528,0.9411023000824593,0.9333607777514458,0.9198454425889554,0.9033262773772905,0.9258452395309987
2009-08-12,0.8455774264099555,0.9277302921075857,0.9464056602362924,0.938968139451998,0.9264141727338577,0.9096408658601064,0.9297934925537068
2009-08-13,0.8525151482557121,0.9327673005201093,0.9509246626003829,0.9437507820727038,0.9322151264044134,0.9153233096355279,0.9327943962151013
2009-08-14,0.8450754723746035,0.9265893217910294,0.9460262027824002,0.9385309670961284,0.9257546712264425,0.9088734895570592,0.9292289610303451
2009-08-17,0.8327058907891457,0.9168954725435666,0.9377745188488973,0.9298101015486091,0.9156071639925388,0.8990860518375225,0.9238877173675423
2009-08-18,0.8400200781614164,0.9221097099509257,0.9425404433962413,0.934605733484868,0.9206186195287847,0.9039744585705474,0.9267245473279322
2009-08-19,0.8407192284249423,0.9226125066454746,0.9429970130073692,0.9350679738159171,0.9211085159934922,0.9044540103913933,0.9270316514898966
2009-08-20,0.8527123444838862,0.9313984438227678,0.9511139853166661,0.9435088223825334,0.9300173353059743,0.9132306003652177,0.9325508007302625
2009-08-21,0.8696174393173449,0.9432675518309581,0.9622185437644325,0.9547658358146361,0.9429974628130751,0.9263360530881731,0.9407168216747904
2009-08-24,0.8777383385321454,0.9487231212488764,0.967154547113857,0.9595092605406942,0.9494222387628632,0.9330645416863957,0.9443074315278858
2009-08-25,0.8814312860779489,0.9511747895266863,0.969418445626762,0.961712735116366,0.9524367857747597,0.936280184679402,0.94654008519418
2009-08-26,0.8767344304614417,0.9480578209695721,0.966456273495716,0.9587575645814581,0.948438568771723,0.9319693018573824,0.9444096632127038
2009-08-27,0.8729339213366343,0.9454012849240172,0.9639963124087044,0.9562719328399966,0.945216207532098,0.9286420001773552,0.9419618557767397
2009-08-28,0.880015058621063,0.9502530615001403,0.9686878387074875,0.9610725317548983,0.9512805772648549,0.934612219187416,0.9465829633622662
2009-09-01,0.8640242372091379,0.9386744160749633,0.9579759604523856,0.950009101007128,0.9371048766748241,0.9203915685774082,0.9369559488448873
2009-09-02,0.8636477716826241,0.9383968585317861,0.9577198410840314,0.9497423404408317,0.9367576479967248,0.9200456344473257,0.9366738780322424
2009-09-03,0.8599189702771528,0.9357977840878232,0.9552686463379598,0.9473196468276522,0.9341889108534162,0.9173453073879569,0.9343606145146988
2009-09-04,0.8697608547560169,0.9425982475836547,0.9618879185776683,0.9539439817934281,0.941093034153816,0.9243323124072976,0.9390417303789036
2009-09-07,0.8843713025707243,0.9525316855480266,0.9716216833250979,0.9636462572069274,0.9516942133192954,0.9352615677849908,0.9474686120109409
2009-09-08,0.8868989996773178,0.954165768211208,0.9732100023496185,0.9651716504308993,0.9535777681189311,0.9372551957612497,0.9486371649434753
2009-09-09,0.8971173496826959,0.9608702997192567,0.9798545355184783,0.9717312043540097,0.9615097236929082,0.9457252876503377,0.9536496116035605
2009-09-10,0.8941414793302523,0.9589489710795098,0.9779340734553846,0.9698369171419636,0.9591053530568487,0.943088265243896,0.9520785330777103
2009-09-11,0.8984080886307435,0.9617905544069328,0.9807588778085681,0.9726679052251874,0.9626048064051468,0.9467696452351112,0.954331971400546
2009-09-14,0.8997346814384592,0.9626817854905958,0.981652344942508,0.9735762344634984,0.9637199837064168,0.9479497514759833,0.9549994400916318
2009-09-15,0.9038937291599466,0.9655018267284488,0.9845521508245216,0.976601493585755,0.9673676270508323,0.9518290387401984,0.9575907790284622
2009-09-16,0.9185938116238238,0.9758020442695273,0.9950587710027251,0.9877681362086292,0.9807289108200818,0.9661865027325851,0.9672020812199722
2009-09-17,0.9257466566275885,0.9810687548214354,0.9998721741986374,0.9926028858177876,0.9874260410593894,0.9736708150998754,0.9710221851239972
2009-09-18,0.927342153382814,0.9822467990456232,1.0009559590687804,0.9937044663077813,0.988949417762409,0.9753420773785779,0.971881157137541
2009-09-21,0.9204402853967253,0.9771401887984839,0.9961009855827834,0.9886408966875474,0.9820858389935463,0.9678093222072521,0.9680552935310921
2009-09-22,0.9219102936431132,0.978215026924299,0.9971444768979338,0.9897241743064099,0.9834292753074635,0.9691960214214328,0.9688595208087887
2009-09-23,0.9213366318884252,0.9777249342089543,0.9967134416477118,0.9892609718527988,0.9828628517126464,0.9685956770002989,0.9685526106183794
2009-09-24,0.9105625470581933,0.9689836133418623,0.9885467415837207,0.9804481756259142,0.9721563486940399,0.9573911851525398,0.9632608079113207
2009-09-25,0.9110824280233792,0.9693579917728806,0.9889264541829762,0.9808215833822826,0.972520638719829,0.9577673939003049,0.9635201157860414
2009-09-28,0.9260514144347664,0.9809628662789244,1.0004002055680963,0.9928521254078511,0.9854762443255981,0.9712912060450296,0.9708406308742131
2009-09-29,0.9249757986447266,0.9801544673383796,0.9996086809529827,0.9920472991237766,0.984501669762149,0.970236421383128,0.9702046755358663
2009-09-30,0.9203506507475554,0.9767310792951033,0.9961881354272567,0.9885878299232979,0.9802295429548074,0.9657359287239017,0.9677081703937063
2009-10-01,0.9049155641604844,0.9636056601580792,0.9845326271615441,0.976731847737802,0.9661047221845128,0.9514410202003323,0.9593165665990943
2009-10-02,0.8943207486285923,0.9556556442796744,0.9770160318101393,0.96959844604633,0.9586579690687639,0.9435857966874172,0.9539178330697231
2009-10-05,0.9007027356494952,0.9602104009408403,0.9814804645457694,0.9737545152170158,0.9627680582755733,0.9477560131733448,0.9566673015939529
2009-10-06,0.9210856548707494,0.9750339725135108,0.9959202895062189,0.9874096672488754,0.9764271596857318,0.9617847831668163,0.9665571368537084
2009-10-07,0.9158689182890564,0.9714529708802411,0.9926172899717406,0.9844315559250941,0.9728122804871779,0.9579660452165815,0.9640884591686026
2009-10-08,0.924061525223193,0.9769777485969798,0.9978705861372436,0.9892144294609877,0.978525678002954,0.9637318267021263,0.9681578817323495
2009-10-09,0.9253701911010745,0.9778646661332903,0.9987126476396478,0.9899885094693662,0.9794582192339107,0.9646818378398131,0.9687849548493238
2009-10-12,0.9340288982108951,0.9837880582081938,1.0044616684629168,0.9954150181835328,0.9859263168673567,0.9713234901417677,0.9736022400139808
2009-10-13,0.9239898175038569,0.9770221590349526,0.9977734920939111,0.9890347974863848,0.9781450914579751,0.963217945123742,0.9682363207547323
2009-10-14,0.9422573590046996,0.9889033508503721,1.0099428524043486,1.0005405046063878,0.9911854752340035,0.9763317343676924,0.9775631823579817
2009-10-15,0.9363235452296467,0.9853068835363736,1.0062781053086751,0.9971818478708498,0.9867969516655346,0.9717985475711196,0.9744650893877558
2009-10-16,0.9304435122440957,0.9816236280705829,1.002578031067657,0.9937498187469732,0.9824706121316386,0.9675075285078082,0.9711249457980822
2009-10-19,0.9468107991825347,0.9918850409680413,1.0130914879562725,1.0036100962441477,0.9944210338915956,0.9786625446714314,0.9796270737913612
2009-10-20,0.9399806389157819,0.987859791198767,1.0089273955937565,0.9997726134799707,0.9892604829413887,0.9737602065395445,0.9762449686651211
2009-10-21,0.9425800437417114,0.9893910812280492,1.0105345109181074,1.0012653420750763,0.9911784743308804,0.9755112187996878,0.9775386962815389
2009-10-22,0.933526944175543,0.9840663780849036,1.004753273474767,0.9957599004084954,0.9842177749164535,0.9690672772941799,0.9726212092566717
2009-10-23,0.9398372234771101,0.9877107587139438,1.008811969418605,0.9996173798417666,0.9887644993313133,0.9731815636362913,0.9758429553119381
2009-10-26,0.9307124161916057,0.9823042047299856,1.0028444473941696,0.9938506050679796,0.9819125189328944,0.9669095967842416,0.9714207161897737
2009-10-27,0.9323796206661674,0.9832654311860364,1.0039405924096563,0.9949052143794354,0.983074787114022,0.9679455830826087,0.9721381017517058
2009-10-28,0.9107597432863674,0.9700896005373716,0.989280711270951,0.9804966074843604,0.9671615319169847,0.9535713080822799,0.9624939357223171
2009-10-29,0.9210318740812476,0.9757653962389279,0.995477651834205,0.9860547617762399,0.9724760024877008,0.9589375362017936,0.967573249174997
2009-10-30,0.9043419024057968,0.9667161142913697,0.9853988166397672,0.9768762334206976,0.963362315750689,0.9496969587901625,0.9597723434377402
2009-11-02,0.9150801333763607,0.9725395359993785,0.9916255573402414,0.9824079884124068,0.9685699585840168,0.9548912959091039,0.9644627434353833
2009-11-03,0.903015309598081,0.9660054247455204,0.9846536085575149,0.976133554015892,0.9624706153836255,0.9487377283824115,0.9587381821865364
2009-11-04,0.9156896489907166,0.9727438927839468,0.991964075775199,0.982701485715145,0.9686591811530046,0.9547476620029621,0.9648087679005508
2009-11-05,0.918862715571334,0.9744948335396671,0.9937600940392977,0.9843259575585448,0.9702542268569064,0.9563137531651915,0.9661760698764266
2009-11-06,0.9219282205729474,0.9762004865613204,0.9955374896759672,0.9859633497766987,0.9718560587470052,0.9578983441311585,0.9673981134779285
2009-11-09,0.9385106306693943,0.9855245646738784,1.0054471359939203,0.9953226522580155,0.9809074556150207,0.9669200755792613,0.9752627769609918
2009-11-10,0.9376859918970305,0.9850745653295415,1.004966491141097,0.9948718001064248,0.9804319962411939,0.9664364839566136,0.9748846493865886
2009-11-11,0.9441755404969374,0.9885537119638138,1.0087676113700996,0.9984763410513404,0.9842283891567871,0.9702547532420647,0.9776160663978994
2009-11-12,0.9459144526908351,0.9894940029299619,1.00979986228317,0.9994690821758724,0.9852751373746433,0.9713136080703617,0.9783760590121491
2009-11-13,0.9494819117278004,0.991541483792017,1.0119834092362983,1.001619926822241,0.987518390251713,0.9735987795486265,0.9804907100397134
2009-11-16,0.9649528521745396,1.0005378566365164,1.0217283316008212,1.0114382963985298,0.997653411449686,0.9839971494573125,0.9896165510513689
2009-11-17,0.9583557419956288,0.9968384162028024,1.017738209333016,1.0075179933171035,0.9931805294022387,0.9793439731034069,0.9859422685524247
2009-11-18,0.957674518661937,0.996430700194238,1.0173128006700585,1.00709536725326,0.9927194778490488,0.978870694484454,0.9855488707805835
2009-11-19,0.9443368828654433,0.9885511597227811,1.0088225961741029,0.9985276843187006,0.9833722220867167,0.9695965538068798,0.9783629065771731
2009-11-20,0.9414147933025018,0.9868722282637405,1.0069892668509774,0.9967267876583387,0.981521002246079,0.9677759209987113,0.97688007725667
2009-11-23,0.9600767272596924,0.9977124918335327,1.0189961990629568,1.0086562908459338,0.9934597199737323,0.9792457599756866,0.986116906670224
2009-11-24,0.9544297443619835,0.99462905951153,1.015612818579504,1.0054250353073197,0.98971886747447,0.9755989835486771,0.9833976970632643
2009-11-25,0.9617439317342542,0.998658572551562,1.020070986758983,1.0097158994841313,0.9945913513109204,0.9801775159802381,0.9872619614191679
2009-11-26,0.9311426625076219,0.981961053027241,1.0011525654209834,0.9912362091789458,0.9734537820031067,0.9601030261047642,0.9719296921316055
2009-11-27,0.9403929583019641,0.986658898589,1.0058700289699587,0.995312598487875,0.9772169350680319,0.9643544692565789,0.975970318030144
2009-11-30,0.9305331468932659,0.9816356108928067,1.0007426126958991,0.9907649903939194,0.9729085076432212,0.9595014637998109,0.9726684347357948
2009-12-01,0.952314366641572,0.9932049675559831,1.012239164173908,1.0010566195352837,0.9824711837892832,0.9697373218463702,0.98322315887014
2009-12-02,0.9550392599763393,0.994547979328185,1.0135584590096334,1.0022173880440322,0.9836930660845637,0.9710623929251077,0.9844439013608512
2009-12-03,0.9524577820802439,0.9932094196178817,1.0122512629188885,1.001032588373692,0.9824707653200437,0.969723880381087,0.9833050130281557
2009-12-04,0.9541429134846394,0.994089704411206,1.0131195293932485,1.0018285649844594,0.9832855531908216,0.9706035697614197,0.9840611172683996
2009-12-07,0.9520454626940619,0.9929890444345398,1.0119896581810541,1.0007575841955092,0.9822092973859382,0.9694392532706074,0.9830367111913733
2009-12-08,0.9363414721594808,0.984755457307768,1.0033146130766073,0.9923989669134338,0.9738996833837048,0.9606045485972118,0.9758693839926512
2009-12-09,0.9328995016313534,0.982937837913492,1.0014416257587504,0.990630080783604,0.9722099139369799,0.9588562294229711,0.9743214259006538
2009-12-10,0.9401599082141221,0.9867706390449467,1.0054910369939398,0.9945105032604674,0.9758475519975293,0.9625254197854985,0.97758432576656
2009-12-11,0.9432433401455698,0.9883885127602362,1.0072339067597322,0.996204924943162,0.9774439171896088,0.9641452035307412,0.9789647907512636
2009-12-14,0.952870101466426,0.9934264701680111,1.0128316446275503,1.001771119945295,0.9826467348426114,0.9694647199042943,0.9828455334117763
2009-12-15,0.9475816571653971,0.9907069284413015,1.0097434333805868,0.9986770251301237,0.9796697250636894,0.9663887427452275,0.9801442355371388
2009-12-16,0.9537664479581259,0.994009407440627,1.013441316930568,1.0024123722012612,0.9832005610175976,0.9699122010690218,0.9834285734410094
2009-12-17,0.9353554910186114,0.9841965400062962,1.0022138831324212,0.9908970296597519,0.9722838178416928,0.9589216735628768,0.9748004967857153
2009-12-18,0.93162668961314,0.9822842921783809,1.0000400948396915,0.9887854410796147,0.9703646265279562,0.9569853220636487,0.9729785002145233
2009-12-21,0.9490516654117849,0.9913913985100422,1.010408787198294,0.998933883441142,0.9794159560537841,0.9659231083206182,0.9813459259378776
2009-12-22,0.9552723100641818,0.9944453250227872,1.0138990719884473,1.002254759439554,0.9827393048096833,0.9692393964492384,0.9843573406178779
2009-12-23,0.9631063784016384,0.9984792199280887,1.0183868578923754,1.006603182358172,0.9870807374029913,0.9736104896691398,0.9885950366163306
2009-12-24,0.9684844573518374,1.0012318050024882,1.0215038895541466,1.009662280253283,0.9901641607912872,0.976742124628175,0.9911927908814075
2009-12-29,0.9747947366534044,1.004465543314556,1.0252371955953052,1.0133894817876627,0.9939166142666251,0.9805848584811575,0.994172434837939
2009-12-30,0.9676777455093075,0.999928058016877,1.0209387515551274,1.0090251397774086,0.9895081625754985,0.9760272709061963,0.990785451153851
2009-12-31,0.9703667849844071,1.0016174529356137,1.0225884761415494,1.0107033117900772,0.991168071467014,0.97766092569155,0.9921366101227467
2010-01-04,0.9860349216593203,1.0118048095835865,1.0324918301963326,1.020975908175344,1.0011945554246262,0.9876750079701031,1.0001511995573704
2010-01-05,0.9900147000824675,1.0145380854689463,1.0348876431501333,1.0233706132070854,1.003813391269727,0.9903189815097683,1.0021401094588411
2010-01-06,0.9913592198200173,1.0154663028778137,1.0357134228470135,1.0242095301772478,1.0047219113390062,0.9912421288245405,1.0028276507488667
2010-01-07,0.9907676311354954,1.0150535154403864,1.0353259258925678,1.023798984864259,1.00428945767621,0.9907961618354695,1.0025228084168554
2010-01-08,0.9921121508730452,1.0159851064805165,1.0362022191766866,1.0247240288993025,1.0052655056344386,0.9917957445004658,1.0032045825590439
2010-01-11,0.9928113011365712,1.0164702994749895,1.0366669344367938,1.025220686633976,1.0057847358272645,0.9923281226931556,1.003564729302049
2010-01-12,0.9857480907819764,1.0108991947395016,1.0317112408353595,1.0197482106054117,1.0002054373837193,0.9865373898371746,0.999402813363249
2010-01-13,0.9812305044638092,1.0074208441361356,1.0284954806425186,1.01624396784395,0.9967281256927387,0.9830607745851582,0.9967337723739234
2010-01-14,0.9856584561328062,1.0108019475206473,1.0317133959391664,1.0197659400292405,1.000155187543466,0.9863518780154429,0.9988388688953659
2010-01-15,0.9779857301638556,1.0049542453270621,1.0259919612864496,1.0134215699922295,0.9939967093774313,0.9803687700652,0.9949354930796096
2010-01-18,0.9849772327991143,1.010257794335133,1.031242052235792,1.019117345179987,0.9993612947582412,0.9854038573102384,0.9989053622456159
2010-01-19,0.9883295686780718,1.0128116931597522,1.033777987241744,1.0218858011351222,1.0020321705558775,0.9879319147976644,1.0006652583669235
2010-01-20,0.9717830124412927,1.0001143515205098,1.0209126578613321,1.007613000140334,0.9882986457930196,0.9747996084602267,0.9917921888311957
2010-01-21,0.9564196335735575,0.9878019231471764,1.0098363397639247,0.9966019607224472,0.9783675732290633,0.9648324793949794,0.9829496530609845
2010-01-22,0.9506650890968446,0.9835635234486511,1.0058876967502046,0.9928787447616844,0.975106553856019,0.961579436814473,0.9797439902258959
2010-01-25,0.943010290057728,0.9773699375634745,1.0005435853312918,0.98781583609913,0.9707380116242574,0.9573701411541037,0.9760900531251732
2010-01-26,0.9459861604101714,0.979752916019709,1.0026396272676787,0.989801329098303,0.9724348662087821,0.9589405410394192,0.9775588554576776
2010-01-27,0.9353375640887774,0.9710009288662905,0.9949192242173095,0.9823370689964033,0.9661130917851999,0.953009684557715,0.9721147315691953
2010-01-28,0.9224660284679678,0.9606227279434829,0.9856990172989714,0.9735973460322409,0.9587757112589562,0.9462988108786502,0.9650388438240123
2010-01-29,0.9301387544369184,0.9666727988609986,0.9910185996796661,0.9784876737075615,0.9628453218534206,0.9499605394620403,0.9690027504179195
2010-02-01,0.9406977161091423,0.9747370620997146,0.9983906150223394,0.9853536916439145,0.9686683431123415,0.9552525651607792,0.9749544723223009
2010-02-02,0.9471334839195471,0.9793964209273976,1.0028143015633362,0.9894812663500125,0.972338484282633,0.9586209744027581,0.9785897588831017
2010-02-03,0.941737478039514,0.9751247448257518,0.9990483129355017,0.9859117353304858,0.9691269237786561,0.9556427196036903,0.9759673183891368
2010-02-04,0.9213187049585919,0.9588939421119864,0.9844989312119337,0.9720126323823215,0.9567956944295471,0.944537978974868,0.9660798124876615
2010-02-05,0.9072639919687384,0.9488282321368825,0.9755058651189994,0.9640160273164362,0.9499129040692118,0.9380182573725641,0.9588816831590791
2010-02-08,0.9128930479366135,0.9527133600009341,0.9789906269647429,0.9670667230201274,0.9524977634573363,0.9404114221639402,0.9615643496119339
2010-02-09,0.9163887992542429,0.9550725930994494,0.9811943457619278,0.9690312647027716,0.954164364944717,0.9419699216372892,0.9632088801025568
2010-02-10,0.9200100390807101,0.9574922476386676,0.9835340929769795,0.9711614256905231,0.9559598179637215,0.9436631824612371,0.9650168491886292
2010-02-11,0.925298483381739,0.9609829907954464,0.9870407218089478,0.974422773158516,0.958689849729587,0.9462596923723967,0.9677943614076692
2010-02-12,0.9218923667132797,0.9587729549734557,0.9847280045434281,0.9722250465562959,0.9568479167366322,0.9444898425717886,0.9661300584904449
2010-02-15,0.9263740991717788,0.9617137479542552,0.9878399797116107,0.9752161357180629,0.9593323771228283,0.9468300902521589,0.9680113605051152
2010-02-16,0.9401061274246203,0.9706389635278686,0.9975989002631427,0.9847681295773731,0.9672513967634218,0.9543326334567922,0.9741765440224441
2010-02-17,0.9459323796206693,0.9742168663529714,1.0015430674817702,0.988527393437833,0.9707166761725146,0.9576515703273737,0.9770935419679969
2010-02-18,0.9546269405901577,0.9795156470005987,1.0075399150143098,0.9943313753417942,0.9760801763436424,0.9628351093991351,0.9816360586129182
2010-02-19,0.9605607543652106,0.983215559099837,1.011635347344253,0.9983144310163908,0.9798635567792482,0.9665256884381817,0.9848670293207588
2010-02-22,0.959467211645337,0.9824841196300452,1.0108624482787576,0.9975487105273246,0.979127844495795,0.9657986948982641,0.9842427747053362
2010-02-23,0.9528342476067583,0.9780910841483189,1.0060544500656208,0.9927246906864238,0.9745653018925065,0.9613399376247257,0.9805466180383389
2010-02-24,0.9578179341006093,0.981412051963089,1.0097097689215033,0.9963817865862247,0.9779623349138052,0.9645337914947423,0.9827922282928983
2010-02-25,0.9462192104980135,0.9737229900418133,1.0010225561766781,0.9875767804106429,0.9697596236782156,0.9567246626005311,0.9767143904896324
2010-02-26,0.9598974579613531,0.982775971591181,1.0110236298496644,0.9973373150031192,0.9785603667606302,0.9649734654441441,0.9826050403048566
2010-03-01,0.9691118998960272,0.9889290343702598,1.0174424421450194,1.0034595985767834,0.9846895289991137,0.9707849821370368,0.987812440845923
2010-03-02,0.9831307590262127,0.9982206299110133,1.0271954991043915,1.0128072995712303,0.9943364066461688,0.9800271772426578,0.995952937388377
2010-03-03,0.991932881574705,1.0039210077643896,1.0330556728989604,1.018328811034129,1.000582542655632,0.9860824515491017,1.0005290373220923
2010-03-04,0.9908572657846653,1.0032282658175458,1.0323345525028886,1.0176407794431326,0.999779444098213,0.9852917855943837,0.9999529158881906
2010-03-05,1.003872216844147,1.0117001913721482,1.041301096491181,1.026312564742416,1.0096565597235645,0.9949034557647763,1.0073853590725543
2010-03-08,1.0051091750026928,1.012587260467211,1.0421201655298167,1.027091908715551,1.0106129339694556,0.9958409912558195,1.0080977795336545
2010-03-09,1.004320390089997,1.011810287121798,1.041565817520398,1.0265454387744515,1.0099599887657624,0.9951898491510329,1.0076024849515388
2010-03-10,1.0111864042164178,1.0178915073037604,1.0464388839992127,1.0313726412574165,1.0156936173616504,1.0008564029482556,1.0116355922960294
2010-03-11,1.0070094295650966,1.0141978595257006,1.0434283554986599,1.0283571852947455,1.0120724093026991,0.9972347134806542,1.0092175264413068
2010-03-12,1.0085152916711522,1.015468965404782,1.0445310568704,1.0294670560137458,1.013377733621337,0.9984854877371065,1.0100901570142455
2010-03-15,1.002814527983941,1.0106103760226752,1.0401850146118765,1.0249969783831199,1.0082563031482688,0.9934900018374015,1.0065963645979723
2010-03-16,1.0075651643899504,1.0145936124996306,1.043858818692159,1.0287662931622341,1.012417873612425,0.9973980692310226,1.0095025977748553
2010-03-17,1.0119034814097778,1.018234476615492,1.0472787971847615,1.0323101278209423,1.0163316239902414,1.0011223603047574,1.0121211121446736
2010-03-18,1.0115449428130978,1.0178924803688265,1.0469803195040053,1.0319878498271369,1.0159757145101158,1.0007739421704787,1.0118993349662009
2010-03-19,1.0128894625506475,1.0190797637013969,1.0480870312284962,1.033166975395895,1.0172652448567314,1.0020183045547029,1.012697529022356
2010-03-22,1.0118855544799437,1.0181692231345978,1.047213037796589,1.0322099789502008,1.016247787452398,1.0010207638306834,1.0120857558083385
2010-03-23,1.0171022910616367,1.0228589661869785,1.0518133503726856,1.0372625744252906,1.0215806545004633,1.0061871814337746,1.0152303938369869
2010-03-24,1.0178731490444985,1.0235525353400299,1.0524982386646486,1.0380164334427355,1.0223782770241574,1.0069630855861997,1.0156491786393047
2010-03-25,1.026800760101829,1.031991499269934,1.0607461300029453,1.0472153104147934,1.0320285529065945,1.016541257343625,1.0206919826342435
2010-03-26,1.0223728084328318,1.0278500351535276,1.056709246832116,1.0428239122608638,1.0270909139525402,1.0115376474839077,1.0184561837905364
2010-03-29,1.0237531820300496,1.0292356524407302,1.0579815248880535,1.0441963892438928,1.028576235589106,1.0129703674802764,1.019341053071237
2010-03-30,1.016869240973795,1.0213473223869176,1.0513847398794252,1.0370018708821807,1.0208921575191023,1.0053563412438549,1.014105113707703
2010-03-31,1.0181779068516768,1.0227701769645714,1.052637116018604,1.0383065526111495,1.022188756142178,1.0065977128860037,1.014852096806219
2010-04-01,1.0298841920332764,1.037401353926668,1.0641653007832033,1.0506091640600732,1.0345119937974725,1.0186491970010245,1.0223723544537118
2010-04-06,1.0362482521243452,1.0450785303821177,1.0700644285257626,1.056554647725513,1.0413913067670848,1.0255002671345794,1.0279015673641807
2010-04-07,1.032967623964724,1.0411281659405258,1.0669871160730666,1.053434248689498,1.037727555243292,1.02177736583253,1.0250433861154407
2010-04-08,1.0241117206267296,1.029265883379837,1.0584701460229995,1.0447740334138504,1.027905589526889,1.0121043443877225,1.0171842627002903
2010-04-09,1.03456312071995,1.0418306945747426,1.0683243077877442,1.0544028477434964,1.0379352370059918,1.0219046727908347,1.0247596490750142
2010-04-12,1.0357642250188277,1.0431521324626174,1.0694029242306498,1.0554306500437414,1.0391155407114616,1.0230690512652088,1.0257377586791057
2010-04-13,1.0328959162453883,1.0398034878081823,1.0666945116480722,1.0527807472197994,1.0361628346212726,1.0201000310920048,1.0234706025736178
2010-04-14,1.0390986339679513,1.0470808316486662,1.072661518492561,1.058637575312369,1.0425688833796203,1.0263496245100259,1.0288502980857583
2010-04-15,1.0442436628303085,1.0530075731651947,1.0776482719688503,1.0635482739330082,1.0480210150584994,1.0317444569212357,1.0332438516714966
2010-04-16,1.0297228496647712,1.03558061352341,1.0633649622921812,1.0493784908529646,1.032156016725812,1.015781376748992,1.0220108705335325
2010-04-19,1.0268366139614977,1.0325763694697228,1.0607367598106832,1.0469367330013781,1.0297004050534941,1.0132037924756807,1.02013188707003
2010-04-20,1.036839840808868,1.042640547546728,1.069915166991624,1.0554070962582407,1.0378464652705588,1.0216226870425211,1.0264283118726623
2010-04-21,1.0260299021189678,1.032221846796449,1.060232290306593,1.0465080834289382,1.0287331397111263,1.0120885378259847,1.0201580834586546
2010-04-22,1.0156143558854158,1.0228398840263846,1.0511756080845018,1.0383752079224366,1.0208224975574867,1.0040253690539738,1.0139494153129007
2010-04-23,1.0260836829084699,1.0317425960035067,1.0600445813702335,1.0462005089606532,1.0281272068173641,1.01122128425952,1.0193886730429516
2010-04-26,1.0314976157183369,1.0361870608799997,1.064514610182399,1.050160956164259,1.0320356549935896,1.0151153431351343,1.0223393112770538
2010-04-27,1.0045355132480058,1.0142066376749808,1.0418419381324284,1.029756622803992,1.011802138908661,0.994760095915205,1.007347051028068
2010-04-28,1.0015058621060604,1.0121084111906111,1.0397522499930743,1.0280023601659802,1.0102073700010656,0.9930102654471746,1.0055514777093983
2010-04-29,1.0070990642142672,1.0158513306601913,1.0435368273449395,1.0311750372820914,1.0129911345549067,0.9960803369656461,1.0082022790928322
2010-04-30,0.9955361944713393,1.0082004439498007,1.0355403673378702,1.0243201144444423,1.0069848404555686,0.989420147665482,1.001990012821949
2010-05-04,0.9700441002473961,0.9916180481293526,1.0181098995057127,1.009386371323599,0.9940874015780593,0.9758232830786342,0.9901189187180408
2010-05-05,0.9576386648022702,0.9844424373589022,1.0107749631912226,1.0033346445991405,0.9889747623194687,0.9703738420786527,0.9836939245934747
2010-05-06,0.9431357785665669,0.9758647636976235,1.0022850398556655,0.9962799075477426,0.9830771592634353,0.9643517973832264,0.9762197851171078
2010-05-07,0.9183966153956515,0.9612213387579592,0.9880410033335545,0.9843859903382871,0.9732189634300866,0.9546727501779492,0.9638374991026891
2010-05-10,0.9657954178767388,0.9872130177390802,1.0126795633804095,1.0046302914224396,0.989899312387171,0.9710192255176819,0.9760815426311533
2010-05-11,0.9562582912050526,0.9835420162239807,1.009045312139845,1.0017261241357638,0.9864986755190737,0.967617620473388,0.9738308124272586
2010-05-12,0.965096267613213,0.9869309396676154,1.0124413337417377,1.004490708116338,0.9897165618890086,0.9707297377469613,0.9760733849870942
2010-05-13,0.9740955863898794,0.9903203409012309,1.0159554338264192,1.0074160037660636,0.99311131316872,0.9740450636929017,0.9784287635553501
2010-05-14,0.9434763902334129,0.9789927005486952,1.0037929627153248,0.997051853673739,0.9810953890412852,0.9621830201570869,0.9689804226769161
2010-05-17,0.943404682514077,0.9789574760014016,1.0037520970855847,0.9970153505383649,0.9810371726132626,0.9621285602153282,0.9689041336680841
2010-05-18,0.9514359470797076,0.9818403431344696,1.0068572671475031,0.999690321803642,0.9837653366357711,0.964903477221492,0.9718180742706551
2010-05-19,0.9246889677673845,0.9723379048867073,0.9963054576901422,0.9903846606634024,0.9743042341732662,0.9551745729567758,0.960174031539842
2010-05-20,0.9094510774084873,0.9670397526820864,0.9904909081406129,0.9854177447942305,0.9695703379035319,0.950388282444346,0.9529373129149722
2010-05-21,0.9076225305654194,0.966391349445654,0.9897833096387317,0.9848034262823465,0.9690012774990681,0.9498289779731942,0.9523886385867848
2010-05-24,0.9088236348642973,0.9668170697076826,0.9902572230428851,0.9852209495627303,0.9693857996295886,0.9502034635462476,0.9527063888682317
2010-05-25,0.8857158223082754,0.9586476702965195,0.9807493097303489,0.9765062205221577,0.961505608218811,0.9424401127356721,0.9452750716462269
2010-05-26,0.9031766519665883,0.9648769001320928,0.9877541299474651,0.982786055860402,0.9670194566821028,0.9477712848927925,0.9496062528788155
2010-05-27,0.931339858735797,0.9744406877541588,0.9988360925497201,0.99280430969544,0.9762234382189363,0.9567872085006508,0.9557474489718533
2010-05-28,0.9301208275070852,0.9740470321772503,0.9983822205468671,0.9923992596636849,0.9758075885820249,0.9563725532783468,0.9553455387965765
2010-06-01,0.9256211681187522,0.9726204371445106,0.996686801336972,0.9908501156156386,0.9742196619160569,0.9547933295217257,0.9537605982429997
2010-06-02,0.9234699365386725,0.9719319451999191,0.9958476204568039,0.9900609593273049,0.9734245272781673,0.9540188608901364,0.9531359451667912
2010-06-03,0.9342081675092365,0.9753817187041418,1.0001405030865143,0.9941839771154234,0.9775364117907637,0.958018028652584,0.956770428650297
2010-06-04,0.9189344232906713,0.9704107592090548,0.993967731096897,0.9881379474462234,0.9714404729565337,0.952026958451906,0.9515501722711269
2010-06-07,0.9087340002151273,0.9670730008740674,0.9898014346614427,0.9840722157110301,0.9674858400617677,0.9482598785264593,0.9484678117319669
2010-06-08,0.9014018859130225,0.9646412798214618,0.9867314411527344,0.9810370777057671,0.9646060615418327,0.9456037507253287,0.9457886925388427
2010-06-09,0.9117457244272384,0.9682160957777997,0.9911773129965491,0.9855065125568122,0.9687841952940534,0.9493603808940926,0.949304071131736
2010-06-10,0.9200996737298809,0.9717003071333434,0.9947978095786185,0.9891989348013814,0.9722854032692827,0.9525373264359293,0.9523899464156275
2010-06-11,0.9256928758380879,0.9740259539663145,0.9972561944726747,0.9917517183207888,0.9747212893841805,0.9547697226951726,0.9546320111674935
2010-06-14,0.9325768168943427,0.9768951971083681,1.0003504458323522,0.9950416061409061,0.977847782300625,0.9576633274214864,0.957551942652635
2010-06-15,0.9353913448782802,0.9780673001118287,1.0016370850446643,0.9964349831025776,0.9791729780874007,0.9589002195811441,0.9586971785802104
2010-06-16,0.9389946577749135,0.9797059493219676,1.0033309188843031,0.9983180547144926,0.9809461952154773,0.9605704331438129,0.9602475941785268
2010-06-17,0.9418629665483531,0.981020858190048,1.004714264141833,0.9998936298700924,0.9824159314680854,0.961966166306284,0.9614227312206466
2010-06-18,0.9413072317234993,0.9807625978988307,1.004430628667575,0.9995544595307235,0.9821060830972171,0.9616672558300775,0.9610714178061806
2010-06-21,0.9499659388333197,0.9852160983032139,1.0088732236468756,1.0049876277118837,0.9870506273440457,0.9663935375695923,0.965310986028354
2010-06-22,0.9406260083898074,0.9801820735216068,1.0040172864870942,0.9990256505943459,0.981474370037755,0.961022558061059,0.9606521722114372
2010-06-23,0.9283460614535197,0.9736754673523346,0.99752176637083,0.9912006665555697,0.974325165664218,0.9543596862641123,0.9544329469623885
2010-06-24,0.9143092753935003,0.9664307707537932,0.9900655884413494,0.9825921406192804,0.9666498684010125,0.9473465529878597,0.9470279185540105
2010-06-25,0.904682514072644,0.9610207300832175,0.9849746386540198,0.9770091500624338,0.9617730856917057,0.94293664862999,0.9426882964723811
2010-06-28,0.9092001003908111,0.9636585508671704,0.9873967731452389,0.9796372795254084,0.9640330913330549,0.9449182117328241,0.9445089850363325
2010-06-29,0.8809651859022664,0.9429011322234699,0.9718753431403875,0.9624014417262923,0.9492659966568732,0.9318159927503757,0.9315574831762912
2010-06-30,0.8814492130077843,0.943128186506033,0.9720777474462398,0.9625458686064866,0.9493840622288434,0.9319550620775463,0.9317833648993062
2010-07-01,0.861532393962214,0.9312260170764988,0.9621141424349795,0.9529939161964517,0.941429962185673,0.9240383626494743,0.9228981032969947
2010-07-02,0.8673227922985949,0.9344564275017426,0.9648957754066763,0.9555370848658523,0.9435374494449865,0.9260945312428606,0.9254632160443386
2010-07-05,0.8647054605428313,0.9329561953513038,0.9636025780639835,0.9543135923322578,0.9425277969344126,0.9250962962589766,0.9242556579110445
2010-07-06,0.8900720662579366,0.9479327895141064,0.9764754357250358,0.9667725840063448,0.9526895027873435,0.935033682657476,0.9357794875419524
2010-07-07,0.8989996773152669,0.9524166889878352,0.9805254043311119,0.9704403276515804,0.9563570482285928,0.9386567781263054,0.9394826013779278
2010-07-08,0.915259402674702,0.9605383393543716,0.9880190494331397,0.9774001491852992,0.9633175738454761,0.9455966259984726,0.946951780732754
2010-07-09,0.920171381449217,0.9629010326519785,0.9902284622898165,0.9794520102467761,0.9654883787050655,0.9477793685166299,0.9492194934859219
2010-07-12,0.9262844645226099,0.9658598578906943,0.9930422884487965,0.982134316245776,0.9683105109657495,0.9506403284993411,0.952103923531369
2010-07-13,0.9449284715499666,0.9748478847939982,1.0018159859302367,0.9907282276447147,0.9773062401519473,0.9598330160692391,0.9608462543427292
2010-07-14,0.9417912588290172,0.9734050674636243,1.0003883619468443,0.9893524047899668,0.9757296849768338,0.9582060056717508,0.9593339152752214
2010-07-15,0.9342260944390706,0.9699455530610751,0.9968449021806783,0.9858489253719406,0.9717888757613159,0.9542348041199574,0.9554795363388001
2010-07-16,0.9248323832060562,0.9656563899166105,0.9923351523694292,0.9813231455154353,0.9668540427047986,0.9494408723402742,0.9503905513016007
2010-07-19,0.9229321286436527,0.9647902683760152,0.9914019466429836,0.980379194314914,0.9658618337320237,0.9485036499467075,0.9494702471656109
2010-07-20,0.9213545588182609,0.9640721212122346,0.990598413334833,0.9795458145407889,0.9649966245382307,0.9477021077530422,0.948757671102556
2010-07-21,0.9348176831235925,0.9702836849439198,0.9976057059089273,0.9869479187510419,0.97260052910856,0.9547122111917699,0.9538705217389403
2010-07-22,0.9526011975189171,0.9782711849843031,1.0067336222802479,0.996465490468352,0.9830210508985004,0.9643969715803978,0.9609501279133684
2010-07-23,0.9523860743609093,0.9781735001705187,1.0066201813076325,0.9963425077991626,0.9828783493725058,0.9642607671472753,0.9608262623359205
2010-07-26,0.959287942346998,0.9812827240161924,1.0101213970246978,0.9999596871181973,0.9872367284600152,0.9683632183457309,0.9638647331091782
2010-07-27,0.9619052741027615,0.9824770068145211,1.0114702891030385,1.0013767662783073,0.9889468272681565,0.9699838185067812,0.9649764828235293
2010-07-28,0.953658886379123,0.9787050985509971,1.0070747926422947,0.996617958802892,0.9832842096464036,0.9645667047360571,0.9600552320196878
2010-07-29,0.9526370513785852,0.9781180360832967,1.0065159022146746,0.9960135340145126,0.9825940953526578,0.963917884065704,0.9595051429872509
2010-07-30,0.9425979706715472,0.9727265312564545,1.0008843007788033,0.9897685151382589,0.9756341616037374,0.9575088840539445,0.9538058917340481
2010-08-02,0.9675343300706366,0.987518989783341,1.0150080323710475,1.0051398576033022,0.9918147137666088,0.9721216961869094,0.9678072969943822
2010-08-03,0.9674267684916326,0.9874374275805394,1.0149268736798205,1.0050293099924008,0.9917295022247262,0.972041065931856,0.9677351379605023
2010-08-04,0.9655802947187309,0.9864333347761255,1.0139594665720204,1.004055838036114,0.9904268838635077,0.9708450856832298,0.9667761401542756
2010-08-05,0.9619232010325955,0.984188424853713,1.011990708050803,1.0020325349449994,0.9877683837344513,0.9684422582246912,0.9648743369282582
2010-08-06,0.9559356064680405,0.9805659784080953,1.0086755999716288,0.9985609492648472,0.9833287474582143,0.9645252484208726,0.9612884886462961
2010-08-09,0.969936538668392,0.9893500749737605,1.0166027017083654,1.006939907594027,0.9936270759265005,0.9733803300280103,0.9669098332843672
2010-08-10,0.963823455594999,0.9856430817330216,1.0132118888709762,1.0034264642087984,0.9889561026675066,0.9693193471350885,0.9631566748423036
2010-08-11,0.9403033236527955,0.971542144729122,0.9998461613993219,0.9894415643174246,0.9712259245524432,0.954275999522904,0.9498499971792747
2010-08-12,0.944050051988101,0.973665771563354,1.001779073384721,0.9912292801443873,0.9729666610015093,0.9560562130681542,0.9519958210113288
2010-08-13,0.9457172564626625,0.974614920261728,1.0026659100725206,0.9920782277222756,0.973820987175303,0.9569095926782715,0.9530085819988712
2010-08-16,0.9458427449715004,0.9746836629100949,1.0027274019271974,0.9921325348562969,0.9738779481544665,0.9569652648898724,0.9530101086920628
2010-08-17,0.959198307697828,0.9825661761183768,1.0103240501301927,0.999844199622284,0.981420951901505,0.964619141103863,0.9597946915936423
2010-08-18,0.9506471621670114,0.9776818086566048,1.0055440221647003,0.9950466871499399,0.9764001709795926,0.9594782053402754,0.9551247903385994
2010-08-19,0.9342260944390705,0.9684559825015052,0.9962074501535042,0.985660035496983,0.9668941945286911,0.9501460840374716,0.9464672907865332
2010-08-20,0.931357785665631,0.9668668885270537,0.9946113131550952,0.9841118926077129,0.9654039218304985,0.9486930706266778,0.9449188738288434
2010-08-23,0.9384389229500597,0.9710471408660997,0.9986422671899581,0.988072949988185,0.9691278248835126,0.9522627619831496,0.9487002967565574
2010-08-24,0.9243125022408702,0.9628130011656504,0.9904638422532991,0.9798897270500634,0.961376822278747,0.944769035282701,0.9409627719415974
2010-08-25,0.9159585529382277,0.9580227642380122,0.9856919571719304,0.9752514098179915,0.9571290599448968,0.9407433017429387,0.9369409948698258
2010-08-26,0.9242766483812024,0.9627802143364725,0.9905146045680505,0.979951332690247,0.9613550738082001,0.9446052290463217,0.9399979399154995
2010-08-27,0.932487182245173,0.9673898561482747,0.9953132714726612,0.9846835662697371,0.9656786185744657,0.9486014910477112,0.9436572517022861
2010-08-31,0.9367179376859961,0.9697095813933664,0.997805411697352,0.987168705893889,0.9679877414409064,0.9507557579512647,0.9455436641719042
2010-09-01,0.9620307626115995,0.9837636556088567,1.0130904908700338,1.0027576657677788,0.9824201381737235,0.9643534729042941,0.9577257966595438
2010-09-02,0.9628554013839634,0.984212227514971,1.0134909062707562,1.0031024604987648,0.9828933410964462,0.9648016204776247,0.9580796387279127
2010-09-03,0.9731096052490096,0.9898040302026998,1.0190502853340047,1.0083881328044728,0.9891589003914477,0.9708250932503508,0.9635560445802763
2010-09-06,0.9750815675307493,0.9908492722751904,1.020121477060883,1.009415991154385,0.9903984375623026,0.9720259420231925,0.9646618573063802
2010-09-07,0.9694525115628743,0.9878453049681467,1.0169596157923568,1.0062903268103343,0.9866696628696433,0.9683741755474099,0.9618678563475453
2010-09-08,0.9733785091965195,0.9899476375713633,1.0192106424141563,1.0085391042322278,0.9892827413779586,0.9708348869409155,0.9641717853892399
2010-09-09,0.9849413789394474,0.9963302127265833,1.0260211180560284,1.0155026170485897,0.9972697014874489,0.978439875746632,0.9711897538281566
2010-09-10,0.9862679717471633,0.9970454016433696,1.0267956888624985,1.016289709825605,0.9982067058860822,0.9793382715843969,0.9718916009000914
2010-09-13,0.997723279911087,1.0041747979683007,1.033686998833972,1.023470071523664,1.0067134260519324,0.98759016002158,0.978225906158334
2010-09-14,0.9980638915779328,1.0043772044169799,1.0338892994398325,1.0236769055447341,1.0069615472855644,0.987829604759714,0.9784086771728315
2010-09-15,0.9959485138575214,1.0030849020232653,1.032577164537568,1.0222794308531755,1.005258963571124,0.9861427652432458,0.9772326200506265
2010-09-16,0.9931698397332519,1.0013914660300265,1.030803625160143,1.0203572218438846,1.002965324996837,0.9839258286212536,0.975067759889577
2010-09-17,0.9875049299057089,0.9978295060699024,1.0270892826665787,1.0162673889053526,0.9981702259756792,0.9794010255242271,0.9700913516770818
2010-09-20,1.0043562439496658,1.008572504300104,1.0383574240966378,1.02867648343494,1.0121694303811222,0.992201364565169,0.9802641034039438
2010-09-21,0.9996414614033247,1.005406507028829,1.0353750859856727,1.0255831454887696,1.0081076491334953,0.9884220202846171,0.977325955822111
2010-09-22,0.9952852174536634,1.0025094585085876,1.0325558830079125,1.0226437933358272,1.00437598251672,0.985046974624015,0.9745831800206605
2010-09-23,0.9944247248216317,1.0019391038150844,1.031977386439609,1.0220303027350495,1.0036362920276571,0.9843892777023688,0.9740658838667693
2010-09-24,1.0036391667563058,1.0085840240360304,1.0382668554910748,1.028785939420478,1.0117953940362128,0.9915282602591772,0.9780369086331718
2010-09-27,0.9991395073679725,1.0051535942026522,1.035193054875347,1.0254990327623765,1.0076582370175118,0.9878543277554422,0.9762986974590144
2010-09-28,1.0000358538596723,1.0058164844927182,1.0358127268738464,1.026163754146139,1.0084716930858835,0.9885474472536265,0.9766421010881083
2010-09-29,0.9984045032447787,1.0045868378212268,1.0346237683388315,1.0248478331666833,1.006921806959496,0.9871873895347302,0.9760171605298253
2010-09-30,0.9946936287691414,1.0018129858426623,1.0318503923045554,1.0217410603880388,1.0033297299557187,0.9840831995613748,0.9745712556640086
2010-10-01,1.0026352586856018,1.0092870018272537,1.0379100698847603,1.0285505779766746,1.010996913212963,0.9905689015356858,0.9776184682360309
2010-10-04,0.9960202215768571,1.0030990880663901,1.0328431935982876,1.022908189110442,1.0043979010822026,0.9848894346707328,0.9741027038415193
2010-10-05,1.0103259115843866,1.0165805636853475,1.0439444285312938,1.035074518996515,1.0177674347842225,0.9962468568633241,0.9815513334515664
2010-10-06,1.0185005915886889,1.0236234097459542,1.0499199376483668,1.0411918087289507,1.025647331332652,1.003044875962986,0.9858316997213911
2010-10-07,1.0150406941307275,1.0205898106689884,1.047372808249455,1.0385685664224813,1.0221874383340979,1.0000055552847271,0.983975935987363
2010-10-08,1.0142339822881976,1.0198867738898703,1.046753093906275,1.0379184663930772,1.021381155589749,0.9993063942136516,0.9835102825952812
2010-10-11,1.0168871679036289,1.0222693270645626,1.048809548926129,1.040092840438667,1.0240882820352561,1.001628029282108,0.9849518257716118
2010-10-12,1.0149510594815574,1.0205167753377706,1.0472474425494673,1.038397795293133,1.0220299207010328,0.9998304870801393,0.983565202589281
2010-10-13,1.0303323652791265,1.0351781405226095,1.0599267922349946,1.0522645721209012,1.0385254506434918,1.0140132521470893,0.9915275630087911
2010-10-14,1.0267111254526593,1.0320014206507409,1.0571292791424014,1.0494044212670057,1.0345155216541995,1.0104865620143186,0.9894925556873272
2010-10-15,1.022444516152168,1.0283293603939323,1.0537714948931012,1.0459743768246332,1.0298490604097457,1.0064665383744769,0.9871418659098555
2010-10-18,1.029453945717261,1.0343219007759565,1.0593948650334457,1.0517526409491722,1.0373027031475375,1.0127800932391167,0.991043721390296
2010-10-19,1.0225341508013381,1.0283259260581334,1.0537909638215004,1.0459675929950545,1.0297127663929162,1.0062184157375622,0.9873053723617632
2010-10-20,1.0270158832598373,1.0325281457479745,1.0574518148735048,1.0497014807374871,1.03417303630908,1.0100484982611495,0.9897858430205363
2010-10-21,1.0322146929116962,1.0375055666115804,1.0617813915274252,1.0541707373147127,1.0395379829613565,1.014722031297424,0.9924778527589619
2010-10-22,1.0292567494890867,1.0346279119669286,1.0592636758439093,1.0515372465641626,1.0363745970224956,1.011909473554122,0.9910379254041553
2010-10-25,1.0311570040514906,1.0364532810196756,1.06090852726658,1.0532645210652523,1.0384027114291083,1.0136660707369274,0.9920797354357622
2010-10-26,1.023143666415694,1.0284381593392418,1.0537063357255976,1.0455511838934253,1.0295934824159263,1.0058850822323941,0.9879854901106816
2010-10-27,1.0121544584274542,1.0177734576404303,1.0438844199156665,1.0354045446788853,1.0188062077514761,0.9963388938311052,0.9818151558669866
2010-10-28,1.0178731490444992,1.0228884952618753,1.0488096517511178,1.0401693503235783,1.0234346525269895,1.000543127934443,0.9846832322021773
2010-10-29,1.0173891219389815,1.0224526747185236,1.0483803416646575,1.0397429068843285,1.023007687175535,1.000147056941065,0.9843138461423139
2010-11-01,1.020866946326777,1.0255812130265434,1.0515041065378155,1.0428574041832328,1.0260541369518241,1.0029418516671946,0.9859379653584804
2010-11-02,1.0321250582625268,1.0359368074665296,1.0618902520349442,1.0533840143833864,1.036278348650268,1.0124259210637427,0.9925583280988962
2010-11-03,1.030619196156471,1.034566398442908,1.0605381075876081,1.0520416528107694,1.03484996521692,1.0110713165670233,0.9916796151808934
2010-11-04,1.0510200423075593,1.054710940875819,1.0791287035600892,1.0705318272561177,1.0544810243080118,1.0293641031927074,1.0026224544884939
2010-11-05,1.0532788354666427,1.0565560819406015,1.080794587343062,1.0719882494086652,1.056705734164299,1.0314730277551452,1.0037486377526192
2010-11-08,1.0487253952888076,1.0526402913093926,1.0771758676203338,1.0686478234269925,1.0520395100050774,1.0269628732844427,1.0013863761019202
2010-11-09,1.0532429816069748,1.0564637401649453,1.0808283233084748,1.0720436703543355,1.056569231057692,1.0311789220691279,1.0038474774626638
2010-11-10,1.0427915815137547,1.0476331555131637,1.0721690685838268,1.0638313887869035,1.0457461306158082,1.0209102304221291,0.9977728635851778
2010-11-11,1.0424868237065767,1.047366205331021,1.0719130528189305,1.0635847191645078,1.0453966651587128,1.0205799998285654,0.9975910464209516
2010-11-12,1.0392061955469554,1.044449839274076,1.0691454391220603,1.0609657071115257,1.0424157783162173,1.0177260468703502,0.9957161326971323
2010-11-15,1.0434190240579446,1.0481517999894885,1.0727649595735094,1.0644163929963657,1.0462668569734945,1.0213090607783195,0.9977446198329327
2010-11-16,1.0185902262378592,1.0261933985543301,1.0508994812244754,1.0431961704730968,1.0228575945639595,0.9991892202208164,0.9848891359774349
2010-11-17,1.020508407730097,1.0274795260158107,1.0521539549961372,1.0442024671330579,1.0236882365912947,1.000197114615844,0.9859442333243507
2010-11-18,1.0341508013337686,1.037351653262761,1.0620027927765616,1.0527261519219533,1.0313524519423254,1.0087903666183742,0.9932478301713652
2010-11-19,1.0277150335233638,1.0329103595992273,1.0575136287007343,1.0488304098495054,1.0275879611236372,1.0045112708212116,0.9894690597781035
2010-11-22,1.0183930300096855,1.0265166287041736,1.0509005053396923,1.0430147231481883,1.0220801790606762,0.9985569832538451,0.9847342024309687
2010-11-23,1.0005557348248588,1.0144883257532993,1.0382193175054542,1.0318427969507233,1.011733488712289,0.9879349219989542,0.9760185238512993
2010-11-24,1.0141443476390284,1.0230454548536052,1.0471966954025131,1.03949828330722,1.0185126456278812,0.9947774020944448,0.9825258882303609
2010-11-25,1.0216378043096388,1.027566751451658,1.052005058396961,1.0436371326769334,1.0224000317595183,0.998748859637202,0.9866447033104437
2010-11-26,1.0162238714997718,1.0242492995657744,1.0484798712508956,1.0405393807536705,1.0194608544120456,0.9957130173811348,0.983886694500959
2010-11-29,0.9951238750851576,1.0113121008061217,1.0344198767053783,1.028006253733881,1.0077587631929676,0.9840687082907358,0.97230199436998
2010-11-30,0.9910544620128404,1.0089839187838314,1.0319137677649384,1.0258526530559169,1.0058352979886873,0.9821412616029227,0.9705540586590581
2010-12-01,1.0115270158832645,1.0206155636208587,1.0447098721614285,1.037001524822584,1.0156117093466925,0.9917255870441204,0.9799862202190569
2010-12-02,1.0339536051055946,1.032501976582528,1.0575594237699548,1.0480520584065152,1.026672313588987,1.002724037839293,0.9901375464019707
2010-12-03,1.0299558997526133,1.0305426121296444,1.0554320167270899,1.0462381479716107,1.0246242540101118,1.0006501121007025,0.9881792553487927
2010-12-06,1.0344376322111124,1.0328418917836704,1.057856130242018,1.0483435912413723,1.0269792125340738,1.0029756467472963,0.990074359191142
2010-12-07,1.0412857194076992,1.0363603037422187,1.0616570370063618,1.05172631863684,1.0307265272037993,1.0066935515398983,0.9935075581416819
2010-12-08,1.0387759492309396,1.0350810321142945,1.060230330935357,1.0504218659278004,1.029282563558691,1.005244205222051,0.9921521394821131
2010-12-09,1.041196084758529,1.036317561503591,1.0616339717366083,1.05172181260629,1.0307043323613427,1.0066478472546871,0.9934578541136373
2010-12-10,1.042092431250229,1.0367780958985313,1.062163139413197,1.0522190065415191,1.0312436296321286,1.0071798413833766,0.9939645500201031
2010-12-13,1.0506615037108797,1.0412149761103777,1.067457813207395,1.057370712371106,1.0367218329802257,1.0126388079902762,1.0001413721124721
2010-12-14,1.0561112903804146,1.0439990570311524,1.070855436706727,1.0607155604943586,1.0403306418609501,1.0162710490964126,1.0044482971989845
2010-12-15,1.0544978666953548,1.043177038773777,1.0698195955927752,1.0596729687060684,1.03920223970111,1.015126628264186,1.0032466024118314
2010-12-16,1.054300670467181,1.0430303825812135,1.069679691173074,1.0595235746876586,1.0390481755391536,1.0149784803804285,1.0030988491492185
2010-12-17,1.052633465992619,1.042074908941564,1.0685386407816422,1.05832748193666,1.037795262236661,1.013726602194504,1.0019687808791176
2010-12-20,1.0561829980997504,1.0441630514109312,1.0710085739782855,1.0609390795844984,1.04050765599355,1.0163990885422862,1.0043977300030804
2010-12-21,1.0669750098598163,1.05059786235876,1.0787367297294714,1.0692685725382205,1.04907750295255,1.024895850603231,1.0118830292367849
2010-12-22,1.0726578466171932,1.054008416548558,1.0827595939106183,1.0735283779679428,1.0537357437836556,1.0295782604425778,1.0159778660152539
2010-12-23,1.0749166397762768,1.0554793942296277,1.0843819097797776,1.0752648116434975,1.0556410100695468,1.0315128592884022,1.0175775988629305
2010-12-24,1.077211286795028,1.0570482698680779,1.0860741724415133,1.0771069152531136,1.057642053729036,1.0335645153889925,1.0191715790650473
2010-12-29,1.0749704205657784,1.055492437299145,1.0843507356172297,1.0751825664806476,1.055593332318716,1.0314343475201897,1.0176647750280223
2010-12-30,1.0704169803879433,1.0522881939324906,1.0807566163218025,1.0711382217345282,1.051363209778622,1.0271614485844034,1.0145081415135049
2010-12-31,1.0576709332759717,1.0411744208629532,1.0704856331064745,1.0596316867849065,1.0396347063002718,1.0157114665880003,1.0056671347695236
2011-01-04,1.078107633286728,1.0574780603794445,1.086355505442909,1.0759847006729506,1.0550024777749305,1.0308861361227535,1.0191512937307348
2011-01-05,1.083485712236927,1.0618344477541182,1.0900070524067147,1.0794019975742206,1.059186593564688,1.035092529072357,1.0221177079921064
2011-01-06,1.079111541357432,1.057452728849482,1.0869299737458644,1.076432582083084,1.0556360349190794,1.0314746512440744,1.0196903707495397
2011-01-07,1.0728012620558651,1.0512724252224903,1.08237758651264,1.0719917206829743,1.0504913956443431,1.0264212175399212,1.017043951829531
2011-01-10,1.067781721702346,1.046503543792475,1.0786891396134002,1.06838370798062,1.0464699198113812,1.0226082847459144,1.0147279804803737
2011-01-11,1.078125560216562,1.0562269266305584,1.0864438599865158,1.0760204776392246,1.0547471247483662,1.0301591040174656,1.0195608864350807
2011-01-12,1.084704743465639,1.0622204069624526,1.0913232909088444,1.0808040384477722,1.0601740767022716,1.0351843951141475,1.023618888369318
2011-01-13,1.0799003262701277,1.057872004359175,1.087703204911327,1.0772074319289788,1.0560510890234984,1.0313081131561046,1.0197808849715218
2011-01-14,1.0759922555663166,1.0543982747392258,1.08468513641914,1.074190704452338,1.05271645052712,1.028260724351643,1.017048046521785
2011-01-17,1.073052239073541,1.051758381834238,1.082352304366438,1.071837043927632,1.0501826753694592,1.026011522295939,1.0148824532900966
2011-01-18,1.0857265784661767,1.0631442502197426,1.0926351158269023,1.0823279647417792,1.0613183539178237,1.0356882845639508,1.0260348178056655
2011-01-19,1.0714388153884813,1.0509649456579484,1.0814531117525497,1.071245924157994,1.0483370786655721,1.0242024309563165,1.015381059906523
2011-01-20,1.0519343157290928,1.0357138193260138,1.0668565974848945,1.0575265840428083,1.0342315876847032,1.0110711838682183,1.0032982623690472
2011-01-21,1.057025563801948,1.039193990934735,1.0702809561474242,1.0605146965352346,1.0369476899829655,1.0137682162708643,1.0057971660152185
2011-01-24,1.0655587824029302,1.0450743240217442,1.0761976618648066,1.0658218786514675,1.041833807533406,1.018618045527654,1.0111557627670098
2011-01-25,1.060861926786423,1.041800728010014,1.0729190216324311,1.0628319485112883,1.039016371357588,1.0157912028083198,1.0081735290819271
2011-01-26,1.0700942956509314,1.0482628781370784,1.079511906648616,1.068916157074016,1.0446627714043917,1.0212648295528255,1.0127689985862705
2011-01-27,1.0693592915277377,1.0477528145073594,1.0789861916148769,1.0684231537368882,1.0441812766061913,1.0207903418946576,1.0122225509161267
2011-01-28,1.0543544512566823,1.037497660898168,1.067917745009174,1.0578923289317077,1.0342289538167362,1.0110960881635995,1.0034158834260296
2011-01-31,1.0510379692373928,1.0353190092777818,1.0655615279630106,1.055727370886605,1.0322653669147825,1.0091943476102612,1.0014479235344678
2011-02-01,1.0680506256498556,1.0464301110586862,1.0778850120786339,1.0671585847042593,1.0424386063101267,1.018808049944001,1.0129992653625137
2011-02-02,1.0756337169696362,1.0511818597323392,1.0829876372978418,1.071766560171403,1.0471288588332135,1.0232964963346456,1.0168028292110012
2011-02-03,1.0726219927575247,1.0490900781618482,1.0809243947859075,1.0698641053373967,1.0451731341420492,1.0214022292310887,1.015163128342184
2011-02-04,1.0751496898641182,1.050830179813067,1.0826922810910693,1.0715129840800122,1.0468451978349569,1.0229889826862226,1.016627473132701
2011-02-07,1.0847585242551403,1.0574627926083784,1.0896336885421172,1.0781436507125723,1.0534837567007926,1.0293003723756275,1.0237669409573218
2011-02-08,1.091983076978241,1.0623719442617674,1.09484287891111,1.0831437014224294,1.0586567271438376,1.0342740683015386,1.0294480135798432
2011-02-09,1.0849915743429823,1.0576316271649855,1.0897398062552806,1.078180995799256,1.0534348795358839,1.0291912421851324,1.023747676298133
2011-02-10,1.0792011760066014,1.0536587763412424,1.0854465155022313,1.074007364151806,1.0491896918781067,1.0252004972697704,1.0197055933740133
2011-02-11,1.0868918289053857,1.0589510927225971,1.0912489076012775,1.0796731878643393,1.0548190026478101,1.030286885562156,1.0239695609493735
2011-02-14,1.0863898748700338,1.058606073187929,1.0908635945751481,1.0792909121574175,1.0544228481394076,1.02991962226908,1.0235305863498312
2011-02-15,1.0822666810082147,1.0557848802715726,1.0876159725550762,1.0760277787323558,1.0511636045124984,1.0269347534830724,1.0210275415601986
2011-02-16,1.0909074611882008,1.0616848016058313,1.0945540569007837,1.0830249775679957,1.0580203884007144,1.033033715378526,1.0261770660527911
2011-02-17,1.0912839267147147,1.0619386235651445,1.0948558522489562,1.0833275073994482,1.0583140734802503,1.0332931171459732,1.0263937887521906
2011-02-18,1.090495141802019,1.0613258164953658,1.0941894301281807,1.0826369421683304,1.0576286389454927,1.0326654740486914,1.0258434771725258
2011-02-21,1.0782689756552333,1.0505132127171322,1.0837425330426413,1.0717673835187418,1.0468991760363315,1.0229297769119778,1.0160984452264072
2011-02-22,1.075042128285114,1.047835844468354,1.0810700766009085,1.069130667693216,1.0444293100170035,1.0206564275140906,1.0136600622933212
2011-02-23,1.0619016887167945,1.0368503610024444,1.0699535473706816,1.058172633786345,1.0344216119221756,1.0116494820844417,1.0061742535738645
2011-02-24,1.0612742461726046,1.0363299138419202,1.0694261178505078,1.0576571006179032,1.0339528544385914,1.0112263597072082,1.0058179523730832
2011-02-25,1.0758309131978099,1.0481869930396732,1.0815249072501165,1.0691276870660056,1.0439304125256366,1.0202840230451407,1.013905094712068
2011-02-28,1.0745401742497622,1.0471815341300665,1.0804908568315172,1.068163392518956,1.0429984252313693,1.0194185847643946,1.0132083148447462
2011-03-01,1.0641067010863763,1.0385501237768537,1.0720833175125015,1.0602743920378321,1.0352987417267097,1.012387660260973,1.0073235012913453
2011-03-02,1.0603599727510709,1.0355660710263948,1.0691035635697976,1.0575294367941266,1.0327121993313686,1.0100576720509025,1.0054230532897621
2011-03-03,1.076530063461336,1.0498348296600024,1.0822554962845394,1.0697531734344323,1.0440106728177836,1.0199646095182062,1.0148985098437635
2011-03-04,1.0738948047757384,1.0476577444439232,1.0802422457023324,1.0679277626561319,1.0420891024582384,1.0182451159520685,1.0133793975822156
2011-03-07,1.070918934423295,1.0452403562055301,1.0779281850337286,1.0658015624839152,1.0398609363202338,1.016302543358204,1.0116077314621827
2011-03-08,1.071098203721635,1.0453856513780186,1.0780593483539123,1.0659178025628882,1.0399878947405534,1.0164184572170814,1.0117062392376477
2011-03-09,1.0643756050338862,1.0396922028223954,1.0725295674923654,1.0606657958051002,1.0346467980319765,1.011800601082228,1.0082554495362377
2011-03-10,1.0478828295866092,1.025561315557504,1.05883722416844,1.047724393818508,1.021881689551363,1.001013265827185,0.9996099013580212
2011-03-11,1.0449069592341658,1.0231671537203195,1.056530701477007,1.045656180973059,1.0199718252953898,0.9993138329252433,0.9977832258206432
2011-03-14,1.0353160517729776,1.0155149914506496,1.04899609461118,1.038867983559192,1.0138792749546772,0.9939352579511538,0.9931715738967729
2011-03-15,1.0209924348356143,1.0039277203032293,1.0378298163527142,1.0288969645679826,1.0051025880538655,0.9863488856378448,0.985018129262779
2011-03-16,1.0035853859668034,0.9904857527469108,1.0249121714481426,1.0176901199834625,0.9954963401073962,0.9780026162507676,0.977955129566963
2011-03-17,1.0211358502742862,1.0031259131114674,1.036921748248558,1.0277244815693458,1.00383961773549,0.9853917590829895,0.9862698870464932
2011-03-18,1.0250797748377656,1.005677191646282,1.0394128507699976,1.0298013509266675,1.0057832280011867,0.9871355541337046,0.9881974974475282
2011-03-21,1.0372700871248832,1.0135692050507534,1.0473694938444107,1.0365931805761313,1.012084747414893,0.9928375592302824,0.9937796763599595
2011-03-22,1.033075185543728,1.0109871467027463,1.0446724778715832,1.0342683060649565,1.0098122596567407,0.9907517946735844,0.991898138676121
2011-03-23,1.0390269262486147,1.0146978102085253,1.0485888385034416,1.037709783575945,1.0131183471142493,0.9937093957722782,0.9952802250094714
2011-03-24,1.054264816607512,1.0240562269566928,1.0588110959253332,1.046889130260996,1.0219522301835142,1.0016586739764035,1.0032692346946943
2011-03-25,1.0578322756444773,1.0261685285727278,1.0610888483894634,1.0489176298497078,1.0240888729356807,1.0036078070887526,1.0051507148416816
2011-03-28,1.058495572048335,1.0265602069924564,1.0615167276583228,1.0493008998284077,1.024491633376836,1.0039765523860313,1.0055069914008274
2011-03-29,1.063461331612352,1.029629623894717,1.0648808016389812,1.0524356248981792,1.0277280304121361,1.0069674809510658,1.0085383085097126
2011-03-30,1.0663475673156255,1.0314045401235785,1.0668764925946663,1.0543301765733626,1.0296784536273715,1.0087833744362742,1.0106471092571192
2011-03-31,1.059266430031197,1.0269461878788966,1.061813261523654,1.0493935886035375,1.0246513569927402,1.0040609489717167,1.0048538223371997
2011-04-01,1.0773905560933676,1.0382664154272288,1.074936113893699,1.062164654464893,1.0372688232317275,1.0154919876856543,1.0154766840005052
2011-04-04,1.0786633681115816,1.0390399323533437,1.0757565727506302,1.0629087678533278,1.0381715871241153,1.0163208983864924,1.0162070825114942
2011-04-05,1.076888602058016,1.0379528411259127,1.0745250528633932,1.0617313896280005,1.0368273132623684,1.0150652952516879,1.0145142040493302
2011-04-06,1.0829837582015747,1.0416917335929392,1.078834473895644,1.0658979604441197,1.0415301526501461,1.0193867005219919,1.0199993414168491
2011-04-07,1.0769423828475175,1.0380163431217608,1.074473525012076,1.0616047513171014,1.0366733737718177,1.0148699587811176,1.0144685319987248
2011-04-08,1.085619016887172,1.0433139215206153,1.0808426004069855,1.067886682392936,1.0435079635928683,1.021004350778436,1.0226393204923028
2011-04-11,1.0851887705711558,1.0430137206410115,1.0805245213544274,1.0675705593605296,1.0431414278093496,1.0206633382849684,1.0222166179751533
2011-04-12,1.069251729948733,1.0326321349309786,1.0684141168106818,1.0553424534396745,1.0296752810686962,1.0083672240024277,1.010233642315767
2011-04-13,1.0774801907425373,1.0377797839927991,1.0742801546528224,1.0608156307608194,1.0349130857479505,1.0134661032849168,1.0149855920711335
2011-04-14,1.069126241439895,1.0321890531230602,1.0682666227259974,1.055113555948158,1.029262983042119,1.007927069435213,1.009731240769019
2011-04-15,1.0748987128464418,1.0363961796860712,1.072452421994463,1.0590606756620344,1.0330326315975726,1.0114493410577101,1.0135132271853617
2011-04-18,1.05232870818544,1.0183852593295333,1.0557834260714964,1.0430930256600563,1.0176608525291524,0.9968741889726009,0.9971207599571422
2011-04-19,1.057133125380951,1.0214987013878374,1.0588465018851019,1.0457329772637158,1.0199376060115248,0.9992192983868733,0.9999701710772513
2011-04-20,1.0796134953927832,1.036846047207027,1.0737326045624223,1.0590024512020737,1.0315287667637894,1.0111116463240153,1.0155387838050702
2011-04-21,1.0788964181994234,1.0363705766519737,1.0732724490600747,1.0585952623037271,1.0311332333124525,1.0106896761941406,1.015056519842906
2011-04-26,1.0880570793445956,1.042011219816786,1.0788611072189613,1.0635375824123585,1.0362302329840072,1.0160068448766841,1.0215009537014308
2011-04-27,1.0878419561865877,1.0418639015074755,1.0787255545753025,1.06341062018388,1.0360922016571505,1.0158577027983464,1.0213282105992474
2011-04-28,1.0881467139937657,1.0420570874281394,1.0789084061984502,1.0635721132474587,1.036263078169928,1.0160383200874463,1.0214930425653337
2011-05-03,1.0904772148721853,1.0435348488413276,1.0804224642051719,1.064989270020445,1.0377184034209552,1.0175725740760029,1.0234337355587777
2011-05-04,1.0727654081961968,1.032276380532724,1.068486417888577,1.0535100396982287,1.0260861361870448,1.005239735427671,1.012126557507554
2011-05-05,1.0612742461726048,1.025434885521478,1.0611395492324687,1.046791425404103,1.0198098492722925,0.9986491224632363,1.0036513499219006
2011-05-06,1.0714567423183148,1.0313914704822928,1.0676159443879218,1.0526600175255652,1.0251118155480763,1.0039341562215682,1.0098892044353562
2011-05-09,1.065343659244922,1.027634814757781,1.0637312419901186,1.0490956894900676,1.0217806638219002,1.0005606549419972,1.0067373438262257
2011-05-10,1.0790039797784272,1.0359565872568133,1.0726002520739548,1.057315229643177,1.029337627327552,1.0078975022920305,1.0146495968702218
2011-05-11,1.0713133268796426,1.0314633445307926,1.067723673214042,1.0528074723292886,1.0249039778623659,1.0035186109482945,1.0102815263845337
2011-05-12,1.0657559786311037,1.0282261286413876,1.0641394644953288,1.0494716952578844,1.021706978722295,1.000482325479994,1.007178907662952
2011-05-13,1.0623319350328102,1.026226048855179,1.06187351410605,1.0473354551013905,1.0196926756337756,0.9986420029941813,1.0054418565933176
2011-05-16,1.0619375425764623,1.0259862845531176,1.0615961862239534,1.0470650177912617,1.0194435986366637,0.9984265909425625,1.0052451823696065
2011-05-17,1.0506973575705465,1.0193014182492144,1.0537177271154068,1.0393727249769957,1.0123299431025443,0.9920860193925809,0.9991042890261247
2011-05-18,1.0619016887167945,1.026146858513853,1.061488074865528,1.0467731966706173,1.0189539550434306,0.9978793915272521,1.0057097518488747
2011-05-19,1.0677279409128435,1.0296412393270793,1.0654713530924007,1.0505658952170238,1.0225293096467163,1.0010507698918616,1.0085767981809324
2011-05-20,1.0663834211752938,1.0288297571168634,1.0645271951558504,1.04964709384454,1.0216527400900972,1.0002611337606802,1.007782348395967
2011-05-23,1.0461976981822136,1.0165710963591723,1.0500118211890912,1.0353438970615818,1.008190801845837,0.9883193475033445,0.9975903903068835
2011-05-24,1.050231257394863,1.0190839796149478,1.0526067261608907,1.0376560178144254,1.0101829080293752,0.990235822492725,0.9998801861069859
2011-05-25,1.0523287081854407,1.020394089230448,1.0540001399978813,1.0389345276292243,1.0112956283603574,0.991298440481283,1.000901314048576
2011-05-26,1.054282743537346,1.021748454221869,1.0553343513772877,1.04018494521923,1.012376618510169,0.9923347364633829,1.0019976943733384
2011-05-27,1.0646624359112302,1.0291776448929417,1.062677119010358,1.0472446077968536,1.0184210005927599,0.9981528383736693,1.0076557738122878
2011-05-31,1.0738230970564027,1.035654433907208,1.0691055251042365,1.0534246079883498,1.0239610115324487,1.0035556280684488,1.01277604469615
2011-06-01,1.0628159621383289,1.0280954952289443,1.061377403848147,1.045958188498501,1.0170169117958718,0.9966873599895827,1.006277670128303
2011-06-02,1.0483489297622934,1.01840202247478,1.0512860867501843,1.036390764110787,1.0083948634213273,0.9884442508217549,0.9967010217237318
2011-06-03,1.0496217417805072,1.0192109829825577,1.0521306581633567,1.0371515104003957,1.0090457940116202,0.9890527779711406,0.9977289152161554
2011-06-06,1.0510917500268948,1.020200931781498,1.0531410478951582,1.038089164657737,1.009856626174912,0.9898174295065002,0.9985949117330374
2011-06-07,1.0513606539744047,1.0203804183096268,1.0533223293065197,1.0382550208974668,1.0100008792331436,0.9899531620876916,0.9986671844134928
2011-06-08,1.0413574271270345,1.0129995832714191,1.0459266830333243,1.0310457338797778,1.0038949164601008,0.9841617498038269,0.9911413538266721
2011-06-09,1.0498547918683492,1.0191520965476764,1.0521652226242815,1.0369940268927955,1.0088672805978154,0.9887140748314613,0.9960736236298889
2011-06-10,1.0336309203685823,1.0069342169388527,1.0402338947473981,1.025539911300876,0.9989605813972916,0.9795151135664877,0.9867582984195363
2011-06-13,1.0350112939657998,1.0078938618154205,1.041165820342165,1.026365542454106,0.99964458740803,0.9801572669136016,0.9875326698914145
2011-06-14,1.0403176651966628,1.0116733353437706,1.0449399766961704,1.029857919048391,1.0025554316976808,0.9828879086386986,0.9912660602691056
2011-06-15,1.0294718726470948,1.0040445990577735,1.0370475351193273,1.0224078197914543,0.9963192413428529,0.9769911131695413,0.9819674327225278
2011-06-16,1.0216198773798042,0.9986471556832901,1.0313934235023166,1.0171656722660545,0.9919771713690498,0.9730062491331087,0.9761378152266408
2011-06-17,1.0245061130830775,1.000656131334343,1.0334872947829032,1.019103458004007,0.9935706040729086,0.9744070586250109,0.9777429784493816
2011-06-20,1.0206518231687682,0.9978349135300703,1.0306008656348207,1.0163717523969031,0.9913385914582795,0.9724205442623682,0.9755019033679975
2011-06-21,1.0353339787028117,1.0087228243360453,1.0418320941682762,1.0270764943082205,1.00006763935278,0.9799695111355483,0.9840006653529966
2011-06-22,1.0349216593166297,1.0084115136551273,1.0415131677441183,1.0267707405898212,0.9998013695768928,0.9797287727258183,0.983759627823376
2011-06-23,1.0172457065003089,0.9949445532730569,1.028341553727604,1.0143114937348954,0.9884748306953108,0.9697465461598296,0.9745303964676034
2011-06-24,1.0214226811516303,0.9978411324560854,1.0311794459255268,1.0168325156445313,0.9906383383735435,0.9717274830601281,0.9769165734889669
2011-06-27,1.0258327058907937,1.000907667500765,1.0342713841150735,1.0196443350436095,0.9930657596791638,0.9739549564772576,0.9792954898102294
2011-06-28,1.033828116596756,1.006423601635927,1.0400118921306645,1.0249582997598672,0.9976511076160637,0.9781987672332703,0.98385924040657
2011-06-29,1.0498010110788472,1.0175640296162929,1.0515481826868702,1.0357398864538407,1.0071686588603166,0.9871208451151918,0.9927257422100347
2011-06-30,1.0658814671399421,1.0281222696868637,1.0624403569677545,1.0456938808154608,1.0170775290422547,0.9966252449296061,1.0010268287737658
2011-07-01,1.0737872431967348,1.0330731084368538,1.0675134262261823,1.050270163791908,1.0221072863416412,1.0015644985093881,1.0059287220729098
2011-07-04,1.078753002760752,1.0363105646506028,1.070739134596609,1.0532183148270533,1.0253756588145995,1.0048186802565298,1.010127733735014
2011-07-05,1.0799182531999616,1.0370690077939793,1.0715056466493613,1.0539264788911273,1.0261601890028627,1.0056051111091535,1.0112226798414783
2011-07-06,1.076135671004988,1.0346040374948111,1.0689020777133578,1.051450147244284,1.0234617495949354,1.002875512077167,1.0086370698280709
2011-07-07,1.0854038937291643,1.0406114950530134,1.0754202477983763,1.0577048026790532,1.030165566480636,1.0094210448143446,1.0149797592634382
2011-07-08,1.0739306586354065,1.0330232470862213,1.067342023399174,1.0499204965487927,1.021567893557275,1.000865572913722,1.0074157022014136
2011-07-11,1.0629235237173325,1.025933160945807,1.0596638025952072,1.042655607257673,1.014083177555527,0.9936102486377628,1.0004839527946976
2011-07-12,1.0521315119572665,1.0186405415129522,1.052184248874709,1.0356747389530987,1.0072452966964223,0.9871817451474174,0.9943103544844211
2011-07-13,1.0588361837151812,1.0229953943063663,1.056803580255248,1.0399354646383208,1.0112438749751222,0.9908144540411781,0.9972713314876356
2011-07-14,1.0481875873937871,1.0160952688070657,1.0493547771350296,1.0329633191800551,1.0046127292372582,0.9847015994204285,0.9928707047964168
2011-07-15,1.0475959987092653,1.0157090013073944,1.048940387883618,1.032576051573084,1.0042458340919098,0.9843644837256805,0.9924829853589268
2011-07-18,1.0313004194901623,1.0048546152991638,1.0372365569335467,1.0215501530075988,0.9941905015181005,0.9753858958273859,0.9833463572731914
2011-07-19,1.037969237388409,1.0089760702246522,1.0417342013825082,1.0255969747850395,0.9977069321023563,0.9785677823564131,0.9869750914907879
2011-07-20,1.049406618622499,1.0160395486737213,1.0495885273226664,1.0327736899804252,1.004019273467561,0.9843606770187365,0.9983509921641829
2011-07-21,1.0576709332759715,1.021222871118732,1.0551741199546525,1.0378860135095693,1.0087465468879429,0.9887622489913266,1.0062387406388178
2011-07-22,1.0639632856477044,1.0251107826736838,1.0594538888311884,1.0418395142099066,1.0124799856737021,0.992279444573052,1.0095252538251034
2011-07-25,1.0622243734538066,1.023897613004009,1.058244595182372,1.0407015880087371,1.011392555803122,0.9912407111985144,1.0083247764630023
2011-07-26,1.0630131583665023,1.0244308264722755,1.0587958552640042,1.0412209183745762,1.0118861262129952,0.9917085532429314,1.0087565321383574
2011-07-27,1.0499085726578508,1.015542392387416,1.0491509996920727,1.0318809058914087,1.0031519773905513,0.9834725047834292,1.0021506023421423
2011-07-28,1.0528844430102942,1.0174687060602507,1.05126361598769,1.0338461704963464,1.0048948189702374,0.9850914282535813,1.0038024820197904
2011-07-29,1.042486823706576,1.0102058687111855,1.0436266992431094,1.026573409532519,0.9984203703885204,0.9790215809501496,0.9983877002112802
2011-08-01,1.0351726363343055,1.0047975755783058,1.0382978927883186,1.021576748279219,0.9940620602785663,0.975048916482643,0.994197144300551
2011-08-02,1.0251335556272674,0.9972573837938502,1.0308954616959947,1.014646031979489,0.9880998601978489,0.9697958554380377,0.9901265863147941
2011-08-03,1.0011293965795458,0.9792948170789173,1.013309271411718,0.9983782523729221,0.9743076754077856,0.9579492190458069,0.979737190887931
2011-08-04,0.9668172528772762,0.9566595905217424,0.9917994201120905,0.9799279111454231,0.959246388307611,0.9438676016312142,0.9621777673494539
2011-08-05,0.9406260083898069,0.9425027671218816,0.9787786572072877,0.969357349706713,0.9508179735617951,0.935265442685663,0.9529193742682462
2011-08-08,0.9087160732852928,0.92586294236836,0.9641749742589886,0.9575436205845345,0.9414663386185119,0.9259056827488317,0.9420146374589022
2011-08-09,0.9259079989960957,0.9339949126974277,0.9712104708897554,0.9632054185748826,0.9459239816116108,0.9303475185239377,0.9481348146178779
2011-08-10,0.8976372306478829,0.9217636310841101,0.9598411767576296,0.953885097126725,0.9382955632920761,0.9226071415475562,0.9388397804271144
2011-08-11,0.9255315334695818,0.9332915498535582,0.9704738324071126,0.9626146949317119,0.9453443422402655,0.9295848073074187,0.948568744022308
2011-08-12,0.9537126671686247,0.9435008720187025,0.980427888744312,0.9708488285206097,0.952658744925259,0.9370009236094766,0.9583045003522429
2011-08-15,0.9591983076978278,0.9452680827805967,0.9822379926490882,0.9723594687976546,0.954116210819894,0.938511972223826,0.9602096873322403
2011-08-16,0.9604531927862076,0.9456708808350853,0.9826594431762299,0.9727163135681381,0.9544599159825421,0.9388712128365735,0.9606501306509803
2011-08-17,0.9557921910293684,0.9441597707038742,0.9810241149656399,0.9712799435006745,0.953089430667136,0.9374236253015205,0.9589898371244271
2011-08-18,0.9128751210067801,0.930113785541933,0.9655216870260666,0.9575451449756313,0.9399775622447244,0.9238754794789747,0.9439840046320332
2011-08-19,0.9036606790721059,0.927252182201158,0.9625313038197745,0.9550313741933697,0.9377689006295553,0.9214945655912761,0.9406819555736495
2011-08-22,0.9134308558316341,0.9303305298025892,0.9657713663348385,0.9578153882237671,0.9401794737917001,0.9240195838420928,0.944205502785674
2011-08-23,0.919543938905027,0.9322251482810547,0.9678272800054021,0.959628036434676,0.9417532570261044,0.9256845970233312,0.9463947327951321
2011-08-24,0.9332580402280345,0.9364185879675001,0.9725491771212269,0.9639161227722455,0.9454637183247113,0.9296479405125357,0.9515291776893519
2011-08-25,0.919848696712205,0.9324465518523449,0.9679147027565964,0.9596191220780227,0.9416689857391556,0.9255323496988235,0.9467808755186917
2011-08-26,0.919633573554197,0.9323821066696053,0.9678366368961041,0.9595436342857087,0.941605083858596,0.9254631819028099,0.9467041109817846
2011-08-30,0.9445161521637844,0.9398304186421949,0.9769004376858488,0.9683130167572517,0.9491778514815088,0.9332983984840508,0.954017376119474
2011-08-31,0.9670682298949523,0.9461055465641048,0.9847068224891571,0.9757239407541672,0.9562707899616995,0.9408117596097069,0.9602956434742116
2011-09-01,0.9714065469147796,0.9472473905654664,0.9861586871339838,0.9770962708847403,0.9576777486098201,0.9423326301715861,0.9614840166942875
2011-09-02,0.9486931268151059,0.9412665169577382,0.9783359987314098,0.9694784554625584,0.9498977372715364,0.9338623253731763,0.9544427617292621
2011-09-05,0.9147395217095162,0.9321690887424223,0.9666767733070407,0.9583129630946943,0.9391421479025797,0.9226047810114745,0.9430595336629622
2011-09-06,0.9244559176795425,0.9348297344538724,0.9698353130610208,0.9611765598563666,0.9416908389582668,0.9252888730856754,0.9463411515511707
2011-09-07,0.9534616901509492,0.9429000576134493,0.9794402044030861,0.970129385296749,0.9497241382356274,0.9338425866966582,0.9561573173702952
2011-09-08,0.9573697608547602,0.9439790089492307,0.9806516782989717,0.971238849569594,0.950833200867136,0.935052038672133,0.9574497329137703
2011-09-09,0.9348356100534264,0.9376751896082621,0.9734355391491476,0.964414139966827,0.9440681028614287,0.9276114202493506,0.9500796059722304
2011-09-12,0.9195797927646953,0.9332367744255431,0.9685283931221589,0.9598017145929658,0.9396916695794109,0.9230143212946141,0.944965865403739
2011-09-13,0.9275931304004917,0.9356667454077694,0.9711607203071516,0.9623037879461358,0.9420138349293767,0.9253332597584925,0.9476669278392336
2011-09-14,0.9370406224230079,0.9386614246428185,0.9743221113246137,0.9653862416483077,0.9448727008069263,0.9282234018719691,0.950887268374438
2011-09-15,0.9568498798895742,0.9448804767567507,0.9810601507270567,0.972115777610914,0.9511483899634491,0.934638204985655,0.9568064564167928
2011-09-16,0.962389301208279,0.9465440390119345,0.9829081909008269,0.9739576545469106,0.9529638172346752,0.9365279846501038,0.9583821681483459
2011-09-19,0.9428848015488908,0.9406985137151035,0.9762339966593642,0.9671222684385677,0.9462174088520717,0.9294610119029869,0.9520085845893538
2011-09-20,0.9615467355060812,0.947037986741822,0.982666923985589,0.973615812123518,0.9523437984550914,0.9356113525282956,0.9582136204248137
2011-09-21,0.9480477573410816,0.9425453848092756,0.9780830193216238,0.9689912328143617,0.9477244490862992,0.9308785122951126,0.9534477629338701
2011-09-22,0.9038040945107778,0.9278963302296488,0.9627090449098487,0.9533531912018991,0.9325520400912334,0.9160345231752038,0.9382224104020056
2011-09-23,0.908321680828945,0.9292204491604367,0.9640917020774978,0.9545840802123008,0.9336027925887013,0.917178350529372,0.93956403653072
2011-09-26,0.9123731669714283,0.930433977140127,0.9653796982258513,0.9557788014760914,0.934633573989542,0.9182939786139769,0.9403066498478664
2011-09-27,0.9490695923416197,0.9414989216425458,0.9773921414036069,0.9672860685611095,0.9444940719346951,0.9290561821623111,0.9475412315779863
2011-09-28,0.9353554910186122,0.9377637141825895,0.9733317238704203,0.9635599313306196,0.9407118102103507,0.924785119235882,0.9430944599034893
2011-09-29,0.9316266896131408,0.9367143969676769,0.9721976157101131,0.962498605188006,0.9396589134625944,0.9236551426515123,0.9418380268182781
2011-09-30,0.919382596536521,0.9331569177224955,0.9683537822027427,0.9588012392473059,0.9360167851159549,0.9198336972926685,0.9381782977377645
2011-10-03,0.9098813237245028,0.9303840686308356,0.9652881034750873,0.9558023013640287,0.9331233753633764,0.9169287753591577,0.9348693299636729
2011-10-04,0.8863791187121332,0.9233277425147173,0.9574767059176759,0.9480062572041477,0.9257095743161616,0.9097670613579372,0.927748699389922
2011-10-05,0.9146678139901799,0.9322722562836117,0.966850182273281,0.9571458108784348,0.9340120085721022,0.9176492580414446,0.9333878359320824
2011-10-06,0.9485676383062678,0.9422404343158022,0.9774224256911866,0.9672027705793176,0.9442692694678617,0.927642107939241,0.9440991859895427
2011-10-07,0.9507367968161813,0.942848022683782,0.9780398030746222,0.9677692373280703,0.9449361960842607,0.9283078038269221,0.9447311585321518
2011-10-10,0.9678749417374822,0.9476640524225263,0.983118554971548,0.9726016171918096,0.95052982869319,0.9339523657148323,0.9501785346366488
2011-10-11,0.9672833530529603,0.9474952286248749,0.9829421285162949,0.9724290837274489,0.9503205166701154,0.9337347365380365,0.9499935408032307
2011-10-12,0.9755476677064329,0.9498645484756764,0.9854601153367921,0.97493190401143,0.9532684532448568,0.9367535123466867,0.9526381729336855
2011-10-13,0.968663726650178,0.9479005345720185,0.9833131645769477,0.9727349468011467,0.9506835164816222,0.9340812315545252,0.9503905209386423
2011-10-14,0.9799576924455958,0.9511359909018863,0.9869394279817648,0.9765245018710903,0.9550588804375898,0.9384307741291126,0.9551531125229806
2011-10-17,0.9746333942848988,0.9495977142860337,0.985203556689457,0.9746717621605362,0.9528940037020586,0.9362519750072184,0.9530270441327148
2011-10-18,0.9699186117385576,0.9482332904089634,0.9836145240143165,0.9729497834474709,0.9509222173816582,0.9343272942779276,0.951496352655865
2011-10-19,0.9771073106019905,0.9503683653423665,0.9861043284779767,0.9757021353955021,0.9540346244257363,0.9372882015895975,0.95359161873295
2011-10-20,0.9653113907712206,0.9468110267065551,0.9819197903335494,0.9709655298328044,0.9486798320022185,0.9321559507559536,0.9496977963128265
2011-10-21,0.9839553977985772,0.9524954296013703,0.9886870762960366,0.978626508794416,0.9569622756526411,0.939785522492924,0.9578081930058067
2011-10-24,0.9946039941199715,0.9562295779926666,0.992485910364725,0.9828375989232356,0.9618610231197997,0.9444004358429585,0.9622415477095234
2011-10-25,0.9905525079774881,0.9548132807927097,0.9910187469069965,0.9811858030379454,0.9599052914448866,0.9425282020427929,0.960195790206731
2011-10-26,0.9955182675415052,0.9565423426072261,0.992865411659722,0.9833034620576276,0.9623713438144178,0.9448238935673416,0.9625585602886182
2011-10-27,1.024308916854904,0.9678173123539469,1.0038695375410407,0.9962375756224416,0.9773287262401428,0.9588045699931435,0.976098068976098
2011-10-28,1.0222293929941604,0.9670340679770495,1.0031207346543514,0.9954131952634818,0.9762017746263953,0.957699396158975,0.9752614591944126
2011-10-31,0.9939048438564455,0.9564071821468623,0.9927363078315975,0.9839682641809637,0.9603713423459146,0.9426143398540769,0.9630138733863176
2011-11-01,0.9719264278799656,0.9485590101779497,0.9849343107594184,0.9759932244766438,0.9517368100572495,0.9335934656966436,0.9540472792517506
2011-11-02,0.9831307590262136,0.9524470155215706,0.9888926587814374,0.9799298292649106,0.9556396499980234,0.9375618677079113,0.9568074401801433
2011-11-03,0.9941558208741216,0.9565293170034812,0.992829732433797,0.9839151190524777,0.9596580573247989,0.9417033435493056,0.9607074486722014
2011-11-04,0.9908572657846662,0.95521460588439,0.9916341897067416,0.9826806631380899,0.9583925097201772,0.9403797849634163,0.9598150836323335
2011-11-07,0.9879172492918907,0.9538647438540835,0.9905316651660315,0.9815121427798236,0.9572111706378456,0.9391802978870044,0.958775509055934
2011-11-08,0.9980459646480989,0.9584134991955107,0.9944278619587184,0.9857214120564212,0.9614325839298713,0.9433944325826766,0.962245078608945
2011-11-09,0.9788820766555564,0.9496157380129528,0.9869493192745351,0.9775215198936387,0.9530781976112161,0.9349598967598921,0.9557879502358628
2011-11-10,0.976085475601453,0.9483780710939941,0.9858576001441852,0.9763595873547751,0.9519548324183392,0.9338478602561606,0.9550386086344922
2011-11-11,0.9941199670144536,0.9563492828207708,0.9931017464872056,0.9842019588356379,0.95938117040844,0.9410297521137359,0.9609243718419699
2011-11-14,0.9893872575382786,0.954336011321277,0.9912367918832821,0.9822152694417161,0.957346246781028,0.9390169355669423,0.9592920652563385
2011-11-15,0.9891004266609346,0.95421062043463,0.9911147636708263,0.9820784512516679,0.9572108729983183,0.9388940425710264,0.9591906655276292
2011-11-16,0.9875945645548789,0.9535598856469623,0.9904777189169442,0.9813620895188558,0.9565050914520653,0.9382145114331798,0.9586221550187313
2011-11-17,0.9721953318274759,0.9468865304294101,0.9838148937818386,0.9737506111401213,0.9490541483823924,0.9311232968682788,0.9522531872460371
2011-11-18,0.9614033200674097,0.9422831424939381,0.9791288895189543,0.9685706165885443,0.9441902198496345,0.9266010161195921,0.9478688101744772
2011-11-21,0.9362518375103124,0.9314696279238971,0.9679956088189902,0.9563384279001049,0.9329760936409844,0.9165450900950339,0.9387118626400583
2011-11-22,0.9334193825965409,0.9302600140135259,0.9667907261055818,0.9551118012101933,0.9318978141507894,0.9155469925759034,0.9376695029805993
2011-11-23,0.921408339607763,0.9250297025126722,0.9615705708710838,0.9497543711375117,0.9272823505222356,0.9112970348873334,0.9328585555015751
2011-11-24,0.9192212541680155,0.9240794836913119,0.9606048825764498,0.9487672079286046,0.9264419029407736,0.9105427735826381,0.9315749291362752
2011-11-25,0.9258721451364281,0.9269894489117706,0.9636243532146418,0.9519243820073573,0.9291052086529827,0.9128980948069615,0.9347011477057776
2011-11-28,0.9524219282205774,0.940116771635905,0.9759294636771698,0.9650457974395741,0.9402138153258957,0.9228298038466816,0.9475415998608904
2011-11-29,0.9567602452404046,0.9419297133155594,0.9777354212047303,0.9668033379813791,0.94207494734719,0.9245363534299417,0.9496085529933971
2011-11-30,0.9869491950808551,0.9557089408720081,0.9907439354788931,0.9799100745966829,0.955643567809091,0.9371236434574131,0.9662788553000559
2011-12-01,0.9840629593775817,0.954480748415779,0.989609867354527,0.978827619928062,0.9542991891846649,0.935827593170476,0.9655543405801241
2011-12-02,0.9953569251729997,0.9593004098131293,0.9941112255520842,0.9831742057375639,0.9597282505586002,0.9409377174925244,0.9695193002852804
2011-12-05,0.9981714531569371,0.9604935630068578,0.9952403492446906,0.9842797873759414,0.9611246099145055,0.9422678288605316,0.9702943444992748
2011-12-06,0.9982969416657751,0.9605465759116363,0.9952861845814223,0.9843207931333402,0.9611791699357439,0.9423187304056584,0.9702932793461176
2011-12-07,0.9943888709619637,0.9588886268555165,0.9936121680168107,0.9825845978511306,0.9590463791467209,0.9402609208794457,0.9688163061122456
2011-12-08,0.9830769782367119,0.9540275138113379,0.9886277795636689,0.9773159831514002,0.9527028159434384,0.9343268239199085,0.9637497071301669
2011-12-09,0.9912158043813464,0.9576520097604572,0.9922698011357087,0.9811520179207992,0.9570370530618766,0.9382528389771252,0.9664523113447159
2011-12-12,0.9730558244595077,0.9496366236016626,0.9840053604764076,0.9723122170469596,0.946952323457121,0.9289746499532965,0.9607426641115018
2011-12-13,0.9842243017460877,0.9546176072002818,0.9890160766140508,0.9774341451351561,0.9521926943857764,0.9338559176923655,0.9652859335728086
2011-12-14,0.9621024703309358,0.9449696621990487,0.9790353830540623,0.9671309538430298,0.9413189089042635,0.9235742796333215,0.9581788644001498
2011-12-15,0.9682155534043284,0.947504941618332,0.9816908762813835,0.9697123802729547,0.9437679631463369,0.9259380936285576,0.9606927132554247
2011-12-16,0.9657774909469049,0.9464978143744024,0.980599457717886,0.9686184750435921,0.9427222520281935,0.9249201539606592,0.9594812577946495
2011-12-19,0.9617797855939235,0.9447978138242002,0.9787553162671658,0.9667298507708451,0.9409376687970583,0.9232180133738958,0.9575557903191684
2011-12-20,0.9715678892832857,0.9490072157642596,0.9833869775786741,0.9715505449954794,0.9454488030939152,0.9274230447295544,0.9628220414063593
2011-12-21,0.9662077372629206,0.9464843963335849,0.9808237324559617,0.9688567859144006,0.9428662067674101,0.9249825615324773,0.9601600785770728
2011-12-22,0.9782725610412004,0.952110954699104,0.9867463181915397,0.9751655198148032,0.9488221446458937,0.9304254679991955,0.9651269773157884
2011-12-23,0.9882578609587366,0.9568209886061079,0.9916344295390801,0.9803496530093226,0.95393129970556,0.9351683289414318,0.9695075740058872
2011-12-28,0.9873077336775348,0.9563753336132629,0.991163343169627,0.9798465469753495,0.9534147281498727,0.9346774955589595,0.9690029906925173
2011-12-29,0.9979563299989288,0.9613637542017057,0.9965700895152532,0.9857291918832884,0.959309413926233,0.9401997583544388,0.9734681059100793
2011-12-30,0.9989423111397987,0.9618459112665381,0.9970706885079376,0.9862739028822695,0.9598648410600775,0.9407244236574909,0.9739229039548717
2012-01-03,1.0218170736079784,0.9735774705596715,1.0090802074662306,0.9996038474118633,0.9735276434263577,0.9537827969600362,0.9863328708560245
2012-01-04,1.0161880176401035,0.9704557605774874,1.0063389486643168,0.9967862049560718,0.970048171524914,0.9503155363667701,0.9830555078247081
2012-01-05,1.0082643146534769,0.9661082022409846,1.002391526130811,0.9926994171392389,0.9651100213846158,0.9456022248961704,0.9784721845868013
2012-01-06,1.012817754831312,0.9686268503319064,1.0047032803695537,0.9951040767498975,0.9678939520414818,0.9481417365635958,0.9812380896008809
2012-01-09,1.0061130830733973,0.9649302392567024,1.0012009065797987,0.9913811129072824,0.963622875028356,0.9441861161720083,0.977520482482457
2012-01-10,1.0212434118532905,0.9732031800886043,1.009278025036049,1.000011717484633,0.9731963045308524,0.9527207222160353,0.9864840168713188
2012-01-11,1.0166003370262855,0.9707567900075632,1.0068542382929175,0.9974811229990055,0.9701508135546694,0.949920191662984,0.983535349970672
2012-01-12,1.0150944749202298,0.9699375346296697,1.0060399967089566,0.9966171635380513,0.9691470985386946,0.9490272919251924,0.982579359139186
2012-01-13,1.0104693270230587,0.967418710498362,1.0034741430287037,0.9938480474571043,0.9659633873907458,0.94623217125312,0.9797184939510228
2012-01-16,1.0141981284285297,0.9695979877941785,1.0055866901594603,0.9961449404650354,0.9685471695809971,0.9484373129397078,0.981507415546104
2012-01-17,1.0207593847477727,0.9735487174223685,1.0094062843236322,1.0003701609546929,0.9732397792778499,0.9524901935745543,0.9853821814763427
2012-01-18,1.0222652468538282,0.9745720357717245,1.010293815054526,1.0013618600343672,0.9743434726437565,0.9534558561015385,0.9862756310022621
2012-01-19,1.029220895629419,0.9795937310170326,1.0145354891905982,1.0062026354599105,0.9796527350290472,0.9581714113022937,0.9904497788768983
2012-01-20,1.0269621024703355,0.9779559613641027,1.013129611691579,1.0045929713601063,0.9778624005531792,0.9565408403784105,0.9892042468421511
2012-01-23,1.0366426445806938,0.9850312375646476,1.019306373957104,1.011742227342438,0.9856408713020968,0.9634800465926233,0.9956935248502208
2012-01-24,1.0311390771216566,0.980999418112564,1.0157929769088503,1.0077456568370686,0.9810844493394905,0.9592968116669344,0.9907807145847055
2012-01-25,1.0259581943996317,0.9771950880472553,1.0124011434312585,1.003907482013259,0.9768789798030708,0.9555483607271682,0.9875081368646386
2012-01-26,1.0389014377397772,0.9868315909921404,1.021052641976076,1.0136731850785787,0.9872338577697922,0.9644883899270265,0.994264749934524
2012-01-27,1.0278405220322013,0.9787411609388087,1.0138494244253884,1.0058911831065325,0.9781361011785551,0.9563525692295985,0.9883903398917397
2012-01-30,1.0166541178157875,0.9709625442412879,1.006601068024376,0.9983430143177783,0.9700543860937317,0.9491039799922937,0.9796594819356538
2012-01-31,1.0185364454483572,0.972236769095539,1.0078110426992346,0.9995535652300152,0.9712410498239533,0.9501554483063993,0.9808453874939027
2012-02-01,1.0380947258972475,0.9855432285133318,1.0207764222655653,1.0128749248137514,0.9843895753984289,0.9619251290686295,0.9937077741366672
2012-02-02,1.0390627801082835,0.9862134206748429,1.0213345338857025,1.0133849005334414,0.9850480647368577,0.9625245149360372,0.9941618290957484
2012-02-03,1.05788605643398,0.9997756559821972,1.0330710870658786,1.024857020064308,0.998525035477166,0.9751088799627529,1.0091233645895596
2012-02-06,1.0562905596787542,0.9986749695256482,1.0321228826338054,1.0239544755984717,0.9973365458117408,0.9739410005498474,1.0080581472263912
2012-02-07,1.0559499480119083,0.9984442829281747,1.031909130265006,1.0237436180898682,0.997067241339417,0.9736884803836997,1.0077070824622218
2012-02-08,1.0533684701158126,0.9966528929274018,1.0303020135894418,1.0221650616445432,0.9950383835417163,0.9717410494917383,1.0062363518369435
2012-02-09,1.056882148363276,0.9991949395665622,1.0325323262839075,1.0243785452354495,0.997830072697792,0.9743658718628584,1.0091705556424369
2012-02-10,1.0491556416048233,0.9934829083661411,1.0274678173397962,1.019243809252738,0.991491777455292,0.9683261380528116,1.0018780871935862
2012-02-13,1.0587106952063434,1.0003541574755856,1.033805391971732,1.0256282332487228,0.9988610355260751,0.9751152957937488,1.0088678547690473
2012-02-14,1.0576709332759715,0.9996082313723781,1.0331157927870278,1.0249358068553305,0.9980219986261551,0.9743112195915354,1.0081557801070067
2012-02-15,1.0562905596787537,0.9986210387361498,1.0321613792392623,1.023955712724825,0.9968837433696098,0.973242156048087,1.0070393675478244
2012-02-16,1.0550715284500418,0.997744495830646,1.0312911043683268,1.0230483151203102,0.9958609474048614,0.9722835426978969,1.006131374839203
2012-02-17,1.0586031336273394,1.0002721429714836,1.0338462968687308,1.025727059129136,0.998858350212147,0.9750814522836546,1.0082380121308125
2012-02-20,1.065809759420606,1.0054717494774845,1.0392070222569998,1.0314195962083443,1.0051324166969808,0.9810330273295511,1.0138229199794557
2012-02-21,1.0627442544189925,1.0032708935581311,1.0368996375181285,1.0289808923472026,1.0023882231184515,0.9783421607779215,1.0115961558468631
2012-02-22,1.0606647305582488,1.001747709787659,1.0352823154650386,1.027261025961015,1.0005237424441038,0.9765600572396725,1.010271931707394
2012-02-23,1.06448316661289,1.0045648009678396,1.0383079428461133,1.0304920567405909,1.003982188100772,0.9798072931615145,1.0129976631073487
2012-02-24,1.0639812125775383,1.0041823056042627,1.0378888485794615,1.030039010959557,1.0035076284132405,0.9793423037719655,1.0126289567357079
2012-02-27,1.060485461259909,1.001406137413438,1.0349391501530854,1.0268423202352375,1.000202484790645,0.9761502912733226,1.0099495813667778
2012-02-28,1.0626904736294907,1.0032232133731664,1.0368269365877156,1.0288751821500222,1.002263987642373,0.9780761967537134,1.0111872666643604
2012-02-29,1.0525796852031166,0.9939710238535725,1.0278597872942175,1.019183227261432,0.9926135649753601,0.9688092251047562,1.0028291616862297
2012-03-01,1.0632999892438466,1.0030390832598775,1.0371038918253457,1.0284391738208538,1.0012503987756107,0.9770897496457251,1.0100679591379504
2012-03-02,1.0596787494173794,0.9994518842419308,1.034059099729115,1.0254629269290527,0.9982211522214789,0.9740810836621889,1.0076883316400533
2012-03-05,1.0531712738876384,0.9932009250071014,1.0284654229658394,1.0200135810420388,0.9927713666558404,0.9688481063705834,1.003103109087538
2012-03-06,1.033630920368582,0.9698595240916702,1.0115526756266255,1.0037946142517753,0.9770275260897727,0.9542451800257643,0.9890520701666562
2012-03-07,1.038220214406085,0.9739423971086733,1.0149065086848459,1.0066288843626319,0.9794789903304324,0.9567667457991854,0.9918199868623946
2012-03-08,1.050464307482705,0.9850000711247479,1.0242062104142453,1.014752407308948,0.9866170068364797,0.9640607272420154,1.0010855793489843
2012-03-09,1.055447993976556,0.9891278019744463,1.0278542666716002,1.0179267255185347,0.9896188944670211,0.9671881459490231,1.003671533599437
2012-03-12,1.0563981212577578,0.9899140217242859,1.0285578341453392,1.0185437916680469,0.9902025573118881,0.9678002596691208,1.004257799535262
2012-03-13,1.0677100139830096,0.9995583424232894,1.0372799489271345,1.0264070526596678,0.9975541729446441,0.9755730897949547,1.013496214172745
2012-03-14,1.06582768635044,0.9979706411890328,1.0358537400980896,1.0251264535996285,0.9962753348016036,0.9741807000457795,1.012153475130795
2012-03-15,1.0649851206482421,0.9972633268194618,1.035188411252338,1.0245152354830314,0.9956794373091188,0.9735581237741565,1.011550436852731
2012-03-16,1.0694489261769076,1.0010100491323721,1.0387450390407895,1.0277924416017967,0.9988677818838285,0.9769289567515568,1.0147443471664623
2012-03-19,1.0686422143343777,1.00033438277389,1.0380771400051294,1.0271638981910065,0.9982585529667798,0.976271226936708,1.014180826585406
2012-03-20,1.0561471442400818,0.9898718918876304,1.0275441199152482,1.0171989014639788,0.9887224061528216,0.9661236787961759,1.0050070292459998
2012-03-21,1.0562547058190859,0.9899388090424917,1.0276105481827238,1.0172382806661762,0.9887373851310448,0.9661271049837352,1.0049516440576658
2012-03-22,1.0479545373059453,0.9832648129608915,1.020705685191619,1.0109201893033997,0.9830643601231734,0.9602450101435509,0.9987680421539242
2012-03-23,1.049603814850673,0.9845505627533411,1.0220689625978379,1.0121428942558448,0.9841362718397606,0.9612864168454753,0.9996425360260063
2012-03-26,1.0581728873113234,0.991317736244303,1.0293593158552696,1.0188053168709754,0.9899641271854216,0.9670776894436814,1.0054739516155473
2012-03-27,1.0522390735362706,0.9867702377263328,1.0243448182964061,1.0142366068539124,0.9857753348128631,0.9628253211884121,1.0010445519748732
2012-03-28,1.0413753540568684,0.9785234031116061,1.0150466877222672,1.0057981391405275,0.9781721491062069,0.9554337976817247,0.9927021267456383
2012-03-29,1.0293643110680906,0.9696878202255741,1.0050679478370332,0.9970003714649632,0.970446354449796,0.9481304889725751,0.983738636023255
2012-03-30,1.0341149474740996,0.9731290099005797,1.008836457856007,1.0002196265659662,0.9732008724012317,0.9506679936558049,0.9873137458225547
2012-04-02,1.053189200817472,0.9874561292280523,1.024318816994552,1.013689974072206,0.9847965090358892,0.9614828037817156,1.004284506844627
2012-04-03,1.0466279444982292,0.9830776764483921,1.0195906564042636,1.00971813942301,0.9806614769054535,0.9574928064244647,1.0004634001793782
2012-04-04,1.0225162238715035,0.9671359352540281,1.00212061885341,0.9949192512252828,0.9655234589764143,0.9434810360508885,0.9825320607604533
2012-04-05,1.026083682908469,0.9693639359799148,1.004265332266694,0.9966268481151869,0.9670259977728368,0.9450219674892222,0.9844346379850268
2012-04-10,1.0031192857911193,0.9548850200825265,0.989714157433112,0.984626055215416,0.9562756457315299,0.9341304910399558,0.9708606555956956
2012-04-11,1.010128715356212,0.9590018797599374,0.9936582747708265,0.9877896513834261,0.9589715958306007,0.9368585524759949,0.9746898082410926
2012-04-12,1.0237173281703815,0.9669342463581663,1.0014860294161332,0.9942315291145388,0.964505006506116,0.9425062985858728,0.9821995864881553
2012-04-13,1.0131942203578255,0.9611066306457106,0.9955450898439778,0.9892773269259841,0.9600296097627631,0.9378588742784871,0.9772497106243249
2012-04-16,1.0157936251837552,0.9625720346266893,0.997021664880148,0.9905221860468965,0.9611347389845528,0.9389378844478181,0.9787021376501782
2012-04-17,1.0338460435265897,0.9727212232359114,1.0075663758397306,0.9996566347785281,0.969157972822901,0.9468845341105987,0.9890673678588311
2012-04-18,1.0299558997526126,0.9706897789210219,1.0054048780142397,0.9977879720542547,0.9673469461594332,0.9450562743192177,0.9871490980955615
2012-04-19,1.0298304112437746,0.9706230069650151,1.0053257246907823,0.9977127085679957,0.9672777774334058,0.9449951717698304,0.9870241960784372
2012-04-20,1.0347782438779576,0.9731970309658888,1.0082154058363204,1.0003204123749345,0.9697517595032937,0.947424711603286,0.9896131651202269
2012-04-23,1.0156681366749172,0.9631363935824316,0.9967579225437238,0.9897330344403287,0.9597438803008169,0.9375062111559647,0.9773946309064047
2012-04-24,1.0235380588720415,0.9670748177476776,1.0011895372688977,0.9936577258987412,0.9632266309837384,0.9409231976587119,0.9811428063382388
2012-04-25,1.025223190276437,0.9679096865310411,1.0021496297441375,0.9945211234841697,0.9640021508081535,0.9416906539146599,0.9821715197736086
2012-04-26,1.030565415366968,0.970560363074258,1.0052899828441788,0.9974219468974168,0.9665943018325319,0.9442750158733481,0.985742582899457
2012-04-27,1.0356566634398232,0.9730986965396881,1.0083480704511434,1.0003025350828447,0.9691678098043058,0.9468622226052421,0.9890810197081796
2012-04-30,1.0286113800150625,0.9695993865103544,1.0040061799436062,0.9961232422231422,0.9654323549750273,0.943068892698195,0.9849416235641798
2012-05-01,1.0419490158115559,0.9763085183642529,1.0123616591133067,1.0041976063939277,0.9725572903772578,0.9499687473196422,0.9931996926562402
2012-05-02,1.0322505467713639,0.9714830636423836,1.0064307184748509,0.9985346446139051,0.9671733686172873,0.9446415010605957,0.9874192600000804
2012-05-03,1.0337743358072538,0.9722313532164781,1.0073671354713154,0.999425968537113,0.9679904015309297,0.9454015662333575,0.9883686700761448
2012-05-04,1.0137858090423475,0.9617092788042869,0.9946869059720885,0.9871093937098983,0.9567136290394909,0.9346777546463559,0.97729198576983
2012-05-08,0.9957692445591808,0.9526777622884736,0.9840924711894448,0.9774744115815034,0.9483607794816683,0.9265975843206574,0.9684611979869255
2012-05-09,0.9913771467498516,0.9503663174985311,0.9816181289573541,0.9752835145719744,0.9465076605708891,0.9248363316163548,0.966291488916985
2012-05-10,0.993868989996777,0.9516779325375678,0.9830452443520694,0.9765635389165314,0.9475799062036776,0.9258325286312954,0.9676161317337598
2012-05-11,0.9995159728944859,0.9549178236586477,0.9863802976656674,0.979631423007203,0.9501291574967871,0.9282041049300155,0.9706815225324652
2012-05-14,0.9797963500770895,0.9434915400723989,0.9744681660574595,0.9684366430759447,0.9407963129939664,0.9194303467920383,0.9605979002877378
2012-05-15,0.9747947366534045,0.940647963840146,0.9716263866606224,0.9658831680443153,0.9387013070532099,0.9174645621650757,0.9584739940486898
2012-05-16,0.9690043383170235,0.9373110253337178,0.9682676504074309,0.9628205448257661,0.936212382844166,0.9151968834935653,0.9565101330226269
2012-05-17,0.9570112222580796,0.9303810841786355,0.9611510152664408,0.9562369638877809,0.9308930366860353,0.9104842622097987,0.9515891537132734
2012-05-18,0.94431895593561,0.9223638230567869,0.9536683795611718,0.9493614950235537,0.9253569697496644,0.9057348737896082,0.94724716927685
2012-05-21,0.9509339930443548,0.9264475070130175,0.9575210129302438,0.9528688073574357,0.9281659594576225,0.9080816088529718,0.9505697041849935
2012-05-22,0.9686457997203435,0.9370856294842161,0.9680004650366714,0.9625694099237307,0.9360052437970361,0.9147060935789889,0.9608924378674755
2012-05-23,0.9441038327776019,0.9236770816807889,0.9543488447832298,0.9501674735247159,0.9247486853884923,0.9049625062690392,0.9452314318510994
2012-05-24,0.9591086730486573,0.9315332314939915,0.9618704783425877,0.9566825730507785,0.9303395418775497,0.9100615198516572,0.9530640990953755
2012-05-25,0.9593596500663332,0.9316482543282312,0.9619898622025741,0.9567889574807256,0.9304288689427834,0.9101412451715389,0.9531947965060088
2012-05-29,0.9664587142805959,0.9351978804979328,0.9655777872336617,0.9599987343126873,0.9333104331491963,0.9128165903268833,0.9569802974112055
2012-05-30,0.949643254096307,0.9268738312308453,0.956917092499796,0.952082379077725,0.9261728926105708,0.9061238541823824,0.9471269550311291
2012-05-31,0.9538740095371301,0.9289399191927462,0.9590393395769433,0.9539936920292936,0.9278390692906101,0.9076461911852606,0.9496913048326407
2012-06-01,0.9429923631278941,0.9236735224705669,0.9534177237362491,0.948803963327485,0.9233197931535059,0.9034786115710652,0.9433378303411503
2012-06-06,0.9652038291922163,0.9348948796507602,0.964986364401867,0.9595200833233744,0.9325234271274672,0.9116554949678819,0.9533569468395707
2012-06-07,0.9766232834964722,0.9399981551513491,0.9704358345186344,0.9644305274339684,0.9373972127641516,0.9161082200839258,0.9591858379016802
2012-06-08,0.9743465634075547,0.9390027058985391,0.9693445373566093,0.963429729981807,0.9363771864978051,0.9151577263406225,0.9581391348376478
2012-06-11,0.9738625363020367,0.9387748812958834,0.969098410418598,0.9631947753826394,0.936144065705977,0.9149478850002428,0.9578569859895286
2012-06-12,0.9812663583234773,0.9422540726782489,0.9728628292440163,0.9667903652936878,0.9397124252244152,0.9182005698378162,0.9607449362244174
2012-06-13,0.983076978236711,0.9430947186939741,0.9737947116161431,0.9676923068627084,0.9406114901582175,0.919026672594142,0.9616035140489512
2012-06-14,0.9800831809544336,0.9417020177085799,0.972192132472591,0.9660948893398151,0.9390357478075554,0.9175694968520002,0.9601601276126842
2012-06-15,0.9821806317450112,0.9426831591542463,0.9733360451754063,0.9672469885663024,0.9401633167449304,0.9185934533456849,0.9612125953955749
2012-06-18,0.9843856441145927,0.9437638645424817,0.9745739284063427,0.9685185016723129,0.9413946239323726,0.919709300257065,0.9623069901014623
2012-06-19,1.0014520813165575,0.952263462371398,0.9844900064036309,0.9789374127199929,0.9513684973993555,0.9287966458508756,0.9698416560244103
2012-06-20,1.0079057760567964,0.9553336880046333,0.988039918639121,0.9824970649912276,0.9552527712189448,0.932438820824563,0.9729521630969763
2012-06-21,0.9978846222795922,0.9504104323905654,0.9824030731146308,0.9767326072324434,0.9489468209575966,0.9263889281192598,0.9675925329001801
2012-06-22,0.988437130257076,0.9456727428285447,0.9770422218955659,0.9713014559977554,0.9432879240375515,0.9211380071575219,0.9620179645116091
2012-06-25,0.9771431644616582,0.9400945780412551,0.9705599766976891,0.9647715905220275,0.9367520882758736,0.9152732382170576,0.9551772375049172
2012-06-26,0.9764798680578003,0.9397514317906458,0.9701779152316429,0.9643881568806032,0.9363730234569643,0.9149353771143572,0.9547526926157713
2012-06-27,0.9902656771001436,0.9478047175664374,0.9783387821936983,0.9726473276914924,0.9442045903127376,0.9217807449267987,0.9669529885278988
2012-06-28,0.9847441827112727,0.9445425947554739,0.9751505591549023,0.9694768674383702,0.940945897859599,0.9188633281509432,0.962089518114025
2012-06-29,0.998745114911624,0.9527283077706703,0.9834146186115345,0.9777628174332514,0.9492951262706008,0.9260900943035059,0.9692240808037291
2012-07-02,1.0111864042164178,0.9597524039079842,0.990548826104118,0.984779100467368,0.9569507171342033,0.9328696639581638,0.9751454512807517
2012-07-03,1.01962998816823,0.96481973447295,0.9953230460569404,0.9894480928323358,0.9623133744197665,0.9377240641778668,0.9804919785654413
2012-07-04,1.0190563264135422,0.9644753770354567,0.9949918158344478,0.9891180659243647,0.9619243540457745,0.9373601465700325,0.9800981476635848
2012-07-05,1.0205084077300959,0.9653737938948258,0.9958379822904115,0.9899651177223842,0.9629010604144032,0.9382599102577202,0.9810523034264688
2012-07-06,1.015130328779897,0.961482241349159,0.9925652868893058,0.9865956356659188,0.9591068355162592,0.9347391182325738,0.9775706850253103
2012-07-09,1.008802122548496,0.9568880121520633,0.9886237967441168,0.982515677778495,0.9546550986296318,0.930737013171655,0.9728289688977226
2012-07-10,1.0153992327274068,0.961591822866504,0.99280527682179,0.9868461122244431,0.9592343805215474,0.934707338317119,0.9769379245673031
2012-07-11,1.0154709404467428,0.9616404995725211,0.9928460075288839,0.9868863412812261,0.9592741177132424,0.9347371289947434,0.9769453659904725
2012-07-12,1.0053960058800366,0.9544203895965001,0.9861438757887541,0.979776188985926,0.9518133845698155,0.928098144067715,0.9705080652382571
2012-07-13,1.0157577713240868,0.961523589969678,0.9930145918514589,0.9868435720707844,0.9588043620388212,0.9342388306585873,0.977460035007238
2012-07-16,1.0150944749202289,0.9610711945571832,0.9925767702061944,0.9863938091273329,0.9583291936216466,0.9338048800742377,0.9769812140325099
2012-07-17,1.0091248072855081,0.9570639073031203,0.988521479485094,0.9821973478166858,0.9540111201433247,0.92992964084659,0.9721445129716263
2012-07-18,1.0192893765013844,0.9637823441894896,0.9955380832405107,0.9894336825228806,0.9612624407676812,0.9362312960850692,0.9806886004925598
2012-07-19,1.0243806245742395,0.9673224986474915,0.999015621469737,0.9929624693890828,0.9649921061671277,0.9395472739351047,0.9846050177527039
2012-07-20,1.0131942203578257,0.959469793536113,0.9912088182432168,0.9849653348116824,0.9565320269164849,0.9319596341441272,0.9767100820605005
2012-07-23,0.9920583700835435,0.9447048758624886,0.9766598874813935,0.9705523720291181,0.942265555642471,0.9192124378082827,0.9608128605591525
2012-07-24,0.9858377254311466,0.9407598965234837,0.9728023913132113,0.9670325739423755,0.9390961707658929,0.9161557201368148,0.9570331198054481
2012-07-25,0.9856763830626406,0.9406470739080031,0.9726955152461515,0.9669318457608939,0.939010243020398,0.9160742907731678,0.9568980663527894
2012-07-26,0.9991036535083041,0.9493340305629554,0.9813683023634856,0.9750144340400233,0.9460704832805928,0.9226644412740163,0.9654264730526917
2012-07-27,1.0087841956186623,0.9555923946861871,0.987414290317129,0.9805956700214115,0.9513352208976006,0.9276866049242216,0.9711445031972501
2012-07-30,1.020687677028436,0.9631790419035365,0.9948443962311125,0.9874999818367038,0.9580445911525344,0.9341997771247397,0.9780576397598595
2012-07-31,1.010236276935216,0.9564251380075742,0.9884225314289714,0.9815368316145339,0.9519297179504083,0.9281198451872779,0.9723735945433087
2012-08-01,1.0241296475565633,0.9654898130797875,0.9969710002156468,0.9894414027776317,0.9596904793730393,0.9354984090117097,0.98155803840785
2012-08-02,1.0150765479903952,0.9597905517995702,0.9915582327971271,0.9844657264861887,0.9544424809312388,0.9303646656817564,0.9760288089023972
2012-08-03,1.037485210282891,0.9736040624290327,1.005083565100916,0.9969360843058142,0.9671164952710357,0.9422127206728009,0.9874345957104903
2012-08-06,1.0413395001972006,0.975682661455397,1.0071478795881048,0.9987606221609259,0.9693521817309876,0.9443813169246433,0.9896329366495002
2012-08-07,1.0471478254634154,0.9788804009321179,1.0103768721786321,1.0016864084271282,0.9728511392936869,0.9478147246309715,0.9929571762035676
2012-08-08,1.0479903911656132,0.9793451820176511,1.0108493885261172,1.0021183516072423,0.9733665174111475,0.9483230094543893,0.9934446266984651
2012-08-09,1.048994299236317,0.9799034507112235,1.0114286959421344,1.0026594443393926,0.9740051553817961,0.9489576695372103,0.9940477925001889
2012-08-10,1.0482055143236213,0.9794635067902135,1.0109424230518054,1.0021855606385373,0.9734646566599956,0.9484183067380041,0.9934770396593563
2012-08-13,1.0454806209888536,0.9778876989987492,1.0092338428073178,1.000505602781867,0.971566263527909,0.9465449260875558,0.9916708891328883
2012-08-14,1.0513785809042386,0.981323866887812,1.01301148745437,1.0042556906319087,0.9757418070430255,0.9505679639182268,0.9961108021703473
2012-08-15,1.0456778172170276,0.9780146031344812,1.0092780833505346,1.0005021008039328,0.9715640312070192,0.9464785360204234,0.9921055095402594
2012-08-16,1.0459467211645377,0.9781707350041159,1.0094507981596619,1.0006751061230326,0.9717555150688103,0.9466435745487844,0.9922800771066859
2012-08-17,1.0491556416048229,0.9800679381675542,1.011651019983943,1.0029193454863183,0.974141375823084,0.9488903173103321,0.994462537951482
2012-08-20,1.0441361012513037,0.9770859041464501,1.0080903628075515,0.999236715491826,0.970283728727419,0.9452005946477406,0.9909531373190317
2012-08-21,1.0500699150263566,0.9807135108072731,1.0123748311745588,1.0036557830182586,0.9748022480302169,0.9493500544271619,0.9946963530045922
2012-08-22,1.0351367824746374,0.969869458977358,1.0014006147176868,0.9923087750378093,0.9631042487962035,0.9383495898532943,0.9832420031140815
2012-08-23,1.0355670287906535,0.9701334095098817,1.0016792117596565,0.9925490509468342,0.9632917179163615,0.9385435950194237,0.9834372127897857
2012-08-24,1.0355670287906535,0.970133117491979,1.0016679104368595,0.9925327657117807,0.9632799261438142,0.9385321309320352,0.9834276900759436
2012-08-28,1.0354056864221475,0.9700037906508724,1.001536727055392,0.9923981663492957,0.9631597880178068,0.9384157490275636,0.9833024716654842
2012-08-29,1.0296332150156007,0.9658304262145404,0.9971148274926004,0.9879696956343348,0.9591407339624793,0.9345209922498643,0.9798502815475109
2012-08-30,1.0253307518554415,0.9626166869676427,0.9937665951437311,0.9846482929724729,0.9561659532944746,0.9317382937015347,0.9766747720598147
2012-08-31,1.0238965974687217,0.9614901800202045,0.9926180672270286,0.9835099214019779,0.9551595937388445,0.930828198888741,0.9755398296979217
2012-09-03,1.032304327560866,0.968521929819195,0.9994914501185541,0.990369203158915,0.9612029046513163,0.936205268805525,0.9808644811958376
2012-09-04,1.016815460184293,0.9553420191313198,0.9868964627791297,0.9779620033953369,0.9497143785877924,0.9257402776412242,0.9697059886264164
2012-09-05,1.0142877630776992,0.9527625592622714,0.9849694816913863,0.9761755944568704,0.9481346426007907,0.9242591797558987,0.9678190682806599
2012-09-06,1.0356925172994913,0.9743131853324756,1.001456633212998,0.9913614573644292,0.9612852284847139,0.9364093676723141,0.985695163198686
2012-09-07,1.0388297300204408,0.9766817466924296,1.003468652477935,0.9930859791643748,0.9632598221259773,0.9383042906665542,0.9880155006206681
2012-09-10,1.0385428991430967,0.9764541576206874,1.0032649432776817,0.9929001819111616,0.9630600781698878,0.9381077740636026,0.9877973684781098
2012-09-11,1.0383636298447567,0.9763126382028657,1.0031287392504022,0.9927721022107294,0.9629267996337588,0.9379793134597505,0.9876080200321653
2012-09-12,1.0365530099315232,0.9748867972866844,1.001813387421619,0.9915635817009636,0.9616467647764866,0.9367380743293723,0.9861471106811841
2012-09-13,1.0433293894087738,0.9802311620302155,1.0068310472752677,0.9962100195866761,0.9665176940528369,0.9413796638297113,0.9915293802983266
2012-09-14,1.0604854612599088,0.9936784610470757,1.0196823378456854,1.0081991937888353,0.9792250754307892,0.9537063052822263,1.0038630989612138
2012-09-17,1.0565236097665955,0.990816354815318,1.016930334565632,1.0057153149221096,0.9761999943123316,0.9506025676224052,1.000688030752591
2012-09-18,1.0519880965185944,0.9875978561718624,1.0137241391491953,1.0027992834880952,0.9727226903883939,0.9471788721747221,0.9971066561492894
2012-09-19,1.0556272632748958,0.9901665935537788,1.0163433483863198,1.0051880342831823,0.9754865622266227,0.9497944677689256,0.9996726468575222
2012-09-20,1.049550034061171,0.9858500054401667,1.011835320402747,1.0010171418574159,0.9707342383300198,0.9452044217981442,0.9953383338781253
2012-09-21,1.049191495464491,0.9855948178591146,1.0115594702921316,1.0007622674983592,0.970451095389221,0.9449268327403144,0.9949997184478345
2012-09-24,1.0467175791473995,0.983655537708623,1.0096266772807339,0.9989513486393475,0.9685055455756494,0.9431141960403923,0.9932682280790581
2012-09-25,1.050464307482705,0.9865327982630351,1.0126076155017132,1.0017539695923947,0.9714785136717486,0.9458310678438309,0.9960292737327839
2012-09-26,1.034043239754764,0.9739677531923371,0.9991725478384587,0.9890139903571235,0.9580978885130713,0.9334077069739859,0.9836201203769179
2012-09-27,1.0360689828260055,0.9753407011606883,1.0006432365201534,0.9902928325508324,0.9592396629150647,0.9345553251802452,0.9851797923910746
2012-09-28,1.0293822379979247,0.9706384097736992,0.995505481944181,0.985666866651115,0.9549724734761207,0.9303361258403062,0.9804133568351522
2012-10-01,1.0434369509877781,0.9804399922669407,1.00640061105227,0.9954534579935383,0.9638577659082982,0.9387277799736735,0.9897445004027866
2012-10-02,1.0414649887060385,0.9791222331758019,1.0049366987548534,0.9941551452289815,0.9625612789185714,0.9374512491550695,0.9886159009002587
2012-10-03,1.0443870782689801,0.9810727331398278,1.007126454322222,0.9961082789496987,0.9645127501078448,0.9393260530731359,0.990354094867318
2012-10-04,1.0447456168656601,0.981302534565159,1.0073929713382923,0.9963449756600169,0.964749676775569,0.9395519388093254,0.990571303580192
2012-10-05,1.0524900505539467,0.986982201563975,1.0135577168843009,1.001986127970989,0.9702677701297063,0.9448938563475375,0.9951245594387503
2012-10-08,1.0472374601125856,0.982411002722826,1.0093650960991138,0.9981448155771929,0.9664013933134972,0.9410560381322862,0.9915771606216722
2012-10-09,1.0416084041447107,0.977637936559552,1.0047831691599234,0.9939510569312066,0.9622876997290757,0.9371268008431064,0.9872416502686453
2012-10-10,1.0355849557204877,0.9726080215350329,0.9998056368067159,0.989410030240679,0.957924971908748,0.9331126360100417,0.9830630039423192
2012-10-11,1.04510415546234,0.980414274834042,1.0077547554565103,0.9966291268783924,0.9647141603699091,0.9391227542057953,0.9896994964766913
2012-10-12,1.038560826072931,0.9752247787573529,1.0023792631628936,0.9917807427732153,0.9599032253449349,0.9347327321784167,0.985605701553638
2012-10-15,1.0407658384425127,0.9769706242507724,1.0042017193394457,0.9934172189106071,0.9614750447816844,0.9361081335927413,0.9870946273470609
2012-10-16,1.0524004159047766,0.9875306102964767,1.0140979522636673,1.0023735919871615,0.9700481685431485,0.9437399505011475,0.9940188900575034
2012-10-17,1.059642895557711,0.9936631990111484,1.0199921429020173,1.0076195902399878,0.9755191968043052,0.9487642874372446,0.998432622649224
2012-10-18,1.060754365207419,0.9945897048021607,1.02090063524212,1.0084257556878065,0.9763679365570144,0.949560480901315,0.9991732356073039
2012-10-19,1.0570076368721135,0.9914289929316863,1.0177242959528616,1.005581876940451,0.9734003714881007,0.946696276914644,0.9963097632282651
2012-10-22,1.054623355204192,0.989390172395871,1.0156527778987172,1.0037258857676874,0.9715085511337509,0.9449167029399602,0.994519065670607
2012-10-23,1.0393854648452947,0.9764298074638177,1.002095896648113,0.991543060556279,0.9592359852701691,0.9336311491582278,0.9842291558150964
2012-10-24,1.0406224230038406,0.9773458461058762,1.0030528316124168,0.9923394927643797,0.9599256314849477,0.9343103758875203,0.9850747165138317
2012-10-25,1.0406762037933426,0.9773853767158285,1.0030847449179274,0.9923628745459704,0.9599494933281013,0.9343319674605541,0.9850997545125515
2012-10-26,1.0409630346706864,0.9775853876384033,1.003317427336889,0.9925622667355145,0.9601316310974175,0.9345073273375869,0.9852748762337026
2012-10-29,1.038883510809943,0.9757597650285469,1.001461846224872,0.9909274963129409,0.9586753266490817,0.9330916967687377,0.9833499101076917
2012-10-30,1.048707468358973,0.9845721129295381,1.0103988874472118,0.9988132622500712,0.9656696271963129,0.9397659770118797,0.9905149893177431
2012-10-31,1.0366605715105273,0.9731030843869628,0.9997287499373329,0.989500842262798,0.9568420738913118,0.9311025769723432,0.9803977971427833
2012-11-01,1.0508586999390526,0.9855430320180125,1.0116367185304351,0.9996007164769656,0.965936648283671,0.9398629106733535,0.9932725268031376
2012-11-02,1.0520598042379306,0.986468504165964,1.0125450937257288,1.000358833726119,0.9667212287815818,0.9406334818051181,0.9943022748776524
2012-11-05,1.0467713599369015,0.9822228166579712,1.008274142097171,0.9967239151580979,0.9630949492635109,0.937002088977547,0.9899888256143018
2012-11-06,1.054981893800872,0.9889011714746216,1.0149959716027084,1.002462314859698,0.9687177258939413,0.942390318734235,0.9959787454238938
2012-11-07,1.0382560682657531,0.9755116733008754,1.001349206903675,0.9907684468378367,0.9569250043753922,0.9307969526519759,0.9839202380606021
2012-11-08,1.0354773941414837,0.9734477333836079,0.9992500403174093,0.9890138535614076,0.9552838030194747,0.9291622820362876,0.9819792136354913
2012-11-09,1.0343300706321077,0.9725985195839911,0.9983647563129158,0.9882651278261596,0.9546059094698034,0.9285091662939104,0.9810002543870008
2012-11-12,1.033899824316092,0.9722564496621526,0.9980144841632748,0.9879622888973413,0.9543351851077032,0.9282510765725153,0.9806501958264555
2012-11-13,1.0373059409845513,0.9748897121576465,1.0007626805512915,0.9903285500264478,0.9564548928945785,0.9302921382278115,0.9831693515622215
2012-11-14,1.0257789251012914,0.9659880211191395,0.9911787239257865,0.9819724689383914,0.9489911447408447,0.9230406332926473,0.9765421678634119
2012-11-15,1.0178552221146648,0.9597742151830438,0.9848202029175817,0.9765298032822315,0.9442555374049114,0.9185636254828108,0.9712772309806973
2012-11-16,1.004911978774519,0.9494651563638544,0.974458164122659,0.9677434712339236,0.9367016191560646,0.9117590582970482,0.9620508220058017
2012-11-19,1.0285934530852288,0.9675384842012765,0.9924756372008019,0.9827725103631171,0.9493395907140874,0.9229366732939218,0.9781990851260342
2012-11-20,1.0304578537879645,0.9686136531675827,0.9935850254698552,0.9836694525415846,0.9503553226974361,0.9238637094100232,0.9794455359118732
2012-11-21,1.0311570040514904,0.969042724693969,0.9940288663174882,0.9840328686570401,0.9507439360075743,0.9242229231377215,0.9799388117612506
2012-11-22,1.038148506686749,0.9735585072021966,0.9986957032586024,0.9879752729107826,0.9548774738088673,0.9280654886059342,0.9850975951920325
2012-11-23,1.0431859739701024,0.9767682712185012,1.0020999414007183,0.9908906026382478,0.957953107452038,0.9309664382775018,0.9885679298242427
2012-11-26,1.0373776487038873,0.9730905045267719,0.9980811366486624,0.9873884176256985,0.9542650215607649,0.9274338997719336,0.98450811796541
2012-11-27,1.0397081495823068,0.9745521206261905,0.9997159849513849,0.9888201445417839,0.9557443078556936,0.9287825840711319,0.9862005712889301
2012-11-28,1.0403535190563307,0.9749570459164483,1.000172834244804,0.98922196101194,0.956156439801223,0.9291621292452792,0.9866601093348497
2012-11-29,1.0523645620451083,0.9826876135349935,1.0091326852739153,0.9972924052855813,0.9642704838879997,0.9367201559764471,0.9945516550593873
2012-11-30,1.0517371195009184,0.9822826742196535,1.0086673925824756,0.9968739731636037,0.963823618174443,0.9362793429980738,0.9941315570257117
2012-12-03,1.0525259044136142,0.9828002120631784,1.009244143413318,0.997391013984891,0.9643771002557555,0.9368113951748392,0.994662300515096
2012-12-04,1.0521315119572663,0.982531774568786,1.0089284833307852,0.997098636828156,0.964077044922539,0.9365187030659071,0.994321145778723
2012-12-05,1.0562726327489196,0.9853718426228882,1.0122019155130868,1.0001126356264902,0.9671878496192038,0.9395314303898694,0.9975043924078436
2012-12-06,1.0579398372234812,0.9865274490043261,1.013544551498904,1.0013549400390338,0.9684645110245444,0.9407836002391013,0.9988629718977279
2012-12-07,1.0602703381019007,0.9882888328179545,1.015477951070675,1.0031560916699678,0.9702944983699303,0.9426054537320354,1.0005066195265382
2012-12-10,1.0615610770499486,0.9892896634980938,1.0165735763531831,1.0041808651326407,0.9713259885813114,0.9436442389165088,1.0015384802622822
2012-12-11,1.0621705926643044,0.9897633533971583,1.017098871851492,1.0046732515606016,0.9718185890613636,0.944144127327979,1.0019069331950048
2012-12-12,1.0659173209996096,0.9926833001974533,1.0205016609075315,1.0078743327494344,0.9749501082314189,0.9473874471747646,1.0046768627459055
2012-12-13,1.0629952314366682,0.9904078039876191,1.0177668753500213,1.0053099490729942,0.9724509618415813,0.9447269926631118,1.0025198770615051
2012-12-14,1.0615969309096163,0.9892141856564101,1.0164173330810369,1.004058175323642,0.9712539846777271,0.9434833436639779,1.0014886340906861
2012-12-17,1.0598759456455527,0.9876974383655014,1.0147073873593853,1.0024478256477294,0.9697261631169015,0.9418825901041876,1.0002130331284234
2012-12-18,1.06412462801621,0.9918521903123281,1.018997613056914,1.0064489533061978,0.9734995853202467,0.9457771027086248,1.002902835860826
2012-12-19,1.0687318489835473,0.9980783481726926,1.0237370245115995,1.0108276430911105,0.977649863610046,0.9501620318105739,1.006259709851171
2012-12-20,1.0681402602990253,0.9972496297374646,1.0231109167510015,1.010261283291758,0.9771022531528282,0.9495491416481544,1.0058251116837165
2012-12-21,1.064859632139404,0.9926552819643928,1.0195575670598793,1.0070464268200716,0.9740603330828247,0.9462030790462453,1.0035542602137848
2012-12-24,1.0674052561758314,0.9962148034300227,1.0223471273878655,1.0095388397765734,0.9763899670333184,0.9486643380763654,1.0051531729362306
2012-12-27,1.0674231831056653,0.9962399003734431,1.0223525395283637,1.009547987817107,0.9764006010112712,0.9486631992858967,1.00513792472128
2012-12-28,1.06224230038364,0.9889868228192067,1.0163014486721067,1.0042688424890314,0.971532244879999,0.9432573530585047,1.0011339268566197
2012-12-31,1.0572944677494571,0.982076900372669,1.0105240354511569,0.9993532099804248,0.9670585249802666,0.9384929856689385,0.9973819354988824
2013-01-02,1.0805277688143167,1.0144475723914637,1.037760522612535,1.0219336769137763,0.9873190855325359,0.9590942335176121,1.0176626068882881
2013-01-03,1.084095227851282,1.0181794481729034,1.040533322934321,1.024062916079311,0.9904721009461743,0.9625285650410915,1.0203250421076437
2013-01-04,1.0917141730307307,1.0265156186930606,1.0469982252302987,1.0291679766328068,0.9973155649552701,0.9702431957293394,1.026551142483718
2013-01-07,1.0871965867125637,1.0216696179527651,1.0431574613150147,1.0260949116905669,0.9931911984028093,0.9653808602468827,1.022742363585198
2013-01-08,1.0852246244308241,1.0195971404193598,1.0414367013886217,1.0247065610120023,0.9914243759197243,0.963379430892658,1.021253877344016
2013-01-09,1.0933096697859566,1.028007693184663,1.0486454231146902,1.0305647318138882,0.998673937702088,0.9713288039047873,1.0277284923619379
2013-01-10,1.0938116238213085,1.0285012809486693,1.0490879384003675,1.030928666641812,0.9991236361736111,0.971820696247539,1.0281266860080644
2013-01-11,1.0974149367179418,1.0321514417973519,1.0523704150114355,1.0336332515152753,1.0024366565517266,0.9756538799070069,1.0317919298153584
2013-01-14,1.0949589473306842,1.0296669077584917,1.0500589396108315,1.0317078320313937,1.0001415857373195,0.9729023107602834,1.0295956419305734
2013-01-15,1.09664407873508,1.0313490930609586,1.0516662064171662,1.0330472091691167,1.0017113350351163,0.9747051093277415,1.0312111715531453
2013-01-16,1.0942597970671584,1.028951883111017,1.049289083125326,1.0310522611017514,0.9994604907036811,0.9720265291711084,1.028488468109579
2013-01-17,1.0993510451400135,1.034080551564847,1.0544540898199257,1.0353783707814916,1.0042501634707668,0.977536746714068,1.0336607093207233
2013-01-18,1.1032949697034926,1.0380506345732903,1.0585086727502189,1.0387521440726617,1.0080222752468566,0.9820351229913238,1.037341451065722
2013-01-21,1.1080635330393358,1.042878872916529,1.0635044735899561,1.042903358364325,1.0126342101383141,0.9877222489825132,1.0420449928806008
2013-01-22,1.1077408483023239,1.0425515734807977,1.0631531708665969,1.0426130705266028,1.0123143717413128,0.9872883231445944,1.0416895101489183
2013-01-23,1.1110394033917794,1.04589507551229,1.066755817521803,1.0455912344959843,1.0155568584882158,0.9914859836711136,1.0449292597118598
2013-01-24,1.123104227170059,1.0581649723083009,1.0802834380088877,1.0567262077248494,1.0275152010790556,1.0074673747829082,1.055120377787627
2013-01-25,1.1266179054175227,1.0616083924625368,1.0838684074914218,1.0595998389974626,1.0310210830431805,1.0121886134171245,1.0583322640673969
2013-01-28,1.1283926714710883,1.06335671353393,1.0857327949164373,1.061101625218303,1.0328013001402419,1.0145803710604124,1.060216879739714
2013-01-29,1.1364239360367188,1.0712981557209182,1.0944580219019577,1.0681390879324126,1.0409129327556899,1.0254121899685307,1.0695866820631086
2013-01-30,1.1335377003334455,1.0683344728526603,1.091359191622242,1.065652997089024,1.0379779723866904,1.0215057499780367,1.0668646966153594
2013-01-31,1.1252554587501389,1.0596815023137738,1.082266437419137,1.0584033206004717,1.02966861841936,1.0103102369427408,1.0596299223747274
2013-02-01,1.1378580904234386,1.076618934170624,1.0957488549269423,1.0689444907794385,1.040779762212771,1.0253906943298203,1.0708001439571506
2013-02-04,1.119859452870106,1.054217998959361,1.0778799514761035,1.0550609949283178,1.0245584205498142,1.0019810115531513,1.0543066561332497
2013-02-05,1.1263131476103447,1.0603302121074651,1.0833079681040279,1.0591600679241706,1.0284455453753734,1.0070423940310675,1.0595748565138916
2013-02-06,1.1285540138395942,1.062518116598382,1.0852330073065206,1.0606337670226336,1.0298841367541427,1.0089585670251353,1.0612815083549072
2013-02-07,1.1165608977806503,1.050673411395321,1.0745937887792114,1.0523386908060683,1.0218370107333214,0.9981604356508371,1.0527475498904006
2013-02-08,1.122924957871719,1.0564815617152787,1.0799872996800637,1.0565131838475192,1.0256885070524515,1.0028114254270903,1.0584424298863206
2013-02-11,1.1252913126098067,1.0586227522262972,1.0820159270704874,1.0580999259499742,1.0271717688532906,1.0046391613016212,1.060637913393143
2013-02-12,1.1362805205980466,1.0686136176503602,1.0917145375770023,1.0658052552397155,1.034351836691642,1.0135510652335102,1.0702411964071812
2013-02-13,1.139991395073684,1.0718685237217642,1.0948820219754896,1.0683337871841623,1.036844677020053,1.0167233300064724,1.0734848623179134
2013-02-14,1.1343085583163068,1.0668661358553198,1.0898796709189305,1.0642907344552037,1.0328723342449397,1.0115925630071505,1.068512915314531
2013-02-15,1.134469900684813,1.0669977307385283,1.0900162345814082,1.0644006442939338,1.0329834907168556,1.011692726673848,1.0685849216403718
2013-02-18,1.1326592807715792,1.0654217623334075,1.0883359301309508,1.0630009281533903,1.031672766330332,1.0101957972224502,1.0672249542133028
2013-02-19,1.1435767810404833,1.0748930285671738,1.0986530939765615,1.0715847413853545,1.0396971458690103,1.0191878549673472,1.0753023331763494
2013-02-20,1.1464988706034247,1.0773351270360565,1.1013007902497507,1.0737740488261924,1.0418930576607655,1.0217008146135012,1.0774718993502057
2013-02-21,1.127872790505902,1.061657425136025,1.0838380801975835,1.0591850919490466,1.0274347501767993,1.0048735995172187,1.0639961286629154
2013-02-22,1.1357964934925286,1.0674383115194326,1.090217736286079,1.0642226270731603,1.0318813774849556,1.0099664281039733,1.0704240284448945
2013-02-25,1.139328098669826,1.0700924244060106,1.09309716885417,1.0665317517646156,1.0339759327338678,1.0123937886322418,1.0730783443101148
2013-02-26,1.1240902083109288,1.0586018550730487,1.0803409882899435,1.0561186606053878,1.0245327959417503,1.0013656731960103,1.0618028736521565
2013-02-27,1.134039654368797,1.065589614854036,1.0880882639241647,1.0622977381240135,1.0298961650642977,1.007249798253282,1.069141455058997
2013-02-28,1.140296152880862,1.0699453316211611,1.092925094361556,1.0662079583650612,1.0334121919291614,1.011173438454613,1.0736615982882927
2013-03-01,1.1434871463913134,1.072145668198239,1.0954226950467192,1.0682511547744415,1.0352675115193923,1.0132628843153466,1.0763866332602214
2013-03-04,1.1375712595460945,1.067974781992602,1.0906441076988427,1.0642643312280364,1.0316601780601948,1.009170798699616,1.0721825139516465
2013-03-05,1.1530601269226675,1.0792200231650402,1.103326011009877,1.0748718295773698,1.0411591774850752,1.0193467331294113,1.085778767498332
2013-03-06,1.1522713420099717,1.0786037632407166,1.1026922092809293,1.074343677166522,1.040646512494013,1.0187721743598972,1.0850943489523015
2013-03-07,1.1543508658707153,1.0801867703144594,1.104319390803769,1.0757054748717647,1.0419971549801357,1.0202499840767139,1.086627599743124
2013-03-08,1.16231042271701,1.0862561080630493,1.1107704391190723,1.0811983329760935,1.0473773930194463,1.026157064615457,1.093028461716455
2013-03-11,1.1658958086838094,1.0891102157291315,1.1136898165291844,1.083700136277509,1.0498684138645789,1.0289346826278813,1.0962289113895274
2013-03-12,1.1671506937721892,1.0901203971959383,1.1147259333650776,1.084594625370869,1.0507585631761946,1.029935821649775,1.0973813987039298
2013-03-13,1.161933957190496,1.0859101591919713,1.1102197842449357,1.0806375839071738,1.0468850324094137,1.0255251141709654,1.0919210725603967
2013-03-14,1.1705209565809804,1.0929523423595364,1.117740866161199,1.0872166207972571,1.0532162334722388,1.0323330917963356,1.0983538497241612
2013-03-15,1.1634039654368837,1.0872010542976183,1.1115293229385954,1.0817942214495482,1.04781642187101,1.0263618088460764,1.0922316008516761
2013-03-18,1.1577032017496727,1.0826254128120452,1.10651690871662,1.0774631750284442,1.0436232084127985,1.021955071189883,1.0879819128504074
2013-03-19,1.1547273313972293,1.0802674975257898,1.1038545359754202,1.0751883450619857,1.041461033189296,1.019778198260787,1.0859849654958134
2013-03-20,1.1531856154315054,1.079051290628365,1.102428514073024,1.073965767748642,1.040316355863224,1.0186691153923175,1.0849348422197587
2013-03-21,1.145279839374713,1.0725806628201893,1.0949525208978768,1.0675449487916187,1.0343352276481383,1.012927408490064,1.0787369589920837
2013-03-22,1.1460327704277409,1.0731736956726234,1.0956570282800113,1.0681329601495269,1.0348607341774623,1.0134002758685334,1.0791552055795994
2013-03-25,1.1434512925316453,1.0707022866762952,1.093140611641116,1.0659958626944566,1.0329315269309804,1.0115908455084561,1.0773692482402755
2013-03-26,1.1472159477967847,1.0742632284314648,1.0968696844281942,1.0691544027349036,1.0357721341502582,1.014206054435647,1.0794347963445579
2013-03-27,1.1451005700763732,1.0722567629656319,1.0947071569145062,1.0673209256942706,1.0341214853591845,1.012658966950463,1.077819245506771
2013-03-28,1.1494209601663663,1.0768984091738911,1.099205385558639,1.0711190608504408,1.0375228510261987,1.0157938846332228,1.0810396014229986
2013-04-02,1.1635832347352237,1.0931634860179056,1.1142600812458086,1.083800221052426,1.0489353033623516,1.02648413392537,1.090942446260457
2013-04-03,1.1509626761320901,1.0798471589272292,1.1020329108718323,1.0737192231683126,1.0385437872166323,1.016347180741416,1.0820374401931103
2013-04-04,1.1373023555985846,1.0667271213908023,1.0895708155170911,1.0636808307087293,1.0289083831092412,1.0070141247787987,1.0707082855137597
2013-04-05,1.1203972607651258,1.0516414749597727,1.0750890657878633,1.0521981664714348,1.0184860692168314,0.997060223680107,1.0588508063691766
2013-04-08,1.1252554587501387,1.0559635298127603,1.0788267386420727,1.0551174979201656,1.020993193102589,0.9994467163997054,1.061740257828268
2013-04-09,1.1317629342798796,1.0616455507373124,1.0839860618718138,1.059210458592409,1.0245383513378556,1.0028498288218306,1.066525380185616
2013-04-10,1.1450647162167051,1.0730270674340836,1.0946720322975338,1.0678066036706548,1.0320640311839244,1.0101581900172323,1.0781570188738292
2013-04-11,1.1502097450790625,1.0771965486883408,1.0986156667722675,1.0710008602722743,1.035064571590935,1.0131295023604834,1.0820746420424605
2013-04-12,1.1445269083216854,1.0725929397992344,1.094143315637547,1.0673272977815313,1.0316082063797378,1.0096605582929186,1.0777973247181034
2013-04-15,1.1372127209494147,1.0667026966672801,1.0882827462765017,1.0624896482652233,1.027121859605999,1.0053356665952455,1.0714359818466077
2013-04-16,1.130221218314156,1.0611110970962516,1.0826321516782593,1.0578186785929327,1.022857221467838,1.0013811132947676,1.0659247408096981
2013-04-17,1.119393352694422,1.0522214325605561,1.0737894816672613,1.0504963962642986,1.0162662911748372,0.9954933619155102,1.0571103471232137
2013-04-18,1.1193037180452519,1.0521400925521218,1.073708436168203,1.0504265414627676,1.016196800714168,0.9954252605619175,1.056917242486544
2013-04-19,1.1269943709440366,1.0583468213791003,1.0800471131952216,1.0556750687136158,1.0207999672142873,0.9994572729502045,1.0620707115334602
2013-04-22,1.1259187551539969,1.057491530591056,1.0791544149967012,1.0549272453101868,1.0201209065153127,0.998848274690525,1.0613445194474351
2013-04-23,1.1484170520956627,1.0751039703150482,1.0983534534809154,1.0710834019587236,1.0345307453539634,1.0116129836273193,1.0752285800454897
2013-04-24,1.1530242730629998,1.0781685254949218,1.1015827370117923,1.0737014756095067,1.0375519255726962,1.0143775217406459,1.0777225454941834
2013-04-25,1.1549603814850715,1.07947161352101,1.1029941643462586,1.074863565060392,1.0388534534874723,1.015584915446149,1.0792022049607732
2013-04-26,1.1520562188519639,1.0775111066672558,1.1007862178244385,1.0730051460095675,1.0368129634732195,1.0136630994294131,1.0767656965029948
2013-04-29,1.1577211286795068,1.0813372676987894,1.105178751753811,1.0767262549700007,1.0408432459430215,1.0173785000183637,1.0809802564733013
2013-04-30,1.1527195152558218,1.0779789838340865,1.1012133010909082,1.073326245151962,1.0371718197550095,1.0139348471006286,1.0772768105982162
2013-05-01,1.156520024380629,1.0805229675298258,1.1042757419395266,1.0759573319042688,1.0399512322852735,1.0164444118030114,1.0801495469415812
2013-05-02,1.1582051557850246,1.081686553445025,1.1056595431521463,1.0771538414043837,1.0412042518699476,1.017592847891297,1.0813061017392913
2013-05-03,1.1691047291240948,1.0896527184370937,1.1149411427639384,1.0852674714618409,1.0495693741246257,1.0253921123060674,1.088761759958743
2013-05-07,1.1755225700046656,1.0944998666074415,1.1202769421974033,1.0898931449556801,1.0545983981856988,1.0302110359312286,1.0939632556275733
2013-05-08,1.1802194256211729,1.0984733755026233,1.1242315808662628,1.0933363077522282,1.0583541312731939,1.0338907881512287,1.0972783684652847
2013-05-09,1.1818687031659005,1.0998897768879026,1.1256407816646203,1.0945682022091965,1.0596931834934273,1.0352235022106273,1.098478811713704
2013-05-10,1.1876591015022815,1.104893183822459,1.130759405063415,1.0990752724984922,1.0645084027508698,1.040113561562459,1.1029312317911055
2013-05-13,1.1888781327309934,1.1059743536571234,1.13184798211293,1.1000344504779502,1.0655329137212457,1.0411686837624117,1.1039846348604951
2013-05-14,1.1986124556308535,1.1148538566040092,1.1408535365240358,1.1079962485881527,1.0739103578045928,1.0500177499819603,1.1141431310487906
2013-05-15,1.1999569753684032,1.1160835650208383,1.14206841301762,1.1090522053457874,1.0750779817355265,1.0512768897057903,1.1151294395997837
2013-05-16,1.1989172134380313,1.1150558905039856,1.1410760856118194,1.1081813354455563,1.0741488678281428,1.0502345610486759,1.1138908856023892
2013-05-17,1.2052454196694322,1.121405330129088,1.1471799234701148,1.1135253540654533,1.079816444571429,1.056513608900443,1.1211953237177987
2013-05-20,1.211071671865481,1.1280353474441562,1.152858737770935,1.1184740503252155,1.0850963294552889,1.0625189305893503,1.1255163367029266
2013-05-21,1.2197303789753013,1.1381425151215518,1.1613988415941996,1.1260425167061723,1.0932142809074146,1.07206956526732,1.1340129570979172
2013-05-22,1.2262557814348762,1.1457649026256436,1.1677637412040032,1.1316228958141548,1.0994087539767392,1.0796261958011653,1.1405892120306182
2013-05-23,1.2005306371230908,1.1149874683943082,1.1424501900223478,1.1094809940620052,1.0747104512267087,1.0483665326092562,1.1204862419158403
2013-05-24,1.1929116919436422,1.1077645107635357,1.1365131419735413,1.1047436198134515,1.0704091716701005,1.0428836844426383,1.1149677290404845
2013-05-28,1.2122189953748568,1.124976695706433,1.151388898965117,1.116576198599876,1.0807516711956278,1.0551454314161854,1.1285113988369506
2013-05-29,1.1880534939586294,1.1054962891119542,1.1343639745527523,1.1030471353683131,1.0673433337638836,1.0387841383125889,1.1142046022486152
2013-05-30,1.1933957190491604,1.1090047210711702,1.1376577715241074,1.1056077688977903,1.0696185441035957,1.04141842539361,1.1175694897596302
2013-05-31,1.180147717901837,1.1001097550447554,1.1291730599516925,1.098840056321005,1.0635332241946085,1.0342938402707789,1.1089306209326841
2013-06-03,1.1697500985981188,1.0933598784759333,1.1225733504174038,1.0935500162494611,1.058871273888833,1.029186010785292,1.1023857104141055
2013-06-04,1.1757556200925077,1.0971504870563769,1.1264077911617907,1.0966537870303088,1.0615706807470109,1.031952099132516,1.1065750997368933
2013-06-05,1.1507834068337501,1.0814600486295687,1.1101272352581868,1.083189823968594,1.049847650038059,1.0197824024194853,1.086916742442928
2013-06-06,1.135868201211865,1.0728565863832207,1.101375523638763,1.0761485327494142,1.0439615257200434,1.0137238308623213,1.076202491021624
2013-06-07,1.1494747409558685,1.0805352580631764,1.1092232257917543,1.0824984703781708,1.049196701524812,1.0188412671484801,1.0882995507275923
2013-06-10,1.1474131440249589,1.0794029729523824,1.1080457786610398,1.0815300218160042,1.0483586725912861,1.0180056126260515,1.0867536560000857
2013-06-11,1.136585278405225,1.0734962862924209,1.101672519526613,1.0761695775758184,1.0437962921756998,1.0135355373618096,1.0779731951248068
2013-06-12,1.1293069448926223,1.0695224835417985,1.097356782734408,1.072510804018183,1.040715074030778,1.0106345326049735,1.0736150477440936
2013-06-13,1.1302212183141562,1.0700217978984323,1.0979039750220938,1.072977073325971,1.0411071925616158,1.0109934912129974,1.0741696663372555
2013-06-14,1.130884514718014,1.0703854372066872,1.0983072766139743,1.073324637886584,1.0413979820567119,1.01125734170453,1.0745259716119733
2013-06-17,1.1348642931411612,1.0726103256350021,1.100857280551386,1.0755999574079855,1.0432831842903112,1.0129812459078873,1.0774676609745402
2013-06-18,1.1426983614786177,1.0769481062367698,1.10601850866471,1.0802950950949777,1.0471669380164916,1.0165590417441868,1.0825452700459082
2013-06-19,1.1381449213007826,1.074445761618087,1.102973238494687,1.0774860962924266,1.044797897542436,1.0143480817802,1.0797654923091666
2013-06-20,1.1042092431250268,1.055548958262763,1.0797070941925653,1.056030624732298,1.026693242213636,0.9978068821678392,1.055960043935194
2013-06-21,1.0964468825069063,1.051606696243222,1.0754236040743108,1.052401949897397,1.0237647519369597,0.9948206320293224,1.0514604419930245
2013-06-24,1.080832526621495,1.0435655671955641,1.0667813302566684,1.0450314160222414,1.017868074721415,0.9889593049804433,1.0430389863096994
2013-06-25,1.0938833315406447,1.050540574487374,1.0739023680467834,1.051112576096228,1.0227097538596315,0.9935811850832749,1.0491886422341483
2013-06-26,1.1052848589150668,1.0563000082612026,1.080073694791547,1.0564465949365158,1.0271028603755687,0.9978265572767067,1.0558434221987314
2013-06-27,1.11924993725575,1.063585502436113,1.0876373125078196,1.0630720990251326,1.0327029306555513,1.0032925595753228,1.063062503054689
2013-06-28,1.114248323832065,1.0609812289034186,1.0849585943187372,1.060704398369313,1.0306061617398166,1.001219853570216,1.060443343675966
2013-07-01,1.1307948800688439,1.0697000811124457,1.0940582044513774,1.0688745317620418,1.0377636401292203,1.0081026654623548,1.0703588276429852
2013-07-02,1.1300957298053178,1.0693368754632635,1.0936774228985717,1.0685326331232636,1.0374391081753498,1.007783662961251,1.0699477527265375
2013-07-03,1.1168298017281602,1.062617985647622,1.0863462340721253,1.0618166713694583,1.0312157128883044,1.0017425923304313,1.062389576778506
2013-07-04,1.1512136531497659,1.0799830452599257,1.1053375162840022,1.0791468472830819,1.046871597934323,1.0163827670030563,1.0764990665981802
2013-07-05,1.1429314115664593,1.0762036734444982,1.1014574485124453,1.0757656262517343,1.042983664611004,1.012647690959692,1.0728506815022898
2013-07-08,1.156304901222621,1.0823926428377622,1.107796920655707,1.0813560922042644,1.0493349287253906,1.0185153825017854,1.0795624247858417
2013-07-09,1.1675988670180388,1.0875972133932976,1.1131504628433355,1.0861406081157636,1.054883857577751,1.0237036477219599,1.0854459314467042
2013-07-10,1.1661467857014851,1.0869359931876916,1.11245308796535,1.0855036236878892,1.054131337544341,1.0229890004273188,1.0847474908012085
2013-07-11,1.1730307267577398,1.0901036549099736,1.1158382405784395,1.0886332520786983,1.057769325984248,1.0264039756954322,1.0884965693087083
2013-07-12,1.1732996307052497,1.0902261922025935,1.1159667139157592,1.0887496135127042,1.0579050565141868,1.0265298652341621,1.0886166586963417
2013-07-15,1.1806855257968565,1.0936412216711353,1.1197912282226448,1.092414984112297,1.0621007472858413,1.030513599961925,1.0929096589252438
2013-07-16,1.1753612276361594,1.0911929490902912,1.116968604349524,1.0896638871586242,1.0589533898948893,1.0274917606202967,1.0897953076622038
2013-07-17,1.178139901760429,1.0924641397287658,1.118471557504527,1.091139664972685,1.0606119583915583,1.0290321465644452,1.0915376102149446
2013-07-18,1.189344232906677,1.0976108609168334,1.124731042162756,1.097393574000357,1.0675323388480593,1.035506937526592,1.0980660784865588
2013-07-19,1.1886809365028193,1.0973076805669633,1.124356769693512,1.0970187706083456,1.0670942811649733,1.035084313993853,1.0976819709146277
2013-07-22,1.1873364167652696,1.096497539687356,1.1235682457282588,1.0962152788258859,1.0661955173229845,1.0342302508427046,1.09678759070692
2013-07-23,1.1827112688680983,1.0938546534165698,1.1207967784648576,1.093372043319678,1.063046329447263,1.0312604791424553,1.093624541364007
2013-07-24,1.1868344627299174,1.096355478506532,1.1233172895524253,1.0959630951586936,1.0658682856271282,1.0338456214286411,1.0961439919685831
2013-07-25,1.1810261374637026,1.0927327871463959,1.1196510448301351,1.0921566527772903,1.0617684854366536,1.0300325014540017,1.0922595792777
2013-07-26,1.1750743967588155,1.0890441092359482,1.1158046413906895,1.0881781822598198,1.0575954460141246,1.0262587817289404,1.0885326325812572
2013-07-29,1.1760603778996854,1.0896583222841427,1.116447072118944,1.0888415678111452,1.0582797807658322,1.0268490310389573,1.088869327809409
2013-07-30,1.177978559391923,1.0908712861231764,1.1177399529896004,1.090179897849212,1.0596413952852242,1.0280525933656115,1.0898633425495916
2013-07-31,1.1869599512387554,1.096833852327732,1.124020083084243,1.0967275229773397,1.0662207769893364,1.0339547421997268,1.0951425235246113
2013-08-01,1.1978774515076593,1.10403410811239,1.1316988812488586,1.1046578075340399,1.0744032416069489,1.041441534383761,1.0997272100894184
2013-08-02,1.1917643684342663,1.0997408078356627,1.1274270338317272,1.1003096995910204,1.0697084245976958,1.037031732573546,1.0968337651158062
2013-08-05,1.1866910472912453,1.0944452343753348,1.1238004468226026,1.0966583919990396,1.06588254567002,1.0335366394823566,1.0935957857531469
2013-08-06,1.1839303000968096,1.0915473580888637,1.121774442702206,1.0946306365004137,1.0638122524589106,1.03168859667521,1.0921867229145195
2013-08-07,1.1672582553511925,1.072729705443906,1.1092290419587396,1.0820705624406868,1.0511347858477964,1.0205883036808403,1.0821175173127953
2013-08-08,1.170574737370482,1.075988831400937,1.1115534356563406,1.0842264039671448,1.0530752530138061,1.0223885278006137,1.084067641446152
2013-08-09,1.1802014986913383,1.085607289385391,1.118549412223488,1.0908440745334953,1.0591415535590838,1.0280052069628727,1.089450953869311
2013-08-12,1.1785701480764448,1.0839992534894858,1.1173638778134969,1.0897249489277279,1.0580691809617633,1.0269913810723466,1.0885868427191812
2013-08-13,1.1853106736940275,1.090574185691075,1.1223999066205665,1.0944935554274942,1.0625650341626718,1.0311829269955817,1.0936141105268062
2013-08-14,1.1809185758846983,1.086264789458883,1.1190580367591278,1.091324676919546,1.0595356118853285,1.0283157538478456,1.090026827114005
2013-08-15,1.1622566419275078,1.0678754513492326,1.1045230884949084,1.0775860067787557,1.0465744146756757,1.0163985031417384,1.0759962351030716
2013-08-16,1.1652504392097853,1.0703342035606873,1.1066179313750109,1.0794267786490692,1.0481548996598997,1.0179231849446109,1.0783263450130358
2013-08-19,1.1591015022767244,1.0648109497268272,1.1021016525132672,1.0753444581925309,1.0445930567800819,1.0144926562065213,1.0733480543304696
2013-08-20,1.156914416836977,1.0628704646295164,1.1004612653573556,1.0738646470858684,1.0433122497218044,1.0132973727181498,1.071534650369922
2013-08-21,1.145674231831061,1.0529266413250273,1.0918051602316143,1.0660109176818398,1.0365234013652684,1.0070788313080905,1.062065663497592
2013-08-22,1.1557312394679333,1.061493910373815,1.0994165988582216,1.072784637198398,1.0422794603458592,1.0122168794423037,1.0702292715124542
2013-08-23,1.1638342117529,1.068108142957782,1.1055018879115979,1.0782077635993215,1.0470718520689657,1.0165533850618993,1.076861898682001
2013-08-27,1.1546735506077275,1.0607769780123548,1.098577640942832,1.0720124128006783,1.0414531032810685,1.011399616219748,1.070000529798755
2013-08-28,1.1527195152558218,1.059230693977186,1.0970986585711668,1.0706972803631645,1.0402766375035963,1.0103436456616035,1.0685962857204054
2013-08-29,1.1622207880678401,1.0667246764225897,1.1044944173146358,1.0772924298930078,1.0461223661010344,1.0154915649823473,1.0756065126407104
2013-08-30,1.1496360833243744,1.0571234341814715,1.0947348052642354,1.068588950978118,1.0381161631519027,1.0083394827946532,1.0670231333338887
2013-09-02,1.1663619088594934,1.0697694565940181,1.1073478695451748,1.0796106215554557,1.0478917735774467,1.0169636602976868,1.0791504244299008
2013-09-03,1.1595855293822426,1.0649127898098936,1.102540063054976,1.0754464779286803,1.0437881730492298,1.0132669819611988,1.0742980353589457
2013-09-04,1.1607149259617844,1.06571650098131,1.1033442511878102,1.0761437856209382,1.044471576931142,1.0138546782907671,1.0749587705184391
2013-09-05,1.1710587644760004,1.0730973772038,1.1109856657782462,1.0828454732878376,1.0509305215936307,1.0195324810504514,1.081658226835869
2013-09-06,1.1737298770212659,1.07492347913622,1.1129439164059827,1.0845694078874402,1.0526392981159152,1.02105329926753,1.0831339620324814
2013-09-09,1.1707540066688225,1.0726882279924523,1.1106850545899127,1.0825601124821205,1.0506521966496827,1.0192589980836935,1.0814443510424177
2013-09-10,1.1803090602703428,1.0797701732904477,1.1180916949296436,1.089164356530163,1.0571278331762515,1.0250023337978622,1.0876728300143763
2013-09-11,1.1810978451830385,1.080353958411745,1.1186995635807886,1.0897065697579489,1.0576658975540645,1.0254809784582875,1.08820585861176
2013-09-12,1.1812054067620426,1.0804333313069299,1.1187710268351736,1.0897680308345072,1.057731660252142,1.025537284799766,1.088273310564809
2013-09-13,1.1802732064106747,1.0797271692081951,1.1179903249367749,1.0890620846169101,1.0570365691938974,1.0248953558105671,1.0875009946889942
2013-09-16,1.187282635975767,1.0850180818813686,1.1239136784339216,1.0944139286369188,1.0622917913383976,1.029720656455307,1.093657312333102
2013-09-17,1.1778351439532508,1.0769633505334075,1.115839060370241,1.087129724480888,1.0550285052856596,1.0229217828585433,1.0868797225981626
2013-09-18,1.1757914739521753,1.075278047057948,1.1141033730770213,1.0855788697738762,1.053527723544311,1.0215347238749588,1.084933342886803
2013-09-19,1.187730809221617,1.0851548830117452,1.124501307800993,1.0948353932506867,1.0623065037357862,1.0295337197520387,1.0935845925425232
2013-09-20,1.182531999569758,1.0809951590682012,1.1201058142982927,1.0909582789246535,1.0583831287000245,1.0258795975496309,1.089606586299884
2013-09-23,1.1755404969344994,1.0751405325922685,1.1140937408376987,1.0856815654254517,1.053142055390203,1.0211254039549638,1.0849613313332547
2013-09-24,1.1780681940410929,1.0772564943997265,1.1162788674185673,1.0875883346972093,1.054977557039031,1.0227351573135246,1.0866998991294605
2013-09-25,1.1744828080742935,1.074181589428312,1.113071983112527,1.0847842285210714,1.0522833957869042,1.0203199052589214,1.083696723327802
2013-09-26,1.177010505180887,1.0764002716376277,1.1153657201954106,1.086784069587526,1.0541902329986184,1.0219963327641588,1.0852663451589353
2013-09-27,1.1675271592987027,1.067984330259298,1.1064562332320005,1.0790139687390785,1.0468486209970929,1.0154417378423626,1.078683700555481
2013-09-30,1.1584740597325343,1.06002783106076,1.0981074162043392,1.0718632934573395,1.0402933606575497,1.0096699504837383,1.0712967944094627
2013-10-01,1.1580796672761864,1.059650021860027,1.0977418406627206,1.0715482197726334,1.0400020771002867,1.0094115103455272,1.0709697576203279
2013-10-02,1.1540461080635371,1.0552948572384997,1.0939426039773863,1.068337266421865,1.0371471048796546,1.0069258490416708,1.0680088199077857
2013-10-03,1.1561077049944466,1.0575035108031228,1.095906226584194,1.0699917721412282,1.038613006852689,1.0081781790179831,1.0695814222356745
2013-10-04,1.1569861245563122,1.0584459656363536,1.0967561750365322,1.070707025880549,1.0392448588825538,1.0087200214363665,1.0702354646220107
2013-10-07,1.1540102542038688,1.0549328254513721,1.0937145230132646,1.0681505877709767,1.0370034141109254,1.0067514343197332,1.0681194714665654
2013-10-08,1.1411924993725613,1.0399487994879848,1.0803496193787778,1.0569964277607151,1.027253477528924,0.9983267238307295,1.0583746372065301
2013-10-09,1.136190885948876,1.0345863892308063,1.0754901586920182,1.0530283030393672,1.023873905789929,0.9953666740320518,1.0545748113763531
2013-10-10,1.1527912229751571,1.0535503679159286,1.0917052741426776,1.0661788560728642,1.0349978614770805,1.00490192885925,1.0646917690564823
2013-10-11,1.1629557921910332,1.0629677320739328,1.100427485612134,1.0732372918755844,1.0419736808418225,1.0109979711379415,1.0731364638968222
2013-10-14,1.1666308128070024,1.066189744821583,1.1035356304398496,1.0757710897033077,1.0445541008494845,1.0132877832720946,1.0758677622458728
2013-10-15,1.174052561758277,1.0726988039966663,1.109972862018796,1.0810473781346974,1.049912633523856,1.0181137108502412,1.0808403620389497
2013-10-16,1.1780861209709264,1.0762246462872214,1.1134892750033063,1.0839445191052257,1.052890192625462,1.020835919252506,1.0836131902457937
2013-10-17,1.1789107597432902,1.0769514284598536,1.1142132191272212,1.0845438818031028,1.0535063813761427,1.0214035838119562,1.0842148721406406
2013-10-18,1.1872288551862649,1.0844383670237743,1.1218497220915644,1.0909548986088917,1.0599982763542384,1.027542509741819,1.090216527823131
2013-10-21,1.1928937650138078,1.0896908228862843,1.1270296074070354,1.0953116962881044,1.0645082310380043,1.0318806297811791,1.09428494026371
2013-10-22,1.2003334408949164,1.0966137478974893,1.1339242491755483,1.101123280444727,1.0705521579772106,1.0377986340279572,1.099756700319357
2013-10-23,1.1965329317701092,1.0930397884573582,1.1303911681654955,1.0981403471890516,1.0673932202837002,1.0346335473223656,1.097085888135244
2013-10-24,1.203470653615866,1.0994860410856122,1.1369772914615115,1.1036846906458366,1.0731432598565664,1.040228459286205,1.1044703561762985
2013-10-25,1.2049227349324199,1.1008274287110422,1.1383621178851364,1.1048500637176841,1.0743588447776111,1.0414274912676043,1.105840431487201
2013-10-28,1.2057294467749498,1.1015742587288064,1.139138769140666,1.1055039502269752,1.0750419274681957,1.0421096330153774,1.1066402339814212
2013-10-29,1.214495715463774,1.1101666275279396,1.1480165622986696,1.1129717246300277,1.0826648868218471,1.049943014011639,1.1167773005254653
2013-10-30,1.2150335233587939,1.1106926889758562,1.1485447069695771,1.1134129573683418,1.0831320905595765,1.050422473155686,1.1173493796853773
2013-10-31,1.2067333548456534,1.1020754903024472,1.1399686886265572,1.1062422576125617,1.0756991657543298,1.0424540833374203,1.109134547407225
2013-11-01,1.2073249435301752,1.1026418220586203,1.1405633831328252,1.1067237996855348,1.0761498478348601,1.0428960241776692,1.1093918469498654
2013-11-04,1.2125058262522004,1.1077994234376862,1.1459824536850036,1.111179272032504,1.080511317145074,1.0474455634808697,1.1127846080221742
2013-11-05,1.209494102040089,1.1048041264897197,1.1427697493542899,1.1085436908542876,1.0779207194599587,1.0446787529994792,1.11036621943553
2013-11-06,1.208579828618555,1.1038944497308842,1.141756956036785,1.1077230943662606,1.0771321785893568,1.0438498317819085,1.109697315157447
2013-11-07,1.2006023448424263,1.094555653119563,1.132773144231115,1.1004571209160228,1.0701640431412183,1.0365712765715938,1.1031153928738953
2013-11-08,1.202610160983834,1.096771131276465,1.1349780020778522,1.1022053922159523,1.071771602044153,1.0381690297826238,1.104614640344557
2013-11-11,1.2061955469506334,1.101364703151246,1.1390292832855053,1.105424206425115,1.074746799613861,1.0412021587046791,1.1073772827282728
2013-11-12,1.2059087160732895,1.1009395480320063,1.1386823147061353,1.1051514198124304,1.0744951449620526,1.040931699384013,1.1071142853708509
2013-11-13,1.1885554479939806,1.0771754369577589,1.1179074466147667,1.0888486939294184,1.0595549750270599,1.0252032587856643,1.0934652493766202
2013-11-14,1.1950270696640535,1.0840470298893574,1.1241906382803486,1.0936992037975715,1.0636404230350167,1.0295938265642293,1.0988035929954665
2013-11-15,1.1999211215087342,1.0892904254984395,1.1290565910266495,1.0975123984792392,1.06692638469847,1.0331426826292263,1.102364945385656
2013-11-18,1.2053171273887673,1.0950236461558298,1.1345039896131202,1.1018068205496319,1.0706589199889176,1.0372120937459213,1.1062656625206009
2013-11-19,1.200745760281098,1.0900328708773144,1.1298131123385262,1.0980895486247781,1.067387002755451,1.0335999513810492,1.1034246919371413
2013-11-20,1.1977161091391526,1.0867388980508086,1.1266453093065087,1.0955904795296072,1.0652056936936212,1.031276208189389,1.1010205941208417
2013-11-21,1.1977519629988207,1.0867602984509053,1.126668004078574,1.0956099170431783,1.0652242840418482,1.0313002164699294,1.1009993212401177
2013-11-22,1.196497077910441,1.085337792569388,1.1252658787089598,1.0945084392653652,1.064270282081034,1.0302984355538107,1.1001604116679786
2013-11-25,1.200136244666742,1.0895626107020817,1.1293740194541033,1.0977272260778161,1.067056498003433,1.0331970375665498,1.1022176163436697
2013-11-26,1.189666917643688,1.077432968375206,1.117233963863684,1.0882360947948435,1.0588152088500813,1.024509162306024,1.094385007559076
2013-11-27,1.1920511993116096,1.0799683867651673,1.1198062760146226,1.0902186040325768,1.0604892810630933,1.0261867347135867,1.0961252676877902
2013-11-28,1.1929475458033096,1.0809561840953446,1.1207962417967832,1.0909839831257968,1.0611393632216886,1.0268479255243612,1.0968093615466383
2013-11-29,1.1922483955397838,1.080158021360014,1.119965468062094,1.0903444697039695,1.0605988381832536,1.0262828101405561,1.09589899621597
2013-12-02,1.1823348033415837,1.0683744675748401,1.108102367605823,1.0812462266590075,1.0529054660120953,1.0182945806412373,1.085522340811282
2013-12-03,1.1710587644759995,1.0557334847955318,1.0953140186732933,1.0715092776614146,1.0447759951810753,1.0101579611073246,1.07433147981745
2013-12-04,1.1670431321931842,1.0513844625207374,1.0910307700072077,1.068255462552661,1.0420904615091988,1.0075457070020506,1.0700689726276216
2013-12-05,1.1649456814026067,1.0491294600780836,1.0887625682294,1.066535974619224,1.0406747492478927,1.0062130738255917,1.068261706605148
2013-12-06,1.1745724427234627,1.0594776074895698,1.0993871651870415,1.0745852214546938,1.0473043006445508,1.0124025216104817,1.0762766233430463
2013-12-09,1.1759169624610124,1.0608129713509427,1.1007918449082037,1.0756659291759696,1.0482450849435292,1.0132871512439219,1.077281157184942
2013-12-10,1.1694274138611056,1.0541870190498241,1.0936619302425186,1.0702053605497321,1.043509219391216,1.008749364815154,1.071365681033802
2013-12-11,1.166630812807002,1.0513344827522768,1.090604580340233,1.0678701047582335,1.0414960624997192,1.0068713601435575,1.0692432856536518
2013-12-12,1.1554444085905882,1.0399194125718731,1.0780632536657226,1.058327492919723,1.0333049344395315,0.9994038257331551,1.0586103359598678
2013-12-13,1.1544942813093864,1.0388027051340554,1.0770280742370448,1.0575388240654746,1.0326323643011202,0.99879311268117,1.0577891092793636
2013-12-16,1.1692302176329317,1.056029235260059,1.092895268500203,1.0699014990213278,1.0429033001333188,1.0082355239965228,1.0707257240349888
2013-12-17,1.1627765228926927,1.049426711058622,1.0866269910978983,1.0649437821950203,1.0382699920252105,1.0039288442984033,1.0653963094968253
2013-12-18,1.1638342117528986,1.050499253851058,1.0876451620998713,1.0657515953776895,1.0390145284202128,1.0045908987592704,1.0661139678826055
2013-12-19,1.1804345487791794,1.067454306846234,1.1041494290184526,1.0788893225464848,1.0510909711414005,1.015652929525588,1.0796770413791241
2013-12-20,1.1843605464128248,1.0707958098597388,1.1075317573626902,1.0816227083624015,1.054006983379193,1.018347116360513,1.0826102174226362
2013-12-23,1.1972679358933025,1.0819667453813795,1.1191295314254737,1.0910318864632134,1.0638595754223805,1.0275883643248418,1.093002021218177
2013-12-24,1.2000645369474061,1.0841989304169186,1.1214961527536393,1.0929723463520709,1.0660340069130705,1.0296480305793014,1.0958733977460104
2013-12-27,1.2102291061632822,1.092445116004902,1.1304170030368565,1.1003156506056522,1.0741464118164998,1.0374647608338352,1.1051538339282339
2013-12-30,1.206715427915819,1.0895629251694343,1.127373705593767,1.0977969756475596,1.0712694432875574,1.034646064656926,1.1017924326696242
2013-12-31,1.2099064214262705,1.0921585477183,1.1301867737675504,1.1001340515040663,1.0738858964462412,1.0371514295732456,1.1046935512542257
2014-01-02,1.2043132193180635,1.0876134526392094,1.125089321369126,1.0958734238669474,1.0691930973052062,1.0325669900132552,1.100262754834147
2014-01-03,1.206607866336815,1.0894481673927772,1.1271980686009058,1.0976340549266363,1.0710708259364705,1.0343336914142365,1.1022372717596585
2014-01-06,1.206607866336815,1.0894274319095474,1.1271822051540092,1.097619115119136,1.0710608875582168,1.0343158181768948,1.1022315429443266
2014-01-07,1.2110537449356462,1.093366560388628,1.1315150438812527,1.1012507510227612,1.07485007662051,1.0380310988190484,1.1062257777920266
2014-01-08,1.2050123695815893,1.0878888710851324,1.1254761784747513,1.0961797577160797,1.069588357956306,1.032759062658796,1.10066580060216
2014-01-09,1.1995446559822203,1.0830261087814812,1.1199712550260308,1.0915897454432542,1.0649567587631537,1.0282516338630798,1.0963633864702702
2014-01-10,1.2082571438815426,1.0908184156907197,1.1288302806815118,1.0989454693656064,1.0721739027801416,1.035050108608147,1.1035581135108352
2014-01-13,1.211358502742824,1.093520037732006,1.1319257300946128,1.101518790617357,1.0747853698767558,1.037546053285939,1.1059893855708114
2014-01-14,1.2130974149367217,1.0950708957166853,1.133695983498618,1.1029902783337298,1.0762724716562888,1.038988605878186,1.107368010214317
2014-01-15,1.22259868774874,1.103718622266431,1.1437215739214488,1.111319976100741,1.0845805409887137,1.047242289578354,1.1152520611449048
2014-01-16,1.2217919759062101,1.1028804118145137,1.1428736602166663,1.1106163017187611,1.0838544624850088,1.0464992486101679,1.1145929309676326
2014-01-17,1.2242838191531358,1.1053331494422125,1.1454972076747632,1.112808037214155,1.0861172603997293,1.0487982508323066,1.116604372124415
2014-01-20,1.2256104119608513,1.106702090418804,1.1469251255075896,1.1140026072845026,1.0873398749875134,1.0500562099945987,1.117796126284794
2014-01-21,1.2251801656448353,1.1061750782136088,1.1464220292987843,1.1135841359399947,1.0869270238764352,1.0496054842942573,1.1173387942204833
2014-01-22,1.2237460112581156,1.104552045218856,1.1447403468971462,1.1121917008275206,1.085553271611421,1.0481191308591975,1.115977681638661
2014-01-23,1.2142447384460973,1.0919120883570508,1.1333975277514292,1.102857738477633,1.0764202069848885,1.0383112052289165,1.1069453526799597
2014-01-24,1.1945968233480369,1.0684789155329397,1.1109809317729384,1.0847450023661518,1.0595534503847617,1.0207381262153976,1.0895734152584997
2014-01-27,1.1743393926356207,1.0480685972434196,1.0923155670115376,1.069914967052699,1.0469406865829394,1.0071039155820605,1.07228174910057
2014-01-28,1.178211609479764,1.051224923884832,1.095267061228405,1.072255980015934,1.048840413501504,1.0091215088318688,1.0754357654244298
2014-01-29,1.173192069126245,1.0468107617050115,1.0912322089206345,1.0690119431722247,1.046184806752926,1.0062707547201346,1.071369276501793
2014-01-30,1.1721523071958733,1.04590221415242,1.0903717754916624,1.068313948508316,1.045615325249845,1.005684607672944,1.070617414145314
2014-01-31,1.16711483991252,1.0414610433958515,1.0861068386657988,1.0648351473633786,1.042778805057046,1.0027463520126083,1.06756384875969
2014-02-03,1.1591015022767235,1.0343949367577092,1.0792055628156918,1.059184484767174,1.0381777252115403,0.9981308288831514,1.0626398588555792
2014-02-04,1.156161485783948,1.0318200176074241,1.0766770014785194,1.0571122335718672,1.0364939045498442,0.9964923956405507,1.0609462429553833
2014-02-05,1.1577032017496716,1.033169910168048,1.07802532626265,1.0582209086334744,1.0373937462435252,0.9973529222891637,1.0617647879884287
2014-02-06,1.1757018393030043,1.0491453392755175,1.0943840690020405,1.071781120946765,1.0483787435383174,1.0079085105931036,1.0712551800232777
2014-02-07,1.1781040479007598,1.050908122210631,1.0962496566169788,1.0733337350826329,1.0498775543357515,1.0093533991000114,1.0726017701735184
2014-02-10,1.1816715069377253,1.0536363608019852,1.0991813425966301,1.0757890967172128,1.0521832287365842,1.011598487683598,1.07513050832399
2014-02-11,1.1962102470330964,1.0650157633238173,1.1114740030836971,1.0861838221522693,1.0619159350116116,1.021188650570259,1.0857727036992086
2014-02-12,1.1966225664192784,1.065283476520236,1.1117729547788553,1.0864389019180931,1.0621875966436487,1.0214557989745225,1.0860135530553598
2014-02-13,1.1938259653651748,1.063244239946695,1.109461430237208,1.0844600381282659,1.0601902834060613,1.0194447155146278,1.0838922286761061
2014-02-14,1.1945788964182027,1.0637970403180483,1.110083477218409,1.0849923127373777,1.0607272422271534,1.0199819842442022,1.0844554138282074
2014-02-17,1.207557993618016,1.0735566868475592,1.1213669786707587,1.0946989603624706,1.0703915618822362,1.02962481871992,1.0950712189640464
2014-02-18,1.21838585923775,1.0812316560770865,1.1303458052976327,1.1024172705731419,1.0786510921938257,1.0379347049305105,1.102535051324327
2014-02-19,1.2184396400272517,1.081254345048984,1.1303806730525439,1.1024490906652882,1.0786814767774353,1.0379611691920647,1.1025256330350632
2014-02-20,1.221361729590193,1.0832599276010573,1.1328237915216666,1.1045658689625963,1.0810100620539271,1.0403571331846349,1.104871587147039
2014-02-21,1.2258613889785261,1.0863392073985558,1.1366991048027975,1.1079442673871918,1.0846829463904866,1.0441961574082435,1.1087342544086989
2014-02-24,1.2308450754723772,1.0898071927460415,1.1410882114691614,1.1117883525997614,1.0888386203599303,1.048602903054668,1.112446086895086
2014-02-25,1.2244989423111423,1.0847257945728788,1.1353672784329194,1.1067567926063968,1.0834168596856304,1.0427524037423295,1.107563129231253
2014-02-26,1.2188878132731014,1.0792831433315102,1.1302550053400418,1.1022944144734184,1.0787563150774728,1.0379104200116942,1.103614960251045
2014-02-27,1.220877702484675,1.0811106583430947,1.1320847543283596,1.1038872296334612,1.080369353313246,1.0395037371669706,1.1050730811597351
2014-02-28,1.220770140905671,1.0809937225262014,1.1319660108077298,1.1037827107425124,1.0802690512581106,1.0393938870634345,1.1049803271956344
2014-03-03,1.2026101609838324,1.063684289074059,1.1141412297452624,1.0882651225912572,1.0648362347379117,1.023479056770206,1.0918181323225833
2014-03-04,1.2232978380122648,1.0805338317816269,1.1317065752363251,1.10300200429878,1.077944409318046,1.0373669506655991,1.1045354666924612
2014-03-05,1.2146212039726103,1.0739127004000355,1.1251914195226942,1.0975452184353147,1.0722282477622311,1.0313041419888915,1.0988325994929076
2014-03-06,1.216969631780864,1.0756302591549738,1.1269461288690688,1.0990189205972563,1.0737271300123619,1.0328033031983157,1.1002031662397949
2014-03-07,1.2033810189666945,1.0656121505872103,1.1164705430371344,1.0901228479337124,1.0647083494452816,1.0235728051637172,1.0896251375220334
2014-03-10,1.1992219712452072,1.0625105687035945,1.1133558212905685,1.0874905770648016,1.0621656348135806,1.02103923058825,1.0866759232379837
2014-03-11,1.1985048940518475,1.0619768830849334,1.1127965599917304,1.0870126603469454,1.0617155004413659,1.0206106811373206,1.085922203651689
2014-03-12,1.1869240973790856,1.053403077781103,1.1036539757954205,1.079173548296825,1.0543249663466328,1.0134344945910148,1.0766750134904333
2014-03-13,1.174895127460474,1.0442770758932405,1.0943454845888478,1.0712340785438312,1.0470669565254567,1.0065898589667648,1.0670484581651964
2014-03-14,1.1702520526334688,1.040873606310412,1.0908234647504733,1.0682410146540582,1.0443991714464829,1.0041356475912822,1.063989959536198
2014-03-17,1.1775124592162374,1.0461544789124242,1.096434245174783,1.0730322199121334,1.04863130855972,1.007939913784925,1.0694436420541846
2014-03-18,1.1841274963249822,1.0508611250199054,1.101597709169518,1.077479609956761,1.052607636677817,1.0115432821302222,1.074928887393499
2014-03-19,1.1783550249184354,1.046568502384058,1.097024534550796,1.0735071625038357,1.049001692187667,1.0082403235239865,1.0707866036949167
2014-03-20,1.1728514574593982,1.0422976254135747,1.0925833414997268,1.0696466282790575,1.0455369279676836,1.0051458668151079,1.0666787235011335
2014-03-21,1.1755046430748297,1.0443419345841454,1.0947519086861897,1.0715330261803961,1.0472210944792983,1.0066143448313967,1.0686199513403658
2014-03-24,1.1689075328959189,1.0392542427949087,1.0891741304656861,1.0666507684617315,1.0428775251960352,1.002774195978965,1.0639487287065923
2014-03-25,1.184055788605646,1.051052347228623,1.102086617107001,1.0779164797009708,1.0528003590478008,1.0113276244425735,1.0759412325834918
2014-03-26,1.1841274963249822,1.0510672049056993,1.1021095486626766,1.0779350652730129,1.0528364190320292,1.0113565528530513,1.0759393481942703
2014-03-27,1.1810799182532028,1.0488751517423713,1.0995979925366306,1.0757384058417339,1.0507089423801141,1.0094773868246794,1.073750535235517
2014-03-28,1.185973970097884,1.0524051562268635,1.1037045679024415,1.0793342052920183,1.05416905011258,1.01249488913489,1.0769828955354255
2014-03-31,1.1828905381664363,1.0501978937842584,1.101048121923254,1.076995252447957,1.0519116832914728,1.0104987006948327,1.0747355616707772
2014-04-01,1.1926069341364627,1.0571461422499187,1.1095980904612779,1.0845192070528709,1.0591062663090767,1.0167774199903228,1.0828877394838134
2014-04-02,1.1937542576458384,1.0579849771958725,1.110585768389914,1.0853878429073975,1.0599662846447313,1.017531214569924,1.083616937098015
2014-04-03,1.1919794915922728,1.0563315268973243,1.1089825779526328,1.083972338590333,1.0585729419663408,1.0162754527890545,1.081989736986221
2014-04-04,1.2003155139650812,1.0638799136091635,1.11664402410426,1.0907291670824935,1.065186054554912,1.0221934763586542,1.087738415664698
2014-04-07,1.1872647090459316,1.0524137433919845,1.1046934894003337,1.0802033407862515,1.054578719684025,1.0125712836055007,1.0782845288206693
2014-04-08,1.1815101645692188,1.0473439909127045,1.099674911259488,1.075860467086201,1.0504820247848035,1.0088207357657808,1.0733779170685254
2014-04-09,1.1895593560646833,1.0543870984898132,1.10675242932657,1.0819602875000334,1.056116950477765,1.0138488028065622,1.0795329930910278
2014-04-10,1.190706679574059,1.0553434992317048,1.1077601661374537,1.0828305443806356,1.0569302260997209,1.014579410073693,1.0803654881935578
2014-04-11,1.1763113549173596,1.0424137743849526,1.0947043368418843,1.0715113768703517,1.0462792737364548,1.0048104121031853,1.0701251238780836
2014-04-14,1.1802732064106731,1.0458514473522191,1.0980124910731355,1.0743195217440467,1.0487470518539206,1.0070949934669464,1.0731500455459477
2014-04-15,1.1727080420207265,1.0392260859259557,1.0914645007821362,1.0687096813195738,1.0437555519449582,1.002428212000425,1.0680601372786813
2014-04-16,1.180344914130009,1.0458869058735085,1.098084163444773,1.074401109710144,1.048760527373245,1.006956925441062,1.0728476261560398
2014-04-17,1.1877128822917817,1.0522678702031893,1.1044832979248111,1.0799242344820459,1.0537298187096575,1.011501890144264,1.0773870119119613
2014-04-22,1.19784159764799,1.0609748922626125,1.1133155064156524,1.087576393182034,1.0607736686856604,1.018007153202375,1.0841167852746092
2014-04-23,1.1965687856297762,1.0598912393157471,1.1122161861838338,1.0866234687282976,1.0598486149561313,1.017142593476107,1.0832100058430931
2014-04-24,1.2016421067727971,1.0641669134446605,1.1166793077730381,1.090507678025495,1.063574554437666,1.0206167211237454,1.0871215820993168
2014-04-25,1.1985407479115155,1.0614889425857128,1.1138822553199403,1.0880622969323277,1.0612143030596535,1.0183830413693966,1.0849949000399388
2014-04-28,1.201140152737445,1.0638752600684083,1.1162659003349542,1.0901442968217518,1.0632077162191416,1.0202434250017656,1.0867621864269539
2014-04-29,1.2136352228317406,1.0755460328522874,1.1280944357081546,1.1004946552809998,1.0730624908087891,1.0295445211451086,1.0968980019680836
2014-04-30,1.2154458427449746,1.0771282246527352,1.129696000322516,1.101885415912353,1.074514293760417,1.0309227127372331,1.0985067128518942
2014-05-01,1.2206267254669996,1.0817561651863836,1.1344832478285776,1.1060603831659417,1.0787892333628482,1.0350533379868398,1.1021016266786723
2014-05-02,1.223046860994589,1.0839266861504933,1.1367552365931635,1.1080445807382466,1.0808244692359783,1.0370455123674287,1.1043186811042003
2014-05-06,1.218780251694098,1.0799584358851346,1.1326037851425919,1.1044124445677532,1.0771299161997268,1.033343212909362,1.0996421197978217
2014-05-07,1.21838585923775,1.0795904574828123,1.1322015797319318,1.1040653458651895,1.0767886399362145,1.032997462901793,1.0991988236112977
2014-05-08,1.2260765121365345,1.086629494413459,1.1400267368358707,1.1108629739049087,1.08352314003958,1.0396505637589384,1.1075717322988534
2014-05-09,1.2216485604675373,1.0825511908539103,1.135531167441227,1.1069691381651774,1.0795563721677524,1.0356650932260736,1.1035262741951275
2014-05-12,1.2283173783657841,1.0892258562577102,1.1424090041672568,1.1128869218673632,1.0854540958641539,1.0414132590225689,1.109556632245193
2014-05-13,1.2321358144204255,1.0931552976122214,1.146363831175381,1.116281019205824,1.0888859243270341,1.0448100403849148,1.1128467871397654
2014-05-14,1.2331038686314613,1.094163105295881,1.1473750879227438,1.1171479488717249,1.0897639813402449,1.0456872510566928,1.1136972809787613
2014-05-15,1.2263633430138785,1.0870547647854163,1.1399971739167354,1.1108513162345273,1.083475435201572,1.039180744349431,1.1075703935500065
2014-05-16,1.2290344555591441,1.0902094491902545,1.1429055792788856,1.1132945229919167,1.0858162150885626,1.0414953681943382,1.110163679862817
2014-05-19,1.2270266394177365,1.0877526649914742,1.1406434550034714,1.1113956933462545,1.0839938003075387,1.0396331698131827,1.1082147099963857
2014-05-20,1.2193897673084537,1.077634072445037,1.1318483542526092,1.1038550407358927,1.0768660491457032,1.0324464624753844,1.1027788673644547
2014-05-21,1.222795883976913,1.0818109610271047,1.1356888320618002,1.1070734279614158,1.0797797244786098,1.0352751366104502,1.1054816663326164
2014-05-22,1.2227241762575771,1.0816991812679724,1.1355907318789378,1.1069914467958255,1.0797041267341005,1.0351906212583506,1.1054214395364423
2014-05-23,1.2218636836255452,1.0805250057611824,1.134542503783098,1.1061181229564536,1.0789136165510962,1.0343781116321196,1.1047277844985863
2014-05-27,1.227080420207238,1.0874449442132312,1.1409302126312264,1.111424260224027,1.0837128632503559,1.039276104226013,1.1089442755516479
2014-05-28,1.22820981678678,1.088946259750758,1.1423236698706576,1.1125787388009865,1.0847631875172055,1.0403576666996617,1.1099234548377948
2014-05-29,1.2318131296834136,1.0937383735018507,1.146897012165782,1.1163433246582513,1.088197342873724,1.0439945380594797,1.112578496183665
2014-05-30,1.2270087124879026,1.0873395432055786,1.1406355234087584,1.1112236399562099,1.0835197276519728,1.0389092782166338,1.10780009623408
2014-06-02,1.230522390735366,1.092010122878344,1.1452256431577181,1.1149203117724324,1.0868310013367906,1.042344844291604,1.1112232569593636
2014-06-03,1.225538704241515,1.085376067120994,1.1385652758539657,1.1095846923980295,1.0820223786629481,1.0372081237601065,1.1067116639703642
2014-06-04,1.2223656376608976,1.0811608140481237,1.1343190252306419,1.106226889543253,1.0790344267239642,1.034115547020302,1.1036744102653384
2014-06-05,1.2214513642393636,1.0799478260113613,1.1330571013196389,1.1052507841232515,1.0781782292342663,1.033241957199395,1.1027972425183967
2014-06-06,1.2294647018751603,1.0905753304854293,1.1441891579516246,1.1139170649228938,1.0857914504224246,1.0409548279719234,1.1106778448526338
2014-06-09,1.2324764260872718,1.0945825770411195,1.148225700317524,1.1170442411151056,1.0886954033197658,1.0439347475673557,1.1136039898891439
2014-06-10,1.2322254490695959,1.094248231817587,1.147861826009336,1.1167660290462873,1.0884396460952612,1.0436521380851829,1.113304542237781
2014-06-11,1.226004804417199,1.085962090571936,1.1391587694876804,1.1099917344817776,1.0822341528279433,1.036981804928895,1.107401260302021
2014-06-12,1.226757735470227,1.0869624796945443,1.1402081634322876,1.110766734672672,1.0829106021036767,1.0376540052243968,1.1081071913892229
2014-06-13,1.215069377218461,1.0714278637289545,1.1239125724890486,1.0981487296934347,1.071699972040906,1.0258081745183136,1.09728033192401
2014-06-16,1.21089240256714,1.0659030841014407,1.1185317605920395,1.094099872912569,1.068262176346882,1.0222397503333713,1.0931159844311118
2014-06-17,1.2130794880068876,1.0687908978045553,1.121335226544719,1.0961906595603805,1.0700179801451073,1.023989181315296,1.0948395479354016
2014-06-18,1.2151948657272993,1.0715865469874988,1.124109520203264,1.0982538091274396,1.0717505719217357,1.025746965348346,1.0969529832022982
2014-06-19,1.2204833100283283,1.0785817531811372,1.131264394347883,1.1036959087957166,1.0762765570634323,1.0304418833249154,1.1026558995943643
2014-06-20,1.2235488150299416,1.0826453864957322,1.135429016989222,1.106881323727461,1.0789646636207373,1.033265773999382,1.1048752979059433
2014-06-23,1.2191387902907787,1.0767921346112905,1.1292907627988162,1.1021886338104694,1.074974484620456,1.0289822031498608,1.1003208238594002
2014-06-24,1.216718654763189,1.0735857938875486,1.1259257066125876,1.0996252628302243,1.0728066385732649,1.0267212024337518,1.0979853625964888
2014-06-25,1.2071277473020008,1.060891821504723,1.1126128722716084,1.0893096955680255,1.0641202793517257,1.017881041301624,1.0904399753788732
2014-06-26,1.2073966512495107,1.0612463133958934,1.1129284194028188,1.0895251446491916,1.0642821137897822,1.0180246126990833,1.0905743475878649
2014-06-27,1.2114660643218278,1.0666115547391741,1.118435833859718,1.0936483497189722,1.0676625196320377,1.021422009351501,1.0934605119065162
2014-06-30,1.2089742210749022,1.0633207129095383,1.1149940139410404,1.0910646324288529,1.0655159384629502,1.019219118986035,1.0915261679500192
2014-07-01,1.2195511096769602,1.0772746391380552,1.1296215720495624,1.1021568007301372,1.0747003266131887,1.028476330881056,1.1000273853987768
2014-07-02,1.2219712452045497,1.080233093015132,1.132674901450817,1.1044814279762296,1.0768416361769093,1.0306419669470246,1.1021858253754222
2014-07-03,1.2307195869635401,1.0912334625091578,1.1442090978272874,1.1132536770971309,1.0847948582727711,1.0388411989248685,1.1113696017917634
2014-07-04,1.2308809293320462,1.0913880337404451,1.144376637300756,1.1133909332868177,1.0849328821436452,1.0389800306653219,1.111479288853242
2014-07-07,1.2232440572227634,1.082218020663606,1.1343864498358969,1.1057231197466801,1.077672402198863,1.0312169643216755,1.1045133273692624
2014-07-08,1.2080061668638662,1.0639098532018034,1.1150585268704951,1.0909562310906915,1.0642051859201045,1.0174187816859444,1.0887955885978462
2014-07-09,1.204331146247897,1.0599780429997243,1.111004040661482,1.0878431436964406,1.0615526586385382,1.0146976239889498,1.0852049062678808
2014-07-10,1.1961564662435944,1.051464360000358,1.1020451081059326,1.0809423639672833,1.0557789361386434,1.0089268954716388,1.0769659028445415
2014-07-11,1.1993474597540459,1.0547256354952586,1.1054545633552517,1.0835748315692513,1.0579501913819045,1.0109967976445335,1.0797026713451379
2014-07-14,1.20936861353125,1.0648961068071023,1.1164428298990894,1.0921107066259115,1.0650329548919126,1.0178870746704947,1.0881602875746994
2014-07-15,1.2029866265103473,1.0584111760349988,1.1096882161450021,1.0867983668499537,1.0603525477595628,1.0133084148478784,1.083287153585337
2014-07-16,1.2162884084471728,1.0717395648347914,1.1237305032751466,1.0978691398779887,1.0699731551852778,1.0223778063449598,1.0945115508001606
2014-07-17,1.2079703130041983,1.0640480944687791,1.115580531617138,1.0913598633841362,1.0637522648192637,1.0164965536293413,1.0874519805163605
2014-07-18,1.209978129145606,1.0658243114875947,1.1175107425213058,1.0929225027926663,1.0651928095499477,1.0178100248849855,1.0890490373791604
2014-07-21,1.2061955469506327,1.0624024826757152,1.1137412857386353,1.0898577952096253,1.0623522357224908,1.0151500263832347,1.0862343321346635
2014-07-22,1.2181886630095764,1.0732487023987551,1.1258867088799351,1.0997398614594092,1.0714427775740243,1.0234827056710791,1.0964312715757836
2014-07-23,1.2187085439747622,1.073660361696735,1.1263519183069755,1.1001281457076932,1.0718345384070214,1.0238412308149827,1.096839382995844
2014-07-24,1.2228855186260834,1.0772289607311445,1.1304668569637661,1.1035235039702216,1.075174696579166,1.0269642685471847,1.1004086549401917
2014-07-25,1.2175253666057184,1.072460668791066,1.1250407017998771,1.0990151581291947,1.0707392254380028,1.022738606732494,1.096043269946628
2014-07-28,1.2168979240615285,1.0719050292937866,1.1243912381021797,1.0984776970649175,1.070221637494861,1.0222466777398775,1.095535936598547
2014-07-29,1.2204295292388259,1.0750010204591742,1.128095297419013,1.1015534759820553,1.0731688416684966,1.0249990628484484,1.0984678343418708
2014-07-30,1.2142626653759307,1.069592545454322,1.1214303050644434,1.0959972607606085,1.0678547222927983,1.0199367882514379,1.093467583378408
2014-07-31,1.2065003047578102,1.0625602172692037,1.1130337721186871,1.0890360460661257,1.0613452900661369,1.013904407824824,1.0869037449888788
2014-08-01,1.1973754974723059,1.054464841363698,1.1032912342350993,1.0810012904455848,1.0540536907907982,1.0073122383406803,1.079298467771145
2014-08-04,1.1970707396651281,1.054183659594393,1.1029580100759393,1.0807245848662301,1.0537958830008656,1.0070757812698867,1.079023905486769
2014-08-05,1.197967086156828,1.0549890407551397,1.10389682773042,1.0814950061544495,1.0544715441749366,1.007677421817869,1.0796031339715892
2014-08-06,1.1896669176436874,1.0474098806498606,1.0947293150453479,1.0739497873401382,1.0478859195143246,1.0016387456560496,1.0741786478227449
2014-08-07,1.1827112688680965,1.0405528875199335,1.0872249038991604,1.0678056739722563,1.0426248316231757,0.9969224647205935,1.069425990021477
2014-08-08,1.1773331899178976,1.0353597729420156,1.081467908923406,1.063108228894974,1.0386519544004122,0.9934434036702009,1.0659224849257565
2014-08-11,1.1890574020293314,1.046838712022272,1.0941063627706356,1.0733971856992353,1.0472934372308962,1.0008282630385468,1.0744697782304684
2014-08-12,1.1889856943099952,1.046732565191766,1.0939920074650955,1.0733093745254212,1.047225252957137,1.0007672453099226,1.074384524720432
2014-08-13,1.1933419382596564,1.0509085209600768,1.0985098204598729,1.0770320886911706,1.0506178498897023,1.0037322288352732,1.0775042227939717
2014-08-14,1.1984690401921796,1.0558755825815183,1.103934338591822,1.0815213543828757,1.0547276411203634,1.0073804386856626,1.0814589363498734
2014-08-15,1.1991502635258715,1.0565436904667809,1.1046580094303726,1.0821205194935883,1.0552771065009923,1.0078697670914452,1.0819629130352437
2014-08-18,1.2085081208992177,1.06683988007642,1.114994635466474,1.0907793277767557,1.0632550239203662,1.0152084531579937,1.0887744296205744
2014-08-19,1.2153203542361366,1.073920032234811,1.1222651620889217,1.0969350981493524,1.06918982720146,1.0207198970047602,1.0953185921414068
2014-08-20,1.2110537449356453,1.069521453905397,1.1177016570162708,1.093062421401118,1.0653766593489848,1.0171267931424262,1.091560648254432
2014-08-21,1.2150335233587926,1.073892890158352,1.1220193579999884,1.0967106605616743,1.0689109519994369,1.0203760295681332,1.0953402388921576
2014-08-22,1.2146032770427766,1.0734121968591817,1.12152932786367,1.0962980014074808,1.068510088130863,1.019992574975252,1.0948675455966814
2014-08-26,1.223118568713925,1.0828858267421217,1.131249634853115,1.1044469766573621,1.076363137431358,1.0274429271619987,1.1038104255958079
2014-08-27,1.2245347961708106,1.0843993106901988,1.132812917439628,1.1057704282590546,1.077685010987586,1.0287062374696447,1.1054047957545903
2014-08-28,1.2200709906421454,1.0795654693854428,1.1276589448699985,1.1014469927326762,1.0734024918000176,1.024501119254146,1.1002412809665951
2014-08-29,1.222580760818905,1.0822595897930303,1.1305748502576876,1.103882275203171,1.0757697520366656,1.026753497602471,1.1032229466749586
2014-09-01,1.2235667419597749,1.0833292737028382,1.1317363663405826,1.1048486018682957,1.0767085776163268,1.0276584107970812,1.1038742845955503
2014-09-02,1.2242658922233007,1.0841033185879934,1.132576455450499,1.1055449164900888,1.077382720652585,1.0283174373998438,1.1045099656704362
2014-09-03,1.2322254490695954,1.0940345082656413,1.142677141915957,1.1138028201817005,1.085277187923065,1.0363329396695387,1.1129806428274567
2014-09-04,1.2330142339822912,1.0949728422196414,1.1436313727915295,1.1145932969188022,1.0860635674571963,1.037135206673609,1.1137151236121472
2014-09-05,1.228908967050306,1.089964445443526,1.1383663597639786,1.1103020672056667,1.0818590282694565,1.0326943322372037,1.1100212794124593
2014-09-08,1.2252698002940046,1.0852082344877876,1.1336479758106544,1.1064920979132733,1.0781833931631126,1.0289095882292159,1.1070759559905647
2014-09-09,1.2242300383636326,1.0838047045780914,1.1322673562483143,1.1053920593182218,1.077139150987437,1.0278487886369025,1.1061015902861144
2014-09-10,1.2244272345918066,1.0840665698237428,1.1325100031561488,1.105591403109279,1.0773313526719916,1.0280389533849257,1.106252095792211
2014-09-11,1.2189595209924375,1.0768051760565307,1.1249035569548205,1.0995901733087683,1.071715283912195,1.0222234652631461,1.1017731391981407
2014-09-12,1.2202861138001533,1.078563005554476,1.1267399046050057,1.1010168019673205,1.0730089126824067,1.0235000017604639,1.102766153883588
2014-09-15,1.2197841597648014,1.077897519345672,1.1260446926762058,1.1004505794997732,1.07249544604024,1.022961882746743,1.102291239502761
2014-09-16,1.2176329281847218,1.0750460224249136,1.1230658260249944,1.0980237946581461,1.0702963648759323,1.0206729553681388,1.100494536263893
2014-09-17,1.21560718511348,1.0723632348038037,1.1202632045251675,1.0956372205723603,1.0681665262197417,1.0184833425905686,1.0989632927459219
2014-09-18,1.2224911261697347,1.0814723681525775,1.1297792216586824,1.1037412836148857,1.0753851368142777,1.0258710880697022,1.104445374856225
2014-09-19,1.2258255351188578,1.0858970274389346,1.1344015201767526,1.107570998484011,1.078924904384875,1.0295270685366975,1.1072155246836024
2014-09-22,1.2142985192355982,1.0705802242835092,1.1184005510749748,1.0941038853287128,1.066491478886979,1.0163969320865602,1.098112689425664
2014-09-23,1.1968197626474515,1.0474651366194216,1.095221559771359,1.0758691444223347,1.0507176970349505,0.9999567479426159,1.0834691873156972
2014-09-24,1.2022336954573185,1.0533938955816806,1.1006936483736574,1.0803610810538282,1.0543034132301639,1.0037570248507814,1.0872297426767599
2014-09-25,1.1902943601878766,1.0395580005895901,1.0881243908137197,1.070040323903245,1.0458621879468297,0.9947668121520303,1.0777823020346802
2014-09-26,1.1920332723817741,1.0413677489132769,1.0897969237912484,1.071429576139901,1.0469704285865264,0.9958790100428098,1.0789054561386766
2014-09-29,1.1915313183464222,1.0408306807356846,1.0892709689088422,1.0709928192076978,1.0466186313792316,0.9955107099500677,1.0785621763933093
2014-09-30,1.187246782116097,1.036204902750339,1.0847744729107822,1.0672685372588688,1.0436204408836152,0.9923868800075075,1.0756477599535184
2014-10-01,1.1755584238643313,1.0236195327454634,1.0723396258189029,1.056984891600345,1.0353446097558718,0.9840044349029955,1.0673608473471943
2014-10-02,1.155641604818761,1.0033640343975483,1.0525073054648495,1.0404557852329313,1.0222148500810622,0.9711369456607379,1.0531668469757862
2014-10-03,1.1702520526334683,1.0166606715696387,1.0643889049815516,1.050592990191895,1.0300402655317966,0.9788773746981523,1.064016185075354
2014-10-06,1.1766698935140392,1.0217165821100131,1.069296473947525,1.0548548308627088,1.033604591969543,0.9823956072360942,1.0682883556091505
2014-10-07,1.1644616542970876,1.0122523563061179,1.0597750703774707,1.0465380083599214,1.026563418089851,0.9753946027386179,1.059771111849578
2014-10-08,1.162059445699332,1.0104354655260657,1.0579414483816363,1.044931978970772,1.025221862501986,0.9740964045408584,1.0578623802546152
2014-10-09,1.1530421999928318,1.0036590053942758,1.0508951556523796,1.0387334606096608,1.020067559606219,0.9691852901753194,1.050816442795204
2014-10-10,1.136567351475389,0.9913669361033768,1.0380757848626276,1.0274317801638095,1.010740065067632,0.960561010582374,1.0389440260075684
2014-10-13,1.141264207091896,0.9946669387271757,1.0414307765374102,1.0304028187678096,1.013125353581443,0.9627371468468414,1.042278634380106
2014-10-14,1.1460148434979052,0.9979706980299722,1.0449231067471134,1.0335120874084698,1.0156444848689843,0.9650608281601416,1.0458118307690556
2014-10-15,1.1135491735685372,0.9757653014452743,1.0204716879663402,1.0115894695345455,0.9977426721810265,0.9483524121274557,1.025697042586611
2014-10-16,1.1107346455845997,0.9741086668313459,1.0187739602004053,1.0100912893116272,0.9965561185706793,0.947184391820698,1.0240776858235832
2014-10-17,1.131243053314692,0.9856978327541696,1.0307104977542523,1.020658474163507,1.004824988325812,0.95544418217801,1.0339338842557084
2014-10-20,1.1234986196264056,0.9817180044730712,1.0264997976289698,1.016898156232454,1.0015959457335823,0.9522133317697139,1.029341271135542
2014-10-21,1.14235774981177,0.9914387154923204,1.0369077098192498,1.026275129761745,1.0096189368497128,0.9600147058304066,1.0399992553917414
2014-10-22,1.1472697285862852,0.9937495721178068,1.039471358970656,1.0286049755966342,1.0117648941085366,0.9621049729855501,1.0422684482323583
2014-10-23,1.1507654799039146,0.9954327424536299,1.041342552456741,1.030318840916373,1.013346180233559,0.9636605831050132,1.0441812318762562
2014-10-24,1.1452977663045456,0.9927856246904178,1.0383138742623967,1.0275088435695676,1.010753893501499,0.9610719788278502,1.041569422359046
2014-10-27,1.1407801799863786,0.9905667100349489,1.0357452470564417,1.025108351868519,1.0085539914437127,0.9589349961771062,1.0391789307449006
2014-10-28,1.1477179018321353,0.9939802506474066,1.0397792194137785,1.0289002641985248,1.0120167202730557,0.9622530383532126,1.0426954185203097
2014-10-29,1.1569861245563116,0.9984698809146557,1.045264432712155,1.0340988030102873,1.0168048161029248,0.9668735484942318,1.0471224265423964
2014-10-30,1.1587250367502093,0.9992911982075563,1.0462982189339334,1.0350832149265428,1.0177244576506026,0.9677654864602122,1.0479732096120193
2014-10-31,1.1735864615825926,1.0064431518910713,1.0554162417340263,1.0438537604318194,1.0259533397499716,0.9758616007721073,1.055774199925109
2014-11-03,1.1630992076297046,1.001279817510635,1.0491567870058427,1.0378346715930746,1.0199463069577854,0.9699447407702895,1.0506775839944313
2014-11-04,1.1570040514861457,0.9982245503532716,1.0455001505706378,1.0343215213704848,1.0165342449788783,0.9666979881030875,1.0467791123877341
2014-11-05,1.1722598687748769,1.0059003415875865,1.0548548995517855,1.0433446135992754,1.02518524046976,0.9746843328631428,1.0556708506570827
2014-11-06,1.1744290272847904,1.0069645068926858,1.0561324127824558,1.0445748318639867,1.0264419661705768,0.9758456352331734,1.0569980725448853
2014-11-07,1.1772973360582297,1.0083775256296457,1.0578749835803485,1.0462643511288834,1.0281645630368685,0.9774549957847553,1.0587790164707338
2014-11-10,1.1852031121150224,1.0123224433163256,1.0628333691853507,1.0511130636165287,1.033092107542256,0.9821233561953095,1.0636302962299748
2014-11-11,1.1880893478182957,1.0138197168904735,1.0646634676980682,1.0529101994392194,1.0349395764832012,0.9838851747280837,1.06541439160223
2014-11-12,1.1851493313255204,1.0122783851611483,1.0627303710417957,1.050995239973091,1.032972570845242,0.9819795741347068,1.0635096473543673
2014-11-13,1.1895414291348496,1.0145751508087273,1.0656751880010098,1.0539182351641223,1.0359559721555776,0.9848285443253865,1.0663904984492223
2014-11-14,1.1929296188734748,1.0168654143767597,1.0680004877310116,1.0562361775035845,1.0383062803305103,0.9871129221001282,1.069026253963898
2014-11-17,1.1960847585242582,1.0191269745959133,1.0702221601223132,1.05846023187878,1.0405547288120554,0.9893300668878602,1.0714074357172474
2014-11-18,1.202735649492671,1.024445553336829,1.0750456068372425,1.063308553205499,1.0454420980118109,0.9942182001149379,1.0761637569526037
2014-11-19,1.2004947832634216,1.0225100070215085,1.073387268291371,1.0616391721436615,1.043734496864421,0.9924912087135239,1.07459010022457
2014-11-20,1.197321716682804,1.0193959459022084,1.070965596514798,1.0592009226093515,1.041271443311411,0.9900356971237377,1.0724214949547102
2014-11-21,1.2102111792334478,1.0315811015056509,1.0810080201733865,1.0692960407925602,1.0513883077410884,0.9999595831405679,1.0819305683960179
2014-11-24,1.2064465239683084,1.0281690275443731,1.0781592515673166,1.066457840053151,1.0483462074618204,0.9969787092699743,1.0791056752899169
2014-11-25,1.2066795740561505,1.028373388271284,1.0783275155282412,1.0666256019174012,1.048531057111353,0.9971541532707108,1.079274837414996
2014-11-26,1.2063389623893044,1.0280389047303105,1.0780416222372184,1.066340733894752,1.0482355538200756,0.9968562857126352,1.0790067180846095
2014-11-27,1.2052992004589325,1.0270590092887406,1.0771724890978227,1.0654764179908585,1.047338227703669,0.995960494756489,1.0782263859159749
2014-11-28,1.2051557850202608,1.026910013510954,1.0770357430064754,1.0653412776776146,1.047202682115919,0.9958236015304698,1.0780834724100976
2014-12-01,1.1932881574701548,1.015559207011123,1.0666542273035324,1.0550487734335363,1.0366459528253484,0.9851337125822343,1.0688245644727827
2014-12-02,1.20865153633789,1.0302802116429246,1.0795405604724087,1.0674970431645006,1.048514258026509,0.996807874155446,1.0790547909513917
2014-12-03,1.2040801692302208,1.0259691022687647,1.0759395293385743,1.064048281913164,1.044863401086984,0.9932295552497512,1.0757777101947759
2014-12-04,1.197411351331974,1.0195992850744247,1.070609025344235,1.0589606249595176,1.0395361882474583,0.988135386095323,1.0702352433015427
2014-12-05,1.208777024846728,1.0312157323896578,1.0797809683646518,1.0676754877128807,1.0484223692537642,0.9963363445384447,1.0777983282304482
2014-12-08,1.1961206123839263,1.0189096875797177,1.0698051914927602,1.0582153115500237,1.0382580794188976,0.9869063192458383,1.0682499212635594
2014-12-09,1.170538883510813,0.9963927171171559,1.0502964614902461,1.0399371980177248,1.020008201831819,0.9701755920164585,1.0449721386066781
2014-12-10,1.165250439209784,0.9925876561993219,1.046866340375622,1.036792848328074,1.017215734809176,0.967446137816103,1.0408057109145046
2014-12-11,1.1583844250833633,0.9877866363052517,1.0423975761343232,1.0326883660613357,1.013656501729526,0.9640130049500639,1.0357207871623964
2014-12-12,1.1295041411207947,0.967755179864041,1.0232877639560292,1.0150816295970608,0.9984797486674207,0.9497498414132451,1.013406900032339
2014-12-15,1.1083682908465124,0.9553922976322021,1.0115770478158577,1.0047114329560545,0.9902771643715672,0.9416804034299298,0.997831853383532
2014-12-16,1.1350973432290017,0.9701101592272429,1.0254561072096695,1.0169856788228213,0.9998124477183459,0.950803723504963,1.0094239001196288
2014-12-17,1.1359399089311994,0.9704622191522754,1.025821438429092,1.0173111558410206,1.0001139386451867,0.9510924256739733,1.009725674233769
2014-12-18,1.159155283066225,0.981475541323473,1.0369715102108559,1.0273540320377883,1.009076606343749,0.9598417850625132,1.0186283390069166
2014-12-19,1.1733713384245845,0.9875670706291805,1.0433662144273836,1.0331420679312608,1.0147534331198858,0.9653851314531251,1.0250573303883899
2014-12-22,1.1790003943924594,0.989899066896735,1.0458921337744427,1.035451787123995,1.0170834076227,0.9676734432991432,1.0276208290890145
2014-12-23,1.1828546843067687,0.9915190885038433,1.0476567433611312,1.0370878437358673,1.0187440915279713,0.9693234939722116,1.0295611683046866
2014-12-24,1.1849521350973462,0.9923987754843877,1.0486394048169938,1.0380106724171627,1.0196818132389667,0.9702662182725847,1.0305754961204654
2014-12-29,1.1891828905381696,0.9941708990372098,1.050688441987891,1.0399668097885792,1.021667978956092,0.9722953867238318,1.0333684869668294
2014-12-30,1.1736760962317625,0.9877044915155763,1.0429380145704894,1.0324487593619247,1.0140250158407251,0.9643789894874134,1.0228282577252534
2014-12-31,1.177100139830056,0.9891039780444947,1.044634441548054,1.0340855184363305,1.0155892715022772,0.9659134245042623,1.0251799605232397
2015-01-02,1.1738195116704346,0.9877624314024485,1.0429518743468758,1.0324353133962625,1.013995596033433,0.9643120036571641,1.0227146992358005
2015-01-05,1.1504069413072349,0.9780644802896126,1.03063168197863,1.0202410614422013,1.002258509250089,0.9526999451377631,1.0077502699380483
2015-01-06,1.1413179878813986,0.9743350543482714,1.0261263713157882,1.0159019203027215,0.998411814409613,0.9489090477534172,1.0041131314985614
2015-01-07,1.150873041482919,0.9782495426064021,1.0309281540060673,1.020547040971172,1.0024717794803226,0.9527760368015218,1.0079287249733015
2015-01-08,1.1777992900935819,0.9890758145298959,1.0446054252881845,1.0339071420865262,1.0143817635416892,0.9642333558124708,1.023060834284217
2015-01-09,1.1654476354379584,0.9844599692805897,1.038907658063039,1.0284509927038201,1.0087203947336087,0.9588285860314146,1.0169272323542262
2015-01-12,1.1655014162274602,0.9844801122274303,1.0389306343210902,1.0284718436265898,1.0087390542751928,0.9588369758965837,1.0169328088551408
2015-01-13,1.1728156035997308,0.9873691525775262,1.0424302183595258,1.0318803578536893,1.0121664919977613,0.9620519988135527,1.0212725379702783
2015-01-14,1.145261912444878,0.9764994224650815,1.0289547652546702,1.0185808010346735,0.99866952343842,0.9492355791678091,1.0044022053280883
2015-01-15,1.1650353160517763,0.9838653293071197,1.037855131351137,1.0270701088778202,1.006240410218633,0.9566345129159795,1.0121089960847247
2015-01-16,1.1742676849162845,0.9874380274555462,1.0418773624574311,1.0308721141350123,1.0098968800076757,0.9602167010224444,1.0157021830935613
2015-01-19,1.1805779642178513,0.9900076050870745,1.0446677762863206,1.0335487213190666,1.0125007697835788,0.9627942115329198,1.0188643948483214
2015-01-20,1.1867806819404143,0.992712549272761,1.04747139432313,1.0362834719598866,1.0151749781947659,0.9654747349699131,1.021741080351846
2015-01-21,1.2061238392312967,1.0011696326306199,1.056428902958409,1.0451737867952071,1.0239101661454144,0.9743405343780882,1.0309878017188294
2015-01-22,1.2184217130974184,1.0066246708856352,1.0619446297048258,1.0506152741698709,1.0296723323414894,0.9801713029959195,1.0370362536517095
2015-01-23,1.224911261697325,1.009511034181798,1.0648698273385035,1.0535266684757028,1.0328308414295877,0.9833768642967767,1.0412799699281456
2015-01-26,1.2284249399447884,1.0110698630182529,1.0664839171746865,1.0551554321171872,1.0346072125398826,0.9851941766941823,1.0438080612782754
2015-01-27,1.221110752572518,1.0078282439159734,1.063006271375216,1.0515732578245056,1.0307099255442544,0.9811487662610214,1.0390369315862604
2015-01-28,1.2236743035387794,1.008952924374323,1.0642466071130092,1.0528574580891477,1.0320843810670874,0.9825081143852685,1.0407481253855277
2015-01-29,1.220931483274178,1.0077466635128518,1.0628643532493152,1.0513959154967571,1.0305351056256158,0.9809418541460354,1.0390523699440302
2015-01-30,1.2099602022157718,1.0027216714757186,1.0571918106616793,1.0453363420274853,1.0241574315754327,0.9746007748975098,1.0319011382041905
2015-02-02,1.2159119429206589,1.0053904591862142,1.0602987992034716,1.0486326538639092,1.0274648056728721,0.9777375043588282,1.0349809767445757
2015-02-03,1.2319027643325837,1.0125687866603152,1.0688324844029675,1.0577787486296455,1.0367301558304034,0.9866544303945008,1.043653586694892
2015-02-04,1.229787386612172,1.0115229502815277,1.067722545099644,1.0566020378645842,1.0354438856197996,0.9854216394748931,1.0423912679548237
2015-02-05,1.2308450754723779,1.0120396824846278,1.0682820174733862,1.0571953281203117,1.03608953836167,0.9860395083772119,1.0430147104546885
2015-02-06,1.2286042092431282,1.0109248204823316,1.0670283963454863,1.0558334901965487,1.0346265895404902,0.9846143525773645,1.0417070964853545
2015-02-09,1.2257000466100207,1.009292355729387,1.06535685858413,1.0540016361132138,1.032676398783764,0.9827427502373192,1.03985096691292
2015-02-10,1.2242479652934672,1.0084435288798,1.0644908247420182,1.0530437314491063,1.0316699795140205,0.9817951492313499,1.0390188251798222
2015-02-11,1.2222939299415616,1.0073219428431508,1.0632921538601434,1.0517068030488044,1.03027373586394,0.9804723112770998,1.0378121214479328
2015-02-12,1.2240686959951275,1.008340976630313,1.064392739813989,1.0529366614647266,1.0315535898224237,0.9816804094362779,1.0388220343145416
2015-02-13,1.232207522139762,1.0143853283466084,1.0696333733981627,1.0588524351750843,1.037654300750519,0.9875226108651232,1.0434696755705708
2015-02-16,1.2292675056469866,1.0118466160410384,1.0677119928685739,1.0566444549881022,1.035340755938922,0.9852573175577906,1.0416487337512035
2015-02-17,1.2366175468789253,1.0180812273243456,1.0726328109338963,1.0622898275024926,1.041169426629567,0.9908577173245267,1.0471459761197566
2015-02-18,1.2366175468789253,1.0180797671258566,1.0726269012858445,1.0622860945142345,1.0411555972429627,0.9908410695175365,1.0471331892267086
2015-02-19,1.2349682693341975,1.016676674413742,1.0714574515560844,1.060943052098653,1.0397594559731247,0.9894487215191905,1.0459250152812023
2015-02-20,1.2396830518805386,1.0212915243298497,1.074851117080121,1.0648359348772276,1.0437824126234716,0.9934173387358524,1.049344798239745
2015-02-23,1.2391452439855188,1.0206630108529182,1.0744433878867825,1.06437016440585,1.0432984152290246,0.9929262170141225,1.048935841111643
2015-02-24,1.2458499157434335,1.0280353345286173,1.0795381767427603,1.0702047017729328,1.0492897944685884,0.998995506333494,1.0537662680139137
2015-02-25,1.2433042917070058,1.025266866695109,1.0775676527814138,1.0679798139876637,1.0469502900063756,0.99659913973662,1.0518190148489808
2015-02-26,1.2458678426732674,1.0281304110427036,1.0795891365155468,1.070257774160958,1.0493075316820741,0.998969465401021,1.0536674501129246
2015-02-27,1.2453300347782477,1.0275229791594385,1.079136000427795,1.069750181575823,1.04879129914393,0.9984266313257257,1.0532737586190053
2015-03-02,1.244236492058374,1.026269411554027,1.078199416343706,1.0687057284131993,1.0477367117260805,0.9973173494457971,1.05234318719067
2015-03-03,1.2350041231938658,1.0147861971567478,1.0701706845475183,1.0597995570778764,1.0387889273878905,0.9879385258718236,1.0449484940397251
2015-03-04,1.2404001290738986,1.0212284308652937,1.074791807733803,1.064642561917624,1.0433188629926444,0.9924561729537731,1.0488176269014393
2015-03-05,1.2479115126743432,1.0304831313459286,1.081329470030853,1.071489716310554,1.0498651917043826,0.9990906199673448,1.0545193958291408
2015-03-06,1.2390735362661827,1.0195359782288878,1.0736092036864748,1.063516457758628,1.0419606352311372,0.9910271856926524,1.0478584847950323
2015-03-09,1.2327453300347817,1.0117255048287286,1.068125754007119,1.0580302657494625,1.0367663507744083,0.9859282283338993,1.0431989018860481
2015-03-10,1.2016062529131295,0.9733913115206322,1.0408814697484203,1.0313172256214758,1.0121116478115617,0.9626975638244392,1.0215826862791304
2015-03-11,1.2049585887920868,0.9755584125035838,1.042832558988129,1.032953126024713,1.0133391163700278,0.9640712929447814,1.0239149430913768
2015-03-12,1.2120576530063496,0.9807204291165754,1.047389956984838,1.0369720156219304,1.01652797562664,0.9675317165463909,1.028727176367312
2015-03-13,1.2083826323903804,0.9780929498661296,1.0449849156621924,1.0348130292204338,1.0147845523834635,0.9656191657811878,1.0262632281203792
2015-03-16,1.2197662328349683,0.9861965710758804,1.0526116308966782,1.041718958139302,1.020349431678482,0.9716040428489731,1.0336981959195726
2015-03-17,1.2257717543293571,0.9903629575883197,1.0565886823974613,1.045261703543994,1.023331333014108,0.9747983615945407,1.037683615605259
2015-03-18,1.2450611308307376,1.0036212101848252,1.069606104959618,1.05706983692865,1.0333957288608178,0.9856556877234323,1.0516661947148331
2015-03-19,1.248126635832351,1.0055149146065536,1.0714854950434862,1.0587356393823015,1.0350530603104486,0.9874234617605266,1.0538285726468928
2015-03-20,1.258918647592417,1.0122905807422307,1.078388559703814,1.0650040255514173,1.0412137025090609,0.9940454091125488,1.0617435054749276
2015-03-23,1.2616435409271844,1.0139524909216484,1.0801279459438653,1.0665969582467627,1.0428260207175677,0.9957762073916917,1.06370340085018
2015-03-24,1.258416693557065,1.0119692443117214,1.0779966393696168,1.0645962847749542,1.0407927270888697,0.9935658524059136,1.0614269796578981
2015-03-25,1.2532716646947082,1.0088166072922025,1.0745080525522572,1.0612820109460888,1.0374599225251913,0.9900671181126506,1.057470944560977
2015-03-26,1.2361155928435734,0.998287808466557,1.0626293903475081,1.0499233867707125,1.0262264905351732,0.978730251616052,1.0441191055794687
2015-03-27,1.2288910401204727,0.9940910615398446,1.0578839336169548,1.0455638656918183,1.022287959806967,0.9748293745373717,1.0382529384094272
2015-03-30,1.2354164425800473,0.9978366754282161,1.0622129136399217,1.0495511853542971,1.025817678795757,0.9781751759169185,1.04313434532397
2015-03-31,1.2141909576565952,0.9857882765238039,1.0478703216391025,1.0361356584634218,1.0137607196837577,0.9665979297497895,1.0278134566284722
2015-04-01,1.220734287046004,0.9892119043976166,1.0518469886387172,1.0396411322548087,1.0166414181337708,0.9693865149039449,1.0312967197780547
2015-04-02,1.2250367502061632,0.9914783297308876,1.0545273727442341,1.0420575233915326,1.018669774649861,0.9713709374633971,1.033477845702423
2015-04-07,1.248037001183181,1.0036053506559572,1.0692454848051296,1.0556244395676313,1.030147571267626,0.9827823414766286,1.0481525673953065
2015-04-08,1.2436628303036856,1.001461681515561,1.0666923245901991,1.0533343798022854,1.027848429545793,0.9805313738742281,1.0453354743557535
2015-04-09,1.2576458355742028,1.0083033386574296,1.07494472566783,1.060838698254747,1.0354065601176232,0.987778220201966,1.0528625204308966
2015-04-10,1.2709834713706967,1.0146794220036275,1.0826786207436092,1.0679157253511793,1.0429376973921285,0.9949857480563312,1.0608019749504503
2015-04-13,1.2664121042630276,1.0120116181855892,1.0800547152314803,1.0655006766056248,1.0402194645223661,0.9923865250462972,1.0575418046919594
2015-04-14,1.2683840665447674,1.0131201402237062,1.0812069761375234,1.0665754966389294,1.0414065075036931,0.9935013474781901,1.05885981767121
2015-04-15,1.2722383564590767,1.015301339788643,1.0835346629201748,1.0687980892449724,1.0438318725872247,0.9957958735606334,1.0616090818518387
2015-04-16,1.265730880929336,1.0115831660105616,1.0794695114578798,1.0648228010767862,1.0395183864828226,0.9916384173775334,1.0566224888566766
2015-04-17,1.2539170341687322,1.0048279669653637,1.0719438920867135,1.0574039790179,1.0316371599914567,0.9843535398512816,1.0473890465232005
2015-04-20,1.2642250188232802,1.010536825900342,1.0784706191461575,1.0637228163897547,1.0378225109060057,0.9899155695629797,1.0534407324412085
2015-04-21,1.2661611272453517,1.0116470538344156,1.079696238251466,1.0649136584844845,1.0390267607858017,0.9910067032639336,1.0546381210949225
2015-04-22,1.2599404825929548,1.008018331299417,1.0756253911913818,1.060872790728712,1.0349043938250602,0.987191588869272,1.0507222490937653
2015-04-23,1.264511849700624,1.0107199387397334,1.078662496663814,1.0638908025013873,1.0379166743093438,0.9898662409297302,1.053702576035615
2015-04-24,1.2675594277724034,1.0125165229614888,1.0807310151389342,1.0659686201606704,1.0399923469131886,0.9917408172376493,1.0555588700286924
2015-04-27,1.2735290954071241,1.016038820708813,1.0849045535470538,1.070220971231148,1.044239814377134,0.9956461530125322,1.0595589766716236
2015-04-28,1.2603528019791366,1.008260550300157,1.07548710359945,1.0605573436784994,1.034458237405665,0.9865121970568965,1.051747944502345
2015-04-29,1.2452583270589113,0.9990320023914415,1.0649632338255084,1.0502238062402198,1.0248998584866407,0.9776814174248638,1.0444799400324756
2015-04-30,1.2478218780251729,1.0005208785957487,1.066662421332996,1.0518015788661543,1.0262318754361424,0.9788961708741416,1.0459122938552456
2015-05-01,1.2523753182030082,1.0032079174252764,1.0697874175279205,1.0547807549632506,1.0288062924225259,0.981283373314449,1.0483810666013424
2015-05-05,1.2419059911799541,0.9961436049667667,1.0623934705133713,1.0476125666764167,1.022534581425692,0.9753749045757786,1.0429268433956997
2015-05-06,1.2429995338998279,0.996841851104969,1.0631582378138296,1.0483328904944238,1.023139064048869,0.9759098481259375,1.0434483216569947
2015-05-07,1.2346276576673514,0.9913806059333153,1.0570877454590555,1.0424614046229463,1.018114770843848,0.9712703718383957,1.0390185631063247
2015-05-08,1.2632748915420782,1.01286958016273,1.077943524298626,1.0624064680148273,1.034956572090843,0.9862334094167932,1.0529732903538567
2015-05-11,1.2602452404001325,1.0109536638469352,1.0760716169219606,1.0607311978029976,1.0330812139038086,0.9845811350353164,1.0513829006021258
2015-05-12,1.2430174608296618,1.0001576293197214,1.0656025011723713,1.0513587619940865,1.0221164059001828,0.9750379359764585,1.0421761947125938
2015-05-13,1.2458499157434333,1.0018913187313945,1.0672448873892997,1.0528020370119575,1.0235155656202366,0.9762949188509098,1.0434831823016162
2015-05-14,1.2500448173245884,1.0044660269776895,1.0697593083775838,1.0550658346067194,1.0257946578641228,0.978358748657554,1.045560029506505
2015-05-15,1.2478039510953387,1.0030956872059833,1.0683655403188634,1.053771061827596,1.0244875768817487,0.9771502358146736,1.0444532720277335
2015-05-18,1.2493098132013942,1.004018592624006,1.069312197727401,1.0546553242619958,1.025376993053102,0.9779651766393648,1.0452074613414304
2015-05-19,1.2540066688179015,1.0069163254811622,1.0723796865267465,1.0575981820433167,1.0283231689448284,0.9806977952345906,1.0473738274089894
2015-05-20,1.2561937542576491,1.008289894844815,1.073837653578468,1.059017322935719,1.02974888515247,0.9820352385991844,1.048468142304206
2015-05-21,1.257305223907357,1.00900085464516,1.0745931324391704,1.0597615192523187,1.030496744537179,0.9827439749838753,1.0490649077133078
2015-05-22,1.2605679251371444,1.0111201354195498,1.076903789864086,1.0620860660666176,1.032820953859312,0.9849944652987409,1.0513122194714022
2015-05-26,1.2457423541644292,1.0014298559218031,1.0660443389063154,1.0510055159870588,1.0217527806640287,0.9740902936032663,1.0415993040602516
2015-05-27,1.2608547560144885,1.010859798390845,1.0766073130130966,1.0611085899641601,1.0307032912734058,0.9828010554284066,1.0515897760959867
2015-05-28,1.262217202681872,1.0116442983882117,1.077502312493188,1.0619387706344525,1.0315375725863372,0.9836134287060343,1.0524869093133098
2015-05-29,1.252088487325664,1.0056096121816471,1.070494044925056,1.0552348868752595,1.0248794959803853,0.9770354031441515,1.0456512619792981
2015-06-01,1.246566992936793,1.0022605757610543,1.0666820281769405,1.0516312690606182,1.021463444089249,0.9737970707809144,1.042496871709369
2015-06-02,1.242031479688792,0.9993627379283534,1.0634738996239845,1.0485803477442852,1.0186301785286365,0.9712168913819706,1.0400107814444466
2015-06-03,1.2460112581119391,1.0018824301610292,1.0663396980914364,1.0513205435248811,1.0211623483728134,0.9734662024564097,1.0419591840413571
2015-06-04,1.2296439711735,0.9915082153530784,1.054204450972059,1.0395512953380237,1.010216880510452,0.9636144021537559,1.0329591180700943
2015-06-05,1.219855867484138,0.9855044729467909,1.0473673769545597,1.0332726898896045,1.0048593003983233,0.9587113457976167,1.0276634889047407
2015-06-08,1.2172385357283744,0.9839220407544363,1.0455465723860464,1.0316135467432899,1.0034697485812891,0.9574708457252905,1.0264312253209502
2015-06-09,1.2107489871284676,0.9799615431392599,1.0408892046665106,1.0273040255259662,0.9998567107737745,0.9542994538285281,1.0228235454072425
2015-06-10,1.2244630884514751,0.9907595696995805,1.0508583104832552,1.0365428552243579,1.0075748836838194,0.9608963144457989,1.0316996636309113
2015-06-11,1.2274031049442504,0.9928474720876718,1.0528989152812847,1.0384035412576456,1.0092940203691803,0.9623750811021745,1.033280875637649
2015-06-12,1.2163242623068404,0.9840832245339066,1.0449205210983625,1.0309702251647859,1.0024017088274448,0.9563253779211068,1.0269168898002583
2015-06-15,1.202986626510347,0.9739027336369628,1.0354388498719351,1.0222811399650624,0.9946872022677238,0.9496763961923801,1.0187334299636976
2015-06-16,1.202914918791011,0.9738336055219083,1.0353759947447778,1.0222160130145825,0.9946162841990326,0.9496137677171806,1.01868923593606
2015-06-17,1.197626474489982,0.9699501897665243,1.0316019213582186,1.0187625980130413,0.9916791040483577,0.9470450140285185,1.0158064004918483
2015-06-18,1.202520526334663,0.9735499553373307,1.0351480798166128,1.0220285635204642,0.9944452607030336,0.9494319303759842,1.0191473316849466
2015-06-19,1.202986626510347,0.9738911616851184,1.0354842926872456,1.0223370915102061,0.9947049367573203,0.9496544123941643,1.0194399668700258
2015-06-22,1.2236384496791113,0.9891121057818503,1.051266599547087,1.0373322060542656,1.0076710266167495,0.9612540596519664,1.0322220858728814
2015-06-23,1.225287727223839,0.9900896871529926,1.0523217646399108,1.0382440821704533,1.008735986395796,0.9622010660254614,1.0332678563776598
2015-06-24,1.2270624932774048,0.9912123725581995,1.0535400428756265,1.039345409177166,1.0099375637382566,0.9632804995716739,1.0344151198197375
2015-06-25,1.220429529238826,0.9868037847116874,1.0487890380207965,1.0349203313940796,1.0051618736228538,0.9588676600892081,1.029437903921055
2015-06-26,1.2107310601986339,0.9798774454998015,1.0417446721781833,1.0283514167706274,0.9983671314759535,0.9527959376098497,1.023008238684454
2015-06-29,1.1868523896597503,0.963121658026144,1.0244677669050677,1.0124262521965126,0.9829461502982695,0.939310387850376,1.0086263483348765
2015-06-30,1.1690150944749236,0.9519137047213543,1.0133218210855583,1.0029248164169369,0.9751272283878055,0.9317927803569862,0.9983808868722809
2015-07-01,1.1847190850095046,0.9612452222485519,1.0225627197259834,1.0106952704627512,0.9812609346865727,0.9375667827446601,1.0087325118631747
2015-07-02,1.1886450826431496,0.9633702139083352,1.0247863248718339,1.0125912981361753,0.9828786874913547,0.9391022571582465,1.0105969701712734
2015-07-03,1.1806317450073531,0.9589844759899274,1.0200964862082234,1.008472343515287,0.9793108458158429,0.9356456349708016,1.0054551372437015
2015-07-06,1.1716503531605207,0.9538971319557328,1.0147582221888682,1.0037082544114504,0.9752229198037573,0.9318353623718925,0.9995372539397321
2015-07-07,1.1530959807823342,0.9433696558999133,1.0036079982670185,0.993643538154294,0.9666825569394049,0.9241320638722279,0.9874149504435489
2015-07-08,1.1635832347352224,0.9490144032576161,1.0095564242384734,0.9988660552342833,0.9708843868787067,0.9279292857142704,0.9939207477925865
2015-07-09,1.1798788139543255,0.9575054034452539,1.018832675045682,1.0071754955705332,0.9778651633119386,0.9343288119750526,1.0043834965756595
2015-07-10,1.1963357355419344,0.9658785288640338,1.0278539999362215,1.015270964355091,0.9853315425326921,0.9412148336482012,1.0140854936843189
2015-07-13,1.2079165322146963,0.9714328530480666,1.0339954329496313,1.020800175329803,0.9908833406911567,0.9463510240870885,1.0207724300285193
2015-07-14,1.2107489871284678,0.9727754006028512,1.0354979688164503,1.0221716879981892,0.9923062554892743,0.9476748181854837,1.0225080091819092
2015-07-15,1.2107489871284678,0.9727678061013811,1.0354884409095748,1.022153904768912,0.992287876682151,0.9476526967372579,1.0224958577848895
2015-07-16,1.2184037861675843,0.9764954563956902,1.039789646133827,1.0263177234737608,0.9966277660468531,0.9518296741925648,1.0278046303626487
2015-07-17,1.214567423183109,0.9746348644699792,1.0375899318630002,1.0241403670052394,0.994285229890989,0.9495399604446304,1.0247700637111314
2015-07-20,1.2170054856405323,0.9758175046753873,1.0390146032715175,1.0255680499516742,0.9957988992452533,0.9509800632142603,1.0269279104743214
2015-07-21,1.2134918073930692,0.9741149171702299,1.0368764873383738,1.023356435022568,0.9934696869414303,0.9487504177346964,1.0238241085589885
2015-07-22,1.1952421928220605,0.9646140182103374,1.025498254299611,1.011449791684399,0.9811024771203071,0.9372967580873129,1.0067694639424956
2015-07-23,1.1930371804524789,0.9635038493825742,1.0241763461985005,1.0101405494806992,0.979885086830563,0.9361406268154179,1.0049917114844307
2015-07-24,1.1795561292173133,0.9567942507045969,1.0159702803097683,1.0020016212847207,0.9726677916047944,0.929295748686309,0.9941868860528793
2015-07-27,1.166164712631318,0.9502227151748356,1.0079462011510978,0.9942499052268082,0.9660921305613489,0.9232321304624369,0.9862863357332707
2015-07-28,1.175164031407984,0.954596531076215,1.013254093393073,0.9992684033637765,0.9702026335999396,0.9269112984749331,0.9916451132910183
2015-07-29,1.1887347172923195,0.9616065701976205,1.021318744948159,1.0070042260234497,0.9767984867860111,0.9329063238336429,1.000802245490164
2015-07-30,1.1955290236994043,0.965202003471543,1.025269521987177,1.010773404152344,0.9802848419757899,0.9361057337944106,1.0053831046416748
2015-07-31,1.2004410024739194,0.9678917422108343,1.0281731158314664,1.0135933556122052,0.9829484522610266,0.9385777629413854,1.0083949597350204
2015-08-03,1.1990606288767018,0.9671340360511858,1.0273272027802507,1.0127445342415309,0.9821327880791734,0.9378073070806078,1.0074468439375983
2015-08-04,1.1987020902800218,0.9669292535197499,1.0270917623949114,1.0124976427439436,0.981896610209302,0.9375881086115202,1.0071046548279718
2015-08-05,1.2104980101107916,0.9736405958647686,1.0346886239654383,1.0203612912460849,0.9894212552699198,0.9446819741547549,1.0151077316260935
2015-08-06,1.20954788282959,0.973023443245712,1.0340796737996962,1.019734095697799,0.9887659571651428,0.9440573710929158,1.0144691103599883
2015-08-07,1.2044207808970668,0.9698010037424903,1.030702296716239,1.016224964463312,0.9851617963756366,0.9406396022372095,1.0105275064222905
2015-08-10,1.2075938474776842,0.9718763167163074,1.0328254669451424,1.018432455904129,0.987385162329277,0.9426524934806513,1.0130576803473377
2015-08-11,1.1947402387867085,0.9626825528865142,1.0239412403132893,1.0090555024889436,0.977975776541245,0.9339364616165091,1.0052099000421801
2015-08-12,1.1780144132515897,0.9508594032892901,1.0126547951612368,0.9977663891242674,0.9677342428645755,0.9244800054798682,0.9927614006799526
2015-08-13,1.1774945322864039,0.9504879357154016,1.012300559738445,0.9974101012721358,0.9674090385384024,0.9241799928032599,0.9923615466024562
2015-08-14,1.1743393926356205,0.948411545030713,1.0102149878424118,0.9954060828242937,0.9657354115610113,0.9226028955240958,0.9902195812271553
2015-08-17,1.1742676849162845,0.9483529695412344,1.0101557154440028,0.9953412105240357,0.965678966092341,0.9225576956456294,0.9901359764691772
2015-08-18,1.1699652217561254,0.9454466255848761,1.0071430741931386,0.9923416595371423,0.9631391967045895,0.9201889183948012,0.9872876196353568
2015-08-19,1.1479509519199773,0.9304973239373774,0.9914007967219961,0.9766043044206837,0.9497951541542008,0.9081654771334846,0.9744988341167754
2015-08-20,1.1415689648990743,0.9265666139820066,0.9873593549483611,0.9729537706425262,0.9469491168169382,0.9054368607152024,0.9702349335255737
2015-08-21,1.1092646373382122,0.9056663868918425,0.9667654618599231,0.9542748439874589,0.9324574265117296,0.8919224476060655,0.9486649328577618
2015-08-24,1.05749166397763,0.8784222515897496,0.9405392679927101,0.9326605642137835,0.9166432799422344,0.8758595535155081,0.9191294633834735
2015-08-25,1.09019038399484,0.8908207065338805,0.9520849429488444,0.9416278458462976,0.9230051668092448,0.8828868256359379,0.9306789613930235
2015-08-26,1.0718869886343292,0.8847815583252818,0.9461466811182396,0.9369166745638811,0.9192001258394794,0.878539189173386,0.924686335978367
2015-08-27,1.110035495321074,0.8973899170618674,0.9586296803869887,0.9471475693436505,0.9274037150596932,0.887504933777229,0.9396017237302402
2015-08-28,1.120056649098278,0.9002642869149856,0.9615504928984713,0.9495557761752343,0.9296632615741363,0.8900455255808972,0.9428118764635156
2015-09-01,1.0861030439926884,0.8905691456154371,0.9514228902288062,0.940872491513668,0.921407201502517,0.8804788983189326,0.9305941965739051
2015-09-02,1.0905489225915195,0.8917937514660009,0.9526965255569241,0.9419670007731151,0.9223517816964425,0.8815130081125189,0.932030330010367
2015-09-03,1.1104119608475878,0.8972584807811711,0.9585757664927178,0.9472229866270969,0.9269703186202902,0.8867687143587034,0.9385222286108367
2015-09-04,1.0833064429385846,0.8901217987444869,0.9506277568698952,0.9399276791051905,0.9202306373714247,0.8788895699404411,0.9269663101601068
2015-09-07,1.0889713527661276,0.8916149852744129,0.9522746378178828,0.941444685109298,0.9215470859375205,0.8803267477932264,0.929483402152084
2015-09-08,1.1018070345272692,0.8949707245531133,0.9561046809285978,0.9451074904000547,0.9247693748332253,0.8839677306760858,0.9351909901823688
2015-09-09,1.1166684593596523,0.8987593537419343,0.9605883810543028,0.9495318283365555,0.9287630135930676,0.8885889903199532,0.9426897335133075
2015-09-10,1.1035459467211668,0.8954922717667091,0.9566043210802356,0.9454909842840635,0.9249741871969328,0.8841145844281105,0.9374540160528868
2015-09-11,1.096733713384248,0.8937850616254819,0.954482449287396,0.9432879195124914,0.922950751550562,0.8818706531158419,0.9343207434275719
2015-09-14,1.0907819726793613,0.8922769392071945,0.9525682671891768,0.9412320992633928,0.9210629337044772,0.8798510267134513,0.9313390820439863
2015-09-15,1.1002832454913796,0.8946929530253727,0.9557080649235077,0.944698545311446,0.9242447869625011,0.8831765700609893,0.9343664739090821
2015-09-16,1.1167043132193204,0.8988065147498918,0.9612318794821149,0.9512599292398363,0.9302197045963064,0.8894965345302803,0.9396965398309219
2015-09-17,1.1091391488293738,0.8969606277882916,0.9586942556049818,0.9482565815950502,0.9272545372157036,0.8863145872449786,0.9360006911765621
2015-09-18,1.0942777239969907,0.8933255208978818,0.9535571781768595,0.9419681154611825,0.9212012626872342,0.8801633940259801,0.9285161666835362
2015-09-21,1.0951023627693546,0.8935297403449691,0.9538450684979213,0.9423149660944905,0.9215068190270976,0.8804484811674159,0.9287866162642354
2015-09-22,1.0641067010863745,0.8858109983430792,0.9426239147859423,0.9281386853391335,0.9086171653581223,0.8677414447756807,0.9174795976416117
2015-09-23,1.0813882614463473,0.8902015622424827,0.9485273623013672,0.9342947041757788,0.9136076630508309,0.8728993366481325,0.9252125588619701
2015-09-24,1.0687139220537116,0.8865517680706718,0.9442272946670277,0.9297532850663388,0.9096231888860519,0.8686879266431984,0.9196394634123415
2015-09-25,1.0951561435588566,0.8946764729668383,0.9533926144304673,0.9396168597030732,0.9180901754234859,0.8771863568261552,0.9298283066483173
2015-09-28,1.0682478218780276,0.8867287704162257,0.944536235966833,0.9305743627959772,0.9089048907260152,0.867771186448803,0.9192485925369432
2015-09-29,1.0593381377505313,0.8838908568923574,0.9416577116565001,0.9277598403566288,0.9063332894183626,0.8651664982049195,0.9151566965290432
2015-09-30,1.0866587788175424,0.8926798288481554,0.9507187622564909,0.936964194427376,0.9145717688965553,0.8732765015400283,0.9276935665437955
2015-10-01,1.088612814169448,0.8933052960182983,0.9513273550722962,0.9375547291300216,0.9151861021529198,0.87389171005105,0.9285200437687628
2015-10-02,1.0989207988239962,0.8966184169009503,0.9546633669488775,0.9409986347473609,0.9187434652685013,0.8775506330373121,0.9319586255669872
2015-10-05,1.1291993833136165,0.9065258587129369,0.9646254957881923,0.951711490314523,0.929981552331367,0.8893155740819677,0.9431242374465779
2015-10-06,1.1340934351582974,0.9080931383523266,0.9661270109428999,0.9532112058784368,0.9318952532871234,0.891340723799061,0.9446575910548893
2015-10-07,1.135921982001365,0.9086777487348994,0.96670105689829,0.9538106999087735,0.9326517938027254,0.8921485594997625,0.9452347471599373
2015-10-08,1.1428059230576197,0.910897536908705,0.9689414689220633,0.9563035413920595,0.9357550014062922,0.8954998445453811,0.948176737387213
2015-10-09,1.1502276720088942,0.9133127455629549,0.9714140548730077,0.9591798654958125,0.9393284446685912,0.8993840318671159,0.951329401600325
2015-10-12,1.1421605535835957,0.910648354654371,0.9686566285576909,0.9558241339637614,0.9351522724885076,0.8948206590708553,0.9475898505135845
2015-10-13,1.1369796708615707,0.9089345666665426,0.9668326841150408,0.9535431883358613,0.9324766954540595,0.8920794960830044,0.9445184059521712
2015-10-14,1.1239467928722553,0.904606572812337,0.9621079782236899,0.9474322619965506,0.9254820763869751,0.8853103333764177,0.9366864057481178
2015-10-15,1.1363343013875469,0.9086933780468797,0.9666748359334045,0.9532236142106771,0.9314981851038415,0.8908845821892788,0.9434794138156685
2015-10-16,1.1433795848123076,0.9110251657769353,0.9692892763943277,0.9565398057329761,0.9351367805562322,0.8942945736494944,0.9479160201420928
2015-10-19,1.1387723638449705,0.9094976273476573,0.9675349434669394,0.9542378266598375,0.9325741864028712,0.8918623738476625,0.9448060655947784
2015-10-20,1.1374816248969228,0.9090551556860796,0.9670235478360892,0.9535396319945522,0.9318238803816755,0.8911867882403063,0.9439594034405364
2015-10-21,1.1380732135814446,0.9092558133965619,0.967255505280788,0.9538526945685553,0.932163462202798,0.8914969474412358,0.9443411665134148
2015-10-22,1.1430748270051299,0.9111528906736823,0.9693309160312434,0.956852849452851,0.9353461546199636,0.8944329204977036,0.9471661330492919
2015-10-23,1.1552292854325796,0.9159302379899169,0.974513450259698,0.964534253344985,0.9435133098900649,0.9020669097061385,0.9545896435139557
2015-10-26,1.1503710874475666,0.9139711206546762,0.9724301681772775,0.9615727986808421,0.9400678055637816,0.8988149573922514,0.9524007120108385
2015-10-27,1.1411028647233903,0.9099476866067885,0.9683348001758526,0.9556892168492114,0.9335176100540105,0.8928739923903832,0.9464881727444812
2015-10-28,1.1540998888530378,0.9163829265041108,0.9741837443045236,0.9638234183399983,0.9418213253313928,0.9001909793496865,0.9544949712520279
2015-10-29,1.146570578322759,0.9125640000048866,0.9708010409351293,0.9593397530931707,0.9367272757714221,0.8956460443803984,0.950163458654177
2015-10-30,1.1403499336703622,0.9089957766561201,0.9679324556773167,0.9555643812243719,0.9326877199106033,0.892149437123348,0.946598526264195
2015-11-02,1.1404754221792002,0.9090596572925114,0.9679853808278801,0.9556323425397026,0.9327651037104882,0.8922048005750919,0.9466400169836072
2015-11-03,1.1443834928830114,0.9112712057538845,0.9698816919516946,0.9582076711641841,0.9353868445753105,0.8944393270935356,0.9489492443546308
2015-11-04,1.1496360833243724,0.9151006580468312,0.9725023535614362,0.9618468474742157,0.9390885947615358,0.8976540704966182,0.9519956999952861
2015-11-05,1.1410311570040539,0.9086652926252827,0.968087825702273,0.9556493314649233,0.932705903601015,0.891998835112569,0.9472419882046642
2015-11-06,1.1390412677924804,0.9072112098209585,0.9670463292000283,0.9542464463701839,0.9313271720987891,0.8907959512668168,0.9461152801977196
2015-11-09,1.1285360869097583,0.8994657918412384,0.9613910177139119,0.9465193517490238,0.9239362582382084,0.8844514765192808,0.939324354632857
2015-11-10,1.124968627872793,0.8968679294063916,0.9594581300809047,0.9440459279246564,0.9216891126541362,0.8825242691637275,0.9372937249774687
2015-11-11,1.1288946255064383,0.8997647298697636,0.9616375837689727,0.9468320594344588,0.9241837127759363,0.8846245641746279,0.9398030576341082
2015-11-12,1.1076512136531522,0.8840548148827919,0.9494831337559884,0.9310430137005914,0.9098886255071245,0.8724013095036574,0.9241897203220661
2015-11-13,1.0968233480334184,0.8768091509993908,0.9437361980927006,0.9251087544084957,0.9050617929479733,0.8677968661828185,0.9168313802574835
2015-11-16,1.1018608153167715,0.8802666494283331,0.9464132064647649,0.9278056056979177,0.9072168457613533,0.8697696234835731,0.919904267463868
2015-11-17,1.1238033774335834,0.895529826702575,0.9583383514519275,0.9402287808337236,0.9172988074402869,0.8791803036881461,0.9321202153649023
2015-11-18,1.1256319242766508,0.8965368504350112,0.9592252766771372,0.9410287200956782,0.91817579645813,0.8800074028605549,0.9332783888913059
2015-11-19,1.1347567315621552,0.9018582346148537,0.9638963745750315,0.9456062534950335,0.9229395569558049,0.8845619088130787,0.9387511365605999
2015-11-20,1.1355992972643532,0.9023299158915721,0.9643288410891141,0.9460342079581288,0.9233896337888547,0.88499389654188,0.9392498508980408
2015-11-23,1.13038256068266,0.8993418552046342,0.9615362639014486,0.9430977167233113,0.9202745554427708,0.8819591746601763,0.9354519241826712
2015-11-24,1.125309239539639,0.896310067022566,0.9587507930177396,0.9401054647817003,0.9171935117200927,0.8791000683875605,0.9323102997786024
2015-11-25,1.136137105159373,0.902756897358526,0.9648275406644962,0.9467382327470498,0.9238821210856859,0.8850479741026298,0.937780478933567
2015-11-26,1.1460865512172411,0.9085627399769626,0.970399161619072,0.952715912032391,0.9303512502838858,0.8908773265340352,0.9441836272715672
2015-11-27,1.1428776307769557,0.9066513456237688,0.9685968306156439,0.9507923948797583,0.9281311546564214,0.8888426162227451,0.9422163554871641
2015-11-30,1.1394535871786624,0.9045887712097963,0.9666094648730758,0.9486033706020391,0.9257022968435705,0.8866969728916057,0.9401598653833202
2015-12-01,1.146552651392925,0.9088887171187722,0.9708203423556322,0.9533121264340255,0.9308214445603537,0.8911209109933383,0.9441314213336404
2015-12-02,1.151070237711092,0.9115813449916915,0.9735384355832492,0.9563639605518536,0.9342089252651699,0.8940915554303829,0.9471034250200463
2015-12-03,1.124914847083291,0.8959991687082314,0.9573857326809662,0.9379086560905057,0.9136872292564774,0.87570813357209,0.931086978635829
2015-12-04,1.1183356638342143,0.8925558012265223,0.9538382870853638,0.9346771251423573,0.9108918036291613,0.8728161503699172,0.9278919256242232
2015-12-07,1.1156824782187829,0.8911749180670254,0.9523899669406077,0.9333424626862128,0.9097893125298282,0.8717148114814106,0.9262184659117347
2015-12-08,1.0998529991753638,0.8829410070779916,0.9435147443748413,0.9248678631178744,0.9027832986338191,0.8647915494264007,0.916470820865854
2015-12-09,1.0983292101394742,0.8821584056149465,0.9426759944058474,0.9240891161056652,0.9021502770517247,0.8641786343007023,0.9155532221559887
2015-12-10,1.0914094152235516,0.8786348416265312,0.9387888258991581,0.9203694778953367,0.8991580735298094,0.8613268793456379,0.9120244600181457
2015-12-11,1.067154279158154,0.8662590325588932,0.9249211888935301,0.9068712854752201,0.8883145606226133,0.8514138239249879,0.8972247506676458
2015-12-14,1.0530457853787987,0.8592234462052293,0.9176965109196487,0.9006568088764085,0.8834559365039203,0.8467537688301703,0.8884446422208105
2015-12-15,1.078806783550252,0.8719138788182933,0.9306814220639156,0.9118334135958988,0.8921322716462315,0.8548005128167315,0.8973202968311922
2015-12-16,1.0865870710982064,0.8752325874287149,0.934147968389258,0.9146676842040544,0.8949099029741641,0.8574362151512961,0.9007883030096757
2015-12-17,1.093990893119647,0.8786258758690719,0.9375224162490244,0.9175584432726464,0.8977493584383484,0.8601824831229798,0.9041596052352316
2015-12-18,1.0850095012728145,0.8745469098967721,0.933345897293515,0.9137981401189365,0.8940174536943369,0.8565089421622992,0.9001310334262729
2015-12-21,1.081854361622031,0.8730912064304746,0.9318486759198432,0.9124051200084786,0.8926830580368986,0.855253992193605,0.8987130835053904
2015-12-22,1.0905130687318514,0.8770899857027804,0.9360650176118627,0.9164770730035017,0.8965672414760196,0.8588385675614759,0.9031168679745327
2015-12-23,1.1188196909397319,0.889872134649848,0.9500271019131326,0.9303578909608677,0.9101639928216472,0.8715508781056373,0.9219756371193364
2015-12-24,1.1212577533971553,0.8908072799596846,0.951053261757623,0.9312331806293506,0.9113860709997778,0.8727060858231468,0.9229657231931063
2015-12-29,1.1320139112975531,0.8951149091858904,0.9558443730204547,0.9356756449211867,0.9171967882652733,0.8782693707571664,0.9298713514692166
2015-12-30,1.1247535047147845,0.8922256244471528,0.9525813541610874,0.9325473698401062,0.9130087927718408,0.8742143433093094,0.9254922786345973
2015-12-31,1.1190527410275737,0.8899594904275088,0.9499521273727286,0.9299383446461048,0.9097527758517792,0.8712058818984345,0.9219094024909649
2016-01-04,1.0923595425047525,0.8793484302371675,0.9373222374556631,0.916988691897391,0.8942304967981165,0.857498317307953,0.9052152427904107
2016-01-05,1.1002115377720432,0.8822919764849863,0.940705433664515,0.9200086027414353,0.8969061757423784,0.8602246957794548,0.9091314024041489
2016-01-06,1.0887741565379532,0.8780283467784173,0.9356526276247948,0.9152462899023223,0.8925085397511924,0.8557330783533047,0.9024530632061943
2016-01-07,1.0673873292459952,0.8695623295857193,0.926086840281228,0.906080943522737,0.8842999969727011,0.8477802649203978,0.8913223017053161
2016-01-08,1.0599117995052185,0.8666971893518503,0.9228591815101851,0.9031284743569558,0.8818038679568129,0.8453796697232094,0.8888682447003352
2016-01-11,1.052633465992616,0.8639141207570787,0.9196441498412768,0.9000743925520708,0.8792585865547823,0.8430073137905268,0.884946006008918
2016-01-12,1.06292352371733,0.8679276238870346,0.9242907806075136,0.9046266648419113,0.8830275454492255,0.8464366179118121,0.889543159387064
2016-01-13,1.068624287404541,0.870097060472332,0.9268814062820806,0.9072230245083804,0.8852574675787278,0.8485018751166289,0.8917927647973659
2016-01-14,1.0609515614355904,0.8671872929498847,0.9233069453001144,0.9034780613556055,0.8819975972396545,0.8454211634986608,0.8884920801683309
2016-01-15,1.0404969344950004,0.8588817433571876,0.9135735753848321,0.8931339338235433,0.8731030207930272,0.8373585101452796,0.8822842771074214
2016-01-18,1.0361586174751731,0.8571511361192519,0.9115858636496287,0.8911842863551241,0.8714988951085914,0.8358777342977889,0.8809090532613876
2016-01-19,1.053529812484316,0.8647992536023057,0.9197212265249031,0.8993832012658491,0.8781711055478778,0.8419644913311578,0.8878424968742067
2016-01-20,1.0171022910616347,0.8495167411420481,0.9032482244991711,0.8832669920245609,0.8632169827052056,0.8280368283440724,0.8738484041559779
2016-01-21,1.0350650747552994,0.8561488436622984,0.9100876151214898,0.8889114891139164,0.867755163199811,0.8328009039552877,0.8795564967058116
2016-01-22,1.057688860205803,0.8640765350582594,0.9185525058053732,0.8961144394581099,0.8739668527518388,0.839479038783466,0.8886427525198088
2016-01-25,1.0535656663439839,0.862717898171164,0.9170713231670685,0.8948471101087292,0.872746121269332,0.8381279467527638,0.8870528224214936
2016-01-26,1.0597504571367127,0.86476041754859,0.9193480702907779,0.8968933126838176,0.8746864238535735,0.8402334016323968,0.8891660749700966
2016-01-27,1.073894804775736,0.8697835236701839,0.9246819012803217,0.9019414100944521,0.879473249781793,0.8455059835881009,0.8938388821062225
2016-01-28,1.063389623893014,0.866160536955436,0.9207259410058634,0.8981016358915123,0.875646415786748,0.8412215667571564,0.8893519559277008
2016-01-29,1.090638557240689,0.8756972257681758,0.9312077888940242,0.9085512127315718,0.8857134624448709,0.851738951179043,0.8979144554307299
2016-02-01,1.0863898748700318,0.8743287199519503,0.929679619093653,0.907106280608847,0.8840324833706324,0.84994747466643,0.8962077019353247
2016-02-02,1.0616327847692824,0.866413896713617,0.9205626757125571,0.8981182698880343,0.8736969576830758,0.8393348027512553,0.8884828926175369
2016-02-03,1.0464128213402193,0.8614549992407461,0.9151145730278789,0.8929930282153803,0.8687121254445455,0.8342174663860046,0.8835115674384649
2016-02-04,1.0574737370477951,0.865060872892828,0.919113977617537,0.8968085670154217,0.8722372693410342,0.837661855558974,0.8874934870583694
2016-02-05,1.0483847836219589,0.8621373431899345,0.9157916503030946,0.8935152680493342,0.8691144979125645,0.8345304452291123,0.8835502813440922
2016-02-08,1.019934745975406,0.852662380757852,0.9051296419781262,0.882598636018821,0.8589998695399012,0.8248175055754281,0.8714258664779814
2016-02-09,1.00968054211036,0.849394397814109,0.9014780494480873,0.8791719838474698,0.8561038776777359,0.8219501033178745,0.8679316196712761
2016-02-10,1.0168692409737927,0.8516829346796735,0.9040875807634638,0.8816911921885808,0.8581972198720995,0.8239698512547272,0.8703311487188564
2016-02-11,0.9926141049083952,0.8439537858093465,0.8950885801340823,0.8725711169679732,0.8505639747535051,0.8164149316893202,0.8600028488845501
2016-02-12,1.0231974472051935,0.8535078553826335,0.9060813183456523,0.8830572206097953,0.858989778587519,0.8246740387862016,0.8702655882399514
2016-02-15,1.0441181743214676,0.8593976305799312,0.9129251113810394,0.889130189688433,0.865044381869795,0.8307733009338717,0.8779257490321852
2016-02-16,1.0509124807285521,0.8612755909848793,0.9150949465837552,0.8910851113248663,0.867130750806473,0.8329247681425198,0.8808227786045688
2016-02-17,1.0810476497795005,0.869564096658269,0.9249410601221275,0.900383458470027,0.8771129458821922,0.8434296262833407,0.8938132304170576
2016-02-18,1.0705962496862804,0.86683296412692,0.9217464655701321,0.8974720143997427,0.8734283148868355,0.8394731548015857,0.8900753632751052
2016-02-19,1.0666881789824691,0.865697566290147,0.9205182777385292,0.8963023260306403,0.8720231371967758,0.8380453065007855,0.8885993349519851
2016-02-22,1.082374242587216,0.8702873756108468,0.9255876781180464,0.9013417508664369,0.878021964588355,0.8439897639496912,0.8938260905391711
2016-02-23,1.0688573374923827,0.8662851923727586,0.921221080106854,0.8969093781265453,0.8724883865569817,0.8384238949421936,0.8889030702070083
2016-02-24,1.0518088272202517,0.8612661146837203,0.9155961951445625,0.8910898364316334,0.8658228083316093,0.83202345239975,0.881638995674456
2016-02-25,1.0779104370585508,0.8688785342278577,0.9243023972002917,0.9000686821580391,0.8751079313833583,0.8407177054735432,0.8925281748495643
2016-02-26,1.092825642680436,0.8730180366055601,0.929026507107355,0.9047163657359031,0.8807332565413711,0.8460940144747767,0.8979422033188114
2016-02-29,1.09302283890861,0.8730714678135242,0.9290873404509931,0.9047736595540363,0.8807976073827269,0.8461533013091068,0.8980036990977103
2016-03-01,1.10302606575598,0.8759390267523397,0.9323599907469395,0.9082416635613986,0.8851024177365794,0.850387968482269,0.902558473009666
2016-03-02,1.1019863038256084,0.8756425960868214,0.9320100914645785,0.9078508075868156,0.8846075586065983,0.8498925452908791,0.9021126339815029
2016-03-03,1.099010433473165,0.8747445951239615,0.9309822987501523,0.9066562303092315,0.8831303576120966,0.8484281351658887,0.9009315658010706
2016-03-04,1.1113620881287887,0.8785263143129629,0.9353547219494571,0.9119091811027851,0.8895189951020314,0.8546003068383216,0.9064341955058691
2016-03-07,1.1083145100570093,0.877599480770833,0.9342640232885567,0.9105889515362042,0.8878294862290086,0.8529497395488268,0.9045529287184514
2016-03-08,1.0980961600516312,0.8744572872470586,0.930493523033537,0.9058324650092665,0.8819396931523947,0.8473857626099847,0.8998325265555881
2016-03-09,1.1018428883869364,0.8756983030679486,0.9319024839364989,0.9076045966622364,0.8839259278549558,0.8491837697583271,0.9017018541941693
2016-03-10,1.082194973288876,0.8689776509064058,0.9242841907831216,0.8976421130712943,0.8727507770422586,0.8388811081742431,0.8901359200648675
2016-03-11,1.1006776379477266,0.8750401020748074,0.9313612776969354,0.9058665106123737,0.8804095156012262,0.8462931913000192,0.8959077341956663
2016-03-14,1.1069162095299574,0.877203381097677,0.9336949636465273,0.9084513543155148,0.8831680171703943,0.8489929113417728,0.8984905174785729
2016-03-15,1.1007134918073944,0.8748267753688694,0.9313129596094885,0.9056962532365131,0.8802103245455958,0.8460599737315434,0.8955324759715633
2016-03-16,1.1070775518984632,0.8773267712230385,0.9338170638806375,0.9086528992129118,0.8833115993478767,0.8489923958733804,0.8986133981786676
2016-03-17,1.1116668459359664,0.8791305978644032,0.9356616821391087,0.9108890773669703,0.8856711548088002,0.8512422550315296,0.9009286152803342
2016-03-18,1.1096052490050567,0.8781905321060952,0.9348026640797608,0.9098037421614358,0.8845241684518479,0.8501354124608033,0.8999773079982233
2016-03-21,1.108708902513357,0.8777785661171889,0.9344131079074776,0.9092907724986539,0.8839912747317746,0.8496378860069835,0.8993691579550656
2016-03-22,1.1101609838299107,0.8784387795008473,0.9350449846592277,0.9101237415113709,0.8848567590475852,0.8504531194403105,0.9001199331075886
2016-03-23,1.1113083073392866,0.8789712357466417,0.9355578615037632,0.9108179459468244,0.8855723240236052,0.8511291606852138,0.9004860240271876
2016-03-24,1.0947079703130056,0.870745784955688,0.9277887453998149,0.8998771529842671,0.8744445905470725,0.8404801376545651,0.8910013848906823
2016-03-29,1.0946004087340016,0.8706893473180041,0.9277335503272974,0.8997625910508126,0.8742955705858791,0.8403440789068767,0.8909164764227264
2016-03-30,1.1120433114624804,0.8808848422768263,0.9360071757288467,0.910145751978082,0.8834674648330879,0.849438948875089,0.8990621029368014
2016-03-31,1.1069699903194594,0.8779692484391334,0.9336748843798963,0.90745440477462,0.8806348543271306,0.8465870173367361,0.8962919211746857
2016-04-01,1.1018070345272684,0.8750286726497886,0.9312348663762179,0.9046067443972975,0.8776884519107049,0.8437662284395081,0.8931960668250483
2016-04-04,1.1051414434763918,0.8769567215411517,0.9328435541067305,0.9065065362873282,0.8796210975529034,0.8455360889425776,0.8947146121502183
2016-04-05,1.0919651500484042,0.8693413352459097,0.926276130934398,0.8985137358242525,0.8715356733023069,0.8380480945843518,0.8870919861144461
2016-04-06,1.104585708651538,0.8763360133566296,0.932539195348757,0.9056238862642333,0.8780564171080562,0.8440562173019807,0.8926682060044479
2016-04-07,1.1001577569825407,0.8738905605083954,0.9303594402280477,0.9032041656072413,0.875606010256812,0.8417629522063315,0.8898717708562118
2016-04-08,1.1122584346204885,0.8805632435268582,0.9364763069502875,0.9101079169518161,0.8824705255994375,0.8479546496525918,0.8948399788124958
2016-04-11,1.1114875766376267,0.8801405509488578,0.9360881413610138,0.909672106473956,0.8819925622237974,0.8475133306239147,0.8942994229547341
2016-04-12,1.119070667957407,0.8842816593220247,0.9400115998502848,0.9141181648319489,0.8867398954320893,0.851852470220837,0.8984371747744466
2016-04-13,1.140672618407373,0.8973790175723446,0.9513709869763206,0.9270887148845535,0.9009378730734268,0.865000310673357,0.9092644777524505
2016-04-14,1.141067010863721,0.8976027385729228,0.9515416035938973,0.927218904194388,0.9011913046327261,0.8652324356000887,0.9094552579123164
2016-04-15,1.1372485748090797,0.8953371761895984,0.9496205406188729,0.9251765945284484,0.8984489056689922,0.8626010388168335,0.9068728519490007
2016-04-18,1.1389874870029773,0.8963757799372656,0.9505090682527813,0.9261294727640689,0.8997003292846921,0.863749465564493,0.9080104465771881
2016-04-19,1.1482915635868216,0.9019844240660303,0.9554412403556894,0.9315950830350955,0.9066551453089647,0.8702442907467789,0.9121713317272014
2016-04-20,1.1491699831486877,0.9025012856171128,0.9559079613194076,0.9321127408415532,0.9073206931850759,0.8708707307727501,0.9126271143853126
2016-04-21,1.1439891004266627,0.8994117964760177,0.9530422486610606,0.9288562087392075,0.903171087420714,0.8668522835326219,0.9088553019982836
2016-04-22,1.131260980244525,0.891898352013389,0.9458381390647917,0.9206441462344548,0.8932934060318767,0.8576775654514986,0.9023468675632822
2016-04-25,1.1223871499766966,0.8868954734420714,0.9408655513113513,0.9152767446052269,0.8877804991107887,0.8524797480295436,0.8974818932764608
2016-04-26,1.12661790541752,0.8892169837822416,0.9432591995366129,0.9178206336757534,0.8902161419312129,0.8546759402179658,0.8997211836342813
2016-04-27,1.132964038578755,0.8929771095661072,0.9469349771983495,0.9217916498013533,0.8940696775404944,0.8582051534120093,0.9035850070760979
2016-04-28,1.1334122118246048,0.8932410481957647,0.9471933972623148,0.9220708510172405,0.8943390981629605,0.8584512050518941,0.9037955728010624
2016-04-29,1.1189810333082375,0.883934559546451,0.9383940937547974,0.9122787238890978,0.8846655089997885,0.8493941801718474,0.8970679462443705
2016-05-03,1.1088881718116976,0.8777946004735371,0.9324246257612345,0.9061411243380757,0.8791973353927298,0.8442116328282063,0.8911464016462964
2016-05-04,1.095693951453876,0.869954782988302,0.924620805411264,0.8983025664815522,0.8724507204977627,0.8380553688810497,0.8846678220627465
2016-05-05,1.0966440787350777,0.8704813188831965,0.9251644953061696,0.8988152299267818,0.8728648072668277,0.8384216145531947,0.88512339838121
2016-05-06,1.0981499408411335,0.8713649203638582,0.926054975090453,0.8996903904129587,0.8735912300567541,0.8390761231652173,0.8859044762559384
2016-05-09,1.0961959054892279,0.8701240303424507,0.9248412735253208,0.8984480558252138,0.8725527761575338,0.8381264062588692,0.8848779639870025
2016-05-10,1.1037072890896724,0.8748531849690772,0.9295991357324385,0.9033709844474969,0.8766808556250931,0.8418424444588084,0.8887944677925693
2016-05-11,1.1047470510200441,0.8755167099925888,0.9302611789134327,0.904056374955632,0.877268239526749,0.8423738243512557,0.8893019301830193
2016-05-12,1.094295650926824,0.8687433649506751,0.9233539022123167,0.8967745136945315,0.8708564742607963,0.8364822088171405,0.8835287006424016
2016-05-13,1.100444587859885,0.8726954033588651,0.9273676396819963,0.900801125795797,0.8742619524207702,0.8395261472127896,0.8861074432915075
2016-05-16,1.1027571618084704,0.8744097223991859,0.9288954362896582,0.9023469927362009,0.8756060279673681,0.84074172892431,0.8872234922654917
2016-05-17,1.105697178301246,0.876663317945889,0.930890416839316,0.904398275008444,0.877407358149647,0.8423925611060282,0.888775142095409
2016-05-18,1.105338639704566,0.8763870118995323,0.9306288108553032,0.9041203490728092,0.8771585480371752,0.8421580026255374,0.8885798594701869
2016-05-19,1.0851887705711536,0.8609810416818764,0.9160554277505308,0.8887209012581588,0.8634974112436071,0.8293957335387397,0.8789255041415454
2016-05-20,1.1036355813703362,0.8738773476653062,0.9276510864379193,0.8990446423494353,0.87168809972815,0.8377009771903017,0.8889456593725558
2016-05-23,1.1000681223333708,0.8716768391308911,0.925559207914013,0.8972318787076339,0.8699756095927857,0.8359403793074659,0.8868225617833561
2016-05-24,1.1149295471657543,0.880641075685075,0.9343936059430076,0.9050487131448794,0.8773885712661362,0.8432923133371235,0.8955197364819943
2016-05-25,1.1227456885733769,0.8851374624617679,0.9388474184790458,0.9089507537920285,0.8814879445198261,0.8474041541579611,0.8991015328703821
2016-05-26,1.1232476426087288,0.8854265073574175,0.9391331249979749,0.9092004511382517,0.8817498801654448,0.8476668775887899,0.8993302529494305
2016-05-27,1.1241619160302627,0.8859545348449964,0.9396674653454381,0.9096850253412156,0.8822677924873051,0.8481924930472835,0.8998523657827346
2016-05-31,1.116991144096664,0.8817499483894443,0.9352544932125582,0.9054846929152958,0.8778445701154715,0.8436684616122886,0.8948243705556466
2016-06-01,1.1100175683912392,0.8777011342465243,0.9309029068379234,0.9013282549173042,0.8736411299374127,0.8395943497873949,0.8905595031872975
2016-06-02,1.1088881718116976,0.8770031456210436,0.930183215871853,0.9006368810587536,0.8729660379542448,0.8389586511100553,0.8899300665356477
2016-06-03,1.1131906349718568,0.8796787496505275,0.932980683364955,0.9033713497271167,0.8756267288321754,0.8413924797212856,0.8922413474392934
2016-06-06,1.1246280162059465,0.8872199119152864,0.9406097576564204,0.9109574676921578,0.8830573922800501,0.8482642559869225,0.8984971099045779
2016-06-07,1.12661790541752,0.888473233311431,0.9419025601353872,0.912198258217222,0.8843919494809824,0.8495142639006648,0.8994219713873038
2016-06-08,1.1296654834892994,0.8904120579059904,0.9439413888445481,0.9142046085936453,0.8865298094308213,0.8515449674660683,0.9009450516821994
2016-06-09,1.1171883403248377,0.8824517493048307,0.9353124331863069,0.9055419325570819,0.8773632787494277,0.8427029714481447,0.8947017584245298
2016-06-10,1.0963751747875676,0.8697102680435878,0.9213583122043046,0.8922974089743261,0.8648960965988454,0.8307394937143305,0.8826883885659101
2016-06-13,1.0836829084650978,0.8627554341858857,0.9137789066347718,0.885762385252342,0.8594580022611339,0.8252701208819143,0.8776213013710935
2016-06-14,1.061901688716792,0.8509895060595534,0.9010616893261632,0.8748781510206343,0.8506292291595052,0.8167828412846109,0.8644619366764763
2016-06-15,1.0696640493349125,0.8548363324963374,0.9051259985796095,0.8782019998353228,0.8532114709765914,0.8192781829286517,0.8687317961973122
2016-06-16,1.066741959771971,0.8534016497764343,0.9035614453447444,0.8768610623830445,0.8521428280828734,0.8182251605546281,0.8672807521801874
2016-06-17,1.0793983722347726,0.8596279274470495,0.910514369659601,0.8829618827836109,0.8570010767209537,0.822936304604344,0.8737308912786531
2016-06-20,1.1121867269011525,0.8750524086647914,0.9282176818223581,0.8986290057722004,0.8703734677472149,0.8360983009759155,0.8903400997727015
2016-06-21,1.1162382130436357,0.8767147060613342,0.9299340951013193,0.9000167587759179,0.872096141690431,0.8378267626745645,0.8914484594207863
2016-06-22,1.1224409307661984,0.8794066518566026,0.9327098817291901,0.9023716297921728,0.8749054938413702,0.8406754399020419,0.8940889709628552
2016-06-23,1.136226739808542,0.8853905274033043,0.9390214457135503,0.9079232480411525,0.8815385527288426,0.8474603928826938,0.8999759688847624
2016-06-24,1.1004804417195526,0.869869500091766,0.9227971666153149,0.8934070797588916,0.8633454124981922,0.8286310744797896,0.8844217363456001
2016-06-27,1.0724247965293479,0.8593146430754895,0.9118617294119961,0.8843316336892929,0.8552482818118776,0.8195126987590757,0.8760948698326856
2016-06-28,1.1007851995267304,0.8692840163219181,0.922233060303021,0.8928737028591687,0.8622960144342119,0.8271054488043458,0.8848978247320408
2016-06-29,1.1401706643720213,0.881820407939386,0.9355842014328198,0.9039141631388746,0.8726499917936098,0.8385806644439934,0.8969528121433792
2016-06-30,1.1660212971926445,0.8890320141772605,0.9432588627810703,0.9101658637228319,0.8797769546410918,0.8467032322218476,0.9046568000997935
2016-07-01,1.179197590620632,0.8925549474597636,0.9470468880227548,0.9133248175499585,0.8836137457575127,0.8511672663045583,0.9086219417855791
2016-07-04,1.1692481445627638,0.889922211829608,0.944149199771889,0.9108120832572738,0.8805079743010188,0.8474984163855633,0.9054383836281706
2016-07-05,1.173389265354417,0.8910121357063829,0.945385156156867,0.9119169460344145,0.8818376980760998,0.8489697148206473,0.9066958410798414
2016-07-06,1.1587250367502078,0.8871372419550502,0.940867211468024,0.9076776770781476,0.8767738666185944,0.8433094545466746,0.9014802353464033
2016-07-07,1.1713097414936733,0.8904363315844547,0.9448178784724702,0.9114629308758673,0.881017954258399,0.8477250742753106,0.9051382451499361
2016-07-08,1.1814922376393835,0.8930713123198569,0.9480468211784491,0.9146453677163947,0.8846585791944799,0.851576546772827,0.9087721755369857
2016-07-11,1.1980387938761623,0.8973715063336241,0.9533819886712033,0.920074923709593,0.890955349611935,0.8583159658972557,0.9155104483462199
2016-07-12,1.1976444014198144,0.8972622164754238,0.9532537380395321,0.9199402491754599,0.8907811467171368,0.8581243299177236,0.9153400081369839
2016-07-13,1.1957979276469126,0.896759616692453,0.9526341936148066,0.9192677721124038,0.8899723503282407,0.8572469477889262,0.914581150791037
2016-07-14,1.1929475458033072,0.8959375248014689,0.9516506791803566,0.9181651810378069,0.8886586494519887,0.8558529213857854,0.9132334708996337
2016-07-15,1.1955828044889047,0.8966858175717962,0.9525768603981688,0.9192504390192444,0.8899123563969579,0.85715361549495,0.9143068516377856
2016-07-18,1.2002796601054118,0.8980250958658487,0.9542810726488278,0.9213478015475174,0.892287671766292,0.8596148245967199,0.9164578549888033
2016-07-19,1.2006381987020918,0.89812688795732,0.9544088548575816,0.9215021777210185,0.8924631821918043,0.8597959850211792,0.9166120555787791
2016-07-20,1.2063031085296347,0.8998381065631106,0.956586061431951,0.9243765671826896,0.8956498312305994,0.8631397540510412,0.9192188474065688
2016-07-21,1.2010863719479417,0.8982567135050009,0.9545187722036969,0.9215678306250015,0.8925379998062015,0.8598478097400871,0.9158981022252478
2016-07-22,1.2065720124771449,0.8999131263688261,0.9567440503877159,0.9246232158667091,0.8958306720638504,0.8631268339924578,0.9194406578785469
2016-07-25,1.2029149187910095,0.8988002158991197,0.9552128864983123,0.922476919318495,0.8935160569085961,0.8607874555755194,0.9175500677796643
2016-07-26,1.2054067620379352,0.8996499884318349,0.9562763105232068,0.9239812155916777,0.8951111737047946,0.8623386218755368,0.9187971992114108
2016-07-27,1.2101394715141103,0.90155669584813,0.9583619559884503,0.9269970444466894,0.8982673756523216,0.8654338219104076,0.9217677061389661
2016-07-28,1.2048868810727493,0.8991738632841212,0.9559714296562508,0.9235000325159943,0.8945978307774113,0.8617779370759766,0.919160806135321
2016-07-29,1.2054784697572711,0.8994384200045301,0.9562402106355177,0.9238924485953585,0.8950005802477957,0.8621403054058807,0.9194427537871047
2016-08-01,1.2000286830877362,0.8954053236312687,0.9536098278018121,0.9200129089384333,0.8910989548346285,0.8583806689434115,0.916870287162028
2016-08-02,1.191316195188414,0.8887937783112858,0.9492981599662671,0.9137834380780111,0.8849920659849217,0.8527357832343628,0.9124057040795617
2016-08-03,1.1893442329066743,0.887275095705764,0.9483023954804751,0.9124108065761157,0.8836914948403459,0.8515612795493661,0.9112895058451167
2016-08-04,1.2083109246710428,0.9018386604672534,0.95812563659736,0.9259636665434131,0.8962929062847876,0.8627179262572626,0.9204689248097175
2016-08-05,1.2178659782725632,0.9090909083452705,0.9628080259532884,0.9313031199437004,0.9028690504364368,0.8686413769698542,0.9243693940438636
2016-08-08,1.2206625793266668,0.911264466354633,0.9641916778201999,0.9328947360495898,0.9048512450534537,0.8704546661311087,0.9258472752525759
2016-08-09,1.2282277437166131,0.9173717575299064,0.9680436643354007,0.937421443922282,0.9104158850734017,0.8756496489831899,0.9310672434697246
2016-08-10,1.2309347101215466,0.9197625992969424,0.9694418374547725,0.9390689274984454,0.9124578871029236,0.8775873227500217,0.9328544528553064
2016-08-11,1.2395934172313672,0.9276101055215455,0.9740529300343005,0.9446050990601744,0.9191968261837794,0.8841230565037494,0.9384070436586838
2016-08-12,1.2398264673192092,0.9278070539059254,0.9741742929581203,0.9447528633807203,0.9193713312368702,0.8842862704762131,0.9384166852901705
2016-08-15,1.2443440536373764,0.9318774191415522,0.9766772038520822,0.9477946289520585,0.9230909421167713,0.8880372813319193,0.9411183962947088
2016-08-16,1.235864615825896,0.9242372858452861,0.9718332865659223,0.9418353604670883,0.9159338391474777,0.8806282357295581,0.9363927964972375
2016-08-17,1.2296439711734992,0.9189228710109126,0.9682345834270359,0.9375967853214086,0.9113184934527668,0.8760487077597888,0.9322573587006228
2016-08-18,1.231400810297231,0.9203531889082647,0.9692644872675031,0.9387950902562223,0.9125340717508047,0.8771704127300122,0.9331280520669252
2016-08-19,1.2296081173138311,0.9188571547424554,0.9681633106591836,0.9374916822194179,0.9112132922181457,0.87590150240632,0.931683560875655
2016-08-22,1.2241404037144623,0.9142188433592702,0.9647250526999515,0.9334092969067519,0.9071141293270409,0.8720368591715179,0.9263527728964384
2016-08-23,1.231311175648061,0.9202056445650595,0.9693103584742662,0.93873533538141,0.912304178013675,0.8767324920243494,0.9304615741800958
2016-08-24,1.2254490695923441,0.9153334860151705,0.9655045715540856,0.9344266374643782,0.9078931798687234,0.8726420683551525,0.9266280083339588
2016-08-25,1.2220608798537187,0.9125754623795658,0.963257150081084,0.9319467250284091,0.9054314412829025,0.870428530014248,0.924467497417443
2016-08-26,1.2258613889785261,0.9156530671606787,0.9658276655125017,0.9347837925741295,0.908199907843231,0.8728447447207683,0.9269053323945702
2016-08-30,1.2227600301172448,0.9130977508171115,0.9636576716099655,0.9323897619361315,0.9058473481587902,0.8707375988021471,0.9249682861187252
2016-08-31,1.215714746692484,0.9073531670321491,0.9586053706857329,0.9268619157823976,0.9004843798313911,0.8660457798991745,0.9200709635709876
2016-09-01,1.2093506866014152,0.9022205458259267,0.9540031727626473,0.9220395662323179,0.8959473803287172,0.8621501621593289,0.9157149960465628
2016-09-02,1.2359901043347343,0.9241231389020331,0.9734990136473716,0.9417914005608249,0.9140752122654165,0.8773120142548961,0.929743894923329
2016-09-05,1.2332652109999667,0.9222538640182375,0.9718136381834748,0.9403335744493106,0.9121321954164106,0.8756494472460565,0.9286561659896149
2016-09-06,1.2237101573984466,0.9153877889271391,0.966042136425738,0.9354496345735623,0.9052183601778345,0.8698383248525305,0.9227557504815194
2016-09-07,1.2273851780144158,0.9179831844008116,0.9682679248092625,0.9373477578698565,0.9075148153558588,0.8717717389605963,0.9246289848874307
2016-09-08,1.2295543365243293,0.9195136212365825,0.9696069564227506,0.9385226552964446,0.9089448598759474,0.8729920737610276,0.9258349012392729
2016-09-09,1.2149080348499541,0.9089659213330786,0.9602184333492393,0.9298970666288338,0.898749440882592,0.8640704182261151,0.9188108168762958
2016-09-12,1.2012656412462825,0.8997871366799479,0.9517916905811061,0.9225310897247635,0.8913508707853993,0.8573492751427618,0.9105870335231967
2016-09-13,1.1949374350148818,0.8956132925804964,0.9479775652556285,0.919271573276187,0.8883245226136298,0.8546260631474603,0.907919886292833
2016-09-14,1.1963178086120996,0.896516255349602,0.9488170150746628,0.9199977173162931,0.8889884611162041,0.8552093472986002,0.9086006313513193
2016-09-15,1.2065361586174776,0.903278235804615,0.955259628396308,0.9258349247581187,0.8942596878793383,0.8598503436471702,0.9145409039613432
2016-09-16,1.2029507726506783,0.9009728087259034,0.9530077803631806,0.9237922745394445,0.8922787752639751,0.8580788045489599,0.912552175399418
2016-09-19,1.221469291169197,0.9128801879995742,0.9649385363335955,0.934894564665915,0.9028228077427535,0.8672656945108929,0.9227456223016871
2016-09-20,1.2245527231006443,0.9146229365445324,0.9667382657605338,0.9364185105114959,0.9046503703669984,0.8688742343277324,0.9243416887139831
2016-09-21,1.2252698002940041,0.9150351597499918,0.9671653271092173,0.9367886875634608,0.9050826875217286,0.8692565749630841,0.9247196779788588
2016-09-22,1.2390018285468456,0.9229984772040609,0.9757903002856733,0.9447936250363216,0.9140984447547178,0.8774390152014219,0.9329954646004008
2016-09-23,1.2386432899501656,0.9227861810409815,0.975560666259164,0.9445758877764573,0.9138353334887839,0.8771906716920583,0.9327572601233768
2016-09-26,1.2222580760818926,0.9135167666236387,0.9652443719816356,0.934923556962071,0.9021536908922922,0.866272928207267,0.9226821507690373
2016-09-27,1.2204116023089908,0.912509898250821,0.9641199474779539,0.9339186343631414,0.901083312526371,0.8652489174273588,0.9216870542799591
2016-09-28,1.2278871320497673,0.9165161935225502,0.9687184591009818,0.9380709210203486,0.9051275029139187,0.8691272063220585,0.9248519267907871
2016-09-29,1.240435982933565,0.923161634218091,0.9765420513941541,0.945278728799342,0.9123026350207265,0.8760595941289365,0.9307178967646057
2016-09-30,1.2368326700369316,0.9212832846079414,0.9743329989895911,0.9432716135811562,0.9101130250745766,0.8739200575253092,0.9289107622754638
2016-10-03,1.251927144957157,0.9291925080568039,0.9838040245141827,0.952088587132124,0.9194865130339203,0.8827543335911089,0.9361383808862266
2016-10-04,1.2682047972464259,0.938626011808684,0.9935967843682324,0.9608324318348265,0.9300465951083319,0.8928129204087122,0.9435631045690839
2016-10-05,1.2608547560144874,0.9345475021420807,0.9893486718718149,0.9571364284754458,0.9250522911375592,0.8879867667303818,0.940459884673189
2016-10-06,1.2548850883797664,0.9312025034733488,0.985842727406469,0.954013250018183,0.9211667591355528,0.8843880614252757,0.9375873067683241
2016-10-07,1.2628446452260607,0.9356067508578229,0.9906058634931066,0.9583461542966462,0.926270779647702,0.8888950466012945,0.941617379429946
2016-10-10,1.2723638449679129,0.9408193881605801,0.9963703073857475,0.9636893029254539,0.9326279576153634,0.8946090825241211,0.9462201189032639
2016-10-11,1.2675952816320697,0.9380400442804359,0.9934702142687378,0.960979323857204,0.9292894606076697,0.8915498558696935,0.9439442913685469
2016-10-12,1.2591875515399253,0.9328409744647748,0.9882212468550495,0.9559644737406252,0.9234402859497141,0.8863656372680736,0.9395988159238241
2016-10-13,1.2508873830267848,0.927773031253476,0.9829918338578932,0.9509951393513025,0.9180308828070427,0.8816818098586067,0.9353368762091417
2016-10-14,1.2573231508371898,0.9315667591797018,0.9870815407191049,0.9548655781362532,0.9219632133108648,0.8849924568489402,0.9383819075677174
2016-10-17,1.245491377146752,0.9244803406950415,0.9794260454727625,0.9475115296295258,0.9143379041054943,0.8784449536319855,0.9325399319945556
2016-10-18,1.2549030153096001,0.9298818334981438,0.9854198495796044,0.9530279043757185,0.9195682744062549,0.8829444068871511,0.9368411807625591
2016-10-19,1.2588110860134114,0.9322476710155959,0.9879115962285577,0.9553303851820195,0.9218559367370898,0.8849356704601288,0.9387316753845717
2016-10-20,1.2597074325051112,0.9327945584836741,0.9884873861504583,0.9558668113194665,0.9223925196063306,0.8854057519064022,0.939175223124039
2016-10-21,1.2585601089957354,0.9320941761060615,0.9877008515098722,0.9550907541932805,0.9216305788039959,0.8847169871838221,0.938529856345453
2016-10-24,1.2524470259223426,0.9281766475263244,0.9834373734526971,0.9508519934866632,0.9174864727937252,0.8809966568790761,0.9349428434778512
2016-10-25,1.2580402280305496,0.9316939507690147,0.9873847789674505,0.954732163879917,0.9211840635794094,0.8841923913038578,0.9376267849321135
2016-10-26,1.2473737047793216,0.9242671341990789,0.979700450380305,0.9471723722605672,0.9138110058437534,0.8776780041458261,0.9317553709265103
2016-10-27,1.2524828797820107,0.9276293458675378,0.9833150224337166,0.950511289689709,0.9168500539500067,0.8803381159084674,0.9340964472556134
2016-10-28,1.2542217919759084,0.9287859523598341,0.9845631622318826,0.9516807816945844,0.9179341498463073,0.8812969396193624,0.9349276772225892
2016-10-31,1.2466745545157958,0.9234866368167383,0.9789298226064762,0.9462827613163455,0.9129179561798363,0.87676687950645,0.931335427240552
2016-11-01,1.2400236635473831,0.9189042931137797,0.9739475526898128,0.9416292393152921,0.9086838881887427,0.8730603065278196,0.9276721295293432
2016-11-02,1.2271700548564073,0.9093892277821167,0.9642151945900997,0.9326847358903566,0.900672741104756,0.8662706662857422,0.9220882092386479
2016-11-03,1.2173281703775432,0.901562393127989,0.9570661681419765,0.9265127665007956,0.895369754648245,0.8617239924822386,0.9170530270601408
2016-11-04,1.1999031945788985,0.8879940691079785,0.9445764002433176,0.9159413986045467,0.8864498978029508,0.8542355266178344,0.9079525460335
2016-11-07,1.2202681868703185,0.9023690599877443,0.9578700018165552,0.9264599606231664,0.894996433060084,0.8616860966308277,0.9172584186583547
2016-11-08,1.2267577354702255,0.9062986123521262,0.9616399718034857,0.9293495254142331,0.8978841955577409,0.8642347214277298,0.9202577865117695
2016-11-09,1.239073536266181,0.9139707406709645,0.9689883362172647,0.9352199931545664,0.9037261307590496,0.8694631504965696,0.9261936249800642
2016-11-10,1.224050769065292,0.9050818822969204,0.9601538673749648,0.9280337740475035,0.8961411413046858,0.8625834124357411,0.9217209633732595
2016-11-11,1.2065540855473111,0.8950753364363123,0.9501570103057206,0.9199846624712047,0.8883858221844015,0.8555896869351566,0.9178732142778409
2016-11-14,1.2106414255494624,0.8972867292018535,0.9523669271912288,0.9217326116116489,0.8899242891016422,0.8569794277075264,0.9187982146825868
2016-11-15,1.217722562833891,0.9011690576528243,0.9563156630855147,0.9250080416140267,0.892824329620895,0.8596347843304166,0.9205874408643143
2016-11-16,1.2100139830052725,0.8969284511357124,0.9519336173772911,0.9212081198363646,0.8894205995851865,0.8564724062018713,0.9186058618365925
2016-11-17,1.218081101430571,0.9014536341682782,0.9565823182718424,0.9253177570260666,0.893035451892613,0.8596992282405149,0.9220349440366972
2016-11-18,1.2146929116919456,0.8995787460348998,0.9546029961609043,0.9235130008665603,0.8914008605462769,0.858218742719428,0.9202389692368526
2016-11-21,1.2150873041482935,0.8997963154395486,0.954829591600285,0.9237147374950275,0.8915838874536568,0.8583861658096116,0.9204373544006923
2016-11-22,1.2225628338890702,0.9039240006552414,0.9594406990193957,0.9281920782547214,0.8955504343401646,0.861940926519654,0.9244053186132287
2016-11-23,1.2222042952923902,0.9037241730210944,0.9592117251662383,0.9279643420199865,0.8953298768155025,0.8617374347378229,0.9242126311926673
2016-11-24,1.2242658922232998,0.9048520630999648,0.9605294530542106,0.9292846047535069,0.8965345910140906,0.8628383770752712,0.9252993350592361
2016-11-25,1.2263454160840435,0.9060062609789258,0.9618985427553965,0.9306904530784329,0.8978124144556756,0.8640197476675073,0.9264019838291979
2016-11-28,1.2189415940626027,0.9018491410432808,0.9568253884806817,0.9253470049802482,0.8929624310531523,0.8594591881176591,0.9219207213897536
2016-11-29,1.2140116883582537,0.8990935672797687,0.953418491378802,0.9218736093100774,0.8898598400773223,0.8566448914163429,0.9192241939946697
2016-11-30,1.2161270660786654,0.900280742015633,0.9549013695719311,0.923376292772887,0.891193852733126,0.8578041243893375,0.9203494396582551
2016-12-01,1.2105876447599602,0.8971558402591374,0.9508684410218468,0.9192357985337091,0.8875122323211271,0.8545346530854582,0.9174829993807697
2016-12-02,1.206607866336813,0.8948315811614421,0.9479226342946073,0.9162817875291693,0.8848986394410658,0.8522779903510747,0.91540834500035
2016-12-05,1.2094941020400864,0.8965368666089257,0.9500937339733867,0.918451821954929,0.8868168118914969,0.8538914703656406,0.9168412368513367
2016-12-06,1.2154099888853054,0.9003362969206979,0.9546735232452531,0.9230413517692793,0.8909095413294353,0.8573866872891931,0.9196033586563687
2016-12-07,1.237352551002117,0.9166533872164423,0.9719147276410199,0.9400294863404919,0.906716688298798,0.8711593139035692,0.9305330148645261
2016-12-08,1.2426230683733122,0.9199472050774375,0.9753065766187449,0.9427049973319943,0.9106329713215306,0.8746195263294059,0.9329701555221871
2016-12-09,1.2466745545157953,0.9226140732142806,0.9780200129206448,0.9449757933007031,0.9137358811410523,0.8774140360710729,0.9351364775804748
2016-12-12,1.2352371732817053,0.9143437761733939,0.9701365219735973,0.9381305964882815,0.9047233013797008,0.8690518694631226,0.9286348668648323
2016-12-13,1.2492560324118909,0.9253059846214378,0.9796067837589918,0.9461586566891435,0.9136365236247287,0.8773286813630748,0.9358155691310448
2016-12-14,1.2457782080240953,0.9227122165691147,0.9773341041553817,0.944262969539257,0.9112927473333197,0.8751280526949948,0.9340967884514284
2016-12-15,1.2547058190814258,0.9293084522913962,0.9832743619730405,0.9493563016389766,0.9173847270895328,0.8806903445009051,0.9376177619170244
2016-12-16,1.2569646122405094,0.9309988059329556,0.9847808205756704,0.9506604072917879,0.9189700430297285,0.8821511527549027,0.9385359006563417
2016-12-19,1.257968520311213,0.9317584602757039,0.9854579662370455,0.9512557547872527,0.9196910936010511,0.8828226649926032,0.9389390138900294
2016-12-20,1.262772937506724,0.9354724241771754,0.9888463173524923,0.9543720252552358,0.9233126856523004,0.8862891423451987,0.9407552881175194
2016-12-21,1.26230683733104,0.9351112699032664,0.9884995559965084,0.9540414420773723,0.9229362303592589,0.8859133300802239,0.9404284440524502
2016-12-22,1.2663045426840212,0.938230849061276,0.9914667933923117,0.956864068667945,0.9261146416040864,0.8890603143113133,0.9431105755213857
2016-12-23,1.2671112545265508,0.9388616553500002,0.9920714527906401,0.9574418106251953,0.9267618727493974,0.8897055554435789,0.9436732761869996
2016-12-28,1.2739055609336356,0.9441738073857724,0.9974055431834967,0.9626171951656067,0.932412078681178,0.895535867162093,0.9470664633871858
2016-12-29,1.276451184970063,0.946142228224263,0.9994221153191224,0.9645349320397272,0.9345629239675287,0.897791663919437,0.9483887390878559
2016-12-30,1.280484744182712,0.9493949401696384,1.0026995851258664,0.9676670148369856,0.9380322772470613,0.9015131684218163,0.9505742242828631
2017-01-03,1.2867770965544447,0.954655501970103,1.0079393115688482,0.9726548442798747,0.9435277585797397,0.9075389513493188,0.9538970229659771
2017-01-04,1.2888924742748564,0.9564224427530776,1.0097169985145626,0.9743096094541865,0.9453949929331701,0.9096196190272632,0.954985534646398
2017-01-05,1.2898963823455603,0.9572758104183546,1.0105719068276537,0.9751061558719483,0.9462879666914203,0.9106284829381744,0.9555250804830703
2017-01-06,1.2925495679609917,0.9596534038692793,1.0129265171971906,0.9772980006444102,0.9486803954575552,0.9134153903069039,0.9570993266152286
2017-01-09,1.2975153275250089,0.9641365102598762,1.0174707825409874,0.9814940104400723,0.9532006045914757,0.9186787231639728,0.9599239161005293
2017-01-10,1.3042737800724256,0.9702567307436927,1.0237653272291165,0.9871795788531315,0.959402233159794,0.9258564956632023,0.963788815351648
2017-01-11,1.3069628195475251,0.9731209826700051,1.0262779621983154,0.9893612236925919,0.9618854166646702,0.9287197725723388,0.9653561202117996
2017-01-12,1.307303431214371,0.9735013948228901,1.0265886986802373,0.9896342999334122,0.9621991101165374,0.9290828274179366,0.9655531163736789
2017-01-13,1.3154422573590057,0.9825924272659048,1.034625567122038,0.9967846392620762,0.9700141629158027,0.9377590575406894,0.9703159563310612
2017-01-16,1.3135240758667681,0.9804431988244623,1.0327436098267928,0.9951555073103509,0.9681535209198282,0.935707893312511,0.9692114684551284
2017-01-17,1.2943960417338936,0.9590268220898939,1.013532756405419,0.9788744444616962,0.9497467663216321,0.9152686952225889,0.9580238785519283
2017-01-18,1.2992721666487408,0.9641748876854774,1.0174383677682857,0.9816349815410752,0.9521273629207624,0.9180971460010573,0.9609927831763855
2017-01-19,1.292244810153814,0.9564190769602726,1.011527787035367,0.9771923642644397,0.9480811992891034,0.9133524625250377,0.9568487224299497
2017-01-20,1.2904521171704144,0.9545275019474726,1.010014003597484,0.9760414766475168,0.9470542668553613,0.9122081763457986,0.9557672836614515
2017-01-23,1.281990606288768,0.945872237180024,1.0026541384044216,0.9703066437915912,0.9419513258405472,0.9068065381581591,0.95089995107121
2017-01-24,1.2818292639202622,0.9456812905069044,1.0025100197828372,0.9701913824504624,0.9418443171765583,0.9066745586505318,0.9505911008788398
2017-01-25,1.2843569610268557,0.9481201527983776,1.0047309493480685,0.9719376916571509,0.943370052347725,0.9082010049699036,0.95290687424567
2017-01-26,1.2838370800616699,0.947612762425983,1.004242378929093,0.9715347386882346,0.9430174254003725,0.9078399527663362,0.9523780049060858
2017-01-27,1.287960273923489,0.9516070738460671,1.0080926449099135,0.9746775821205904,0.9457628977862808,0.9106307136257299,0.9554525483290506
2017-01-30,1.2761285002330514,0.9399176224901719,0.9967579972030969,0.96535821313122,0.9374769942467976,0.902110366648992,0.9462166188275061
2017-01-31,1.27266860277509,0.9367503467610004,0.9936163408706842,0.9629088323437945,0.9353451533464273,0.8999903963626615,0.9433135827625436
2017-02-01,1.2741923918109797,0.9381240410843054,0.9950018404424037,0.963983347459385,0.9362745611657443,0.9008892217770954,0.9441472512046225
2017-02-02,1.2801262055860325,0.9436036569976409,1.0005951693857498,0.9684148252214937,0.9401037813691724,0.9045852148368799,0.9478476262362919
2017-02-03,1.2886414972571807,0.9513227701244865,1.0087002605398987,0.9748560729193693,0.9458533823501017,0.9101991620495137,0.953004493564115
2017-02-06,1.2857552615539072,0.9487815884750606,1.0059879975299202,0.9727229495872041,0.9437994335825873,0.9081668934838432,0.9513331865819804
2017-02-07,1.2882650317306665,0.9509702230546663,1.0083799440007566,0.9746109394953529,0.9456018057648845,0.9099061497100633,0.9527178605937778
2017-02-08,1.2887311319063506,0.9513752020552512,1.0088226380073098,0.9749593704854651,0.9459338921019556,0.9102228873782566,0.9529753839736174
2017-02-09,1.2960273923487873,0.9579818007756219,1.0162163257861727,0.9809049899760706,0.9515619204590716,0.9158053685720979,0.957589753555318
2017-02-10,1.3012799827901484,0.9626037723955682,1.0214995437193457,0.9850701244634746,0.9557329316935854,0.9200038596648299,0.9609617173122489
2017-02-13,1.3048832956867817,0.9657269184935147,1.0251617150338843,0.9879573967529387,0.9586485613057196,0.922958758432142,0.9631677084865758
2017-02-14,1.3030368219138804,0.9640557927472201,1.023227023818101,0.986429555309457,0.957102352279516,0.9213564727530789,0.9620394527487162
2017-02-15,1.3090961241977712,0.969482573548344,1.0296875560922818,0.9915164700944856,0.9621968152351089,0.9265496270521801,0.9675381528501588
2017-02-16,1.3047040263884422,0.9644632486716711,1.0249835576643083,0.9878592886143526,0.9584154413432935,0.9226328310381438,0.9639499700423475
2017-02-17,1.3086658778817555,0.968856268181896,1.0292727334765013,0.991147981339732,0.9617192334338077,0.9258886655226692,0.9671143452300439
2017-02-20,1.3086479509519215,0.9688363601763853,1.0292407160060397,0.9911250566666453,0.961693151359086,0.9258522884737405,0.9670170870682887
2017-02-21,1.3041482915635885,0.9638394850191035,1.024089423389697,0.9872090108973918,0.9577734233044852,0.9217848383927546,0.9630066974329072
2017-02-22,1.3090781972679375,0.9693047045106411,1.0297548228816624,0.9914298722871291,0.9619166802163472,0.9258745582721274,0.9669792248152873
2017-02-23,1.3035387759492323,0.9631522219977247,1.0233187243301853,0.986686144438902,0.9571425081914943,0.9210406680851803,0.9618987610370532
2017-02-24,1.2985730163852154,0.9576486085499698,1.0175629948924445,0.98252122491215,0.9530499831189587,0.9170512872138842,0.9574202811439032
2017-02-27,1.3002402208597772,0.9594928591524621,1.0194989273576232,0.9838956165697019,0.9543642532002822,0.9182632118294517,0.9581744985902282
2017-02-28,1.3021046215625127,0.9615565691487087,1.0216842251392713,0.9854684606109587,0.9558740673355278,0.9196953486516808,0.9593243311192083
2017-03-01,1.3235273027141388,0.9852863671799209,1.0468978850445794,1.0041616691293873,0.9737531206999696,0.937126466958258,0.9740152234932276
2017-03-02,1.3234376680649689,0.9851251266337945,1.046623739864476,1.0039201546752703,0.9736655994654696,0.9370409667164408,0.9739467998939527
2017-03-03,1.3219855867484154,0.9836619424013521,1.045267681635414,1.0029784035600702,0.9723943608639714,0.9357555404820532,0.9729087611877846
2017-03-06,1.3176472697285881,0.9792925421847226,1.0411340797585975,1.0000563141393377,0.9685781469913786,0.931942291415456,0.9690818373357246
2017-03-07,1.3156573805170144,0.9772679727764837,1.0392006598465853,0.9986638312197229,0.966862729527347,0.9302661789559605,0.9674891250186277
2017-03-08,1.3148685956043187,0.9764606793900611,1.0383992225021388,0.9980704146886262,0.9661776255903595,0.9296134973141085,0.9668807295068174
2017-03-09,1.3113549173568553,0.9728868412390225,1.034782525354789,0.9953814760788599,0.9630946457117882,0.9266087322299192,0.9641286796157663
2017-03-10,1.3163923846402084,0.9779198790935215,1.0400312707912946,0.9992866538619707,0.9674371973132735,0.9307137877871883,0.9677659822254183
2017-03-13,1.3206948478003675,0.9822940360522306,1.044572796748349,1.0026754713703716,0.9712051944967851,0.934352825663243,0.971028229783791
2017-03-14,1.3190455702556396,0.980598088804699,1.0427881364498204,1.0013218442688918,0.9696985848734095,0.9328558206521782,0.9697798432257989
2017-03-15,1.3209637517478772,0.9825671612353463,1.0448891320170948,1.002909859065556,0.9714386397927884,0.9345696112677226,0.9708467484334771
2017-03-16,1.3294611164891914,0.9913305903576768,1.054535704386231,1.0102114487174458,0.979253605727682,0.9424408991430274,0.9768303050563709
2017-03-17,1.331074540174251,0.9929517004269024,1.0562915296707127,1.0114961573937755,0.9807504984305043,0.943967514547272,0.9780012737476358
2017-03-20,1.3319350328062827,0.9938282055904964,1.057247850393979,1.0122033196182707,0.981554237646451,0.9447978847993077,0.9786410662924802
2017-03-21,1.3227026639417743,0.9842129337956684,1.046409962328113,1.0041552067668182,0.9727930886563114,0.9353088319961861,0.9711989129249581
2017-03-22,1.313093829550752,0.9748324214103351,1.0356749546156003,0.9965013457672386,0.9650884816620788,0.9272875136289627,0.9649926424435433
2017-03-23,1.3159621383241913,0.9774605567790523,1.0386783485689721,0.9985715789477656,0.9670244959745078,0.9291887363130198,0.9669221752067274
2017-03-24,1.3152629880606654,0.9768020043894121,1.0379024810939106,0.9980160849302708,0.9665005546634722,0.9286581451863963,0.9663960810739802
2017-03-27,1.307500627442545,0.9693854510949909,1.0291958098063465,0.9918041146924841,0.9606678318603045,0.9227781664147799,0.9609124922962219
2017-03-28,1.3164461654297093,0.9777007228844858,1.038938424094552,0.9986221436809309,0.9669160884446409,0.9287669487553984,0.9664712553438136
2017-03-29,1.3218780251694102,0.982554984439562,1.044643045303744,1.0026157234131783,0.9708567701214458,0.9325803274950415,0.9704694021937332
2017-03-30,1.3211250941163826,0.9818792295845177,1.0438369671877898,1.0020379540861082,0.9702716368092599,0.9320026841822842,0.9699020812162246
2017-03-31,1.31277114481374,0.97241706009653,1.0346540859819793,0.9954447268052273,0.9637553259048476,0.9255852504978586,0.9633999558151553
2017-04-03,1.3055645190204734,0.9644097475941306,1.0269673438457017,0.9900213382088264,0.9585827281771675,0.9206625554457588,0.9579938288756574
2017-04-04,1.312573948585566,0.9720772126471581,1.0343161677049062,0.9951681200603442,0.9633495761299503,0.9249988645961109,0.9630107255330026
2017-04-05,1.3143487146391317,0.9739392200497802,1.0361605283263058,0.9964751673563237,0.9645919278376506,0.9261405019304428,0.9645196959612623
2017-04-06,1.3092395396364427,0.9685098618490747,1.0306587791243975,0.9925136163372176,0.9608095941292737,0.9225917541661407,0.9599063625428538
2017-04-07,1.317521781219749,0.9771287401805588,1.0396052470175248,0.9989317265380782,0.9668515150366556,0.9280476319031646,0.9661931778364806
2017-04-10,1.317432146570579,0.9770123517958519,1.0394923061402492,0.9988504540778969,0.9667668718233534,0.9279650573128954,0.966109808252207
2017-04-11,1.3204080169230226,0.9800401799559642,1.0427105745780034,1.0011747266747766,0.9690717527585353,0.9301083293358879,0.968817179227435
2017-04-12,1.317450073500413,0.9769927403859381,1.0393947441479614,0.9987091959639178,0.9666568080570541,0.9278005534686887,0.9666988200120492
2017-04-13,1.3136137105159378,0.9730629380655742,1.0350039524801478,0.9954663270862114,0.9635171521606046,0.9248716524648011,0.9637456479801538
2017-04-18,1.2813273098849096,0.9402418822608187,0.9976057194524195,0.9680523831026551,0.9372451684858165,0.9009533096698458,0.9389096910828315
2017-04-19,1.2753934961098568,0.9360209783344072,0.9933537919276264,0.9652381248607271,0.9348448926761005,0.8983564113115565,0.935401661436713
2017-04-20,1.2761285002330507,0.9365176600729206,0.9938438071691545,0.965557028908337,0.9351083865483907,0.8986521638653296,0.9358319568833524
2017-04-21,1.2754293499695248,0.9360445838902566,0.9933419452511996,0.9651840314419259,0.9348120494911926,0.8983262756178674,0.9352174979298515
2017-04-24,1.3023376716503539,0.9544814698707202,1.0127117324317327,0.9796312310393314,0.9462893173999609,0.9108760691575919,0.9553291031430957
2017-04-25,1.3042917070022595,0.9554983566935076,1.0137713534107928,0.9803690688088069,0.9471526175191859,0.9118132210834166,0.9568169737038464
2017-04-26,1.3066401348105128,0.956817285545396,1.015178284682657,0.9814090070905773,0.9482590895209974,0.9130133346395075,0.9584300518155897
2017-04-27,1.2974077659460046,0.9516410413179205,1.0094259876092324,0.9768586624235146,0.9435528132461501,0.9078838319217278,0.9519628234755536
2017-04-28,1.2914380983112836,0.948304707524469,1.0056854102361417,0.9738292247421655,0.9405550019500091,0.9047985369831808,0.9462757092009204
2017-05-02,1.2997203398945902,0.9529995163475695,1.0109730917565092,0.9782351465890918,0.9448174417006358,0.9089633353021135,0.9518131535215102
2017-05-03,1.2969237388404868,0.9514272852634376,1.0091664693166111,0.9766762599064182,0.9432757769427618,0.9074520746439765,0.9497296766429656
2017-05-04,1.2993618012979105,0.9527942777775139,1.010771906053628,0.9780903966839589,0.9446492704924768,0.9087760758298373,0.9515458668104022
2017-05-05,1.3081997777060708,0.9577918547831197,1.0167926871317394,0.9836218050094298,0.9499309816933141,0.9138797836049986,0.9587685148001914
2017-05-08,1.3088272202502607,0.9581408506131194,1.0172206034099778,0.9840157545522829,0.9503060869286072,0.9142424256794605,0.9592166446481358
2017-05-09,1.3162310422717014,0.9623323226301054,1.0224313243701004,0.988968688601728,0.9551588552303949,0.9189961078974347,0.9644775679222621
2017-05-10,1.32393962210032,0.9666416432239354,1.0279195676086115,0.9942137565597235,0.9604300769662479,0.9241875128588871,0.9702414795680026
2017-05-11,1.324190599117996,0.9667794436249468,1.028095861673212,0.994382408990052,0.9605908830317906,0.9243444959324005,0.9703703673277454
2017-05-12,1.3329389408769863,0.9717030537711306,1.0345614208947953,1.0006998618846619,0.9670489315850882,0.9308225336971905,0.9761358170980107
2017-05-15,1.3363450575454456,0.9735870059921563,1.0370840890131552,1.0031158271367275,0.9696396130167227,0.9334352345826245,0.9785760093474836
2017-05-16,1.3484636621132275,0.9803016029582323,1.0462837315724285,1.0120324076801532,0.9791733056068219,0.9431763602819038,0.9883767014749766
2017-05-17,1.345147180093938,0.9784976443404149,1.0438190277134547,1.0097408727957766,0.976473666882878,0.9403881202617684,0.985608267446895
2017-05-18,1.3331182101753263,0.971969747066507,1.0346780506551383,1.0012157373445436,0.9667168288732348,0.9306355838072411,0.9754064843837513
2017-05-19,1.339267147108387,0.976218469211273,1.0392041646595458,1.0051569473568045,0.9706463308091795,0.9345180506966947,0.9790321687805699
2017-05-22,1.34385644114589,0.9795382338102314,1.0426376682302436,1.0082093978994853,0.9737657949483768,0.9376221629555889,0.9820525122573165
2017-05-23,1.3418844788641502,0.9781041515792147,1.041114592825912,1.0068184435387484,0.9723451650125429,0.9361910273749406,0.9804591072889268
2017-05-24,1.3471908500950132,0.9819441165318232,1.04528808042197,1.010660276706176,0.9762182315422268,0.9400236569971174,0.9842533971645999
2017-05-25,1.347692804130365,0.9822660811215526,1.0456818555153768,1.011022752393709,0.9765817097416002,0.9403811961178983,0.9845893309891216
2017-05-26,1.35305295615073,0.9874315200270382,1.0501086537180975,1.0151722763304363,0.9807511604703509,0.9445992671572282,0.9880306087980586
2017-05-30,1.3492703739557568,0.9837990459492147,1.046909780921316,1.0121860295059426,0.9777005376193773,0.9414607847257374,0.9854011900252284
2017-05-31,1.348105123516547,0.9825600944051329,1.0458905360655182,1.0112466763987762,0.9767668364206148,0.9405168236181091,0.9846139586856812
2017-06-01,1.3523717328170382,0.9871034017702099,1.0496675508289135,1.0147480910680577,0.9802433687967339,0.9439558286651315,0.9875670696495065
2017-06-02,1.3530529561507303,0.9878351408987259,1.050273813198055,1.0153100885395514,0.9808006878503714,0.9445072023801917,0.9880434983575558
2017-06-05,1.349144885446919,0.9835553421405262,1.0465944051321443,1.0119324499250486,0.9774542198544561,0.9410591248685416,0.9846501870382466
2017-06-06,1.349001470008247,0.9833953217785143,1.0464437327504827,1.0118079858745994,0.9773250579705701,0.940910639988142,0.984486088221817
2017-06-07,1.3406833745652726,0.9742956798962691,1.0382210248396793,1.0044869298214616,0.9701900840716765,0.9336714038935372,0.9786705206955804
2017-06-08,1.3355562726327495,0.9689358107568331,1.0332454451450452,1.0002965499505185,0.9662330764071944,0.9297809085380051,0.9751346094345109
2017-06-09,1.349413789394429,0.9832996182605502,1.0468157455737013,1.0114172137979518,0.9765719224537979,0.9394908983917527,0.9846520668474906
2017-06-12,1.3466530421999934,0.980587511848165,1.0442805461155604,1.0094327979971789,0.9744277877644387,0.9374509833706135,0.9825828189390847
2017-06-13,1.344591445269084,0.9786144138101375,1.0423651662003701,1.0079270869290815,0.9728081409435334,0.9359476940445405,0.9809327030269286
2017-06-14,1.3399304435122448,0.9739876927582338,1.0379317551586762,1.0044088347284639,0.9690840782449694,0.932519067205513,0.976850730528889
2017-06-15,1.3300706321035465,0.9643521911650921,1.0284308697973068,0.9968348944349801,0.9613054313421286,0.9255297183733482,0.9688133046283668
2017-06-16,1.337976408160339,0.9723570859725211,1.0357625391002743,1.0024356309665143,0.9666569361762802,0.9303222261050326,0.9743533897420386
2017-06-19,1.3487863468502388,0.9828695154295988,1.045738580520075,1.0101160157755193,0.9743500086319792,0.9372823311494766,0.9822368430378005
2017-06-20,1.3396256857050666,0.973673701338426,1.0375609253456253,1.0038859882899471,0.9675516917946009,0.9310662778790539,0.9745266882806496
2017-06-21,1.3351618801764014,0.9693481116152931,1.033645230188786,1.0009260337694883,0.9645105614256388,0.928329172468894,0.9713105556882362
2017-06-22,1.3336380911405117,0.9678753089004178,1.0322743733307693,0.9998660016696859,0.9634692236614276,0.9274189848211215,0.9700822312555272
2017-06-23,1.3309131978057442,0.9652434724475336,1.0297533946948232,0.9978778487953723,0.9615294140560576,0.9257288410581619,0.9672520098581846
2017-06-26,1.3349826108780614,0.9692331921175125,1.0335731921085693,1.0009074984521218,0.9644631960280307,0.9282581997483316,0.9705881520068923
2017-06-27,1.3327596715786456,0.9670655062214794,1.0314214854600965,0.9991731571810885,0.9627780310013037,0.9267758427584726,0.9686410577271568
2017-06-28,1.3244057222760033,0.9587574768603151,1.0231443263630462,0.992486312717789,0.9563515779261741,0.9211970580798886,0.9616417930105269
2017-06-29,1.3176831235882545,0.9522759381992862,1.016618924932323,0.9873846727911438,0.951595993758034,0.91709803587791,0.9561177572560023
2017-06-30,1.3109425979706717,0.9459134950509931,1.0101013127328704,0.9823655720734186,0.9470071569150647,0.9132213926551964,0.9519421874966667
2017-07-03,1.3224875407837655,0.9568290486442386,1.0212346157487995,0.9908388100582338,0.9546242676591663,0.9195131314590866,0.9589876546339895
2017-07-04,1.3189200817468,0.9536983703860326,1.0179437918987468,0.9883717728286574,0.9521458219657255,0.9174367356465545,0.9568622236771288
2017-07-05,1.3207844824495358,0.9553041671281791,1.0196693821535818,0.9896758775693703,0.9534474974795936,0.9185145429605525,0.9579795944399333
2017-07-06,1.3153526227098349,0.950642319404353,1.0144351437266586,0.9856044946217349,0.9494629647172148,0.915159256129931,0.9548026069674983
2017-07-07,1.3177906851672583,0.9527559582136883,1.0167916551845237,0.9874290257187213,0.9512069225627695,0.9165908031830013,0.9562623438590432
2017-07-10,1.3212147287655518,0.9557433593847484,1.0201841214739247,0.9900824911208319,0.9537402188213852,0.9187156552943119,0.9586016444654107
2017-07-11,1.3140081029722852,0.9486066197101237,1.012828050668362,0.984266632541822,0.948174906183372,0.9139267835955776,0.9540329437231114
2017-07-12,1.3296224588576964,0.9635586418145459,1.028553595716303,0.99633793321849,0.9594061212119137,0.9234431491698766,0.9631956882079854
2017-07-13,1.3289950163135065,0.9629499110462457,1.0279145094542006,0.99584705623918,0.958919532281215,0.9230226813526679,0.9628237183519305
2017-07-14,1.3227205908716075,0.9577219996368521,1.0221602401158167,0.9914428632168978,0.9540408014736005,0.9187824523498965,0.959247181196783
2017-07-17,1.3273278118389449,0.9616413694681821,1.0263914195087325,0.9946773168472792,0.9574459515142628,0.9216805796393291,0.9621350336725164
2017-07-18,1.3248359685920192,0.9594523614335311,1.0240485253878895,0.992851958429083,0.9555165767002808,0.9199997686599118,0.9602830143167832
2017-07-19,1.3321322290344557,0.966256235951235,1.0310431149794486,0.9983268743682239,0.9612098244764234,0.9248968365172112,0.9662218053977708
2017-07-20,1.3423505790398338,0.9758845505012409,1.0408209568174882,1.0059902163471093,0.9694080313629477,0.9320555268101809,0.9742319993868139
2017-07-21,1.3360761535979349,0.970206018710539,1.0349950851491945,1.0014659387381182,0.9642203151677798,0.9274386612314957,0.969089881068678
2017-07-24,1.3225951023627693,0.958318999650294,1.0224541417398612,0.9917422557018074,0.9536549498946194,0.9181993184573043,0.9592243411242408
2017-07-25,1.3328313792979816,0.966556101175774,1.0312141200175855,0.9982938496634217,0.9598637732204529,0.9239214672859533,0.9659756199449955
2017-07-26,1.335968592018931,0.9689785346902062,1.0338340184155368,1.0002846810696144,0.9618688105606419,0.9257699980567403,0.9680506321389032
2017-07-27,1.3343013875443692,0.9676814317183714,1.0323828302625428,0.9991465392707314,0.9607274292962823,0.9247029812667809,0.9669725292773661
2017-07-28,1.3209278978882077,0.9569521430613808,1.020500462569444,0.9897330486955433,0.9513772885536281,0.9160766625900444,0.9582208154624838
2017-07-31,1.3215732673622318,0.9574111095743015,1.020998002184574,0.9900977571178282,0.9516743162569091,0.916360964885074,0.9585913882133735
2017-08-01,1.3308414900864078,0.9645528437743236,1.028904666895898,0.9962952663341071,0.9573064482024141,0.921673948108591,0.9644411281162629
2017-08-02,1.3286364777168262,0.9628068169736423,1.0270377471771182,0.9948242601576147,0.9558802816629837,0.9203199145784743,0.9630821402022334
2017-08-03,1.34000215123158,0.9717859148804634,1.036874567312027,1.0027269688928973,0.9633918787064214,0.9273304952636154,0.9699829209552916
2017-08-04,1.3466171883403248,0.9767623533677545,1.042382021693911,1.0071107762754261,0.967934584611061,0.9315884786841035,0.9740354621000085
2017-08-07,1.350238428166792,0.9795138788826353,1.0454313005710307,1.0095675506669248,0.9705095847945203,0.9340213024366416,0.976255691537893
2017-08-08,1.3521745365888638,0.9809842958882167,1.047090565434082,1.0109237497165804,0.9719279975298543,0.9353736990833905,0.9772988876126568
2017-08-09,1.3441791258829014,0.9748994771829574,1.0399603439544793,1.0049598609621258,0.9657901575571226,0.9294141844395559,0.9719110885692723
2017-08-10,1.324782187802517,0.9602051629222472,1.0228036273677108,0.9908767702196146,0.9519696026667087,0.916395648459683,0.9602100971957336
2017-08-11,1.3104585708651537,0.9499820542324879,1.0118712100007967,0.9825676964148997,0.9447238653061192,0.9090686203072122,0.9509939077802836
2017-08-14,1.3183284930622783,0.955217132190308,1.0174992723852543,0.986786465794575,0.948238465982459,0.9124543578199247,0.9555489808678512
2017-08-15,1.3237065720124772,0.958764652023529,1.021383539302275,0.9897810640304409,0.9507917051527764,0.9149391857791417,0.9590644026870065
2017-08-16,1.3325086945609697,0.9645619411840469,1.0278593630838615,0.9949444748938822,0.9552351970900966,0.9192930625244903,0.9639459931088215
2017-08-17,1.3244236492058372,0.9593358744033934,1.0219058460993442,0.9900903192825474,0.9508830495816198,0.9150096204118623,0.9590071585824089
2017-08-18,1.3129683410419135,0.951962605303463,1.0134281665061289,0.9831220952543106,0.9447705125629254,0.9092516352785303,0.9525376051390148
2017-08-21,1.3120540676203796,0.9513713257529327,1.0127556243467741,0.9825705608161216,0.944289837905575,0.9088037300632655,0.9519993480228061
2017-08-22,1.3233121795561296,0.95868839096589,1.0211458903498243,0.9895995367684044,0.9502682614589225,0.9142664011683942,0.9596334611595726
2017-08-23,1.3234914488544696,0.9588025724874678,1.021266540318215,0.9897001696057539,0.9503490578170224,0.9143388225507222,0.9597236588533635
2017-08-24,1.3278656197339649,0.9617457311316485,1.0245479775152284,0.9925172513033154,0.9529171238432423,0.9167224922312742,0.9633534199952614
2017-08-25,1.326861711663261,0.961067845245407,1.0237626464640914,0.9918171696013879,0.9522738366854728,0.9161155959034434,0.9625466196153293
2017-08-29,1.3153705496396693,0.9533215878073984,1.0146147632258322,0.9836062283607262,0.94479063385142,0.9090970046251786,0.9525399281365313
2017-08-30,1.3203721630633545,0.9567362655626049,1.0184565575074473,0.9868785720211367,0.9476357375045953,0.9117108648308527,0.9562807487056767
2017-08-31,1.3320784482449544,0.964670974109662,1.0276516737802837,0.9948896791381386,0.9547306433517806,0.9183021105303264,0.9664872446906261
2017-09-01,1.3334946757018402,0.9656087158020809,1.0287166474672818,0.9957909563422477,0.9556123323725095,0.9191234094944167,0.9677481963922248
2017-09-04,1.328654404646661,0.9623755449461381,1.0248953854872225,0.9924357748079855,0.9523734388472657,0.9160588454903665,0.9634612238765071
2017-09-05,1.3217346097307383,0.9575750953241714,1.0193345285064102,0.9875407505357363,0.9477298650692728,0.9118125865586005,0.9576708339593322
2017-09-06,1.318364346921947,0.9552278006015942,1.0166066412962134,0.9851653284448224,0.9455173732391644,0.9098432960670704,0.9549473593651856
2017-09-07,1.3260549998207316,0.9606110010691653,1.0229663071313715,0.9907534792429495,0.9506633366511076,0.9143146000325383,0.9607504267986223
2017-09-08,1.3225771754329363,0.9582214800922538,1.0200814339643345,0.9882288278250145,0.9482170372065108,0.912162077349918,0.9576747718341282
2017-09-11,1.329030870173175,0.9626876520457629,1.0255527436731897,0.9930340402350508,0.9527966520018998,0.9161153317731896,0.9625778066436439
2017-09-12,1.3267182962245894,0.9608386592794805,1.0235652139023026,0.9912928143826989,0.9510754527291598,0.914603690505875,0.9605593795785005
2017-09-13,1.3229536409594502,0.9575695458071535,1.0202304907288617,0.9883456295326631,0.9482217008299302,0.9121009588883846,0.9578388355905515
2017-09-14,1.307841239109391,0.944407162343338,1.0065975354411365,0.9763841448473255,0.9367680589271185,0.9022256206596356,0.946826308924015
2017-09-15,1.2935176221720277,0.9329993904774571,0.994843651544437,0.9669490209562642,0.928470114490661,0.8946515204473336,0.9357597838272923
2017-09-18,1.3002940016492786,0.9381866998223686,0.9999742916026593,0.970899112563015,0.9317839134039735,0.897675093807032,0.9397323336834967
2017-09-19,1.3042379262127577,0.9411758557575043,1.0030052149465374,0.9732939645461947,0.933837018382486,0.899565773714598,0.9430476984533624
2017-09-20,1.3036463375282359,0.940690075446083,1.0025269803693588,0.972891488671136,0.9334886481495052,0.8992366523531844,0.9425221870286267
2017-09-21,1.3021942562116822,0.9395445788263063,1.0013307813653094,0.9718785978263265,0.9326187561479423,0.8984149020765245,0.9412940664911217
2017-09-22,1.3105661324441589,0.9465633174172057,1.0083242558245757,0.9778385976242157,0.9377414500104636,0.9032208974145337,0.9475783101736773
2017-09-25,1.3088989279695973,0.945190821751464,1.0069333051436204,0.9766556770246475,0.9366501271256853,0.9021888050642712,0.9461796172193034
2017-09-26,1.3061023269154937,0.9428927709180538,1.0045208398031447,0.9745723104352461,0.9347621980213774,0.9004222477176815,0.9439044592541095
2017-09-27,1.3110860134093447,0.9469681914441145,1.0088891173418273,0.9783510624570501,0.9381805339737413,0.9035738329653542,0.9477461256815952
2017-09-28,1.3127532178839065,0.9483680485583452,1.0103705090550235,0.9796341858150353,0.9393552138362244,0.9046629296282984,0.9490016042650007
2017-09-29,1.321716682800905,0.9561076446363779,1.0186063181948088,0.9868141941531577,0.9459754846733885,0.9109362185364906,0.9562216774953327
2017-10-02,1.333548456491343,0.9666469868388985,1.0292900860334229,0.9958653461656013,0.9550034988202749,0.9195649045943152,0.9641804477459849
2017-10-03,1.3388010469327039,0.9709740114095383,1.0337840455856209,0.9995276450444172,0.959121899652753,0.9235170833485592,0.9679995600404794
2017-10-04,1.338711412283534,0.9708991459006234,1.0336964731895197,0.9994492951413443,0.9590359326849219,0.9234256484712763,0.9679024553564682
2017-10-05,1.3459538919364684,0.9770812910833884,1.0402155428818491,1.0049172306295981,0.9650053989478901,0.9293695952146307,0.9731909156218266
2017-10-06,1.3486250044817338,0.9793446435150617,1.0426285629239542,1.0069295121777004,0.9672468463198693,0.9316265662241568,0.9750819217875236
2017-10-09,1.3459359650066343,0.9770018628559445,1.0401164401625398,1.0048085710737975,0.9649276195640649,0.9292255864798387,0.9730780016815955
2017-10-10,1.3513857516761694,0.9817389823037923,1.0452905151255567,1.0091623807464447,0.9696015529214526,0.9339168422020006,0.9771352113823096
2017-10-11,1.3505790398336395,0.9810298175108241,1.044505272291573,1.008508572482804,0.9688890723839758,0.9331779942107845,0.9765057660331844
2017-10-12,1.3545946721164548,0.9845556276413846,1.0484764643704918,1.0118422388348027,0.9724764443657173,0.9368520096656315,0.9795168987790807
2017-10-13,1.3508658707109833,0.981238432498638,1.044681449436337,1.0086778410494364,0.9690824061022865,0.9332866450778619,0.976791666742741
2017-10-16,1.3493600086049278,0.9795599977049849,1.043109592780689,1.0073972098465476,0.9677361367878434,0.9319068475473486,0.9756436178896573
2017-10-17,1.347423900182856,0.9774211940509291,1.0410278389770724,1.0057080321820755,0.9660099760498806,0.9301857254597992,0.9741900988894234
2017-10-18,1.3522103904485332,0.9826293735594226,1.0462438893282173,1.009905657288967,0.9702734740589408,0.934386698863646,0.9773782947503156
2017-10-19,1.348642931411568,0.978740751570433,1.0422838226033884,1.0067780979377838,0.9670458450088425,0.9311156667274443,0.9746465548509976
2017-10-20,1.348678785271236,0.9787797815086854,1.0423095372032127,1.0068085050896411,0.9670632187840252,0.9311134723530969,0.9746288143261166
2017-10-23,1.348911835359078,0.979033479479488,1.0425588447928775,1.0070041674045935,0.9672631143586298,0.9312996157201346,0.9747359234099493
2017-10-24,1.3492703739557579,0.9794238177662099,1.042974510489519,1.0073192056471958,0.9675800416261914,0.9316100613561874,0.9749742170252221
2017-10-25,1.3350543185973984,0.9639448483749535,1.0264911758688149,0.9942021596910221,0.9545946132600115,0.917977447012444,0.9635691262590852
2017-10-26,1.3420996020221592,0.971575172364064,1.0338209016754107,0.999176470821724,0.9588263482695433,0.9224998634593106,0.9693548407981226
2017-10-27,1.3454160840414486,0.9751764828607051,1.0372726217150732,1.0015900678351337,0.9609923372166436,0.9248092615139646,0.9719346257113448
2017-10-30,1.3423326521100012,0.9718241106744552,1.0339674424284602,0.999237277669174,0.9588400222731804,0.9225090951131047,0.9693522461220034
2017-10-31,1.343282779391203,0.9728559226459105,1.0349870552958176,0.9999621832612419,0.9595017974854673,0.9231906625679189,0.9701713057109987
2017-11-01,1.342368505969669,0.9718626958361467,1.0339367769478067,0.9992040701694417,0.9588075295593274,0.9224712179812838,0.9693379694334878
2017-11-02,1.3544333297479487,0.9849649312988417,1.0478547381592704,1.009224702807739,0.9680038096888484,0.9318882395278854,0.979343388429593
2017-11-03,1.3553476031694824,0.9859622420243503,1.048749468785734,1.0098419771527667,0.9687082938579024,0.9326112615770749,0.9800151897258655
2017-11-06,1.3556882148363283,0.9863339144741902,1.0490982849600592,1.0100836553968229,0.9689694247043784,0.9328772894512235,0.9802744181985471
2017-11-07,1.346868165358002,0.9767083451516038,1.0391718184189276,1.0029605242375517,0.9616200199432691,0.9250850376212569,0.9735717893107243
2017-11-08,1.349844035710445,0.9799453628665646,1.042357032546028,1.0051821569405845,0.9637047750654392,0.9271662681884173,0.9758973510460855
2017-11-09,1.3416693557061428,0.9710435124847336,1.0332999796808235,0.998753704744283,0.9575358653304564,0.9208716350379385,0.969872569570822
2017-11-10,1.3325086945609703,0.9611207130671695,1.0234414429985748,0.9918273724743973,0.9511518662467319,0.9146684021454533,0.962899836461592
2017-11-13,1.3293177010505188,0.9577760425146421,1.020123172314214,0.9895150021990917,0.9490880506322175,0.912727392435421,0.9604031430644029
2017-11-14,1.329174285611847,0.9576256350462478,1.0199562504774062,0.9893910954399451,0.9489783906707913,0.9126386027275573,0.9602677850319086
2017-11-15,1.3216808289412365,0.9498309690740103,1.0117855359987142,0.98354551567895,0.9437850565676034,0.9078603133883012,0.9542934562302533
2017-11-16,1.3242443799074979,0.9523940909539048,1.0145035370021183,0.9854609021040858,0.9454494069937983,0.9093275032642217,0.9563460666847019
2017-11-17,1.32313291025779,0.9512464226293318,1.0132705110452662,0.9845708495741718,0.9446611379372003,0.9086117170378606,0.9554818031948874
2017-11-20,1.324710480083182,0.952863919229169,1.0150247358443678,0.9858318135948542,0.9457762296926913,0.9096163840864783,0.9566252587422306
2017-11-21,1.3286185507869932,0.9568582261094476,1.0195012560060857,0.9890876389254731,0.9486803152388071,0.9122664507694943,0.9596880488191113
2017-11-22,1.329998924384211,0.9582379901159864,1.021090078413338,0.9902524196251338,0.9497321734592823,0.9132366347875674,0.9607634257704959
2017-11-23,1.329676239647199,0.9579118558716957,1.0207184726427874,0.9899565177426957,0.9494578725149879,0.9129688382197138,0.9604938214420905
2017-11-24,1.3283137929798154,0.956389468859882,1.0191496608825372,0.988730609096516,0.9483241274163058,0.9118732907003737,0.9594464153027619
2017-11-27,1.3237065720124783,0.9514136518084151,1.0138473207525678,0.9845632782212087,0.9444559285229761,0.9081796569685936,0.9559807318056738
2017-11-28,1.3374744541249879,0.9662571427398103,1.0296648712815153,0.9967042985927352,0.9556214817690426,0.9184781246126363,0.9657561972691882
2017-11-29,1.325445484206376,0.9537616143032525,1.016436134464474,0.9877704800316767,0.9455741159319109,0.9090474475212189,0.9564928551944933
2017-11-30,1.3134523681474322,0.9423576364360894,1.0043694099824263,0.9797295319226372,0.9376671777342653,0.9015001274174648,0.9466331700709297
2017-12-01,1.3087555125309251,0.9381814647652479,0.9999577059880624,0.9767701654689169,0.9349649471870458,0.8989566865533221,0.9433947699825652
2017-12-04,1.315657380517014,0.9448665166287707,1.0064622136764767,0.9812483884196572,0.938972472800413,0.9025929284791893,0.9481313239747624
2017-12-05,1.3135957835861043,0.9429087077084386,1.0045165478162479,0.9798608354514058,0.9376788612952335,0.9014089629512433,0.9465313523960651
2017-12-06,1.3172708042020738,0.9463540445523295,1.008062151202757,0.9824214243284358,0.9400344555061214,0.9035329871302307,0.9492554925230584
2017-12-07,1.3123946792872265,0.9417139733693165,1.0032173324163185,0.9788268443791632,0.9367022578670618,0.9004964374766483,0.9457900200235546
2017-12-08,1.325517191925712,0.9542359793013901,1.016362859935982,0.988601988056004,0.945651065470679,0.9083634188693345,0.9549516206747043
2017-12-11,1.33618371517694,0.9634769487294281,1.026106662995264,0.9957280946624375,0.9532696947688474,0.915142922584808,0.9615063458552429
2017-12-12,1.3445914452690844,0.9706482999302186,1.0335307321094196,1.0012050826310515,0.9595230414386372,0.9207666516194308,0.9665610830199289
2017-12-13,1.3438922950055587,0.9700507845921145,1.0329111049888773,1.0007400035164717,0.958963554142308,0.9202501846013125,0.9658089193914169
2017-12-14,1.3352156609659043,0.9628090567661486,1.0250362397967525,0.994648701673236,0.9520229066553524,0.9138515925217016,0.9593322879530316
2017-12-15,1.3428346061453527,0.9690991359510975,1.0318239918982857,0.999852085013776,0.9573479693995999,0.9186722194330017,0.9657733758755344
2017-12-18,1.351152701588327,0.9758324323557146,1.0392261153205031,1.0055978325639618,0.9634587251662342,0.9242703520608614,0.972609234310271
2017-12-19,1.3524255136065406,0.9768337394790576,1.0403452637901438,1.0064775745606993,0.9644138730382542,0.9251509084580545,0.9736657846433562
2017-12-20,1.3490373238679152,0.974138955470561,1.0372426345826251,1.0039780094229152,0.9617157285103352,0.9225949850306162,0.9699356908502503
2017-12-21,1.3631637445771048,0.9853094143875915,1.05039252861389,1.0146259668712363,0.9729344929856274,0.9328962079751918,0.9819421880150855
2017-12-22,1.3611380015058632,0.9837710835530097,1.0486007880790058,1.0132156890006525,0.9712611642601408,0.9313358793682647,0.980279104926009
2017-12-27,1.3661575418593823,0.9874862675329926,1.0530222917592829,1.0167195290015425,0.9754230371267746,0.935170806404132,0.9842030510219206
2017-12-28,1.3665519343157302,0.9877778248831484,1.0533668957934332,1.0169896666384295,0.9757454067006252,0.9354627277223049,0.984448376586168
2017-12-29,1.378186511777994,0.9965127936266334,1.0641435233496617,1.025853800738241,0.9858241688141678,0.9451487985610217,0.9938924821211563
2018-01-02,1.3710695206338972,0.9910406931265718,1.0577998354573916,1.020773975817626,0.97952662675784,0.9389849752830007,0.9888965688421649
2018-01-03,1.3751927144957163,0.9943377107085339,1.0614651530734887,1.0236962137037144,0.9827526158201288,0.9420189385796934,0.9918274491514535
2018-01-04,1.3796385930945474,0.9982539273659946,1.0654935710497395,1.0269556757918457,0.9863818224835642,0.9455015286337312,0.9952703930836758
2018-01-05,1.3847119142375683,1.0029322378489594,1.0701864996848556,1.0308032760850045,0.9906331457592932,0.9496520139767554,0.9991695876903548
2018-01-08,1.3797461546735512,0.9982927411515528,1.0654953702501384,1.026925281929052,0.9863528046871043,0.9453814259261242,0.9954371839377858
2018-01-09,1.38593094546628,1.0039290618110535,1.07140295558901,1.0317779256843205,0.9914418266904013,0.9502255625918397,1.000577856877608
2018-01-10,1.3890681581872295,1.00678333223059,1.0744239992397355,1.034251393103264,0.9940847468774167,0.9527863158290196,1.0037156081627312
2018-01-11,1.391649636083325,1.0092068995888457,1.0769603192784607,1.036336314592284,0.9963046327515374,0.9549762198197572,1.0058664168561986
2018-01-12,1.3944641640672626,1.012010424973902,1.0798013269591127,1.0386969643165682,0.9987884378621559,0.9574742992717767,1.008588024445055
2018-01-15,1.392761105733033,1.0101784195568488,1.0780074771055599,1.0372047701322729,0.9972422225142749,0.9558676392627358,1.0070025106039107
2018-01-16,1.3903947509949452,1.007633666536861,1.0754481539730765,1.0350969123375315,0.9950929126924922,0.9536776679909142,1.0044509743739443
2018-01-17,1.3849270373955762,1.001826975820533,1.0694101322493954,1.030187580181439,0.9901475936788798,0.9487311494860793,0.999980644811217
2018-01-18,1.3805528665160811,0.9970625432891324,1.064568815524798,1.026351950363032,0.9863918545467983,0.9451044444134499,0.9959228051170078
2018-01-19,1.3858950916066122,1.0028499339767085,1.0705436886559603,1.0309878641144965,0.9908167177245167,0.9491930539303212,0.9997481530657599
2018-01-22,1.3831343444121766,0.9998533704289692,1.067420583543059,1.0285938477429928,0.988451319500374,0.9469455016535833,0.9970287081032073
2018-01-23,1.3860743609049522,1.0030413312492186,1.0708002476725484,1.031166191505196,0.990959950478322,0.9492644170186373,0.9997818832582357
2018-01-24,1.3702269549316992,0.9858392204181512,1.0524349759015037,1.016998458280408,0.977128589584615,0.9361350748601813,0.9843196302209481
2018-01-25,1.3652791222975162,0.9806515348527519,1.047419282632343,1.0134436823605675,0.9740186333089655,0.9330361633446614,0.9796780995380115
2018-01-26,1.3741888064250125,0.9897821758960069,1.0563551422586663,1.0197636548854967,0.9794118713671507,0.9382191222527128,0.9874080491266091
2018-01-29,1.3752644222150525,0.990827786407536,1.0573948205468544,1.0205155082782138,0.9800772128014763,0.9388591116504684,0.9883674258706524
2018-01-30,1.3602954358036654,0.9759453254383496,1.0422226969473993,1.0093872023817718,0.9699565354033639,0.9290195220830872,0.9748197703071882
2018-01-31,1.3505431859739714,0.9667082613173145,1.0333647892983788,1.003104766390333,0.9646113363760038,0.9238158357272348,0.9657961759056573
2018-02-01,1.3427987522856848,0.9595706972320968,1.0265460802128332,0.9982328841754635,0.9605466053975301,0.920021737060783,0.958838511572195
2018-02-02,1.3343730952637063,0.95189164488816,1.019169508479671,0.9928581420400084,0.9560973114198035,0.9160400646702408,0.9521204258699824
2018-02-05,1.314940303323654,0.934279783789625,1.0023258757305529,0.980439225166253,0.94587699662004,0.9071931412687498,0.9356645146531232
2018-02-06,1.2802337671650363,0.9062991719094432,0.9764979580800847,0.9619976363589083,0.9312732051828218,0.8938988053875416,0.9072801082798365
2018-02-07,1.3049729303359516,0.9205062861646094,0.9894637764135641,0.9708930721872289,0.9380169314181496,0.900873704606413,0.9234129644912772
2018-02-08,1.2854863576063973,0.9108388464336049,0.9800951199895344,0.964233273554794,0.9321962211799364,0.8947728623391885,0.9155041107216907
2018-02-09,1.2714495715463778,0.904093698819142,0.9735656144841314,0.9594078311864149,0.9281336997042909,0.8906756139088428,0.9094653220644795
2018-02-12,1.2866336811157733,0.9113734105554747,0.9806190859376885,0.9648082244246158,0.9326307493833406,0.8950398468644291,0.9158295552965173
2018-02-13,1.2850023305008795,0.9106210216249064,0.9798688306756096,0.9642012496876441,0.9320910865956653,0.8945018615136523,0.9151784369592566
2018-02-14,1.293248718224518,0.9143377628047195,0.9837574045423639,0.9675091328919332,0.9349452508409,0.8973420363334399,0.9201638305442182
2018-02-15,1.2969775196299893,0.9159675761372438,0.9855426110721465,0.9691021871402605,0.9363304554443957,0.8987359922158619,0.9221583504970003
2018-02-16,1.3077157506005535,0.9206309549265977,0.9908334040514303,0.9741310614450986,0.9406823857108365,0.90316735443272,0.9281551353461324
2018-02-19,1.299290093578575,0.9170760975842435,0.9866493945764241,0.9700235313834848,0.9369699142643793,0.8993638603551446,0.9233501371855489
2018-02-20,1.2991287512100689,0.9170055456822365,0.9865623447540693,0.9699272799660201,0.9368911657594061,0.8992846007498642,0.9232362425390097
2018-02-21,1.3053673227922997,0.9196526852771173,0.9898064581566843,0.9733463126028441,0.9398823288411701,0.9022128688986438,0.9268824139243139
2018-02-22,1.3001326592807725,0.9174502323849895,0.9870106781320463,0.9702756377991947,0.9371524048105109,0.899523463454954,0.9240632606420587
2018-02-23,1.2986985048940527,0.9168310717400768,0.9862182548284052,0.9693782111619585,0.9363678501617072,0.8987944388821615,0.9233343228300094
2018-02-26,1.3068014771790195,0.920303414439766,0.9907739593917665,0.9746541511729291,0.9409839376852726,0.9031126365077383,0.9275941837296977
2018-02-27,1.3055286651608058,0.9197583508256393,0.9900424064141228,0.9738079915665262,0.940187755805208,0.902362157174322,0.9269765737962897
2018-02-28,1.2964576386648035,0.9158666485116421,0.9846928348436195,0.9674178564191165,0.9343509059252447,0.8969189597816745,0.9232315260352862
2018-03-01,1.2863647771682636,0.9114678927920656,0.9786938343785706,0.9605479572237077,0.9282526862360103,0.8914019835604825,0.9173602999445712
2018-03-02,1.267416012333729,0.9032035123970339,0.9673971161470036,0.9481944287823555,0.9175959133378789,0.8819927074906031,0.9071339748884295
2018-03-05,1.2756803269872017,0.9067033392529223,0.9719925902197678,0.9524840703863447,0.9210782565906361,0.8852643235422278,0.9115733967206121
2018-03-06,1.2812018213760727,0.9090041819768481,0.9751097356474308,0.9555046500245702,0.92361743267687,0.8876570479011614,0.914890318476019
2018-03-07,1.2831737836578123,0.9098425002472122,0.976240722989139,0.9566319910765009,0.9245763751004521,0.8885667823659763,0.9158882156527338
2018-03-08,1.2913126098024468,0.914000502802678,0.9810723507327503,0.9616944006986984,0.9288874230073282,0.8926969613139139,0.9194980257480596
2018-03-09,1.2951310458570882,0.9161948336878708,0.9833633793655838,0.9641142576641073,0.9310300706692343,0.8947584212832316,0.92139791472929
2018-03-12,1.2933921336631906,0.915024141866629,0.9822800466644078,0.9629231171086998,0.9299596654599368,0.893720054260712,0.9199423132571067
2018-03-13,1.2797676669893532,0.9054579565820455,0.97360408612738,0.9531850099842084,0.9212062653092591,0.8853515390099798,0.9126223397455733
2018-03-14,1.2786741242694792,0.904680377739406,0.9729156540967842,0.9524440720459482,0.9205534596560901,0.884728832469987,0.9120263355428198
2018-03-15,1.2799469362876932,0.9055803273262972,0.9737158479828186,0.9532691714303807,0.9212559607591998,0.8853944964464776,0.9128208630547533
2018-03-16,1.2843031802373543,0.9087368008327187,0.9765692385438486,0.9563370172538507,0.9238704120994056,0.8878872971488357,0.9159255019386566
2018-03-19,1.2625757412785503,0.8929652960483646,0.9619234779811676,0.940301135244905,0.9099315549700223,0.8744831599475703,0.8997816889263409
2018-03-20,1.2658742963680056,0.8950843160839566,0.9638367761374452,0.941899718388724,0.9111883333730432,0.8758044116461232,0.9013550253919776
2018-03-21,1.2618765910150245,0.8924492804875215,0.961381388032105,0.9396130758094098,0.9093442647121435,0.8738906132183292,0.8983821177445177
2018-03-22,1.2463877236384513,0.8822560228499198,0.9516456287897076,0.9302801636225044,0.9018221519586301,0.8663846620281871,0.8873766219317724
2018-03-23,1.2408841561794142,0.8787442763269757,0.9483208133670169,0.9272701226175786,0.8994260920886195,0.864050269452789,0.8841279030329737
2018-03-26,1.2349324154745274,0.874963340066993,0.9446560545110676,0.9238561644492266,0.8967170151149916,0.8615189459611915,0.8806849588826021
2018-03-27,1.2549030153096,0.8876235169796963,0.9571664975124289,0.9357511554908517,0.9061639678146329,0.8700882637325631,0.8926156341687148
2018-03-28,1.2628984260155625,0.8920817332856764,0.9616914958982071,0.9396678064728827,0.9101894593710051,0.8737507062040841,0.8961094869022347
2018-03-29,1.2650317306658083,0.8932424408039256,0.9629173154261487,0.9407655668408568,0.9113211215777407,0.8747871183749832,0.8969088132737983
2018-04-03,1.260352801979135,0.8906536323466222,0.9601273673702143,0.9380966433776887,0.9085990643917475,0.8722575829131327,0.8951282054682764
2018-04-04,1.260980244523325,0.8910006539079441,0.9605002876038254,0.9384511424288364,0.9089612408085281,0.8725909537641322,0.8953662806480996
2018-04-05,1.2906493133985895,0.9091458974149053,0.9791203483400487,0.9574449684004651,0.9276670330353484,0.8895675692990043,0.9101790043090726
2018-04-06,1.287798931554984,0.907639915481997,0.9775890847141893,0.9560981604462692,0.9257515830102655,0.8878410368063113,0.9087371707621312
2018-04-09,1.2898067476963917,0.9086547569147904,0.9786371709914975,0.95700213292725,0.9271179616752959,0.8890563847687297,0.9097118325712366
2018-04-10,1.3027141371768693,0.9151815279478825,0.9856308730277369,0.9634786622807134,0.9363961950344646,0.897378932407019,0.9164955321872793
2018-04-11,1.3009752249829716,0.914314517245645,0.984694792550507,0.9626054263588741,0.9350708348943575,0.8961756188532825,0.9156706818823022
2018-04-12,1.3011903481409794,0.9144208036821848,0.9848031115773694,0.9626953375801729,0.9352221672795261,0.8963149319821994,0.9156849280729125
2018-04-13,1.3023197447205215,0.9149812081163625,0.9854363161130146,0.9633299882068468,0.9361074746545913,0.8971178595789928,0.9164191722208116
2018-04-16,1.2904162633107474,0.9088149957060995,0.9784223772713135,0.9558308663466175,0.926317802851241,0.8879444908611361,0.9069655746162194
2018-04-17,1.2954178767344324,0.9113169239221844,0.9813426369412342,0.9587991041734788,0.929435636435,0.8909110510377576,0.9106823463311974
2018-04-18,1.3117672367430373,0.9194894421928752,0.9911116018611311,0.969059227807606,0.940518399397789,0.9015100896188771,0.9224707760700065
2018-04-19,1.313846760603781,0.9204717330340654,0.9922844814381686,0.9701833728133284,0.9419757556229992,0.902908295680565,0.9239417306248404
2018-04-20,1.3208920440285417,0.9242048605990214,0.9964217605353418,0.9743983587250941,0.9471792239366589,0.9079556398712374,0.9290745132911403
2018-04-23,1.3263956114875786,0.927133126492493,0.9997079655365879,0.9778125757216178,0.9513978485078574,0.9120867672395221,0.9330739958914248
2018-04-24,1.3311462478935876,0.9296795364023583,1.0026029500863545,0.9808839642232514,0.9551634353511922,0.915814972454334,0.9368408944300762
2018-04-25,1.3228819332401152,0.9247834719985291,0.9974209565567412,0.9752493778068506,0.9483677661673634,0.9089831548980921,0.9303870241342767
2018-04-26,1.3304291707002278,0.929163084448375,1.0021918721940422,0.9803175189443215,0.9538308530141177,0.9142248562036722,0.9362315117230721
2018-04-27,1.3449141300060972,0.9377883085114275,1.0114616288813774,0.9901681706891826,0.9648303089725334,0.9249184909636209,0.9454892317233901
2018-04-30,1.346186942024311,0.9385644015764071,1.0122350297711007,0.9909097855576404,0.9658153178667719,0.9258801865992662,0.9462003575434894
2018-05-01,1.3481768312358846,0.9398120935250257,1.0134908891539545,0.9921892899997395,0.9674160097552469,0.9274643404673703,0.9474784138641289
2018-05-02,1.3522641712380359,0.9423758874579937,1.0161618510364994,0.9950031320165009,0.9708141076743526,0.9308859486583193,0.9509032174738489
2018-05-03,1.3450037646552673,0.9376976420539508,1.0112625472470198,0.9897321283641438,0.964591575578398,0.9245027363041525,0.9451947198796246
2018-05-04,1.3565487074683613,0.9448566247246472,1.0191318506742773,0.9980041221083324,0.9735131549507104,0.9331848154322636,0.9525371610360847
2018-05-08,1.3563156573805193,0.94455447844551,1.0189684250224835,0.9978188137163744,0.9733086298842362,0.932978236163259,0.9523499778723753
2018-05-09,1.3736509985299938,0.9584714918243225,1.030956579632786,1.0101672503891466,0.9876172767426634,0.947266856271898,0.9639752880991124
2018-05-10,1.3805528665160824,0.9635787758051909,1.0353822607222098,1.014256320829936,0.9934602915834675,0.9531548407782973,0.9687426881721705
2018-05-11,1.3847836219569059,0.9668263054933138,1.0381497860177877,1.0168898784490743,0.9971192315351028,0.9568915471662462,0.9714497057558725
2018-05-14,1.3823455594994822,0.9649105219984271,1.0364989714390915,1.0152581347396143,0.9949512814330288,0.9546251004513703,0.9699325052837694
2018-05-15,1.3844967910795616,0.966569133026627,1.0379744153259964,1.0167309958421957,0.9968425499691861,0.9565160335888804,0.9713675409473868
2018-05-16,1.3865046072209692,0.9681248995405036,1.0393911036307526,1.018175966787291,0.9986292883534821,0.9583448326669795,0.9728048048545709
2018-05-17,1.3961492954716594,0.9765854415348545,1.0464544868009749,1.025530647153127,1.0073696992971253,0.9675266457593206,0.9792020317280308
2018-05-18,1.3945000179269318,0.9751328779249314,1.0452476309295322,1.024296518165716,1.0058467121124328,0.9658889111964399,0.9779362759157536
2018-05-21,1.4089132695134652,0.9886453841250257,1.05607712074195,1.0353213647980064,1.0191096524072314,0.979838934045449,0.9890732792951888
2018-05-22,1.4121938976730866,0.9915481577183358,1.0584046425137206,1.0374736837417622,1.0221592594496989,0.9830850535393765,0.9913451608626468
2018-05-23,1.3962210031909954,0.977185271284747,1.0466254350110966,1.0261113727985203,1.007151390334219,0.9667144139580123,0.9779430663161717
2018-05-24,1.3833673945000198,0.9673926358963415,1.0376829603242785,1.0181949714355358,0.9990463470768354,0.957909833927631,0.9684736808230713
2018-05-25,1.3858054569574434,0.9690363720786561,1.0393215610955853,1.019596917284746,1.0003225228586814,0.959183346504721,0.9702747667382782
2018-05-29,1.3682908465096286,0.9563581759234113,1.027106731410479,1.00864828386892,0.9901460922166143,0.9487693014714329,0.9560035113785897
2018-05-30,1.3785091965150067,0.9628739107355577,1.0337151662631554,1.0141764234194488,0.9948723545770508,0.953506174673907,0.9632108410217067
2018-05-31,1.376465526513931,0.961508534127101,1.0323895642711718,1.0130269023025786,0.9938174137462347,0.9524418913516952,0.9618496176340383
2018-06-01,1.3806962819547541,0.9642956958165153,1.0352021292047018,1.015530195089041,0.9960719376374476,0.9546769868805564,0.9646748398899683
2018-06-04,1.387777419239183,0.9689519955530904,1.0400382842704512,1.0199933446295624,1.0001142799525942,0.9586905173227142,0.9696346044282039
2018-06-05,1.3780072424796548,0.9625678811412042,1.0332538664213682,1.0135956183240575,0.9941291714325976,0.9527243713666238,0.9633534049269485
2018-06-06,1.382596536517158,0.9655201130392886,1.0364307326194315,1.016527374837171,0.9967606914005831,0.9551957313566981,0.9671522613242461
2018-06-07,1.3811623821304382,0.9645566070973843,1.0354030117296382,1.0155407401229415,0.9958550204267648,0.9543287933280878,0.9659393687844895
2018-06-08,1.3769854074791172,0.9617908750052068,1.0323370123330515,1.012554517434588,0.9931265840248431,0.9517587815965883,0.962937903140316
2018-06-11,1.3870782689756573,0.9690192863691345,1.0398764040073238,1.0199095170258832,0.9998271544775115,0.9578660277319144,0.9700920493426799
2018-06-12,1.3810548205514346,0.9647493391658596,1.0354096118190026,1.0156446323161155,0.9955972816185353,0.953975691950522,0.9662451564016625
2018-06-13,1.3810368936216006,0.9647335271465448,1.0353877166781031,1.0156258146123331,0.9955786780045834,0.9539431762925322,0.9662235196084091
2018-06-14,1.3921695170485127,0.9725695753963114,1.0440164475866025,1.023983271521211,1.0036123397063499,0.9611858112458223,0.9726401131415293
2018-06-15,1.368523896597471,0.9565154622502895,1.0260338415024046,1.007183415846634,0.9857677424274842,0.9449362682044526,0.9643071535683653
2018-06-18,1.3680577964217873,0.9561791471675164,1.0256542324455058,1.0068103808858897,0.9853493592292697,0.9445663167996359,0.9639940264179435
2018-06-19,1.3631458176472722,0.9532077004726156,1.02238234769239,1.0040397080603314,0.9829720251421108,0.9421128024894905,0.9611850742068444
2018-06-20,1.3673586461582614,0.9557389069731165,1.0252319996471524,1.0065064951234557,0.9850829706187252,0.9442137923461733,0.9632617970929198
2018-06-21,1.3546305259761238,0.9476246533455606,1.0163657785194025,0.9984998587359281,0.9781752300662997,0.9373372878390639,0.9576154504159239
2018-06-22,1.3772005306371258,0.9616675991389245,1.0316587641876929,1.0118763262431016,0.9894196817515256,0.948036412249939,0.9677885948140766
2018-06-25,1.3462765766734817,0.9442047967048293,1.0130793573321042,0.9966397964388554,0.9729182088181886,0.9323630392185618,0.9533718724129425
2018-06-26,1.3513140439568345,0.9466245144855124,1.0155393747313528,0.9984892017046658,0.9744593205215805,0.9340135237306051,0.9560191738532745
2018-06-27,1.3663368111577237,0.9539463412977106,1.023255873994095,1.0047255398348993,0.9798746830783818,0.939776472765037,0.9636449423295281
2018-06-28,1.36524326843785,0.9534125510114951,1.0226982161568026,1.0042562655380824,0.9794261058968512,0.9392945065997644,0.963098089975396
2018-06-29,1.3690617044924909,0.9553020331221721,1.0246795017797452,1.0059983731460502,0.9810201652386087,0.9409995247356113,0.9653069902400161
2018-07-02,1.3531067369402339,0.947408365939781,1.016117606159411,0.9979624215007005,0.9737113678308148,0.9331394253756696,0.956374171812384
2018-07-03,1.3612455630848685,0.9513035000757697,1.0203878969785203,1.001880240655813,0.9770897753416027,0.9365492121915476,0.9612945326651754
2018-07-04,1.3576243232584013,0.9495735158398706,1.0184490731672784,1.000013106539879,0.9754332866339772,0.9348544802637152,0.9594038613884375
2018-07-05,1.3630203291384344,0.9521759047418236,1.0214028860200763,1.0029466401159746,0.9780114662722085,0.9374227976002257,0.9616130575269216
2018-07-06,1.3656197339643639,0.9534270271010229,1.0228550368591054,1.0044370922854826,0.9793298310123734,0.9387377806929912,0.9628114186963741
2018-07-09,1.3782223656376635,0.9594801675524173,1.0301355687126805,1.0122612123038457,0.9862649631095177,0.9457089121688814,0.969814275243576
2018-07-10,1.3789394428310235,0.9598078818867041,1.0305431307839266,1.0126778959562097,0.986661129018751,0.9461073617936665,0.970140219915015
2018-07-11,1.3610125129970267,0.9512848584864315,1.01994243235239,1.0011166758387158,0.9754760726107131,0.9348001344845367,0.9577572516019845
2018-07-12,1.3716431823885868,0.956142744996285,1.0259218464938344,1.0069097105265021,0.9804897419241564,0.9398400402938816,0.9634795243141423
2018-07-13,1.3735434369509905,0.9569897499794576,1.0269948023632418,1.0079648014605704,0.981444371577772,0.9407996722009747,0.9644406713862685
2018-07-16,1.3625363020329166,0.9519561814386294,1.0205710371523486,1.0013341081984446,0.9753723909132673,0.9346498101571893,0.9580304685052172
2018-07-17,1.367161449930088,0.9541936270090653,1.0232707487416384,1.004053671386412,0.9777721993440057,0.9369311227856613,0.9603817267189835
2018-07-18,1.3761249148470862,0.9585473627359873,1.028623110179272,1.0096233555027758,0.9827405409035015,0.9417330810556803,0.9660311153767559
2018-07-19,1.3775052884443038,0.9592089807846732,1.0294517954687934,1.0104893600508666,0.9835319518677352,0.9425001246774999,0.9666578299177271
2018-07-20,1.376573088092936,0.958758970390744,1.0288594513151001,1.0098355508692685,0.9829267651726705,0.9419029217317515,0.9658690839006566
2018-07-23,1.372449894231117,0.9567003266279431,1.0262027274024244,1.0068858499454967,0.9801983423062717,0.9392376469435866,0.9635708591073645
2018-07-24,1.3820049478326373,0.9618583689053565,1.0324787719654163,1.0138543267059754,0.986607178320806,0.9452690766445595,0.9690453350659756
2018-07-25,1.372898067476967,0.9554732699325742,1.0264795078627682,1.0073736474682473,0.9801884709768207,0.9391899839187221,0.9631759335809461
2018-07-26,1.3737764870388327,0.9560470533881402,1.0270591003689833,1.0079640174673568,0.9807232089924838,0.9396617367779245,0.9635397363077014
2018-07-27,1.3806066473055854,0.9609139053147187,1.031707367043081,1.01289997766907,0.985357948499313,0.9439515103070611,0.9671017243754028
2018-07-30,1.3805349395862492,0.9608568032442688,1.0316507335672795,1.0128426689913497,0.9852859288709033,0.9438795621743804,0.9669677238657248
2018-07-31,1.3891219389767337,0.9669581577408493,1.0377684437349026,1.0194091732658779,0.99162448996596,0.9499081220291868,0.9729150434619264
2018-08-01,1.371930013265931,0.9535061227630943,1.0254494405832169,1.0065270893846165,0.9784199420423842,0.9372144786931282,0.9626250268677582
2018-08-02,1.3581262772937535,0.9437855460585487,1.016210780847632,0.9980219474624827,0.9707474277747878,0.9296138019564111,0.9545572898806295
2018-08-03,1.3730414829156388,0.9536028761777489,1.025853396110975,1.0065252005913177,0.9780502571671035,0.9365711692704587,0.9631182385672534
2018-08-06,1.3738840486178365,0.9541053274502306,1.0263629543344015,1.006965286096315,0.9784687669060081,0.9369709020837201,0.9636014321876093
2018-08-07,1.3836900792370328,0.9602383500627499,1.03265354620085,1.0126844693840555,0.9839241114006625,0.9422484966341869,0.9694743592312781
2018-08-08,1.394123552400419,0.9668645346464441,1.0393646986227603,1.0188753670490933,0.9900774465840712,0.9482247593448314,0.9750492876406771
2018-08-09,1.3878670538883542,0.9629810832030177,1.0353500770143882,1.0151419446977326,0.986144584038245,0.9443938012738792,0.9714069150485048
2018-08-10,1.3744577103725246,0.9538603212575872,1.026567937782538,1.0068202972989617,0.9777388057944556,0.9365674339983093,0.962947792515407
2018-08-13,1.3700656125631954,0.9509599317738104,1.0237488916478463,1.0042285692178565,0.9752878229897943,0.9343142313570586,0.9602578010455145
2018-08-14,1.3645261912444904,0.9473334522841835,1.0201048967018342,1.0007885383968895,0.9721216013468443,0.9314990048119683,0.9573190453788682
2018-08-15,1.344143272023236,0.9336069084323423,1.0064391259289842,0.987697670271024,0.9602159638908144,0.9211951613236787,0.9431363922330332
2018-08-16,1.3546305259761242,0.9399046793879412,1.0127814628398493,0.9930984127463341,0.9647298668047164,0.9253949973743089,0.9475328340867001
2018-08-17,1.3550249184324723,0.940137004607489,1.0130210746786734,0.9933002409152726,0.9648933822855065,0.9255449733542845,0.9476541714208224
2018-08-20,1.3608870244881892,0.943649234749925,1.0166823640702745,0.9966564446374375,0.9678334241780532,0.928329741104398,0.9508886190061872
2018-08-21,1.356297730450686,0.9409277427220863,1.0137395562603742,0.9938466659026254,0.9653353744021574,0.9259370624519769,0.9484006341211481
2018-08-22,1.3578215194865757,0.9418290628144942,1.0147274781626132,0.994798067424987,0.9661765699938352,0.9267265328923955,0.9492866243893406
2018-08-23,1.3558495572048361,0.9406212366713187,1.0133822164232724,0.9934351090730774,0.9649775938140507,0.9255994636293464,0.9482107811352165
2018-08-24,1.3584131081710975,0.9421973625798847,1.0151517666781944,0.995237049589697,0.9665639367485309,0.9270708818912551,0.9497346662602559
2018-08-28,1.3655300993151942,0.9465804947599871,1.0202311009186091,1.0005186160396395,0.9712358023823291,0.9314396087706167,0.9545297063444003
2018-08-29,1.355849557204836,0.9406289525616311,1.0132217866222755,0.9932992712137427,0.9645275338357899,0.9251040591964634,0.9491698753523252
2018-08-30,1.3473880463231895,0.9355172844429451,1.0071314279274255,0.9873010513556206,0.9591440228381993,0.920169755849578,0.9443803202055175
2018-08-31,1.3324011329819683,0.9263418227260269,0.9963181114065816,0.9769408686232189,0.950031793196207,0.912102788610912,0.9352443217465822
2018-09-03,1.345344376322114,0.9343707815495833,1.005134081191271,0.9847031602133193,0.9565578501116149,0.91796797893782,0.9422679419666673
2018-09-04,1.3369725000896375,0.9292443684909563,0.9995659524147575,0.9798207550738471,0.9519949037531864,0.9138400942983498,0.9368960741184134
2018-09-05,1.3235990104334763,0.9205562495033489,0.990621824570684,0.9718878235840174,0.9447873577201271,0.9075263290147522,0.9286692146297527
2018-09-06,1.3120719945502164,0.913332564431228,0.9831231377102884,0.965391332199891,0.9391141476491065,0.9025854474019855,0.9219645950146355
2018-09-07,1.3046681725287756,0.9085859868989127,0.9783678928000389,0.9612836335172436,0.9356095221694355,0.8995815470549738,0.9174896319633242
2018-09-10,1.3049550034061195,0.9087561525654013,0.9785491153534989,0.961435670097259,0.9357406694236106,0.8996971586770274,0.9175492351848461
2018-09-11,1.3039152414757476,0.9080536407754626,0.9778387223317886,0.9607667292680064,0.9351786145366077,0.8992104084620146,0.9169339441575375
2018-09-12,1.3110680864795123,0.9129924852335253,0.9827696064965082,0.9654605929324014,0.939125638552507,0.9026287689424157,0.9210519152747557
2018-09-13,1.3053673227923015,0.9091695230019016,0.9787825594372668,0.9616146517667503,0.9357423931976234,0.8996537637707759,0.918143126433674
2018-09-14,1.3093829550751168,0.9118493014547523,0.9816306879886652,0.9643710115616386,0.9381445679632511,0.9017082673688452,0.920626598910735
2018-09-17,1.309042343408271,0.9115523776123089,0.9813711424927173,0.9641062464493624,0.9379061555352313,0.9014953021975264,0.9204068927770299
2018-09-18,1.308701731741425,0.9112537946453131,0.981100239290244,0.9638246542562554,0.9376571866237519,0.9012691704790862,0.9201628204181599
2018-09-19,1.3142411530601301,0.9156072369414034,0.9853777745441199,0.9681757882387212,0.9415077912009804,0.9047219615845238,0.9233399666562326
2018-09-20,1.3207307016600367,0.9207151039144685,0.990479852046152,0.9733280258653897,0.9462183966235798,0.9090053055977788,0.9272821591559608
2018-09-21,1.3427628984260185,0.937557812249327,1.0080001517035533,0.9907037511028817,0.9628792593465835,0.9243585098298808,0.941592745334582
2018-09-24,1.3370621347388074,0.9338486650628517,1.004087830863324,0.9873599625518071,0.958394963796979,0.92026777492533,0.9379419008310992
2018-09-25,1.3458821842171338,0.9394133961445464,1.010120950750846,0.9925394432912641,0.9650607156497549,0.926158956539955,0.9438923686061634
2018-09-26,1.3465813344806596,0.9398351349775702,1.010599654789947,0.9929513910732788,0.9655913180399911,0.9266290256834989,0.9442596254846699
2018-09-27,1.3526585636943846,0.9436372195240827,1.0148876679169931,0.9968479206468227,0.9704812400626096,0.931113783500843,0.9489469656734165
2018-09-28,1.3463482843928178,0.939636013129059,1.0103384918061193,0.9926045847777314,0.9652375938180117,0.9262029355630103,0.9449663759900307
2018-10-01,1.3437488795668884,0.937970356793757,1.0084318676632642,0.9908203371096815,0.9631770836379169,0.9243209108494748,0.9432680726533677
2018-10-02,1.339966297371915,0.9353429760660464,1.0055751951205567,0.988086269513676,0.9601685973782824,0.9216393343800057,0.9406306064918757
2018-10-03,1.346366211322652,0.9399499406498758,1.0104918749926788,0.9928117910441919,0.9652356924831551,0.9260646098981631,0.9442694538308696
2018-10-04,1.329873435875375,0.9278582870355394,0.9976272308336318,0.9804652961888778,0.9517819261362268,0.9140574722386329,0.932761099586574
2018-10-05,1.3119823599010463,0.9151891357236064,0.9847926285289513,0.9694403382024561,0.9415528126337939,0.9042822410413118,0.922345273727713
2018-10-08,1.2967086156824812,0.9050445011433551,0.9747446988975305,0.9613104180537227,0.9345488401124635,0.8975342901396038,0.9127600707727201
2018-10-09,1.297479473665343,0.9055045505903111,0.9752080205610456,0.9616792892409165,0.9348478773000458,0.8978069679043978,0.9132587746424705
2018-10-10,1.2810046251479,0.8951803175623074,0.9645570519745871,0.9526546609809711,0.9273825053336905,0.8906672190926788,0.900373373897906
2018-10-11,1.2561220465383125,0.8806037839582165,0.9493394492759304,0.940133059198173,0.9172103065071202,0.8811146854302434,0.8826845920893142
2018-10-12,1.254150084256573,0.8795300643777084,0.9482382751675366,0.9392602953326651,0.916510861171082,0.8804447636224729,0.8813336957422866
2018-10-15,1.2601197518912939,0.88266966691997,0.9515076955194135,0.9419466970209498,0.9186236736447987,0.8825118915321377,0.8850609135741292
2018-10-16,1.265533684701161,0.8854926187650723,0.9545350075751909,0.9445740500681398,0.9206972221696709,0.8845769753016058,0.8879083698340021
2018-10-17,1.2646731920691292,0.8850454549900303,0.9540338580410881,0.9440980232040055,0.9203174242973462,0.8841890644539893,0.8874478933328898
2018-10-18,1.259725359434946,0.8824949802047599,0.9510991564393332,0.9412466611763913,0.9180643563183559,0.881894760984469,0.8849355998677073
2018-10-19,1.2638126994370973,0.8846239329044697,0.9535645988468978,0.9436916790399247,0.9199979155451956,0.8838018274906779,0.8872516446044453
2018-10-22,1.2625578143487175,0.8839625379152253,0.9527759205478159,0.9428646349933373,0.9193336412326534,0.8831411173569748,0.8864052016426448
2018-10-23,1.2468538238141365,0.8743466693146942,0.9427153364867544,0.9321290027875214,0.9107272615400851,0.8746601637022815,0.8767232673877093
2018-10-24,1.2482521243411882,0.875151445791835,0.9435457075132822,0.9328767804600349,0.911323661328694,0.8752310933145531,0.8774469801593311
2018-10-25,1.2556200925029608,0.8796155782164571,0.9481535089779307,0.9374529363953791,0.9149774096453247,0.8788117151688134,0.8807211881357069
2018-10-26,1.2440572227600328,0.8728080469815902,0.9408181216538203,0.9300358730238955,0.9087855587022828,0.872704642888254,0.8764077818550661
2018-10-29,1.259599870926108,0.8820964720548693,0.9505298892265898,0.9394337044710478,0.9165298942161129,0.8800084491172656,0.8815003933443535
2018-10-30,1.2613208561901716,0.8829841644451321,0.9515357777319527,0.9403441758408884,0.9174252882376395,0.8808540753347115,0.8820501470062333
2018-10-31,1.2778494854971165,0.891802820635519,0.9616560571579205,0.9501277872103223,0.9268072214421569,0.88982201488463,0.889879689803921
2018-11-01,1.2754472768993608,0.8905990785302288,0.9602415920746238,0.9488084927213936,0.9253358297148315,0.8884254648088441,0.8887792947973819
2018-11-02,1.2717543293535576,0.8887543470606794,0.9580219170193746,0.9466545666008381,0.9229782954514962,0.8862325177210164,0.8869409886381758
2018-11-05,1.2734932415474554,0.8896396628248798,0.9590803904227663,0.9476976100576399,0.9241026334251259,0.8872624106464205,0.8877016779957303
2018-11-06,1.2621813488222033,0.8835232529171486,0.9519065914451807,0.9402446210809061,0.9163043088596018,0.8800732926428978,0.8819087368564468
2018-11-07,1.2759133770750448,0.8910811982941386,0.9605010221715874,0.9487415474787771,0.924433086052175,0.8874703367165411,0.8886501104662482
2018-11-08,1.2801082786562001,0.8932542720319558,0.9630335717922962,0.9511429652977335,0.9270542026816946,0.8898575819308759,0.8906824408839206
2018-11-09,1.2737621454949655,0.8897501673448325,0.9590781898753872,0.9472142909779296,0.9228351348663121,0.8859635701544545,0.8873373401190037
2018-11-12,1.2644042881216193,0.8835843696607848,0.953145267012069,0.9412672676287799,0.9167161812716976,0.8805101294715189,0.882739138297115
2018-11-13,1.264529776630457,0.8836511977297952,0.9532245285989864,0.9413401362788137,0.9167633926344284,0.8805435801486636,0.8826800207724301
2018-11-14,1.2609443906636577,0.8813559471501908,0.9508652634092887,0.9389209467338037,0.9144420803593352,0.8784739920840046,0.8807932776539088
2018-11-15,1.2616973217166856,0.8818376170199532,0.9513603582700105,0.9394271872445035,0.9149276496392237,0.8789040326316768,0.880934739928678
2018-11-16,1.2573769316266923,0.8790614856360492,0.9483533440332326,0.9362268710425198,0.9119119296466726,0.8762182808770398,0.8787367897003108
2018-11-19,1.2550464307482727,0.877560045814758,0.9466902662868368,0.9344643952831794,0.9102736447344352,0.8747982053723418,0.8778723564787155
2018-11-20,1.2455451579362546,0.8714086912404225,0.9397430246850872,0.9270439551228005,0.9033829131391249,0.8688832282639786,0.8737861957183433
2018-11-21,1.2638844071564332,0.8829643877506145,0.9529827305654567,0.940286869311433,0.9152106362377445,0.8790126331686516,0.8806790053822308
2018-11-22,1.2477680972356704,0.873087415320918,0.9424741510251774,0.9308711613243802,0.9042481028320163,0.8696362390486141,0.8734385285375509
2018-11-23,1.2464415044279546,0.872305982263254,0.9416374805738297,0.9301409262902929,0.9034609559619591,0.868943329480385,0.8728462593857046
2018-11-26,1.261338783120006,0.8808881289309662,0.9510445313889291,0.9385420446960897,0.9116396182511526,0.8763856384008061,0.8792032573854043
2018-11-27,1.2579147395217125,0.8789511325737249,0.9489578160307296,0.936701585604224,0.9096209647730378,0.8745473341737084,0.8775690039265825
2018-11-28,1.255691800222297,0.8775983386564907,0.9475657832479878,0.9354131760568436,0.9082529441826214,0.8733353689056451,0.8763313758427097
2018-11-29,1.2618765910150258,0.8813012603266868,0.9515133043873374,0.9391536227460584,0.9121784740459815,0.8768043117510214,0.879399454701958
2018-11-30,1.2513355562726358,0.8744688650658048,0.9446470474905053,0.9324641549432416,0.9050955976188854,0.8704707136228107,0.8741704232192217
2018-12-03,1.266071492596181,0.8836936143374445,0.9541521451949084,0.9414865369435517,0.9138775250535293,0.8782253596643176,0.8808777725386219
2018-12-04,1.2589724283819184,0.87951760008208,0.9497572167502915,0.9374491533758722,0.9093731594728484,0.8742389185352106,0.8784286853982478
2018-12-05,1.2408662292495818,0.8690329546249099,0.9384158432421188,0.926849784452672,0.8981456792673013,0.8645728402010114,0.8716125096471234
2018-12-06,1.201839303000971,0.8474820897214904,0.9156314947012059,0.9069590503187088,0.8798259607128396,0.8477589285683869,0.8523596262168632
2018-12-07,1.2151052310781285,0.85326788477368,0.9212544844629835,0.9111561398397675,0.883172253200041,0.8514071820070531,0.8569290055007933
2018-12-10,1.2049585887920864,0.8489564263966484,0.9168989982395833,0.9077265566752328,0.8803170676845511,0.8482169154214658,0.8533872922284099
2018-12-11,1.2202681868703193,0.8554258078186338,0.9235781293303276,0.9132596416147967,0.8848484937366957,0.8530753554440292,0.8592674059220327
2018-12-12,1.233408626438639,0.8607159505139129,0.9292263548862276,0.9181096791052726,0.8890437321460323,0.8576128691854125,0.8639513523515461
2018-12-13,1.2329245993331213,0.860520043575142,0.929018222218097,0.9179143879896593,0.8888591167724802,0.8574102764628325,0.8637152294662231
2018-12-14,1.2271342009967403,0.8582607545003089,0.9264480162890438,0.9154504257110513,0.88666681968175,0.8549925343485026,0.8609765939129984
2018-12-17,1.2142268115162627,0.8532229407232613,0.9205754983995997,0.9095573046271475,0.8814983719260763,0.8495420087746816,0.8560409356312101
2018-12-18,1.2013911297551212,0.8482623745628517,0.9147212626547665,0.9036754229891739,0.8764741380262933,0.8444939724638466,0.8496971518294749
2018-12-19,1.212918145638381,0.8526681776689482,0.9199958698975381,0.9089863108312439,0.8809017639826391,0.8487465322079785,0.8549865544159293
2018-12-20,1.2032376035280228,0.8490380591391322,0.9155586779953544,0.9044307685896038,0.8768748558333564,0.8448371684361579,0.8487824045902508
2018-12-21,1.2049048080025844,0.8496826006048424,0.9163311785731164,0.9052331047238725,0.8775722930024391,0.8454845218012546,0.8492273077861527
2018-12-24,1.1985945287010176,0.8471490948756233,0.9132966674841367,0.9018697542672848,0.8746971224225825,0.8427505598748855,0.8460633967218186
2018-12-27,1.180434548779179,0.8398727317415443,0.9043695255273382,0.8917496299421157,0.8661294347770834,0.8348910133480621,0.8382527812212768
2018-12-28,1.2071994550213359,0.8507636726433935,0.9170401598071786,0.9046835504498223,0.8766964415561304,0.8447980376502832,0.8469711504871923
2018-12-31,1.2061417661611302,0.8503570844798777,0.9165642592249544,0.904218469842564,0.8762287735409144,0.8443635561075958,0.8465254257606355
2019-01-02,1.2072353088810037,0.8507502944192945,0.9170340345817618,0.9046581279114257,0.8767086781771556,0.8448123361178094,0.8469565420740301
2019-01-03,1.1997956329998951,0.8480572220927123,0.9136754493219564,0.9011880908001494,0.8730387408040132,0.8413112710554314,0.8444473429216806
2019-01-04,1.2257359004696884,0.8575060977314696,0.925620742814136,0.9138902574327619,0.8859694170262505,0.853161269247522,0.8543406557464001
2019-01-07,1.2209852640636794,0.8558746446067803,0.9236101980020326,0.9119591045890743,0.8834312263705763,0.8508725767274032,0.8525002596904441
2019-01-08,1.2300742174895156,0.858983939921906,0.927516063733228,0.9158447242920483,0.8884276955593935,0.8552773186132884,0.8560106297782786
2019-01-09,1.2381413359148141,0.8617780606694685,0.9310322070231354,0.9194838618879462,0.8931241192176154,0.8594348763868545,0.859027516919029
2019-01-10,1.2446488114445546,0.864453346863548,0.9339149748899115,0.9225826169791932,0.8971262861255324,0.8630015990840973,0.8620022353934087
2019-01-11,1.2402208597755575,0.8625679487198632,0.9319013046370482,0.9203169056826197,0.894242263006148,0.8603964848941386,0.8599869230538663
2019-01-14,1.2288910401204716,0.8576636335465231,0.9266086156576633,0.9141508322451999,0.8867640738814662,0.8538441162777994,0.8558025893724174
2019-01-15,1.2360618120540703,0.8608022684650185,0.9299820689369542,0.9179980142596657,0.8908569955763533,0.857456387854318,0.8587171192205998
2019-01-16,1.2302714137176893,0.8582148984087067,0.9272005200269342,0.914738373698687,0.8872996406345524,0.8542891981892408,0.8563869442049425
2019-01-17,1.2252877272238383,0.8559998708724479,0.9247428621672142,0.9117964843009899,0.8842309813059738,0.8516338981329367,0.8543269701434602
2019-01-18,1.24920225162239,0.8666518794815753,0.9368128231497912,0.9265013173922036,0.8992005583188274,0.8642511756245252,0.8632944451845725
2019-01-21,1.249614571008572,0.8668100678579967,0.9369757976592272,0.9266008908172262,0.8994512139253006,0.8644616517493421,0.863447715854764
2019-01-22,1.2372091355634462,0.8614168912849264,0.9310890429158,0.9202966198953998,0.8908923317244304,0.857111821344143,0.8555562538918263
2019-01-23,1.2267218816105583,0.856914202334698,0.926102073056001,0.9150250853061409,0.8847782984569941,0.8517257456283439,0.8510880961715546
2019-01-24,1.222437345380233,0.8550737594104802,0.9240390321298285,0.912833175614516,0.8824489535515081,0.8496937159817163,0.8486770802823228
2019-01-25,1.2206805062565014,0.8543204378498576,0.9231618538709684,0.9118528553931907,0.8814496943468432,0.84884944051403,0.8477206251683514
2019-01-28,1.2095478828295896,0.8495135913154295,0.9174733194535916,0.9052972291950704,0.8748289546242245,0.8432311401460983,0.8415292407661378
2019-01-29,1.2251084579254987,0.8565195397756131,0.925443804320478,0.9141771126554991,0.8831920848044005,0.850352690889365,0.8494218229535083
2019-01-30,1.2444157613567133,0.8659883014182965,0.9350356019037067,0.9242636995748519,0.8942106032115762,0.8597849377697954,0.8601945888000407
2019-01-31,1.2493098132013944,0.8682245557991016,0.9373288748004373,0.9265027954537176,0.897143462885964,0.8623013587807309,0.8623288496755014
2019-02-01,1.258506328206235,0.872448408099327,0.9417654164236338,0.9310721938893919,0.9029730628191407,0.8673612470857034,0.8663520543970203
2019-02-04,1.2609981714531604,0.8735990354397831,0.9429785078225686,0.9323471069532018,0.9046163396793493,0.8687981959355846,0.8674939607701064
2019-02-05,1.2866874619052775,0.88697904615404,0.9558853588965087,0.9466038165396337,0.9225278832339227,0.8847169663946064,0.8828257926550644
2019-02-06,1.285916603922416,0.8865845488788646,0.9555063055293997,0.9461928113654198,0.9219493083147445,0.8842042171528817,0.8823613908933554
2019-02-07,1.2716646947043886,0.8798247336760888,0.9488436588765069,0.9394503265108868,0.9112039522765979,0.8745762462434253,0.8731313061035273
2019-02-08,1.2676490624215733,0.8779776223625403,0.9469722416567098,0.9375743758871474,0.9087772584173792,0.8723174097665771,0.8706438600688711
2019-02-11,1.2780287547954574,0.8827253568417223,0.9519379990890616,0.9427447065929144,0.9149543172881658,0.8779463140110564,0.876876524156199
2019-02-12,1.2787458319888174,0.8830479411923285,0.9522809809243342,0.9431033541556073,0.9153838565863824,0.8783370412202504,0.8772206583321099
2019-02-13,1.2890896705030335,0.8878761877009734,0.9574156181490397,0.9487765266293953,0.9221848826770843,0.8846205818569445,0.8833730545882841
2019-02-14,1.2902011401527411,0.8883894327881219,0.9579688080251604,0.9493899102321723,0.9229315199895951,0.8853121162317464,0.884045827627912
2019-02-15,1.2973181312968378,0.8917264975891753,0.9616275738537275,0.9535975122688509,0.9280237130816069,0.8901000327751307,0.8882797089083091
2019-02-18,1.2942346993653904,0.8902639444539505,0.9600032366617224,0.9516935416404847,0.9257086294953013,0.8878979018273004,0.8864890608067589
2019-02-19,1.2870101466422896,0.8864955972587817,0.9560898703509438,0.9469934728190177,0.9202316286256289,0.8828200292077545,0.8805585672612377
2019-02-20,1.2958660499802843,0.8910013884270562,0.9609615824534586,0.952786354381209,0.9264989865838815,0.8884679745112004,0.8857149285872673
2019-02-21,1.2848947689218781,0.8851770496620531,0.9548613118048009,0.945638654973298,0.918379660769417,0.8810638311834179,0.8793511405057584
2019-02-22,1.286902585063286,0.886242569020845,0.9559783788540007,0.9468715017104425,0.9195807704143781,0.8821616265012948,0.8806446762313217
2019-02-25,1.2878168584848197,0.8867294254049817,0.9564915186570065,0.9474514564811272,0.9201670707475607,0.8826990006576734,0.8812228572331396
2019-02-26,1.281972679358937,0.8835735897172381,0.953026839363338,0.9433409072944182,0.9160956868427035,0.8788836924704715,0.8780805420006272
2019-02-27,1.2741027571618124,0.8791572054466495,0.9482680858837368,0.9377576471745587,0.9107103882794908,0.8740021073436371,0.8735629890535662
2019-02-28,1.2682765049657636,0.8758351133090481,0.9447027719763532,0.9336900302758508,0.9069104457177833,0.8706419106055839,0.8706964996532206
2019-03-01,1.2740131225126425,0.879337297365599,0.9482738278594347,0.9377365699266715,0.9106184982300704,0.873815229637551,0.8737412476828156
2019-03-04,1.2789788820766597,0.8823858005568487,0.951422753665942,0.9413040219873974,0.9139613910590634,0.8767160116104917,0.8766732666832814
2019-03-05,1.287763077695318,0.8878613170901614,0.9571195655059046,0.9477760881804979,0.9201476197647478,0.8821601805470486,0.8818947435246631
2019-03-06,1.2900218708544016,0.8892388595719777,0.9585886683616025,0.9493798776757826,0.9217877841936406,0.8836157695873191,0.8832395133982961
2019-03-07,1.283137929798147,0.8837682745443257,0.9539641394907517,0.9442052005467132,0.9165403737627175,0.8788547631298891,0.8785293728576454
2019-03-08,1.2735828761966266,0.8764831660590395,0.947472673116589,0.9371404363855886,0.909651356983407,0.8727476761895343,0.8726149155915024
2019-03-11,1.2782976587429677,0.8802465208347321,0.9506563767621207,0.9404093400485232,0.9126415237592317,0.8753769597388561,0.8752114161297262
2019-03-12,1.281990606288771,0.8832163590748664,0.9531967764325455,0.943061958253217,0.9151172636564563,0.8775762631119934,0.8772497962278644
2019-03-13,1.2834247606754907,0.8844030044267498,0.9542008222459882,0.944118660931392,0.916110098213129,0.8784668973108815,0.8779188147642308
2019-03-14,1.288121616291998,0.8883734115612156,0.9576133478748046,0.947764867450766,0.9195379838127703,0.8816073370058614,0.8802303642963013
2019-03-15,1.2958122691907825,0.8951913863578945,0.9633308064113334,0.9538559561083886,0.925365629409218,0.887025189465698,0.8839359429257222
2019-03-18,1.308522462443086,0.9061238078184781,0.9728243336078795,0.9636544250672908,0.9353201977080012,0.8963811521143122,0.8909837420112199
2019-03-19,1.312968341041917,0.9097168501452911,0.9759926701216205,0.9666625504651604,0.9388947209603172,0.8997553317144015,0.8940863772296693
2019-03-20,1.3070524541966981,0.9048887019421874,0.9716444454461945,0.9624175545833179,0.9339859112878848,0.895032652984897,0.8903809283974499
2019-03-21,1.318579470079958,0.9143865790630947,0.9802189031812427,0.9707372263508608,0.9430105465247162,0.9033960659301246,0.8975865468722131
2019-03-22,1.292101394715145,0.8930173247902924,0.9610307233745035,0.9528282958530719,0.9216016022021399,0.8833721309405216,0.8811622964416196
2019-03-25,1.286723315764946,0.8894908579282601,0.9577911598156059,0.9501790684923335,0.919153009823879,0.8807711377300331,0.8780881237797191
2019-03-26,1.2900756516439034,0.8915997087197317,0.9597919918539957,0.9518343711062591,0.9205832433558161,0.8822851946408088,0.8800870798702138
2019-03-27,1.2896991861173894,0.8913620048199448,0.9595494472076136,0.9516079183909731,0.9203889661567005,0.8820784857108891,0.8798598367817799
2019-03-28,1.296887884980822,0.8959246252198773,0.9641023550986597,0.95573440637168,0.9239225672816812,0.8858239551746151,0.8835501216212958
2019-03-29,1.3049370764762864,0.9010879442576983,0.969272159346936,0.9605355353514531,0.9281388791883592,0.8902902286402901,0.888020587495597
2019-04-01,1.3117851636728732,0.905496679200641,0.9737051214583132,0.9647132748626331,0.9319431689946847,0.8943100945808119,0.892092227568064
2019-04-02,1.3249973109605289,0.9139777816281681,0.9823771448630788,0.973033870945965,0.9397295693165418,0.9025220467805266,0.8992407631944521
2019-04-03,1.3298734358753759,0.9169840143132426,0.9854737431978429,0.9759116197418386,0.9427428841102263,0.9056778374581773,0.902077132723691
2019-04-04,1.3269334193826003,0.9151365927744533,0.983546876682063,0.9740512363557164,0.9408001780073608,0.9036420004704534,0.899730279190564
2019-04-05,1.3350005378078988,0.9201558984590528,0.9889449376571617,0.9793524173200663,0.9462380736344463,0.9091672935199476,0.9045925353623326
2019-04-08,1.3358968842995989,0.9207157334950972,0.9895468554275055,0.9799447764626774,0.9468504473909999,0.9097882288682893,0.9051347359491205
2019-04-09,1.331182101753258,0.9175652533536158,0.9862506266485385,0.9766060544776047,0.9433777539813644,0.9062200946721302,0.9024779798273747
2019-04-10,1.3305188053494,0.9171249764924566,0.985768069798675,0.9761142184580134,0.9428918508701344,0.9057216691339208,0.9020516367931826
2019-04-11,1.329819655085874,0.916668706330038,0.9852400236670715,0.9755620882567188,0.9423494790013935,0.9051774943448851,0.9016228679029117
2019-04-12,1.3332436986841676,0.9188909807423231,0.9878168222669524,0.9782409678660833,0.9449882772573234,0.9078275242783673,0.9037928434839289
2019-04-15,1.3332078448244995,0.9188669022886223,0.9877759900463597,0.9781981848589275,0.9449448625318814,0.9077769507754998,0.903736683592883
2019-04-16,1.3391237316697184,0.9227486509749669,0.9924978350392913,0.9831308540474681,0.9497705516832023,0.9127227684626205,0.908101071020417
2019-04-17,1.3393747086873944,0.9229030727443565,0.9926945785274083,0.9833330203209518,0.9499682097072165,0.9129190196503982,0.9081692074032326
2019-04-18,1.3373310386863186,0.9215044953394743,0.9909669176746446,0.981569844965575,0.9482117572340609,0.9110553407807646,0.9066373284015454
2019-04-23,1.3486608583414046,0.9293621174372815,1.0007066230778014,0.9914161088305798,0.9579678790580848,0.9211582749613508,0.914700295644949
2019-04-24,1.3394643433365643,0.9229551732671556,0.9930717275139352,0.9842530133222068,0.9498899255476437,0.912517657174668,0.9079992874973598
2019-04-25,1.3327058907891476,0.9159726877593822,0.987551830861146,0.9792816590050756,0.9446988841933244,0.907146284695048,0.9036699432384445
2019-04-26,1.3316482019289417,0.9149204522697428,0.9866802577432344,0.9785086753697453,0.9439117923639405,0.9063491437556324,0.9027535200144836
2019-04-29,1.3338890681581912,0.9171111833733252,0.9885587690303174,0.9801959779943531,0.9455732351673383,0.9079716167734498,0.9042133430393101
2019-04-30,1.329855508945542,0.913137777635902,0.9850335746290096,0.976981575012843,0.9424393086476577,0.9048811804973981,0.9015670943993171
2019-05-01,1.3239575490301572,0.9073549045345902,0.9797847865819241,0.9722353939858299,0.9378797141195165,0.900532542858309,0.8972533322417616
2019-05-02,1.3178623928865982,0.9014023542443462,0.9743261185372151,0.9673883686232096,0.9332992591932204,0.8963133457907034,0.8942777523680712
2019-05-03,1.3231149833279592,0.9065000084452084,0.9790480863188958,0.9715033216806592,0.9371039534621314,0.8996850418967506,0.897783663101507
2019-05-07,1.301584740597329,0.8843371560410404,0.9594103578378457,0.9544395836596641,0.9208829577791018,0.8850168700523289,0.8877825836094605
2019-05-08,1.3034670682298986,0.8857528713590861,0.960662554182277,0.9553319637124686,0.9215900025867302,0.8858146656537917,0.8886556876105799
2019-05-09,1.2920655408554766,0.8764266495755086,0.952106393328689,0.9485178525478432,0.9158464375706059,0.8798719424840034,0.8825624912527035
2019-05-10,1.291330536732283,0.8758269500280095,0.9515577465327001,0.9480810583816118,0.9154784125184668,0.8794935227415691,0.8821276386615019
2019-05-13,1.2842314725180202,0.87003395433387,0.9462186270481333,0.9436542404208316,0.9118235718764501,0.8759306241615582,0.878314881885543
2019-05-14,1.2981965508587037,0.8812923001823887,0.9567541265426706,0.9525201931976881,0.9190618718384835,0.8826069752069243,0.8869901326683896
2019-05-15,1.308128069986738,0.8883657241977356,0.9637921612276207,0.9583254219522662,0.9244937741341606,0.887697205203936,0.8936869632572301
2019-05-16,1.318256785342946,0.8952682549193972,0.9709140931818157,0.9642916834026295,0.930348471709607,0.8932463653727966,0.8989400873391306
2019-05-17,1.3173783657810803,0.8946730527789722,0.9702978944117472,0.9637730988280062,0.9297907425016007,0.8927063666823938,0.8983814132310718
2019-05-20,1.3106199132336633,0.8902178925978261,0.9654350023716824,0.9594911561292777,0.9254322485715153,0.88856571586663,0.8945270237654838
2019-05-21,1.3138467606037827,0.8923538281177299,0.967770964202164,0.9615607895937949,0.9274705669112642,0.8904045471595335,0.8963843437944792
2019-05-22,1.3147968878849845,0.8929767514955467,0.9684659541583375,0.9621828200618354,0.9280812775719389,0.8909617952242281,0.8968602739128213
2019-05-23,1.2962962962962998,0.8808096206409641,0.9542446038938861,0.9489130976061702,0.9152287627697099,0.8791142521719535,0.8852135721312988
2019-05-24,1.304668172528776,0.8860905831917708,0.9598895167472806,0.9535975993039328,0.9192309973509117,0.883133859710675,0.8898414019675335
2019-05-28,1.3031085296332183,0.8851152322188863,0.9588232051355943,0.9526752767928052,0.918393049242847,0.8822924271952397,0.8890283885620806
2019-05-29,1.2881036893621631,0.87572883584067,0.9482523707955712,0.9432810419209648,0.9100463457326348,0.8741084563041066,0.8798441674399621
2019-05-30,1.294001649277548,0.8792087548713395,0.9521399671281706,0.9465748158835082,0.9128265974263066,0.8767949294951485,0.8822637907452645
2019-05-31,1.2838729339213397,0.8732714124250703,0.9452961822994375,0.940552446913112,0.9076370170415211,0.8717504349351821,0.8767812589747819
2019-06-03,1.2880140547129932,0.8756515562760709,0.9480634043335311,0.9429828891034301,0.9096848375471677,0.8736390689697422,0.8790935332622026
2019-06-04,1.2933024990140223,0.8786771572829681,0.9516770928693825,0.9462473852251209,0.9124565278654501,0.8762227458004774,0.8810321941394407
2019-06-05,1.294360187874228,0.8792759831072198,0.9524072268047332,0.9469153152646967,0.9130274769388265,0.8767563051970164,0.8814755180714371
2019-06-06,1.3014771790183246,0.8833560572054341,0.9575179445835568,0.9517774167987234,0.917213995376071,0.8806830746126797,0.8843967731560181
2019-06-07,1.3143845684988023,0.8915570791996266,0.9668844263383529,0.9607184597699717,0.9252243388536531,0.8882638223005962,0.8898224951012758
2019-06-10,1.322200709906425,0.896288052622562,0.9723165388383772,0.9656638061345238,0.9303031001488072,0.8931553731172652,0.8936404119798789
2019-06-11,1.3263239037682442,0.8988643302587318,0.9752059377203951,0.9683241120672823,0.9330954609348412,0.8958777273302188,0.8965249400568592
2019-06-12,1.3207844824495394,0.8953866860651206,0.9712156467455418,0.9645514437550936,0.929139696280828,0.8919777285348698,0.8930546640913692
2019-06-13,1.3209637517478794,0.8954965572183134,0.9713382679131125,0.9646627046571352,0.9292652942394971,0.8920740503152416,0.8931549184401799
2019-06-14,1.3168764117457281,0.8927383869429099,0.968240682569938,0.9616250695015004,0.9262351352205918,0.8892063702303771,0.8906843234137695
2019-06-17,1.3189380086766378,0.8941393427953357,0.9698197498656583,0.9631711727506582,0.9277595208784065,0.8905873419274829,0.8917503106512823
2019-06-18,1.334301387544373,0.9050300907273735,0.9820048372430068,0.9752471096505041,0.939525122219322,0.9014608506630577,0.9010625154097119
2019-06-19,1.3272202502599444,0.9003512561313766,0.9767746182408535,0.9705093796789037,0.9339013688569705,0.8960876022519908,0.8971761014315951
2019-06-20,1.3309669785952496,0.9028043783980199,0.9795401467616973,0.9729973673539482,0.9366397702401433,0.8986003107604089,0.8993268090810868
2019-06-21,1.3279373274533042,0.9008218464539278,0.9772325511522933,0.9708598100429418,0.934300626641286,0.8964038591049205,0.8976231797612363
2019-06-24,1.3295866049980318,0.9018939807198956,0.9785020754732099,0.9720412777168198,0.9355747620509846,0.897566690492997,0.8985557439777323
2019-06-25,1.3306084399985696,0.9025975072487284,0.9793053849567763,0.9727981211926163,0.9363770083375164,0.8983023438496308,0.8991877046308863
2019-06-26,1.3295328242085298,0.9017515352393116,0.9784003930581074,0.9719195415403937,0.9354791537687477,0.8974503354482196,0.8984837044824897
2019-06-27,1.3270051271019363,0.8997883417443041,0.9762314900037978,0.9698173037350675,0.9333478129119082,0.8954480306266446,0.8965372958792296
2019-06-28,1.3311821017532577,0.9034596005703199,0.9798685550615808,0.9733215303146474,0.9368683511715644,0.8986933678108078,0.8989711381607122
2019-07-01,1.3440715643039012,0.915136012972436,0.9913605263197038,0.9842724797787299,0.947953755726946,0.9091550441639047,0.9071010425817569
2019-07-02,1.3551324800114772,0.925535427458483,1.0005593827787878,0.9922769111027173,0.9576497859434073,0.9186366691155964,0.9136695266348129
2019-07-03,1.3641138718583097,0.9336720327532454,1.0077993286519609,0.9984404736618002,0.9656543656679284,0.9267372072644978,0.919188694450393
2019-07-04,1.363092036857772,0.9327463627603827,1.0069755535385165,0.9977384766631875,0.9647217936119107,0.9257404965935998,0.9185325980623921
2019-07-05,1.3540389372916035,0.9246954790076822,0.9994828432209334,0.9911859790624478,0.9564545116369647,0.917087526523112,0.9109209352790534
2019-07-08,1.3533577139579116,0.9240915024651299,0.9989207969701476,0.9906949338800568,0.9558346027698311,0.9164392641222701,0.9103597403978251
2019-07-09,1.3510630669391601,0.9220289927262167,0.9969742787415521,0.9889806725585756,0.9539919513101306,0.9145694636507041,0.908330081866886
2019-07-10,1.3500233050087884,0.921088768573958,0.9960594206799932,0.9881637515648312,0.9531407779501501,0.9137316335578544,0.9074030620292866
2019-07-11,1.3462765766734832,0.9177256461862195,0.9927037332615675,0.9851543702037822,0.9500234399571471,0.9106624287885501,0.9044188541937722
2019-07-12,1.3455953533397913,0.9170983744859859,0.9920704552136079,0.984588297116736,0.9494592761266717,0.9101068008385192,0.9038880472454207
2019-07-15,1.3502025743071282,0.9212769031188611,0.996374192821756,0.9884487692782499,0.9533410217982734,0.9138224995716189,0.9073382136874366
2019-07-16,1.3583593273815968,0.9287729309583372,1.0041472735345716,0.9953618467916092,0.9603694396563582,0.9206927527567019,0.9129825643686879
2019-07-17,1.3508837976408203,0.9220352614321382,0.9971021659933954,0.9892755517991783,0.9537833782077763,0.91404675222712,0.9081057947898791
2019-07-18,1.3432827793912059,0.9145749763739665,0.9900069714983266,0.9833076037344222,0.9476932689106676,0.9080971110426419,0.90351249251241
2019-07-19,1.346079380445309,0.9172771534393955,0.9925849257456967,0.985418766591292,0.9497105309858733,0.9099774358210583,0.9052029565926895
2019-07-22,1.3471908500950167,0.9183548418659764,0.9936225723839053,0.9862765068310436,0.9505395147539495,0.9107608566324202,0.9058337440687427
2019-07-23,1.3547201606252954,0.9257457559703688,1.000960401384159,0.9924322241126807,0.9564488171926491,0.916438447072051,0.9103450915808567
2019-07-24,1.3447886414972614,0.9162227771898981,0.9913383859272742,0.9844832274398065,0.9483837902627738,0.9085154525290363,0.9054103773205323
2019-07-25,1.3425657021978459,0.9142078869446797,0.9892481973391365,0.9827992968992088,0.9467544196268395,0.9069359491426905,0.9042801816923443
2019-07-26,1.3533218600982437,0.9236985480198215,0.999498772770691,0.9910636545497754,0.9545177092905451,0.9142539889027601,0.910017104575349
2019-07-29,1.3779713886199894,0.9444818665200139,1.0219397900298957,1.008781396631753,0.9730090915146878,0.9319856162838766,0.9254684680302246
2019-07-30,1.3708364705460587,0.9394866566588765,1.016770741603504,1.0049650805526351,0.9674435926926108,0.9264287227821197,0.9221558877980235
2019-07-31,1.3600803126456606,0.9319875402311787,1.0091014171971535,0.9991127808172705,0.9595093572045327,0.918840650184261,0.9162407438697168
2019-08-01,1.3597397009788146,0.9317484264945278,1.0088555103407777,0.9989231347234448,0.9592286870721813,0.9185696163737769,0.9160472043452604
2019-08-02,1.3278656197339687,0.9090838101607708,0.9857160958322628,0.9800695546820237,0.93765270026868,0.8983034686389743,0.8987469844643079
2019-08-05,1.2950234842780866,0.8911827931096922,0.9675950877494474,0.9666402944720669,0.9259738669126478,0.8851715377939434,0.8850668676451852
2019-08-06,1.2856656269047404,0.8868375722820386,0.9632565772505027,0.963456825174611,0.9233864043788798,0.8822651760427196,0.8819331733604318
2019-08-07,1.2905058979599195,0.8890464983751781,0.965504804947314,0.965193848044255,0.9247700241297919,0.8837563773133583,0.8838577617186593
2019-08-08,1.3061381807751646,0.8961034378323623,0.9729576813224277,0.9713544929541463,0.9296192293387364,0.8889915113900813,0.8904325437244209
2019-08-09,1.3004015632282857,0.8936339468898165,0.9702661274132995,0.9690521532972869,0.9276851099305065,0.8868759464067733,0.8882625112667926
2019-08-12,1.2955254383134387,0.8915463710795091,0.9679132037836302,0.966925989121124,0.9259428774596504,0.8850732150763393,0.8861475456151205
2019-08-13,1.299863755333266,0.8934045773998086,0.970049831309638,0.9689383389981524,0.9275763595697667,0.8867232879061521,0.888359685194882
2019-08-14,1.2813990176042493,0.8855033408717745,0.960672488263033,0.9595235911775903,0.9199832277667568,0.8790506908085046,0.8810398614839355
2019-08-15,1.266896131368546,0.8793702562631109,0.9535565406436692,0.9527455005964007,0.914608506632231,0.8737672963547364,0.8760462044437534
2019-08-16,1.2758954501452122,0.8831286896044552,0.9579266935257317,0.9568924584470615,0.9178540850152255,0.8768180740467436,0.8793872947798587
2019-08-19,1.2888924742748598,0.8884358484995304,0.9643145593831468,0.9631870178998068,0.9228994705550759,0.8816291973256563,0.884199479706892
2019-08-20,1.277293750672264,0.8838410659930975,0.9586475650093218,0.9575365127573667,0.9180222801131009,0.8769202450375223,0.879496052336067
2019-08-21,1.2914560252411214,0.889421005641383,0.965612014444275,0.9645426878709108,0.9239030565634507,0.882341543685742,0.8852135403488355
2019-08-22,1.2778674124269518,0.8842076116998059,0.9590130836247617,0.9579167300457758,0.9178280147595659,0.8766578374706642,0.8792110404324017
2019-08-23,1.2719156717220648,0.8819327726468638,0.9561278166216409,0.9550344386315415,0.9152939764166729,0.8743489082182977,0.8762734674077253
2019-08-27,1.270947617511029,0.8815624194972891,0.9556393758294186,0.954512180564051,0.9148491360454026,0.873966054953058,0.875825075420569
2019-08-28,1.275447276899362,0.8833162996243412,0.9579358441396054,0.957015078966022,0.9169811408530586,0.8758376533957614,0.8778081422919003
2019-08-29,1.2879244200638238,0.8886206837359989,0.9644853080080773,0.9644814530559018,0.923346884303108,0.8814718372553498,0.8837141892092887
2019-08-30,1.292029686995809,0.8902907666039128,0.9666242271230473,0.9668442446492995,0.9255619809224482,0.8834533685561492,0.8855521100803381
2019-09-02,1.3054211035818046,0.8957550866463485,0.9737819456070744,0.9750880585840567,0.9332958845542174,0.8904335999232936,0.8912066191048951
2019-09-03,1.302965114194547,0.8947805592648307,0.9724819165110414,0.973634294569106,0.9317694153379387,0.8890325285039999,0.8900472745271382
2019-09-04,1.3106916209529995,0.898162066444562,0.9766739245987551,0.9784370481244896,0.9367044285189371,0.8934528656618526,0.8936366090674739
2019-09-05,1.3035029220895666,0.8943085027973695,0.9727007299836221,0.9738232678276533,0.9318407051044145,0.8890443964275259,0.8903548360986008
2019-09-06,1.3054928113011404,0.8953671948109359,0.9738137530876622,0.9751143517846889,0.9331247498614883,0.8901543132083605,0.8912845145171417
2019-09-09,1.2971567889283317,0.8909035153894083,0.9689725291087053,0.9692935896107958,0.9273961685126847,0.8850850305427412,0.8869615626614783
2019-09-10,1.3029292603348785,0.8941097498658869,0.9723561186067988,0.9732413688823435,0.9310851285510622,0.8882622277049694,0.8893158401788275
2019-09-11,1.3154781112186762,0.9010972253589395,0.9798638954005767,0.982115479319802,0.9395911710457591,0.895727290912992,0.895409630243638
2019-09-12,1.316679215517554,0.9017373566617667,0.9805658971721037,0.9828620127048388,0.9404243597417705,0.8964652105028166,0.8959684734808006
2019-09-13,1.3207665555197052,0.9039535701704046,0.9830362159126504,0.985679139666892,0.943432201882179,0.8991866368149015,0.8978992848442964
2019-09-16,1.3125022408662328,0.898960683605268,0.9778783124230881,0.9796378498023927,0.937064646474741,0.8933120726852195,0.8938216278559403
2019-09-17,1.3123229715678928,0.8988252366563533,0.9777617129395512,0.9794989327436839,0.9368944935193501,0.8931476548411361,0.8937025011070515
2019-09-18,1.3111935749883512,0.8980922906922698,0.9770157232243097,0.978621944689743,0.936049968676458,0.8923754963909688,0.8930626891333828
2019-09-19,1.3187766663081315,0.903177641934956,0.9820771053558528,0.9845793935934939,0.9417704866913043,0.8975578097657675,0.8972014149642394
2019-09-20,1.3167150693772218,0.90168963463865,0.9806803696895172,0.9829745454300072,0.9401387653539774,0.8960412362189678,0.895950731371627
2019-09-23,1.3133448065684306,0.8991088242584975,0.9783228300566877,0.9802445689046213,0.9374324927403861,0.8935854973989901,0.8939856848058266
2019-09-24,1.3071241619160336,0.8938274545803033,0.9738674094096642,0.9751201142836605,0.9324438877763495,0.8891470731914622,0.8901845029494176
2019-09-25,1.3068731848983577,0.8936165283225389,0.9736786457643665,0.9749072647308801,0.932225924611314,0.8889469422997203,0.8900172097944632
2019-09-26,1.3178265390269297,0.9028166514609817,0.9818527163746844,0.984061241191917,0.9408085617897586,0.8964998592507674,0.8960661380024013
2019-09-27,1.3312896633322613,0.9136866016448664,0.991683087070739,0.9941601567145327,0.9516881039341216,0.9063216147936896,0.9020594750784425
2019-09-30,1.328062815962142,0.9110844206718729,0.989404030014363,0.9919460077799549,0.9489911375765369,0.9037985759671802,0.9003785534676482
2019-10-01,1.3194758165716576,0.9042367945850011,0.9832175369234838,0.9858773648868907,0.9418619996191626,0.8973158978135605,0.894847562171093
2019-10-02,1.2768455774264134,0.8692740607219441,0.952549098954646,0.956445013653408,0.9106533311614564,0.8693008070004213,0.8701097084666164
2019-10-03,1.268796385930949,0.8652180121949885,0.948686267350654,0.953544626679233,0.9082243513379165,0.866609072060085,0.8670737410100716
2019-10-04,1.2827435373417984,0.8719352176161913,0.955222168927464,0.958585988234371,0.9121850118303848,0.8710021397318902,0.8719542200791375
2019-10-07,1.290362482521247,0.8754444308604312,0.9587598433834448,0.9614537226882678,0.9145197683171408,0.8736198996310499,0.8750752598727679
2019-10-08,1.2805564519020507,0.8709681599782049,0.9541163939171322,0.9574181051965044,0.91121874500888,0.8698858501597836,0.8706340011591901
2019-10-09,1.2847334265533719,0.8728684431492224,0.9561180246031338,0.9592192931835829,0.9126714203444118,0.8714284834314457,0.8725458618713927
2019-10-10,1.288300885590337,0.87449480511236,0.9578677805334604,0.9608895051192428,0.9140103732388958,0.8728449704139505,0.8744339266862331
2019-10-11,1.2991825319995731,0.8795857184992727,0.9633703723419623,0.9665050436812477,0.918487542333281,0.8775823522689175,0.8808952195001669
2019-10-14,1.2931590835753501,0.8768301807439475,0.9603100090983567,0.9633230607550762,0.9157790920817991,0.8747115655404828,0.877863829517242
2019-10-15,1.2928184719085043,0.876674439955481,0.9601251884687164,0.9631112608370906,0.9156058148971299,0.8745487917573811,0.8776596245938985
2019-10-16,1.2850023305008815,0.8730692606902873,0.9559199793793624,0.958331139000465,0.9116463153109879,0.8706008574190532,0.8730122844415784
2019-10-17,1.2875658814671431,0.874241866142094,0.9573144234180323,0.9599122572932823,0.9129480966337907,0.8718161934089227,0.874513634002732
2019-10-18,1.2818830447097662,0.871644765879199,0.9541103839920064,0.956118829525577,0.9098306807422522,0.8688641988663502,0.8712787355402275
2019-10-21,1.2842135455881858,0.8727191968994634,0.955442643643136,0.9576963234027532,0.9111251551880732,0.870037850288392,0.8724829319319866
2019-10-22,1.2929798142770101,0.8767580291764733,0.9606212091836656,0.9640005716984076,0.9163149697357739,0.87476581464437,0.8772955189187005
2019-10-23,1.3016205944569965,0.8806613640817414,0.9657668697666023,0.9700714640092799,0.9217226271480631,0.879742209400421,0.8821013431785818
2019-10-24,1.3137391990247784,0.8860784639336499,0.9730365910885844,0.9784587756001272,0.9297106018567667,0.8871794918482249,0.8887519792351775
2019-10-25,1.3130579756910865,0.8857750037019372,0.9726286532831063,0.9779883958329483,0.9292190065265111,0.8867087818015399,0.8883787619300928
2019-10-28,1.3142770069197984,0.8863107841167676,0.9733605045305659,0.9787979638409349,0.930078113372361,0.8875214009499727,0.8890394425709399
2019-10-29,1.3097952744612993,0.8842506596462812,0.9705286630760684,0.9754979506387438,0.9267146762049625,0.8842893036492389,0.8865980488326476
2019-10-30,1.3141873722706285,0.8862597900652207,0.9733507461493383,0.9787764430640901,0.9299646684992231,0.8872734407949977,0.8889587463213237
2019-10-31,1.2994155820874151,0.8794621398988249,0.9635864175276646,0.9673705522725101,0.9186417116082812,0.8766168947749733,0.8809912649030129
2019-11-01,1.3090961241977734,0.8860886587140725,0.969687712200785,0.9734549264126855,0.9239551105019181,0.881842358349844,0.8861083020097043
2019-11-04,1.3211609479760533,0.8946338101821606,0.9773045032423334,0.9810735792755716,0.9311308262095104,0.8889102422456773,0.8919090938881733
2019-11-05,1.3244595030655089,0.8970128872535157,0.9793446481227034,0.9830490706339605,0.9331860716542614,0.8909481436252947,0.8937304916926351
2019-11-06,1.3260012190312325,0.8981390342175297,0.9803160569807452,0.9840168855584397,0.9341855804697775,0.8919436608888414,0.894657788910367
2019-11-07,1.32774013122513,0.8994704830097496,0.9814453856335994,0.9851867442718725,0.9353701771085399,0.8931304925376058,0.895536620463923
2019-11-08,1.3193144742031515,0.8928432216816476,0.9757307569562083,0.9789648396070224,0.929244033652826,0.8869202754442446,0.8900721876137712
2019-11-11,1.3137750528844467,0.8886659114858196,0.9719621356613584,0.9750171843695806,0.925539875240143,0.8833196529009291,0.886446194231051
2019-11-12,1.3203900899931913,0.8937387261909367,0.9765396482298032,0.9797900233360893,0.9298956504639737,0.8873169840299748,0.890443034010511
2019-11-13,1.3178444659567636,0.891757796967184,0.9747453327402305,0.9779253223833212,0.9281162271175267,0.8856504612103088,0.8888522753621918
2019-11-14,1.3073751389337096,0.883675103082276,0.9671667341789614,0.96991621608769,0.9206502996143027,0.8788509208158707,0.8838585690030952
2019-11-15,1.309185758846943,0.8850256130220883,0.9684476775755989,0.9711355946773764,0.9217024295545536,0.8798022474462005,0.8849123590423016
2019-11-18,1.310046251478975,0.8856733704787301,0.9690642819676343,0.971744005209309,0.9222392818019832,0.8802901374149062,0.8852108929026095
2019-11-19,1.3129324871822485,0.8878862649759458,0.9712300232693704,0.973964395953625,0.9241889117251735,0.8820893969200226,0.886637615971232
2019-11-20,1.3019432791940087,0.879419894105532,0.9626872006761203,0.9650805534711999,0.9163320931411473,0.8747212469102164,0.8808838756491674
2019-11-21,1.2976587429636834,0.8762212900836249,0.9594410056364934,0.9619691423219662,0.9136657397474337,0.8722387714800215,0.8788870592359896
2019-11-22,1.3134702950772685,0.8882377215733585,0.9716217804683414,0.9735722179079145,0.923520975088407,0.881066875040152,0.8861642759086805
2019-11-25,1.3259295113118963,0.8972741791786435,0.9804250378645988,0.9811095054536878,0.931688747579502,0.8884795712290968,0.8929067545193545
2019-11-26,1.3271485425406082,0.8980840821335859,0.9812491243771342,0.981807695533948,0.9325074334702097,0.8892282887357655,0.8935315808876497
2019-11-27,1.3319350328062853,0.9013707139441678,0.9846284787205434,0.9848118977623708,0.9359275585815723,0.8924182704516147,0.8960283658258654
2019-11-28,1.3295328242085296,0.8997107417687772,0.982878548891895,0.9831815931050624,0.9341185594678573,0.8906931471039062,0.8943929080033796
2019-11-29,1.317001900254566,0.8910578620903195,0.9735277385713361,0.9742780868556912,0.9245804935124747,0.8818307348177211,0.8867112952848322
2019-12-02,1.3061381807751642,0.8833390022938048,0.965713153517998,0.967313755283413,0.9179629934724695,0.8755671466229271,0.8795522569157652
2019-12-03,1.2833530529561545,0.8674152854039221,0.9496491808315751,0.9533486899229842,0.9054850913378234,0.8640817233912632,0.8688468643028452
2019-12-04,1.2886773511168517,0.8706933496611228,0.9527973726470882,0.9557403074075295,0.9074124973094814,0.86602763580295,0.8709216457961061
2019-12-05,1.2796063246208493,0.8650730242116424,0.9471977485956874,0.9511117732429619,0.9036191638350373,0.862234327774892,0.8661653261934535
2019-12-06,1.297855939191858,0.8762353199842304,0.9585006405919833,0.9607129977755052,0.9113904642930603,0.8695864528454058,0.8750822254442514
2019-12-09,1.2968161772614863,0.8756244644927744,0.9578745880908851,0.9601873638741956,0.910889735235297,0.8691077125495003,0.8745453066380348
2019-12-10,1.293212864364853,0.8736196103389515,0.9557236702181923,0.958275840261411,0.9090774212245002,0.8673983734400116,0.8724100140231698
2019-12-11,1.293661037610703,0.8738681795602452,0.9559866778848884,0.9585013608028227,0.9092940076200274,0.8676062459093405,0.8726594018724972
2019-12-12,1.3039152414757489,0.8796600552046652,0.9624275419157057,0.9647715781517856,0.9150586321752471,0.8728972589598479,0.8784409573893421
2019-12-13,1.3182388584131122,0.8874869450610097,0.9713920531552094,0.9734703622677072,0.9236334779381412,0.880829097831075,0.8862659443971488
2019-12-16,1.3479437811480448,0.9033247019413927,0.9893263284893332,0.9901315811458474,0.9424617309960717,0.8984178676563398,0.8958191818162221
2019-12-17,1.3490552507977525,0.9037792454181198,0.989814652341928,0.9904661961986767,0.9431801830672396,0.899092900853919,0.8961846184309297
2019-12-18,1.351833924922022,0.9050432738100543,0.9912382127644567,0.9916668932159173,0.9450974318822694,0.9009243418753636,0.8972120762409086
2019-12-19,1.3577498117672406,0.9077328425744231,0.9943697585133604,0.9945246921894715,0.9493718571133459,0.9050634226336016,0.8994509545007272
2019-12-20,1.3593094546627982,0.9084524222231029,0.9952079223962192,0.9953194832006659,0.9505263497148393,0.9061927723018873,0.9000334103162508
2019-12-23,1.366677422824571,0.9119199453331316,0.9993176622619738,0.9995208926483476,0.9562127736938599,0.911872105515482,0.9043269823729176
2019-12-24,1.3682191387902947,0.9126568014336865,1.0001872982172064,1.0004280159026362,0.9574233718525942,0.913096038888703,0.9051260357133828
2019-12-27,1.3704958588792122,0.9137742734542501,1.0015089535387878,1.0018680411012686,0.9592581783128579,0.9149903730916031,0.906866621944819
2019-12-30,1.3601340934351622,0.9086593329987995,0.9952477170159751,0.994693952681983,0.950693232393785,0.9059154697286217,0.9004591634131627
2019-12-31,1.3521207557993655,0.9047838954833715,0.9904066799865553,0.9894176273039724,0.9451619710344018,0.9002531385557987,0.8934452421795249
2020-01-02,1.3632175253666097,0.9100763374524685,0.9971942843780617,0.996701154574571,0.9522291733419842,0.9070463248643673,0.900668699014179
2020-01-03,1.366462299666563,0.9116481383887497,0.999165271604472,0.9987354747172781,0.9543860831711056,0.9091425946051718,0.9029611879776798
2020-01-06,1.3580187157147505,0.9073801697248183,0.9938763185165652,0.9930258896125851,0.9484376177457899,0.9032918623507691,0.8973944074002435
2020-01-07,1.3577677386970746,0.907186262395069,0.9937141420506345,0.992853592436249,0.9482386370025646,0.9030848731957613,0.8971666403451954
2020-01-08,1.3579470079954143,0.9072884822346687,0.9938173842156686,0.9929508843879246,0.9483388674734679,0.9031767437914782,0.8972450856706228
2020-01-09,1.3621060557169018,0.9097705096050503,0.9965958115626476,0.9960430909403036,0.9512738540834793,0.9059875234590394,0.8994897624937337
2020-01-10,1.3602775088738341,0.9085570132972521,0.9953264511865667,0.9946110040678299,0.9499095421353583,0.9046533355597823,0.8985132953576436
2020-01-13,1.3656018070345313,0.9119912137136031,0.9990857432692533,0.9988658841579782,0.9539173750558719,0.9085026827424163,0.9010354313534371
2020-01-14,1.366462299666563,0.9125480400452767,0.9996979850563591,0.9995576348911811,0.95457120648981,0.9091319655570576,0.9014573770125587
2020-01-15,1.3701193933526983,0.9149441060611694,1.0024074036554729,1.002596603181029,0.9574693980174147,0.912006517569578,0.9039507078529203
2020-01-16,1.3642035065074793,0.9109889216703781,0.9978749551284377,0.997564409516232,0.9526496388365667,0.9070998347864468,0.8997303146021868
2020-01-17,1.3758201570399091,0.9189289615289893,1.0068722038559104,1.007114824042359,0.9615244191208732,0.9156939905673465,0.9059578738052554
2020-01-20,1.371661109318422,0.9146368083603277,1.0037264632155585,1.004009271971773,0.9582351460110449,0.9124265854339805,0.9029083964264518
2020-01-21,1.3643648488759854,0.9076097167016094,0.9980951933484463,0.9985083788164171,0.9525640180541434,0.9069936568807688,0.8985128883653356
2020-01-22,1.3574092001003948,0.9011858709104854,0.9927032450017356,0.9933744651488113,0.9475341450569166,0.9023298957806788,0.8945015449769943
2020-01-23,1.3459001111469688,0.8907524565105478,0.9837146739168712,0.9849804051121059,0.9396484199060291,0.8952626251121927,0.8890290269890022
2020-01-24,1.3599368972069883,0.902498904830491,0.9943106717325729,0.9942542217932274,0.9478411514403984,0.9026030796228296,0.8952314294945803
2020-01-27,1.328761966225668,0.8781457912854997,0.9719468221553417,0.9754011194859554,0.9284414010252946,0.8850385768566899,0.881924679754167
2020-01-28,1.3410598400917897,0.8850017201565075,0.978553444406856,0.980127390040849,0.9323207704175518,0.8892994444506253,0.8860223605514378
2020-01-29,1.3415797210569758,0.8852673503902881,0.9788330924178072,0.9803289848067728,0.9324874867694971,0.8894793744586811,0.8861798441207709
2020-01-30,1.323365960345635,0.8751796728405561,0.968642229700408,0.9719142722069142,0.9253192019520476,0.8817073121496394,0.8762192600231561
2020-01-31,1.3061561077049981,0.8661513689622217,0.9594478841920423,0.9644029198897229,0.9191325204500561,0.8753403438463516,0.8683438820072157
2020-02-03,1.3133806604280986,0.869880042414512,0.9631592926709773,0.967456625591498,0.9215812937319653,0.8777341097618482,0.8713076911328139
2020-02-04,1.333727725789685,0.8802325917136591,0.9738254003093787,0.9767695095338242,0.9291109325718033,0.8851892673820357,0.8809157306845985
2020-02-05,1.3413825248288014,0.8837614567763074,0.9775785226486646,0.9799761250910337,0.9321595835957458,0.8882265515897642,0.8849404530771423
2020-02-06,1.3453802301817828,0.8855886636059603,0.9795766489986054,0.9817745143319915,0.9338723948522683,0.889938579519655,0.886360582986367
2020-02-07,1.33855006991503,0.882472998674667,0.976050057200715,0.9783388028523546,0.9306476586479727,0.8867084896673119,0.8826134102581953
2020-02-10,1.3350005378078986,0.8808543176085947,0.9741741874396681,0.976428698205703,0.9289136777114497,0.8850694266871264,0.8807976606404111
2020-02-11,1.3444121759707468,0.8851441541163109,0.979263408633511,0.9818280874821688,0.9337508998711468,0.8895173733081544,0.8860488948361368
2020-02-12,1.3506866014126455,0.8879614405842274,0.9826857007976963,0.9855007387413349,0.9371869665713876,0.8926877765535345,0.8893628443394813
2020-02-13,1.3359148112294323,0.8813789237757992,0.9744490657166549,0.9763596359591085,0.928495270800794,0.8846067433203841,0.8811456275959524
2020-02-14,1.3282241583306478,0.8780193462467198,0.970243260987907,0.9720431832276939,0.9246570727850391,0.881027480757035,0.877234551719233
2020-02-17,1.3325624753504748,0.879907387411364,0.9726470972059189,0.9745360298926034,0.9268167533348486,0.882950843411069,0.8795743276709911
2020-02-18,1.3233659603456345,0.8758158679196298,0.9673985620319119,0.9688114958907457,0.9218724443752669,0.8785015070889247,0.8739519667278537
2020-02-19,1.336811157721132,0.881755675794458,0.975127644341737,0.9770904883228366,0.928878229311533,0.8845861758010654,0.8817238209583655
2020-02-20,1.3331540640349966,0.8801854665624009,0.9730587813559453,0.9749613768595841,0.926817780296235,0.8827735395568302,0.8796235829245007
2020-02-21,1.3272919579792795,0.8776701042010833,0.96964902849277,0.9713147687439345,0.9233820137738495,0.8798412809163588,0.8764993185353034
2020-02-24,1.2829945143594739,0.8583962884841191,0.9433802562276667,0.94281178698796,0.8971977293574259,0.8580639750876504,0.8480346415160549
2020-02-25,1.2580940088200523,0.8493562964407764,0.9329783066797829,0.9351308624564563,0.8910050994207876,0.8511731607099566,0.8394698601419639
2020-02-26,1.2625040335592157,0.85099800783303,0.9346967654624286,0.9364246544293461,0.8920145167946476,0.8522480776436927,0.8409477591046185
2020-02-27,1.21838585923775,0.8341962978313803,0.9168841361015297,0.9218038599253969,0.8807989250986843,0.8399723991077371,0.8256180919785635
2020-02-28,1.1796995446559853,0.8215186865315286,0.9039161229431558,0.9121689152968049,0.873381977149558,0.8316632645188734,0.8123351887158559
2020-03-02,1.1930192535226447,0.8255576988988418,0.9079463280995621,0.9151681855636605,0.875672065350793,0.8341754061439328,0.8172040129644997
2020-03-03,1.2043670001075646,0.8289099196901228,0.9114243850706392,0.9179751352401367,0.8778157110969637,0.8366108904077699,0.8213390721684906
2020-03-04,1.2218278297658776,0.8339906338555058,0.9168507373653938,0.9227438902596993,0.8814466190814235,0.8408560162149528,0.8276736485448474
2020-03-05,1.202072353088813,0.8282627020367082,0.9107365302128685,0.917037016047123,0.8769236770534972,0.8354471503250008,0.8204223143738307
2020-03-06,1.1585457674518693,0.8155619386403155,0.8971922275942614,0.9040122750091617,0.8668155266155254,0.8241505710056578,0.8046149832992092
2020-03-09,1.0694847800365737,0.7912525413968872,0.8722012773675554,0.8828845735353062,0.8504783841488992,0.8057733547736422,0.7717107715167499
2020-03-10,1.0684808719658698,0.7910029921363226,0.8719501740496854,0.882688782453448,0.8503250874214751,0.805596718281145,0.7713254147720351
2020-03-11,1.0534760316948146,0.7879274597868529,0.8688698577408099,0.8804064967984732,0.8485693874224322,0.8033333128559685,0.7655631749231531
2020-03-12,0.9389229500555758,0.7638304632938191,0.8446252137994509,0.8606860391295189,0.8338181110934209,0.7845948229020042,0.7212786267716633
2020-03-13,0.9619769818220956,0.7675543930707882,0.8481292665317337,0.8630049159853137,0.8356516257864858,0.7869498178406302,0.7306998883295458
2020-03-16,0.9234340826790027,0.7616330743635246,0.8422255668628037,0.85865704395711,0.8322644941439625,0.7822366825811783,0.7151256145652855
2020-03-17,0.9492130077802898,0.7656788452994228,0.8462760591915717,0.8618578789896238,0.8347034880567891,0.7854928113807367,0.7257457560906587
2020-03-18,0.9107955971460351,0.7599778573914572,0.8402954676580953,0.8567020421831077,0.8307572872667762,0.7798444980833367,0.710120110173126
2020-03-19,0.9235237173281727,0.7619099704158174,0.8423260184419163,0.8585282650198341,0.8321339514556375,0.7816877370827795,0.7111797115308998
2020-03-20,0.9305510738230993,0.7629598645523272,0.8434623301399624,0.8596501835672835,0.8329627153684693,0.7828637052356843,0.7118370119214501
2020-03-23,0.8952529489799598,0.7577604290792007,0.8376081946333348,0.8531945888318521,0.8283355561076812,0.7759347563488213,0.7085601003943892
2020-03-24,0.9763005987594587,0.7700218459221255,0.8513697112403952,0.8681804717280668,0.8391604411525329,0.7905853564722686,0.7163513999077444
2020-03-25,1.0197196228173988,0.7751655304807362,0.857354420191094,0.8733559402714263,0.8451332283735901,0.7991794811538467,0.7202616815656536
2020-03-26,1.0425764583557446,0.7776745068701946,0.8603788543138726,0.876107973380603,0.8484932522283032,0.8042390047940757,0.7222204448687499
2020-03-27,0.9878276146427188,0.7718353290997617,0.8531132151033274,0.8688734914351399,0.8397009649572889,0.790534538773318,0.7176178300622971
2020-03-30,0.997400595174073,0.7728864328734217,0.8544063507757675,0.8701328114210296,0.8409633408120331,0.792211779847809,0.7184604349036695
2020-03-31,1.0168154601842914,0.7750073990438908,0.8570862318844702,0.8730221297763323,0.8438111977779394,0.7962004864411026,0.7201766058327789
2020-04-01,0.9778423147251827,0.7708384536074329,0.8516628412820455,0.8666461022618858,0.8375467673545558,0.7870794053563736,0.7157731837428094
2020-04-02,0.9824316087626856,0.7713421132265141,0.8523214691472184,0.8674106744900316,0.8382348224003856,0.7879608004615354,0.7161837176297645
2020-04-03,0.9708328851600898,0.7700671007858682,0.8506096673263824,0.8651928277528341,0.8362861398919443,0.7853286347670216,0.7149629725898586
2020-04-06,1.0007529310530303,0.7733906147738471,0.8551865007305568,0.8716296079168816,0.8417613076152598,0.792402419667903,0.7187322123433665
2020-04-07,1.0226417123803404,0.7757384267422821,0.858481925091866,0.8762150606794056,0.8460906445486267,0.7981809731035295,0.7214116904746615
2020-04-08,1.0178372951848293,0.7751950330411448,0.857755827751761,0.8751906204059865,0.8450570552446465,0.7969150237692076,0.7209107205498361
2020-04-09,1.0474167294109238,0.7785315018819599,0.8623700451794688,0.8823307425538435,0.8519951216228786,0.8052261581951419,0.724410755211641
2020-04-14,1.0382022874762495,0.7775266692755434,0.8609518817195082,0.8802190150496935,0.8496426122694186,0.8023824010218621,0.7230186533408206
2020-04-15,1.003495751317632,0.7727106648964238,0.8554152540521044,0.8712773839700819,0.8401441221406883,0.791641917214581,0.7179834156222014
2020-04-16,1.0089993187766688,0.7734763013299281,0.856315091285676,0.8725410222293123,0.8412984233510582,0.7929339435517251,0.7186212765581858
2020-04-17,1.0374314294933875,0.7775857204932861,0.8610829708230675,0.8799741846342917,0.8480289397963229,0.8005531513297166,0.7229706769376449
2020-04-20,1.0420565773905588,0.7782396243543066,0.8618468130060677,0.8810998103662725,0.8492027716190647,0.8018953113039584,0.7235042372241883
2020-04-21,1.0112581119357524,0.7736687331846821,0.8566157136271069,0.8725751832608083,0.8405104932069541,0.7919253065633601,0.7166177678564715
2020-04-22,1.0344914130006122,0.777096891034253,0.8606606081065296,0.8784480381436238,0.8458606410172097,0.797880808474358,0.7221065258521621
2020-04-23,1.0445304937076503,0.7785410062673908,0.8623997397598228,0.8809772483599982,0.8483715158616955,0.8007075895165628,0.7244841050233056
2020-04-24,1.0311928579111567,0.7765381497006615,0.8600382015340976,0.8772532757663665,0.8446877634892199,0.796538313796233,0.7214756274140147
2020-04-27,1.0481517335341175,0.779644485746603,0.8631421862655932,0.8823588827274957,0.8495121083536994,0.8016277179898192,0.7272937310038048
2020-04-28,1.0681761141586918,0.7835096891423791,0.866837509205575,0.888548251129548,0.8557039596594285,0.8081950525247114,0.7341671996882191
2020-04-29,1.0962855401383986,0.788896720082947,0.8720364579058417,0.8971350035403033,0.8651476470465739,0.8182395190349824,0.7435349184824503
2020-04-30,1.0579039833638118,0.7806341988269397,0.8650512332363073,0.8865924067058286,0.8511807188657746,0.8033490309141539,0.7318131986498136
2020-05-01,1.0331468932630623,0.7755856682049364,0.8605088663709359,0.8808120006805942,0.8454473778830633,0.7968128926511874,0.7266190000687497
2020-05-04,1.0314796887885005,0.7752442159119258,0.8601938345669347,0.8804126756161771,0.8450747791983609,0.7964035795803698,0.726227392214934
2020-05-05,1.048617833709801,0.7790344016901559,0.8635257453098308,0.8850535363594759,0.8492174340846069,0.8008644596417932,0.7301915886223419
2020-05-06,1.049406618622497,0.7792044044659383,0.8636782977528683,0.8852693131805834,0.849412952345399,0.8010757779576918,0.7303724337852344
2020-05-07,1.0641425549460424,0.7824380723429183,0.8666503956340187,0.889980106362328,0.8536856002222012,0.8057298758358074,0.7350123501958153
2020-05-11,1.0648058513499001,0.7825832933526987,0.8667834940985525,0.8901932675801563,0.8538806130956126,0.8059425442011816,0.735222168795709
2020-05-12,1.0746835896884324,0.7848537591949478,0.868859107762561,0.8939380867010559,0.8572468767221721,0.8095383165003207,0.7385067618247223
2020-05-13,1.0584238643289974,0.7811356167442259,0.8653663248218588,0.8872841445312012,0.8511936848795093,0.8031047319864306,0.7330392035343039
2020-05-14,1.0292746764189187,0.7741994437358917,0.8589229690844553,0.8756517838480475,0.8410573307357442,0.7928746621617967,0.7224486128871508
2020-05-15,1.0397260765121388,0.7766183240092324,0.8612484985975067,0.8789104303476393,0.8437894655155749,0.795726407275318,0.7238610696857837
2020-05-18,1.0843282779391226,0.7876433458106423,0.871353940310415,0.8941840941269975,0.8566786305816245,0.8092079007821678,0.7341034594618797
2020-05-19,1.0760101824961479,0.7858149862972601,0.8696333076615175,0.8922230120852804,0.8540998328530945,0.8065120922364298,0.7323488675483104
2020-05-20,1.0876626868882457,0.7884501667132131,0.8721118177575733,0.8952215091361159,0.8579083258813521,0.8102961549118033,0.7347391839936587
2020-05-21,1.0783586103044014,0.7863672555042558,0.8700943460293814,0.892572701371713,0.8545850097030665,0.8070024296408725,0.7330694992580151
2020-05-22,1.074414685740922,0.7854173094063677,0.8692086278998018,0.8913148187213201,0.8531230704033376,0.8056303855316823,0.7320566394904652
2020-05-26,1.0877702484672496,0.7886976179740056,0.8722930802286819,0.8960402631754827,0.8584273568286667,0.8104689714256946,0.7351392842768253
2020-05-27,1.1014843497902571,0.7920298304301545,0.8755003913038126,0.9011059868049689,0.8643046764216722,0.8158210874304956,0.7384994486560252
2020-05-28,1.1148399125165847,0.7952788504670902,0.8786597693931899,0.9061920000436464,0.8704675202502579,0.8214252251658761,0.7420348823846056
2020-05-29,1.0893478182926415,0.7890805110659336,0.872547392680888,0.8961665364585969,0.8577723477747815,0.8099020477946963,0.7354650248142238
2020-06-01,1.1054462012835704,0.7929560858426549,0.8764387905217148,0.9015555178856403,0.8630760618688866,0.8152931649061014,0.7398760864688583
2020-06-02,1.1150729626044267,0.7953233995470979,0.8787764679715392,0.9048568231987537,0.8665485811449483,0.8187982687764103,0.7422718561287552
2020-06-03,1.1441683697250031,0.8032595550670901,0.8859821624993724,0.915681742622399,0.8779564486474595,0.8302778711957521,0.7511088308533178
2020-06-04,1.1368183284930644,0.80122879611664,0.8842241494983287,0.9133914901081572,0.874843063792207,0.8271649028337813,0.7492089403384444
2020-06-05,1.1624359112258456,0.8082619663875205,0.8905387830220395,0.922145609615447,0.8860449533495225,0.8377652796154352,0.7556597361697657
2020-06-08,1.160338460435268,0.8077002729208334,0.8900320651645022,0.9214808207590816,0.885041654728474,0.8368215568516169,0.7550971672013533
2020-06-09,1.1357964934925264,0.8011661134465157,0.8839194632002617,0.9128749580438416,0.872673914585097,0.8254497971982324,0.7489080582040717
2020-06-10,1.1346133161234826,0.8008546214865098,0.8836216670108512,0.912476296469286,0.8721722626109347,0.8249692704445207,0.7485986367365514
2020-06-11,1.089365745222475,0.7892173141370782,0.8718994412607819,0.8961604129237143,0.8552135614800999,0.8082715123516875,0.7367063172711366
2020-06-12,1.094474920225164,0.7903858485290406,0.873118558855967,0.897309694929261,0.8561906738754328,0.8094029346236666,0.7379357800537784
2020-06-15,1.0872145136423954,0.7886754474693294,0.871316704684843,0.8953386944411259,0.854520076657092,0.8074966648639862,0.7364406341906145
2020-06-16,1.1191423756767436,0.7966679051089507,0.8794773771523532,0.9049618455512002,0.8624187248642877,0.8161702064105429,0.7442201015654001
2020-06-17,1.121024703309313,0.7971045621568218,0.8799292856430988,0.9054302756170657,0.8629055348331381,0.8167036738200869,0.7444930369618102
2020-06-18,1.115790039797786,0.7957007776180225,0.8786174373717118,0.9038703338467863,0.8613784389681532,0.8150217074310231,0.7435611621204078
2020-06-19,1.1280699867340738,0.7989768885176988,0.8817816568484744,0.9079135912042039,0.8652034541230758,0.819081825477448,0.7457446007308313
2020-06-22,1.1194650604137555,0.7966970281132542,0.8795286397826779,0.9048754048396755,0.8622808520302392,0.8159905995053678,0.7435765904658782
2020-06-23,1.1329998924384228,0.8003058795447281,0.8831745213248874,0.9100586132328653,0.8670658695683962,0.8207778736688656,0.7474619468317283
2020-06-24,1.0977914022444533,0.7910385868279931,0.8735866048211578,0.8961808248639124,0.8536065934109078,0.8073702128881375,0.737992967320269
2020-06-25,1.1019863038256086,0.7920684858294238,0.8746777307797379,0.8973221540044977,0.8545782708156334,0.8084388760489688,0.7392762607543191
2020-06-26,1.1041733892653562,0.7926141486153055,0.875262531558041,0.8980078774050647,0.855160504359004,0.8090718757698435,0.739731468768827
2020-06-29,1.1160947976049642,0.7956245322487162,0.8785645633838638,0.9023209364535681,0.8586793580257936,0.8129231860791233,0.7424939769923651
2020-06-30,1.106037789968092,0.7930039912257991,0.8757362371969044,0.8984596853317395,0.8554400153044428,0.8093826641937818,0.7402326871455847
2020-07-01,1.1039403391775144,0.7924491795114167,0.8751264368406397,0.8975882982770188,0.8547341605868783,0.8086593284156014,0.739631039692978
2020-07-02,1.1187121293607276,0.7963768621568337,0.8795287178385968,0.9043175215070952,0.8600669087590441,0.8140485389937924,0.7427135299419778
2020-07-03,1.1038148506686765,0.7922567183089165,0.8750691361609527,0.897721973369583,0.854241097194892,0.8081928412923501,0.7380095941204602
2020-07-06,1.126868882435196,0.7986005438854654,0.882096413602745,0.9076476576935135,0.862692874462448,0.8163211667757007,0.7452806696504288
2020-07-07,1.1096590297945592,0.7938898911417067,0.8770021059732052,0.9012953675884062,0.8558977220576567,0.8098273079734093,0.7399269294375685
2020-07-08,1.1036176544405025,0.792246510598685,0.8751888113458214,0.8990893295907151,0.8537277340434755,0.8077873078240745,0.738108883606142
2020-07-09,1.0845075472374621,0.7868483063501804,0.8692708519900224,0.891351698216642,0.8464882703434045,0.8012411259928742,0.733059090365289
2020-07-10,1.0927180811014325,0.7891323016524185,0.8718248515136444,0.894417998234354,0.8491824730267918,0.8036901667651799,0.7354447325968467
2020-07-13,1.1072030404073019,0.793836816650836,0.8764166596378379,0.9002814556114241,0.8543517079223046,0.8083986847664741,0.7397499905741671
2020-07-14,1.107848409881326,0.7940390090124716,0.8766200859321298,0.9005419091380525,0.8545837597879533,0.8086100185420116,0.7398985778441501
2020-07-15,1.1280879136639081,0.8005234469025936,0.883245048920508,0.9096647645488211,0.8629768564377324,0.8162650321378553,0.7461176771833841
2020-07-16,1.1205586031336296,0.7979574286072467,0.8808320325019618,0.906633851554782,0.8596146370121273,0.8132111026826364,0.7437739050363855
2020-07-17,1.1276576673478922,0.8003568483844766,0.8831671583785332,0.9096837593942574,0.8628397344908593,0.8160222881897883,0.7461308536853356
2020-07-20,1.1224947115557011,0.7986194794345056,0.8814235639306586,0.9072580764791199,0.8603038209320607,0.8138101780703118,0.7444225750168191
2020-07-21,1.1239647198020888,0.7991194341673558,0.8819286023216908,0.9079803983257236,0.8610395411387106,0.814438183894933,0.7449483765246815
2020-07-22,1.1127424617260069,0.795252070413389,0.8779077938531837,0.9016842939271944,0.8549294644456525,0.8092678500100122,0.7404153145441956
2020-07-23,1.1135133197088685,0.7955196408490637,0.8781861952562432,0.9020926388840091,0.8552879977521353,0.8095693518869336,0.7406981289697887
2020-07-24,1.0978093291742874,0.7889372605160021,0.8722717985607822,0.8926966300207642,0.846898456726947,0.8024611022627987,0.733922395758572
2020-07-27,1.094421139435662,0.7875639588078197,0.87099262188935,0.8909133726583259,0.8453556972977764,0.8011073167942302,0.7325251949914522
2020-07-28,1.0987953103151573,0.7893265157906925,0.8726883325177908,0.8933337125062263,0.8473906330892323,0.8028645990748139,0.7343242650767228
2020-07-29,1.0991897027715052,0.789483801421145,0.872839761652036,0.8935471191655594,0.8475699160279581,0.8030187303231433,0.7344810796198546
2020-07-30,1.0738230970564,0.778896058959783,0.8623891918725265,0.8768336150520323,0.8339252901839455,0.7912069454451055,0.7249249641595709
2020-07-31,1.0572944677494551,0.7725578260495776,0.8559872778299575,0.8698570373914596,0.8281900253553226,0.7854545355481698,0.721066246675308
2020-08-03,1.0815137499551846,0.7819657790449965,0.865305508072409,0.8794759877041992,0.835975779908808,0.7930090646755028,0.7273830342953262
2020-08-04,1.0820694847800385,0.7821483182834329,0.8654947317736312,0.8796355565386735,0.836152735768594,0.7931809486055604,0.7275163457532585
2020-08-05,1.0943852855759943,0.7868829299625484,0.8700617979071805,0.8843023652221981,0.8407363427351322,0.797625596184563,0.7316771286887019
2020-08-06,1.080438134165145,0.7814913868857197,0.8648645930171002,0.8787982856745548,0.8351209591354529,0.7921963035385508,0.727042605524572
2020-08-07,1.081388261446347,0.7818482748495579,0.8652213604919321,0.8791758824117117,0.8354672840836781,0.7925130800026565,0.7273767905715689
2020-08-10,1.0846868165358026,0.7831584062172997,0.8664937023312949,0.8806192936711286,0.8368058119381614,0.7937626389800758,0.728512360138679
2020-08-11,1.1032770427736571,0.7906642598364202,0.8738958377777972,0.8897084428186612,0.8450176583717998,0.801421829522881,0.7362029823147973
2020-08-12,1.1258291205048252,0.799497557451526,0.882592739522509,0.8993683151568453,0.855656868338721,0.8112926701522362,0.7419723792254006
2020-08-13,1.1088881718116983,0.793347236269997,0.8763783341278955,0.8930709960145651,0.8471217162289565,0.8034278160786912,0.7354341979715243
2020-08-14,1.0917500268903975,0.7869858932928671,0.8700975183371417,0.8867772387634918,0.8399846728735254,0.7967061278311558,0.7298768127064383
2020-08-17,1.0984546986483124,0.7894131759668168,0.8725498280259412,0.8892118301220855,0.8424079918472446,0.79897394930458,0.731624319708048
2020-08-18,1.0893478182926422,0.7861165986749448,0.8691395441108023,0.8855717857776988,0.8388008223654823,0.7955981444218609,0.7280960756629155
2020-08-19,1.095693951453877,0.7884081142954649,0.8715642158192448,0.8882514622728778,0.8413495129577219,0.7978779180074713,0.730682119322793
2020-08-20,1.0780000717077225,0.7820765968231962,0.8646392687768057,0.8800938032526634,0.8336759486486919,0.7910047026352943,0.724160922980277
2020-08-21,1.0759564017066467,0.7813514625120147,0.863844012577951,0.8792114892503972,0.8328830348333166,0.790285290928332,0.7233771021629753
2020-08-24,1.0943852855759955,0.7878625322346521,0.8712009548266821,0.8877873710976137,0.8402481181308741,0.7969037260022002,0.7303737937104896
2020-08-25,1.0822487540783798,0.7836950613187422,0.8664991902048284,0.882692010605703,0.8350274520646369,0.792229631498231,0.7258255632844134
2020-08-26,1.0837904700441037,0.7842160780657487,0.8671023230265127,0.8833473961211016,0.8356500638819705,0.7927686249677746,0.7261811471333537
2020-08-27,1.0756157900398011,0.7814334802351115,0.8637918717039197,0.8794399317129554,0.8320135968217299,0.7895827692330266,0.7228595131757414
2020-08-28,1.0690903875802265,0.7792160728554217,0.861088814247802,0.876171056826897,0.8290819793276212,0.7871000584996606,0.7206300558586404
2020-09-01,1.0508945537987198,0.7725398521608446,0.8533594943120166,0.8664998446153689,0.8206301372160061,0.7801819138535275,0.7141844197034631
2020-09-02,1.065038901437743,0.7777182295631674,0.8592218290668525,0.8728302257130967,0.8259506697847893,0.7848315503977115,0.7183698333037836
2020-09-03,1.0488867376573119,0.7714873199831453,0.8525968573943384,0.8657486222984256,0.8193527952495204,0.7790818072756418,0.7123373159203925
2020-09-04,1.0396005880033017,0.7679978423351376,0.8488151416095723,0.861868561987194,0.8159276208042373,0.7760761481365195,0.7095848025039664
2020-09-07,1.064393531963719,0.7775356271123349,0.8591004670752445,0.8727717140693526,0.8252422779389631,0.7839836278018539,0.7177045598654289
2020-09-08,1.0631207199455053,0.7770728445558935,0.8585996867587654,0.87227716987278,0.8247148600227353,0.7835369173616171,0.7171410582547804
2020-09-09,1.0779104370585526,0.7822747231778618,0.8644132500235634,0.878135953332339,0.8310755511149774,0.7888923596636687,0.7217166487153319
2020-09-10,1.076207378724323,0.7816909892013867,0.8637497258941836,0.8774630196135473,0.8302736870061149,0.7882168772162528,0.7210330508372619
2020-09-11,1.081370334516514,0.7835195490557952,0.8658158935576435,0.8797018164623509,0.8328007725149207,0.7903197097859003,0.7230864820885372
2020-09-14,1.080330572586142,0.7831095681486326,0.8653825843986559,0.8791856999777594,0.8322357168293466,0.7898481656504509,0.7226730394763384
2020-09-15,1.0945287010146674,0.7886942912041464,0.8713986431444269,0.8865996297117977,0.8401634583692308,0.7964143630584599,0.7282538485325178
2020-09-16,1.0896884299594882,0.7867834807881293,0.869368917012799,0.8842059613519662,0.8372792261611552,0.7940176819326129,0.7264341643390759
2020-09-17,1.084561328026965,0.784748319053002,0.8671517245418542,0.8814699369365334,0.8341769067018929,0.7915124195560123,0.7242019979474185
2020-09-18,1.0768886020580146,0.7816691860927923,0.8637431823346234,0.8771135048129796,0.8294821844688652,0.7878039082045125,0.7212166668654132
2020-09-21,1.0405327883546693,0.7670510932252699,0.8472618612574242,0.8560456580462882,0.80813285817196,0.7710549835637827,0.7087976459499836
2020-09-22,1.0450503746728366,0.7686184383696022,0.8489091500757603,0.8573171818844925,0.8091480483916565,0.7722814950645833,0.7098374879417693
2020-09-23,1.0575633716969663,0.7730063275793337,0.8537101191651643,0.8616347579476528,0.8126987765285867,0.7762218740554024,0.7141171744044366
2020-09-24,1.0438492703739588,0.7681065703494366,0.8484419765545462,0.8566771692017617,0.8084766963160087,0.7715499956526709,0.7102934628838478
2020-09-25,1.047416729410924,0.7693798721148034,0.8498224955171484,0.8579971948115466,0.8095710160329246,0.772674081532885,0.7115076019658876
2020-09-28,1.062690473629489,0.7748130085592083,0.8558898602572093,0.8642399379991479,0.8146345727459314,0.777918287946034,0.7172809536322305
2020-09-29,1.0572406869599542,0.7729379805896832,0.8537542168530589,0.8620538316612814,0.8126743475673797,0.7758961001596859,0.7152674527665198
2020-09-30,1.0516116309920793,0.7709986954851082,0.8514806875025267,0.8595734758051038,0.8105267798834606,0.7737900175380708,0.7132499965389701
2020-10-01,1.0540138395898349,0.771853496877036,0.8524705777225032,0.8606923855898798,0.8114795426393338,0.7746958554112071,0.713998705008963
2020-10-02,1.058065325732318,0.7733407527592456,0.8541915687461145,0.8627728892435511,0.8132123182473595,0.7763255820256915,0.7152133980206375
2020-10-05,1.0653795131045884,0.7761213393293273,0.8573857397737294,0.8668579195522425,0.8165831846455492,0.7794901262728192,0.7177357094497563
2020-10-06,1.0666343981929682,0.7766007434124517,0.8579394272906438,0.8675761267332627,0.81718675731002,0.7800560101072325,0.718109568579456
2020-10-07,1.0659890287189444,0.7763050406336794,0.8576361449950043,0.8671413077126284,0.8168275570255517,0.7797198714030578,0.7179018447574489
2020-10-08,1.0716718654763213,0.7787176640701188,0.8603164640621215,0.8709639226815432,0.8199714453933966,0.7826555384271063,0.7199292061857473
2020-10-09,1.078609587322078,0.7817570719096306,0.8636615321392878,0.8757840286704083,0.824033324185337,0.7864528944137814,0.7226569906055165
2020-10-12,1.0758667670574764,0.7805640808853261,0.8623098615121405,0.8738675689976826,0.8223152356591626,0.784840949426717,0.7214706010465525
2020-10-13,1.0701839303000995,0.7780836044102106,0.8594270080687726,0.8696605468039796,0.8186421963665128,0.7815020449058289,0.7195801906534759
2020-10-14,1.0639812125775368,0.7753850028504298,0.856206716358247,0.8650718406657033,0.8146856556621901,0.7780049039852726,0.7176282524731922
2020-10-15,1.0455881825678561,0.7670311196958237,0.8464597974276745,0.8515663487197361,0.8031876810822104,0.7681424854030311,0.7096071513206832
2020-10-16,1.0612025384532675,0.7737626202217232,0.8542369650127956,0.8596128953244407,0.8098454278924123,0.7746251988754728,0.7145557831468539
2020-10-19,1.0549460399412025,0.771203577838189,0.8512211962468368,0.8566304851674854,0.8069445224995474,0.7718237915241654,0.7120888597429483
2020-10-20,1.0557527517837324,0.7715331715141718,0.8516127551147381,0.8570212494691524,0.8073207745588653,0.7721718816992764,0.7123970376507662
2020-10-21,1.0355491018608183,0.760191017056837,0.8413556642658604,0.8458331923323055,0.797067932196747,0.76272059461492,0.70507747318136
2020-10-22,1.037198379405546,0.7609803147491137,0.8421177298104201,0.8464961843669115,0.7976168159260653,0.7632832319150725,0.7057075418264998
2020-10-23,1.0505718690617074,0.7679417529909766,0.848635845296156,0.8529361401910416,0.8029998400296949,0.7686102376507394,0.7103291957782252
2020-10-26,1.0383277759850875,0.7615994857745275,0.842774158273894,0.8472221082441065,0.7977054062780591,0.7633870393451588,0.7060375883298755
2020-10-27,1.0270338101896697,0.7559377457914158,0.8373778610069873,0.8420049456681475,0.7930809591273964,0.7589844514274943,0.7025057387630138
2020-10-28,1.0008246387723665,0.7421809874595712,0.8248183017721772,0.8298322701770817,0.7826482518811535,0.7494230863845198,0.6945560625544147
2020-10-29,1.0006453694740265,0.7420623804960516,0.8247129264946366,0.829710761843498,0.7825402029410083,0.7493320204915904,0.6944803889174845
2020-10-30,0.9998386576314967,0.7416957214795652,0.8243512283371845,0.8293737275259863,0.7822735760132618,0.7490645738768114,0.6940921874766954
2020-11-02,1.013767882112512,0.7480546055656249,0.8306678648420875,0.8354235165781805,0.7870148043755427,0.7537875014529527,0.6993214030091986
2020-11-03,1.0373955756337196,0.7582469885108616,0.8411799354759608,0.8454667607757916,0.795641737692464,0.7623684378336348,0.7088192384853221
2020-11-04,1.0546950629235265,0.7648931159196969,0.8481853706012625,0.8515596795652305,0.8023642176895265,0.7690394380859381,0.7154455602161227
2020-11-05,1.0588003298555118,0.7663768482603655,0.8497989084371582,0.8529816091262915,0.804054663308,0.7707127029092681,0.7164707745138377
2020-11-06,1.0594815531892035,0.7666229165888391,0.8500685675936075,0.8532227697979515,0.8043412242052873,0.7709963786567885,0.716666288041094
2020-11-09,1.1090136603205363,0.7846397610288276,0.8707204641490648,0.8740305245452812,0.8276205197629247,0.793972974809095,0.736707715779057
2020-11-10,1.1288408447169367,0.7901002248144466,0.876706432947857,0.8785374128003453,0.8373559279971922,0.8037162162301175,0.739278460227827
2020-11-11,1.144114588935502,0.7941989516862094,0.8812841499429663,0.882192256617974,0.845262446326276,0.811662295512902,0.7437686047568823
2020-11-12,1.1363701552472152,0.792144934702574,0.8789573670199806,0.8802182185575825,0.8410115000964654,0.8073746250961015,0.741462866040945
2020-11-13,1.132336596034566,0.7910725638388499,0.8777057409405198,0.8790771371188475,0.8388350782104116,0.8052694796577449,0.7402962774260333
2020-11-16,1.1511419454304286,0.796264294219016,0.8837011507041076,0.8848769689598004,0.8493196009093064,0.8149769164813375,0.7460414099645191
2020-11-17,1.1411028647233903,0.7935270099863391,0.8805427004225799,0.8817807207002121,0.8434216610888005,0.8094750555701314,0.7433144320511322
2020-11-18,1.1446703237603555,0.7944977202122983,0.8816904023206307,0.882953850407739,0.8453320199313201,0.8112129961327982,0.7443824710767136
2020-11-19,1.135563443404685,0.7920197551232996,0.8786627216319948,0.8796064163308822,0.8401044444299236,0.8064281765479897,0.7413219419601301
2020-11-20,1.1386289484062986,0.7928862033140878,0.8797027541513349,0.8807891561970023,0.8417541581131023,0.8078924451722639,0.7420938105975361
2020-11-23,1.1354558818256812,0.7919835781742552,0.8785850971631043,0.8794125907131599,0.8399179742029107,0.8062489167449083,0.741242425794943
2020-11-24,1.153095980782334,0.7970244303635005,0.884955643998391,0.8876068805677895,0.8504117038141608,0.815399273305376,0.7480471366264421
2020-11-25,1.1457280126205613,0.794904760894893,0.8823361246896119,0.8844446722316901,0.8458030221724118,0.8113367651978366,0.7457128222454542
2020-11-26,1.140672618407374,0.7934240770996286,0.8804853361484805,0.8821352159191752,0.8427453190670613,0.8086989457905022,0.7437682524925774
2020-11-27,1.141515184109572,0.7936805319956124,0.8807964617768675,0.8825274735737172,0.8432550820541109,0.8091234872901865,0.7440728752374598
2020-11-30,1.1233372772578993,0.7877146823186325,0.8737408154411246,0.8728317310509689,0.83163204678105,0.7993230106967901,0.7365138561024589
2020-12-01,1.1445806891111854,0.7943399630449367,0.8818856167485556,0.882506298356853,0.8411913321949267,0.8084427827677068,0.743393365993711
2020-12-02,1.1586891828905408,0.7986436484028211,0.8870634299185807,0.8880426924263862,0.8479550248638802,0.8148929441212541,0.7479673450009428
2020-12-03,1.163511527015886,0.8001484535421367,0.8888308957196742,0.8899506911862733,0.8503875794875319,0.8172179353820759,0.749310017272398
2020-12-04,1.17424975798645,0.8035612398990601,0.892864734921082,0.8945509228931449,0.856136670793283,0.8227151354134302,0.7521427655306023
2020-12-07,1.1751819583378178,0.8038551431011406,0.8932157270517319,0.8949552853905937,0.8566401181806463,0.8231965402322182,0.7524003270688481
2020-12-08,1.1757914739521738,0.8040475295006273,0.8934475244466085,0.8952258993881264,0.8569744142438485,0.8235162470372202,0.7525847794982164
2020-12-09,1.1767774550930434,0.8044050994750875,0.8938385787254043,0.8957203539526531,0.8575544945756939,0.8240724637323957,0.752829340319175
2020-12-10,1.1831415151841123,0.8073146007910326,0.8964811289340231,0.8993306319106497,0.8615736977519713,0.8279480326248055,0.7556039771502079
2020-12-11,1.173640242372094,0.8027831633333474,0.8924328298204117,0.893665698426556,0.8552836256128099,0.8218371583742226,0.7514568405396093
2020-12-14,1.1709512028969944,0.8015073528093063,0.8912639779991995,0.8920879635641534,0.8536320043315837,0.8202583680292754,0.7502622077690942
2020-12-15,1.1676347208777051,0.7999287718347131,0.889774780283491,0.8899967189471596,0.8515496402524793,0.8183351938134289,0.748784248020444
2020-12-16,1.1779606324620873,0.8051894279286439,0.8945199911467546,0.8967755679992154,0.8581668180895056,0.8243176465954132,0.7532735167803718
2020-12-17,1.174411100354956,0.8033495445035801,0.8928753204709604,0.8945344357001472,0.8557910740236977,0.8221449219120761,0.7517004717273412
2020-12-18,1.1704851027213106,0.8013275104556702,0.8909968327069864,0.8919255146124713,0.853121497191867,0.8197733811186317,0.7496151665911021
2020-12-21,1.1502455989387284,0.7906465140422714,0.8810648436170421,0.8779892543724843,0.8392290561035528,0.8077031673752816,0.7399818434415674
2020-12-23,1.1644975081567557,0.7973611129411997,0.8876604695232315,0.8849297013552422,0.8454326228268845,0.8140530386305612,0.743464178488608
2020-12-24,1.1656269047362975,0.7978665878852005,0.8881725807562517,0.8854487813262959,0.8459466862752818,0.8145746701731429,0.7438303427949376
2020-12-29,1.183661396149298,0.8065992102569194,0.8966456066414058,0.8946802389239328,0.8548852506806722,0.8236193390256901,0.7514305373017521
2020-12-30,1.1752536660571538,0.8027052494468743,0.8928457367905783,0.8908429912340537,0.8505189672051908,0.8191757669901178,0.7493221197035715
2020-12-31,1.158169301925355,0.7948857110886347,0.8849880983575253,0.8827436784263177,0.8418072040811468,0.81071477269539,0.7445709966285651
2021-01-04,1.1781399017604273,0.8034708098659133,0.8939542814872165,0.8914062774745348,0.8501923522048541,0.8189817440722872,0.7503577245842187
2021-01-05,1.1853823814133622,0.8066165170430537,0.8970342099214478,0.894222443996417,0.8533837527419068,0.8221372892076055,0.7520526609716327
2021-01-06,1.2265426123122183,0.8258032796936158,0.9149303920710239,0.9115007390798856,0.8726545796979835,0.8411574538821869,0.7637408614677745
2021-01-07,1.2292495787171518,0.8267535403801168,0.9158213118881386,0.9121541076184563,0.8739227862363467,0.8424444026970882,0.7643877511479026
2021-01-08,1.2321716682800934,0.8278382224286285,0.9168600037197631,0.9130191286304097,0.8753599363569691,0.8439109375657164,0.7651537603194003
2021-01-11,1.2187623247642638,0.8228197172963063,0.9119174887943341,0.9085468799289543,0.8682361314341447,0.8369270679840963,0.7617950639630275
2021-01-12,1.2108027679179694,0.8199131404138579,0.9089462006974104,0.9057769318382723,0.8644348926716089,0.8332634247974671,0.7588361541145073
2021-01-13,1.2092610519522455,0.8193538301603387,0.908350906148712,0.9051847096203819,0.8637013781670153,0.8325764949729998,0.7582850868075411
2021-01-14,1.2193897673084535,0.8230089773285967,0.9123438371512755,0.9093193763550986,0.8687684939485727,0.8372141807975947,0.7611653451994855
2021-01-15,1.2075042128285136,0.8187594810132173,0.9075906069294999,0.9042260582205395,0.8624869332358474,0.8314513067400372,0.7576288409291281
2021-01-18,1.204815173353414,0.8177985796438824,0.9064986688949236,0.9030523838501164,0.86115518522619,0.830244279862115,0.7565845799383826
2021-01-19,1.2034347997561963,0.8173054359950475,0.9059144321242244,0.9023764547863925,0.8604365508925488,0.8296114621409127,0.756129549965673
2021-01-20,1.2083467785307114,0.8190642389693731,0.9080241727311938,0.9048769323333573,0.8630581068305011,0.8319257005815454,0.7578209686950088
2021-01-21,1.2038650460722122,0.8174465716785155,0.9060365075194773,0.902403978113275,0.8605142876288411,0.829664377085054,0.7562168093510896
2021-01-22,1.200225879315911,0.8161334915390716,0.9043741675116115,0.9002766794362457,0.858403718570427,0.8278447842157285,0.7548419590864011
2021-01-25,1.190150944749205,0.8124918545213449,0.899647548929507,0.8940740789373696,0.852394298409612,0.8227582850138,0.7508626094416233
2021-01-26,1.1928579111541384,0.8135120678019335,0.9009287607727673,0.8956607387843044,0.8538535320831835,0.8239916678159499,0.7518602196473317
2021-01-27,1.1773331899178974,0.8074579190982014,0.893344906499445,0.8858476659767395,0.8448829558930568,0.816328347954986,0.745921086457263
2021-01-28,1.1699472948262908,0.804664036498569,0.8898017835346993,0.8818350384759369,0.8413440077366788,0.8131696267968165,0.7438985162656019
2021-01-29,1.1486680291133369,0.7962865604743423,0.8793945329908482,0.8700845785139459,0.8312258799170226,0.8043830280621861,0.7379020773472166
2021-02-01,1.1592269907855608,0.8002471721061599,0.884219472058762,0.8746197489409564,0.8350512989745266,0.8079719242409876,0.7408158035323125
2021-02-02,1.168244236492061,0.803689162080908,0.8883694130648349,0.8786422792815225,0.8385582081033746,0.8112517183237867,0.7434705219420625
2021-02-03,1.1666487397368355,0.8030409102435273,0.8876232884152863,0.8778899921692339,0.8378835501590266,0.8106190905548493,0.7430064463227481
2021-02-04,1.1659137356136415,0.8027420797828361,0.8872621547693089,0.8774954683640814,0.8375459789934855,0.8103077574283511,0.7427709167837133
2021-02-05,1.163332257717546,0.8010687503173962,0.8859753925589497,0.8760584819246343,0.8363278457188117,0.8091780108236951,0.7416280427161207
2021-02-08,1.1694632677207728,0.8048037161581606,0.8890946391078582,0.8796301368880073,0.8393216174759415,0.8119087662206526,0.7445239446714347
2021-02-09,1.1709153490373265,0.8056667560967131,0.8898435493146979,0.8804975941397063,0.8400561579630292,0.8125775655154899,0.745106661561043
2021-02-10,1.1696246100892786,0.8048578352283063,0.8891424169522858,0.8796410256657663,0.8393412466300344,0.8119220103263936,0.7445780768401108
2021-02-11,1.1703954680721407,0.805335549135791,0.889558759407229,0.8801457449361663,0.8397639514547226,0.81230817555113,0.744829281270428
2021-02-12,1.1813488222007127,0.8121637129935395,0.8957902121693722,0.8880369734558055,0.8462415775463386,0.8182357067468399,0.7491470553044314
2021-02-15,1.2111613065146494,0.8305400845957162,0.9126210690488409,0.9076575876193946,0.8645834642726576,0.8351586847587436,0.7596077095273318
2021-02-16,1.2098705675666015,0.8298325007320896,0.9119632114892393,0.9069854962658735,0.8637637563633448,0.8343811538232035,0.7591819849326289
2021-02-17,1.2030583342296828,0.8264943188839877,0.9086926250069293,0.9039925801596441,0.8593126469521505,0.8302177992145471,0.756820020467022
2021-02-18,1.186260800975228,0.8183297896607346,0.9004584542253042,0.8961932116736459,0.8486638818637264,0.8205260855298692,0.7503900286512241
2021-02-19,1.1874798322039397,0.8188818953853908,0.9010306089559711,0.8967045344331442,0.8491710120040482,0.821038279014641,0.7507389545781719
2021-02-22,1.185364454483528,0.8178979754911517,0.8999821450001536,0.89568217377785,0.8480713938195645,0.8199711164549721,0.7499867904649618
2021-02-23,1.1878204438707856,0.8190415868860752,0.9012177457989374,0.8969145202214894,0.849375010241104,0.8212185311501065,0.7507200269473917
2021-02-24,1.1937542576458384,0.8218472353788652,0.9043029691793391,0.9001523659072652,0.8526934627818233,0.8243935077721025,0.7523470770616477
2021-02-25,1.1924993725574586,0.8212556160024391,0.9036285874783997,0.8994152035012764,0.8519425698648765,0.8236693546124377,0.7519498938113944
2021-02-26,1.1622745688573402,0.806216439517971,0.8870361288887085,0.88079352824934,0.8334687364046012,0.8060209897328526,0.7437798457663586
2021-03-01,1.1811157721128709,0.814113166039614,0.8955898161665218,0.8878784477289148,0.839653607920316,0.8131751320063042,0.7490460380552747
2021-03-02,1.185651285360872,0.8160584226349894,0.8975608615694473,0.8895250052970688,0.841248233298414,0.8150005300568304,0.7505156743053156
2021-03-03,1.1967122010684481,0.8208755729749324,0.9025096469173652,0.8938861165042157,0.8453876438483074,0.8197250323939006,0.7537419576433362
2021-03-04,1.192302176329285,0.8189694916208086,0.9005250019238461,0.8920714894931656,0.8436277935277595,0.8177227984357315,0.7525484838225034
2021-03-05,1.1886450826431498,0.817393438526593,0.8988258272125854,0.8904338963269005,0.8420974937633467,0.8160633605797794,0.7512063940769627
2021-03-08,1.2045283424760709,0.8242174346080664,0.9063840950850967,0.8979979273682707,0.8490137159372152,0.8233641844410883,0.7553203175285975
2021-03-09,1.2065361586174785,0.8250414998762515,0.9073085066066392,0.8988841479356856,0.8499176890020701,0.8243176546398623,0.7559091932836395
2021-03-10,1.2056935929152808,0.8246907021492256,0.906897726402497,0.8984542391217529,0.8495022815833236,0.8238742292847038,0.7556392789667058
2021-03-11,1.2077372629163565,0.8255387393873957,0.9078951252257137,0.8994994273915128,0.8505123703901024,0.8249397616741472,0.7563096707663638
2021-03-12,1.2121293607256858,0.8273630097713209,0.9101133940094858,0.9019365014280681,0.8528002897185617,0.8273468099006656,0.7577947182688596
2021-03-15,1.2100139830052743,0.8264859210479097,0.9090054221826807,0.9006681671026405,0.8516290176388946,0.8261108257366132,0.7569101658099289
2021-03-16,1.2196765981857987,0.8305409805817436,0.9141742761044547,0.9067016960955622,0.8571058229011677,0.8317659429383555,0.7605413754100356
2021-03-17,1.2123444838836939,0.8269466866888683,0.9102295908951292,0.9022040141819817,0.8527645139028927,0.8272494766568395,0.7582616374141433
2021-03-18,1.2153920619554732,0.8284056306180813,0.9118925705589567,0.9040839523514975,0.8545182264556586,0.8289775366767709,0.7590129900899413
2021-03-19,1.2026639417733356,0.8222412085536097,0.9047207844738303,0.8957721873929635,0.8468588538094975,0.8213177902407968,0.7550684295388369
2021-03-22,1.205783227564451,0.8237927943637964,0.9064456071411617,0.8975720581430022,0.8484567615040198,0.8228951893306203,0.7561399547091825
2021-03-23,1.200960883439106,0.8213846257696787,0.9036867028158703,0.8945448385173393,0.8457917741036626,0.8202495704092335,0.7544116148595152
2021-03-24,1.2034168728263634,0.8226041340985911,0.9051135511619809,0.8961170234281198,0.8471616107899214,0.8215596591594179,0.7552831045764232
2021-03-25,1.1965867125596108,0.8192100327974827,0.900997241083911,0.8914528134751304,0.8431644575755946,0.8177159528990887,0.7527283716109003
2021-03-26,1.2083826323903806,0.82504949351551,0.9081953483129812,0.8994354130443987,0.8499527958535644,0.8240033382809386,0.7558877388458971
2021-03-29,1.2075938474776846,0.8246624752838382,0.9077165103760986,0.8989119415867409,0.8494676035218707,0.823544418164406,0.7556525527346952
2021-03-30,1.2140296152880896,0.828725694211183,0.9116806185232836,0.9031375968747495,0.8534442051578475,0.82726877719023,0.7579179990503564
2021-03-31,1.2035423613352014,0.8209817725039227,0.9050996126961701,0.896109622052601,0.8467020670678295,0.8208831075202888,0.753924248969247
2021-04-01,1.2077910437058585,0.8238923742843791,0.9077381474762652,0.8987529651234691,0.8491280340119777,0.8231526489017804,0.7554735080179107
2021-04-06,1.2232619841525978,0.8350602442917835,0.9175790857306866,0.9088811864042925,0.8584329599124664,0.8319323598644787,0.7610576797503187
2021-04-07,1.2343228998601736,0.8424217340081351,0.9242123373969081,0.9150679980029179,0.8653137202727426,0.8385181659950757,0.7653609002205721
2021-04-08,1.2445233229357178,0.8490910982339996,0.9302774232758115,0.9206948311727741,0.8718730061370326,0.8448816390009221,0.7694144824511842
2021-04-09,1.2397906134595427,0.8457915664031815,0.9274722133955022,0.9180913715519787,0.8687129236968003,0.8417634986823482,0.7670264575415451
2021-04-12,1.2350041231938655,0.8425284138975212,0.9245570091583819,0.9153022570829855,0.8655287823151702,0.8387144237928417,0.7648305272398919
2021-04-13,1.2352551002115413,0.8426910798945382,0.9247043165211195,0.9154380124197569,0.8656953845535718,0.8388573917168257,0.7649136391706277
2021-04-14,1.2440572227600337,0.8485947861107098,0.9303372851120575,0.9210949609377546,0.871719838023402,0.8444928658781636,0.7694887287946183
2021-04-15,1.251927144957158,0.8537740161982855,0.9353887193559414,0.9261019093509556,0.8772556219270096,0.8497574276530802,0.773971827586322
2021-04-16,1.258380839697397,0.85798910904666,0.9395577731273052,0.9302245484145188,0.8819118282847916,0.854263245511216,0.7776312365429966
2021-04-19,1.2549030153096017,0.8556716542221187,0.9372701416342808,0.9279448973856944,0.8793240963548912,0.8517012806531633,0.7756686187978163
2021-04-20,1.2297694596823383,0.8385594584209822,0.920328795293671,0.9108084106636286,0.860648293398999,0.8336829961385394,0.7603955258565661
2021-04-21,1.2361155928435732,0.8419231369651345,0.9238244767030172,0.9135545502167154,0.8631129417979255,0.8366046328874583,0.7640570958018638
2021-04-22,1.2438062457423578,0.8462841374059352,0.9282156397048363,0.9172451106292008,0.8664915466236699,0.8404860609377847,0.7681632835600687
2021-04-23,1.243877953461694,0.8463211975161645,0.9282524284788901,0.9172673839980886,0.8665105657068456,0.8405083441074547,0.7681524129012316
2021-04-26,1.2482700512710232,0.8488219258288294,0.9308620214339183,0.9196259023208654,0.8686316618190882,0.8429342965695882,0.7702864827954781
2021-04-27,1.24502527697107,0.8469743312865153,0.928869722895044,0.9177415851280017,0.8669647559697212,0.8410312100911871,0.768652667332083
2021-04-28,1.248377612850027,0.8489093840665263,0.9309656150476069,0.9197591207922113,0.8687248758771413,0.8429804402127508,0.7703998007211976
2021-04-29,1.2479832203936791,0.8486629699047824,0.9307005119232283,0.9194851162195482,0.8684925030104225,0.842724308114082,0.7701623626370325
2021-04-30,1.249471155569901,0.8495510096468775,0.9316779635146215,0.9204723771577791,0.8693339155898249,0.843649104219982,0.7709705504127143
2021-05-04,1.2411172062672584,0.8445257532666229,0.9259379064237111,0.914475547918386,0.8643202620336665,0.8381320267605723,0.7667730135129681
2021-05-05,1.2619303718045287,0.8572691292085731,0.9402319353481292,0.9287692722461274,0.8762871326579336,0.8506174642050535,0.7741343575153377
2021-05-06,1.2685454089132735,0.8608917362768626,0.9441675991646411,0.9320574373030658,0.8802038612300565,0.8547779717397183,0.7770877708540905
2021-05-07,1.2781363163744617,0.8664270562746025,0.9500347542661429,0.9372007886363036,0.8860974954969002,0.8610911419735507,0.7813526846195962
2021-05-10,1.277060700584422,0.865796210930643,0.9493759015900737,0.9366118539769607,0.8853987820403062,0.8603298134424779,0.7808555851303046
2021-05-11,1.2455630848660897,0.8470503487958921,0.9294802663032744,0.918244146891434,0.8646712416514721,0.8380572707269824,0.7659306656848877
2021-05-12,1.2557097271521318,0.8517267670810967,0.934447336279679,0.9219456816862956,0.8680374316951337,0.8421740489900893,0.7689390510391695
2021-05-13,1.248305905130691,0.8483014237092105,0.9307398120599533,0.9190030049638201,0.8652953227839427,0.8388733629696927,0.7655085147187372
2021-05-14,1.2627012297873905,0.8548818552830234,0.9380856196911723,0.9250580673003357,0.8707743328828268,0.8450951828250852,0.7691945837391405
2021-05-17,1.2607830482951528,0.8540200932920808,0.9371201635715983,0.9242543110943229,0.8699966686196549,0.844212386698781,0.7681949340463446
2021-05-18,1.2610160983829948,0.8541226764074619,0.9372308059105351,0.9243380200441093,0.8700814594862164,0.8443121696848799,0.7682834096157434
2021-05-19,1.2459574773224376,0.8472991830483505,0.9292045206367452,0.9169140353618026,0.8634151972861674,0.8368859409709333,0.7619863015786477
2021-05-20,1.2584346204868992,0.8527602955943692,0.9356941671926802,0.9227252378050913,0.8685039824543372,0.8422459080164505,0.7661229399951703
2021-05-21,1.2581298626797213,0.8525860916882542,0.9355348270606204,0.9225833650633357,0.8683604487456904,0.8420938133248254,0.7659983028047066
2021-05-24,1.2641353841741103,0.8554874397945088,0.93871997376344,0.9255812588588459,0.8710525470563548,0.8449406312865014,0.7682176330820331
2021-05-25,1.260227313470299,0.8535914443327888,0.936590567217296,0.9234931246523641,0.8691944045554428,0.842972996023959,0.7666114479353153
2021-05-26,1.259707432505113,0.8533389397125712,0.9362910482452728,0.9231808180515664,0.8689288119841008,0.8427113864893565,0.7663968485275363
2021-05-27,1.258416693557065,0.8527129507656342,0.9355368638377898,0.9223809439820422,0.8682530425384812,0.8420202719457188,0.7657653285001371
2021-05-28,1.258936574522251,0.8529647159198274,0.9358343139805205,0.9226893066891682,0.8685171255080414,0.8422909733639867,0.7659726460900095
2021-06-01,1.2693162668961349,0.8580125936891966,0.9421773576666099,0.9296768997903347,0.8742873202703167,0.848170813711096,0.7706361696020954
2021-06-02,1.274246172600484,0.8603561816253034,0.9451757441868986,0.9328205398441447,0.8771184793351869,0.8510749317530704,0.7725628448197018
2021-06-03,1.2664300311928613,0.8566455222546626,0.9403034934454592,0.9276096402088877,0.872430285055494,0.8462258336093244,0.7690785853519875
2021-06-04,1.2672546699652252,0.8570378751683014,0.9408182910423526,0.9281455982770613,0.8728990014089846,0.8466730809719559,0.7694438741821457
2021-06-07,1.268724678211613,0.8577751526401681,0.9417593124179472,0.9291412887662021,0.8737719745055796,0.8475411361065383,0.7701468034387634
2021-06-08,1.2719335986518985,0.8594573909771538,0.9438913195553817,0.931452538939158,0.8757623295612375,0.8495421075969537,0.7717575734314054
2021-06-09,1.2694059015453047,0.8580970659854917,0.9421450539623094,0.9295362101506786,0.8741197070159481,0.8478668142634288,0.7704830211080054
2021-06-10,1.2706966404933524,0.8587874610600962,0.9430438830229617,0.9305215120270862,0.8749616498907402,0.8487152820476793,0.7711207539814325
2021-06-11,1.278925101287157,0.8649038703270554,0.949017339553371,0.937195295673596,0.8806278917759074,0.8543715483872443,0.7749967758030031
2021-06-14,1.2811838944462406,0.8666446940756146,0.9506600725980923,0.9389031230037751,0.8822137746438004,0.8559736928573796,0.7761589217809205
2021-06-15,1.2858090423434116,0.8703577360868763,0.9541078003223809,0.9425689860705014,0.8855525236008213,0.859405233997016,0.7786390935440799
2021-06-16,1.2880499085726613,0.8723053329147027,0.9558094511681704,0.9443652143107488,0.887201039298529,0.8611231857415248,0.7797434963959906
2021-06-17,1.2823849987451184,0.8672058075171315,0.9513437764008904,0.9396632010485778,0.8829093168517458,0.8565451959503579,0.7767472771316424
2021-06-18,1.258022301100717,0.8459497088585125,0.9319334049708935,0.9199900665499265,0.86509310785313,0.8382351220153965,0.76422611899741
2021-06-21,1.2660535656663476,0.8515608567291649,0.9369105907341355,0.9237053353357945,0.8683586919619888,0.842095962077118,0.7677456044078688
2021-06-22,1.2710193252303648,0.8552212126221288,0.9400693468812792,0.9262122706077247,0.8705857193643554,0.8446794186721706,0.7693872465093416
2021-06-23,1.2681689433867593,0.8531234177758771,0.9382063004444162,0.9246538761419119,0.8692200689912425,0.8431020443135608,0.7682661467943354
2021-06-24,1.2746047111971641,0.8578920446475069,0.9425001396218767,0.9283381412174436,0.8723937471592589,0.8466623175881642,0.7707237215747815
2021-06-25,1.2792836398838372,0.8613330786162083,0.9456678500535401,0.9311180235545315,0.8748006767743354,0.849353440704919,0.7724795727612742
2021-06-28,1.2679717471585852,0.8530494579447409,0.9378172630838181,0.9240158708740622,0.868671933727049,0.8425000289214932,0.7670364966148517
2021-06-29,1.2705890789143486,0.8548242264390687,0.9395835342214839,0.9255383968490779,0.8699737685952212,0.8438598813585665,0.7683514816220774
2021-06-30,1.2616076870675161,0.8486509493253704,0.9333052081548827,0.9198768231911876,0.8652028040777324,0.8388003324821202,0.7636397780588703
2021-07-01,1.2773296045319311,0.859556763756277,0.9442343787202776,0.9295439045062861,0.8733151236075296,0.846967522817348,0.7704900323749556
2021-07-02,1.2769889928650853,0.8593032697835803,0.9439841977524949,0.9293127336169649,0.8731220716232989,0.8467677098402834,0.7703389471080294
2021-07-05,1.2844465956760278,0.8641575865597578,0.9489654317500748,0.9336197679058926,0.8772591936472655,0.8509847724537448,0.7735021157966205
2021-07-06,1.27297336058227,0.8567905895483803,0.9412126189631249,0.9267828815817936,0.870613349635059,0.84417135077828,0.7685812837783186
2021-07-07,1.2819547524291024,0.86226740553037,0.9471517088020823,0.9318662279385467,0.8753460612013096,0.8488582365545149,0.7716498040227109
2021-07-08,1.2603886558388044,0.8493420820832028,0.9328801293544378,0.9195078839879988,0.8634441133211851,0.8369784616473864,0.7617736266722827
2021-07-09,1.2767380158474093,0.8579552817877677,0.9423763500779537,0.9268782011908707,0.8701146310988871,0.8439815058253513,0.7672652997143536
2021-07-12,1.277365458391599,0.8582471287125675,0.9427085772104891,0.9271445175189461,0.8703723784770078,0.8442515985448817,0.7674765196810598
2021-07-13,1.277239969882761,0.8581793881753254,0.9426254988232232,0.9270618363172161,0.870301213096203,0.8441769339582951,0.7674194840392087
2021-07-14,1.2712344483883722,0.8551492454352551,0.9390619572715629,0.9239623469607923,0.8674045377988415,0.8411357173041002,0.7647124307449892
2021-07-15,1.2570363199598469,0.8479864380815915,0.9304827721121289,0.9163231191936261,0.8604386669129734,0.8341300070260852,0.7577166330840179
2021-07-16,1.256337169696321,0.8476339616146951,0.930061182218056,0.9159489654812072,0.8600978081260724,0.8337882380539043,0.757337160990736
2021-07-19,1.2269907855580684,0.8332374161822728,0.9123268262814608,0.8999998307068056,0.8462454773160549,0.8202944486471386,0.7456419706831875
2021-07-20,1.2335699688071453,0.8362892346352654,0.9155144432128969,0.9024156859208966,0.8483419449179738,0.8225476656031394,0.7476739227957867
2021-07-21,1.2545803305725893,0.8461128716429513,0.9261056686379773,0.9109900544942187,0.8556734453464068,0.8303347551620365,0.75565182477327
2021-07-22,1.2492022516223904,0.8437833340163322,0.9235578958544703,0.9089505143534484,0.8537093476215474,0.8282366811431331,0.7536004346049814
2021-07-23,1.2598329210139503,0.8483370130237077,0.928681488206406,0.9132383649118465,0.8577299182670707,0.8323807922020741,0.7573702427493824
2021-07-26,1.2594385285576022,0.8481673045417729,0.9284882710150395,0.913062835697165,0.8575612343123902,0.8322068195390454,0.7571448549189589
2021-07-27,1.2541859381162412,0.8459404476628861,0.9258532219975595,0.9106515134821347,0.8553551465918775,0.8299414104776871,0.7550370011640032
2021-07-28,1.2578609587322105,0.8475183220687582,0.9277304839288383,0.912413185560834,0.8569362385132216,0.8315152033154666,0.7563592403176927
2021-07-29,1.2689398013696205,0.8522746424055463,0.9335581169361806,0.9181271329758385,0.8619457838748893,0.8364815910179054,0.761727943171008
2021-07-30,1.260675486716148,0.8487622313274206,0.9292135517822188,0.9138683281190012,0.8580318172585998,0.8325841511098672,0.7582363821430608
2021-08-02,1.2695313900541423,0.8526412708277904,0.933937494707573,0.9185410595055826,0.8622170492818341,0.8365668809430955,0.7620038704057149
2021-08-03,1.2738338532143014,0.8544938209713137,0.9362512985030604,0.9208508891702812,0.8643217025835985,0.8385835745771684,0.7638551885329912
2021-08-04,1.2770965544440886,0.8559071916236941,0.9380443486112616,0.9226887422556959,0.8659824558068512,0.8401810042459411,0.7654326974665187
2021-08-05,1.2764691118998988,0.8556247182660628,0.9376781922109161,0.9222891218775942,0.8656334289521649,0.8398420709662828,0.7651033811727512
2021-08-06,1.2769352120755828,0.8558295705018533,0.937939734123509,0.9225637408437662,0.8658788448018216,0.8400794025617809,0.7653393396022059
2021-08-09,1.2786024165501444,0.8566199218063255,0.9389346124948019,0.9236668998479005,0.8668272999380261,0.8409999488032939,0.7662503270188029
2021-08-10,1.2837474454125015,0.8592683645361715,0.942123096171258,0.927251537880152,0.8698453656751415,0.8439768759562257,0.768815607024637
2021-08-11,1.2943422609443935,0.8647218139628886,0.9488448523145908,0.9348030715438382,0.8762577960898521,0.8503676941068806,0.7741657845221355
2021-08-12,1.2895199168190483,0.8622901473828747,0.9458064197318444,0.931538989167693,0.8732468632650217,0.8473189184764445,0.7715963806151771
2021-08-13,1.2940912839267176,0.864597288013828,0.9487419362442109,0.9346678546522934,0.8761051818940649,0.8501078252873253,0.774112549910204
2021-08-16,1.2824925603241217,0.8583987350184693,0.9410880656300515,0.9264687598297796,0.8686317959330809,0.8427071599205995,0.7673027870909079
2021-08-17,1.287350758309135,0.8608802827176889,0.9442239244636307,0.9295648703131628,0.8714067677732306,0.8453969466109691,0.7693489384421369
2021-08-18,1.2852353805887233,0.8592660243165409,0.9428157894491207,0.9281410839086413,0.8701290985826693,0.8441411634762311,0.7683192086027708
2021-08-19,1.265444050051991,0.8453564173207404,0.9293262670482244,0.9143574368399724,0.8579531653011498,0.8323663201564233,0.7572468966383251
2021-08-20,1.2706428597038502,0.8489180951597387,0.9324452856581276,0.9170284436046686,0.8603023892720089,0.8347761115306872,0.7588008675025542
2021-08-23,1.2744254418988237,0.8515341544081477,0.9347885352222242,0.9191289273500522,0.8621382996817919,0.8366494005751152,0.7604370523908525
2021-08-24,1.2774371661109352,0.8536855859596206,0.9366988068949104,0.920886275325332,0.8636559802612437,0.8382030402756068,0.7618226192411524
2021-08-25,1.2817934100605963,0.8568176308792336,0.9395422294055749,0.9235728868240762,0.8659423120123723,0.840552932288634,0.7638864031721041
2021-08-26,1.277293750672263,0.8535289090319439,0.9365143050917175,0.9206470954330026,0.8634681546504371,0.8379940927421012,0.7616384050586686
2021-08-27,1.2814169445340822,0.8564966496672902,0.9393341525493055,0.923381500260439,0.8657616950379663,0.8402872660403274,0.7635305302977768
2021-08-31,1.2763436233910612,0.8526438474082393,0.9357592592887873,0.9198699202434145,0.8628222573171386,0.8373274648031694,0.7612645078877418
2021-09-01,1.2817396292710943,0.856805222323598,0.9396165579542287,0.9236404469657501,0.8659641309483392,0.8403777193926363,0.7636378500534347
2021-09-02,1.2842673263776878,0.8587976222826519,0.941451195169036,0.9254320111416353,0.8674719977909172,0.8418543249596624,0.7648159533672308
2021-09-03,1.2796959592700188,0.8551472585116748,0.9380113077736753,0.922040194708022,0.8646263640794724,0.8390327836594736,0.7629560251497222
2021-09-06,1.2884443010290092,0.8620620106980171,0.9446933698889507,0.9285611780861247,0.8700889674056572,0.8442791255301484,0.7670730193866444
2021-09-07,1.2816679215517586,0.8568674524899073,0.9395464728704686,0.923688977554876,0.8657362985570257,0.8400297518788628,0.7640035811689865
2021-09-08,1.2720053063712344,0.8496615741121292,0.9321553627550815,0.9168448839224553,0.8596678707943267,0.8342859883441153,0.7594697652898269
2021-09-09,1.2592234053995948,0.8405183073062644,0.9225410612157389,0.9082244413176895,0.8521017408774761,0.8272930507268288,0.754207336942557
2021-09-10,1.2601197518912948,0.8411070786841468,0.9231600776102633,0.9087319940189602,0.8525424751300961,0.827695019679155,0.75458771034382
2021-09-13,1.2671471083862216,0.8461458829689208,0.9283311103656071,0.9132344736183967,0.8564079949734703,0.8312612285453793,0.758136231403757
2021-09-14,1.2609981714531608,0.8418155215780518,0.923762361846019,0.9092311464586225,0.8528944504270769,0.8279841640828355,0.7548469336261191
2021-09-15,1.2578430318023774,0.8395885597244187,0.9213864791255065,0.9071489814569379,0.8510955665561074,0.826347479018147,0.7532270902185969
2021-09-16,1.259814994084117,0.8410222452637693,0.9228940612196802,0.9084804490178033,0.8522387781660429,0.827369232443572,0.7543124501052875
2021-09-17,1.2483596859201933,0.8324621563899867,0.9137926793204172,0.9003038283317565,0.8453233806111613,0.8211613111587375,0.7486127396459712
2021-09-20,1.237657308809297,0.8248247430103813,0.9056389860357146,0.8933110411921247,0.8393719820122825,0.8158581391285729,0.7446326385656371
2021-09-21,1.2514789717113086,0.835862427139235,0.9158199618728503,0.9018030195777635,0.846591816696102,0.8221757341972833,0.7493030174007436
2021-09-22,1.2698361478613212,0.8491983955345933,0.9285339170822817,0.9121717273123033,0.8564730539320752,0.8309432112685581,0.7571824046971467
2021-09-23,1.2689398013696214,0.8485688685095966,0.9279299921679606,0.9116837512800832,0.8559703362689699,0.8304822507052251,0.7567938349601606
2021-09-24,1.2641174572442764,0.8454928137357863,0.9248060178023411,0.9091141358011322,0.8532103840803295,0.8279871556885635,0.7545860228467851
2021-09-27,1.266250761894522,0.8468554506120252,0.926204630778229,0.9102802784906886,0.8544374518080632,0.829069754667705,0.7557253623821955
2021-09-28,1.2599225556631213,0.8428006955987719,0.9218941658254691,0.9065467784555745,0.8506549712728098,0.8256982617147465,0.7533807481053737
2021-09-29,1.2742820264601524,0.8519754161886525,0.9317804174992788,0.9151715213021414,0.8591541207603661,0.8330742806268779,0.7608536923072743
2021-09-30,1.2703739557563412,0.8496162297739529,0.9292064806551587,0.9129786007747985,0.8567790397576258,0.8309652303541961,0.759143044911841
2021-10-01,1.2597432863647813,0.8432284697440531,0.9220788475234278,0.9067841478821081,0.8502393255694364,0.8252879877798082,0.7549556563386413
2021-10-04,1.2568570506615078,0.8415283304866593,0.9201669531484178,0.9051373570240935,0.8485650697915039,0.8238402935018314,0.7538427241184187
2021-10-05,1.2687067512817798,0.848486735985641,0.928199831665799,0.9121976911494433,0.8554884294774088,0.8297415392285208,0.7581812184917873
2021-10-06,1.2541500842565743,0.8401226701494372,0.9185717526936074,0.903837561597132,0.8467435183426472,0.8221679744565354,0.7513614652232038
2021-10-07,1.2688680936502856,0.8482227109126663,0.92781531502694,0.9115982589495569,0.8543431275291279,0.8289000221782845,0.7571576887393819
2021-10-08,1.2720232333010693,0.8498742621667112,0.929695393467731,0.9131598315586645,0.8560177430052803,0.8304002501571905,0.7585116381218383
2021-10-11,1.2812197483059093,0.8549162566588924,0.9353668320284133,0.9180238570758323,0.8610884329496025,0.8349890278861876,0.7631906411062933
2021-10-12,1.2782259510236318,0.8532955768116515,0.9335147509682338,0.9164076470424042,0.8593736169987869,0.8334154393460681,0.761649706499881
2021-10-13,1.2803054748843754,0.8544225839515044,0.9348262544329814,0.9175703670581116,0.860578405175278,0.8345059408912838,0.762504424967977
2021-10-14,1.2921193216449791,0.8609092976757496,0.9425500493154547,0.9246432648815788,0.8676815794483889,0.8409611106250268,0.7685644856207405
2021-10-15,1.2968341041913203,0.8634292231074817,0.9455620337264957,0.9273487498084118,0.870576110964061,0.843630717855126,0.7710913289915727
2021-10-18,1.2914201713814533,0.8605340238665408,0.9420055231516761,0.9240740170858245,0.8671381829604243,0.8404111762668778,0.7679129685668457
2021-10-19,1.2938761607687108,0.8618815846645705,0.9436388425233108,0.9255855286819906,0.8686889196932709,0.8418135769666464,0.7693653384685476
2021-10-20,1.2948800688394146,0.8624472563428415,0.9443167048495167,0.9262187726437578,0.8693292607242611,0.8423993135569768,0.769932777443692
2021-10-21,1.2890000358538636,0.8588631560674497,0.9401343260445529,0.9221889997571471,0.8654026414769803,0.838728759254582,0.7665853752172249
2021-10-22,1.2915635868201252,0.8605203995558267,0.9419730995493588,0.9239483402901063,0.8670808022228882,0.8402457592679934,0.7679753839760406
2021-10-25,1.2948262880499126,0.8626735058951936,0.9443755465492364,0.926261986596351,0.8692669798615649,0.8422571554327959,0.7695110507728902
2021-10-26,1.3046502455989428,0.8692359086508744,0.9518258091524309,0.9334833682058683,0.8760248334100382,0.8485774740321631,0.7737998608798613
2021-10-27,1.3002940016492814,0.8663828173277541,0.9485618797942834,0.9304171321876562,0.8729666671800648,0.8456458850194841,0.7716313477655096
2021-10-28,1.2996127783155895,0.8659282310566597,0.948031082668867,0.9299220200477011,0.8724896968806592,0.8451904892997779,0.7712985919539973
2021-10-29,1.2974794736653439,0.8643957062253845,0.9463358605562676,0.9283228153701178,0.8709580846682652,0.8437435711657848,0.7703124770214156
2021-11-01,1.3066222078806822,0.8708790006953342,0.9537264945529814,0.9352858544029021,0.8775663079905972,0.8499323044428718,0.7741995961700295
2021-11-02,1.3041482915635907,0.8690146688863877,0.9517441914938983,0.9334653334676903,0.875745486839977,0.8481782080050674,0.7732363711903483
2021-11-03,1.2995052167365855,0.8655495026056973,0.9479221977838584,0.9299775115747975,0.8723024950731693,0.8449165558915319,0.7714212264438094
2021-11-04,1.3050625649851244,0.8698081132961182,0.9525511586340988,0.9341651803244064,0.8763635138163262,0.8486799429037494,0.7735820183581757
2021-11-05,1.3093829550751177,0.8736221951067741,0.9561969297559924,0.937435205541017,0.8795687893033796,0.8517091243404641,0.7752475118064994
2021-11-08,1.3087375856010937,0.8729128876727927,0.9556296428767744,0.9369156524765963,0.8790597956293681,0.8512111813161837,0.7749959550393595
2021-11-09,1.3040048761249186,0.8681778936516649,0.9514043994550787,0.933082400841594,0.8753694390191017,0.8476085491569467,0.7731938977901291
2021-11-10,1.3158725036750243,0.8800297035003876,0.9621028635922698,0.9426168110823023,0.8844217898835406,0.8562277037010096,0.7776890517716214
2021-11-11,1.3237603528019828,0.8876910248790599,0.9687774244543216,0.9482054399671628,0.8904833115385729,0.8621543112116203,0.7806739152916525
2021-11-12,1.3172528772722418,0.8814850139278092,0.9632689612751048,0.9436004007956355,0.8854135914172166,0.8570615264343616,0.7781172046489002
2021-11-15,1.3179699544656016,0.8821674302695509,0.9638753546650486,0.9441052823987302,0.885924587652239,0.8575461875365589,0.7783984458779498
2021-11-16,1.3135061489369364,0.8777371065672254,0.9599457440730044,0.9407961032924563,0.8825335010549417,0.8541705567788581,0.7766515574419596
2021-11-17,1.3070883080563656,0.8713166879406423,0.9542134894842582,0.9359919561083963,0.8777199826626608,0.849493149884082,0.7731872013458341
2021-11-18,1.3007780287547988,0.8652440859265388,0.9485748704580947,0.9313246322462071,0.8731502067104796,0.8451618574624372,0.7698550286494864
2021-11-19,1.2949697034885839,0.8598530438643095,0.9433718142374364,0.9270659568180318,0.869071650053893,0.8413877231278591,0.7664824435500364
2021-11-22,1.3006883941056286,0.8651353452898058,0.9485202069840313,0.9312514865322632,0.8729907173591339,0.8449132503634157,0.768636572785883
2021-11-23,1.3026962102470363,0.8669520160754919,0.950340487731396,0.9327304301098331,0.8743903461044324,0.8461896138149264,0.7694559871697256
2021-11-24,1.3062098884944997,0.8701610773757514,0.9536088379262113,0.9354041111644035,0.8769023346708597,0.8485228754765236,0.7707481159870346
2021-11-25,1.3105302785844928,0.874324183714235,0.9577255952122294,0.9387813891743083,0.880057841879656,0.8515053713362224,0.772401111482783
2021-11-26,1.2627729375067256,0.8276228667843026,0.9112738530175688,0.9007750175680487,0.8444085197857645,0.8171032278596337,0.7514919570978237
2021-11-29,1.2746047111971635,0.8325799622522085,0.9162299489275129,0.9041081554303565,0.8473539745063152,0.8210190743735013,0.7562887545462741
2021-11-30,1.265551611630995,0.828665609699634,0.9121841716656421,0.901176611859579,0.8447524695123161,0.8176899787036661,0.7524548449005041
2021-12-01,1.2851278190097193,0.8372047761193168,0.921085019641724,0.9078935127982929,0.850557424418426,0.8247106220102155,0.7608028852085679
2021-12-02,1.2780466817252907,0.8343208652315198,0.9179943293711362,0.9055078278198827,0.8483671994803862,0.8220522566169322,0.7576994691322829
2021-12-03,1.2768097235667448,0.8338202395727854,0.9174370620181234,0.9050475464226132,0.8479634762674417,0.821590794083564,0.7571573507302592
2021-12-06,1.2965293463841412,0.841839801122234,0.9264902041583204,0.9127116329918035,0.8545937539498057,0.8292038688459167,0.7638557004463099
2021-12-07,1.3158187228855216,0.849202359280446,0.9349405125161891,0.9199522631016047,0.8613546970266922,0.8369951956448773,0.7714267378502857
2021-12-08,1.3153705496396717,0.8490284063849999,0.9347422096616572,0.9197831352338737,0.861181044688067,0.8367932450622039,0.7712508043563601
2021-12-09,1.3124843139363982,0.8479766920758742,0.9334746287460602,0.9186244114162937,0.860064694692099,0.8355132240461214,0.7699247881142948
2021-12-10,1.3071958696353692,0.8460162505530993,0.9310884664454137,0.916356845756026,0.8579367174708519,0.8331433706557402,0.7676591302119692
2021-12-13,1.2963680040156351,0.841979219747119,0.9260785291504369,0.9114386369695974,0.853438363934662,0.8283282517522548,0.76182366617862
2021-12-14,1.2940733569968836,0.8411260661150386,0.9250043067256174,0.9103748213130368,0.8524902741392199,0.8273485405579142,0.7606236763141679
2021-12-15,1.2855042845362332,0.8379445274737815,0.9208688341266327,0.9061248290349616,0.8487900335690134,0.8236564230429506,0.7561445591798895
2021-12-16,1.3016026675271624,0.8439049261484407,0.9287508875923806,0.9142749188781106,0.8557783837611568,0.8303430591496133,0.7655525310445651
2021-12-17,1.303269872001724,0.8444937877833969,0.9295374557966611,0.9150471841576466,0.8565160637178052,0.8310535696609278,0.7664261882289581
2021-12-20,1.2903804094510805,0.8398693819901653,0.9232016930805417,0.9084808167078638,0.8504695093988501,0.8252019022492528,0.7586094888474807
2021-12-21,1.3081997777060732,0.8461913124137919,0.9319262745882843,0.917299186864692,0.85838715994166,0.8326285894373612,0.7634594152009415
2021-12-22,1.3161414076225337,0.8489018726418236,0.9356530775764492,0.9208967500176909,0.862021788722424,0.8360777015130075,0.7669601535545827
2021-12-23,1.321806317450077,0.8508231565254183,0.9383571733151597,0.9235777431071498,0.8647101003320443,0.8386412420683658,0.7699570794858017
2021-12-24,1.321591194292069,0.8507500491855754,0.9382441367743087,0.9234525392144042,0.8645911338769185,0.8385260047352932,0.7698088529504407
2021-12-29,1.3303036821913912,0.8536997070839428,0.9426320323046465,0.9280886042341095,0.8690585568227263,0.8428140714464191,0.7740822780636198
2021-12-30,1.3271306156107738,0.8520749795952107,0.9410066780919479,0.9263561464631902,0.8673615428998523,0.8411692353492046,0.7724963870457177
2021-12-31,1.3238141335914844,0.8504557877329779,0.9392526282504929,0.9244377476844502,0.8655417261651307,0.8394519263414484,0.7706280228216057
2022-01-04,1.3454519379011183,0.8612473375474176,0.9509551970094956,0.9373968927826678,0.8776378750938373,0.8506903016670254,0.7825657990350224
2022-01-05,1.3475493886916958,0.8622782443585364,0.9519726401822551,0.938339743155274,0.8788201037758695,0.8518089266189052,0.7834513835636554
2022-01-06,1.335627980352088,0.8562566495475411,0.9458450675803554,0.9321437743395913,0.8718495796227094,0.8450966876519328,0.7775210360480015
2022-01-07,1.341884478864153,0.8592710142183959,0.9490580234220606,0.9353330313500307,0.8751775726033285,0.8482350968229982,0.7803875144238895
2022-01-10,1.3347137069305544,0.8555441191654486,0.9452911045658489,0.9314692714819768,0.8711622072645837,0.8444231647161865,0.7768555372354121
2022-01-11,1.3429780215840268,0.8600704983960268,0.9497038321293136,0.9360195976617197,0.8757299385240299,0.8486140385420236,0.7804843948989092
2022-01-12,1.353787960273927,0.8659367329144502,0.9555505924573249,0.9420891191697353,0.8818781692010806,0.8543255100094763,0.7862668014208597
2022-01-13,1.3559750457136743,0.8670994994432649,0.9567335505469168,0.94330084689131,0.8831459599950287,0.8555159833689846,0.7874237764102738
2022-01-14,1.3522283173783691,0.8650647156709322,0.954634641764662,0.9410795181024728,0.8808787159988707,0.8533556945814945,0.7851214424401066
2022-01-17,1.3644544835251549,0.8719373388179988,0.9616285006792691,0.9485440316972976,0.8883389969758985,0.8603072065868347,0.7922994586044544
2022-01-18,1.3559212649241725,0.8671971683464976,0.9567939224208647,0.9435494997819803,0.8830249900800721,0.8552443859034979,0.7879083687857431
2022-01-19,1.3606001936108456,0.869802562715359,0.9594708096316407,0.9462837785640704,0.8857905302358967,0.8578041387638954,0.7898583064325231
2022-01-20,1.3597576279086478,0.8692891445213918,0.9589665257195743,0.9457549882968144,0.8852640252203448,0.8573052635235854,0.7894759541023747
2022-01-21,1.343462048689545,0.8597731297171057,0.9490899462002281,0.9353345208388198,0.8750275798205984,0.8476705353894453,0.7813072827384874
2022-01-24,1.3081639238464056,0.8397016009406695,0.9286811780376459,0.9157314062097952,0.8567679447832202,0.8299190591194975,0.7688075549216791
2022-01-25,1.321483632713065,0.8456370573422668,0.9346035314499884,0.9204123325698274,0.8608565396495897,0.8346130279168585,0.7736207125124089
2022-01-26,1.3391058047398838,0.8534055796684319,0.942510249878455,0.9269597463767552,0.8666998229562265,0.8412273054959343,0.7819458156915079
2022-01-27,1.354254060449611,0.859769028614969,0.949114905241947,0.9325410014287755,0.8719399017525619,0.8471649893350215,0.7872495600762033
2022-01-28,1.338442508336026,0.8533168222511673,0.9422875356600312,0.926624762192255,0.866202398976393,0.8406654607971896,0.7826135230634526
2022-01-31,1.338137750528848,0.8531875994488259,0.942153894593827,0.9265083404621223,0.8660868416760756,0.8405266025886305,0.782503053337132
2022-02-01,1.350937578430322,0.8582775336682235,0.9478160973132971,0.9317261249247162,0.870815348995712,0.8455381397907726,0.7871235028962407
2022-02-02,1.3593990893119683,0.8615717124931483,0.9515618404168045,0.9352493817915503,0.8740776662636677,0.8489943356028071,0.7904291109432897
2022-02-03,1.3496826933419421,0.8575760554816756,0.9471832462132883,0.9309782478532592,0.8701285765181275,0.8448207153337335,0.7864963825077722
2022-02-04,1.3474597540425264,0.8566717152531554,0.9461616372836675,0.9299601936238243,0.86921906828891,0.843895360697455,0.7855084965621063
2022-02-07,1.3576960309777386,0.8609024969726911,0.9509821047008766,0.9349114409569105,0.8735850984026539,0.8482028009758223,0.7896022784198642
2022-02-08,1.3565487074683629,0.8604305625320794,0.9504329737613596,0.9343351120048652,0.873060869630576,0.8476841120187566,0.7888790228157035
2022-02-09,1.3702269549317023,0.8660779874817612,0.9571336086221356,0.9415538734988121,0.8794214534536079,0.8538804938053377,0.793609998466293
2022-02-10,1.3754257645835613,0.8681825573195479,0.95965572145393,0.9441931429618426,0.8819135193583687,0.8563251327992298,0.7956655411322672
2022-02-11,1.3733820945824857,0.8673422901751355,0.9586303891135869,0.9430781962953667,0.8808764624745042,0.8553068288445459,0.7949360011415105
2022-02-14,1.350184647377294,0.8578445666774722,0.946722071513905,0.9298815176743832,0.8688150660626742,0.8436866463366133,0.785796714986159
2022-02-15,1.3640421641389733,0.8631394757161776,0.953276199340946,0.9360861987073155,0.874293762371214,0.8493452240667658,0.790220242699024
2022-02-16,1.3631278907174396,0.8627907610732775,0.9528440916835472,0.935673544681476,0.873899947251374,0.8489385032211283,0.7898497772648555
2022-02-17,1.3512244093076655,0.8582231542245607,0.9470575911977136,0.9298916384826572,0.8686750670898676,0.8436356083724248,0.7864401551905191
2022-02-18,1.3469578000071745,0.8566012057764856,0.9449767983276073,0.9278288495964337,0.8668442298931208,0.8418379276032968,0.7853260621440763
2022-02-21,1.3417052095658133,0.8546095232134586,0.9423341555379235,0.9251189279566464,0.8645014524380176,0.8396349798587783,0.7838785289110601
2022-02-22,1.343479975619379,0.8552957361182733,0.9432388615043062,0.9260557754427646,0.8653050392958194,0.8403756837710339,0.7843905799560966
2022-02-23,1.3441970528127387,0.8555801611991567,0.943608383340248,0.9264422517820513,0.8656341438418365,0.8406760760289523,0.7845553549911009
2022-02-24,1.2919938331361405,0.8294495001826505,0.9150635839302049,0.8950030103946687,0.8395962537708339,0.8170268428801563,0.7709703055117283
2022-02-25,1.342637409917181,0.8472099099125754,0.933048383435867,0.9085581556973356,0.8512175176905394,0.8316964700834992,0.7842376765926637
2022-02-28,1.3370442078089741,0.8456006748232575,0.9314073755186019,0.9073397962623961,0.8498966600407323,0.8299846052227136,0.7827903846659999
2022-03-01,1.3140798106916243,0.8390652731899302,0.9246378589837305,0.9019839710953844,0.8441600381786987,0.822907270937495,0.7762222409241676
2022-03-02,1.331899178946617,0.8440004958613271,0.9298821374710016,0.9062877652889311,0.8484969298744327,0.827896346690829,0.7811236071115825
2022-03-03,1.2977125237531852,0.8346959954288954,0.9198338505081485,0.8976373478320315,0.8397384788502608,0.8178330664328151,0.7717597728789654
2022-03-04,1.2525725144311817,0.8229384676204492,0.9071030636938701,0.8867912667302359,0.8295063031331315,0.8063682483570934,0.7593944665444639
2022-03-07,1.2476246817969985,0.8217295365278686,0.9058052205369862,0.8857192922228628,0.8285424501452424,0.8052838688257526,0.7580571426357159
2022-03-08,1.2484493205693625,0.8219289684532016,0.906020557607092,0.8858992052254798,0.8287015559266697,0.8054617008019664,0.7581701826562375
2022-03-09,1.2890717435731989,0.8318428908582266,0.9171956723048003,0.8962406131380475,0.8373518699919453,0.8146336984285947,0.7692630170261407
2022-03-10,1.272650675845258,0.8282630423156454,0.9130741368024536,0.8925534329757246,0.8337410332982805,0.8107571633388275,0.764745870270486
2022-03-11,1.2827793912014662,0.830491927595072,0.9156655495033099,0.894958336024527,0.8360208328016093,0.813082225604287,0.7674551732502523
2022-03-14,1.2895736976085508,0.8319707847664558,0.9174355783631274,0.896679703924842,0.8376242986662076,0.8147204671236429,0.7688396089321772
2022-03-15,1.2863827040980993,0.8312809747135779,0.9165768656301585,0.8957889293359287,0.8368173162162013,0.8138962633825464,0.767991387465321
2022-03-16,1.3071779427055354,0.835844439558452,0.9223163944363161,0.9019840258377397,0.8423060592426337,0.8194051327801224,0.7732847770844731
2022-03-17,1.3239575490301565,0.8394415299365824,0.9269101131344115,0.9069678734416682,0.8469271323014421,0.8240597910903448,0.7776156883208036
2022-03-18,1.327435373417952,0.8401684642550943,0.9278638115626295,0.9080196269869634,0.8479213377898962,0.8250634525667825,0.7785585342465015
2022-03-21,1.3341938259653687,0.8415865083956519,0.9297693330943717,0.910223640549414,0.8499657307932047,0.8271242930438795,0.7803544074638714
2022-03-22,1.3403427628984297,0.8428700750280853,0.9315459849788862,0.9123662403099936,0.8519191021241668,0.829090990354907,0.7818322906841875
2022-03-23,1.3374565271951564,0.8422696369685986,0.930682633691836,0.9112689207763867,0.8509399564346828,0.8281067807400623,0.7810537326524324
2022-03-24,1.338675558423868,0.8425235092434342,0.9310504311885288,0.9117410327848033,0.8513581709076139,0.8285232584357844,0.7813795292759571
2022-03-25,1.3415438671973074,0.843120501039241,0.9319508584287787,0.9129592929528125,0.8524062582867998,0.8295539046099671,0.7822858369500115
2022-03-28,1.3396973934244059,0.8426657138862018,0.9313434063173973,0.9120901619042306,0.8516793354599742,0.8288403149676,0.7816497456847596
2022-03-29,1.3512064823778318,0.8457818511723139,0.9352016386128393,0.9177073882223993,0.8563293681112686,0.8333447515421509,0.7856396667245814
2022-03-30,1.3586461582589406,0.8477890640503628,0.9377287031425438,0.9213464474381045,0.8594529859926683,0.8363799573330539,0.7880330540682252
2022-03-31,1.3473342655336886,0.8446177202831708,0.9337875962835286,0.9156080546075273,0.8544763388730064,0.8315274713696867,0.7844389806286066
2022-04-01,1.3513140439568359,0.8457438058857327,0.9351974921403643,0.9176048747703279,0.85617661800367,0.8331124247227997,0.7857296973005029
2022-04-04,1.355078699221975,0.8469060405766832,0.9365653965097398,0.9195772836532256,0.8578474935012139,0.8346836063899836,0.7869999980207495
2022-04-05,1.3649026567710052,0.8510438991969356,0.9402475885439416,0.9250056742666718,0.8624055956723056,0.838984150148573,0.7903660205507823
2022-04-06,1.360241655014166,0.849011303032508,0.9384651043021671,0.9224296683700183,0.860147152145788,0.8368353842884962,0.7886448814447966
2022-04-07,1.3538058872037613,0.846242594222336,0.9359294675914328,0.9185648290184258,0.8566258143806913,0.8337633845479105,0.7852090464230785
2022-04-08,1.3749238105482093,0.8584756751398065,0.9444469834336149,0.9313191468413551,0.8680335709908992,0.8435500783687797,0.7970895997875643
2022-04-11,1.365727295543369,0.8527816757881167,0.9408619901293508,0.9267835650390716,0.8630408983458842,0.8390959526865265,0.7915824845003249
2022-04-12,1.3582696927324263,0.8483733813936335,0.937890802379857,0.9230804597109873,0.8591321916688587,0.8356744976084349,0.7871299694736743
2022-04-13,1.35900469685562,0.8487791388496101,0.9381843141545356,0.9234462022089126,0.8595100377112254,0.835989480265764,0.7872865183825041
2022-04-14,1.3653866838765227,0.8524511277426351,0.9408597423895854,0.9269159902568366,0.8629393303595687,0.8389303073307376,0.7905250457394227
2022-04-19,1.3626797174715894,0.8506686587885395,0.9396881577396237,0.9253704951577607,0.8614152400058653,0.83760662225705,0.7891948359716894
2022-04-20,1.3676813308952744,0.8541021805190819,0.9418974447389646,0.9283240065736089,0.8642739616946912,0.8400571056195759,0.7916420851308887
2022-04-21,1.3674662077372666,0.8539520158357826,0.9417914776362114,0.9281780714925104,0.8641347413234244,0.8399320446174817,0.7915355102293424
2022-04-22,1.348409881323728,0.8406379553317058,0.9328424344857925,0.915903267058228,0.8525226457456804,0.8297479383989734,0.7819455109275162
2022-04-25,1.3230970563981246,0.8252145099210274,0.9213435254182547,0.9028076709626176,0.840880683966702,0.8185438453870837,0.7686204813690047
2022-04-26,1.3241188913986623,0.8256709536122843,0.9217511250014057,0.9031484346249735,0.8411588503433661,0.8188510672527605,0.7688960217044308
2022-04-27,1.3311821017532572,0.8292712026507975,0.9248125909317774,0.90623000650606,0.8437377354052183,0.8214883620989827,0.7715685668883612
2022-04-28,1.3461690150944785,0.8368153958407996,0.9314530306576891,0.913163357889387,0.8495405869792568,0.8273746639284542,0.7764682711650214
2022-04-29,1.3525151482557134,0.8398357939106182,0.9342298991136095,0.9160051257822508,0.852102143564613,0.8299729654759296,0.7790209896944593
2022-05-03,1.3555089455379907,0.841288004672536,0.9355632901061552,0.9174094479526883,0.8533660725500744,0.8312494901426194,0.7801141494367644
2022-05-04,1.343354487110541,0.8353072305914413,0.9299545251061919,0.9112162235282145,0.8478848808528836,0.8257512577176471,0.7758720943358912
2022-05-05,1.3451113262342727,0.8361676463764395,0.9307677006808102,0.9120815335704848,0.8486281571618529,0.8264589896955629,0.7764485940067999
2022-05-06,1.3244236492058403,0.8259903927823682,0.9208819228074536,0.9010762482427862,0.8392300641131638,0.8174120963493651,0.7693687575112937
2022-05-09,1.293714818400204,0.8119229711174777,0.9069014174076943,0.8872943095519269,0.827657297321436,0.8059679582437368,0.7575782295619441
2022-05-10,1.298483381736047,0.8138438511481547,0.9087857689509796,0.8888664361362763,0.8289532887005925,0.8073491750403804,0.7593196753580838
2022-05-11,1.3172170234125737,0.8214336167554148,0.9165197764843085,0.8959028286970538,0.8347221510406474,0.8133234569850415,0.7658657029269118
2022-05-12,1.2967086156824816,0.8136436003895596,0.9082840812201421,0.8884064577418417,0.8280805312415647,0.8064355495661899,0.7569709774617583
2022-05-13,1.3298555089455415,0.8266506883384147,0.9212580250252919,0.9000573055456732,0.8380929196695838,0.8164690278904689,0.7685447150097586
2022-05-16,1.338209458248184,0.8294045258430337,0.9241361514815077,0.9024821725839064,0.8406907423037453,0.8191129642251443,0.7712336223271028
2022-05-17,1.3478182926392064,0.8325846255727709,0.9275387310964069,0.9055066183587077,0.8438416860434653,0.8223085264718165,0.7742605081705304
2022-05-18,1.3334229679825071,0.8278809280163539,0.9223421903925451,0.9006456193285068,0.8388411964411303,0.8172588231491972,0.769966737425629
2022-05-19,1.3091499049872755,0.8200068495678337,0.913487878771642,0.892193405803731,0.8305652995799154,0.8092492287083849,0.762703004962165
2022-05-20,1.3248001147323545,0.8248843556772043,0.9190143703641156,0.8972945825111767,0.8352382892399149,0.8137797618257716,0.7670421721368859
2022-05-23,1.3469219461475064,0.8315849091898596,0.926813064380123,0.9046794736951098,0.8422073680087956,0.8205349504301628,0.7729801027187668
2022-05-24,1.3417231364956472,0.8300815595086888,0.9250309797263159,0.9029992600210798,0.8404854615794243,0.8188549838226042,0.7715730361068298
2022-05-25,1.348607077551902,0.8321082726648414,0.927448551049931,0.9053825312241485,0.8428525521437342,0.8210918322125668,0.7736334767592548
2022-05-26,1.3561543150120143,0.8344389954408857,0.9301618411865505,0.9081827087241805,0.8455842201394056,0.8236564579073513,0.7757442680736929
2022-05-27,1.3598472625578175,0.8355770799006791,0.9315153775869741,0.9096308541949835,0.8469821783080107,0.8249659534782828,0.7766509744958512
2022-05-30,1.3624645943135811,0.8363845277859627,0.9324988021532703,0.9107255450653589,0.8480196703887752,0.8259348081641436,0.7774057037012643
2022-05-31,1.3638270409809647,0.8368083711627629,0.9330219889044579,0.9113267777182363,0.8485800758327517,0.8264568558764813,0.7778415431679844
2022-06-01,1.3504356243949691,0.8325956891665461,0.9276338850798347,0.9047585117020781,0.8426549095358397,0.8209594301699503,0.772573066091384
2022-06-06,1.3639166756301346,0.8367876038814438,0.9330958532320276,0.9111580680183965,0.8482801921234028,0.8260617504301073,0.776759497113552
2022-06-07,1.3622494711555728,0.8362716776522964,0.9324191018362982,0.9103751547809625,0.8475418343018747,0.8253853773767575,0.7762156896104444
2022-06-08,1.3611917822953672,0.835944384817473,0.9319684155774954,0.9098271039818824,0.8470473793170767,0.8249435955581147,0.7758625571842995
2022-06-09,1.340253128249259,0.8291583701680094,0.9229308366427017,0.8987193314754085,0.83709322560668,0.816049843166144,0.7682725682514785
2022-06-10,1.3118030906027063,0.8192748900348722,0.9110692695090317,0.8859339734448177,0.825984604702744,0.8056262403484966,0.758680037898669
2022-06-13,1.291778709978132,0.8128496825985224,0.9033496360591912,0.8785032133244127,0.8196909120628937,0.7994538133127819,0.7521551606013186
2022-06-14,1.2884980818185106,0.8117949342514265,0.9021044270664591,0.8773234137253113,0.8187063374891796,0.798509005045878,0.7509987966416545
2022-06-15,1.3038973145459136,0.8169337152647904,0.9080947773927222,0.8831903848496412,0.8234985342308994,0.8029858668195587,0.7551927766640391
2022-06-16,1.2629522068050654,0.8018662643350526,0.8922783116296067,0.867592392644882,0.8101580211742263,0.7904844451986062,0.7412825370712637
2022-06-17,1.2578071779427082,0.8001916226829663,0.8905432642128212,0.8660548216973006,0.8088707968614327,0.7891728373535669,0.7396724490106007
2022-06-20,1.2767200889175747,0.8063331412746312,0.8969617056522127,0.871874528509247,0.8136251902241072,0.7939601160411284,0.7444860780239375
2022-06-21,1.2821519486572757,0.8080108110039957,0.8987748803745632,0.8735467889973458,0.8150455953484119,0.7953943815812136,0.7458510568318447
2022-06-22,1.2708759097916917,0.8043704876824347,0.8949039431805079,0.8698173809883095,0.8119153088592894,0.7922423820310573,0.7426928751997479
2022-06-23,1.258560108995736,0.8002972998399331,0.8905908841158157,0.8655583968952584,0.8084063255645395,0.788860834762036,0.738754379831439
2022-06-24,1.2923165178731515,0.8121524339059711,0.902606835482347,0.8776275813964823,0.8182048854864439,0.7979254774266219,0.7490401355826943
2022-06-27,1.30119034814098,0.8148040210487258,0.9054234630949883,0.8802366379984046,0.8208581975433834,0.8004154266352611,0.7516214812407992
2022-06-28,1.3128607794629115,0.8183028627058911,0.9092228695540496,0.883909138432594,0.8245181066014896,0.8038530625884747,0.7552615182451411
2022-06-29,1.310870890251338,0.8177122976684609,0.9085625140360961,0.8832436560845313,0.823853232032604,0.8032271741320496,0.7546819272164397
2022-06-30,1.2852353805887229,0.810098351205674,0.899826674057331,0.8741507907374644,0.8149937194686373,0.7950261393431778,0.747431218715225
2022-07-01,1.2851278190097188,0.8100598450389468,0.89978253749483,0.8740965978565461,0.8149304143937836,0.7949699465944556,0.7473852563896488
2022-07-04,1.2966010541034767,0.8133723446848792,0.9036884461663913,0.8781288091965443,0.8185424385586323,0.7983564406114267,0.7511703918811141
2022-07-05,1.2594564554874357,0.8027961219034778,0.8908709723775966,0.8645564117525775,0.8062667803449068,0.7868309078762761,0.7381607498359684
2022-07-06,1.274210318740815,0.8067897985959674,0.8954621764315095,0.8688365435934877,0.8099286562231524,0.7905682684607076,0.7419377592922703
2022-07-07,1.2887849126958544,0.8106186095257076,0.9000350020706727,0.8732396535888095,0.8137626004969831,0.7944711405130924,0.7454295244882835
2022-07-08,1.2900577247140679,0.8109406418102173,0.9004341140119615,0.8736292785584581,0.8141048398690838,0.7948198977309021,0.7457436434500936
2022-07-11,1.290129432433404,0.8109563628077446,0.9004510613748024,0.873637879956045,0.8141161028472832,0.7948323140405255,0.7457602521826149
2022-07-12,1.2925137141013254,0.8115978175805376,0.9012435068278286,0.8744726156089354,0.8148325263224192,0.7955570250672005,0.7463951580200805
2022-07-13,1.2829228066401372,0.8089133540601976,0.8979270044590636,0.8708206513842822,0.8117693671252586,0.7924685011321044,0.7429237142874262
2022-07-14,1.2620200064536973,0.8030827242436083,0.8905344856548159,0.8625696538648058,0.8049529337758716,0.7858782851681875,0.7369677171115567
2022-07-15,1.2833889068158213,0.8090379888573725,0.8979819458744069,0.8704943787961913,0.8114445843815916,0.7920121544769223,0.7425760346501474
2022-07-18,1.294897995769247,0.8125067497179392,0.9018721100698629,0.8745247160203771,0.8150733369663753,0.7954739599733501,0.7463661947526741
2022-07-19,1.3080025814778988,0.8164364982364567,0.9063549590335895,0.879264611230346,0.8193813746077502,0.7996011899529077,0.749649554220562
2022-07-20,1.30226596393102,0.8146941371759469,0.904375593123534,0.8771411614167888,0.8174041881517222,0.7976957522754768,0.7480397783983591
2022-07-21,1.3033774335807278,0.8150304734902899,0.9047638069568357,0.8775619164171241,0.8177914895382502,0.7980639945982342,0.7483750284145528
2022-07-22,1.3044351224409334,0.8153526729757321,0.9051434597804644,0.8779853896369124,0.8181735484760532,0.7984206310186565,0.7486960943888566
2022-07-25,1.3097952744612984,0.8170276473973032,0.9071571450102482,0.8803367078794382,0.8202367003703064,0.8003442723917649,0.7503374258876234
2022-07-26,1.3097952744612984,0.8170035232043509,0.907150409614179,0.8803224464685242,0.8202261023642595,0.8003337485479506,0.7503274796121108
2022-07-27,1.317306658061743,0.8196473383636109,0.9101379254439457,0.8839822118970403,0.8233611091655545,0.8032627368465701,0.7529188899547901
2022-07-28,1.3167867770965571,0.8194608432499368,0.9099205352234646,0.8837112391485098,0.8231245554345341,0.8030391315729498,0.7526616681449223
2022-07-29,1.3307877092969085,0.824428907235275,0.9157872077353876,0.891106672899014,0.829424913989359,0.8089412787791416,0.7585657521663117
2022-08-01,1.328995016313509,0.8237291422562116,0.9150386295095804,0.8901856143976355,0.8285800352968976,0.8081365267666273,0.7578375372856567
2022-08-02,1.328224158330647,0.8234358955912391,0.9146982092888616,0.8897597729570502,0.8281991376982314,0.8077829571810942,0.757485846240165
2022-08-03,1.3347854146498899,0.8259579148662108,0.9176029289404649,0.8933934752940836,0.8314484496287823,0.8108205083786056,0.7598722466201955
2022-08-04,1.3352156609659058,0.8260899694133133,0.9177912208191584,0.8936297171495954,0.8316582778145013,0.8110154871072148,0.7600193864585699
2022-08-05,1.33370979885985,0.8252576322658371,0.917077377748028,0.8927194231485992,0.8308536868249746,0.8102508619676029,0.759451155558264
2022-08-08,1.3413645978989666,0.8295790459216958,0.9207601720876971,0.8974214178453818,0.834991106541581,0.8141481989972732,0.762284346486514
2022-08-09,1.3424043598293383,0.8301600612629123,0.9212641158201441,0.8980617455621821,0.8355592923969472,0.8146857035351668,0.7626726994516276
2022-08-10,1.345792549567964,0.8320647450933017,0.9229666778185689,0.9002530538551343,0.8375879663078623,0.8166359176955424,0.7642276577206537
2022-08-11,1.338406654476357,0.8279135209536391,0.9191191081756981,0.8952824277364357,0.8329808004132843,0.8121261701765375,0.7601250080962458
2022-08-12,1.344681079918256,0.8314970797927959,0.9224341884482472,0.8994046762299414,0.8367218877410292,0.815679404876795,0.7633893657713896
2022-08-15,1.3461690150944778,0.8324750523984454,0.9232298894613024,0.9003860203023147,0.8376233011915398,0.8165458585945767,0.7640904682589783
2022-08-16,1.350991359219823,0.8366945406429847,0.9259010128312885,0.9036591272686574,0.8406286743763375,0.8194919929361429,0.7664257078947002
2022-08-17,1.3473521924635217,0.8332944094088726,0.923819415841925,0.9011452824689314,0.8383035116194897,0.8171604173606112,0.7644734244317775
2022-08-18,1.3520311211501947,0.8376350619180343,0.9265473594666094,0.9044081942976112,0.8412895255285145,0.8200819600796259,0.7668812024893161
2022-08-19,1.3535549101860844,0.839051130420594,0.9274507358555296,0.9054782024503019,0.8422714702166046,0.8210550396760812,0.7675828149202716
2022-08-22,1.3505790398336412,0.836284075278155,0.9256010558338738,0.9033180272079192,0.8403012097424426,0.8190429774312916,0.7660384062148021
2022-08-23,1.3423864328995048,0.828674731605597,0.9203877195040312,0.8973295623007519,0.8348759623686441,0.8135997157909398,0.7622975267091876
2022-08-24,1.3394105625470611,0.8259191593219762,0.9184835014501406,0.895237748926216,0.8330026710894738,0.8117536362812111,0.7610412919993624
2022-08-25,1.3408805707934488,0.8272788335051603,0.919437273497805,0.8962687344235577,0.8339194548146486,0.8126411271820233,0.7615198566521657
2022-08-26,1.3314868595604346,0.8185854211606136,0.9130648339033972,0.8894602817314722,0.8279091538035603,0.80673837303466,0.7578996308367629
2022-08-30,1.3197088666594987,0.8077948338874279,0.9051390236891823,0.8814636292267852,0.8209298365544125,0.800004737008359,0.7541310861633904
2022-08-31,1.305833422967985,0.7950508866850049,0.8960378920456806,0.8728547487818623,0.8135232033511439,0.792929118648823,0.7495936805162421
2022-09-01,1.2815065791832516,0.7747761975273685,0.880776792007239,0.8592289780961183,0.8019664068435668,0.7819504061237965,0.74213132020117
2022-09-02,1.305295615072965,0.7896185541494969,0.8933984770742505,0.8694612954278812,0.8104719128328013,0.7905933599269194,0.7496395318620938
2022-09-05,1.3064070847226728,0.7901207759611394,0.8938904285762341,0.8698482753645218,0.8108762501575522,0.7910054612146118,0.7500177052493358
2022-09-06,1.3087375856010923,0.7913255516294858,0.8950225328258901,0.8707764534243905,0.8117757931140543,0.7919252673582112,0.750777352979476
2022-09-07,1.2975153275250106,0.7855431808789981,0.8893524361919624,0.8658968010611885,0.807156064840302,0.7872237667200437,0.7466683397171248
2022-09-08,1.301871571474672,0.7877833464310703,0.8915534082062399,0.867806371856615,0.8089090750078822,0.7889182563574009,0.7480929570574958
2022-09-09,1.3178265390269293,0.7959163167641351,0.8998120111354998,0.8751557523955604,0.8155807559019909,0.7954202945882,0.7532318792168975
2022-09-12,1.3396794664945713,0.8062727235527107,0.9107232821578141,0.8847137887812042,0.8250634582981522,0.8047227703043042,0.7601653156387451
2022-09-13,1.32406511060916,0.79950850335474,0.9034825989384497,0.8785964174934107,0.8181097082585709,0.7977759142684775,0.7544401465479053
2022-09-14,1.3045964648094397,0.7913433263410358,0.8946036678923814,0.8710605422567661,0.8102385922984565,0.7900701328892642,0.7489495636440588
2022-09-15,1.3054569574414716,0.7916728659495444,0.8949691889172156,0.8713647620032234,0.8105087737152739,0.7903329621572293,0.7492000348534763
2022-09-16,1.297318131296837,0.7884031010570585,0.8912754389424515,0.868100876859642,0.8074481028406496,0.7873652530812352,0.7465162450860628
2022-09-20,1.2894302821698784,0.7852446138817408,0.8876287109210046,0.8647859935309526,0.8044153750575831,0.7845481860210366,0.743741338581592
2022-09-21,1.297479473665343,0.7884841406561652,0.891413042355722,0.8683008529666145,0.8075743550408707,0.7873726378863629,0.7462582879572888
2022-09-22,1.2834785414649914,0.7829448048386484,0.8847191831264011,0.8619085973762415,0.8017759243333854,0.7821913448148347,0.7421869322240091
2022-09-23,1.25821949732889,0.7731091266131531,0.8727627691312864,0.8506880638828592,0.7919116732467375,0.7735032903983529,0.734439999841378
2022-09-26,1.2586497436449058,0.7732506646599538,0.8729196193323245,0.8507996684444702,0.7919954457553439,0.7735963982558989,0.7345656036875043
2022-09-27,1.252124341185331,0.7708651854813244,0.870011932362834,0.8481655956449254,0.7898128159680553,0.771557031667352,0.7329053231366928
2022-09-28,1.2558531425908022,0.7722342777176746,0.8717025524792315,0.8497340065741443,0.7911007564045073,0.7727243861045453,0.7340719047905097
2022-09-29,1.2336596034563143,0.7641263193983225,0.8613199796086008,0.8396602695039462,0.7829082049805453,0.7653709314948512,0.7292761770231353
2022-09-30,1.235846688896062,0.7648910078744547,0.862255095659416,0.84047732654888,0.783566723104339,0.7659843944397384,0.7297813018746844
2022-10-03,1.2385357283711615,0.7658468614048077,0.8634567384322471,0.8415923994891067,0.7844593737872971,0.7668052911683094,0.7304116597015029
2022-10-04,1.2703918826861738,0.7778355694144898,0.8781966128139687,0.8559636127030577,0.7958290042597159,0.77720535072133,0.7383203546686432
2022-10-05,1.264314653472449,0.7757079264550368,0.8757706814673002,0.85386009509871,0.7936176561212068,0.7751246148622878,0.7367870238266396
2022-10-06,1.2544010612742487,0.7722606754617846,0.8717697180801853,0.8502832140280023,0.7898596260798145,0.771733417373037,0.7339415208241107
2022-10-07,1.2532895916245408,0.771873714672547,0.8713102156488383,0.8498538018012195,0.7894356498390735,0.7713571063122435,0.7336252605774588
2022-10-10,1.24758882793733,0.769873585236589,0.8688903924979056,0.8475130521185985,0.7871269097701068,0.7693616656621155,0.731845954224596
2022-10-11,1.2343049729303384,0.7651887799742351,0.8631125158829724,0.8417853417535706,0.7815897843797021,0.7647023887387826,0.7269575841134364
2022-10-12,1.2237280843282803,0.7613124325038524,0.8585147956882554,0.8372696733867327,0.7774047971778384,0.7611996499756052,0.7233351064966315
2022-10-13,1.2280484744182734,0.7630294717900686,0.8604122916618454,0.83914508904702,0.7790912865586253,0.7625757013067409,0.724689255434262
2022-10-14,1.229572263454163,0.7636423569134734,0.8610923948358824,0.8398319179602606,0.7797061388791932,0.7630794156878109,0.7251620940195918
2022-10-17,1.240579398372237,0.7682030040819189,0.8662010525224292,0.845231685655203,0.784473761034146,0.766996802059392,0.7281249113391396
2022-10-18,1.2435373417948465,0.7693786099042201,0.86757594118604,0.8466749923342273,0.7858010722912636,0.7680931553407244,0.7289506530664639
2022-10-19,1.241439891004269,0.7685405207505371,0.866563989636781,0.8455724725253654,0.7847921848218338,0.7672538734226924,0.7283660771245162
2022-10-20,1.2448280807428942,0.7698997597791588,0.8682259827999091,0.8474051296089499,0.7864560868249475,0.768624680038806,0.7293160370324848
2022-10-21,1.2494532286400652,0.7717742972489533,0.8705611213462889,0.8500347086373659,0.788827484026844,0.7705873232286893,0.7309456109123308
2022-10-24,1.2573948585565258,0.7750406725726154,0.8746757743749093,0.8547245524316498,0.7930658759145683,0.7741287317362093,0.7333371025619809
2022-10-25,1.2573052239073557,0.7749731410509767,0.8746243226218141,0.8546712964640747,0.7930052602952641,0.7740735916392004,0.7332990917549003
2022-10-26,1.2649420960166384,0.7784378290723165,0.8787512100581585,0.8593866667249024,0.7973589461396415,0.7778013940659785,0.7359163316914029
2022-10-27,1.2680972356674218,0.779864189622743,0.8804765585350348,0.8613302340368436,0.7992009713839404,0.7794000436579346,0.73695003297041
2022-10-28,1.2634362339105827,0.7777559949435666,0.8778403881684926,0.8583380905752152,0.7963767160889723,0.7769000489493302,0.7352365503879985
2022-10-31,1.2718260370728933,0.782025776112194,0.8826764637395855,0.8637840361304906,0.8014350383188958,0.7812853271609503,0.7380232099869829
2022-11-01,1.2882650317306683,0.7903500520117203,0.8922240821765886,0.8742081503480521,0.8115433545120513,0.79022985556791,0.7426293057790939
2022-11-02,1.2807177942705557,0.7867087068936942,0.8880601883216306,0.870060505344817,0.8068898534608808,0.7859494399101601,0.7405399052778494
2022-11-03,1.2886952780466843,0.7916375748554453,0.892501816254554,0.87444224480651,0.8115661630337921,0.7901554357135555,0.7433466191694255
2022-11-04,1.3149044494639874,0.8081299331433167,0.907254146098914,0.8890181686268381,0.8273443724312419,0.8046022348496734,0.7513608108258729
2022-11-07,1.3086658778817566,0.8046775344176688,0.9041860665250365,0.8863207389092741,0.8236726364041735,0.801029653206013,0.7497711320596139
2022-11-08,1.3097594206016305,0.8052555568102615,0.9047204296549821,0.8867886601584485,0.8242996737363171,0.8016093008071378,0.7500858235254371
2022-11-09,1.3080025814778988,0.804288763234639,0.9038136352879953,0.8859384033313925,0.8232503577415662,0.8006160255457947,0.7494927449096732
2022-11-10,1.3221648560467563,0.8126915589230448,0.9112557227364827,0.893035071693271,0.8318261740926175,0.8086840077074957,0.7545694005150996
2022-11-11,1.3118927252518762,0.8062308286811212,0.9059662915575682,0.8880765157699078,0.8255383691710402,0.8026189587541128,0.7518740226375
2022-11-14,1.323939622100322,0.8131971758977209,0.9121996219248497,0.8939201864221323,0.8322219772121475,0.8089712334015278,0.7558955151357815
2022-11-15,1.3211071671865504,0.8115733425029593,0.9107431309601571,0.8925566083671046,0.8305992609730103,0.8074008278841619,0.7549479024250231
2022-11-16,1.3178444659567632,0.8097062773263065,0.9090075350337294,0.8908767101462287,0.8286906320167291,0.8055961092793279,0.7539606889723468
2022-11-17,1.3170019002545654,0.8092257841044285,0.9085390441983803,0.8904075015187901,0.8281853157271052,0.8051305301528319,0.7537164384200601
2022-11-18,1.3239934028898241,0.8131813831682213,0.9124522648866475,0.8943435693879247,0.8324248149355734,0.8091004574870415,0.7570187167862078
2022-11-21,1.3224516869241005,0.8123106709582073,0.9115675254531012,0.8934473365277273,0.8314598355296633,0.8081755110532556,0.7563327749120422
2022-11-22,1.3360582266681043,0.8199219151609706,0.9195499629225876,0.901644055813187,0.8400594622654184,0.8163567189223138,0.7627940075650257
2022-11-23,1.3382811659675198,0.8211297187403201,0.9208091125856388,0.9028524140839136,0.8414712601489805,0.8177247487113564,0.7636388232353477
2022-11-24,1.338532142985196,0.8212661189847474,0.9209452775420605,0.9029805374251535,0.8416256894084565,0.8178709258675112,0.7637286938255388
2022-11-25,1.3421354558818293,0.8232467339385012,0.9231180048699495,0.9051717467985096,0.843997322902423,0.8202648262459816,0.7653419734435665
2022-11-28,1.3398587357929117,0.8219952176354874,0.9216899559829359,0.9037129294623407,0.842464794694306,0.8186734063129679,0.763881540890704
2022-11-29,1.3466709691298304,0.8257780544236386,0.9260435602296162,0.9081673272921461,0.8470584905917454,0.8233824154204916,0.7674896304590663
2022-11-30,1.3576243232584022,0.8318925291281334,0.9331491064498345,0.9153437809887123,0.8545169217846262,0.831185413433335,0.7734128797907062
2022-12-01,1.3550069915026386,0.83035595374223,0.9314681329343754,0.9136981455481327,0.852728849829824,0.8292482691728508,0.771893718055872
2022-12-02,1.3545946721164566,0.8300971097265354,0.931184199774842,0.9134189310353571,0.8524455374214015,0.8289434252682384,0.7716390235923758
2022-12-05,1.3566204151876984,0.8313127641715151,0.9325457543477536,0.9147512006173876,0.8538427048017218,0.8304443444749139,0.772629597746086
2022-12-06,1.348356100534226,0.8247787618093317,0.9267544000012287,0.9090601548205657,0.8480571131028471,0.8240458143402537,0.7688863541916325
2022-12-07,1.3425836291276791,0.8203784720200497,0.9227156342964112,0.9052229653799678,0.8443084945536159,0.8200256153910122,0.7656539345961858
2022-12-08,1.3395360510558998,0.818115093753397,0.9205422187545044,0.9031947194763477,0.8423791750985176,0.8180125733850473,0.7641616932879246
2022-12-09,1.3403248359685958,0.8186913966459091,0.9211050349814456,0.903721079298427,0.8428770781796537,0.8185191228368198,0.7645503723531174
2022-12-12,1.3348391954393928,0.8142027889287587,0.9169621735182806,0.8998530461952634,0.8393080497945018,0.814818093297928,0.7619728609821219
2022-12-13,1.3450396185149367,0.8229031709079806,0.9247425356412392,0.9069761868927627,0.8457859417583866,0.8213039561090142,0.7673806283689099
2022-12-14,1.343784733426557,0.8217758308858918,0.9237939995876212,0.9061234133495911,0.844973354074556,0.8204614079360018,0.766819456197778
2022-12-15,1.3312896633322613,0.8106416988487349,0.9141688908955622,0.8976173832470808,0.836790081512689,0.8120533194741874,0.7618750410374561
2022-12-16,1.3144204223584706,0.7971493661242255,0.9018166594306767,0.8872524112249628,0.8273042345979517,0.8023812005169618,0.7544535595388497
2022-12-19,1.3196550858699976,0.8006352841887113,0.9052339812060779,0.8899466986134312,0.8296373654438297,0.8047746800680798,0.7564615739398075
2022-12-20,1.3213222903445594,0.8017765311721184,0.9063494992386779,0.8908442059580175,0.8304213819680537,0.80557862119038,0.7569797254635826
2022-12-21,1.344035710444233,0.8173795508067485,0.922110294083054,0.903899648215379,0.8417407495809133,0.8172109907695398,0.7654943726424043
2022-12-22,1.339016170090714,0.8142888162979901,0.919082269671479,0.9015148861747526,0.8392043739027786,0.8145384056809422,0.7638610270622086
2022-12-23,1.339679466494572,0.8146833597114512,0.9194731253673,0.9018200416932931,0.8395390883250448,0.8148758974070954,0.7640718644673605
2022-12-28,1.3440177835143992,0.8172845266546789,0.9221577618159379,0.9040321751853939,0.8418416008826629,0.8172136125161492,0.7661682018636258
2022-12-29,1.3467964576386686,0.8189465164257825,0.9239167189848535,0.9055138566113097,0.8433628197541411,0.8187673925634864,0.7671745818085626
2022-12-30,1.3358610304399308,0.8124037102613281,0.9167456246631475,0.8993004400722464,0.8371214756227804,0.8123271486000144,0.762688377862702
2023-01-03,1.3542182065899433,0.8231273785140637,0.9285757258812688,0.9093828363854801,0.8467347158116703,0.821907787127153,0.7708901517776073
2023-01-04,1.3597934817683162,0.8261479927241115,0.9318342674986161,0.9120413416295251,0.8497030403781033,0.8249198378662315,0.772506837369081
2023-01-05,1.3684521888781367,0.8308439007444992,0.9370477335934093,0.9164180980468433,0.8544631944902084,0.8297925931000225,0.7762626564628615
2023-01-06,1.3802839625685743,0.837140520960021,0.9442213333324231,0.9225313103678633,0.8611528581275085,0.8367097677206692,0.7807020889450094
2023-01-09,1.3848374027464094,0.839482682250289,0.9469369513641925,0.9248475200817313,0.8637768319616987,0.8394578785112906,0.7822197810091153
2023-01-10,1.3793876160768745,0.8365989077727439,0.9435909487738733,0.9219198336104394,0.8605303259132724,0.8360105788288963,0.7804076852876096
2023-01-11,1.3848553296762434,0.8394903160863026,0.9470012318541261,0.9249263981125565,0.8637809925377176,0.8393357563683179,0.783094423167569
2023-01-12,1.397224911261701,0.8460517216972663,0.9548852952001281,0.9319762275950737,0.8713019686281431,0.847180285090805,0.7896442273846873
2023-01-13,1.4062063031085332,0.8506940758473536,0.9604810919840331,0.9368876233817925,0.87685714744905,0.8531091112954214,0.7947835306826659
2023-01-16,1.4090746118819728,0.8521898497501221,0.9622757935435178,0.9384688149788838,0.8786581393868274,0.8550661363596911,0.7962580666587092
2023-01-17,1.407443261267079,0.8513209887092484,0.9612124545730159,0.9375069742981167,0.8776010896727796,0.8538829649130684,0.7954447365935272
2023-01-18,1.4038040945107777,0.849394484337495,0.9587832222875067,0.9352907866863732,0.875222384152561,0.8512631667434749,0.7937760867433237
2023-01-19,1.3888530350292245,0.8409880786972744,0.9485868052325467,0.9259640786636998,0.8654794408628069,0.8408120799715576,0.7846626978579504
2023-01-20,1.3930300096805457,0.8433972517104862,0.9512599278525595,0.9282399250032884,0.8676107734876697,0.8430489464730402,0.7866583272133697
2023-01-23,1.3955577067871392,0.8448638564247567,0.9529214312484664,0.9296867702312037,0.8689835994984334,0.8445044931480353,0.7880855344935854
2023-01-24,1.390663654942458,0.8420215153429436,0.9495762818577375,0.9267133521878752,0.8662048662413598,0.8415182135713803,0.7855197493784152
2023-01-25,1.3884227887132086,0.8404922780215845,0.948007966275763,0.9253196436916022,0.8649274401196048,0.8401897973088907,0.7845606020130995
2023-01-26,1.3913269513463162,0.8424243855860265,0.9500721537842869,0.9271619370375238,0.8666099002118284,0.8419038268578504,0.7857729604108458
2023-01-27,1.39206195546951,0.8429151374646506,0.9505989560541999,0.927632766931816,0.8670386256031386,0.8423393977894373,0.7860913426482994
2023-01-30,1.3955935606468073,0.8452769723869854,0.9532609080008716,0.930024408409778,0.8691915925749851,0.8445831137142401,0.7880072323485187
2023-01-31,1.3932272059087196,0.8436943132356036,0.9514082013836849,0.928369330337902,0.8677014594757154,0.8429913851412243,0.7868419197987669
2023-02-01,1.3913269513463162,0.8422939231759636,0.949874180771529,0.9270124577404123,0.866490456604669,0.8417288988335957,0.7859991422555391
2023-02-02,1.4019217668782082,0.8509490128249635,0.9585712502993415,0.9346585043209897,0.8732994144373294,0.8488012650650474,0.7908688863703216
2023-02-03,1.4165501416227497,0.8625959063122655,0.9702216249554327,0.9444588443662886,0.88282776816784,0.8589459620379037,0.7978559952444124
2023-02-06,1.404879710300818,0.8537398239509797,0.9615291824110872,0.9374373515637154,0.8751556465466971,0.850485504995852,0.7932815123827069
2023-02-07,1.409899250654337,0.8573831048876875,0.9651234972558549,0.9402754597130866,0.8779925791127532,0.8534604665076329,0.7951513928062702
2023-02-08,1.4135742712703063,0.8600612781589603,0.9678092884665488,0.9424252171167473,0.880156338940386,0.855770772105101,0.7965788747604027
2023-02-09,1.4182352730271455,0.863519758247907,0.9713017031289556,0.9452439770168165,0.8829522860339883,0.8588409105365196,0.798385870449048
2023-02-10,1.4130902441647886,0.8596741168865843,0.9673397358971185,0.9420137557273662,0.879779189638045,0.8552802280030588,0.7964292617607989
2023-02-13,1.4247606754867204,0.868758990423134,0.9764482505342166,0.9494256898870495,0.8868980545781454,0.8629116986014161,0.8012503991234333
2023-02-14,1.4258900720662622,0.8696072737186218,0.977281646651513,0.9500801491872268,0.8875912182752371,0.8636637733922532,0.8017289218586275
2023-02-15,1.4337599942633867,0.8756254648733087,0.9833905489509982,0.95500058015624,0.8925598924731009,0.8692123117489374,0.8053851412814966
2023-02-16,1.436395252948984,0.8775960814624125,0.9854438612311763,0.9566483353762184,0.8942453911065383,0.8711279447427731,0.8064847911508695
2023-02-17,1.4349431716324303,0.8764850216026282,0.9842649419751703,0.9556909653459208,0.8932901038275571,0.8700062507468741,0.8057588754520463
2023-02-20,1.4367179376859962,0.8779733285524898,0.985712170491891,0.9568639533858224,0.8944568955781899,0.8713609494420042,0.8065799731200988
2023-02-21,1.4301746082965874,0.872118392816983,0.980133665921983,0.9523373360892279,0.8900703275954058,0.8661624929494306,0.8036025867593362
2023-02-22,1.421713097414941,0.8648656235417165,0.9729046853843508,0.946578561896693,0.8846094745328144,0.8599962728825177,0.7995676683445717
2023-02-23,1.4176078304829558,0.8614645804857564,0.969436523434081,0.9438698529230648,0.8821019514779804,0.8572870067897856,0.7979250809551137
2023-02-24,1.4124090208310969,0.8572227022766845,0.96495127870635,0.9403943415309636,0.8789432041594052,0.8539969109714961,0.795107494528445
2023-02-27,1.4225198092574711,0.8652679432061698,0.9737558026975892,0.9471704029378282,0.885041417449328,0.8601068970061106,0.7999755697813431
2023-02-28,1.4119787745150811,0.8571625852325114,0.9648167272973914,0.9404029081238726,0.8785560321199423,0.8534363501376342,0.7954749723637774
2023-03-01,1.4188985694310037,0.862113166623625,0.9704538741184189,0.9445859289436865,0.8824074022455479,0.8572562454055436,0.7979719061562336
2023-03-02,1.424115306012697,0.8658293176336334,0.9747375195935488,0.947786698342355,0.8854083543563307,0.8602814244308112,0.7999659296203837
2023-03-03,1.424671040837551,0.8662247110747985,0.9751924323783081,0.9481257924012839,0.8857267731203987,0.8606016734032285,0.8001578588460765
2023-03-06,1.4215696819762693,0.8639043445302789,0.9725028578437105,0.9460805275385509,0.883833229751548,0.8586262148878848,0.7990881880468754
2023-03-07,1.4197232082033677,0.8623493344913228,0.9708579814453934,0.9448325983480108,0.8826933348550581,0.8574660472541638,0.7982797538954858
2023-03-08,1.4215876089061033,0.8639528405241754,0.9725322224973303,0.9461021737894737,0.8838514284456452,0.8586421816101784,0.7990386337031196
2023-03-09,1.412642070918939,0.8558937427904604,0.9641547801367065,0.939777004120868,0.8781421258779613,0.8527374336663487,0.7946826424129685
2023-03-10,1.3890502312573991,0.835683462292176,0.9426998041637616,0.9238989594466404,0.8640270763860772,0.8385352720329251,0.7834584068715646
2023-03-13,1.3532322254490738,0.8117509650385881,0.9177325854305736,0.9063856427452438,0.8491368624737642,0.8224598534871095,0.7702571499402394
2023-03-14,1.369097558352161,0.8192060620537361,0.9253319337884787,0.911636262173131,0.853469424018657,0.8274332161006788,0.7756012042479153
2023-03-15,1.3166433616578865,0.7949763259548756,0.9003982621177837,0.8936740735044796,0.8380186569904974,0.8098001649652539,0.758712782250355
2023-03-16,1.3283855006991545,0.7987814944154639,0.9042151565373796,0.8963662808047388,0.8402363551213821,0.8124651331261736,0.7624050893906087
2023-03-17,1.315012011042993,0.7944226112391642,0.8997024862274701,0.8929874870304794,0.8374536170510466,0.809147857963945,0.7582684507860807
2023-03-20,1.3272919579792808,0.798436803880768,0.9039081996830236,0.8962804996296625,0.8401223083892353,0.8121393926171852,0.7611086914303529
2023-03-21,1.3510092861496585,0.8059235229339151,0.9121076148883066,0.9030223267458725,0.8456034333808364,0.8182591744789388,0.7653785121805879
2023-03-22,1.3564949266788615,0.8075146000619436,0.9139255101053844,0.9045505596510373,0.8469296284027028,0.8197431288899784,0.766411326272579
2023-03-23,1.3444480298304158,0.8040182715532518,0.9098075459805184,0.9008995288189522,0.8437908859946772,0.8162532074491795,0.7640109208285651
2023-03-24,1.3275787888566248,0.7991219473936947,0.9039350991367074,0.8955032869493255,0.8392388684501872,0.8114873078813861,0.7606708375176249
2023-03-27,1.3394643433365647,0.8025432466632664,0.9080876002339975,0.899375217130192,0.8424524781646188,0.8146591019454553,0.7636369413094413
2023-03-28,1.3417052095658144,0.8031697711112961,0.9088751208017732,0.9001280205099279,0.843082835671472,0.8152825855308551,0.7643005199768653
2023-03-29,1.3560467534330118,0.8072413175877199,0.9140812526391703,0.905395260696184,0.8474442289276211,0.8195750923928554,0.7693073646154479
2023-03-30,1.3661037610698838,0.8100224169775835,0.9177376473774259,0.9091481174553735,0.8506653826540451,0.8227459187464368,0.7730491655825623
2023-03-31,1.3681295041411254,0.810577106794737,0.9184809061273033,0.9099264427106425,0.8513401693797088,0.8234094728179384,0.7739031452552633
2023-04-03,1.375533326162566,0.8126113703174254,0.92128883947588,0.9130134789523411,0.8539896670465067,0.8260036619505071,0.7770786194999806
2023-04-04,1.3686314581764774,0.8107307641751847,0.9186017570122957,0.90995567090166,0.8513583150027265,0.8234323708365678,0.7742457899465923
2023-04-05,1.3737227062493322,0.8121186670703314,0.920625432680805,0.9122945065953842,0.8533468818736178,0.8253001060119566,0.7763719788927913
2023-04-06,1.3878312000286877,0.8159422580459783,0.9263892933421486,0.9191540322288647,0.8591543310499213,0.8307393457163242,0.7824897907219037
2023-04-11,1.39573697608548,0.8180354428753094,0.929612211485984,0.9228768046751515,0.8625398575988962,0.8339323558869575,0.7857254651313514
2023-04-12,1.402746405650573,0.819884846631974,0.9325189719285436,0.9263664846085191,0.8658352947546933,0.8369786534003589,0.7886807659526084
2023-04-13,1.4060808145996964,0.8207861952384133,0.9339275974744605,0.928088676772694,0.8674745598589725,0.8384975230568581,0.7898579794063386
2023-04-14,1.4111899896023854,0.8223190385948793,0.9361497020996763,0.9308858091855633,0.8701087390136656,0.8409541566591056,0.7920313292657503
2023-04-17,1.4125524362697692,0.8227365712455527,0.9367515260502597,0.9316526234095298,0.8708287608013989,0.8416291070342999,0.7925853958234711
2023-04-18,1.417912588290134,0.8252540217527863,0.9392155452816845,0.9348807653044959,0.8738159908421804,0.8444676825628972,0.794867704921101
2023-04-19,1.4160123337277304,0.8242970259344361,0.9383086291511157,0.9336863046134114,0.8727051539326912,0.8433913823393523,0.7939596119179093
2023-04-20,1.4166935570614225,0.8246372028249872,0.9386304706555685,0.9341097161562562,0.873098410514569,0.8437707306106672,0.794272790977698
2023-04-21,1.4187551539923322,0.8257676684683407,0.9396560604411618,0.9354799499662799,0.8743446354726794,0.8449758559958339,0.7954018369699944
2023-04-24,1.4184145423254861,0.8254893820849852,0.939468843008343,0.9352283435886312,0.874121019725818,0.8447464935172065,0.795156099532502
2023-04-25,1.4146319601305128,0.8230825577752616,0.9374370465503815,0.9325104075144179,0.8716946215627607,0.8422978952550563,0.7934498883193092
2023-04-26,1.4077300921444242,0.8182785628230334,0.9336367039017804,0.9275537217223431,0.8672891970301854,0.8379514502122912,0.7904273180085213
2023-04-27,1.4039654368792849,0.8150479461598875,0.9315234126394804,0.924929851802666,0.8649721131331869,0.8357224279092934,0.7884892804865196
2023-04-28,1.4109569395145436,0.8209514547522178,0.9355325366427024,0.9298142484869044,0.8692624273792589,0.8397417082361996,0.7915734312121724
2023-05-02,1.3934602559965628,0.8062412975710049,0.9253080852407314,0.917799657181245,0.8583083321759303,0.8292247257399757,0.7835660099774312
2023-05-03,1.3962210031909983,0.8081585004443225,0.926809091137873,0.9191889481610819,0.8594960082256348,0.8304422629486614,0.7846344210768551
2023-05-04,1.3808396973934292,0.7965733184952803,0.9180628820862238,0.9103848724757057,0.8518982036889441,0.8227793675486699,0.778024549028496
2023-05-05,1.3944283102075985,0.8054562070263797,0.9255007531938159,0.9172444824006776,0.8577132880584563,0.8285112965522571,0.7843288137254463
2023-05-09,1.3918647592413371,0.8038245212392673,0.9241165196416642,0.915980926760182,0.8565469843495065,0.8273522725515824,0.7830763672574294
2023-05-10,1.3877774192391858,0.8011968766363403,0.9218441197982106,0.9138325420137534,0.8546038541653321,0.8254793793538122,0.7812667124644361
2023-05-11,1.3858592377469483,0.7999703877343844,0.9207440918553771,0.9127646493274559,0.8536544756497079,0.8246006526469553,0.7803892123157959
2023-05-12,1.3901617009071074,0.8029144456048671,0.9232511730748503,0.915230384369071,0.8558359992509872,0.8266189793695807,0.7820217469359173
2023-05-15,1.3943028216987605,0.8058382606772299,0.9257257847859912,0.9177041386433726,0.858031572454155,0.8286640479314371,0.7839374944341537
2023-05-16,1.3895342583629173,0.8023921911094093,0.9227816901597504,0.9147177702993421,0.8553678813280602,0.8261461334716654,0.7817036689437048
2023-05-17,1.3845326449392321,0.7987930123202389,0.9196229598349847,0.9115327336015686,0.8525565248908166,0.8235668302098169,0.7793294901351153
2023-05-18,1.3879566885375254,0.8012754589288134,0.9218165962503061,0.9137303512142546,0.8544876724638101,0.8252842612866821,0.7810933057275704
2023-05-19,1.3905740202932888,0.8031597876778467,0.9235335900185818,0.915451881328567,0.8560023827979891,0.8266528632964151,0.7823230753940608
2023-05-22,1.3931017173998825,0.8050029924862271,0.9252377808901535,0.9171639587237796,0.8575107508796906,0.828041148405973,0.7835209262879776
2023-05-23,1.3916675630131627,0.8039563751142184,0.9242220467108936,0.9161476995935343,0.85661378672414,0.827185194834135,0.782828997460193
2023-05-24,1.3673048653687614,0.7862118179207285,0.9066649524654595,0.8986869733832512,0.8412403435457043,0.812593861787041,0.7695195616793493
2023-05-25,1.357229930802055,0.780195284405019,0.9006502261665403,0.8939165735260574,0.837240299241087,0.808341734191406,0.7654488192072256
2023-05-26,1.3673227922985953,0.7860172103632227,0.9065744780915092,0.8985999105554787,0.8411125143683218,0.8122214212579099,0.7704961303810101
2023-05-30,1.348481589043065,0.7756617975179767,0.8955490292820342,0.8896784351024168,0.8334260743603841,0.804517825600024,0.7617983077942821
2023-05-31,1.3348571223692276,0.7686793252905098,0.8881270980533938,0.8839014253165556,0.8285750455004093,0.799752392430377,0.7555023733522158
2023-06-01,1.3427808253558542,0.7725991082365419,0.8923347217534682,0.8872160340268684,0.8313151115472712,0.8022979263317076,0.7594187073441051
2023-06-02,1.3637553332616301,0.7829193723482456,0.9036235719395492,0.8964595300978614,0.8390752985026334,0.8095126648088832,0.7700247546744325
2023-06-05,1.3624466673837483,0.7822994041141007,0.902947513284529,0.8959151402574631,0.8385597587306056,0.8090237871160461,0.7693590756258789
2023-06-06,1.3674841346671014,0.7845988180285629,0.9055061166049184,0.8980395242048815,0.8406166901067158,0.8109376625014646,0.7718611968207478
2023-06-07,1.3668029113334095,0.7842656944778779,0.9051417542706773,0.8977064144573504,0.8403007244797879,0.8106446496616482,0.7715020170424525
2023-06-08,1.3623928865942463,0.7820589981786967,0.9027554525591419,0.8955027871368366,0.8382356887433602,0.8087384518564601,0.7691221383863401
2023-06-09,1.3557061417661656,0.7787426056242098,0.8990498053413408,0.8919890157547603,0.8350003417325416,0.8058558572468645,0.7661557582526313
2023-06-12,1.3571940769423871,0.7794752290291348,0.899880891007806,0.8927797548657768,0.8357217991412857,0.806474128022769,0.7668557445880283
2023-06-13,1.3615144670323804,0.7816021451722808,0.902375863215778,0.895229168563486,0.8379159756673871,0.8083835270349217,0.7689943115940907
2023-06-14,1.3629306944892663,0.7822989538264713,0.9032079163048796,0.8960557287819259,0.8386566349734312,0.8090309360282615,0.7695512897581404
2023-06-15,1.3675199885267695,0.7845675304011028,0.9060072503534194,0.8988971762762331,0.8411908016068099,0.8112789395467322,0.7718034777130123
2023-06-16,1.370101466422865,0.7858349947825657,0.9076157662852892,0.9005348157127624,0.842659881632381,0.8126014563708085,0.7730937257505057
2023-06-19,1.3603850704528389,0.7810525661359803,0.9013374176999267,0.8941082783640164,0.8368954532705419,0.807284505707442,0.7684784540627356
2023-06-20,1.3569430999247116,0.7793757612534675,0.899128442840589,0.8919628580363425,0.8350014507226358,0.8055599484682683,0.7666858756395458
2023-06-21,1.355132480011478,0.778492241294216,0.8979255334603086,0.8908042740868548,0.8339895830732657,0.8046680305294823,0.7657143707742615
2023-06-22,1.3448782761464317,0.773470320327465,0.8909627019909817,0.8840683284873312,0.8281128428681059,0.7994747636402433,0.7604868088666306
2023-06-23,1.337689577282999,0.769999898799449,0.8861591334452014,0.8796918546862298,0.824338379380937,0.7961584250195181,0.7571203380291047
2023-06-26,1.3362016421067775,0.7691433046978701,0.8851547557558435,0.8787969002341598,0.8235697539056689,0.7954936309084428,0.7564634151447989
2023-06-27,1.3376178695636631,0.7699278383157772,0.8861225611915612,0.879666029968859,0.8243134512475404,0.7961272878926641,0.7571183307374326
2023-06-28,1.3446093721989216,0.7739919971396911,0.8911010772583106,0.8842090529671159,0.8281960283473122,0.7994747069792008,0.7605252084425566
2023-06-29,1.3394464164067306,0.7706127463616588,0.8873870182204892,0.8808819347618809,0.8252223250024519,0.7968457241281148,0.758010554227264
2023-06-30,1.3501667204474606,0.7780489584723469,0.8952149024741164,0.8878044430682058,0.8313497282346728,0.8021243739545111,0.7637531585333537
2023-07-03,1.349413789394433,0.7775247721875969,0.8946656436336181,0.8873217403401238,0.8309050448280513,0.8017185328922705,0.7633482668606371
2023-07-04,1.348051342727049,0.7762233584518631,0.8936511036188026,0.8864457552771272,0.830077270488244,0.8009709245737174,0.7626567320373193
2023-07-05,1.3341400451758678,0.7642079324476614,0.8831208304984791,0.8773447648953889,0.8215360166323046,0.79325732259304,0.7562551132252577
2023-07-06,1.3051701265641291,0.7406607693753644,0.8627104802073172,0.8611518531128072,0.8071393771864179,0.7798274648372218,0.7441212964214653
2023-07-07,1.300939371123306,0.7381192503714479,0.8603592825793096,0.8594691821357169,0.8057168592299436,0.7783594221171198,0.7422363394569945
2023-07-10,1.3039690222652516,0.739826456855485,0.8619953722829318,0.8606636663402383,0.8067026016605731,0.779368680975841,0.743689422299795
2023-07-11,1.3055286651608091,0.7406972091763953,0.8628558376988742,0.8613208042158206,0.807240784713814,0.7799117025350029,0.744463637702157
2023-07-12,1.329479043419029,0.7541001723664731,0.8766186882905007,0.872617066281642,0.8163870505792141,0.7890352895076526,0.7547280305051576
2023-07-13,1.3337994335090222,0.7560464095071155,0.8787283666438097,0.8741907785299114,0.8180682063881264,0.7907504746029971,0.7565642187840759
2023-07-14,1.3327955254383184,0.7555808251731186,0.878205075816993,0.8737541999221808,0.8176303879512105,0.7903077584744338,0.7561483217090844
2023-07-17,1.3277401312251311,0.7532228564258888,0.8755225452042551,0.8714549765405131,0.8153595614867236,0.7880421902049247,0.7536027687711845
2023-07-18,1.3362195690366117,0.757183304539679,0.8801058296175204,0.8755025505085374,0.8192701643972972,0.7917795988345866,0.7577848576605628
2023-07-19,1.360331289663337,0.768329156061811,0.8932675625214923,0.8873794509041057,0.830943642384989,0.8029690633262405,0.7691833363975281
2023-07-20,1.3707109820372212,0.7725288661424584,0.898234706840335,0.891344406160909,0.8359024693212112,0.8079713439125834,0.7729812140469772
2023-07-21,1.3738661216880044,0.7737884816294488,0.899761917360557,0.8926123096490344,0.8374577448822701,0.8095532496802053,0.7742458113486195
2023-07-24,1.3765372342332698,0.774875676018345,0.9010837741117017,0.8937665734654299,0.8388332419569611,0.8109580714534886,0.7754068735042801
2023-07-25,1.3789035889713572,0.7758536228482417,0.9022875734286863,0.8948709411354209,0.8401039230423142,0.8122630116908202,0.7765111549786574
2023-07-26,1.3762324764260916,0.7747426030720576,0.9008662357086746,0.8934774594870606,0.8385826882129629,0.8106791622956863,0.7753413457617533
2023-07-27,1.3790828582696972,0.7759224860341141,0.9024058040521459,0.8950076581396528,0.840220873393003,0.8123510725948445,0.7766159546341213
2023-07-28,1.3793517622172073,0.7760329489045955,0.9025453745447657,0.8951412451029129,0.8403691676622448,0.8124975808190842,0.7766883348562654
2023-07-31,1.3802660356387408,0.776414284392092,0.9030607753229574,0.8956736482235645,0.840916633652108,0.8130647684252907,0.7770785356070453
2023-08-01,1.374332221863688,0.773878119029776,0.899518421061298,0.891896221396588,0.8372029013130248,0.8090744782768362,0.7742809657081295
2023-08-02,1.3555627263274934,0.7659327211316781,0.8881293404020698,0.880051808816723,0.8258711013264955,0.7974080305924838,0.7645126297421159
2023-08-03,1.3497544010612783,0.7636081958769518,0.8848576523178596,0.8771321471515222,0.8232765954373739,0.7946511903236402,0.7620472599477363
2023-08-04,1.356064680362845,0.7661849975390277,0.8884422762073432,0.8803297677987647,0.8260536684765231,0.7974549066068044,0.7637077448742461
2023-08-07,1.3542899143092795,0.7652217112445175,0.8874073305843877,0.8793758938335237,0.8252084977134999,0.7966044963921921,0.7630433751756972
2023-08-08,1.3494317163242664,0.7627412018209038,0.8844957838406556,0.8766227743879131,0.8228039555197714,0.7942396777697001,0.7612267853039564
2023-08-09,1.3601699472948305,0.7681363025472208,0.8910430221838965,0.8828407876751357,0.8282082549381008,0.7993557121431918,0.7651712307631356
2023-08-10,1.3657810763328715,0.7708983873522792,0.8944247507536149,0.8859276696517875,0.831116224155929,0.8021451730079681,0.76746929416538
2023-08-11,1.3488580545695785,0.7611586163806778,0.8840059303701769,0.8762411673980047,0.8219630633127114,0.7932596566784953,0.7596609913454648
2023-08-14,1.3458104764977992,0.7595457099503518,0.8822267876960745,0.874711049978627,0.8205875001158551,0.7919000267776304,0.7579702722414103
2023-08-15,1.3247284070130192,0.7486776373606658,0.869754813565338,0.8638421380692154,0.8110961791008581,0.7827956544864225,0.7475519182734718
2023-08-16,1.318866300957302,0.7459363966840696,0.8666055425194106,0.8613309901674673,0.8089711172082427,0.7806951100318188,0.7448838467519064
2023-08-17,1.3104944247248256,0.7420190619961413,0.862062415100259,0.8575812223404097,0.8058518534109901,0.7777647336418914,0.7408296204895113
2023-08-18,1.3019253522641752,0.7372008175497619,0.8573681567264001,0.8536112643261242,0.8025766187052384,0.7748274387487144,0.7364018628825719
2023-08-21,1.3011007134918113,0.7367027985767014,0.8569101216880874,0.8532118206494048,0.8022505474444626,0.7745460003620217,0.7359905531056012
2023-08-22,1.303431214370231,0.7380736161107536,0.8582260150932697,0.8543802773132898,0.8032046009808504,0.7753589711805197,0.7370936229050297
2023-08-23,1.3123408984977272,0.7433386765627602,0.8634367263234028,0.8592159452629556,0.8071407404889397,0.7787013966594833,0.7412346272580671
2023-08-24,1.314689326305981,0.74464871221929,0.8648142002057325,0.8604883271742836,0.8082209041539468,0.7796235294236736,0.7423497774932536
2023-08-25,1.3155856727976807,0.7451463753426191,0.8653442877544519,0.8609819335364312,0.8086450394356983,0.7799867799398424,0.7427654681396884
2023-08-29,1.3382453121078524,0.7578978495277036,0.8794430619943479,0.8746706379411812,0.8203331238074558,0.7900934478048113,0.7540431200535268
2023-08-30,1.33980495500341,0.7585664523967034,0.880226788165826,0.8752444072297437,0.8211287652036102,0.7908092573248653,0.7548149155450382
2023-08-31,1.3336022372808471,0.7556611680240685,0.8767745203059772,0.8722694468900999,0.8177963640340741,0.7877269051950783,0.7521397802011506
2023-09-01,1.3381556774586822,0.7577932950989572,0.8793433370334977,0.8745242182726279,0.8202126579970711,0.7898757858771317,0.7545361130487563
2023-09-04,1.3360582266681047,0.7567242001664037,0.8781193070972283,0.8733993972328541,0.8190416957047426,0.7888115874225364,0.7533352413990875
2023-09-05,1.333387114122839,0.7553786999528611,0.8765142448182329,0.8718846722455875,0.8175112508441912,0.7874451660430731,0.7519843903333185
2023-09-06,1.3312717364024276,0.7542959212204843,0.8752044162930402,0.8706249200539742,0.8162722925769963,0.7863550459011696,0.750973809496588
2023-09-07,1.3340683374565308,0.7557213727299459,0.8769598451662056,0.872322462980364,0.8179276965254931,0.7878109855450752,0.7522450833854589
2023-09-08,1.3406116668459396,0.7590571679712989,0.8811992176845715,0.8764703712104829,0.8219105266057858,0.7913798281019649,0.7553128559669124
2023-09-11,1.3439640027248971,0.7607961609963334,0.8833989504566621,0.8785901327970512,0.8239837128216017,0.7932853088810455,0.7570229049587629
2023-09-12,1.3494496432541003,0.7636714271589666,0.8870906512822835,0.8821291959488423,0.8274272849537128,0.7965323767860935,0.7596755078018604
2023-09-13,1.3491807393065904,0.7634925991327832,0.8868981391504518,0.8819530749467693,0.8272502827035267,0.7963481954454928,0.7595100523497722
2023-09-14,1.3755512530923995,0.7784272495452659,0.9055622119727857,0.8996154810073881,0.8442969102589689,0.8132837899465818,0.7732508137868582
2023-09-15,1.3824172672188202,0.7821671229261398,0.909313416828913,0.902371734037594,0.8484256031907549,0.8178827567156578,0.7760666148182926
2023-09-18,1.371930013265932,0.7763135932962377,0.9033278189668712,0.8976139496740164,0.8419566375794993,0.8105301523322469,0.770814804935501
2023-09-19,1.373238679143814,0.7770278836779222,0.9040713545696306,0.8982103943160257,0.8426193670824846,0.811222310454101,0.7714234908546548
2023-09-20,1.3860564339751218,0.784406249513469,0.911577175070752,0.9045296344300422,0.8498363829995185,0.8190545164191911,0.7773756671634018
2023-09-21,1.3765372342332698,0.7790117401420581,0.9061088210114224,0.8999490830203141,0.8443744549122575,0.812949904215524,0.7733455400913429
2023-09-22,1.3774873615144714,0.77949942867188,0.9066546545017716,0.9004076821723143,0.844848291904409,0.8134255802603475,0.7737616555919292
2023-09-25,1.3667491305439075,0.7736952246041868,0.9002695065368318,0.8947740266038471,0.838914503573495,0.8071395089828177,0.7692777100466098
2023-09-26,1.3670538883510852,0.7738321871777742,0.9004460729322795,0.8949215145044433,0.8390341243322443,0.8072434032117284,0.7693818142573119
2023-09-27,1.3612276361550362,0.7708490543433638,0.8968915545446651,0.8917180277527345,0.8359552523573057,0.8041180808526741,0.7667642546936466
2023-09-28,1.362787279050594,0.7717086632068584,0.8978500185636977,0.8925829801772645,0.836776669544255,0.8048994077609344,0.7673148356048474
2023-09-29,1.3638987487003018,0.7723547792825238,0.8985466601114646,0.8932197374686905,0.8373717171024588,0.8054778489743064,0.7677572670250745
2023-10-02,1.3464379190419888,0.7619793012222933,0.8870432016288955,0.8823761638607915,0.8274367699884592,0.795673291682861,0.7599656645646818
2023-10-03,1.33917751245922,0.7580764338858332,0.8826273460668219,0.878665746645083,0.8241999593827369,0.7923906201410518,0.757732598153519
2023-10-04,1.328833673945004,0.7526527970210029,0.8763085925652718,0.8733362332284215,0.8196365875498298,0.7879932459563976,0.7530890416900009
2023-10-05,1.3358251765802627,0.7562014560367245,0.8805372658586179,0.8768711315742925,0.8226256319098654,0.790730239552932,0.7553845005110605
2023-10-06,1.3435516833387153,0.7600787885584881,0.8852666667254698,0.8809045618973241,0.8261089834305224,0.793937882107203,0.7582645117633533
2023-10-09,1.3431214370226994,0.7598611922796091,0.8849974831840698,0.8806671459390807,0.8258882889787185,0.7937322934620756,0.7580727123768118
2023-10-10,1.3675020615969349,0.7720654814215271,0.9005152597436754,0.8944796337345797,0.8380770161851583,0.8049820116077878,0.7687686016406183
2023-10-11,1.3660320533505472,0.7713791364520282,0.8996565178932702,0.8937637379193191,0.8373449123316511,0.8042556863343508,0.768138468537276
2023-10-12,1.3704779319493783,0.7733336486268331,0.9021135716894081,0.8957535038437523,0.8396318148709873,0.8064554001062814,0.770191220375518
2023-10-13,1.362374959664412,0.7697796259183354,0.8974939514891779,0.8918239427251555,0.8352742596660461,0.8022237003007224,0.7661787869182148
2023-10-16,1.3679323079129508,0.7725558073428305,0.9006867955328837,0.8945663379337377,0.8381353904747088,0.8048852660932713,0.7688581569505657
2023-10-17,1.3759277186189132,0.7766328368263157,0.9053724104914439,0.8986925093926726,0.8424039046465506,0.8089211355010667,0.7730743180612861
2023-10-18,1.360295435803668,0.7685798290439865,0.8961078052306752,0.8904436628322056,0.8337846874966595,0.8006091980903209,0.7661722281339548
2023-10-19,1.344430102900581,0.7608722939351908,0.8871174879556278,0.8828519698155545,0.8265694241788909,0.7935727987160053,0.7582797566443523
2023-10-20,1.3269692732422682,0.7524411898988589,0.8776423978680916,0.8750868640543035,0.8195965971353362,0.7868883938978601,0.7502979153111229
2023-10-23,1.322075221397587,0.7501647584357236,0.8751059522978019,0.8730480276522244,0.8178279326744173,0.7852206033670305,0.7478829859570261
2023-10-24,1.3247463339428525,0.7514014474812047,0.8765065652878709,0.8742097589051201,0.8188197215833173,0.7861246183469486,0.7491872923773387
2023-10-25,1.3291563586820156,0.7534603335725683,0.8788897168468698,0.8762853742880562,0.8205727094831156,0.787700765553198,0.7512757534177211
2023-10-26,1.3184539815711196,0.748498490845547,0.872928876583902,0.8708702045500538,0.8160004128024709,0.7835987392146729,0.745908045572094
2023-10-27,1.3071062349861997,0.7433063503447821,0.8666394275596377,0.8652313877779845,0.811280018896989,0.7794960876990253,0.7409027686523239
2023-10-30,1.3135778566562726,0.7462189392717611,0.8701930684247485,0.86836944132417,0.813882430490755,0.7816858346095279,0.7438752106310713
2023-10-31,1.3125560216557348,0.7457612927018429,0.8696155023063927,0.8678381180768031,0.8134297678512246,0.7813024511497163,0.7433802282198854
2023-11-01,1.3162668961313722,0.7474797762231777,0.8717429554529461,0.8698167563513435,0.815090517608876,0.782697913741933,0.7451535367571137
2023-11-02,1.334928830088563,0.7562120786574621,0.8827695146585741,0.8803294734126142,0.8239434795313523,0.7901661737639492,0.7529219650336484
2023-11-03,1.3297658742963718,0.7539258915660247,0.8799305320734029,0.8778442362450918,0.8214224809752656,0.787965867208744,0.7508113191662602
2023-11-06,1.329783801226206,0.7539324154291652,0.8799321556275926,0.8778362237313118,0.8214251674573915,0.7879705541238412,0.750805957236187
2023-11-07,1.3283855006991543,0.7533014757790935,0.8791175407330275,0.8770746491779553,0.8206864561380324,0.7873380670933452,0.7502153587818966
2023-11-08,1.3268975655229325,0.7526345449810181,0.8782249929824274,0.8762225656992835,0.8198745965558238,0.7866485977825027,0.7494779275681596
2023-11-09,1.3365781076332905,0.7577067710866273,0.8841195607270572,0.8818629002150178,0.8252267579884909,0.7912189434434844,0.7540789106721306
2023-11-10,1.3195295973611598,0.749009116928914,0.8737626508668849,0.8722060205557448,0.815567583241412,0.7827281929427927,0.7465609244720023
2023-11-13,1.3312179556129258,0.7546494864641928,0.8803626063641804,0.8777712314738944,0.8205775170595873,0.7874291004690701,0.7508976583989819
2023-11-14,1.333853214298523,0.7558643317745793,0.8818307835901928,0.8790194165356477,0.8217659766690695,0.788546196385524,0.7520444647225506
2023-11-15,1.3421713097414976,0.7597618258067806,0.8866033379762359,0.8832153717254855,0.8257414096522379,0.7922989239030038,0.7550483907999396
2023-11-16,1.328564769997494,0.753404038538053,0.8787196383031761,0.8761927401740626,0.8189295339058957,0.7857996857183177,0.7494588594725167
2023-11-17,1.3452905955326129,0.7613106338053068,0.8881263603897832,0.8842591081540063,0.8262744222283686,0.7926949997928382,0.7567734279880874
2023-11-20,1.343874368075727,0.7606490475806204,0.8873519206212862,0.8836053163081069,0.825613793549538,0.792059342911847,0.7561625412780361
2023-11-21,1.3412928901796315,0.7593270678138659,0.8859220521534961,0.882349256731241,0.8243571827833633,0.7908802893110771,0.7551089677816337
2023-11-22,1.3390520239503818,0.7581931330874503,0.8846431446785105,0.8811876334703925,0.8232233303241012,0.7898427452745274,0.7539999100383535
2023-11-23,1.3415797210569755,0.7594675713885336,0.886105152266368,0.8825299210486384,0.8245223783537056,0.7910251389235067,0.7550206784762267
2023-11-24,1.3424043598293394,0.7598836717601075,0.8865882930838105,0.8829784146436871,0.824953037917166,0.7914164369078504,0.755375034313864
2023-11-27,1.3374744541249903,0.7572746515721256,0.8835274126124029,0.8800341406827769,0.8222021487822341,0.7888495711058179,0.7528361374515669
2023-11-28,1.3364884729841207,0.7567197628798817,0.8828953849553826,0.8794341457097516,0.8216544079556364,0.7883438185688774,0.7523449573838292
2023-11-29,1.3308056362267437,0.7535778269745919,0.8791798498857463,0.8758698172461057,0.8184024232745468,0.7853800954584379,0.7495232117085208
2023-11-30,1.3362374959664447,0.7565336403760745,0.8827719621345166,0.8792473524175431,0.8214445796611758,0.7880764013910828,0.7523454254518482
2023-12-01,1.3497902549209462,0.7638885678880989,0.8919053407290839,0.8877273947720297,0.829227976040751,0.7951465675296338,0.7579733430258428
2023-12-04,1.3468502384281709,0.7621805491737171,0.8899933594935937,0.8860498865835451,0.8275196434120656,0.7935194586415604,0.7565937824475597
2023-12-05,1.3426911907066836,0.7597721289905486,0.8872325237804308,0.8836309559422311,0.8250764952536507,0.7912479189215355,0.7546949184124879
2023-12-06,1.3472804847441868,0.7624006360729777,0.8903267236717042,0.8863446052301576,0.8277606299338481,0.7936896709475441,0.7568328667144519
2023-12-07,1.346975726937009,0.7622251176117047,0.8901063453874755,0.8861500421703712,0.8275712761745376,0.7935032395604775,0.7566737636892266
2023-12-08,1.35428991430928,0.7664108210998678,0.8953047294500194,0.890736036612612,0.8319995372809614,0.7977565096201372,0.7600407625101439
2023-12-11,1.352568929045216,0.7654067586111676,0.8940704004165818,0.8896653913449669,0.8309412391606409,0.7966942846054272,0.7591960001152154
2023-12-12,1.3521924635187021,0.7650966685686683,0.893778367831093,0.8894134737771628,0.8307043754091221,0.7964585871950742,0.7589895455023982
2023-12-13,1.3531963715894058,0.7657790572713664,0.8945261173179437,0.8900579786406859,0.8313276740148823,0.7970823314393766,0.7594870853072008
2023-12-14,1.3712308630024066,0.7785233386465702,0.9086476419279468,0.9021113422088579,0.8427223949630399,0.8089745195926789,0.7680207420130956
2023-12-15,1.358215911942925,0.7702025606086325,0.8996526557146561,0.8952024411243021,0.8346658687822016,0.8000695090148728,0.7639038609801339
2023-12-18,1.3650460722096776,0.7745821215928012,0.9041242314319001,0.8985641714501864,0.8380782577463033,0.8037025313964485,0.766632100158431
2023-12-19,1.3692589007206666,0.7775417149245956,0.9069204802511421,0.9007137037744128,0.840291678171061,0.8060845928644665,0.7683620973439222
2023-12-20,1.383188125201682,0.7874775513829957,0.9163906094533442,0.9082054195567362,0.8478853306962273,0.814336780661545,0.7744724774951118
2023-12-21,1.3794234699365426,0.7849243436663298,0.9139281295119625,0.9062912610072186,0.8457929225362735,0.8119990833203953,0.7731798097342186
2023-12-22,1.3799254239718945,0.7852551342776253,0.9142503406444609,0.9065382400331686,0.8460699095611355,0.812289546405247,0.7733127556718338
2023-12-27,1.3848553296762436,0.788531699763147,0.9176153996706118,0.909275766902142,0.8488994999539418,0.8153555117738666,0.7755179106360693
2023-12-28,1.3844430102900616,0.7882568326925243,0.9173173447920279,0.9090252539891184,0.8486487621629111,0.8150710709219312,0.7752689939288062
2023-12-29,1.3863253379226312,0.789521088401446,0.9186600687002763,0.9101425009411721,0.8497692500701907,0.8163180959414434,0.7760688298393549
2024-01-02,1.3842278871320537,0.7880913585976262,0.9170872084302123,0.9088184162703979,0.848484398389749,0.8148450916867758,0.77512825476735
2024-01-03,1.377200530637127,0.7831844660549067,0.9117016205700545,0.9043060730998765,0.8441624871106465,0.809993152090648,0.7712405409261903
2024-01-04,1.3845147180093977,0.7880766495836066,0.9173070771035858,0.9088660044893768,0.8484034430324229,0.8144896973454485,0.7750142716886548
2024-01-05,1.378509196515009,0.7837795633864899,0.9126910188109717,0.9051620829931368,0.8448398230074768,0.8105995246892564,0.7721943806622165
2024-01-08,1.3793338352873725,0.7843455334955068,0.9133254493095178,0.905667493561493,0.8453042477291182,0.8110623056228112,0.7725771038462138
2024-01-09,1.3775052884443049,0.7830397462036652,0.9118450309845595,0.9044913601982182,0.8442172485003694,0.8099044771891083,0.7715773009448629
2024-01-10,1.371732817037758,0.7789497803237394,0.9070738703728893,0.9007261549798689,0.8407558094194988,0.8062738045213027,0.7690020667854333
2024-01-11,1.3582517658025925,0.7696248656212636,0.8958699962865629,0.8920605744373623,0.8328921422306702,0.7983149689440808,0.7633449006479279
2024-01-12,1.3669104729124129,0.775143918105606,0.9024518198092587,0.896858825605241,0.8370572701512866,0.8024660929095522,0.7673754354395147
2024-01-15,1.361532393962214,0.771771974625513,0.8983721784091154,0.8938612767798721,0.8343176879605684,0.7997052106529725,0.7645693735487527
2024-01-16,1.3549711376429712,0.7677248679180679,0.8933234426492044,0.8901102739840725,0.830952429279658,0.7964489583308533,0.7615484527150927
2024-01-17,1.3348929762288948,0.7555793479243099,0.8778118273124056,0.878568595225377,0.8207169487035884,0.7869369817555961,0.7522557376671539
2024-01-18,1.3371876232476463,0.7569482755000911,0.8792245338704516,0.8795451868789376,0.8215230138609475,0.7877380061256875,0.7528700471362385
2024-01-19,1.337689577282998,0.7572436681172788,0.8795478839552926,0.8797701898981747,0.8217130206672714,0.7879233990341887,0.7529984357014425
2024-01-22,1.3423147251801693,0.7602133440242915,0.8827265343458668,0.8821743066788336,0.8237195262831857,0.7898683338382207,0.754973579762561
2024-01-23,1.3419561865834893,0.7599816530767612,0.8824642880759396,0.881962691886795,0.8235383393704733,0.7896921386117302,0.7547739377617927
2024-01-24,1.3494854971137678,0.7653650909717337,0.8879214155660876,0.886276875714094,0.8271671929531543,0.7932131047785422,0.7582952427801766
2024-01-25,1.3498440357104478,0.7655924208586242,0.8881818811675897,0.8864829057036286,0.8273341765441011,0.7933738079795272,0.7584577838458142
2024-01-26,1.3687390197554803,0.7786749316529512,0.9023529640591278,0.8978266053621702,0.837218995532886,0.8031322131344218,0.7676393756045952
2024-01-29,1.3683087734394643,0.7783504149121065,0.9020045053431324,0.8975397485162869,0.8369874795003471,0.8028851507183217,0.7674226344820745
2024-01-30,1.3743322218636873,0.7819238761855147,0.9060570293492626,0.9006554270039977,0.8402682334545705,0.8062452559607278,0.7700329750794311
2024-01-31,1.3679323079129504,0.7781727631226639,0.9016639815800688,0.8971939769144259,0.8366668253227342,0.8024909893571587,0.7671187365368033
2024-02-01,1.3664264458068944,0.7772967628148212,0.9006135136231659,0.8963579047603392,0.8358315794931781,0.8016420930177863,0.7663953743746108
2024-02-02,1.3652253415080167,0.7765862816710258,0.8997407240077445,0.895646684333176,0.8351445101893871,0.8009630825655085,0.7658295777302356
2024-02-05,1.3647592413323326,0.7762969394942765,0.8993824582191835,0.8953498774059278,0.8348663542311421,0.8006865547805719,0.7655907842013229
2024-02-06,1.3769674805492842,0.7836996407153739,0.9086396169011217,0.9029460538957559,0.8420570357921184,0.8079172299169131,0.7710723323077414
2024-02-07,1.367609623175938,0.7783083746276235,0.9018271303896181,0.8975704196271926,0.8365031446980202,0.8021351788883218,0.7664867332228955
2024-02-08,1.361639955541217,0.7749631649730282,0.8975466915458431,0.8942405618430602,0.8332278007036205,0.7988455239620992,0.7636733890869634
2024-02-09,1.3575346886092319,0.7726711890645396,0.8945631744329673,0.8918988293913882,0.8310073927334385,0.7966965380262534,0.7617407148052437
2024-02-12,1.3577318848374056,0.7727660928366944,0.8946983182943263,0.8920030149722749,0.8311110021773244,0.7967920498155359,0.7618038098007356
2024-02-13,1.3467247499193318,0.7660672642798468,0.8862679045707532,0.8852852528715985,0.8249105132175445,0.7908933345680832,0.7566076255241413
2024-02-14,1.3567817575562038,0.771963369369327,0.8936556491327411,0.8909787503219804,0.8299740551563453,0.7956174277527476,0.7616648952320205
2024-02-15,1.3619984941378969,0.7749448683269171,0.8974063866922611,0.8938573759409367,0.8326908306819263,0.7981925018095409,0.7643062310412466
2024-02-16,1.382471048008321,0.7888117864890792,0.912417386062009,0.9055151716401554,0.8437244718556594,0.8088141932597137,0.7738012214722447
2024-02-19,1.3854827722204326,0.7905275561360277,0.9142451678750272,0.9068474277611231,0.8453563066190469,0.810435530394567,0.7752828102198718
2024-02-20,1.383815567745871,0.7895413473084785,0.9131522638957094,0.9060004206873761,0.8444151262998136,0.8094736897224151,0.7744078535935948
2024-02-21,1.373650998529995,0.7835464262039794,0.9063502332519485,0.9006431629595911,0.8386059056617031,0.8036173158370825,0.7696478495520913
2024-02-22,1.3775949230934743,0.7857473390392757,0.9089472061538109,0.9026811201588603,0.840634131708554,0.805585033879545,0.7712846447037173
2024-02-23,1.3815029937972856,0.7879659625059886,0.9115783545470648,0.9047842123089078,0.8427309831118335,0.8076529143408926,0.772904482797168
2024-02-26,1.3775590692338064,0.7857257869188516,0.9088348165834726,0.9025416708228581,0.8405315974425511,0.8054427838232513,0.7710924222979406
2024-02-27,1.3773260191459644,0.785531073659813,0.9086580576748223,0.9023938079188215,0.8403977158411584,0.8053083219908507,0.7709756953118537
2024-02-28,1.3669283998422463,0.778922854375885,0.9010366720958153,0.8960757519710542,0.8344206242990815,0.79939695444134,0.7664787179468211
2024-02-29,1.3678247463339464,0.779462902310187,0.9016657337661353,0.8965672403579882,0.8348524646962686,0.7998024024563014,0.7668043923333965
2024-03-01,1.3772363844967945,0.7853469762385555,0.908582941085169,0.9021783337375419,0.8399160563531259,0.8047245353601014,0.7707694472030454
2024-03-04,1.369671220106848,0.7807427972511607,0.9030776410519316,0.8977728911876006,0.8357285537294782,0.8005606440630373,0.767162000326671
2024-03-05,1.3707289089670538,0.7813610478903166,0.9038464903129764,0.8983805852431458,0.83628019337768,0.8010736988844491,0.7676225426976832
2024-03-06,1.3766627227421069,0.784880890712056,0.9082840187874134,0.9019313834469787,0.8395337151947458,0.8042185407076222,0.7700726476383452
2024-03-07,1.3790290774801943,0.7863280691182751,0.9100758708879813,0.9033631516985253,0.8408583862485415,0.8055178679872422,0.7710544659655395
2024-03-08,1.3731490444946433,0.7825381612860951,0.9054661636367957,0.8996728494561772,0.8374561624379337,0.8020975080638585,0.7683278382664067
2024-03-11,1.374852102828873,0.7836311974023509,0.9068045290030716,0.9007388489433796,0.8384177005415514,0.8030130003313763,0.7691388123648768
2024-03-12,1.3889426696783944,0.7927616222143803,0.91824157360287,0.9098084238366733,0.846606184082376,0.8110729865790061,0.7754532006669282
2024-03-13,1.3933168405578893,0.795390141349524,0.9214793389123107,0.9122382293442692,0.8491700283622571,0.813666666067458,0.7776522161176255
2024-03-14,1.3881180309060304,0.7919860273956666,0.9174836254438961,0.9091760510975556,0.8460547869139875,0.8104239586337694,0.7751811420210551
2024-03-15,1.3852855759922589,0.7901271471662515,0.9152702070944821,0.9074810247607343,0.84438317949146,0.8087328560584843,0.7740208142274085
2024-03-18,1.3844250833602272,0.7895639074008259,0.9145684293661933,0.9069402379242434,0.8438689061643211,0.8082262698875983,0.7736590071704553
2024-03-19,1.3872396113441647,0.7917335932407453,0.9168689841695729,0.9087113127871627,0.8455602312761079,0.8099078605716475,0.7749921815856828
2024-03-20,1.3870782689756587,0.791602464552253,0.9167176439877778,0.9085963491843435,0.8454550828650933,0.809790469214975,0.7748599759335997
2024-03-21,1.413108171094622,0.8127312003959319,0.9393949316360882,0.9258934086389132,0.8616061523951585,0.8266264924811269,0.7893608123726152
2024-03-22,1.4217668782044424,0.818124961255528,0.9448145162046186,0.9296321491295694,0.8668133692615152,0.8324293947241826,0.7932551146528397
2024-03-25,1.419382596536521,0.816619895706015,0.9432706179316237,0.9285076845578021,0.8653549095076021,0.8307523406639792,0.79206934593806
2024-03-26,1.4217848051342765,0.8181184092558969,0.9448565742756834,0.9296798907480297,0.8668265664889546,0.8324007874729282,0.7931697614270553
2024-03-27,1.4219640744326163,0.8182258976252196,0.9449656471468878,0.9297530424815448,0.8669324710464263,0.8325116576160525,0.7932346791317975
2024-03-28,1.4256570219784197,0.8205665387952725,0.9475599103334122,0.931785280752916,0.8692488924864321,0.8352126900334604,0.79507990903742
2024-04-02,1.4225198092574702,0.818397840011935,0.9452742378578662,0.929954770946421,0.867256105529803,0.8328124270816201,0.7933593877380019
2024-04-03,1.4229321286436518,0.8186681538452832,0.9455671353475837,0.9301875225217058,0.8675138576275672,0.8330972968234998,0.7935534683575599
2024-04-04,1.4298339966297404,0.8233915414413502,0.950844358233102,0.9344538038559201,0.8719014461002641,0.8383098402090627,0.7968715123224094
2024-04-05,1.4182352730271446,0.8150734440323072,0.9418802964533665,0.9272772075171043,0.8644852183289751,0.8292248843794903,0.7907024649315775
2024-04-08,1.4240256713635255,0.8188182917305856,0.9461687656434975,0.930566430028144,0.867595804257497,0.8327617637211935,0.7938028690595852
2024-04-09,1.4224660284679678,0.8177961249849306,0.9449832448706209,0.9296431231548561,0.8667073632205109,0.8317261293616656,0.7929777940772635
2024-04-10,1.4271987379441426,0.8208758797883321,0.9486482145936863,0.9325067839588776,0.8694227223923379,0.8348398144938302,0.7953001690766787
2024-04-11,1.420494066186228,0.8163754362603334,0.9433201162352731,0.928328983987894,0.8654588397658726,0.8301109438723348,0.7916240365095
2024-04-12,1.4333656018070375,0.8246834146978024,0.9535788030191882,0.936256388658082,0.8727967269140673,0.838297085212379,0.7981010751812598
2024-04-15,1.4279695959270045,0.8211286885973272,0.9494706411171565,0.9331625965674077,0.8696672393717017,0.8346592853711715,0.7958617281724768
2024-04-16,1.4019576207378752,0.804340081888794,0.9294928936797139,0.9180749645893309,0.8547618313910286,0.818237254200251,0.7840614661568881
2024-04-17,1.4069054533720584,0.8068073935098051,0.9323523228779473,0.9200468238959824,0.8564166188303588,0.8201921462904046,0.7856726067868367
2024-04-18,1.4121221899537515,0.809499049536974,0.9355496928509507,0.9223739444036027,0.8584210119153656,0.8225021378875587,0.7877521225730939
2024-04-19,1.4154924527625428,0.8112310686866641,0.937656731661564,0.9239626922576643,0.8597883880302959,0.8240633809292035,0.7891031959120449
2024-04-22,1.4384389229500585,0.8230227848193038,0.9524449222836957,0.9355686574464374,0.8697303563779514,0.835292660076389,0.7988973528258644
2024-04-23,1.4421856512853637,0.8247300350231622,0.954496185583363,0.9370906241785261,0.8713934720035107,0.8372154580538345,0.8004752582419676
2024-04-24,1.4413968663726677,0.8242571437347507,0.9540289151356314,0.936710897931825,0.8710077033942234,0.836771393588708,0.8001446232658925
2024-04-25,1.4482987343587563,0.827999209910378,0.958132148533089,0.9400383136013619,0.8743746265186397,0.8406086497846067,0.8035323996650748
2024-04-26,1.4592162346276605,0.8338918900745415,0.9647397286007352,0.9455370457090385,0.8799153435411388,0.846950384011834,0.808355466706292
2024-04-29,1.4605069735757081,0.8345643780083877,0.9655142701939958,0.9461861455671063,0.880580217771005,0.8477177529699762,0.8089563875116172
2024-04-30,1.4599870926105223,0.8342896207958478,0.965178069116475,0.9458865268193631,0.8802858178545317,0.8473724843536948,0.8086680695975289
2024-05-01,1.4558818256785369,0.8321222679628815,0.9625364218565745,0.9435587458300352,0.8779854030219375,0.8446949857466418,0.8066501706199178
2024-05-02,1.4650245598938751,0.8369375120059379,0.9685247262136183,0.9488511305689353,0.8831220264417099,0.8504107319209341,0.811079542389934
2024-05-03,1.4724283819153159,0.8407812616345425,0.97338688223404,0.95308751153199,0.8873576320088045,0.8552371716149194,0.8148851528704646
2024-05-07,1.4903911656089808,0.8501071292334151,0.9853107579653936,0.963461724859813,0.8978376285599088,0.8674615482713566,0.8240101043410885
2024-05-08,1.4976336452619154,0.8538536871416366,0.9897321630064029,0.9670380966706633,0.9020685562484068,0.8726334236919622,0.8272705426690499
2024-05-09,1.5025276971065966,0.8563800062043297,0.9927813558516694,0.9695623323658986,0.9049668528955078,0.8762623959169998,0.8297046634316853
2024-05-10,1.5119214083396106,0.8612576149538671,0.9987736138635261,0.9746297443301186,0.9106231097258615,0.8834936825586652,0.8345910688337934
2024-05-13,1.5085511455308194,0.8595163070984569,0.9966135164344605,0.9728043046213295,0.9085730437325287,0.880785575622539,0.832891478201434
2024-05-14,1.5108995733390729,0.8607417283098708,0.9981460803905199,0.9741121135308067,0.9099991942315135,0.8825568180139848,0.8338242039520826
2024-05-15,1.5140726399196902,0.8624330370399061,1.0002815906550937,0.9759593549152338,0.9119449221029285,0.8850415483908926,0.8353128144837356
2024-05-16,1.5127998279014767,0.8617256321913093,0.9993811018910458,0.9751717527307552,0.9111489293790969,0.8839876569265569,0.8346751070918179
2024-05-17,1.5095012728120212,0.8589145757261885,0.9969973935686491,0.9730919454636457,0.9090797145774729,0.8813064784725924,0.8330259289909199
2024-05-20,1.5102004230755475,0.8594270503533251,0.9974980293237312,0.9735291574281484,0.9095130580911155,0.8818254192373088,0.8333721179094463
2024-05-21,1.5088200494783297,0.8583750729025442,0.9964318175696198,0.9726155310800305,0.9086409143811445,0.88070340416684,0.8326187504194588
2024-05-22,1.5005378078950231,0.8521931356538692,0.9899302567992222,0.9671003160541826,0.9034035928668941,0.8740861757350674,0.8280176605800217
2024-05-23,1.4949625327166505,0.847362638148143,0.9855782138760776,0.9635356382000191,0.9000966946312067,0.8701498287622781,0.8250531500526193
2024-05-24,1.491090315872507,0.8441468358027481,0.9825019489332241,0.96108168501766,0.8978519542947184,0.8676134544455193,0.8231747690850751
2024-05-28,1.4797246423577533,0.8349238440998845,0.9732792721884872,0.9537983012152116,0.8912543249232369,0.8604760372441459,0.8182533543118582
2024-05-29,1.4669785952457814,0.8253856165729733,0.9633102258159616,0.9462378579846662,0.884570453302133,0.8535322303438656,0.8122806031893306
2024-05-30,1.4755835215660997,0.8314959270169533,0.9696786771352451,0.9509049035890753,0.8885903423659546,0.8575264701748231,0.816330141427638
2024-05-31,1.4835251514825603,0.8369859071130216,0.9755649381404984,0.9552620835258673,0.8924728168999837,0.861433319214292,0.8202797330218499
2024-06-03,1.4812663583234766,0.8354391776970824,0.9738840277251543,0.9540038467644459,0.8913092710574605,0.8602432622178469,0.8191739466733924
2024-06-04,1.4757448639346058,0.8316543973086779,0.969644170411341,0.9507930118299147,0.8883958541716281,0.8573422824295927,0.8167534618813396
2024-06-05,1.4784339034097054,0.833511535995336,0.9717240014641387,0.9523663313730388,0.8898138057858247,0.8586933815664222,0.8182124015415008
2024-06-06,1.485299917536126,0.8383567754171234,0.9771908232861245,0.9565244446091741,0.8935415185577843,0.8623168637440358,0.821977775140276
2024-06-07,1.4781470725323613,0.8324343929213414,0.9714350297212735,0.9521724361195273,0.8895351550051933,0.8583281772615803,0.8190159513716664
2024-06-10,1.475117421390416,0.82993357776797,0.9689900799209888,0.9503434057784751,0.8878758743886995,0.8567247536951874,0.8175247825242277
2024-06-11,1.4606503890143807,0.8177833151246704,0.95700992535282,0.9413991912679862,0.8798438762400184,0.8491846232846596,0.810695405971708
2024-06-12,1.4727869205119966,0.8276587226372065,0.9662081563115986,0.9480490808253128,0.8855791026870563,0.8546501478014946,0.8162672230266196
2024-06-13,1.4635007708579861,0.8207954306226805,0.9593716933594814,0.9431000781052343,0.8809658199541249,0.8501670289241918,0.812100413993513
2024-06-14,1.4604890466458746,0.818623225602182,0.9571760221520017,0.9415011323172536,0.879506070192224,0.8487937658307985,0.810875964577911
2024-06-17,1.4596464809436769,0.8180022682076246,0.9565320434757466,0.9410150294766111,0.879073284339228,0.8484098604009678,0.8104868139976067
2024-06-18,1.4684486034921693,0.8244056317791775,0.9632958151217275,0.9461162917807289,0.8836210907244029,0.8525131264960403,0.814215191078513
2024-06-19,1.470922519809261,0.8260807140258939,0.9651845834111387,0.947538779309162,0.8849318199394548,0.8537124097527042,0.8153577627157509
2024-06-20,1.4830052705173746,0.834359988294683,0.9746784669956288,0.9547625445317625,0.891585868747957,0.8599047090518328,0.8211997153799722
2024-06-21,1.476766698935144,0.8303453616267203,0.9699347999246972,0.9512107205169923,0.888060078762906,0.8564962496646777,0.8182719551227308
2024-06-24,1.4846366211322684,0.8354000080268947,0.9759522829373322,0.9557256014803547,0.8924262187929869,0.8605516645665805,0.8221683867047499
2024-06-25,1.4785773188483773,0.8315685271453628,0.9713046926829599,0.952228205175421,0.888967711590045,0.8572381143200863,0.8192137616438007
2024-06-26,1.474543759635728,0.8290399279216009,0.9681656718993321,0.9498629112058397,0.8866984625676606,0.8551242989948733,0.8171950307887096
2024-06-27,1.4663690796314257,0.823700517863989,0.961663859304967,0.9449419028996839,0.8820659747513923,0.8509298245873691,0.8137801991648798
2024-06-28,1.4635724785773223,0.8217928718751678,0.9594533915641448,0.9432823111498995,0.8805319667091703,0.8495639968256377,0.812613985970819
2024-07-01,1.46405650568284,0.8221143174064806,0.9598301151724148,0.9435636761432736,0.8807914116908762,0.8497954300095913,0.8128023972745362
2024-07-02,1.4558818256785375,0.8162016187484123,0.9529773683568288,0.9383913883662616,0.8761227612744314,0.8456663139544348,0.808706131323075
2024-07-03,1.464827363665702,0.8224806951944656,0.9603761976853491,0.9438592034140633,0.8809727090850067,0.8498662400451805,0.8129675909829879
2024-07-04,1.4774120684091676,0.8310339270833118,0.9706432391393786,0.9513868009040175,0.8879899216184487,0.8561048618588898,0.8186304215871267
2024-07-05,1.470707396651253,0.8267083618557794,0.9654086925126776,0.9476004418973635,0.8841643749364284,0.8525577223094141,0.8153878303484575
2024-07-08,1.4688429959485174,0.8255075003251123,0.9639463170440615,0.9465358235094952,0.8831174019068165,0.8516062798752969,0.8144327830654283
2024-07-09,1.4592162346276611,0.8192122817739674,0.9561824489614383,0.9408216836486473,0.8776248315550896,0.8467075123470608,0.8097639353195994
2024-07-10,1.4688429959485172,0.8252987463832641,0.963762740611994,0.9463303731014293,0.8827078270188132,0.8511766818584129,0.814423843293381
2024-07-11,1.474185221039048,0.8288110313744488,0.9678998493959884,0.949353345872078,0.8856216268902696,0.8538005630643247,0.8165051992143721
2024-07-12,1.479491592269911,0.8324744277698597,0.9720800058700392,0.9524339320187726,0.888599762554418,0.8565350304387525,0.8187749869399268
2024-07-15,1.4669606683159473,0.8234531322451542,0.9620086409049474,0.944944263811184,0.8813520989932437,0.8497158293653327,0.8123340976057317
2024-07-16,1.463715894015994,0.8212483209189622,0.9595047826089025,0.943114390487748,0.879657322740284,0.8481246897710385,0.810507499954408
2024-07-17,1.4677673801584774,0.8239412605702968,0.9626604292312424,0.9454342076023144,0.8817580514629231,0.8500545440897541,0.812577290350248
2024-07-18,1.4708866659495927,0.8260584797229856,0.9651444541595783,0.9472788225627872,0.8834270872257779,0.8515944722830291,0.8139123396610777
2024-07-19,1.4620666164712663,0.8200420633089748,0.9578827101350024,0.9418340122574723,0.8785083072699399,0.8469802114706559,0.8094545221677745
2024-07-22,1.4697931232297188,0.8254945548455942,0.9641333615471448,0.9464363880593827,0.8825758316995563,0.8506814563928956,0.813036458840852
2024-07-23,1.464164067261844,0.8215653627474299,0.9595766864374541,0.943080078253023,0.8794927406649374,0.8478069177243639,0.8099450616624845
2024-07-24,1.4617080778745863,0.8198087637172466,0.9575565831096648,0.9415936060850589,0.878154321712504,0.8465881352846989,0.80879477681619
2024-07-25,1.4675701839303033,0.8240144974941739,0.9624741815260209,0.9452256069629523,0.8814162289800411,0.8494959615271268,0.8115760793567763
2024-07-26,1.485371625255462,0.8366324808323932,0.9776208447766187,0.9563795997731561,0.89159807889302,0.8587464770753451,0.8181224773831964
2024-07-29,1.4865727295543396,0.8373579911235486,0.9784370265685564,0.9569403794477197,0.8922881408071285,0.8593864918889268,0.8186106106651967
2024-07-30,1.4833458821842203,0.8352620461513753,0.975937774583061,0.9551223446283852,0.89036967989073,0.8575142394272204,0.8171941440170466
2024-07-31,1.500125488508841,0.8460679660495135,0.9891623147081765,0.9648206366719995,0.9003702371601435,0.8670618238753015,0.8245147047492523
2024-08-01,1.4849593058692798,0.8367154673892742,0.97822770896472,0.9569777049641075,0.8912736551471628,0.8578662621647496,0.8181849457102652
2024-08-02,1.4654727331397255,0.8255129633981361,0.9650292568101205,0.9475512549200119,0.8816576330465005,0.8480930043856147,0.8106254012299524
2024-08-05,1.435624394966121,0.8094609720238237,0.9467107393383938,0.9345500732492736,0.8697385221069941,0.8359024782535847,0.7989284809741177
2024-08-06,1.4389408769854104,0.8108864305812541,0.9482945311805862,0.9356484502809602,0.8706356173406714,0.836874806238593,0.7996347899365025
2024-08-07,1.4640744326126738,0.8221119125790073,0.9612483636267606,0.9451938227670186,0.8785529961389267,0.845204293928872,0.8065051972433886
2024-08-08,1.4601484349790286,0.8204982995700374,0.9593848115109869,0.9438161639849142,0.877230754580303,0.8437911748920988,0.8054607528180816
2024-08-09,1.4642895557706819,0.8221861027618161,0.9613598793509424,0.9453409639485406,0.8786770515763376,0.8452760703655364,0.8065747341699631
2024-08-12,1.4718547201606285,0.8252789184887735,0.9650741655659713,0.9483730759447696,0.881507583827752,0.8481273653890852,0.8088204345048637
2024-08-13,1.476318525689294,0.8270913751617185,0.9673039854284131,0.95026516829595,0.8832743763812528,0.8498972392643087,0.810616792473426
2024-08-14,1.4845469864830985,0.8304986319845836,0.9715255437813818,0.9540086712058832,0.8867409655436623,0.8533447377401158,0.8141002023931638
2024-08-15,1.496432540963038,0.8353895857642076,0.9777219283365236,0.9596505067711687,0.892021855358099,0.8586025299878024,0.8203187407674409
2024-08-16,1.4899788462227992,0.832775583916962,0.9743611951643054,0.9565779398591703,0.8889992364178625,0.8555526988237216,0.8170573724910593
2024-08-19,1.4981355992972678,0.8360488329863404,0.9786961340141968,0.9606148722187084,0.892852588067688,0.8592411322658908,0.8212332715492843
2024-08-20,1.4831486859560465,0.829983996641749,0.9705949451219074,0.9529489373351644,0.8854458981624473,0.852063279015056,0.8138925818335151
2024-08-21,1.4849593058692803,0.8306864920350384,0.971544912625307,0.9537944023727464,0.8861882543403801,0.8527693016815768,0.8147711902396251
2024-08-22,1.485783944641644,0.8310107355019666,0.9719827309658717,0.9541926744400532,0.8865482785353452,0.8531135963538342,0.8151149248065829
2024-08-23,1.4929188627155745,0.8338351547533542,0.9759834334520038,0.9580352479553063,0.8899575287173206,0.8563479895619506,0.8187468870930099
2024-08-27,1.4960919292961923,0.8350869538773292,0.9777910969108119,0.9597832724834077,0.8915295005411017,0.8578497502148362,0.8202704563183576
2024-08-28,1.4958050984188482,0.8349561213640667,0.9776101602961197,0.9595990740413096,0.8913654679988449,0.8576897184080776,0.8200849100574448
2024-08-29,1.502205012369585,0.8375899491656577,0.9814790141644689,0.9634408468671056,0.8947982600245623,0.8609983524439674,0.8237731104120588
2024-08-30,1.501667204474565,0.8373686354464926,0.9811382776672185,0.9631088532325252,0.8944880872110532,0.8606868424916027,0.8234514376666422
2024-09-02,1.4993725574558132,0.8363738999354315,0.9796617315479789,0.9616463225808095,0.8931694508151399,0.8593882434365191,0.8222416305828004
2024-09-03,1.4876662722742136,0.8311441640636503,0.9719682263027657,0.9540776394839774,0.8863701341371062,0.8528000095729181,0.8166970201338017
2024-09-04,1.4824853895521886,0.82869506224025,0.9686174530856468,0.9509741039726174,0.8836540227059861,0.8501913614978758,0.814259447714605
2024-09-05,1.4774837761285036,0.8255613289109904,0.9653097763153125,0.9479603434593525,0.8810449351003029,0.8477736683165067,0.8117807401966328
2024-09-06,1.4666917643684374,0.8191176447056518,0.9580289443199629,0.9413693980068878,0.8753563320748274,0.8426729133084926,0.8066661483339789
2024-09-09,1.4827005127101964,0.8304834052568543,0.9686649039475795,0.950564737879834,0.8831671114070152,0.8495614610399448,0.8142467976704764
2024-09-10,1.4710838621777669,0.8228455803913157,0.9613531521617651,0.944531464060728,0.8772814716584381,0.8441921899552415,0.8078598078825089
2024-09-11,1.4689147036678531,0.821477668960479,0.9600042308862143,0.9434289824391091,0.876237406612944,0.843252317223044,0.8068741602960247
2024-09-12,1.4773582876196658,0.8267958620310779,0.9653745888836192,0.9479151623077476,0.8803564371856095,0.8468650018780245,0.8103725663009131
2024-09-13,1.483112832096379,0.8303525816198712,0.9690638449555857,0.9510219035137782,0.8832714960706874,0.8494499380478393,0.8129901808655247
2024-09-16,1.4840629593775805,0.8309431045980549,0.9696760439617282,0.9515393753707566,0.8837590027347908,0.8498842066045201,0.8134452891262671
2024-09-17,1.4897099422752893,0.8346628200346551,0.9734695296123217,0.9548332840941853,0.8868332552257228,0.852669708002017,0.8165489789289131
2024-09-18,1.4796350077085834,0.8279682393813308,0.9665358626056696,0.9487839321037087,0.8811525912356569,0.8474116225449899,0.8108407535528614
2024-09-19,1.493080205084081,0.8368171059470867,0.9756910801063572,0.9564978948860358,0.8881111189243147,0.8537327409222871,0.8179446967183995
2024-09-20,1.4753863253379262,0.8249969156198458,0.9640405085639606,0.9469614238204402,0.8786539528918269,0.8448476008310302,0.8086368807162708
2024-09-23,1.4807106234986236,0.8281149225072576,0.9672595541431352,0.9494409221218482,0.8808521829737934,0.84699601451457,0.8113161945164861
2024-09-24,1.4848517442902767,0.8305521939839958,0.9698351588620915,0.951494795521601,0.8827025984516023,0.8487900391952988,0.8133232863554589
2024-09-25,1.4823240471836834,0.8290396582681596,0.968204954471351,0.9501396024470264,0.8814872196037215,0.8476136288647831,0.812137545893905
2024-09-26,1.4852282098167906,0.8307755002286603,0.970104704955543,0.9517321302919857,0.8829070278982174,0.8489598572363153,0.8135908089383085
2024-09-27,1.4916639776271954,0.8346089244366443,0.9744510704931876,0.9554506115736746,0.8862043994667209,0.8520763112500118,0.8167603999961396
2024-09-30,1.4766412104263062,0.8256572060482462,0.9641101459567244,0.946573287547354,0.8781824769371156,0.8443798029451158,0.809520521043881
2024-10-01,1.483758201570403,0.8296171334374283,0.968724231995022,0.9502677803836571,0.8813483407109296,0.8474308180070964,0.8127891042967932
2024-10-02,1.4863038256068302,0.831009982445986,0.9703989890709275,0.9516324821600755,0.882541082620336,0.8485833743286536,0.8138893419337433
2024-10-03,1.4847979635007744,0.8301393957529065,0.9693616339337828,0.9507568417576032,0.8817760653315885,0.8478430404705033,0.8132468230300639
2024-10-04,1.4844573518339286,0.8299410876908231,0.9691077772865205,0.9505360052273844,0.8815851907160074,0.8476672037767882,0.8130681299988348
2024-10-07,1.4885805456957477,0.8323197980298995,0.9720687181305431,0.9530632518624466,0.8837826971040664,0.8497580811493674,0.8149970067291724
2024-10-08,1.4683231149833313,0.8201351353958136,0.9570778202301157,0.9402601169874969,0.872556048956184,0.8389288372689718,0.805308742882786
2024-10-09,1.4778423147251836,0.825533419190791,0.9631629407933049,0.9448606646191672,0.8763511856391414,0.8428235901267291,0.8099240631961381
2024-10-10,1.4767666989351438,0.824909435431341,0.9624680607248931,0.9443139134899661,0.8758694684776405,0.8423298529805238,0.8094150298949695
2024-10-11,1.4796350077085831,0.8265625988122364,0.9643623763641327,0.9458196870412844,0.8771583079357655,0.8436253392169418,0.8106461707316526
2024-10-14,1.486626510343842,0.8306631438198939,0.9691331552785094,0.9497156212799411,0.8804817739651447,0.8469348095831962,0.8136839548516631
2024-10-15,1.4788462227958872,0.8261096849724163,0.9637393755363646,0.945269529475054,0.8765909833533218,0.8430256152338481,0.8101040861637583
2024-10-16,1.4931519128034165,0.834317768213612,0.973704490557702,0.9534195399389804,0.88361997737747,0.8497365319895811,0.8172865425509792
2024-10-17,1.5031909935104546,0.839783951431758,0.9803538392644228,0.9586835657720704,0.8887050972188767,0.8547436900860815,0.8219374797227079
2024-10-18,1.4983865763149433,0.8371348229900963,0.9771738033680929,0.9561485781470384,0.8861701556972479,0.8521784949170275,0.8196194143489116
2024-10-21,1.491197877451511,0.8330047242629949,0.9723001252687145,0.9521924282986277,0.8823474478588951,0.8484670600515243,0.8161225638119071
2024-10-22,1.4891004266609331,0.8316524747312004,0.9708598099765476,0.9510220758280095,0.8812457518456397,0.8474253402999807,0.8150616012550956
2024-10-23,1.4805134272704488,0.8262477346454499,0.9647980532006095,0.9460167188622521,0.8766123319725477,0.8431911759177949,0.8105145537578589
2024-10-24,1.4824495356925202,0.827429974980901,0.9661611663120961,0.9471186462501796,0.8775951941460788,0.8440571570116049,0.8114371017365621
2024-10-25,1.4787565881467168,0.8251546336343685,0.9634674107440255,0.94489266982052,0.8756050723559063,0.8422702416030219,0.8095857902891366
2024-10-28,1.485353698325628,0.8292126416876513,0.9683569246215991,0.9489261864424329,0.8791922530307633,0.8454137496534392,0.8124444154077279
2024-10-29,1.47352192463519,0.821936568633445,0.9594583461168946,0.9416330374324755,0.8725531606878639,0.839466790260855,0.8063096871789615
2024-10-30,1.462765766734792,0.8151140673293533,0.951629258196829,0.9354659165898022,0.8671331844975279,0.8346103644436799,0.8012276296427228
2024-10-31,1.4538919364669636,0.8095884243834678,0.9453080863070875,0.9305839685115344,0.8629349313218668,0.8309200076721431,0.7966404834144268
2024-11-01,1.4659209063855752,0.8169378003736637,0.9538264368173406,0.9371371174850094,0.8684912417651801,0.8356317937370488,0.8027321282862921
2024-11-04,1.467175791473955,0.81763629813137,0.9546742907419994,0.937784951122821,0.869080950685655,0.8361368052230487,0.8033246909288919
2024-11-05,1.4650604137535435,0.8164166426318008,0.953158876683166,0.9365864411089967,0.8680013098655329,0.8352007884644027,0.8023018943819674
2024-11-06,1.4640385787530057,0.8158200957057415,0.9523979170916849,0.9359740766602282,0.8674559980094105,0.8347416552533143,0.8017601347107691
2024-11-07,1.4593775769961665,0.8126526850969922,0.9488751526627917,0.9331142746768565,0.8649145471368587,0.8325735263690808,0.8000544695350645
2024-11-08,1.4471334839195469,0.8041845647306011,0.9394710068013638,0.9255254886117195,0.8582195737181455,0.826984961029532,0.7952051106400332
2024-11-11,1.4565989028718973,0.8103377795314001,0.9463940785690719,0.9308746459729861,0.8628058782532646,0.830860591262131,0.7988515077346294
2024-11-12,1.4387795346169048,0.7991187279780119,0.9334429591278932,0.9208431326532628,0.8537544272601937,0.8230744074428801,0.7913930818741403
2024-11-13,1.4395862464594347,0.799562347329905,0.9339207611242072,0.9211794560829921,0.8540228421732823,0.8233305460008639,0.7917332908910205
2024-11-14,1.4469183607615392,0.8038922563070725,0.938858265388693,0.924950449834158,0.8572214974399296,0.8261917076565619,0.7955632483402993
2024-11-15,1.4455559140941556,0.8030103171352312,0.9379252359994104,0.9242157432325634,0.8565791432230043,0.825612680563937,0.794857527318553
2024-11-18,1.453748521028292,0.8084405206990919,0.9436648759390028,0.9287807423825938,0.8605059270102647,0.8290914993965207,0.7990944524585627
2024-11-19,1.4519020472553905,0.8072412794854092,0.942364194327137,0.9277383217406919,0.8595677537287065,0.8282457062091511,0.7981471848323566
2024-11-20,1.449410204008465,0.805630868461778,0.9405426658760931,0.9262551074040805,0.8582620899316071,0.8270978188163971,0.7970091721706996
2024-11-21,1.4609192929618908,0.8130441698692855,0.9491053356907514,0.9332480189104858,0.8643983739644726,0.8324281844984923,0.8028877706580001
2024-11-22,1.4811408698146393,0.8254936762136524,0.9637107138589598,0.9448810409131188,0.8754665109541191,0.8423224834450157,0.8127936957533873
2024-11-25,1.4864472410455023,0.8283081814455088,0.9670241459132667,0.9473601543313491,0.8783969754297597,0.8450832219713265,0.815329803376058
2024-11-26,1.4805134272704494,0.8251069220655661,0.9631559506797022,0.9443424176097454,0.8750162268677854,0.8418044232118411,0.8122664485927191
2024-11-27,1.4834175899035567,0.8266753820681214,0.965070080979555,0.9458516285729642,0.8766384411280626,0.8433099373497458,0.8136531591083104
2024-11-28,1.4845649134129328,0.8273037479278181,0.9658373587134601,0.946464246199322,0.8772874146643712,0.8439208422332221,0.81421390471125
2024-11-29,1.4856584561328063,0.8279256473751299,0.9665892420188225,0.9470771927237414,0.8779211045681461,0.8445259950225777,0.8147571955388226
2024-12-02,1.4902477501703095,0.8306877946126632,0.9698937262016107,0.9498323211247135,0.8806685492203694,0.8472102557635385,0.817357418631709
2024-12-03,1.4985837725431181,0.8359111927719745,0.976047017422225,0.954982284558559,0.8857508455475505,0.8523049733946998,0.822108251862398
2024-12-04,1.4943530171022947,0.8332870055573808,0.9729167217021936,0.9523922741386798,0.8831320856590045,0.8495574251867066,0.8198281066559094
2024-12-05,1.4967910795597184,0.8347811223908103,0.9747485319372445,0.9539013891715239,0.8846211638470916,0.8510529223062338,0.8211687428047156
2024-12-06,1.4894768921874477,0.8302795041216517,0.9690400076612335,0.9491645495272774,0.8800401580900287,0.8463036121463173,0.8175374569056865
2024-12-09,1.4972751066652363,0.8350073327515256,0.9751257768143273,0.9540838504158249,0.8846393045265184,0.8508866927714537,0.8217448330907532
2024-12-10,1.4844214979742607,0.8266648155985319,0.9650770458507553,0.9460369083791812,0.8768805672434624,0.8428744190428565,0.8148390431732615
2024-12-11,1.4882220070990682,0.8289593096008728,0.9678750335853507,0.9481625938875712,0.8787836271474775,0.8448022863091701,0.816492393877015
2024-12-12,1.4900505539421356,0.8301922178817818,0.9692545787300019,0.9492287886587238,0.8797495484268548,0.8457888106216467,0.8173263906741849
2024-12-13,1.487988957011226,0.8287098851389475,0.9676201400451755,0.9479416776262571,0.87859609679768,0.8445955516013082,0.8164110981405953
2024-12-16,1.4811408698146393,0.8237628592874268,0.9620752283891039,0.943581699531021,0.8747056866128223,0.8406629972545274,0.8133004760617707
2024-12-17,1.4691477537556956,0.8153580035917064,0.9523511678902299,0.9360558887507975,0.8680617630159451,0.8341791844119781,0.806268801749971
2024-12-18,1.4698469040192212,0.8157935585690783,0.952864944764193,0.936423742672652,0.868368091190591,0.8344642120819575,0.8066178744318294
2024-12-19,1.4530314438349323,0.8046366799929132,0.9394466649708627,0.9262540339657416,0.8596542821253914,0.8261298281027947,0.7978153216992022
2024-12-20,1.449320569359295,0.8023857359151332,0.936741317091859,0.9242716312689124,0.8579918717853239,0.82452552306868,0.7962303138519332
2024-12-23,1.4525653436592483,0.8043775752619188,0.9390988680780163,0.9260118686010318,0.8594374772454223,0.8258836588476429,0.7976455807362989
2024-12-24,1.458714280592309,0.8088882856121034,0.9436957649245887,0.9294817680081924,0.8623211646731441,0.8285697538063105,0.8004130796886871
2024-12-27,1.4610089276110607,0.81059271800607,0.945431713923277,0.930804377307942,0.8634349579272641,0.829612322328998,0.8014694892735023
2024-12-30,1.4558459718188697,0.8067217429412075,0.9413818533703086,0.9276642945042152,0.8607752976642129,0.827106834323547,0.7991732832393481
2024-12-31,1.465167975332548,0.8136940248549149,0.9487712845366438,0.9333714153299743,0.86560396648471,0.8314910403374562,0.8029678102120107
2025-01-02,1.4807823312179593,0.8247668748796616,0.9609741641867814,0.9427055430350746,0.8739429022076087,0.8392248469030744,0.8091605220326841
2025-01-03,1.4743107095478865,0.8205792315195725,0.9562720843051743,0.9391940650359354,0.8704025101837395,0.8357888423053563,0.8065523337913466
2025-01-06,1.4789179305152236,0.8235059736517184,0.9596182736661898,0.9417112377296859,0.8728812832135756,0.8380842982768504,0.8084152509710584
2025-01-07,1.4781291456025274,0.8229844575828921,0.9590202319204212,0.941245466625901,0.8724306219806582,0.8376525828603557,0.8080961389018466
2025-01-08,1.4791509806030654,0.8236483143393947,0.9597865140386305,0.9418352188954452,0.8730027910389183,0.8381934965673513,0.8085127690779081
2025-01-09,1.4914667813990212,0.8316966339418563,0.96950327543035,0.9494880793852911,0.8802433066671753,0.8451413088438803,0.8149928287054009
2025-01-10,1.4787028073572155,0.823670976091949,0.9598158075927035,0.9420371334963382,0.8726298155394678,0.8375323401175045,0.8087433774093615
2025-01-13,1.4743465634075545,0.8210096027497238,0.9566402282892859,0.9396427827936026,0.8703203977634689,0.8352458943423597,0.806685618581849
2025-01-14,1.4702771503352372,0.8183950420058962,0.9536187148647403,0.9373309599562447,0.8681693654770336,0.8331935681842294,0.8047383426632089
2025-01-15,1.4881323724498978,0.8297998243280948,0.9671127513213671,0.947746127910373,0.8777485227521017,0.8420742593528072,0.8131372761559614
2025-01-16,1.5044100247391665,0.8390635070399388,0.9781363673626589,0.9559359546032291,0.8866027624235219,0.8506120959420962,0.8210025862010653
2025-01-17,1.5247212362410847,0.8498893259734852,0.9910814295518099,0.9655409577856633,0.8978223143984415,0.8618582039760099,0.8301644279074095
2025-01-20,1.527464056505686,0.8512326407296108,0.992636088424094,0.9666836820307412,0.8993438176090027,0.8634444998404577,0.8314971817130967
2025-01-21,1.532447742999537,0.8538300716804187,0.9956101238872305,0.9689538463742104,0.9021797185665845,0.8664701633804118,0.8338134004393871
2025-01-22,1.5318740812448493,0.853528760184747,0.995247100951733,0.9686525513494963,0.9018334546147827,0.8660862479588677,0.8335253609534138
2025-01-23,1.5354773941414828,0.8556011717632725,0.9975126294009162,0.9704999833749314,0.903979139611783,0.8684221625179943,0.8350962736797398
2025-01-24,1.5242192822057326,0.8488361059825352,0.9901825613123154,0.9643275605601469,0.8971069038762193,0.8607869674089136,0.8302891805862602
2025-01-27,1.5244523322935746,0.848937408420864,0.9903270389743098,0.964440059543944,0.8971844998566129,0.8608504016434793,0.8303633167599639
2025-01-28,1.5298662651034411,0.8519750117760176,0.9939015063945398,0.9674574957873849,0.9002123905478158,0.8640959831101981,0.833367427617711
2025-01-29,1.5341508013337664,0.8543760753113129,0.9967910269684865,0.9699267531715615,0.9026696632523028,0.8667665424753549,0.8354223857720137
2025-01-30,1.5501236958158575,0.8635227468681314,1.0078552747959635,0.9794866476940974,0.9120766791532287,0.8771741419371601,0.8429330335420334
2025-01-31,1.5549818938008706,0.8662137564554979,1.01100342067207,0.9820468150740671,0.9149552035685302,0.8804907807348041,0.8453708517086665
2025-02-03,1.5387759492309376,0.8567810085190596,1.0001406791437875,0.9729610124857074,0.9051480281421048,0.8688863097680588,0.8375287814367457
2025-02-04,1.5364813022121857,0.8555122459454881,0.9986592864988398,0.9717593962663549,0.9039387523697469,0.8674857856129878,0.8365674769134313
2025-02-05,1.5458929403750339,0.8605517535161763,1.0047850689787468,0.9767651272680986,0.908692527195632,0.8727736766936302,0.8405396228335411
2025-02-06,1.5645369474023905,0.8704727243765936,1.0169673009882936,0.9867969154158179,0.9184411401035907,0.8837298705943364,0.8484900842026113
2025-02-07,1.5597325302068794,0.8680186897548818,1.0140152418664163,0.9844432330744485,0.9158816156912152,0.8807597474394514,0.8462422298129552
2025-02-10,1.571797353985159,0.8741471159670035,1.0215068729341126,0.990524911229702,0.9223677269337037,0.8878825115665078,0.8513434342233402
2025-02-11,1.573518339249223,0.8750469445811261,1.0225598305889818,0.9913859413787225,0.92330574067444,0.8889285780898557,0.8521260595576758
2025-02-12,1.578896418199422,0.8779742460930833,1.025952946368107,0.9942214515677212,0.9263430744586896,0.8923749867138366,0.8545735127535661
2025-02-13,1.5712416191603058,0.8736921368559918,1.02098323708935,0.9899727454914438,0.9218871497343896,0.8872234585613838,0.8508958504954803
2025-02-14,1.5654691477537588,0.8704211404536779,1.0171909689508172,0.9867423677620892,0.9186350222674585,0.8836476113254618,0.8483817404107322
2025-02-17,1.5718332078448276,0.8741052594427281,1.0214385062211773,0.9903750351686986,0.9221824051866997,0.887323964470484,0.8511437991124275
2025-02-18,1.5716001577569858,0.8739075058326891,1.021270809915595,0.9902283722918739,0.9220378872606203,0.887162598638206,0.8508627127781629
2025-02-19,1.5618837617869594,0.8676800883909905,1.0144328549528767,0.9842844675395884,0.9163340979454568,0.8810639894258515,0.8454164855809374
2025-02-20,1.553009931519131,0.8622001071809182,1.0082286279684811,0.9790350773696171,0.9114575609139559,0.8760507167647436,0.8404136657773138
2025-02-21,1.552364562045107,0.8618008093052553,1.007776191215713,0.9786530783746237,0.9111022110326452,0.8756840648894548,0.8400437805564288
2025-02-24,1.552292854325771,0.8617572610576509,1.0077074751957207,0.9785905530490835,0.9110493999684834,0.8756331547169687,0.8399926980250929
2025-02-25,1.554031766519669,0.8628251410100305,1.0089840122647644,0.9796647832525813,0.9120089878130526,0.8765764054317406,0.8408800965749398
2025-02-26,1.5652898784554188,0.8698939149516705,1.017598235923222,0.986936615578609,0.9184641041563634,0.8830198365760115,0.8462093240835131
2025-02-27,1.5697178301244161,0.8725951183666822,1.0209013726709295,0.9896134158269063,0.9210438259159087,0.8856636355088567,0.8483266226091264
2025-02-28,1.5793087375856043,0.8784736389269386,1.0282403028642748,0.9956063106939912,0.9267551350534461,0.8916548177075062,0.8533042774067937
2025-03-03,1.5903517263633462,0.8855666656622616,1.03663444841628,1.0023316002406937,0.9334292655677077,0.8988712754297494,0.8580610481804354
2025-03-04,1.5702197841597683,0.8728939971207546,1.0215911909605926,0.9904743729926748,0.9211130029009463,0.8850279169898204,0.8490891882324497
2025-03-05,1.5696461224050804,0.8725281589577761,1.0211463654135244,0.990116024226246,0.9207281047693476,0.8845979264318361,0.8487554950241418
2025-03-06,1.5565594636262627,0.86463941437558,1.0121772657640924,0.9832688346523704,0.9145461899663897,0.8777124633300901,0.8432100157602805
2025-03-07,1.556039582661077,0.86432061281119,1.0118169199771672,0.9829925825389224,0.9142930425825759,0.8774231328574164,0.8429886122291096
2025-03-10,1.5417518195833817,0.8550217539040852,1.0020011604752432,0.975310965294993,0.9076169361415292,0.870546561983366,0.8369588743710418
2025-03-11,1.523071958696357,0.8435933054281579,0.9896764942936136,0.9658385364948845,0.8995599049347752,0.86258795767622,0.8299087868926863
2025-03-12,1.5311390771216555,0.8483222761569578,0.9945483702460431,0.9694841484808179,0.9025769933924488,0.865492282728956,0.8330071584365313
2025-03-13,1.5314259079989994,0.8484747988037482,0.9947194735835555,0.9696054568760122,0.9026749607309983,0.8655868744322575,0.8331088089966805
2025-03-14,1.5475063640600943,0.8578118586820946,1.004913075446759,0.9777325896388914,0.9094499245303844,0.8720780388260382,0.8412565368355982
2025-03-17,1.5561112903804128,0.8624139708834843,1.0101036190513026,0.9818322434271928,0.9132328832156537,0.8757516622160607,0.845730942056158
2025-03-18,1.560575095909078,0.8647744571211218,1.0128288684708657,0.984026267669869,0.9152781431948748,0.8777513864079884,0.8479628902765182
2025-03-19,1.560843999856588,0.8649156066985594,1.0129853411065113,0.9841455906495924,0.9153916475205807,0.8778616932822849,0.848096810224846
2025-03-20,1.56000143415439,0.8644665632066784,1.0124250977785458,0.9836596053347345,0.914952676584323,0.8774303916993313,0.8476752520802949
2025-03-21,1.5501057688860236,0.8590700297127994,1.0058104816820217,0.9779318978795374,0.9097804261436725,0.8723929171324226,0.842695791348519
2025-03-24,1.548528199060632,0.8582131535651456,1.0047599244261038,0.9770316439002565,0.9089756792043817,0.8716239473429904,0.8419153297856372
2025-03-25,1.5531533469578032,0.8607181810420065,1.00791455082161,0.9797392693539102,0.911354511345444,0.8738268321774794,0.844230538893933
2025-03-26,1.5577784948549744,0.8632072151092601,1.0111468119887308,0.9825333265992986,0.9138160377020128,0.8761238554537195,0.8460553360232355
2025-03-27,1.5535656663439852,0.86094618293103,1.0081103272515601,0.9798992329826548,0.9114778071571459,0.8739011940458029,0.8440229707935014
2025-03-28,1.5522749273959373,0.8602217138293445,1.0071484233237062,0.979073071510628,0.9107522333647102,0.8732299630641719,0.843412537182534
2025-03-31,1.5386325337922657,0.8526395777938548,0.9967995269542972,0.9701654535274533,0.9029285142437258,0.8660439450866153,0.8372400827846856
2025-04-01,1.547954537305944,0.8577682210451528,1.0034916856063016,0.9755389705455798,0.9075223035566927,0.8702661023336387,0.8410104100901177
2025-04-02,1.543239754759603,0.8551450315521941,1.0001027384920107,0.9728119529287145,0.9050712559017792,0.8679706517011024,0.8390524412034485
2025-04-03,1.5192535226417156,0.8404961056070749,0.9824866510587451,0.9585793330704273,0.8924664007449712,0.8565643918907905,0.8300646768456288
2025-04-04,1.4440141981284316,0.8005865714998766,0.9360887112401115,0.9241900720382183,0.8636576943400897,0.8283058203766662,0.7999994827713737
2025-04-07,1.3807500627442575,0.7828210209576257,0.9173991239870677,0.9115687475575022,0.853640741074512,0.8158113586387488,0.7787915660955541
2025-04-08,1.4181097845183066,0.7914399554636397,0.9263172184724823,0.9171764254109303,0.858044137351997,0.8210331848282011,0.7915322804765577
2025-04-09,1.3766985766017743,0.7828229318237676,0.9169182258493536,0.910809623782848,0.8527424647360794,0.8146723753208449,0.7775416193867989
2025-04-10,1.4186117385536585,0.7912720620372674,0.9261523091558133,0.9174311496525263,0.8580675701262956,0.8205835549407728,0.7918697309709447
2025-04-11,1.4277365458391629,0.7929299123313641,0.9280357257418932,0.9188478290180507,0.8593031752300816,0.8219747256318646,0.7949526892140262
2025-04-14,1.4582302534867913,0.7984496075847944,0.9344955837185593,0.9241753601610437,0.863857798279565,0.8270706083506334,0.8052294722313135
2025-04-15,1.4788103689362195,0.8020240842690569,0.9387705281240774,0.9278862852893214,0.8671774644922198,0.8308009792586758,0.812111171989293
2025-04-16,1.4835610053422288,0.8028297632478248,0.939760407766719,0.92880107098361,0.8680020602960216,0.8317250225080614,0.8138080113279991
2025-04-17,1.483578932272063,0.8028327733350259,0.9397595429787778,0.9287858644543109,0.8679925333022154,0.8317167728212642,0.8137348090495955
2025-04-22,1.493062278154247,0.8044405584768058,0.9418550057339788,0.9311307877937551,0.8699899054336452,0.8338800398386385,0.8167854914712226
2025-04-23,1.5064357678104086,0.8066875273511168,0.9448809645283319,0.9347986703984642,0.8730687990247183,0.8371684479365249,0.8217623640442043
2025-04-24,1.5071886988634364,0.806811887746519,0.9450506073116137,0.935005277467443,0.8732420452363588,0.8373534294954266,0.8219815750357772
2025-04-25,1.5086049263203223,0.8070469712755054,0.9453817324443314,0.9354483243502917,0.8736128111379456,0.8377414829204067,0.8224683009286979
2025-04-28,1.508963464917002,0.8071064000740557,0.9454639477661537,0.935552535475647,0.8737014900020607,0.8378356557137627,0.8225708406715766
2025-04-29,1.5172457065003087,0.8084826134347023,0.9475503384700873,0.9388902455246452,0.8763553136810466,0.8404858934765276,0.8261997747881056
2025-04-30,1.5228747624681835,0.8094116943021434,0.9490012726691448,0.9412985672814453,0.8782903430207591,0.842400084230652,0.8285423967118782
2025-05-01,1.5232153741350294,0.8094675455764796,0.9490859917770476,0.941432111184846,0.8783975282367775,0.8425075317655348,0.8286701858925207
2025-05-02,1.54107059624969,0.8124148443354535,0.953972778853433,0.950315982007079,0.8854967443965711,0.8493662225690612,0.8384835349671943
2025-05-06,1.54124986554803,0.8124432371721778,0.9540199303317539,0.9503567734522894,0.8855547251951125,0.8494182839921921,0.8384715077131736
2025-05-07,1.5344197052812774,0.8113310422514668,0.9520756129155487,0.9470193913489713,0.8824951286587868,0.8464432902814962,0.8355858612108512
2025-05-08,1.5294539457172605,0.8105067607286537,0.9506178321892456,0.9445054579239767,0.880242473932186,0.8443546471451374,0.8335214483056707
2025-05-09,1.5336129934387475,0.8113254985361107,0.9518650668650882,0.9466808562633899,0.8821745815391693,0.8460757017119599,0.8352094468742334
2025-05-12,1.542612312215414,0.8137221971450799,0.9546486223398422,0.951769366992817,0.8868390796891399,0.8501602839631022,0.839044831915952
2025-05-13,1.5422358466889001,0.8135909095784052,0.9545235702586978,0.9515525810399141,0.8866215200050757,0.8499561132860223,0.8388722072454675
2025-05-14,1.5390269262486147,0.8122114845042824,0.9534675475094132,0.9496280511824611,0.884809559180175,0.8483185499518081,0.8374448241096489
2025-05-15,1.5477752680076051,0.8168385361266914,0.956407785399016,0.9549519746268099,0.8897761278224259,0.8527225738488973,0.8411935904199029
2025-05-16,1.5568821483632758,0.8217744677619584,0.9595347267547353,0.9603371712895208,0.8950500972007882,0.8575483290784911,0.8454641503868475
2025-05-19,1.559517407048873,0.8235035394568917,0.9604534447033402,0.9618499059425217,0.896596481885595,0.8590065925208853,0.8467469340658139
2025-05-20,1.5741816356530827,0.8350501830597062,0.9657449498329286,0.970690985609036,0.9054090350428455,0.8676079977404596,0.8538602344000842
2025-05-21,1.5751496898641184,0.8357936121764884,0.9660939443801208,0.9711473950354407,0.905988813279787,0.8681839907073405,0.8543197855779656
2025-05-22,1.5666881789824718,0.8291582830183789,0.9629212402741025,0.9663338847122712,0.9008118814644139,0.8626756395932024,0.850163044136516
2025-05-23,1.5628697429278307,0.826317898441582,0.9614515747794145,0.9642008537426131,0.8986366300002812,0.8604357795654071,0.8481922280169745
2025-05-27,1.5736438277580624,0.8344773676071336,0.9656965137611031,0.9704194311106042,0.9047161231610101,0.8664231537420651,0.8505379633263241
2025-05-28,1.56430389731455,0.8275494706115897,0.9619555657049638,0.9652162690555852,0.8993359641801151,0.8609014170267091,0.8466406083256257
2025-05-29,1.5626008389803203,0.8263378381290502,0.9612538271543077,0.9642822404938968,0.8984006909871132,0.8599626093648466,0.8459625559399634
2025-05-30,1.5726219927575245,0.8331929281197127,0.9654661501571047,0.9700060752458542,0.9038580208713598,0.8652562502697181,0.8508309519728368
2025-06-02,1.5729626044243703,0.8334201846143251,0.9656063950140582,0.970184303722133,0.9040376284745845,0.86542281335404,0.8509088564245312
2025-06-03,1.575239324513288,0.8349711013257844,0.9665988293936868,0.9715019295725446,0.9053376612976068,0.8667316748325237,0.8519510830352302
2025-06-04,1.5778028754795494,0.8367218782389143,0.9677515741913064,0.9730576732910085,0.9068412660075937,0.8682719729698626,0.8531183841897496
2025-06-05,1.5795417876734474,0.8379974408577293,0.9685533698659152,0.9741451318755586,0.90787991535127,0.869355113008966,0.8539593131496322
2025-06-06,1.5843641317987924,0.841740587995217,0.970864380011492,0.9772753307624481,0.9108264219389274,0.8725171617762351,0.8562290657407358
2025-06-09,1.5833602237280886,0.8409251575638566,0.9703581515666589,0.9766173271912149,0.9101985999750783,0.8718035260108487,0.8556696651344581
2025-06-10,1.58708902513356,0.8438957161857324,0.9722461193208514,0.9790929325855826,0.9125274674389144,0.8743944482248616,0.8578789647732007
2025-06-11,1.5891147682048017,0.8455114250774595,0.9732957441115389,0.9804535060957453,0.9138071476493901,0.8758606238569586,0.8589721463082315
2025-06-12,1.5927897888207712,0.8484444466379861,0.9752661884994749,0.9829604357554875,0.9161565564692511,0.8786620107927589,0.8611289486121388
2025-06-13,1.5866408518877104,0.8435313393684025,0.971844144622988,0.9787467061829699,0.9121960422968141,0.8737358452086326,0.8578373172301016
2025-06-16,1.5910508766268736,0.8470481977082545,0.9743335886427554,0.9816268993069971,0.914847391319414,0.8767794570528963,0.8602008186192088
2025-06-17,1.5836649815352668,0.8411500119075546,0.9700289357785485,0.9767357014688697,0.9102843246517315,0.8713187979265936,0.8564231688479942
2025-06-18,1.5853680398694965,0.8425068590515077,0.9710273063597736,0.9777851089607676,0.9112322384296255,0.8723426363049468,0.8573078247792183
2025-06-19,1.57609981714532,0.835118787934931,0.9653738420845713,0.9717428645329761,0.9057413119367319,0.8661088151259089,0.8519554389955164
2025-06-20,1.5730343121437067,0.8326823361377416,0.963498341597179,0.9698572326634993,0.9040528540546126,0.8642732606710245,0.8499286908018066
2025-06-23,1.5700405148614291,0.8303051958913228,0.9616033679213584,0.9679866605414045,0.9023923989097943,0.8625687762351776,0.8481129658722057
2025-06-24,1.5702197841597691,0.8304474039061479,0.9617052579323541,0.9680894669073687,0.902483864185506,0.8626654330707775,0.8482049935218967
2025-06-25,1.5630131583665023,0.8247303153737193,0.9568865844445914,0.9633625601394867,0.8982862018935819,0.8584106587819255,0.8442862963410209
2025-06-26,1.5660248825786138,0.8271140383570907,0.9589095577172282,0.9652271292350291,0.8999298147153678,0.8599902862759305,0.8455560685484796
2025-06-27,1.5773726291635337,0.8361042025063197,0.9667526311084916,0.9725140405013989,0.9063983130463243,0.8663745519717746,0.8504539445801741
2025-06-30,1.570578322756449,0.8307021040721422,0.9621259810881726,0.9684732454796571,0.9024495682676272,0.862288214841878,0.8475619025153635
2025-07-01,1.57493456670611,0.8341582268541795,0.965115421414044,0.9710238305689495,0.9048587311628046,0.8646437701686122,0.8492064314440013
2025-07-02,1.5730343121437067,0.832648532727971,0.9637645005333183,0.9698565058733942,0.903753585818568,0.8635245310660072,0.848176085361525
2025-07-03,1.581728873113195,0.8395519232434259,0.9700522622161589,0.9752923774777563,0.9088469371980124,0.8685824918682409,0.8512640681032158
2025-07-04,1.581675092323693,0.8395091044967739,0.9700120706830658,0.9752434027915301,0.9088076049559721,0.8685245233729286,0.8512305178276202
2025-07-07,1.5787350758309175,0.8371683861421942,0.9677979367458948,0.973367939933946,0.9070089049152499,0.866630198178871,0.8499378420278618
2025-07-08,1.587286221361734,0.843970111916165,0.9743403371853818,0.978856356879972,0.9122231017274662,0.8719680946086783,0.8537049420204096
2025-07-09,1.5895808683804855,0.8458002293913507,0.9760919286626535,0.980256240487036,0.9136305932312838,0.8734526082657378,0.85485266295463
2025-07-10,1.6090674411100403,0.8613531477856512,0.9914062456026926,0.9928693583587486,0.9259915783127749,0.8870576753889428,0.8640658652856331
2025-07-11,1.6028647233874773,0.8566545726274372,0.9870456039640036,0.9896395765175786,0.922130320434532,0.8823917323546906,0.8613279098919666
2025-07-14,1.6130830733928554,0.8641630892585288,0.9941993136906375,0.9949776018915563,0.9281946080640703,0.8892018923723018,0.8657881149603485
2025-07-15,1.6023627693521252,0.8563773718061084,0.9867438031073454,0.9893501619798823,0.9217093986845104,0.8815843554060333,0.8610219749892571
2025-07-16,1.6002653185615476,0.854907099634548,0.9852986611588033,0.9882618375329841,0.9205363097999809,0.8802597450280875,0.8599512414859347
2025-07-17,1.6085117062851861,0.8606954302045886,0.9911036183090531,0.9927683190959485,0.9250652085749399,0.885113437941025,0.8632423227911494
2025-07-18,1.6120074576028154,0.8630933618715352,0.9935802899549669,0.9947106500232558,0.927037660497313,0.8872577953392341,0.8651938992496465
2025-07-21,1.6157541859381206,0.8657780873650155,0.996292754364249,0.9968845656556232,0.9292180440427127,0.8896680762726874,0.8671126208127596
2025-07-22,1.6176902943601923,0.8671887094419136,0.9977234847127077,0.9980470132278951,0.9303689777368392,0.8909588224913317,0.8681562259880152
2025-07-23,1.6244487469076092,0.8721901499699889,1.0029027130087649,1.0023199830587903,0.9345078617841244,0.895712715208902,0.8716574446456791
2025-07-24,1.6382345559499527,0.882358307271159,1.0136114963650407,1.011041126730171,0.9430879117334893,0.9058858440571903,0.8780624760661417
2025-07-25,1.6349897816499992,0.8799564257374132,1.0111810303877793,1.009154427290794,0.941067737130549,0.9033159480604612,0.87621024739933
2025-07-28,1.6280162059445746,0.8748876574947548,1.005875840345217,1.0050210090703504,0.9367278491364984,0.8980638793390819,0.8724872290657725
2025-07-29,1.637858090423439,0.8819525393146017,1.0133969305301609,1.0108266072706997,0.9425034346057245,0.9045380962821933,0.8773145471457745
2025-07-30,1.637965652002443,0.8820189304414815,1.013470891290934,1.010877666863068,0.9425595184657208,0.9045853060761857,0.8773530429201504
2025-07-31,1.637230647879249,0.8814783010786913,1.0128777030014227,1.010406036693949,0.9420973771248443,0.9040303021159846,0.876875817510791
2025-08-01,1.6257215589258234,0.8730012106586701,1.0035956109685473,1.0031027426660122,0.9349010686353926,0.8955028720443416,0.8702946156906828
2025-08-04,1.6364239360367192,0.8803219395866276,1.0118936496183237,1.0092261778826892,0.9405392228335516,0.9017681991146645,0.8751005220496942
2025-08-05,1.639005413932815,0.8820446848727691,1.013848193459831,1.0106577070670362,0.9419473461695754,0.9033664578702627,0.8763443110173593
2025-08-06,1.642877630776958,0.8846759197122123,1.0168669398466044,1.0129196732322403,0.9441418523284753,0.9058906936605395,0.8784681365628118
2025-08-07,1.6314940303323702,0.8768020011349146,1.007704331908018,1.005915088057933,0.93743537845729,0.8980422727105705,0.8725468556607622
2025-08-08,1.6305797569108367,0.8761759530661457,1.0069736077172295,1.0053584402250482,0.9369047675054802,0.897426829190057,0.872016184262623
2025-08-11,1.6366749130543954,0.880563990175456,1.0118400262739313,1.0089908399278147,0.9401881088550655,0.9009557020592541,0.8747694680482352
2025-08-12,1.6399196873543485,0.8829693504300665,1.0144683146150222,1.010966791389708,0.9419945514438143,0.9029147366298462,0.8764486683786407
2025-08-13,1.6430389731454642,0.8853550824465218,1.0170527191707337,1.0129273256115245,0.9437900694199264,0.9048873346290035,0.8779795120734446
2025-08-14,1.6451902047255438,0.8870645574873853,1.018876980515202,1.0143171797283388,0.9450608141941718,0.906302078177593,0.8791026879568611
2025-08-15,1.6383241905991228,0.8815114629893194,1.0128056265294971,1.0096953088420741,0.9408515229202596,0.9014973144432634,0.8756000212029711
2025-08-18,1.6416944534079145,0.8842315521965872,1.0157778306876375,1.0118601927512418,0.9427954257461862,0.9035539609040852,0.8773804348199472
2025-08-19,1.6473414363056234,0.8887938266586561,1.0208699547046507,1.0155927929660793,0.9461674027857498,0.9072331327262716,0.8811706564262549
2025-08-20,1.6650711699114462,0.9031424711744802,1.0371085481116114,1.0273549071969021,0.9570134115543039,0.9193915506630983,0.8922932593672029
2025-08-21,1.6688537521064195,0.9058713225879724,1.040043051783142,1.0292806958900407,0.9593247492937094,0.9221294247979461,0.8939558398697047
2025-08-22,1.6710408375461667,0.9074951933640393,1.0418245525542444,1.0304981934837356,0.9606780591872389,0.9237755906057231,0.8949925288216944
2025-08-26,1.6610734645584646,0.8994984551436332,1.033370566969748,1.0244887875326651,0.9543526606739273,0.9158525373598506,0.8907337650591636
2025-08-27,1.6592269907855632,0.8980688176324944,1.0318280465578533,1.023407022923169,0.9532555884914492,0.9145351277257734,0.8898473754401689
2025-08-28,1.6522892689398063,0.8926528212024641,1.02589496946299,1.0192010667738869,0.9492286189219443,0.9100120530145096,0.8861008605266688
2025-08-29,1.6470008246387773,0.8885127951256676,1.021368351677686,1.01602400845932,0.9462507164640959,0.906824922208272,0.8832827074881348
2025-09-01,1.648614248323837,0.889742046649605,1.0227571176706942,1.0169999915330261,0.9471531424546191,0.9077121418789537,0.8841641879642564
2025-09-02,1.634344412175976,0.8787727167882471,1.0099811167768038,1.0079032015604286,0.9388755047698101,0.899253397637228,0.8758730808305912
2025-09-03,1.645333620164216,0.8868945803013145,1.0189420446117552,1.0138518360913364,0.944050275352601,0.9044665009666923,0.8821809745391701
2025-09-04,1.6523071958696405,0.892062120936791,1.0244935625645346,1.0176044665193187,0.9475284845846794,0.9080164067866238,0.8855315052891694
2025-09-05,1.650747552974083,0.8909129518566912,1.023231666253696,1.016718152504202,0.946690152597282,0.9071472908458572,0.8845266871233625
2025-09-08,1.6531139077121704,0.8926445627901926,1.0251755763649761,1.018087195276976,0.947965248109268,0.9084456911108849,0.8858520669619232
2025-09-09,1.6568964899071437,0.8955652831486841,1.0283860883901683,1.0204191892680665,0.9501174398896638,0.9106535501722867,0.8882229718612799
2025-09-10,1.6538309849055302,0.8931644860954157,1.0256886660677196,1.0184287836489885,0.9482845442427231,0.9087258042484024,0.8863855658472255
2025-09-11,1.666774228245676,0.9033329661974231,1.0372727344026456,1.0269328100721966,0.9560645622310454,0.9166407487180896,0.8936547208901211
2025-09-12,1.6642106772794143,0.9013932844455178,1.0350603172637067,1.0253532023197658,0.9544872914415821,0.9149402937938845,0.8918305740931203
2025-09-15,1.6630812806998725,0.9005575581367024,1.0340599377741801,1.0246327633804984,0.9537803551607037,0.9142071932048392,0.8911107197256402
2025-09-16,1.6485066867448332,0.8898197706797684,1.0209959579085792,1.0152191628580474,0.9445676889262105,0.9046392178154384,0.8832566812194695
2025-09-17,1.6507834068337506,0.8913392447664363,1.0228029167549972,1.0164109987237093,0.9456130029971569,0.905712482902083,0.8845063043404569
2025-09-18,1.654315012011048,0.8937635316647977,1.0257622539672355,1.0184608364371939,0.947460343148089,0.9076196695667457,0.88628206362159
2025-09-19,1.6522713420099724,0.8923457332492306,1.023977921100405,1.0171843803795382,0.9463163975888833,0.9064245757314112,0.8851591183323944
2025-09-22,1.6540640349933722,0.8936827639383572,1.0255515525377388,1.0183073175822654,0.9473208688776542,0.9074577282765468,0.8861843188709227
2025-09-23,1.653454519379016,0.89319207842174,1.024971640168793,1.0178863263196656,0.9469475262625661,0.9070669212410544,0.8858104123852953
2025-09-24,1.658312717364029,0.8970812539046755,1.0294773490451785,1.0211675905478985,0.9498659806127507,0.9100795189975648,0.8883656538672733
2025-09-25,1.6517873149044544,0.8917786656494324,1.0234009130793968,1.016708065669845,0.9458239418304444,0.905789292984833,0.8845954883030254
2025-09-26,1.664479581226924,0.9020572519628651,1.0351965693599516,1.0251164279702143,0.9533632418437229,0.9133798814486915,0.8931026516823531
2025-09-29,1.6671686207020235,0.904096863694609,1.0375807344984955,1.0266825432402373,0.9549853743052731,0.9150678681164212,0.8946901868878138
2025-09-30,1.676239647198026,0.9111993144348838,1.045927505533854,1.0323578885127218,0.9606054110088693,0.921100253189833,0.8988170864171503
2025-10-01,1.693449499838663,0.9243254426555737,1.061535982004104,1.0429338865324942,0.9714565771677146,0.9331935283876874,0.9077110900242794
2025-10-02,1.690097163959706,0.9216790637565284,1.0587392833757023,1.0410851102440066,0.96933266703147,0.93062295412046,0.9059869780710245
2025-10-03,1.7014986913341275,0.9307888350744783,1.068167666078754,1.0474467848358708,0.97655828278729,0.9388833749913906,0.9120993521278062
2025-10-06,1.69931160589438,0.929062145528378,1.0663834128971539,1.046236438153032,0.9751512054375893,0.9371658557522048,0.9109152919184105
2025-10-07,1.7001183177369097,0.9296890756143448,1.0670328505175704,1.0466782929686138,0.9756678427148349,0.9377678767533698,0.9113476723269143
2025-10-08,1.7118246029185096,0.9387997713377767,1.0770282886938234,1.0538644187263277,0.9834339688373585,0.9470313767318527,0.9184463130365147
2025-10-09,1.7047434656340807,0.9334408323089182,1.0711371306045638,1.0496786864737164,0.9786897456349822,0.9411264263414023,0.9141235394299405
2025-10-10,1.6900613101000377,0.9226412113142599,1.058893597304797,1.0409799360861276,0.9694104236499649,0.9302009252056558,0.9046880953661964
2025-10-13,1.6928220572944732,0.9245283869084845,1.0609993225762602,1.0423977294799884,0.9707128889656876,0.9316318974051375,0.9058483816537052
2025-10-14,1.6945968233480386,0.9257652625941621,1.0624022250451255,1.0433739810509775,0.9716376189470687,0.9326675684886576,0.9067227939942821
2025-10-15,1.6895772829945195,0.9222487484178592,1.0582403534871645,1.0403363875826457,0.9688336485509824,0.9295193213697096,0.9041048608955926
2025-10-16,1.6916030260657613,0.9237452833997708,1.0599286647316202,1.0415676570142254,0.9699633708917683,0.9306989300705412,0.9051312732874559
2025-10-17,1.676992578251054,0.9125380361561556,1.0472712353092453,1.0321790471584182,0.9614740469156355,0.9216072137866088,0.8972943444960394
2025-10-20,1.6857767738697125,0.9185442157060209,1.0542608037220607,1.0370005702121414,0.9656599219652712,0.9259386571776292,0.9020665983550948
2025-10-21,1.6899716754508676,0.9213925725549299,1.0576116971092575,1.0393625559061608,0.9677762210077758,0.9281548745393828,0.9043705270545228
2025-10-22,1.7057473737047848,0.9321196327696626,1.0705086152512762,1.048690877244671,0.9761631873845137,0.936997099496309,0.9116005205316129
2025-10-23,1.7171489010792067,0.9394254790958474,1.0791346311124173,1.0547349348896906,0.982429938342959,0.9438263450915865,0.9176815192472114
2025-10-24,1.7291599440679843,0.9469958459334222,1.0881036428180404,1.0611184660611985,0.9892551054605803,0.9514769676295712,0.9230839847759903
2025-10-27,1.7306299523143718,0.9479276056352182,1.0891670501482398,1.0618871569194843,0.9901023985394745,0.9524424115393502,0.9237511110252246
2025-10-28,1.7383206052131566,0.9529415181071723,1.0949564586349014,1.0661795251460862,0.9947297203506981,0.9578573453999892,0.9272456833980447
2025-10-29,1.7489692015345504,0.9598685938396568,1.1030707679514176,1.0723044235141952,1.001299945935751,0.9657541032309588,0.9323898874068236
2025-10-30,1.7496862787279102,0.9603311226912149,1.1036047395509492,1.0727066187015428,1.001741640874759,0.9662823849298453,0.9327332485066424
2025-10-31,1.7420135527589593,0.954982902654832,1.0976097652609695,1.0680578509617387,0.9968023413448954,0.9600044311826741,0.9288010719815188
2025-11-03,1.7391631709153539,0.9530425136607519,1.0953699668129089,1.0663461660169282,0.9950440805791702,0.9578874107708164,0.9272536243626001
2025-11-04,1.7416012333727773,0.9547130979043618,1.0973148606521665,1.0678454404826723,0.9965348282014933,0.9595742099066946,0.9284083338468383
2025-11-05,1.7527338567996893,0.9624420501860874,1.106523940094853,1.075041313412798,1.0035234355300913,0.9676267050924696,0.9339658962282176
2025-11-06,1.7453300347782483,0.9574011618098222,1.100495036339714,1.0704329575482943,0.9987606723475336,0.9619114427974281,0.9308982689906976
2025-11-07,1.7357929081065624,0.9509142064009007,1.0926947190708616,1.064567428724508,0.9929259411719759,0.9553408809913965,0.9269611943235424
2025-11-10,1.754544476712923,0.9634565659886761,1.1078670422027734,1.0756964640520368,1.003447687030302,0.9664095690536104,0.9348595873561881
2025-11-11,1.7746943458463353,0.9771062627508853,1.1225566327116323,1.085945543831544,1.0150708130876345,0.9792451670177547,0.9440558712520785
2025-11-12,1.776809723566747,0.9783901052841731,1.1239124127625455,1.0868700542015215,1.0163070587313532,0.9806593103016563,0.9450737879697817
2025-11-13,1.7582194973288927,0.9667040321300793,1.1110953967728037,1.0775799232608152,1.0050095773990608,0.967301621480241,0.9365506386479941
2025-11-14,1.738625363020334,0.9555115023312708,1.0984244801158964,1.068669905256037,0.9958513555097187,0.9568473728365128,0.9279722104045439
2025-11-17,1.7345021691585147,0.9533437900968706,1.0958977948609185,1.0669110561871118,0.9941832953076912,0.9550245124745326,0.9263483227365129
2025-11-18,1.7124341185328646,0.9413736840912718,1.0821842878389145,1.056835060229369,0.9850587507315317,0.945702647535523,0.9148141704520328
2025-11-19,1.7043849270374003,0.9373824506797734,1.0775400247634852,1.0535295195544212,0.9821978925212911,0.9428314397607218,0.9108336825432937
2025-11-20,1.708024093793702,0.9391416458698415,1.0796481738003318,1.0550818921092915,0.983512173687776,0.9440759445827513,0.9124047064581434
2025-11-21,1.7101753253737813,0.9402098766961449,1.0809202527107256,1.056062483554644,0.9843312598736657,0.9448426436866459,0.9132347145558958
2025-11-24,1.7093148327417491,0.939755215949118,1.0803748323378164,1.0555900856985474,0.9839479563877471,0.9444905246833885,0.9126684802521211
2025-11-25,1.7226883223979108,0.9468641917563486,1.0888519849124483,1.0628792595486598,0.9898809549534183,0.9498899758813372,0.9196794949983056
2025-11-26,1.7374063317916222,0.9543980164543953,1.0980416578389247,1.0706479729575047,0.9967724251563914,0.9562343033484972,0.9278420722237924
2025-11-27,1.737818651177804,0.9545908753483068,1.0982811508691082,1.0708386135394004,0.9969549342081172,0.9563983191473029,0.9279970285610741
2025-11-28,1.7425872145136472,0.957007379279164,1.1012681180058632,1.0734050348330395,0.999401951754336,0.9586963239845889,0.9304971603537204
2025-12-01,1.7393603671435278,0.9553718276841185,1.0991703660145296,1.0715244473521917,0.9976362534559414,0.9570182039158532,0.9288651806826672
2025-12-02,1.7392348786346898,0.9553041412501527,1.0990710423820478,1.0714259676795428,0.9975526173904959,0.9569536149647119,0.9287505459894557
2025-12-03,1.7374959664407925,0.9544146060638201,1.0978617651291063,1.0703019602902708,0.9965303569525544,0.9560042502341176,0.9278253866052472
2025-12-04,1.7408662292495838,0.9561384252705224,1.1002222875022205,1.072487979306054,0.9985181360407129,0.957831371522787,0.9295023547298901
2025-12-05,1.7329963070524592,0.9520151168200794,1.0944967211208287,1.0671308224197877,0.9936269986950915,0.9532504521933176,0.9253977556759527
2025-12-08,1.729070309418814,0.949964788814961,1.0916171844722804,1.0645472308343724,0.9912975261838116,0.9511132084028628,0.923055692887378
2025-12-09,1.72851457459396,0.949664626504757,1.0911838448057156,1.0641686414517306,0.9909612716018606,0.950814351200858,0.9227183081991536
2025-12-10,1.7309347101215495,0.9510131422655476,1.0930364796839456,1.0658083086176398,0.9924254842928567,0.9521283273281322,0.9242131443369761
2025-12-11,1.7394858556523662,0.9564367908029976,1.0998286267405102,1.0717980672243863,0.9977747411805442,0.9570461775248713,0.9286484773980915
2025-12-12,1.7297694596823399,0.9503476908648423,1.092072409516855,1.0652003166087762,0.991568228628401,0.9511037334156426,0.9240199062368778
2025-12-15,1.7481087089025185,0.9624907721611478,1.1065712208482117,1.0767656764090892,1.002095195964159,0.9609774704221509,0.9322933459984071
2025-12-16,1.7361873005629107,0.954533626944728,1.0978941309575654,1.0703370731895552,0.9951232202220284,0.9540878520423887,0.9269807184427197
2025-12-17,1.7522319027643378,0.9648058015321347,1.1092852612097688,1.0786564057158172,1.0034178597712409,0.9620547879127829,0.9341663516920998
2025-12-18,1.7636155032089258,0.9728206953795818,1.1169715977978394,1.0842187589942567,1.0095226318411472,0.9680791328659701,0.9383978875748393
2025-12-19,1.774299953389988,0.980491028799265,1.124167336230703,1.0895528625003053,1.015457603982419,0.9740592498707185,0.9428634636507577
2025-12-22,1.768670897422113,0.9765044013691316,1.12037675598102,1.0866628717549427,1.0122042527287203,0.9706902498898854,0.9407554442111365
2025-12-23,1.7728299451436005,0.979354712582739,1.1232250385493059,1.0888784103376057,1.0145919770613936,0.9730258223265873,0.9423961721073733
2025-12-24,1.769513463124311,0.9770566859408607,1.1208674740205844,1.0869539603715594,1.0126050753486953,0.9710251499690491,0.9410299899058083
2025-12-29,1.7687605320712831,0.9765029490966549,1.1203038034298218,1.0864785047788332,1.0121422827120787,0.9705760012504234,0.940510838538595
2025-12-30,1.7820623140081087,0.9865082182368821,1.1302354783877266,1.0948251607703208,1.0203698112066317,0.9786505041366458,0.9475940528228254
2025-12-31,1.7803951095335468,0.9852725997583373,1.1290027715260045,1.0938102660548152,1.0193183990127386,0.9775491106042212,0.9466993910562338
2026-01-02,1.7839267147108444,0.9878192320085687,1.1316326015526148,1.0959562859803171,1.021561624019189,0.9798373886693407,0.9484951606927219
2026-01-05,1.7935176221720328,0.9947970332241769,1.139006194930112,1.1020805472608326,1.0277825493437323,0.9863267081169443,0.9539251564931839
2026-01-06,1.8146893263059831,1.009994547767773,1.15530612848525,1.1153389401274425,1.041667709135553,1.0014061793046531,0.9630133311953476
2026-01-07,1.8013337635796556,1.001128968078017,1.1459983097044935,1.1084570021639886,1.0330391342853826,0.9912382444808759,0.9561770153690299
2026-01-08,1.8007063210354657,1.000703443876971,1.145561333977971,1.1081366021679284,1.0326081275988055,0.9907222254206765,0.955849395799894
2026-01-09,1.8150299379728287,1.009727675174641,1.1555636966199008,1.1158235226943707,1.0407451547877917,0.9996285949815265,0.9615212223820865
2026-01-12,1.8179161736761025,1.0115215092257002,1.1575146805972831,1.1173152209801578,1.04241795081432,1.0014965029355987,0.9628306321659529
2026-01-13,1.8173245849915804,1.0111473870472538,1.157081622727129,1.1169523422431826,1.0420443070463055,1.0010643599950804,0.9625409657597803
2026-01-14,1.8257502420135587,1.016403818723968,1.1631580513214117,1.1219100637019779,1.0472474704069419,1.0069798108957138,0.9665892405938422
2026-01-15,1.835520418773087,1.0225123111105305,1.1702908328511457,1.127770766521403,1.0534115715545027,1.0141565620887054,0.9719684451253976
2026-01-16,1.8348750492990629,1.0220591307224776,1.1698169889154133,1.1273828225740599,1.0529878044989704,1.0136258590984466,0.9715374990750123
2026-01-19,1.827722204295298,1.0170812088915677,1.1643930501967128,1.1228540675680119,1.048301420291785,1.0079791258844937,0.9672516964339924
2026-01-20,1.8154243304291764,1.0081526562233991,1.15497007342359,1.1151366394311748,1.0406075899192229,0.9992254061412635,0.9603989056099005
2026-01-21,1.817450073500418,1.009557248059061,1.1564755225910572,1.1162799336324474,1.0416457961882861,1.0003122345502053,0.9611691237307276
2026-01-22,1.8196013050804978,1.0110902658680918,1.1581166054190217,1.117575468892177,1.0428493702924926,1.0016119800948171,0.9621915550322939
2026-01-23,1.8184002007816198,1.0101878975062712,1.1571402471282608,1.1167764862471585,1.0421233395597067,1.0008140836649275,0.9615024679903493
2026-01-26,1.8193861819224897,1.0109163478587637,1.1579263311603876,1.1174130681094625,1.042705492765734,1.0014492709842004,0.961920389823308
2026-01-27,1.8299451435947136,1.018855151377835,1.1668301386493434,1.124666909442157,1.0492644153262887,1.0086314063020196,0.9674690303939181
2026-01-28,1.8203721630633596,1.0117039830128798,1.1588269023407756,1.1183579054741175,1.043189242518758,1.0017346976440789,0.9621591848835402
2026-01-29,1.823491448854475,1.0138956232038039,1.1614079824439993,1.1202875903696659,1.0449655602938717,1.003602489935648,0.96378075677497
2026-01-30,1.8327596715786512,1.0207548245658675,1.169282975227477,1.1263082153451984,1.050532526137999,1.0096345864510827,0.9678512266497398
2026-02-02,1.8539313757126015,1.036332257663512,1.1872605861494365,1.13987662345619,1.0635795215790929,1.0241386177390763,0.9787149525116906
2026-02-03,1.8490911046574223,1.0330238813029944,1.1835369528249386,1.1372332487341865,1.0605855611346457,1.0205715591966775,0.9769776278716856
2026-02-04,1.8648130221218373,1.0435146995746942,1.1955789423748195,1.1458791080395574,1.070273077032674,1.0314039224177747,0.9830727163095099
2026-02-05,1.8481230504463868,1.03170196206282,1.1832971759611035,1.137116005535657,1.0598478949599897,1.0191868968761237,0.9767062668392494
2026-02-06,1.8589867699257887,1.0391091362432812,1.1908573895788133,1.1426119534716142,1.0652497048433367,1.025281203546118,0.9812072563320634
2026-02-09,1.8619267864185645,1.041079350135033,1.1929104436929636,1.14412777449124,1.0667842401514118,1.0270273330002455,0.982231881468913
2026-02-10,1.8561184611523494,1.0369760989446133,1.18871624952733,1.1408942333983356,1.063556676208641,1.0233510053898323,0.9804636127527284
2026-02-11,1.8773260191459675,1.0515852666841476,1.2042668767435252,1.1529888787513096,1.075359023080181,1.0360541361562174,0.9881769067648708
2026-02-12,1.8648309490516717,1.0436156878890397,1.1958095630021182,1.1466089679592693,1.0682728678850706,1.02807845451249,0.9821029702510065
2026-02-13,1.8727187981786302,1.0483873664922,1.201068049319596,1.1505895514827504,1.072319999178037,1.0323609863400576,0.9842552703952319
2026-02-16,1.8776128500233116,1.0513787614808277,1.2043756308293194,1.1531509501338628,1.0749469405556924,1.0351727132414468,0.9863643630746611
2026-02-17,1.892402567136359,1.0604273746945456,1.2146385991238402,1.161354345925594,1.0832507702488778,1.0441109623491487,0.9938324029026402
2026-02-18,1.9157075759205544,1.0745430663716438,1.2304453769453543,1.173934290147185,1.0967023616668807,1.0589542250111112,1.005943201093989
2026-02-19,1.9050948334588282,1.0682074665619425,1.2237902191084937,1.1688139639171524,1.090514153449143,1.0517345987903248,1.0003877260801335
2026-02-20,1.9158330644293922,1.0743187227754079,1.2305193048878644,1.1740592644279744,1.096363148974867,1.0580919688646486,1.0057770651564577
2026-02-23,1.9154386719730443,1.0740914412958023,1.230265809901177,1.1738440163431356,1.0961212066626251,1.0578159030971224,1.005570563202601
2026-02-24,1.9147036678498504,1.0736724140071685,1.2297680215721896,1.173416452644829,1.095670648797619,1.0573232291427692,1.0051942403386172
2026-02-25,1.937255745581018,1.086462887687643,1.244899006256681,1.1862401085163095,1.109291124948641,1.072225118126129,1.0156928363334472
2026-02-26,1.9444802983041187,1.0903565526596708,1.2493461540184465,1.1897830526818371,1.1136727880108215,1.077252050839556,1.0193597081674577
2026-02-27,1.9559356064680424,1.0968032188319836,1.2566088366129624,1.1957762037319657,1.1207809493256162,1.0855982833481133,1.0249207276192283
2026-03-02,1.9325409630346768,1.0836297130724672,1.2416816991422903,1.1832629776591301,1.1059672967438463,1.0676581166629548,1.0128965289455962
2026-03-03,1.8794772507260467,1.0571468661213985,1.2101495472538057,1.1585192051971989,1.08203223782821,1.0388005523525408,0.9830640766378961
2026-03-04,1.894464164067268,1.0626680430624684,1.216391008811839,1.1627496665131543,1.0853758416362307,1.0431575578248755,0.9849947376307011
2026-03-05,1.866892545982581,1.0524287893233146,1.2045403294267245,1.1540994995150808,1.0782920232957391,1.0341711501484858,0.9768891634475378
2026-03-06,1.8437488795668913,1.044159832673771,1.1949329830498954,1.1469561289746784,1.0725676673106335,1.0275337799947213,0.9720643398055554
2026-03-09,1.8374206733354905,1.0419280911942683,1.1923393064824817,1.1449697436619204,1.0710043263224767,1.0259259551023803,0.9709572644809641
2026-03-10,1.8665877881754032,1.0522700494804498,1.2045953658212691,1.1550146079671257,1.0788352730085367,1.0335357298269314,0.9758201819480302
2026-03-11,1.8561184611523487,1.0487697694137836,1.200397988433893,1.1515679212354026,1.0758052337206365,1.0306021121965054,0.9732338095587478
2026-03-12,1.8474059732530266,1.0458782896847942,1.1968292902711448,1.1484468354201856,1.0731220466064602,1.0281420559444399,0.9712027982289411
2026-03-13,1.839518124126068,1.04317786314501,1.1935128564151816,1.1453847549966407,1.0705266725960014,1.0258601872719235,0.9693024134603389
2026-03-16,1.849646839482276,1.0466573298000477,1.1978632480495472,1.1495586841571537,1.0740331666062124,1.0288539368718321,0.9723825194089447
2026-03-17,1.865046072209679,1.051920514258485,1.204607883413747,1.1563228385200333,1.079783336446841,1.0337401070193335,0.9770264376021975
2026-03-18,1.84742390018286,1.0460018549312433,1.1968503674170294,1.1484281636473925,1.072710265625634,1.027725528483528,0.9710750191053428
2026-03-19,1.8040765838442563,1.0314087572206032,1.1777470714321185,1.129434642145006,1.056339649553744,1.0139766507723715,0.9569805712741402
2026-03-20,1.778046681725293,1.0230316982198717,1.167686760283541,1.1211353806048283,1.0496772749857932,1.007526043568237,0.9520869937613382
2026-03-23,1.7737262916352998,1.021661836479851,1.166048419505074,1.1197830355904326,1.0486093615389291,1.0065169358095316,0.9506906022248
2026-03-24,1.7864544118174375,1.0257408483196884,1.1709885339287434,1.1241505299054042,1.0520117922349894,1.0096365519098203,0.9521759242229446
2026-03-25,1.8118389444623766,1.0336955387233289,1.1809924478081706,1.1335036814533643,1.059415628199649,1.0163891680202364,0.9589244201117137
2026-03-26,1.7877092969058173,1.0265360958130718,1.171745623430126,1.1249282074324871,1.0518534579457273,1.0094964671695923,0.9523658667057308
2026-03-27,1.7868488042737851,1.02626869200962,1.1714141254078094,1.1246206677955872,1.0515820816362482,1.0092488578057357,0.9521161411953016
2026-03-30,1.8156394535871838,1.0351019605409073,1.1826493318048596,1.1356157266895017,1.0607594218668899,1.0173943469218052,0.9605239678784382
2026-03-31,1.8243340145566722,1.037605521576676,1.1858877662690557,1.1386488859795427,1.063676084833823,1.019993815497252,0.9635708868908989
2026-04-01,1.8580904234340878,1.047380870838581,1.1987943718900138,1.1515304841118597,1.075965225711811,1.0309117354826614,0.9754913795651845
2026-04-02,1.8709081782653953,1.0512321448774582,1.203382850827743,1.1557760436279307,1.0807809596097926,1.035253476829547,0.979655170607119
2026-04-07,1.8552221146606482,1.0465022893992204,1.1976457759139423,1.1501202488050397,1.0744362538302266,1.0295443306630614,0.974615601024033
2026-04-08,1.9018500591588736,1.0609756270025277,1.2149595231028811,1.1675593075008637,1.0925341583773789,1.0453226683208425,0.9903298484306012
2026-04-09,1.9008820049478379,1.06067867956845,1.214604382367693,1.1672019238423044,1.0921559220700798,1.0449440530386036,0.9900093514908533
2026-04-10,1.900344197052818,1.0605237699798344,1.2144120723652976,1.1669974628789055,1.0919025235165392,1.0447146661631916,0.989732805358892
2026-04-13,1.8972069843318686,1.0595827342304678,1.2133037840172782,1.1658446913454972,1.0904683076204125,1.0434033673817134,0.9885962977001104
2026-04-14,1.9018859130185417,1.0609797527211269,1.2149829975673334,1.1676481114794797,1.0926626382090494,1.045373840937388,0.9901742111190669
2026-04-15,1.8930120827507133,1.0583118812033918,1.2116766937289218,1.1638087517130984,1.088182706838695,1.0413472767657441,0.9866648834809205
2026-04-16,1.8984618694202482,1.0599511702921098,1.2137473768286742,1.166260008437763,1.0909009571556416,1.0436915347573927,0.9890231570650644
2026-04-17,1.9123731669714297,1.0641414914105147,1.2191929029209616,1.1730178484373113,1.0981821992086298,1.0500672530718436,0.9952979689217968
2026-04-20,1.9018859130185417,1.0609843000389525,1.215023490841574,1.1678466845949464,1.092467337869585,1.0449654291620316,0.9904963460938305
2026-04-21,1.8819870209028053,1.0548968803754424,1.2069255980784561,1.1578076885923345,1.0821129076303984,1.035948126472232,0.981387706225519
2026-04-22,1.878114804058662,1.0535446434575322,1.2053499559765335,1.1559755541254195,1.0803704102307807,1.0343963615233887,0.9795407729317288
2026-04-23,1.8746190527410327,1.0522486548897212,1.2038736179777119,1.1542078357825736,1.0787614691215537,1.0330015642178094,0.9778929402692522
2026-04-24,1.8606539744003492,1.0471473958607955,1.197829220305479,1.1467909850533298,1.072055762370928,1.0272873536644982,0.9714380750667058
2026-04-27,1.8502563550966311,1.0434041361060835,1.1932725128218211,1.1414387781088784,1.0673596197758715,1.0233259712941734,0.9667163283511158
2026-04-28,1.8523538058872084,1.0441719273407688,1.1942025274610957,1.1425240461324377,1.0682994054382113,1.024085905759709,0.967684799667094
2026-04-29,1.8308952708759145,1.0356795883847734,1.1843005721880664,1.130581987343184,1.058017312058147,1.0155951389172448,0.9579677354751862
2026-04-30,1.860600193610847,1.0468631794829037,1.1977281506819928,1.144676842522962,1.069650633528579,1.025691681826343,0.9721555915285789
2026-05-01,1.8579290810655815,1.0458619432108238,1.1965726553793343,1.1435417512442894,1.0685456469618329,1.0247066576541983,0.9709024077342681
2026-05-05,1.8319708866659543,1.0361072897304904,1.1852327833657783,1.1322187630937188,1.0571876860264786,1.0148723650049116,0.958438838401608
2026-05-06,1.871338424581411,1.0515385689487655,1.201844208054627,1.1475077956985777,1.0707948491146542,1.027315864905384,0.9671752580092573
2026-05-07,1.8423505790398382,1.0413984850566527,1.1908531625761425,1.1382824715981805,1.0604338317411572,1.0175883528138214,0.9616745142948115
2026-05-08,1.8344806568427137,1.0387345614041443,1.1879455039039752,1.1358578847254872,1.0580236236785912,1.0153022583721942,0.9588704952282913
2026-05-11,1.8409881323724544,1.0412898352553739,1.1903995555500428,1.1380441136646022,1.0601099225681816,1.017220151396434,0.960681609800802
2026-05-12,1.8402531282492605,1.0409942944583752,1.190104326071315,1.137733829390196,1.0598218858291173,1.0169599360089772,0.9603536058212072
2026-05-13,1.8510272130794925,1.045284213497987,1.194410501867486,1.1421846261486894,1.0639421152674033,1.0206547534027741,0.9630699508720912
2026-05-14,1.8595425047506409,1.0486099152877515,1.1978780896704417,1.1459286423513346,1.067445227418638,1.0237903193719606,0.9667447932280897
2026-05-15,1.8277222042952967,1.0362497774824508,1.1845865987831063,1.130866517579226,1.0532762434828482,1.0111053437420692,0.9515962996029228
2026-05-18,1.8507403822021486,1.0446285303196463,1.1936613565279741,1.139441731514811,1.0603668276756708,1.0181264352978585,0.9601966268894204
2026-05-19,1.8519594134308606,1.0450379659445599,1.1941292094944342,1.1398869460572003,1.060754508846534,1.018508418983808,0.9603265283715343
2026-05-20,1.8701911010720351,1.051481214833079,1.2014092864411898,1.1473079218353763,1.0674605254519631,1.0250442028862163,0.9652740287461113
2026-05-21,1.8721989172134428,1.0521637455417079,1.2022101784699613,1.1481308498465534,1.0682299783009872,1.0257937274434432,0.9657167847061773
2026-05-22,1.876286257215594,1.0535945497869528,1.2038805467445344,1.1499393769239221,1.0699478174843267,1.02745615888324,0.9667931596459591
2026-05-26,1.8807859166039274,1.0551759734776018,1.2057743695150611,1.1521046223939233,1.0719778077715634,1.0294098281475774,0.9684901546366561
2026-05-27,1.8832239790613512,1.0560316250906323,1.2068244848158596,1.1533487162606144,1.0731358738351255,1.03052256624088,0.9691235931117935
2026-05-28,1.8690617044924938,1.0509817800585364,1.2004569509745757,1.1454095635080412,1.0658395462864552,1.0235019291594398,0.9630973780998309
2026-05-29,1.8660679072102162,1.0499175205753726,1.1990946350627174,1.1437944707262064,1.0643994519102506,1.022143224789132,0.9616620714172089
2026-06-01,1.8534652755369168,1.0454482611995872,1.1931865430032165,1.1366900857778015,1.058183720113625,1.0165115091203667,0.9566783446761379
2026-06-02,1.8596500663296454,1.0476927266989684,1.1961140688521712,1.1400282934348758,1.0610257094194782,1.0190094193060732,0.959248920000783
2026-06-03,1.8522641712380385,1.044794310338181,1.1925107149257566,1.1358094776920793,1.0573673631339253,1.015760487039035,0.9560593533464813
2026-06-04,1.857283711591558,1.0467411509696984,1.1950018301369683,1.1387000295208258,1.0598580854718078,1.017888567386601,0.9580441638750274
2026-06-05,1.8586820121186098,1.0472953201325872,1.1957048686433474,1.1395188053013143,1.0605653275713427,1.0184966604380647,0.9586151108282218
2026-06-08,1.8595962855401436,1.0476717310394983,1.1961726386653366,1.1400682726153244,1.06104326929755,1.0189103907835135,0.9589360299968648
2026-06-09,1.8334408949123422,1.032805702049414,1.1819213284813037,1.1230397112003965,1.0461333547942278,1.0056260744096872,0.946899920337272
2026-06-10,1.838370800616691,1.0352611545637571,1.1843859169648048,1.1251580581005876,1.0478178851511757,1.0073820581862953,0.9490051131348505
2026-06-11,1.8471729231651837,1.0397484505397956,1.1889573149164316,1.1295459424476306,1.0514022690885314,1.0109466273675052,0.9510527012393521
2026-06-12,1.8772543114266302,1.0549041339548164,1.2049021989503723,1.1453353781195983,1.0646830299793233,1.0240393138228345,0.9604316408623957
2026-06-15,1.8698863432648576,1.0515034938121484,1.201311935007461,1.1422021628298005,1.06129100119868,1.0205843393766822,0.957666024491332
2026-06-16,1.8812878706392793,1.0566947135476987,1.2069260873148793,1.1472503540808712,1.0666413159048842,1.0256951432027293,0.9599247545982257
2026-06-17,1.8838693485353746,1.0579826713453273,1.2082090497407683,1.1484377205883984,1.0678989558199874,1.0269015393659926,0.9607212091692772
2026-06-18,1.8643469219461521,1.0468923034074902,1.1981498552292826,1.1384523402470776,1.0576351228197698,1.0170088454160084,0.9520057326953236
2026-06-19,1.857821519486577,1.0434188323670424,1.1948490208555738,1.1353817821820575,1.054785470795077,1.014236540030373,0.9491586269355512
2026-06-22,1.8711950091427387,1.0507905997814835,1.2017554871848206,1.1419769377684192,1.0606856295989133,1.0196994943770297,0.9551851088368353
2026-06-23,1.869581585457679,1.0499098659265014,1.2009156027202674,1.1411659292426248,1.059899209389312,1.0189675865244956,0.9543230205275633
2026-06-24,1.8754436915133958,1.0530595520501602,1.2040384762708278,1.1442813029110452,1.0627989365028518,1.0216168008609456,0.9569418989297412
2026-06-25,1.8876877845900153,1.0596226750458173,1.2107453146119604,1.1511733096110208,1.069208511103562,1.0275007346489635,0.9630748543741912
2026-06-26,1.88376178695637,1.0575546444318042,1.2085748910379523,1.1489793790834923,1.0670463459289652,1.0254679376112168,0.961466427488213
2026-06-29,1.879495177655879,1.0552325871759007,1.2061365104857746,1.1464725110155916,1.0646537021120945,1.0232951056370927,0.9603015208606842
2026-06-30,1.8818077516044647,1.056479643369878,1.2074722830023321,1.147844857773085,1.0659557721881037,1.0244581486998448,0.9610389091634761
2026-07-01,1.878437488795673,1.0545858480813122,1.2054274560414195,1.1457139466232746,1.0639673169845325,1.022639969558197,0.9600314637404682
2026-07-02,1.909737908285831,1.0720397733844098,1.224796465616135,1.1656787554060493,1.082488051095659,1.0392582560812194,0.9715980602808695
2026-07-03,1.914416836972504,1.0742942477677353,1.2272353169856594,1.167539592863024,1.0851645433696753,1.0418545184629686,0.9725346706887249
2026-07-06,1.9095407120576569,1.0718821659555,1.2245264766552832,1.1651644287774316,1.0822616656433224,1.038963701377918,0.9711593779595543
2026-07-07,1.9120684091642504,1.0731203827306164,1.2259475675883262,1.1664292977711164,1.0837512437932117,1.0403779896044698,0.9719220743235827
2026-07-08,1.8803556702879103,1.0575401918187723,1.2073778910937538,1.1489441845490072,1.064563003253051,1.021537058423134,0.9624996462074639
2026-07-09,1.8773977268653008,1.0561225828800942,1.2057870319352049,1.1476113763807703,1.063298523062818,1.0202090786238567,0.961655054703377
2026-07-10,1.881843605464132,1.0582214468715254,1.208133571742661,1.1495539108865636,1.0649461501833817,1.0219590946717434,0.9627401461507374
2026-07-13,1.882022874762472,1.058304042313034,1.2082173102276554,1.1496030203828989,1.0649882930377434,1.0220090575833152,0.9626623585571571
2026-07-14,1.8875981499408452,1.061241986594593,1.2113400047358196,1.1524957191879097,1.0674283617306617,1.0244959291998517,0.9649834277563433
2026-07-15,1.8851780144132555,1.0599300989983829,1.2099290003073015,1.1511231597520015,1.066253267754607,1.023313369174974,0.9641897583962664
2026-07-16,1.895270875909796,1.0654810868657805,1.2159169444385491,1.1569891889373676,1.071272764267487,1.0282292743790657,0.9675448476097606
2026-07-17,1.9003262701229828,1.0682168793843816,1.218951825712313,1.159941004166697,1.0738969870019996,1.030809262583283,0.9697782995814203
2026-07-20,1.8867735111684814,1.0602585725536722,1.210570212585194,1.1517154073112061,1.0664696990552212,1.0234356130482811,0.9652261913838941
2026-07-21,1.8977268652970531,1.0664531449426158,1.21729108333946,1.1578331930121648,1.0717625510355857,1.028510411348676,0.9694464076170065
2026-07-22,1.921229070309423,1.0799129343040899,1.2318106712419363,1.1710732088107627,1.0837929883718127,1.0401697198271058,0.9792337306004978
2026-07-23,1.907281918898574,1.0724628287739653,1.2237455335836716,1.1643109280949329,1.0764633253230034,1.032802135362082,0.9747319214108132
2026-07-24,1.9246710408375507,1.0813658759085945,1.233733122291359,1.1726452400095961,1.0846548389055006,1.0406935241493136,0.9809811188557538
2026-07-27,1.932845720841853,1.0854710777094505,1.2383230625840138,1.1764831233662205,1.0886897093783525,1.0446364333662772,0.9837026613753875
2026-07-28,1.9488365422537781,1.0935151295681087,1.2474878649158914,1.1844630403847252,1.096998885049217,1.05281219132769,0.9900663578827374
2026-07-29,1.955541214011693,1.0968244949701722,1.251283407409725,1.187764862431362,1.1005919717159063,1.056411330664489,0.992400826552709
2026-07-30,1.9535513248001193,1.0958410300732087,1.2501154682239588,1.1866893340826759,1.0994611453625716,1.0552567868931013,0.9915402229442496
2026-07-31,1.9483166612885925,1.0932475196641598,1.24696681395234,1.1837354206865505,1.0964433768413457,1.052252339757288,0.9890068674669992
2026-08-03,1.946452260585857,1.0921501084209781,1.2458068315690762,1.18263824307345,1.0953747036867028,1.0512027742717431,0.9882648125576338
2026-08-04,1.950342404359834,1.0943138781476938,1.2482503532391036,1.1849605399479208,1.0976405636928694,1.0533737617178558,0.9895620565633247
2026-08-05,1.9519379011150597,1.0952037329721993,1.2492710983152162,1.1859355137142806,1.0985832132389095,1.054283186698517,0.99011844276147
2026-08-06,1.9482808074289244,1.093155638741422,1.2467985235213859,1.1835676142079516,1.0963425806371152,1.0520283388840943,0.9888943226440998
2026-08-07,1.9542325481338112,1.097289536736804,1.2508844617682937,1.1874347978365494,1.0999688698909,1.0555775707715767,0.9909936129289716
2026-08-10,1.9473127532178884,1.092238339104598,1.245988478542669,1.1829078251861562,1.0956889734717334,1.0512351841541063,0.9879427965754185
2026-08-11,1.9440321250582673,1.0898972823252933,1.2436184849349579,1.1807949485692633,1.093723791333385,1.0492956710554706,0.9866123167364097
2026-08-12,1.9420601627765277,1.0885087606157167,1.2421418534476245,1.179509482118352,1.092544660515725,1.0481632819342408,0.9858382252543199
2026-08-13,1.9312143702269597,1.0809313533361051,1.2338667420010183,1.1723667555102795,1.085986871435142,1.041908966515678,0.9818507387424996
2026-08-14,1.9271628840844766,1.078186208001608,1.230795312959841,1.1698398057649677,1.083719867963824,1.0397762983063406,0.979711731665123
