,rolling,ewma,garch,gjr,egarch,rf,realized,log_return
2008-01-22,0.015648370024307228,0.018343432994200656,0.02367671401791075,0.02932602869294065,0.023892310108962814,0.016016308677746935,0.06926631302153535,0.028610488074778125
2008-01-23,0.01730868469621699,0.019115602099975478,0.024175492373858912,0.027388610600506538,0.021578607591373818,0.013530985768690823,0.051483481819566475,-0.02303286983932035
2008-01-24,0.017457823152166662,0.01937298775635849,0.023987864235508586,0.027635215584287224,0.02324360473725564,0.013530985768690823,0.02331134196985716,0.04639845902947888
2008-01-25,0.02047964185915548,0.021953653804097143,0.027704680872032376,0.025814127844137075,0.02055344220982566,0.013517679171334089,0.02017506878913812,-0.0011579593964693186
2008-01-28,0.020330950529553783,0.02128674687750508,0.025701079301591448,0.024126918439750962,0.01941142957575765,0.015477938233541873,0.02450793934878842,-0.013741970769141165
2008-01-29,0.020344798109309722,0.020910967522009827,0.024392030768803606,0.02340581219094376,0.020001766757001313,0.013530985768690823,0.007526478297530084,0.016498434034598497
2008-01-30,0.02090272517625415,0.020672792469325393,0.023343636188929106,0.02187721509291937,0.01833578349279453,0.014374396068715411,0.008444854048537445,-0.00817236367553893
2008-01-31,0.02091426047981991,0.020142734155365428,0.021888147767385097,0.020801033668557775,0.0182817988798243,0.012178661572335199,0.03414951388244203,0.0072543865605016545
2008-02-01,0.021074594717981208,0.019609781293034673,0.020455414297172327,0.019454076964592414,0.016996932153930288,0.026846694715488444,0.016020172166023753,0.025091584227619566
2008-02-04,0.02183397260470361,0.019981145286547444,0.020940435079387455,0.018201685686295366,0.01537160831135486,0.01530830209045087,0.011261254970907443,-0.0004977022847731166
2008-02-05,0.021489342054963594,0.019372822700841667,0.01944177510409,0.017040996711960764,0.014585837164021329,0.012589929955185382,0.016725020702370592,-0.026602769388728676
2008-02-06,0.022123176780413433,0.019880903505206805,0.02053761187388094,0.019997058888458045,0.017537071519669534,0.013968901228932538,0.012406114256739317,0.0012602825381847025
2008-02-07,0.022095946876817023,0.019277722984235114,0.01906708406971204,0.018706485491953438,0.016468338897025092,0.013770085963974832,0.01661336503354616,-0.026088810976830093
2008-02-08,0.022544647610593035,0.01975272970352651,0.020145039148095564,0.0211225045868663,0.01912375032327719,0.015825967600366756,0.014562792319942144,0.010410153014373756
2008-02-11,0.022752907960902187,0.01931999969055653,0.01903448219523628,0.019753049591309996,0.01768699873188418,0.013843345298313065,0.01415696687386053,-0.013279344436678879
2008-02-12,0.022852968024354627,0.019011762256050734,0.018368354290527907,0.01945098305883821,0.018373824006445553,0.012495553616307652,0.015889078494241343,0.03482969099822221
2008-02-13,0.024352385228262097,0.020311246154228406,0.02105212923209292,0.018198809594960504,0.016393366501546835,0.01500786866763279,0.015777848761200176,-0.00507206284936417
2008-02-14,0.02346738203372709,0.019731636181783627,0.019647061511402962,0.017201455242486972,0.01610369832383823,0.015044587724043488,0.01282726575568206,-0.00013606136388499338
2008-02-15,0.023287689499015447,0.01913056008556312,0.018244388725924855,0.01610944809979777,0.015213362174197206,0.012626292912915536,0.021008894696227014,-0.015720009323968193
2008-02-18,0.023488113732655712,0.018943250804042033,0.017935360935264523,0.016708891324020286,0.016468590729304483,0.016604217301274125,0.01406337749689018,0.02710192977779118
2008-02-19,0.024273406680719502,0.019529127523373088,0.019204134307208805,0.015651110919020862,0.014837204187656564,0.011905276548098033,0.023731524110048592,0.0034079019006448756
2008-02-20,0.020498998397543964,0.018952583998932265,0.017831129056473053,0.01462376477715829,0.014008869902827513,0.014992517443417284,0.016325346133140625,-0.012360513172758695
2008-02-21,0.01990139526992414,0.018622979111195523,0.017212245576379574,0.014828207226541315,0.014925596299412827,0.015245269914822453,0.016951085410922145,0.006528122762538254
2008-02-22,0.019127864809221427,0.01812631824518232,0.016145377340244026,0.013908709680079193,0.013937274288906875,0.01580307625160413,0.016160123429946147,-0.007393842849539097
2008-02-25,0.016383235788548996,0.01766719397819338,0.01528892275007614,0.01349446099365952,0.01417828349884196,0.013922795329442262,0.01207436808902754,0.01867483612284032
2008-02-26,0.016871289701567278,0.017729267574612954,0.015627859019894882,0.012672208017788402,0.012910444740731088,0.01262621255123279,0.010278550016231226,0.014544928746752329
2008-02-27,0.01676033010954288,0.017554503984538415,0.015373065704792304,0.011910693733506124,0.011852567002560871,0.011841324666746315,0.01821102596903224,-0.0017921888403410811
2008-02-28,0.01646335313800321,0.017025383695674853,0.014332001090002511,0.011243223457676952,0.011519574676127629,0.015469574714951088,0.01377869503733969,-0.01840247244853039
2008-02-29,0.016909887261894317,0.017111134623951425,0.014974143212622741,0.013467918101282707,0.013558030797737425,0.014631730133024759,0.016931958824040833,-0.01373861271672692
2008-03-03,0.017142818713521916,0.016927741762995517,0.014850273583197198,0.014103909049975322,0.014709757365059561,0.015123934808338546,0.016197715711884386,-0.011228104185043216
2008-03-04,0.016300058974741266,0.016640906049202788,0.014455604756235283,0.014193395871571979,0.015408188059949373,0.014504761626830346,0.024164919754221557,-0.008786295444093806
2008-03-05,0.016369868337886527,0.016276870342542653,0.01387116201023704,0.013917074285941381,0.01571465599394126,0.01619633406972262,0.009931632487825295,0.014766385403266493
2008-03-06,0.015749656919461858,0.01619021574691752,0.013877954331435606,0.013063852265669933,0.014434340648096225,0.013123533548992138,0.014775990693743097,-0.014991803945763134
2008-03-07,0.016074502581270203,0.016120823549332825,0.014076401174374677,0.01403149864752906,0.01568645272191556,0.01274501294197866,0.015771166403527253,-0.011599338164867004
2008-03-10,0.015227532727858654,0.01588586710085341,0.013815503609513618,0.014191671359338893,0.01635151531994995,0.01394700327267391,0.013679179678286963,-0.012499059358082754
2008-03-11,0.015249876225317071,0.015703270876585896,0.01369389220957238,0.014482463040929901,0.017081975176051426,0.013293555688999956,0.024213212644261746,0.010830972968291141
2008-03-12,0.015209857310125025,0.015454311753566255,0.01327120244637281,0.01358804098524938,0.015801013789237907,0.01459364869705704,0.015960206301656104,0.015000106833104708
2008-03-13,0.013442904816016838,0.015427436565097404,0.0133961956740414,0.012758916886237242,0.014507370796295058,0.012547776117395423,0.02146124160721067,-0.014648699442905212
2008-03-14,0.013743854453016376,0.015381824168609275,0.013619932292165125,0.013710346489161506,0.01570378860218753,0.01688574831801949,0.02998805401197889,-0.010720601435820513
2008-03-17,0.01388298524566093,0.015142666924208388,0.013317824983000857,0.013771726170208625,0.016247051083570326,0.02707398924339439,0.017950885327679342,-0.039349279401834886
2008-03-18,0.015862815243274805,0.017562582021146092,0.018918295971061372,0.021891180569124397,0.021121503135205805,0.01683316986717276,0.01730010132394798,0.03473970505511566
2008-03-19,0.0166592595170182,0.019035452620137526,0.021403759826821363,0.020472048873350204,0.0188473846277631,0.01530331365576095,0.020089857778664795,-0.010796955505678009
2008-03-20,0.016682518710249523,0.018644087640798786,0.020465028851123508,0.020003325033704066,0.019202808585501087,0.02094418390396374,0.012358219182403278,-0.009129836621615232
2008-03-25,0.01661134047315307,0.018213926504863306,0.01934322803360019,0.01919517104723838,0.01924951866140562,0.01384029229324873,0.020642628238234314,0.034677079478172244
2008-03-26,0.01847772015762872,0.019595721014272906,0.021772522782748136,0.01797372785102103,0.017101645288047564,0.018362919110578118,0.007295800440821601,-0.005057502299627777
2008-03-27,0.018450586412281124,0.019039103049138324,0.020337147704756538,0.017005376564721703,0.016792850244556755,0.015147059626623773,0.011335390678428038,0.01003708581872006
2008-03-28,0.018061593977374026,0.018622104707167415,0.019210630329073334,0.015937300449970618,0.01555924399389878,0.01531947893471049,0.011767174655280498,-0.004311862531359684
2008-03-31,0.017646623585481434,0.018085666872155556,0.01795052816842134,0.015084239018957439,0.015278803758362644,0.015328876411055788,0.021883774431298478,0.0016147436593251367
2008-04-01,0.017675758966215076,0.017539165010429365,0.01670218568043471,0.014152476435409954,0.014416026462483286,0.01419380168210065,0.023886235359498548,0.026051478909267005
2008-04-02,0.01838996341699967,0.018162757056925154,0.018044195878357264,0.013287629074260019,0.012901137552749116,0.016891784817528607,0.012129190859614789,0.010757634440609672
2008-04-03,0.0183123889858397,0.017805510416717036,0.017179594315210954,0.012485490032774707,0.011944613768272862,0.017934841082962737,0.011000812111626741,-0.004166955009687782
2008-04-04,0.018155149351888954,0.01729323104486248,0.016075796299994807,0.011908096176464678,0.01192377749353897,0.01661796354446892,0.005588968844780813,0.009427019401070935
2008-04-07,0.018119773307693075,0.016924674627892433,0.015298990467313147,0.01120749072780908,0.011077552356781411,0.016254633072441342,0.0051638334092166845,0.011319392882003695
2008-04-08,0.018008464520744547,0.016641684226587575,0.0147608417625331,0.01055934212871054,0.01023506816416476,0.012065545689984135,0.011094085778640841,-0.0040982981144337
2008-04-09,0.0176695851705362,0.016165910970610122,0.013851288533429533,0.010149520680339079,0.010329248557519669,0.01251906800886909,0.010903750577656815,-0.0010522712489989929
2008-04-10,0.01741738032127275,0.01567555145269216,0.012921812782609222,0.009599396580663453,0.010019542223755997,0.011246038891980437,0.019347391034678148,-0.003146709433891695
2008-04-11,0.017136953733840048,0.01521754399898091,0.012124717968425099,0.009201371581846304,0.010002948745953352,0.012597063908539355,0.022080943934431697,-0.011736471834112762
2008-04-14,0.01731226991879275,0.015031430833624591,0.012151716659611558,0.010243927011696897,0.011184647640036946,0.01549551948420795,0.006405176189666904,-0.010897942786061165
2008-04-15,0.017238695371962917,0.01481597744159235,0.01206837139079006,0.010893175235072968,0.012146047911483802,0.014140691836019972,0.014596323356978693,0.012829753866061515
2008-04-16,0.017077215018136277,0.01470437184488376,0.012094877240495962,0.01026879803528258,0.01118325010312265,0.01412472046210634,0.010633330444629429,0.02330881641768333
2008-04-17,0.01744415941861299,0.015357196802771313,0.013938860791416903,0.009692146430904023,0.009985164162484487,0.012948197966966791,0.015293102294561732,-0.010942520174639064
2008-04-18,0.014877477646421684,0.015128688273840844,0.01363479750069068,0.010453730124351489,0.011051909750287074,0.016923740094707207,0.009024787711991696,0.012661131167104829
2008-04-21,0.013353080710439818,0.014992092278920392,0.013431525991019842,0.009862867950700677,0.010171654345209709,0.011008870724592765,0.010779238211863018,-0.0005945696151902871
2008-04-22,0.012980299444493441,0.014536102360238216,0.01238833057337507,0.009306719500818116,0.009679407530594153,0.011405839454153528,0.009893838809982444,-0.003027873620494667
2008-04-23,0.012733668458698687,0.0141127763617718,0.011621863834932775,0.008923404304052775,0.009684464117480914,0.010154262415124878,0.015174862996711246,0.008070482727021207
2008-04-24,0.010745132601938635,0.01382491196087594,0.011168529974856529,0.008446344750039051,0.009015024901782019,0.012762343421440437,0.020434356336564007,-0.00542265818700341
2008-04-25,0.010759436852297698,0.01346940282979156,0.0106475534691652,0.008411548125725149,0.009388190429334732,0.0165931666064233,0.006223802531240223,0.006703972530682675
2008-04-28,0.010677423427740465,0.013161911665759422,0.010184697638539315,0.007976541377926616,0.008784122189944642,0.013317553377122256,0.007985107549136514,-0.00016417934989015342
2008-04-29,0.010572937441471898,0.012761010182072364,0.009526087254399537,0.007580339774716426,0.008477133709666516,0.012849017498534307,0.012859065128594752,-0.00016420630917532284
2008-04-30,0.010593498189106492,0.012372323784869826,0.008921983624076459,0.007218167255236566,0.008189700707937363,0.011839670544155948,0.013296558184087412,-0.0003449210411390643
2008-05-01,0.009213869425728473,0.01199571049662643,0.00837103760568163,0.006890500775602942,0.007943405792806618,0.013381618086658853,0.008196892253762128,0.0
2008-05-02,0.008991534003163385,0.011630272829978715,0.007862970484529079,0.00658780398446844,0.007668376106185065,0.008839342988652103,0.011982678869086195,0.020841538590081914
2008-05-06,0.009839086071281946,0.012377787976123563,0.010358840521409833,0.00631178774198949,0.00671201966800407,0.012671652413510459,0.012014342382585001,-3.217813817565901e-05
2008-05-07,0.00972441081760635,0.01200071327867271,0.009684717658442782,0.006062922055207016,0.006514425400253613,0.012483323703872376,0.006994929175164211,0.007325922651715946
2008-05-08,0.009572985091245836,0.011772690457454162,0.0093779659407858,0.005836499549444273,0.00606504894607851,0.010418708643765734,0.008407687735358469,0.001564021449065645
2008-05-09,0.00947451976068334,0.011420474419051013,0.00878866562970245,0.0056322196994302584,0.005836815604580412,0.009367748742255,0.013137856366289643,-0.010596868830841686
2008-05-12,0.00985847971489056,0.01137274019486555,0.00916764366089838,0.007340593210838388,0.007221270736895974,0.012855915217762024,0.010093038859179438,0.0025753712304443536
2008-05-13,0.009795962618643171,0.01104431159402848,0.008618175447965526,0.006996858850949329,0.0068924360334742425,0.010651521251402169,0.01935895330290363,-0.0014156333300537516
2008-05-14,0.009319774238599829,0.01071347051773336,0.008118359716451546,0.006726169830535906,0.00686370891869342,0.01490650559734749,0.013112168633734269,0.0006598057835584785
2008-05-15,0.00881739534611392,0.01038835232953727,0.007629090443767369,0.006437433534493583,0.006621901672627714,0.013738852120498026,0.0129383468945643,0.005742809218924841
2008-05-16,0.008555700496854645,0.010169640295445282,0.007414878959691075,0.006175398991087141,0.006219736847612615,0.01414041492944165,0.012907443697668917,0.00836251797148163
2008-05-19,0.007282760498218562,0.010070362015529577,0.0075202293249575,0.0059381553438750175,0.005752193244377171,0.014199454138239642,0.005802763218830243,0.011387417229064717
2008-05-20,0.006921213177177095,0.010154203854823856,0.008069010139158568,0.0057238726430502655,0.005210525685862468,0.012770229535723593,0.013423868955083402,-0.029425822767231997
2008-05-21,0.009582142688247412,0.012201398579733123,0.013166079340339653,0.014550708395499838,0.01071938950525187,0.011832387801206637,0.011315405148900809,0.0010492587546662533
2008-05-22,0.009574749806996736,0.011832486480003993,0.012110298476282776,0.012517882004861043,0.009749998525882913,0.011951802054031605,0.010072606322267058,-0.002665655835014671
2008-05-23,0.009567212085781622,0.011490588121734828,0.011411235729651971,0.01201882123738818,0.009734863795331079,0.012311613687320977,0.007425411712441394,-0.015372503977685914
2008-05-27,0.010073082396321195,0.011759695198983284,0.012042986910091988,0.013008589031418733,0.011138049005398993,0.008606778159737111,0.01404117029132363,-0.004742388970111111
2008-05-28,0.010055753036903724,0.011460472088497967,0.01144229478285635,0.012580594419979378,0.011271298258089035,0.013086028897198664,0.01084480980254896,0.0018304603522879272
2008-05-29,0.009950471497447799,0.011120382653840846,0.010745794116671011,0.012024214275085748,0.010846586925506834,0.011696084926445202,0.014051518061555248,-0.0002471637967055615
2008-05-30,0.009950485245625699,0.010781780981930483,0.010096256538892307,0.011499854709142346,0.010529686299453,0.013028892936571177,0.010332701589053112,-0.0024089240793646258
2008-06-02,0.009962416728391394,0.010469965042300158,0.00954734121982044,0.011051515066328076,0.010449705869165549,0.01157356232820048,0.011424668713177842,-0.0076112828163692635
2008-06-03,0.010090097507286221,0.010320797230563807,0.00941910266404981,0.011014729243515795,0.010926534632590603,0.011463448087237718,0.007746948635482732,0.008304855735380558
2008-06-04,0.010276944303517027,0.010211070554700804,0.009258713103528458,0.010544629728262407,0.010336563891956807,0.011508929694297027,0.015620218714361037,-0.014566512401684772
2008-06-05,0.009523618611331101,0.010523355034094368,0.01016714451327953,0.01163735417741234,0.011605931531033009,0.012725665442316235,0.009635890929775019,0.004212151245866656
2008-06-06,0.009610287848855,0.0102548073697299,0.009638995605780043,0.011132658406528242,0.011097062356706312,0.012321958196626102,0.023737534359289165,-0.014871599311369483
2008-06-09,0.009785188217433769,0.010588733526891976,0.010522882399039337,0.01217941645769395,0.012354271750692649,0.014425728211257044,0.010563590083621606,-0.004955714293551196
2008-06-10,0.00974404137525556,0.010337676106885584,0.01006914823068438,0.01182059344650342,0.012446433323442545,0.0128288158603695,0.00764931098813952,-0.008594744019421435
2008-06-11,0.009676413156302542,0.010241468251133893,0.009982697607821996,0.011820405615285795,0.012921782125772632,0.013130790807337549,0.017299999435491372,-0.01800820919201794
2008-06-12,0.010117136976135496,0.010865180510274705,0.011372495656954718,0.013361695561341926,0.01442615667405716,0.015994998072541455,0.008819832638967469,0.011673081529803843
2008-06-13,0.010670312328731973,0.010915340975603509,0.011339725521647203,0.012763063042025881,0.013561891459505003,0.012914324344713544,0.016330680084799043,0.0021219160403148315
2008-06-16,0.010702473189907644,0.010595571723970177,0.01065543381734204,0.012196772019457736,0.0130112897180072,0.014383565821122856,0.011989762613860925,-0.0014141102948017341
2008-06-17,0.01051321554517718,0.010278626086393084,0.0100322559364755,0.011679366192182966,0.01270262663578649,0.01208185685953915,0.019902197596093765,0.011547333731161655
2008-06-18,0.010715677607079813,0.01035913123521355,0.010164838379685267,0.011172350806921054,0.011932758708963867,0.01927082134324656,0.014303145742139057,-0.018074647734228864
2008-06-19,0.010601999047551509,0.010976086615659622,0.011524691490526642,0.012862257910860975,0.013510809097042437,0.015104554295754684,0.011100096701849835,-0.00846036114064206
2008-06-20,0.009046876713292577,0.010841617563288225,0.011255260676065748,0.012751498399695116,0.01391229045945688,0.013378228895790706,0.01870802462227534,-0.01546477171467337
2008-06-23,0.009311811893913632,0.011173082876113532,0.011868010077105019,0.013493986577101777,0.014946754174471897,0.017951029786899785,0.010877464265494956,0.00822116607695178
2008-06-24,0.009722153386426225,0.011018292444793824,0.011458667143910702,0.012912802923329246,0.014157805892564452,0.012621857478549783,0.018414783497288274,-0.005751261218645998
2008-06-25,0.00938714854823408,0.010775120539064365,0.010984021174742977,0.012568537587836347,0.014228150049606172,0.01664526984649459,0.0036134057077483257,0.00555714300004176
2008-06-26,0.009595563939664755,0.01053517629529091,0.010475209040049737,0.012035390986193837,0.013551092288376696,0.01198948360850079,0.012066012420751024,-0.02644933023320329
2008-06-27,0.010768664681874113,0.012095642495774685,0.013469887723575874,0.015363878413711538,0.01598142155263065,0.012634773201339322,0.014517386468121942,0.002136095379673674
2008-06-30,0.010828507839766284,0.011738827349898234,0.012656563463821555,0.01468717862007558,0.015303092921208033,0.012161812309274803,0.010944120071573946,0.017193119757605527
2008-07-01,0.011810985225609213,0.012135413693716322,0.013172012700867016,0.01404484104032871,0.014251224232924182,0.010569484119805165,0.016404910961612736,-0.026294082673607336
2008-07-02,0.01279935238799325,0.013413235873769209,0.015367810535938253,0.016805169269197073,0.016608130812420442,0.011862240367551373,0.023015132302041514,-0.009829350562315526
2008-07-03,0.0125093375031565,0.013225617972618921,0.014835266330646017,0.016504982074118827,0.016964007814155236,0.016601123814932322,0.02196737187520896,0.009226968396516837
2008-07-04,0.012698612818797935,0.013020375158174982,0.014227263799746986,0.01577076790725948,0.01603575895058167,0.01587742707954656,0.013743789576626853,-0.01171795140813592
2008-07-07,0.012652431767129026,0.012945925313250076,0.013983604774068858,0.015743298618119475,0.01662588685200928,0.014099048955192093,0.013380413212048614,0.018288002249649687
2008-07-08,0.013389156150105462,0.013326973582185328,0.014447944735636762,0.015047419234234366,0.015471105241843005,0.014588158962699103,0.02473368468098728,-0.013183552885026959
2008-07-09,0.01355969343909486,0.013318411893652632,0.01433417010411767,0.0152644559219796,0.01625278692720151,0.01740379160673402,0.010165276940859736,0.016244511778615047
2008-07-10,0.014178771050542932,0.013511859214126766,0.014473844346914283,0.014592791860368255,0.01517393376775744,0.013195564818214824,0.014811779957709253,-0.022458059560009132
2008-07-11,0.014452774471167532,0.014208377296830716,0.015668343876157183,0.016410122229175497,0.01701165511213817,0.01426651987100396,0.027426875114545904,-0.02722225762253139
2008-07-14,0.014999453583195708,0.015304521713813763,0.017461686242249436,0.018842808499909915,0.01926984642654688,0.02668976235424268,0.019104112199261853,0.007347126403339636
2008-07-15,0.015158356381122385,0.014947023040675363,0.016526383470051982,0.01799207794863862,0.018260394436042358,0.018450519736696876,0.026151313434632922,-0.02454216356577799
2008-07-16,0.01576529662053542,0.015689096706347865,0.017682143136723193,0.019599859559552794,0.020120036112337144,0.019139773467819816,0.025634654099155198,-0.004126913098715758
2008-07-17,0.015285898104481542,0.015244696613476057,0.016643096411320536,0.018784482540468363,0.01968084917133176,0.019669570986902935,0.022039463145658647,0.026005355516807296
2008-07-18,0.016542825097148856,0.01609451581378095,0.017847019287184972,0.017936641321796568,0.01814338420452269,0.018655837328547975,0.025123989194903572,0.016900436954198524
2008-07-21,0.017121186454854536,0.0161440056701493,0.017625684955026394,0.017130893874118126,0.01693963150929825,0.018966053785897725,0.01925011754204299,0.005175927775980044
2008-07-22,0.016952629837085068,0.015703458142513504,0.016781846389348935,0.016464958571469252,0.016168889603896213,0.019747746553250255,0.020831512322286524,-0.007447682658739586
2008-07-23,0.016830637923146603,0.015333974057457208,0.0159671429772776,0.01600882610410066,0.016311585951085263,0.019297740145837378,0.012395495525202853,0.01585000955086497
2008-07-24,0.017283483251028225,0.015365424918850604,0.015874361063663626,0.015307507740057796,0.015236957024552897,0.016463367171919745,0.015971967510320637,-0.01620427236163648
2008-07-25,0.01748486571305559,0.015417042924206663,0.01595679370019322,0.015922099650436516,0.016367386989248087,0.016215950094436656,0.014954125950965532,-0.0018105633556690856
2008-07-28,0.016611031564238647,0.014953955602285114,0.014982927745912786,0.01524431112839359,0.01592714768377795,0.01559196290144688,0.008128508209123022,-0.007501066562869198
2008-07-29,0.016640075713281292,0.014614359405757173,0.014321774143659483,0.014873831388164815,0.016089031045370922,0.01511803201371597,0.016764818201706642,0.001241558503321481
2008-07-30,0.0160790766774728,0.014172410480974462,0.013440644163120533,0.014229173846537532,0.015443277305620886,0.015739255024967,0.01335682690342404,0.018902042297649562
2008-07-31,0.015780791098524354,0.01449975923565935,0.014115614498550772,0.01361695235569586,0.014330249525942935,0.015209272531603311,0.01492248811207516,-0.0016247257234282752
2008-08-01,0.0156396496826703,0.014063670247810332,0.013266603959166616,0.013054212341588338,0.013981688909162212,0.01450344305270075,0.013453979837276048,-0.01062555275889465
2008-08-04,0.015646000102860134,0.013881417574394914,0.01303153975927073,0.013165743420588204,0.014581682258866689,0.01555238764944274,0.017814060566795006,-0.006463783289555442
2008-08-05,0.015508652003854113,0.013551345258205803,0.01246994465826401,0.0128609574636617,0.014711234184158548,0.01588919537896189,0.01786454565689738,0.02493005942379525
2008-08-06,0.01597848127627036,0.014488308824052202,0.01441585052720619,0.012318334741881477,0.013470136129166303,0.01597236392877884,0.00900576582977981,0.005776664510885521
2008-08-07,0.015760469197102098,0.014118024585561599,0.013646770052151352,0.0118036577330181,0.012832810988187518,0.014180700679771006,0.015333023028484409,-0.001568828079075387
2008-08-08,0.015338635483527836,0.013693325907138565,0.012829647812667258,0.011335699329801184,0.01255672269007262,0.014669438193488135,0.01679790622262864,0.0021337329258565795
2008-08-11,0.014489715192141062,0.01328645599500102,0.012062119284349223,0.010872250981348393,0.01207103928511526,0.01621483913996611,0.007717524202492129,0.009536832321402337
2008-08-12,0.013098934132629097,0.013091798515722172,0.011752979013106915,0.010433292286625222,0.011397189623519453,0.01449272988260826,0.013429782562762397,-0.0013181298912017334
2008-08-13,0.013074098885125928,0.012697075452965305,0.011065587082414903,0.010034380595101837,0.011168134330071038,0.015211849951121103,0.010747080202826947,-0.015642532901840946
2008-08-14,0.012289444676895238,0.012892793013536945,0.01179917337527622,0.011377633428317064,0.012487094853134102,0.014160461070353786,0.014546582528752013,0.00893474850507842
2008-08-15,0.012268759850005868,0.01269017134791539,0.0114632289109508,0.010911980416067087,0.011809552522487452,0.015470005879153249,0.017402010259903417,-0.007797488445237321
2008-08-18,0.011292467702837969,0.012450946609487252,0.011150770709502732,0.01090593346644833,0.01222805257753884,0.015317093168341655,0.012836061601773018,-0.000843649752010259
2008-08-19,0.010731997914779093,0.012073409289766001,0.010498329746153058,0.010472688144708288,0.01191017382823558,0.014546936896581411,0.01219165242004209,-0.024103816752527533
2008-08-20,0.011947619981578029,0.01311033249341454,0.01295202926575978,0.013629747137803305,0.014046121789350935,0.015420458626126135,0.00804218996552635,0.009614559389024351
2008-08-21,0.012048747788839324,0.01292727172056474,0.012572069558797192,0.01305090151223802,0.013259839727880078,0.014676129477653255,0.01724033332765766,-0.00029789611093510433
2008-08-22,0.011493634882025915,0.012533667356948991,0.011839777657404795,0.01250282328489471,0.012832336850323504,0.015347726509188843,0.012160023513405926,0.02490060428598578
2008-08-26,0.012199896246356864,0.013596678050104923,0.013855278722757665,0.011981474324012571,0.011672303408509726,0.014067603850129633,0.023377223397332635,-0.00635917706520405
2008-08-27,0.01229705218088007,0.013274178797014516,0.013237149683605344,0.011752395398691804,0.011943939363545463,0.016642656366163272,0.016272950014325948,0.010455686265105645
2008-08-28,0.012297820441038719,0.013122152105788983,0.012900964275552412,0.011269863063629888,0.011242360040220785,0.0187455337305043,0.020817905239029977,0.013118595238504348
2008-08-29,0.012537081923996352,0.013121938720940479,0.012866199120054832,0.010812559891924811,0.010498774906716205,0.01873819815922714,0.009072463874442507,0.006300186351839405
2008-09-01,0.012000854230613731,0.012815447714864443,0.01226786820031911,0.010379391683007248,0.009990073869876735,0.014273826816805096,0.009449873630755515,-0.006014574068569586
2008-09-02,0.01210238893296519,0.01251207673402211,0.011759327478219079,0.010243119485544565,0.010312614435294614,0.01535784982521398,0.011909743504083444,0.003189738526637417
2008-09-03,0.011772697034712854,0.012156044021731444,0.011115971080361109,0.009840354874079053,0.009904724995088723,0.016563319206168305,0.01246579620981847,-0.021762666013169785
2008-09-04,0.01277351731220021,0.012935225541242911,0.012884978821350802,0.012603355417184514,0.012037281678678095,0.016274858333721463,0.02322472900936723,-0.025337855898806175
2008-09-05,0.012888534512383589,0.013992900796745956,0.014926977580963285,0.015480781835720596,0.014438800805133808,0.014761916360267708,0.014824901113940513,-0.02290061220025964
2008-09-08,0.013651979017642979,0.01468058168785965,0.016095921462642493,0.01720619184041254,0.016369076855326268,0.015722152559785395,0.01802882463974059,0.038481401839089706
2008-09-09,0.016285051668635676,0.01707153792786036,0.01981166805540169,0.01644920175664124,0.0146364373105258,0.015854942316841477,0.023708894648729283,-0.00565280139742742
2008-09-10,0.016316151888398293,0.01660928693855813,0.018716059553511775,0.015884721209556415,0.014674135779710573,0.016559774803855558,0.014392200729015661,-0.009163654619187878
2008-09-11,0.01624294222280941,0.01625898710897152,0.01787503203143378,0.015601621281542686,0.015073929273672954,0.015911899538574498,0.02019524604466493,-0.0089475167806937
2008-09-12,0.016323014336079814,0.015915302871562564,0.01708865636225954,0.015320982925757067,0.015428067901644898,0.01824782271300119,0.008354849803285658,0.018314267695918467
2008-09-15,0.016573226920442025,0.016069343410302094,0.017139785561797412,0.014657225347431767,0.014315470588468368,0.014090114846087702,0.04091246640158753,-0.04002078204768288
2008-09-16,0.018538833489754013,0.01840733955579715,0.021107382116909067,0.020725009662847054,0.01836821899757497,0.028948640610190934,0.03507620892725062,-0.03492114208492774
2008-09-17,0.019818916151494392,0.019790641991153605,0.02312707690554012,0.023861691564378593,0.021409688296650874,0.028659466840339695,0.037592609100931255,-0.02278222904815316
2008-09-18,0.02022369916592889,0.01998277101457259,0.02307585882205999,0.024392568600734226,0.02284349805672329,0.028782780317696623,0.02954786508311893,-0.006617400889036148
2008-09-19,0.019749950049194033,0.01944170437094353,0.02221196698799509,0.024100177231615113,0.023121260251111764,0.028837739871484656,0.059311700298236174,0.08469140651727726
2008-09-22,0.027596011815961333,0.02802961178805047,0.03579123065524706,0.022977671118745827,0.019883435109906422,0.02863386301936938,0.014291622473202068,-0.014221484330481354
2008-09-23,0.027756718140818485,0.027398077044990154,0.03390542565192627,0.022630645635340917,0.02053839776747274,0.017199688821421612,0.02484663773631753,-0.019321105448752967
2008-09-24,0.02735188151733656,0.026981728172286022,0.03248786109971355,0.02290376895429723,0.021715864088236402,0.017723151261815312,0.013380480265881336,-0.007916614349603819
2008-09-25,0.027362677170308467,0.026231530699121743,0.03056977203306195,0.02207058119553418,0.02158008266441456,0.017615097021965603,0.022705529136928023,0.01970411377280999
2008-09-26,0.027669245029977464,0.02588634266604958,0.029397098429395464,0.02104813767093973,0.020099672359383768,0.018370935846474007,0.01909864518619074,-0.02109844437645557
2008-09-29,0.02768366634636922,0.025624309429388998,0.02853402768693625,0.02175206128898264,0.02150679948684225,0.01758239948648144,0.024843457126018237,-0.05445815723928856
2008-09-30,0.02959934534400741,0.02819841082584326,0.03279693625025539,0.029884340994437618,0.026895801253618373,0.015926104713799526,0.054256133731913896,0.017220344677803708
2008-10-01,0.030086508643801392,0.0276628589803403,0.03125989146016122,0.028478811801221388,0.02515234754009681,0.03164490314850459,0.021188569781911,0.011579813235185761
2008-10-02,0.03027475546361758,0.02696971014716193,0.02953225637340013,0.027141829485165924,0.023670197181899978,0.018730392502673592,0.03331603748336827,-0.018169555483644354
2008-10-03,0.0301910091695326,0.02652416472360642,0.0284090617844056,0.026858431500313956,0.02451232932742768,0.03203495000827539,0.027645757369695108,0.02233459334609727
2008-10-06,0.030438755477635263,0.026291623742630253,0.027666475184853562,0.025600636281144073,0.022782497820905263,0.02363550147043064,0.05248189973959888,-0.08178441324315218
2008-10-07,0.034724100156983094,0.03242060957561097,0.038486496710922496,0.04046112294580312,0.03183881203017819,0.03178329093665002,0.04691051172621348,0.0034803828745214823
2008-10-08,0.033275899635989224,0.03144450593722442,0.036057990728043804,0.038542552231903164,0.030143667397040042,0.03178329093665002,0.07575711241839274,-0.0531785247197256
2008-10-09,0.0346950087617424,0.03315281082955051,0.03853392716513203,0.042301273371795664,0.03454950953998783,0.03178329093665002,0.050833673076439836,-0.012188388891510029
2008-10-10,0.034696546426051265,0.032281197985393986,0.03635300958826112,0.040586185062169225,0.03401849560480099,0.03178329093665002,0.0671806777796478,-0.09264555189466414
2008-10-13,0.039055364297116854,0.03865932094491427,0.04686422070613821,0.05320370690406707,0.043073277427522934,0.03178329093665002,0.03620696535119131,0.07936756153746626
2008-10-14,0.04361692863503581,0.042223489903497835,0.05166583995364283,0.05067053382920638,0.03860918838759784,0.03221969238723975,0.05419602507558865,0.03174429369119406
2008-10-15,0.04407738932368452,0.04166912195583324,0.04956772996743473,0.04825936170035701,0.035698725294333544,0.03178329093665002,0.04597407456569676,-0.07428654514590675
2008-10-16,0.04606911396063695,0.04430853448805081,0.053128269129922356,0.05451945347808263,0.04219088778925105,0.03178329093665002,0.04694715858444467,-0.05496913237464665
2008-10-17,0.04704318597884453,0.045019415651598,0.05331266391183405,0.05627959772829157,0.04578610903849901,0.03178329093665002,0.029790515418358025,0.050891804986010376
2008-10-20,0.04897368254718511,0.045393187455373886,0.05424978024300099,0.0566433014025415,0.047366269156940935,0.031801928572180796,0.024024077757475597,0.05266203481299439
2008-10-21,0.046347236963724184,0.045861818258284226,0.05399234035679444,0.05365400620826649,0.04354245574576889,0.017534276494185902,0.028372822696019654,-0.012452583261296087
2008-10-22,0.04634126544952102,0.044569182192534224,0.05058822088984945,0.051109015981842025,0.042256760567329694,0.030698460865159267,0.025040490842289802,-0.045663629117060706
2008-10-23,0.04695395830110267,0.04463560577253387,0.05004842482337521,0.052245144443006104,0.04532066418130964,0.017737566147793912,0.041945512412531166,0.01153948858531316
2008-10-24,0.047217758799372775,0.043368037220155926,0.046863076905234745,0.04949026858178338,0.042239036221543624,0.03178378962748527,0.08061588977485004,-0.051295869447324165
2008-10-27,0.04748851313516939,0.04388411360082958,0.04754771729442073,0.05180964431214395,0.046067358089747934,0.03178329093665002,0.06188047980011868,-0.007962813532295682
2008-10-28,0.047475115228531366,0.042591911026622076,0.044467427292662884,0.04920008461005283,0.044039905264078284,0.03178329093665002,0.042351352150576345,0.018974730488534732
2008-10-29,0.04698998081812566,0.041555132723075996,0.04202086759489727,0.04660763458368007,0.04095306273287773,0.04692913648913294,0.035322944952128246,0.07742974259178914
2008-10-30,0.05042903166690612,0.044530228099172786,0.04802731166010921,0.0441535664333964,0.037284958348900374,0.0451122609499446,0.03266499256421646,0.01153020671557405
2008-10-31,0.0504281246205433,0.04326593904799396,0.04498525819439676,0.04183059234863883,0.03482450080127207,0.0421665135682711,0.038675077379442396,0.019749171114130874
2008-11-03,0.050682191791460524,0.04222590174743646,0.04254230680416296,0.039631813566294104,0.032432499216951044,0.04599338351637041,0.016404623124535226,0.014965247662950189
2008-11-04,0.05050808191409012,0.041103317261967004,0.04003584888090273,0.037550699852143626,0.030286480343574302,0.03138315007995278,0.03404490033773185,0.043209258192197446
2008-11-05,0.04838072081365673,0.04123270701946258,0.04040648942320062,0.0355810700706735,0.02789809668801771,0.0455064241859379,0.022562204434525952,-0.023730148867658594
2008-11-06,0.048661011848374854,0.04039696966828753,0.03870398880804567,0.0352340979316025,0.029258571551476185,0.03143617006650278,0.0320808578317017,-0.05870072271003507
2008-11-07,0.048972273319603875,0.04172225712588589,0.04195604218526009,0.04184818912013007,0.035437420777789816,0.04345999089506954,0.026242598969043015,0.02144245905816232
2008-11-10,0.049139068261963854,0.040790791587385036,0.039869436529055696,0.03964846912133843,0.0329754030049298,0.03636849248287143,0.03359860233952173,0.008872322680732524
2008-11-11,0.04426265195687353,0.03960780786929535,0.037325084246170336,0.03756646365802467,0.03087615348956782,0.04552891511964126,0.022918751836042976,-0.03634830123363237
2008-11-12,0.041723389661697884,0.039419838631234994,0.03728100131829655,0.03888040528505856,0.033680831445568944,0.030687683293616454,0.04305450763374855,-0.015352609732223705
2008-11-13,0.041187645116622436,0.03840352086183308,0.03525719638700904,0.03743205899460786,0.03352160989151105,0.0502012589360565,0.027406996527770254,-0.003065430123411652
2008-11-14,0.037758132877838045,0.0372411654143721,0.03292858582001972,0.03549497579870189,0.03187733880721047,0.04089262381788844,0.03676082388787153,0.015186790655756432
2008-11-17,0.035597074056793236,0.03629777477973951,0.031184837235234783,0.033635599860331815,0.029769105040551334,0.04930665636325173,0.02048348101662192,-0.024101008742216132
2008-11-18,0.034440050567617835,0.03568372547908352,0.03035285833751971,0.03296627370468791,0.030828743602352836,0.032064673930402604,0.03764644177258291,0.01832009802581563
2008-11-19,0.03262188939017879,0.034886474853775766,0.029039944088967738,0.031213190224808528,0.02875348754727787,0.04980581283677286,0.027620877646206972,-0.04941170405147835
2008-11-20,0.03423720293469679,0.03592399128571314,0.03256752446002235,0.03633894008570813,0.03353279996119495,0.04438620860855675,0.03828006967843582,-0.033172683965597416
2008-11-21,0.03355315309974289,0.03576488191775724,0.03273446956142678,0.03722096862273447,0.035653638852090136,0.04997798952281199,0.04878102034061545,-0.024557137896514477
2008-11-24,0.03374908241031176,0.035193214589971135,0.031853998392130094,0.03677613190630335,0.0364929598667836,0.05062822057500523,0.0428585921463599,0.09384243973982075
2008-11-25,0.0380988660271573,0.04114161909507847,0.0449944940522546,0.034814732294053456,0.032832602598660596,0.05028236938617896,0.04552397600761613,0.00439677317749312
2008-11-26,0.03801323173164055,0.03990281630813937,0.04198041816922994,0.032960504721613645,0.030831279298789482,0.0495515785399634,0.03412254428215466,-0.004469012723860103
2008-11-27,0.03788887197418149,0.03870270002009431,0.039189755463275855,0.03126925201061695,0.029575256593884807,0.03676001690772192,0.013945119159904451,0.01752085684998462
2008-11-28,0.03403803570486406,0.037768291925901844,0.03706306598361875,0.029609170160207605,0.027603020052172397,0.03357402493834118,0.017741305686563024,0.014540841816267011
2008-12-01,0.03409613381647933,0.036790534208457425,0.03493760112056473,0.028040222176993562,0.025818524913333127,0.03518984024394508,0.0357957500700287,-0.05328368710274564
2008-12-02,0.03566515024647529,0.037982626049008955,0.03796239547709555,0.03499796495616608,0.031474625856437614,0.03770810302318112,0.03680398963557238,0.014020062581023441
2008-12-03,0.03564124572226535,0.03698530543297799,0.035740539433630224,0.03313371920029829,0.029420285093122715,0.03728418488098101,0.03318881290403406,0.011359236563931438
2008-12-04,0.0341998814496968,0.035966372964358694,0.03356482258871454,0.03137146707295791,0.027556464284256458,0.03631636175740593,0.03918360721424602,-0.0015359511515336851
2008-12-05,0.033936658705063974,0.03487272191721009,0.03131611417365642,0.029714230498260497,0.026190456954753444,0.03967053042377585,0.029724969457611817,-0.0278113626638976
2008-12-08,0.03206616005212822,0.034489833914844115,0.030959789614575142,0.030561071611469336,0.028206970182507576,0.037373197291245414,0.034977809533214554,0.06006955624777935
2008-12-09,0.034524992930819044,0.036533228985862,0.03604128837016145,0.028939846455044948,0.025670257305278464,0.0366551009469993,0.03669897692783829,0.01870720576077395
2008-12-10,0.0347276325444249,0.03571545581072678,0.03425383354420195,0.02740769238624652,0.023955951903778992,0.03696536554344513,0.0166679949930932,-0.003200514813915141
2008-12-11,0.03374398715656917,0.03463629244659919,0.031977480929262767,0.025998642705132916,0.02303904106888284,0.035017478439449,0.026507057086896345,0.0048880864800961285
2008-12-12,0.03353195102745911,0.03360247003637942,0.029870664450697092,0.024628580510996083,0.021725299418624583,0.04038296744501196,0.035915919641216126,-0.024986592499304013
2008-12-15,0.03404453282185467,0.033148728803328295,0.02935527112953384,0.025677676609896182,0.023724010597660685,0.03907834192385677,0.022695858762564875,-0.0006543585183241555
2008-12-16,0.03389554262388649,0.03213928467007691,0.0273893299043601,0.02432762043628255,0.02252274308097645,0.035165372716122766,0.017695497372703532,0.007336960952691484
2008-12-17,0.03344598852346584,0.031211976254624844,0.026055586448775685,0.02299937104525193,0.021421599984267955,0.0330782556230574,0.02437576871125775,0.00349808657123691
2008-12-18,0.03324004055587101,0.030273262305138198,0.024417634194866505,0.02178657880585326,0.02027284166947334,0.03451841814583817,0.015480415328694506,0.0015020395896120121
2008-12-19,0.03114796551826163,0.029353322696684354,0.02286692234631116,0.020641826965564984,0.01923676584516598,0.032440846067921435,0.027875074296438155,-0.010165330757581269
2008-12-22,0.0301750559160106,0.02856782345752307,0.021745883939386326,0.020052226575529086,0.01952330177982006,0.0399612553779016,0.01771748315785565,-0.008833131084622798
2008-12-23,0.029599493584220007,0.027781914209781888,0.0206346557090061,0.01938888827980991,0.01962620490061282,0.027739866695745137,0.0140090389155653,0.0015990221156219897
2008-12-24,0.021609212173415028,0.02693841279722461,0.019334030634353964,0.018379421912837656,0.018629518736772342,0.0271636279569982,0.00841393678979619,-0.009300635935587248
2008-12-29,0.02171330931717381,0.026216931718262428,0.018445110129904862,0.01788908230761671,0.018848908712443258,0.025995624630310448,0.013908575017365336,0.024087387617419062
2008-12-30,0.02227260463224859,0.02609406048760407,0.01919093366345864,0.016964907221543063,0.017470148358216524,0.01603528948757358,0.012697663650953137,0.01682756847846874
2008-12-31,0.022248753655544077,0.02563271380132718,0.018884795406511584,0.016093616348561122,0.016315518231781182,0.01718652583544073,0.011224686229280752,0.009403143976328727
2009-01-02,0.022130053752957207,0.0249583453540069,0.01797317624894682,0.015272459158355324,0.015374111610870092,0.01544993571327705,0.014748870072805877,0.02837006630433628
2009-01-05,0.018950303507339096,0.025176089894342835,0.019514123266771207,0.014498837538805195,0.014128819236282517,0.015998496948569536,0.020105901283207186,0.003894375587211388
2009-01-06,0.01885083048416933,0.024427757610939356,0.01832280250368904,0.013770297036461033,0.013424951198338335,0.016743935692680127,0.02091828917410141,0.012865611099836975
2009-01-07,0.018879073363696066,0.023892338904410598,0.01771829233020139,0.013084518471729489,0.012589139793129025,0.017097809151155458,0.02359275086266861,-0.02873459307202204
2009-01-08,0.02023920639676519,0.024210201097155333,0.019564950637914854,0.017540002470886423,0.01594054121680222,0.01871408735539751,0.022334475360836936,-0.00046599874357916614
2009-01-09,0.018943285241842175,0.02347293838070897,0.018334502521561644,0.01663769005650707,0.015263433624238472,0.01729145269634507,0.019180809873005515,-0.012709716649071048
2009-01-12,0.014521618298156892,0.022969813231479855,0.01780738249561906,0.016715665773442655,0.016136113897857778,0.018035465949878097,0.014264801169724289,-0.005025532566510544
2009-01-13,0.014040496736041552,0.02230405656714371,0.016804827922467135,0.01601145269356635,0.01599065772578177,0.015322275473825366,0.0223606026108413,-0.0061187219247066564
2009-01-14,0.014093144817156249,0.02167646208376355,0.015928142102287986,0.015428690783364604,0.01598743830402666,0.017189390671179847,0.05498341301224838,-0.05096792930592256
2009-01-15,0.017939229971950903,0.024444644751452613,0.023549334789034256,0.0263401884350558,0.022532185721281794,0.03768241472788402,0.02194964715419065,-0.014334658888413043
2009-01-16,0.017408834320026535,0.02395865531139146,0.022669548774315852,0.02569894573116974,0.023115028013418627,0.020472923563547157,0.029373393382232,0.006289176773595945
2009-01-19,0.017497514456010232,0.023279805822635946,0.021329027347182623,0.02433541035070449,0.02180171875670549,0.03531376416650973,0.05009193136240217,-0.009351296401622753
2009-01-20,0.017456190038088265,0.022686542315979236,0.02029685646323325,0.02332668335625043,0.021946996592201003,0.04277530823297499,0.02849212281517674,-0.004170788616580345
2009-01-21,0.01740964137127032,0.022019132107794014,0.019120838879161262,0.02227273736084873,0.02137424566219339,0.032377075063765526,0.025452195693676433,-0.0077288670040926225
2009-01-22,0.017416490305511047,0.021432120080936305,0.018178744666082616,0.021447423801235304,0.02125101879338109,0.03505240973678602,0.0250319944811763,-0.0018983992585188815
2009-01-23,0.01734147720595929,0.020784413873827127,0.017089928480249917,0.020436088610786118,0.020460907046488827,0.034076762701688676,0.02719609359232683,7.403111778025538e-05
2009-01-26,0.017292343117933973,0.020151245056080513,0.0160516603602954,0.01945963765859399,0.01949821462326036,0.038036315728967776,0.02890704021371504,0.0378911151607395
2009-01-27,0.01938399365251779,0.021629898593360584,0.019934401854558977,0.018533415565376833,0.017838649067271353,0.0358056632432941,0.018161533084303676,-0.003474787512247736
2009-01-28,0.01929365393591185,0.020988230303311303,0.01876341356044779,0.017717133788318285,0.017434609145198586,0.02350636765686689,0.01918889271085599,0.023747817850036775
2009-01-29,0.01927236628805562,0.021163955059186272,0.019391877237368408,0.01688106694077896,0.016175532949928073,0.02189517984875516,0.02614475490983811,-0.024773520128524254
2009-01-30,0.01956319282505263,0.021397706701792245,0.020225283328795574,0.019077625018982584,0.018542032680496492,0.02905325607718674,0.02208535025143834,-0.009712655942644952
2009-02-02,0.019438262087169558,0.020881817020982178,0.019315462516865403,0.01861714797393447,0.018830453372201655,0.02473644384648959,0.02187307797344733,-0.017454316754316503
2009-02-03,0.018258172120785895,0.020692183441423356,0.019183255489913047,0.019154845076668366,0.02005237117359985,0.026205726287833134,0.024509442635379654,0.021038593092521117
2009-02-04,0.019057556463711867,0.020713131395273497,0.019380853609846257,0.018244343240971142,0.0186920786025742,0.024529355673151385,0.019365989342618687,0.015274748615373297
2009-02-05,0.019174367376652058,0.020427698357420584,0.01890941225861007,0.017380923369386937,0.017528030253199777,0.021696316937258334,0.023274355842265004,7.09429500740014e-05
2009-02-06,0.01836028026553198,0.019805395995662084,0.017753676775249402,0.016562353198764344,0.016739718500126274,0.024839163267843942,0.01994376579830665,0.01478761337708678
2009-02-09,0.018764407124068468,0.019540698515552103,0.017400185806516682,0.015786469142891633,0.01569951357328222,0.021596613362844925,0.019838359103526413,0.003651379136796828
2009-02-10,0.018650408029049024,0.018966510452457938,0.016378056123149458,0.015051261432745116,0.014943655232162812,0.022248463131948483,0.012099292574754606,-0.022182185702337376
2009-02-11,0.01917933800096183,0.019174664778571316,0.017299015732877596,0.017042119719966692,0.017054150247562735,0.017098318433783597,0.013524946425823355,0.005019306415793427
2009-02-12,0.01922385027569934,0.01863113816765057,0.01632276313065886,0.016241183924177754,0.016192723532039387,0.016445679009685108,0.02175689588964444,-0.007609827513233186
2009-02-13,0.01568366672856272,0.018159480150698983,0.015592101747522492,0.01580630819553767,0.01637206208196595,0.01808952302078138,0.027841580981125075,-0.0030029336896707053
2009-02-16,0.01534830105701418,0.017621627984601367,0.014701196620660726,0.015124988100774703,0.015999466274231676,0.02169897535528518,0.00910183052125442,-0.013166304270948254
2009-02-17,0.015584809185431665,0.017386533885376244,0.014616204738712718,0.015428002837956731,0.01686893374689607,0.017139306864381514,0.02542731400254537,-0.024655731196395747
2009-02-18,0.016374829495819334,0.017906098730997532,0.016317379506192303,0.01783915755617991,0.019098642669408097,0.022213066294574813,0.027756220799325437,-0.006790310760324771
2009-02-19,0.016411166545078158,0.017440102312534882,0.015554503351381324,0.01723550911964907,0.019006770337758005,0.03054190478712703,0.014403801742601616,0.0028908956982258223
2009-02-20,0.01635682091084487,0.01692362772066511,0.01465932335865847,0.016429735115850157,0.018078626801868516,0.01948584679918531,0.020113329558357762,-0.03270604505963399
2009-02-23,0.01780681246762566,0.01825940162547977,0.017928900397910966,0.020632970192265985,0.021358387014507086,0.01962929395195856,0.026955334988482835,-0.009922818439475269
2009-02-24,0.017883282404007078,0.017869223329633168,0.01723836528185794,0.020077347288290158,0.02149461685361519,0.029289662991944642,0.01855754417110723,-0.008947380059034777
2009-02-25,0.015343129120284588,0.017462930179534496,0.01653667459014071,0.01948167626798272,0.021507285715614312,0.019884598300699358,0.01863409895964335,0.008505804406055263
2009-02-26,0.01560992721255292,0.017058652266331683,0.0157993090267299,0.018560197845201118,0.02031067101956352,0.0195770572042819,0.019608446309511602,0.017155200103529063
2009-02-27,0.015079310103226032,0.01706446054085898,0.015937058458916416,0.017686040253927678,0.019006067669292744,0.020090834785115946,0.03385749103249004,-0.022077661892860468
2009-03-02,0.014907747068829955,0.017406017752973506,0.01689393652803267,0.01914688587086477,0.02079450130292136,0.025311685573417658,0.02500668391589636,-0.05481595889884697
2009-03-03,0.018537145109069304,0.021565682177381362,0.024824885992058506,0.028944470120654705,0.02701791899069138,0.022747134722590125,0.039715841824722535,-0.03186080444183142
2009-03-04,0.019219715995389304,0.022317718980444937,0.025855478014450425,0.030492823313461547,0.029470409685805717,0.03012702726406841,0.018956755689378837,0.037389099391127965
2009-03-05,0.0206919041088501,0.023496221629391485,0.027421413006437186,0.0290148064429983,0.027173199171583482,0.02491007415681117,0.016648815579684142,-0.03233370663068257
2009-03-06,0.020813827517547588,0.024117964260583394,0.028137131602017904,0.0306365100002257,0.029674468682807865,0.021879618791356966,0.026502346419487698,0.00022660963754436757
2009-03-09,0.020817097506498346,0.02338329979250065,0.02643107237735411,0.029151296752464945,0.028135042581309867,0.024485246388878994,0.028214851001062906,0.003308311962591471
2009-03-10,0.02031717507639754,0.022685428854604287,0.024849745055438747,0.027740523539418964,0.026630874876516594,0.029207531912141944,0.03841058494406049,0.04762804898925445
2009-03-11,0.023688170850530585,0.02489692399493647,0.028448483954183184,0.026400583069461962,0.024308834622675208,0.02628457387524822,0.02827964007942247,-0.005776774061761245
2009-03-12,0.023433151727483642,0.02417990244105015,0.026810267559211235,0.025243536469237483,0.023775584555958417,0.03291622496527696,0.028126827136835883,0.004942015756586538
2009-03-13,0.023431296919042558,0.02347451878781505,0.025233098468273606,0.02402932427172117,0.022513925580491763,0.035156570080699806,0.024689243554503967,0.011144265997110308
2009-03-16,0.02373303375606057,0.022922511429971492,0.023990126294027626,0.022876450787770404,0.021200442430926624,0.02837627740607665,0.01321177245030044,0.02896089613690091
2009-03-17,0.024889542280611725,0.023328931581726692,0.024586582979672172,0.021781964675242724,0.019598366446313454,0.02256751671000144,0.0176522122887714,-0.0017873105740957515
2009-03-18,0.02480034113214413,0.02262247498761991,0.02311436774313145,0.020757721638151986,0.018900683572728404,0.019771706408746863,0.031199156929999337,-0.013599614462526664
2009-03-19,0.024439279396519124,0.02218483182048764,0.022274377719638996,0.02062484896325178,0.01967870195057811,0.02437658820056908,0.02940485435997968,0.00312258352097833
2009-03-20,0.024453760957528995,0.02152258787413472,0.02096602244136301,0.019643297869422777,0.018725144482852892,0.026180912890604875,0.01849127629322017,0.006788715072021823
2009-03-23,0.024509955920280862,0.02093307623383638,0.0198373652474219,0.018711995517224137,0.017738827450372842,0.019687956193297995,0.023236800756877098,0.028196898642753987
2009-03-24,0.02431309500677403,0.021438422641581953,0.02094367256229295,0.017828544444676443,0.01630323643452333,0.02216834948751599,0.026268486426897,-0.010503256406404976
2009-03-25,0.02432618948914477,0.02094394211092719,0.020055989863655217,0.017541761103470454,0.01684072033850762,0.02530798320676441,0.02102818327604018,-0.0028674588889025417
2009-03-26,0.02424108611490636,0.02031804930858004,0.018900655421253673,0.01676337594979422,0.016451343468914626,0.022871992154275867,0.01148433777088358,0.006363832096105764
2009-03-27,0.024212571527562076,0.019760658935885262,0.017896059359244362,0.015980724344831446,0.015604468813287017,0.01852438532467171,0.016846343458909105,-0.006722843280595734
2009-03-30,0.023972170214925967,0.01922931149032867,0.0170208999189121,0.015495422888300676,0.015732198201045103,0.01844380905800792,0.01619693353763783,-0.03550452535300404
2009-03-31,0.024751158308507614,0.02057218302468378,0.020228207751441952,0.020804228215241242,0.01962875608859581,0.01600299909709745,0.021572029259432274,0.042456630030805784
2009-04-01,0.02319869210597974,0.022493904897802546,0.02386342866772684,0.019813512523880476,0.017754137027842988,0.021309106772664007,0.03234180862788971,0.007485729666291228
2009-04-02,0.021717058218582615,0.0218855975704688,0.022565587370948412,0.018873483528597735,0.0168067893106224,0.022941685344208086,0.024789495286241827,0.04193372337294565
2009-04-03,0.022068813901162162,0.023574283605459635,0.025545499726026617,0.017981721699406962,0.015108358694193004,0.02393898478263427,0.01929709644065438,-0.023374088286317516
2009-04-06,0.021368618744191503,0.02356231985295587,0.025373393731818187,0.01966852753525143,0.017361240223471564,0.022102160939380423,0.03178608858357155,-0.009023892125020194
2009-04-07,0.02159435796508444,0.022951204316698906,0.024076566905628094,0.01910833830056045,0.01765856105666692,0.02600078711489986,0.028184061779540234,-0.015901395123632447
2009-04-08,0.022108828307208134,0.022590342512328578,0.02332555354764141,0.019357851408628585,0.01877294897845935,0.028001363218595997,0.015702723631777115,-0.0012729125955008962
2009-04-09,0.01984880306885246,0.02190436894145567,0.021941050106242244,0.018449914303544708,0.01809202934094335,0.022535862735576253,0.01306951672454374,0.014717304026081289
2009-04-14,0.019918907874890205,0.02154087366537787,0.02120378287046847,0.017579963552103298,0.016952956617707036,0.02025378477999708,0.02397693134859877,0.0013295372410152071
2009-04-15,0.019922317893512467,0.020887190910417287,0.019944267767740508,0.016754946358937848,0.01619925256691105,0.020922253186497337,0.019161345645112522,-0.005177582129659178
2009-04-16,0.01992452535338864,0.02029055693871135,0.018861225071411136,0.016119816118720744,0.016112289415818,0.022042504287044726,0.01186052456119321,0.02109435685256117
2009-04-17,0.019473952762329664,0.020339680732290113,0.01910228895389577,0.015370700130715889,0.014934617484257971,0.015421005278813378,0.01451137623405476,0.009771984756215048
2009-04-20,0.019516735192942787,0.01986479188711893,0.018251422103907903,0.014660806666791069,0.014089953904371694,0.01444554407860466,0.028496805713290614,-0.025212563026553822
2009-04-21,0.020159317488008175,0.02022557191719211,0.019334851843142892,0.017535225444402364,0.016870375208777055,0.023752171400285613,0.029454346381315295,-0.0008523012648697851
2009-04-22,0.020169584505430105,0.019610530815396748,0.01821356034560987,0.01673503868680418,0.016262607813576847,0.028071473650226265,0.01898954574171318,0.01077559003447584
2009-04-23,0.020234759366143957,0.019195451132114443,0.01750885126856611,0.015970770819240806,0.015338739087721131,0.023544654919822237,0.01952423346190527,-0.0031060169835163236
2009-04-24,0.019363721391999687,0.018626225167907306,0.016539167463183135,0.015301826994067305,0.015068543016808773,0.02126802008718706,0.015382403117437755,0.03371903207505856
2009-04-27,0.020449317873045544,0.019857957488371714,0.019256465634907224,0.014610631490965365,0.013686989524138443,0.020192887381349195,0.02082496634931623,0.0026432792033353526
2009-04-28,0.02040709291836045,0.019263888043959003,0.018149028345945718,0.013954953938954174,0.013090100199334022,0.023786825115163043,0.02069213440597411,-0.01708781322117096
2009-04-29,0.020859079297196034,0.019140301493364018,0.018111805553224326,0.015071183276105888,0.014643864992675166,0.019873587294948685,0.014735179852369315,0.02249672476399561
2009-04-30,0.02121729435651303,0.019358105028330613,0.01863208421843096,0.01439181742906688,0.013537878861866623,0.017721420706535283,0.020828666817927072,0.012830266239918906
2009-05-01,0.019319986987996,0.019029687343144617,0.018043856695982338,0.013747427600434837,0.012711439628450125,0.018356144697771113,0.009223972781682728,-0.00011782865370828452
2009-05-05,0.01741254418204148,0.018449988980231563,0.016997184708537404,0.013136737945368224,0.012243009968596508,0.019503276202191215,0.022893060174625474,0.021842105605092928
2009-05-06,0.017845115665166455,0.01867090309557275,0.017585995835828754,0.012557564755650731,0.011277198146623283,0.021052689965821398,0.023703566642133505,0.01364896266247511
2009-05-07,0.015821861488134484,0.018408262165824082,0.017161101546365905,0.012008801795768319,0.010546964657868377,0.01981658085496472,0.03019949459731251,0.000500272886547873
2009-05-08,0.014643174427210318,0.017847893023699705,0.016167423218033192,0.01148907204079476,0.010159358660523109,0.031150483003731695,0.0148585807952096,0.014310464510414738
2009-05-11,0.014476132910787434,0.01765564532755836,0.015944870896757474,0.010997064525671651,0.009468829543654862,0.019233431639931825,0.013914183610372619,-0.005979158255377938
2009-05-12,0.013900593437552787,0.017180323722885797,0.015186786278796785,0.010821220503844096,0.009841651910646267,0.018801529465250443,0.01284642211059988,-0.002257082551709959
2009-05-13,0.013927109354661021,0.016666114638045584,0.014345626428153452,0.010410146822184335,0.009758399318897605,0.016751250899407374,0.018857096420649654,-0.021492451035761362
2009-05-14,0.014959316828836368,0.01699439147460846,0.015458480820749666,0.013320226906788617,0.012161576696854547,0.01846400994691741,0.01567923068623316,0.007177394510896037
2009-05-15,0.014961847409448895,0.016570204603885023,0.014746685597812748,0.012731464218387271,0.011536870797286332,0.01580650454626106,0.01811064112513592,-0.003329241827404115
2009-05-18,0.01490887588474456,0.01608609370998615,0.01396302391752698,0.012254279965996283,0.011492540379519058,0.015985330381489915,0.02379717626076852,0.022378301783032576
2009-05-19,0.014983417675049864,0.0165313027205123,0.015129519724158061,0.011721534475158382,0.010552688273451842,0.018140976539714575,0.012670088567902537,0.008019037685454223
2009-05-20,0.0149569254635505,0.01614760754362789,0.01448982691864517,0.011217098502039344,0.009988322176172513,0.016875721223828802,0.0123622286247064,-0.0031059048284556084
2009-05-21,0.013478684799065067,0.015674160721016357,0.013711286926760609,0.010905476490220894,0.010166203739473918,0.014840307982264241,0.02031518457944647,-0.027889575819178447
2009-05-22,0.015275467879541734,0.01666158041159899,0.016145101146573203,0.015412290510111021,0.013442028531303446,0.01628331834193817,0.012148901872311636,0.004546088556827978
2009-05-26,0.015199527261284844,0.01619233711894116,0.015276467902835076,0.014731642756754124,0.012819872212549259,0.013150127548789822,0.026785850273858654,0.01057318725366549
2009-05-27,0.015181986532590763,0.015911247965294795,0.014800944660591174,0.014085013713345682,0.01210010832757743,0.018257132384479614,0.010713038797206116,0.0010194950984409325
2009-05-28,0.01362709570524183,0.015428548386664787,0.013954898971112297,0.013470883156252783,0.011622307760607947,0.013061451492084956,0.015464919860052285,-0.00652000901232791
2009-05-29,0.013781283769262014,0.015043547788062744,0.013376474040885931,0.013165558322670462,0.011940750130938333,0.015220185350268565,0.016712665669131974,0.006904881273448776
2009-06-01,0.013055506205123904,0.014682999467842026,0.01280412654461369,0.012597991246603057,0.011343754560152875,0.013473405260936537,0.013373979869893863,0.019789756223715132
2009-06-02,0.01287164819831223,0.015038387947314519,0.013747094462148456,0.012059408955622724,0.010503021878546837,0.013755914436010201,0.01401328924039407,-0.006501047030319769
2009-06-03,0.012859937377539727,0.014666960901295274,0.013183669643124927,0.011855962272098373,0.010877663136009606,0.014438730324808248,0.01833303620901674,-0.021128500293346956
2009-06-04,0.01385645656362184,0.015132659020610839,0.014454607113375368,0.014240082929066167,0.013107466772811023,0.01581491745419691,0.01664849718245944,0.0007981483383245652
2009-06-05,0.013053063374474257,0.014672959801561112,0.013629378623856292,0.013618141558002029,0.012583538156389386,0.015307573640078814,0.02131174191112438,0.011716184102685729
2009-06-08,0.012962554176769107,0.014512551208302974,0.013408335125119113,0.013027598519165805,0.011851364784140193,0.014480207496047242,0.013333735155920576,-0.0075533500978398815
2009-06-09,0.013079717572988581,0.014191563686966684,0.012942692823615933,0.012848523783256072,0.012280033702437979,0.013314492541021513,0.012606542518400932,-9.080590244593556e-05
2009-06-10,0.012666783953503723,0.013759249464671853,0.012213401645418828,0.012297469559329716,0.01183105053593786,0.013938620671713118,0.02083785181961427,0.007238540473170745
2009-06-11,0.01271523684612542,0.013457403805047695,0.011753105274775551,0.011774319959924283,0.011232350475989592,0.014802032630275382,0.014121788205038463,0.005641288405148293
2009-06-12,0.012761433222052018,0.013120406328844739,0.0112334297290084,0.011278193428088784,0.01069759000372119,0.013796151712601549,0.008868104736571417,-0.0044699588122891175
2009-06-15,0.011806905713379919,0.0127677402231939,0.010745431589764251,0.010967082218413948,0.010823669539784881,0.013755578179568764,0.014733149364539296,-0.02646139794136869
2009-06-16,0.013159871765273145,0.01397306744574125,0.013688296615555788,0.01503417653880537,0.013817500502850355,0.014462978142178033,0.011277570016260301,0.0006008365674248593
2009-06-17,0.013144085221594581,0.01354819092305261,0.012910556275086965,0.014372404395994624,0.013261380423107205,0.014273843110814356,0.01330450981583707,-0.011641683222319538
2009-06-18,0.01228902846836496,0.013441428344679974,0.012864843359452436,0.014544561421642788,0.014104435915673966,0.015327184326554529,0.0147030229726178,0.0005607869857457679
2009-06-19,0.012096296278366846,0.013032672216819509,0.012138711264410877,0.013907315668421358,0.013534317209363095,0.01550270423961783,0.015467956969331051,0.015069604043734334
2009-06-22,0.01266432480284393,0.013163779486397197,0.012499015502333979,0.013298002943822843,0.012726432450110037,0.014136264421427286,0.011889351904939156,-0.026062081143864935
2009-06-23,0.012477550106662239,0.014270315671262012,0.014780519559054295,0.016413519087008683,0.01543950558462425,0.015399225143607791,0.011049506394961578,-0.0009687977034010182
2009-06-24,0.012407595105026875,0.013837619337712145,0.01397374686329362,0.015723765837648274,0.014913006864567917,0.0149602975510823,0.013549469996684655,0.01175101653551873
2009-06-25,0.012467413850134865,0.013721374194168079,0.013732196461097468,0.015060636040438037,0.014095128526578992,0.015147690707535747,0.016461401086154726,-0.006422449003241319
2009-06-26,0.012499638050814459,0.013396059654307043,0.013183771796865579,0.014658509496966884,0.014252273909607073,0.014183074854023162,0.02022960812349599,-0.0027314700980104753
2009-06-29,0.012455332821658605,0.01300518377954834,0.012510831082899704,0.014091125212905653,0.013983454509779869,0.015997893687185155,0.011218018115622404,0.012419608964135522
2009-06-30,0.012699732046512922,0.01297079481145083,0.01248540164377009,0.013505694139385705,0.013202332627439563,0.015403246669284842,0.015753515152342593,-0.010487969532868072
2009-07-01,0.011870860528301297,0.012835376007490249,0.012365108787702528,0.013609039425019518,0.01388473668146084,0.018606954248500288,0.014564602380038524,0.021304895505287268
2009-07-02,0.012939618611180275,0.013494294311593678,0.01360681689545523,0.013046763829400052,0.012953059606629416,0.018503621372340694,0.012898311715565632,-0.024817600242963634
2009-07-03,0.013241343629386941,0.014426538640263225,0.015393136546800877,0.015920173844044424,0.015477272046817585,0.016115116608718314,0.009822132507625902,0.00047222157513416755
2009-07-06,0.01323852390443119,0.013987526432633781,0.014541268789092114,0.015247760931856251,0.014829976954328557,0.014155084475605692,0.011994905177183924,-0.009820745028401513
2009-07-07,0.012981928405608197,0.013773113806840608,0.01416577938216981,0.015125408388472334,0.01534147792183715,0.01596602475213018,0.013004888216510394,-0.0018850146957712238
2009-07-08,0.012934573953083537,0.013361509679830673,0.013410833763032686,0.014512333854787613,0.014921070549379188,0.015774800263945468,0.012148897692613061,-0.01124039118789019
2009-07-09,0.013062424227986277,0.0132438260375227,0.013270018498133711,0.014612284355134206,0.01559507142728555,0.014428988713598682,0.00993180685263666,0.004458429585755934
2009-07-10,0.012967746058345204,0.01288672371426124,0.012615245621157954,0.014001938321769158,0.014870390535667362,0.01167165334824545,0.005670294793945804,-0.0076033144865689
2009-07-13,0.012843735402652323,0.01263218954391284,0.012233056872647663,0.013763023615800476,0.015121294496666078,0.010322592370918081,0.021246156493171308,0.017985189382670748
2009-07-14,0.013684778733158025,0.013015602258089036,0.012963862776012495,0.01319333984526746,0.01418286560781121,0.014105430734703186,0.010961785708141054,0.008436268901939287
2009-07-15,0.012733739353694368,0.012787172712975912,0.01254191135093415,0.012651123730114915,0.013461783864749166,0.013164156143411708,0.011564621130485734,0.02535025430406884
2009-07-16,0.013972612291482769,0.013865756467962535,0.014480528383065482,0.012135215632267722,0.012481760632512556,0.010899239201659574,0.011889199389237713,0.003513892664006862
2009-07-17,0.013719698125374534,0.013470875872873442,0.013720390794615803,0.011644508100031283,0.011935459009276441,0.012802021684831546,0.009614429043192436,0.006171025000213074
2009-07-20,0.013766931191343855,0.013147681162418615,0.013106767700346602,0.011177943233498477,0.01136927895999778,0.013438274420800488,0.012683676423377463,0.012409017524228606
2009-07-21,0.013644466031224075,0.013104535539525886,0.01302014909160714,0.01077484477613112,0.01073587224368982,0.011386734949805369,0.01179727951930924,0.008426008977000887
2009-07-22,0.012217881227994245,0.012871867706013963,0.012600180949255963,0.01035758651560615,0.010192413960572813,0.011598470578057442,0.010169171920888218,0.0027855481582147153
2009-07-23,0.012188932072644324,0.012498377345046103,0.011952488795443092,0.009961005569140419,0.009774950203954033,0.01206045852204823,0.015845385216119084,0.014602347054663494
2009-07-24,0.012307993652714618,0.012634499691475811,0.012245595536833385,0.009584254007615346,0.009169376441828804,0.014051432724817509,0.013616144840897688,0.00367760144797708
2009-07-27,0.012116599648406754,0.012282680190059415,0.011642752581582433,0.009226519447706244,0.008784359862562461,0.01337846565876515,0.012820578860931306,0.002073625329674514
2009-07-28,0.01203822567233734,0.0119193277500316,0.011040592750677803,0.008887023022804318,0.008445750637792406,0.01329314185689535,0.017123824919802768,-0.012572985952647997
2009-07-29,0.012366639465045537,0.011959554762525318,0.011322125237002068,0.009904551820762757,0.009657159850217489,0.014017312622548676,0.01424919463676197,0.004120627669827033
2009-07-30,0.012002968136408332,0.011639066433970214,0.01079385670530405,0.009530638214530079,0.009241398433387123,0.014936527840398561,0.013800285846404583,0.01832474934584069
2009-07-31,0.011794397761913327,0.012144446538331138,0.01181222267948181,0.009175625377202935,0.00859648648730979,0.014288229585825728,0.00848570513416962,-0.005021655574219646
2009-08-03,0.010125473013585587,0.011838553471662221,0.011335717077863672,0.009066334618927065,0.008874324213263195,0.013843693172206139,0.01937271323105427,0.015951430154345216
2009-08-04,0.01041275365412921,0.012124733186402847,0.0118970836698887,0.008735067506864756,0.00828758850703894,0.01568940138839863,0.011083360300022424,-0.0023733427148673707
2009-08-05,0.010010057614928068,0.011769731130722735,0.01130726471557537,0.008478045799263539,0.008276822223887776,0.013975823161211197,0.012808644066236404,-0.005215443490196344
2009-08-06,0.01015201959159693,0.011482466097668197,0.01087856233935593,0.008441359995672595,0.008592929999062991,0.013451004309677755,0.014909364736337472,0.009295817452825726
2009-08-07,0.009479822301464241,0.011363139502357131,0.010714138512825733,0.00814262059951391,0.008135274135509674,0.013403716768637936,0.021517634426361298,0.008724225105576154
2009-08-10,0.009492124551527125,0.011222317461674004,0.010514952409881264,0.007859696823037108,0.007708506753280481,0.01640337061086437,0.008530273785323644,-0.001988618988718715
2009-08-11,0.00915870760682748,0.010891338805991448,0.010002466435747677,0.0076373528068041895,0.0076810605008017065,0.012733220636645485,0.01501311884068841,-0.010837387167374445
2009-08-12,0.009491435050644818,0.010888109246541194,0.010202760565276713,0.008540112685718275,0.008716786308881633,0.014297476146051208,0.016710860217745857,0.00969319803947402
2009-08-13,0.009517845363279863,0.010820136453884797,0.010143613762823722,0.008236185528173946,0.008246462432730129,0.015904248166142144,0.013031541420219221,0.008171239367477314
2009-08-14,0.008357961199102577,0.01067974629267391,0.009950118515679453,0.00794828787803515,0.007824386177303709,0.014457166177445822,0.01673602360837118,-0.008765038426363767
2009-08-17,0.008830561520510502,0.010574644955754647,0.009924009778580333,0.008429323004252427,0.008591021394069349,0.01610370896877108,0.017293751407137365,-0.014745432248137534
2009-08-18,0.00967671290624897,0.01087011477928895,0.010681482485419192,0.010001904275983894,0.010076555568428005,0.01790545055424316,0.00493482394413879,0.008745286584600732
2009-08-19,0.00952478118611263,0.010754470412011413,0.010481824137443278,0.009636445154586344,0.009606051468161203,0.013463575565724957,0.014984041755885137,0.0008319556770195919
2009-08-20,0.009433348555189482,0.010428837175216166,0.00993677837262079,0.009279116268148915,0.009248570677960238,0.015032317608389969,0.010105129139381804,0.014164512778037885
2009-08-21,0.009790773611435218,0.010689855540272393,0.010453638347959369,0.008939765317207117,0.008689209255607637,0.014242993832219568,0.018063514451211314,0.019631127438813123
2009-08-24,0.010151115442469019,0.011425388424675728,0.011761468642960743,0.00861766341376746,0.008067905648803162,0.015348224868760519,0.0089166337942925,0.009295139304629205
2009-08-25,0.010244916041762902,0.011308895060835034,0.01151206152113692,0.008312110471120434,0.007642227587245869,0.010816513220289684,0.012091038179117239,0.004198518345180912
2009-08-26,0.010243578672962632,0.011012506273544163,0.01097207027206151,0.008022433455563284,0.007319409673936781,0.0155228058104565,0.009688846838896965,-0.005342917047753465
2009-08-27,0.009794517290580756,0.010756931835523969,0.010576625793720847,0.008039205772332093,0.007693734504811255,0.010897621597208619,0.00928370208083109,-0.004344269127400547
2009-08-28,0.009947597168173583,0.01048337960861571,0.010153980918192888,0.007959804289749961,0.007933149339632888,0.0103860436585753,0.012904345025114217,0.008079157901893296
2009-09-01,0.009408260840321257,0.01035488004186735,0.009949189280622734,0.007688672454358686,0.007533452539402594,0.011281759666123348,0.01263770467974841,-0.018338198659244492
2009-09-02,0.010360214193537458,0.010998522630086733,0.011318220748552175,0.010351747757674739,0.00958747709161077,0.01015868115654193,0.00904226001185338,-0.0004358067162456094
2009-09-03,0.009873201281555258,0.010663997641198806,0.010726568792354643,0.009961646308602422,0.009298995409065132,0.011135362508911424,0.00979628093702497,-0.004326849819190816
2009-09-04,0.009919176194539237,0.010393309997853137,0.01029213875470822,0.009746218306443562,0.009458800714109584,0.014216845441814566,0.011853938828589818,0.011380130070973696
2009-09-07,0.010037739103797327,0.010455146138372352,0.010401019233212011,0.009383401492097786,0.008934787573782237,0.011730451227299394,0.010628059934789175,0.01665870571258078
2009-09-08,0.010424562129477713,0.01092713249161651,0.011218033132901116,0.009038785053089643,0.008349801707918951,0.014085692383837719,0.008541582449274245,0.002854108511000991
2009-09-09,0.010324792121798355,0.010617290009391985,0.010655925438180032,0.008711631194347291,0.008017237662745562,0.01372042921082759,0.010998635950921072,0.011455569625285279
2009-09-10,0.01047286210407305,0.010669444261127583,0.01073057957357215,0.008401231456297708,0.007558647239216264,0.012810737785413747,0.014808597275985482,-0.0033226611833676056
2009-09-11,0.010106910092748314,0.010376378126841623,0.010249220629607243,0.008219744011177544,0.007686803890755762,0.012687154854030208,0.00889154425061468,0.0047603898201690215
2009-09-14,0.01000331468513028,0.010127623034242713,0.009819018040714842,0.007934903059958103,0.007352718675607238,0.01313901652860382,0.01283016781793362,0.0014755147038147706
2009-09-15,0.009932889977468542,0.009825744350570625,0.009319441717213061,0.007665092559368455,0.007087895610326295,0.01049813052842657,0.011979368878549345,0.004611875781894938
2009-09-16,0.00959293743536129,0.00959315906330454,0.008948815724905473,0.0074096957161176825,0.006782787298745942,0.010198071414356812,0.009870388301930703,0.016132237878682096
2009-09-17,0.009055493565082125,0.010105539307899083,0.009949610231188276,0.007168117490777836,0.006303612740733222,0.012258201443920022,0.006352410403730603,0.00775657313722035
2009-09-18,0.009035819010418457,0.009980204147775073,0.00971621638721007,0.0069850834684909505,0.006320296444005214,0.012269732716764136,0.006659642188968979,0.0017219867076623584
2009-09-21,0.009019198580123981,0.009685355989052374,0.009231652782841916,0.006769394370613294,0.006085707305367354,0.011931978373601682,0.01234633984520799,-0.00747046831860323
2009-09-22,0.009115547912797308,0.009566934054886529,0.009159099743939044,0.007206035246555688,0.006773193795109553,0.012067097394844212,0.010197222205256554,0.001595796777299801
2009-09-23,0.008351108541249793,0.009283719492702328,0.008707396219626243,0.00697839164481427,0.006519001160167036,0.013811687766158955,0.008992382535775915,-0.0006224470148449682
2009-09-24,0.008244027750987716,0.009002191243203382,0.008286215063705192,0.006771086131476316,0.006374182001364466,0.013496015027823091,0.014061763417115748,-0.011762884315751333
2009-09-25,0.008779457459387968,0.009191246226383022,0.008865444359233041,0.008032350759938873,0.007605027958277146,0.01247736030078356,0.008031940744817051,0.0005707818882513634
2009-09-28,0.008641117139959088,0.008912340561277798,0.008425244781047338,0.007761205519110407,0.0073215397512428225,0.013585578433164871,0.017798642197101273,0.016296382269702626
2009-09-29,0.00906710196456682,0.009518316549064876,0.009540531819542574,0.007504145596639739,0.006903312645484554,0.011801259217096495,0.008769980840734362,-0.0011621827096934202
2009-09-30,0.009022878992906408,0.009232740061950882,0.009076625231665565,0.007280475930525939,0.006800755785089734,0.012292171849319697,0.017587906923477722,-0.00501283399904065
2009-10-01,0.00789111478178064,0.009035296895541169,0.008816655829118907,0.007333209475756688,0.007148145303593117,0.012186151543259447,0.01752128285932383,-0.016913099466692755
2009-10-02,0.00899286807605079,0.009690282276866649,0.010164594534867203,0.009700370900724111,0.009033869191835511,0.013149804337989655,0.014731496663266685,-0.011777150022844532
2009-10-05,0.009401833546789041,0.009827998378544318,0.010465719313189896,0.010429902434529948,0.01008831818917279,0.015408688522356887,0.006817312847628527,0.007110785979079756
2009-10-06,0.009230457788845297,0.009686484173081903,0.010159126876462055,0.010039801650083044,0.009620924215234698,0.013757096348130392,0.014278086829796192,0.022377757928770805
2009-10-07,0.00976391574724644,0.010874012143287506,0.012020533957464073,0.009668524781195337,0.009034177750557076,0.01398973992756971,0.008374170061607275,-0.005679781832606589
2009-10-08,0.00990047105139868,0.01063414721483499,0.011573970981799046,0.009590171168558318,0.00934429134786622,0.013313673687853677,0.009236990096000503,0.008905403034843568
2009-10-09,0.00978764385431074,0.010538422745380631,0.011308339643195714,0.009240805782598614,0.00889728760772431,0.013650741826179872,0.0075397538444054325,0.0014152088825433017
2009-10-12,0.009727539765111625,0.010223258858779243,0.01072372116972282,0.008908644894641798,0.008543202333840089,0.011766495334592897,0.010071094941514671,0.00931351397194484
2009-10-13,0.009850652668176169,0.010170969125030734,0.010570381022522581,0.008593004742549117,0.008131802716106265,0.012311339010502577,0.008506378412387827,-0.010806326455334202
2009-10-14,0.010231336805895575,0.010210205563716341,0.010702220391422467,0.009321658617138554,0.009119538019521548,0.012912832930790189,0.010774553535637096,0.019577390587427416
2009-10-15,0.010970484389237258,0.010999538768825945,0.01192490124561821,0.00898550113894784,0.008583786552783254,0.012545669558758214,0.007190545224679734,-0.006317357422348364
2009-10-16,0.010610285222827547,0.010776131134474592,0.011524853155741383,0.009026479746480832,0.008993227398113071,0.011609843506559652,0.01685686185249732,-0.006299717373371252
2009-10-19,0.010600161343372019,0.010561187832474643,0.011157864346467827,0.009107760019234528,0.009592830089383357,0.01262561399938579,0.007955063950941886,0.017437916200289498
2009-10-20,0.0112451054382351,0.011094648368080034,0.011942570741621264,0.008778655235646445,0.009103922819296853,0.013204404996302242,0.007933719125382162,-0.007240005401663398
2009-10-21,0.011236545630339548,0.010901871846597144,0.011608399441718766,0.008952789120823932,0.00959344662234362,0.013132333318092222,0.016973259137692858,0.002761564609150849
2009-10-22,0.011242512577587129,0.010591380246194573,0.011032065509648036,0.008631539642174686,0.009179799707424687,0.012077624609310535,0.014682256001118539,-0.009651016592450372
2009-10-23,0.011480027182436212,0.010537325213941958,0.010988696095177598,0.009174620538430428,0.009965999335509896,0.012798313499619548,0.015804967085334385,0.006736867584758369
2009-10-26,0.011187905201248238,0.01034873095581233,0.010619926733090623,0.008842138355828309,0.009512140714037484,0.013536177615758824,0.019337764432923513,-0.009756361950333395
2009-10-27,0.011454889472684292,0.010314148261606282,0.010631039430116203,0.009373354493736212,0.010291117192858032,0.014862311498943421,0.008821052754606524,0.0017897182603935345
2009-10-28,0.010911807816040458,0.01000954247644453,0.010096947898773724,0.009030873197534064,0.009845338147291313,0.014726815223439346,0.013009160560824896,-0.02346091614290809
2009-10-29,0.012085528687117429,0.011278491004046437,0.012406399900369604,0.012697201064994662,0.012475729377800483,0.013409861825640282,0.01686682233802172,0.011215509856984052
2009-10-30,0.012315146319437803,0.011274722056431432,0.012267134971459169,0.012193833713572709,0.011862081435804356,0.014181039927769583,0.022568710055369885,-0.018287144264973666
2009-11-02,0.012412957361911423,0.011813440427109797,0.013168334759493331,0.01376225720483139,0.01359188561180495,0.015256975453225113,0.014520903276356932,0.011804139386895441
2009-11-03,0.012363678584097478,0.011812882571214156,0.013009987859858248,0.013209034469411735,0.012912519538355033,0.014035298113188873,0.019701250757899753,-0.013272131477378827
2009-11-04,0.012664041398075851,0.011905482409377088,0.013135928349601646,0.013731410421760758,0.013918716475574314,0.01396103141948907,0.01051650227984403,0.013937988695196335
2009-11-05,0.012041037281207477,0.012037114789185708,0.013196293535084745,0.013179623693061632,0.013209887031304149,0.015205035269858528,0.021886700723539564,0.0034592304979241192
2009-11-06,0.012001197183509449,0.01170113588671704,0.01253968435881325,0.01265360127896447,0.012594860071621307,0.01641724696736802,0.01489677988944611,0.003330642035735801
2009-11-09,0.011858782446580195,0.011373969261399686,0.011919838977631141,0.01215228787598962,0.012014995702369784,0.013877253146510348,0.009839090000260226,0.017826814607825543
2009-11-10,0.012488382074507877,0.011860559232068949,0.012639093740874036,0.011674674283355078,0.011393117007119648,0.014839088743289685,0.00777434198429966,-0.0008790537362103239
2009-11-11,0.012332812602074262,0.011501254605817563,0.011988233827161753,0.011227961038410705,0.011007815918227876,0.015509645082160139,0.011419481364586962,0.006896973250025841
2009-11-12,0.012147518609213141,0.011278130184479325,0.011554080075309144,0.01079449969700699,0.010497088903863562,0.014716836211188553,0.009073903763803468,0.001840031628956185
2009-11-13,0.011386134104200486,0.010943838002013432,0.010965377437815426,0.010381980971429202,0.010039984685572465,0.010582554392812677,0.007739114055850466,0.003764345354456839
2009-11-16,0.011310576643926736,0.010650434383550362,0.010456204421452085,0.009989557602903655,0.009597469222898421,0.011014284968446387,0.011802282560858982,0.016162762537309663
2009-11-17,0.011675294373143538,0.011058930372104743,0.011166564512893764,0.009631140487809423,0.009139150330247103,0.011648407640148966,0.005766799106546535,-0.006860195053259625
2009-11-18,0.011236974559685996,0.010852911180263254,0.010872511952171126,0.009680968605462472,0.009580519726978029,0.011394424201061933,0.007214561166067014,-0.0007110778742732513
2009-11-19,0.011099355714786164,0.010523729287951063,0.010331031345896332,0.009329715731931336,0.009270776156643573,0.012057583041043783,0.011071876513242549,-0.014024999441983951
2009-11-20,0.01155288675539252,0.010765964053412647,0.010904799450710075,0.010578353560618476,0.010626130743756467,0.013028320415101444,0.015291697310456633,-0.003099126930294398
2009-11-23,0.011363626646430777,0.010465557717733701,0.010421823139714364,0.01025855003979975,0.010534113231389544,0.013202234366915372,0.016097447332655824,0.019629362501584185
2009-11-24,0.01205056103279542,0.0112283096134609,0.011685155906125604,0.009871446948673148,0.009992770442111108,0.013459020594715236,0.010688493618756139,-0.005899169689682077
2009-11-25,0.011906717796168656,0.01098173268436516,0.011286491696309783,0.009801256689358794,0.010267997448922386,0.012210925426543416,0.0057556808612821775,0.007634196196961954
2009-11-26,0.011989252107330832,0.010810152759338106,0.0109567948814972,0.0094367634484107,0.009793883532015135,0.012918163245275092,0.01649029655585775,-0.0323357306903941
2009-11-27,0.013023990126973344,0.013137115637624323,0.014939040330273207,0.015651750144036584,0.013838784082784989,0.014934806065399736,0.0296952675099943,0.009885327342288338
2009-11-30,0.012975242001612498,0.012965028370180542,0.014476902572419141,0.015009961253826237,0.013155468381816185,0.019827419607872515,0.011573111538833454,-0.010540130539554382
2009-12-01,0.012501212093218536,0.012832462901121592,0.014189009473677006,0.015001595847240208,0.013807387215615087,0.013495698117859788,0.010555176655885932,0.02313749922560936
2009-12-02,0.013199772061606023,0.01367159135166959,0.01532685651905377,0.014389742465842794,0.013067698470384328,0.014355961683826707,0.011540165000932818,0.0028572522164227025
2009-12-03,0.012733890282947241,0.013273563910853747,0.014540124097657718,0.013806198364805783,0.012459352730244417,0.014803060477205063,0.01059220878177005,-0.002706666815392765
2009-12-04,0.012513387161728222,0.01288626445781557,0.013820265290403342,0.013299481534024748,0.01221887142689478,0.014376043352603332,0.018107733851840075,0.0017676819767344025
2009-12-07,0.012508120483181066,0.012501197740632993,0.013105879310910656,0.012766769632643808,0.011663207937487869,0.013489025292583017,0.01394742731043447,-0.002200676138078385
2009-12-08,0.012532362594288806,0.012132342180356828,0.012459351755406056,0.012295905493992175,0.011409507339670914,0.014276862317421262,0.016011909499129867,-0.01663255795195879
2009-12-09,0.012547908261620387,0.01244831804766835,0.01307943772203998,0.013528184376350694,0.012958094119756852,0.01465033871007627,0.012510355527983345,-0.0036827508775759267
2009-12-10,0.012571391658662239,0.012102757707420586,0.012478870090392866,0.01307464635586711,0.01280184272283128,0.014638687044350214,0.008843494083159507,0.007752496165182162
2009-12-11,0.012597048951953115,0.011886724161202974,0.012064721362059378,0.01255248799829926,0.012186971440063381,0.014629109134141805,0.011938733594946576,0.0032743223618947135
2009-12-14,0.012612558340469598,0.011552481543946789,0.01147922835808661,0.012054946290237161,0.011626440835758287,0.016136541933066368,0.009177895083360917,0.010154291222343532
2009-12-15,0.012787197630902894,0.011473396090413993,0.0113325705325977,0.011581014196839125,0.011066801119251828,0.012947086035749414,0.01317391454584912,-0.005565474553701693
2009-12-16,0.012298125109365775,0.011207094145992955,0.010965358015463755,0.011393899271634303,0.011261713440472198,0.012217168429890419,0.007472470283261388,0.006505713067439239
2009-12-17,0.012318191999545154,0.0109819160348398,0.010594581700572257,0.010962479793963403,0.010743970191052861,0.013909724821342343,0.008892199662263562,-0.019492166688167556
2009-12-18,0.013016937710712788,0.011668890467411793,0.011977430490767361,0.01302214225548536,0.012723718896521661,0.013486926809065498,0.016226164631986135,-0.003994474507750651
2009-12-21,0.012700008832147319,0.011355640627089728,0.01146666961860945,0.012621030503901237,0.012612578475627061,0.01369500560898472,0.016112007296020095,0.01853105225974252
2009-12-22,0.013351470653405586,0.011908716701631315,0.01234744677189975,0.012132559681860434,0.011980416192262113,0.013435994332862832,0.010883746074306214,0.00653320218478209
2009-12-23,0.012697472523463831,0.011656304959898929,0.011879599778868846,0.011666677961314011,0.011422636448771041,0.011917350267351468,0.007727755327557016,0.008167430063091612
2009-12-24,0.012754844914284144,0.011476920032360774,0.01154578541362588,0.011222486016535811,0.010890597785694645,0.013252404374052592,0.003981863753534003,0.00556856322571209
2009-12-29,0.012704382087047154,0.011210577398482961,0.0110844792846536,0.010799122466178961,0.010396330631843698,0.01362427000986491,0.005212025432454833,0.0064944877717964975
2009-12-30,0.01031255947368603,0.010984858904693097,0.01070432844677361,0.010395761989995313,0.009926049814677228,0.01350783357115068,0.006857439897669261,-0.007327798005845935
2009-12-31,0.010353625238374983,0.010800411800645523,0.01048673525247843,0.010429176996358909,0.01037361246193969,0.01269777700469979,0.00695581458080304,0.0027750045557797406
2010-01-04,0.009989607999921565,0.010493426531728689,0.009992883667609144,0.010043430815720648,0.00991666082044155,0.012587950287234612,0.008056557631121116,0.0160176426051962
2010-01-05,0.009335617820875258,0.010904089729631179,0.010739659278650558,0.009676201036575231,0.009441419257227364,0.012763399468374752,0.00906073956458144,0.004028020106713648
2010-01-06,0.009346633375417543,0.010617849086361259,0.010267038714501487,0.00932675720967351,0.009030570852897983,0.012304665167234106,0.006630196911584184,0.0013571592221082818
2010-01-07,0.009292470213481476,0.010299752858042141,0.009763503671451923,0.008994398071566705,0.008650224484703149,0.012694906427261008,0.008971059495176395,-0.0005969231503047841
2010-01-08,0.009308545682666628,0.009987051288312511,0.00929336859886712,0.008684172108915297,0.008373630953287687,0.01249887310425816,0.009372426419344847,0.001356128551822735
2010-01-11,0.009264488236950353,0.009688501788625818,0.008847338718159627,0.008383700183916026,0.008027717657579423,0.012052127964481534,0.012467907104858667,0.000704460710292749
2010-01-12,0.00824041995826733,0.009394935805382285,0.008424151253219096,0.008098379559557181,0.007701835012201424,0.010880393624865162,0.0143862194108282,-0.007139780982279255
2010-01-13,0.008408970270489756,0.009275102048415092,0.008403411793992326,0.00832986804108744,0.008256503584317261,0.01081688131743331,0.009509651724613889,-0.004593435101299856
2010-01-14,0.00846388376678527,0.00906266217453758,0.008178081020568294,0.008260053110661891,0.008467215427825156,0.013139570626880792,0.007522983530553255,0.004502500383271074
2010-01-15,0.008477100783777504,0.008855522882952079,0.007899235469173996,0.007981017630245056,0.008106172387489676,0.012582285619431526,0.011621815211607408,-0.007814822126290059
2010-01-18,0.008529611373389654,0.008796553591639842,0.008005117338213259,0.00831948482088484,0.008721820303755633,0.011199685533109342,0.00627855377689609,0.007123447901563173
2010-01-19,0.008472742197910985,0.008705240053297402,0.007873278031873418,0.007973059678959596,0.008297188332308632,0.012035655727796114,0.017322815325080485,0.0033976866663320018
2010-01-20,0.00841416688295329,0.008480978045211269,0.007559876462309868,0.00770273128528166,0.007944072784013323,0.011897863027168006,0.0128085875598535,-0.016883672351807866
2010-01-21,0.008099106483275505,0.009204068275069798,0.009175024771137739,0.010004475722661022,0.00981253070996923,0.011191184899828626,0.020194784217169536,-0.01593577731504057
2010-01-22,0.00890663726712808,0.00974006778012819,0.010243500755690369,0.011513891236864493,0.011391859506377285,0.011662537073878399,0.01592773977306677,-0.006034930565510057
2010-01-25,0.008100295669720722,0.009558347574535749,0.009964077804932261,0.011333002570169353,0.011600461198549399,0.013751882651608175,0.01229211594798919,-0.008084638811231466
2010-01-26,0.008146053937293167,0.009476390184916387,0.009876409234110282,0.011367053798996423,0.012045361732941231,0.013113468396573761,0.010840506277098337,0.0031507447391363047
2010-01-27,0.007946738912322608,0.009220058797276975,0.00942225242281366,0.010926373878516853,0.011488732134778239,0.0127484913910976,0.012113280595207289,-0.011320444113679006
2010-01-28,0.0081170327838574,0.009359383658531456,0.009756265139269806,0.011433532854553854,0.012343915855244336,0.011937169537444918,0.021801458971533207,-0.013856945516000559
2010-01-29,0.008307644949485299,0.009688295776943178,0.010390579372945909,0.012288705417330216,0.0134666661354476,0.012706738222670927,0.013938356533680652,0.008283223609977903
2010-02-01,0.008560618412581166,0.009609786582448989,0.010182156403514659,0.011803915049386597,0.012809197705230438,0.011598005229736046,0.01274692871915775,0.011288077774210035
2010-02-02,0.008983404392207052,0.009718660414933763,0.01028108000911069,0.01134224918118087,0.01217801621511521,0.011555230598074987,0.013585099455499402,0.006818186649605952
2010-02-03,0.00828467797629088,0.009569455512017617,0.009974528052745284,0.010902765372269944,0.011599836238464998,0.01360034419589522,0.011307431166688373,-0.005713487758144438
2010-02-04,0.008207538671582183,0.009382891164797942,0.009694640675980049,0.010738041737316876,0.011757715377783463,0.01348445407894243,0.017589928143170945,-0.02192053130648219
2010-02-05,0.009190506099628563,0.010563470517747689,0.011762615363294678,0.013470174722589125,0.014009404940068377,0.012915331216558168,0.015054185308694238,-0.015372550326575841
2010-02-08,0.009517782929681216,0.010911948177532351,0.012304700599244364,0.014292451930867598,0.015213261604334767,0.013885542106711852,0.015173237011533922,0.0061852618104572335
2010-02-09,0.009714849110824672,0.010687461067402142,0.011812483289992237,0.013713540013671064,0.014461767272033754,0.01407883398872717,0.008413893746137734,0.0038219977729448415
2010-02-10,0.009813058645255883,0.010404084517235818,0.011256650149364668,0.01316161348116597,0.013763505470096731,0.013151389492446767,0.01372240112354591,0.003943854074178358
2010-02-11,0.009922706891198535,0.010133287485351616,0.01073967275218305,0.012635561262940836,0.013105459093322646,0.012529193698366796,0.015457049980358616,0.005731788170117668
2010-02-12,0.010108775304787827,0.009924399633366377,0.010334110388890698,0.012134321133715677,0.01247854732815723,0.01364781435898937,0.016443305781934207,-0.0036878923785325438
2010-02-15,0.00997020360398446,0.00966437367911316,0.009912335848039794,0.011756656830041443,0.012345997423844221,0.015506580803020767,0.008677429226140692,0.004849670028811012
2010-02-16,0.01005877220419288,0.009444960002893818,0.0095208543545562,0.01129725409752093,0.01176583159854058,0.01463380181053664,0.008131868705383771,0.01471462255851033
2010-02-17,0.010549425675111749,0.009841038578892647,0.010170577498132796,0.010863394134256127,0.011180641678782443,0.012914495429736493,0.009645100011767075,0.006178315773914842
2010-02-18,0.010640522272641405,0.009660516189143854,0.009844456936904616,0.010458008611933398,0.010670614121240145,0.012429050968170399,0.008803396844817327,0.009149539855670907
2010-02-19,0.010342883485515365,0.009630622172658343,0.009768920797198224,0.010071958673976578,0.010177470556547254,0.011852024708410297,0.014300478713862698,0.006196607024841738
2010-02-22,0.009844218257959279,0.009459800565750192,0.009473921800963814,0.00970448064411817,0.009721861316300649,0.011473128179719884,0.00684841626349726,-0.0011390905314651357
2010-02-23,0.009746522206644508,0.009175860110827432,0.009035523825848572,0.009369019443174665,0.009451945770722447,0.01160629266842849,0.015672670403018157,-0.00693718096289433
2010-02-24,0.00969945133886278,0.009057157005914283,0.008934292625160906,0.009445108693041507,0.009874911625385036,0.014092304110746445,0.009780354461263895,0.005216750431011703
2010-02-25,0.00973815167738904,0.008873727320104156,0.008643819599892508,0.009108165232568268,0.00943913987978661,0.012396306932656002,0.017089727590607177,-0.012183446218829294
2010-02-26,0.009792604389879353,0.009106296506511055,0.009193469400489351,0.01000021807303395,0.01051988852425153,0.014989561596805099,0.010661493468249477,0.014352198354245962
2010-03-01,0.009651177198504907,0.009503067597181605,0.009816075628582797,0.009636209804366726,0.010015772513952527,0.011262657602751126,0.008605615783039389,0.009553620859149783
2010-03-02,0.009697099966650986,0.009506108374220742,0.009780921927742126,0.009289903793751046,0.00955646914009104,0.011050428341092444,0.0076314409938554335,0.014362046680934356
2010-03-03,0.009866752250649452,0.009865101810371963,0.010313858430582887,0.00896060184049507,0.009103956736755046,0.012203409493457221,0.010984137169580683,0.008913313619646248
2010-03-04,0.00992724252627119,0.0098105988240369,0.0101735088638355,0.008647632984351008,0.008695403493554604,0.01196827770901305,0.007409830011204916,-0.0010849518260750575
2010-03-05,0.009793221003302195,0.009515440376404907,0.009692476949238556,0.008364972753258058,0.008473748157460133,0.011101460731461399,0.007760600058983787,0.013049524625171002
2010-03-08,0.00830769395239462,0.009763626109191115,0.01006315621638667,0.00808201329054615,0.008082801399710206,0.010891583785507456,0.007099375076914383,0.0012314283446105238
2010-03-09,0.0070594905246677666,0.009470991292264414,0.00957734077030372,0.007813551603073813,0.00775563394641897,0.010369369951241198,0.00943935349127244,-0.0007850834554369973
2010-03-10,0.007158082191984583,0.009184480217006267,0.009126788376395125,0.007568493055997756,0.007548673351266535,0.010731740700306185,0.008444787171484457,0.006813215123630699
2010-03-11,0.007172719376816069,0.009059723520308826,0.008923997252007489,0.007326811187791427,0.007228002739709355,0.010908106643432851,0.0074316740696900715,-0.004139321413135996
2010-03-12,0.007427003269372975,0.008842053706817524,0.008633003371670032,0.007292186682956892,0.007437671613671514,0.010887619686461774,0.005691573963393664,0.0014942633750734424
2010-03-15,0.007443779563414449,0.008580499304296687,0.008234151764155803,0.00706520029915563,0.007142286670084433,0.010340454546625272,0.004592736432394622,-0.005668666468407108
2010-03-16,0.007559064931644036,0.008434186207582588,0.00810122048587245,0.007214029988877141,0.007541577598361258,0.010335562570504449,0.006314826836043002,0.004726117426094489
2010-03-17,0.007558423942024634,0.008258785523346626,0.00784500466116316,0.006991241015970767,0.007228985738809614,0.010444087104310721,0.005215625645734527,0.004296500173543279
2010-03-18,0.007150963219362709,0.008076056020476632,0.007540768376580931,0.006721165460747521,0.006866778094542491,0.010335562570504449,0.007083544491820166,-0.00035438373040810075
2010-03-19,0.007170898622219021,0.007830507982553043,0.00720568697492999,0.006524010398361443,0.006656331612787082,0.01053696151997218,0.009684039589315968,0.0013282919235833178
2010-03-22,0.007048145186476543,0.0075989279187917485,0.006889639645407123,0.006334059592621876,0.006395535256832163,0.010402019668407592,0.011312457125928762,-0.0009916243973018264
2010-03-23,0.007050561683305095,0.007371436923749167,0.006608428040575955,0.006173588740794892,0.0062815925766044915,0.010447879529636087,0.007516995835611412,0.005142217178287217
2010-03-24,0.0070225886376421714,0.007257020134468703,0.006494264874719934,0.006004052636796555,0.006023371904248046,0.011098500009762879,0.01059808388361323,0.0007576091627842642
2010-03-25,0.006682870157232482,0.00703838895321729,0.006219599060034366,0.005844605967748374,0.005796117396221625,0.011126304405391968,0.007826274902015267,0.008732607924550832
2010-03-26,0.006780710884824753,0.007151369825648832,0.006513638578226951,0.005694789050937732,0.005546524793605217,0.012590896106169666,0.0039850808565429245,-0.004321701810685088
2010-03-29,0.006061299547256046,0.007013857095253459,0.006432620591468082,0.0058297227595508335,0.005873738159747258,0.008656453829377906,0.008047583294954265,0.0013492559236966725
2010-03-30,0.005560709846746975,0.006808213375353102,0.006166728982984144,0.005680812069831799,0.005651261674343926,0.008273562729588964,0.012161887903125059,-0.006746928870639852
2010-03-31,0.005744605503147815,0.006804551870153175,0.006363758041189243,0.006169745412749006,0.0062813149467077,0.010075075077461446,0.008736711050204135,0.0012861284906069222
2010-04-01,0.005035665323133455,0.006604775406783324,0.006101614139957393,0.006000436411166821,0.006039236955386887,0.009760570911876501,0.005250294227778136,0.011431696990776466
2010-04-06,0.005242574498915884,0.006989041168067513,0.006813643210201532,0.005841206589101224,0.005766639106782502,0.007035034203512741,0.005556762519521316,0.006160379733196055
2010-04-07,0.005282315267993443,0.006942111448935137,0.006760911623822224,0.005691596544149539,0.005529198983168344,0.007198569527288533,0.003983238693749776,-0.0031708928452592795
2010-04-08,0.004767005981909084,0.0067752941171167706,0.006579655330620299,0.005706881257110398,0.005716037252212874,0.007052263096573716,0.010762169392585829,-0.008610225048405614
2010-04-09,0.005240581538750955,0.006899166056421775,0.006955970897338888,0.0065414150803676544,0.006589433763708351,0.008542815460173025,0.005478309472520417,0.010153609180456064
2010-04-12,0.00559706837071558,0.0071364087257530275,0.007329319655975371,0.006350464535764159,0.006295127389020173,0.00710806036784649,0.00786789315987088,0.0011603038873096837
2010-04-13,0.005458574542534289,0.006924839928662472,0.007003792393385283,0.0061705539387249715,0.006052897845379755,0.008089314834214585,0.00568498035284203,-0.0027731095643645162
2010-04-14,0.005400292772303121,0.006748156174445015,0.006781936276955398,0.006114091843864333,0.006165168614092613,0.007125458527876321,0.006782675858654953,0.00598721290153604
2010-04-15,0.005500250669970064,0.006704935357564421,0.006717676045119153,0.005948079699977333,0.005909121816471621,0.007287347815308258,0.007851109712314968,0.004939216498453799
2010-04-16,0.0052998936161111265,0.006612302188896571,0.006579661227675099,0.005791997395664359,0.005669907479484304,0.008089314834214585,0.013294738140442823,-0.014003167705841183
2010-04-19,0.00628902133947589,0.007270798454841394,0.00784947135261076,0.007904436834486843,0.007319309863386374,0.010010738075098802,0.008209527808471534,-0.0028068603405317456
2010-04-20,0.006295902322410017,0.007082749992689531,0.0075712229826721215,0.007749329927334855,0.007382246252128763,0.009938960174303376,0.007977094932383867,0.009694644886004487
2010-04-21,0.006587105285598564,0.00726598891957254,0.007800448665483692,0.007491353914073483,0.0070525947523103535,0.010795631651695316,0.008969603893463728,-0.010480581894315515
2010-04-22,0.0070605041366366295,0.007497831359212951,0.008251950438855663,0.00836366164051201,0.008084499546399896,0.010520482178315832,0.0161324434340542,-0.010203184567283965
2010-04-23,0.0074411138981696125,0.007687049180574364,0.008599153355076557,0.00903924310019338,0.009010104271114719,0.01202128297807912,0.009297838783103614,0.010255599589441345
2010-04-26,0.007691235627272722,0.007864853525313223,0.008764155916132266,0.008713368367819434,0.00859342005483324,0.011429375342732456,0.011993319308935543,0.00526243634463872
2010-04-27,0.007763643290319291,0.007733444245162461,0.008479849059897371,0.008404330842004025,0.008218388505825592,0.01123198854119916,0.013645151041131329,-0.02648648325393068
2010-04-28,0.00952966809664524,0.009915130761069129,0.0118975335170865,0.013192273762061587,0.011519966875001786,0.010736605077719723,0.018041533239514063,-0.003020529369543543
2010-04-29,0.00951150364376514,0.00964150635476064,0.01135246012184011,0.012726526856770613,0.011365551105542939,0.013084219576080894,0.008925386024801928,0.005569255050359204
2010-04-30,0.009607314900077291,0.009446804867811843,0.010898786549972726,0.01221927394754475,0.010838690402783926,0.011788530018346554,0.014764592269137991,-0.011547782539149303
2010-05-04,0.009811329008282221,0.009585857904860244,0.011067420388798765,0.012601813458253402,0.011757319205213536,0.013657242989878395,0.019352697762075585,-0.025939946289485878
2010-05-05,0.011194184602262123,0.011258250320361778,0.013554957095911504,0.015820303472649736,0.0145602457684188,0.012457307740968161,0.01931450229623824,-0.012871004430252122
2010-05-06,0.010956641776365076,0.011361473212659734,0.01356849874777646,0.016004003164691024,0.015401949485633629,0.012559396679962751,0.017437652810095003,-0.015260272183203914
2010-05-07,0.011012855895290862,0.011632310328330897,0.013846387643188565,0.016487341054227583,0.016485239642714627,0.013036825866866488,0.03399533285513829,-0.02658091779160493
2010-05-10,0.012012785019957055,0.013022469673558915,0.01578735116395903,0.01894154977121083,0.018959862516974214,0.025358343627986595,0.027269127652189327,0.050322688815615656
2010-05-11,0.01708628998761735,0.017645169707113426,0.02194361309123046,0.018146183119580633,0.017811712632839795,0.027069229287045356,0.021865066828804226,-0.009923973402704194
2010-05-12,0.016886255736676473,0.01727946781701098,0.02104931579440455,0.01783183157383954,0.018086816500086107,0.025187069339602162,0.019334028022412214,0.009199799903657881
2010-05-13,0.017092963118153223,0.016903945890022594,0.0201228122422153,0.017087082936734506,0.017151617115681046,0.02429606300536358,0.0056272114902710755,0.009281581256561634
2010-05-14,0.017314814331564322,0.01654592543470967,0.01926030187445163,0.016376455011158086,0.016272910934850175,0.020555491342130614,0.02042384644194668,-0.03193809590908463
2010-05-17,0.01830308122100817,0.01784780400495779,0.021043768068245816,0.02008319607797464,0.019502263107106226,0.01564267115307235,0.01737695970755562,-7.600661261177188e-05
2010-05-18,0.018204886140369532,0.01730409801034812,0.019925574726139636,0.019236398964882117,0.018539937425208725,0.017694068856767973,0.01232319162458347,0.008477032352041015
2010-05-19,0.01829957085712403,0.016904955016931653,0.01903954258845687,0.018427623265026158,0.017579830472603974,0.014822715512004338,0.013008328669424408,-0.02851493672987851
2010-05-20,0.0190756873049669,0.017816199114276655,0.020755440291967533,0.02147219435266856,0.020832623396842376,0.013802049582401641,0.04056775923646999,-0.016616224038539282
2010-05-21,0.0189264705194509,0.01774648888948783,0.020402595229753673,0.021615655718923484,0.021760113215677772,0.027378719896686166,0.024121836126216305,-0.002012628935097612
2010-05-24,0.01892186677588367,0.017212920622144738,0.019239068135470907,0.02065489043559186,0.020786465498144814,0.023727338758349235,0.016544260700160667,0.0013224773701446453
2010-05-25,0.018956081849768134,0.01669168939763956,0.018128071303919933,0.01972081627019476,0.01962560441708374,0.020587373818340124,0.024692816251321633,-0.02575489746103493
2010-05-26,0.01910762892576819,0.017369358935900366,0.01927954313292377,0.021603027650695952,0.02188915345102736,0.026892753735799593,0.025112972808179344,0.019522005313778096
2010-05-27,0.019805988616172717,0.017505983935265226,0.019269590741958418,0.020623035403544616,0.02063011849120255,0.03031192012338538,0.014084982224378503,0.030706095486530954
2010-05-28,0.02080231814638839,0.01856458357009216,0.020838223059262206,0.019690506335242955,0.019443473939518757,0.021728399578061997,0.009903247967486567,-0.0013097578820635294
2010-06-01,0.0208080609731532,0.018001890603091035,0.019638619845753307,0.01881345193170178,0.018543671570723896,0.01863902007185964,0.02370097954958024,-0.004849454522473152
2010-06-02,0.0207044277701544,0.017493856462154077,0.018592838675940908,0.01808686738223596,0.018134856452795972,0.023645762752765895,0.016859464139722526,-0.0023267999561781827
2010-06-03,0.020634398626322784,0.016970496544459365,0.01754707862137364,0.0173088018320801,0.017445633379396763,0.01904918692998435,0.01796991423680939,0.011561045534102452
2010-06-04,0.02022097062763213,0.01669542914147678,0.016953035700278517,0.016538073982530776,0.01649653826774678,0.018881411469807263,0.026002286971282068,-0.016484527597952603
2010-06-07,0.020335011405309366,0.01668285023527597,0.016996619060299253,0.017208196476769945,0.017731257146483867,0.02173333723518518,0.013116535352773904,-0.011162340889302604
2010-06-08,0.020220382442011974,0.016404094418834232,0.016508690342117768,0.017083345589907328,0.018173622497440135,0.018176293892488843,0.01761734754360686,-0.008101219868255091
2010-06-09,0.019474979779461356,0.016027677332699688,0.015838990124655488,0.016671481292062407,0.018194976867539972,0.019391782868549864,0.01361884780614418,0.011409937805558112
2010-06-10,0.015877633352283302,0.01578874456959354,0.015380834732221384,0.015932161966496487,0.017196358469986097,0.01766995252442536,0.020968787193961946,0.009120864921071581
2010-06-11,0.015990428471509773,0.015469932074619571,0.014791941384339926,0.01522943174443796,0.016266747567841106,0.016151442262735537,0.011495417081115468,0.006060506885506342
2010-06-14,0.0158965022518805,0.015071942645601428,0.014075894504125967,0.014561653809447697,0.015401893739397335,0.015258653456626251,0.0071636632946231946,0.007409013420860007
2010-06-15,0.015835277506069886,0.014725055402197644,0.01348172523669675,0.013927269461555473,0.014591475648534752,0.015802196437493518,0.016935360965129112,0.0030134669010164687
2010-06-16,0.01430206174087779,0.014295540569273131,0.012750334732472713,0.013324794225336951,0.0138385755216649,0.014893157509080504,0.00813723482272239,0.003844797528740808
2010-06-17,0.014332197588198379,0.01389200055571157,0.012088968258820911,0.012752814099605563,0.013132487647074882,0.015601396279715414,0.010711280906710266,0.0030500033175163083
2010-06-18,0.014215934580587383,0.013489498503936636,0.011449091050072038,0.012209981939111887,0.012471805529600297,0.012104075597357097,0.009017985985557102,-0.0005902120174760209
2010-06-21,0.012686339403151772,0.013079353069169002,0.010618385838889872,0.01147158875942556,0.011753433158331281,0.013078297872678427,0.012393900041270462,0.009156548870631435
2010-06-22,0.012147544083450675,0.012877726947668889,0.010448614962654732,0.010986633479369148,0.011171905309779646,0.012844631761323333,0.013932688101951717,-0.00988051011317206
2010-06-23,0.01239867272147839,0.012717828787343543,0.010501632245912645,0.011302606019030367,0.011891065106387322,0.01270824835034585,0.010268245501783232,-0.013141045657778183
2010-06-24,0.012815454926056125,0.01274361815887159,0.010983710175019144,0.012120028040950186,0.013001596325735488,0.012289910076783806,0.018416316695132242,-0.015235684399156882
2010-06-25,0.011889002049035768,0.012906718417127462,0.011709940328389344,0.013202643846389505,0.014316862621799114,0.014603710703499063,0.016334461513150794,-0.010584820950862528
2010-06-28,0.011414544941191275,0.012779306849543337,0.011692192484171242,0.013369723651213129,0.014906943491160736,0.01611795402599969,0.010756921267439283,0.004981133423835787
2010-06-29,0.00911140095725185,0.012449929475810752,0.011127490206671612,0.012780031249910482,0.014120332291891127,0.014292360591209821,0.019868831741963005,-0.03154709380914972
2010-06-30,0.011271721934884174,0.014332265940307528,0.015262962494554291,0.017826936347148083,0.017756246064537497,0.014088588875498891,0.012293272447217157,0.0005492773072970325
2010-07-01,0.011279069520887003,0.013896298733774256,0.014362119451425816,0.017006515901059328,0.016776568475283218,0.01494693873592139,0.01601192282398274,-0.022854728818752685
2010-07-02,0.012135916581789523,0.014589756994245027,0.01575125866428345,0.018767291155177935,0.018851800144358485,0.015212788434267793,0.013722619913867992,0.006698559872435135
2010-07-05,0.011881805203698916,0.014240140127959777,0.01496870790869741,0.0179008774547857,0.017799168462828172,0.014657138762760464,0.00796101216579529,-0.0030222760439714805
2010-07-06,0.01150555618011414,0.013826161598985176,0.014141412847301806,0.017127802346053298,0.017193194276821738,0.014818615125348326,0.014248532477967523,0.028913491868664605
2010-07-07,0.013256367703992283,0.015160883239769945,0.016515270969047962,0.0163770516498812,0.016262362146347232,0.0159082166002009,0.022182744323061068,0.009980242762597052
2010-07-08,0.013358078145668497,0.014900924552166663,0.01586916890176939,0.015634600622163305,0.015387348489106261,0.014290473178081802,0.01391633370137498,0.017924849753722685
2010-07-09,0.013710421549624499,0.015099447462752184,0.016083807122713314,0.01494033218379441,0.014573729132132864,0.014099752853149265,0.008558383461861725,0.005352411590406452
2010-07-12,0.013611898349513969,0.01469804794690695,0.015219716070235914,0.014268866943289908,0.013809205730172696,0.013746025884615175,0.010601374458819663,0.006621447701185444
2010-07-13,0.01362492240823451,0.014342289594837118,0.014472536773243744,0.013633013219223063,0.01309513914390723,0.013807140927609374,0.009575778678398967,0.019927848568022336
2010-07-14,0.014224576016308554,0.01473724341543711,0.015169660909607387,0.013048522940223198,0.012432216946182484,0.013353446028435313,0.0145951149464454,-0.0033255767263769298
2010-07-15,0.014238644223830331,0.014311489458140791,0.01433818187410033,0.012558057514750958,0.012222397334701741,0.012636527484807359,0.013158959587246256,-0.008065176352842578
2010-07-16,0.014328335637218286,0.014015435450102632,0.01382223568464267,0.01247737219488653,0.012628914648280571,0.011925815002408462,0.020374038315568988,-0.010105966320675125
2010-07-19,0.014464147124688295,0.01381210767121047,0.01352601754647842,0.01265677805712261,0.01327551163244715,0.01390686191120718,0.015662280642788923,-0.002056815378945117
2010-07-20,0.014466274639350784,0.01340080925138584,0.012851622664334523,0.012158613304639944,0.012858804891379255,0.014537592748085812,0.016592035712443266,-0.0017107646233904949
2010-07-21,0.01428026454656125,0.012999322682828721,0.012158677795070925,0.011665540566394197,0.012429977709406227,0.01698260995978177,0.015111118584197742,0.01450658521849284
2010-07-22,0.014549987009291299,0.013094651873251564,0.012419762780779267,0.011172562479653531,0.011797578230955747,0.016124778763170578,0.019642384858902007,0.01884482650795479
2010-07-23,0.014809849615307832,0.013508862364671814,0.013266681974909317,0.010705899713664807,0.01120076174318249,0.0141018705980677,0.010068830597287021,-0.00022585259450059195
2010-07-26,0.0143299685437383,0.013097444835083457,0.012526105637552845,0.010265845356092882,0.010696806675539317,0.014413841802740503,0.006761614468065529,0.00722078964744371
2010-07-27,0.01407617485736082,0.01282103216295509,0.012042419942816936,0.009848276410707955,0.010178914241992618,0.014823498430371784,0.010490085962549476,0.0027246956241585383
2010-07-28,0.014067228613913917,0.012448356186853575,0.01139937370998051,0.009453673407777353,0.009696743108496846,0.010758777871001645,0.013038008928826762,-0.008609932088310466
2010-07-29,0.012017694050762358,0.012252009356975214,0.011213937682393588,0.009764846617564682,0.010349878739215827,0.012847209810038462,0.01091713195683854,-0.0010720634484566625
2010-07-30,0.012044635657593809,0.011881666065356943,0.01061445854212409,0.009389171580659904,0.010000264061216313,0.011242475672826368,0.010769779612755246,-0.010594121029932244
2010-08-02,0.010939638992352558,0.011808373012534224,0.010728522078394465,0.010035398588119825,0.010901221269351087,0.011350520083756746,0.013537629322944273,0.026111045969463113
2010-08-03,0.011929431897845899,0.01311406177002849,0.013340926896248545,0.009630473088797255,0.010353011651288295,0.012069846787321169,0.007794308332312435,-0.00011117699388869074
2010-08-04,0.01184564774387738,0.012714583782455232,0.012594928967106265,0.00924881881499715,0.00988721794852742,0.012155403483704239,0.015615574534937728,-0.0019104682747032651
2010-08-05,0.010626214690103154,0.012336125633971472,0.011923165077254766,0.008929152757667485,0.00966814709264696,0.012131647933316798,0.01016641159367215,-0.0037946474105072735
2010-08-06,0.010655774654828,0.011996380989944615,0.011360776116138784,0.008738999600341753,0.00969693903445493,0.010654144059221141,0.017159235139865944,-0.006244061340668696
2010-08-09,0.010287137663425854,0.011731055603231632,0.010982956096129665,0.008807326667790046,0.010037555972206519,0.015531069647593213,0.00926591782855253,0.014540091772181494
2010-08-10,0.010623563197523903,0.011918282668100851,0.011413986476725112,0.008471213273211318,0.009552762535078306,0.010491647157029204,0.009961694254211808,-0.006322504814710243
2010-08-11,0.01074775377892648,0.011658523837916617,0.011037272626592038,0.008576629037992537,0.009912876584768767,0.011140882369563693,0.01134684120893582,-0.024705632539724
2010-08-12,0.011396359033142784,0.012821388542033425,0.013502916648878817,0.01308155925620539,0.012939555535483246,0.011106484987894474,0.01079123273464394,0.003976677964220232
2010-08-13,0.011408697779306453,0.01246890379924818,0.012797099339440492,0.012514155256661452,0.012284791935824067,0.010221410602088248,0.014982889164197042,0.0017644552317617242
2010-08-16,0.011256976312312823,0.012096774213545726,0.012089868430802477,0.011976389042830222,0.011673535604214793,0.012867103934116069,0.013804468851568878,0.00013268255717710048
2010-08-17,0.010989459932469414,0.011728302770254238,0.011421238422771464,0.011466967235795423,0.011102077318768295,0.012481185978497077,0.006727387343704903,0.01402151572404559
2010-08-18,0.011315981455138097,0.011878386881664005,0.011721171843405027,0.01100235068136566,0.010565844598330763,0.011588441462524635,0.006034586977280897,-0.008954863425757
2010-08-19,0.011537728232514987,0.01172355258248522,0.01154007696916557,0.01118196301891556,0.01120724757480682,0.012017513279453468,0.01867951036117988,-0.01742449593272949
2010-08-20,0.011836770009982235,0.012141333022185848,0.012476447229907275,0.012853909972308277,0.012971413763130234,0.0118490057069867,0.013112203776708875,-0.0030749740755454426
2010-08-23,0.011027939617950296,0.011795532096357498,0.011860623686849297,0.01238675822926193,0.0127118690352919,0.011960688589284061,0.01348609597993568,0.007574268480883544
2010-08-24,0.011188127955839795,0.01158570996405737,0.011462374114701229,0.01187264146088403,0.012070143253987285,0.011637052326980849,0.019261915690950447,-0.015167554122247611
2010-08-25,0.011458783696761525,0.01183123986453074,0.01206274350131338,0.012950353477785075,0.013445681472890403,0.01343453113979699,0.016562623931446255,-0.009079104584969137
2010-08-26,0.011516711728511592,0.011684406314915028,0.011859621690248694,0.01295617039123768,0.013908824362036547,0.01725884771035282,0.007773071751801373,0.009040314073123624
2010-08-27,0.011678462314439166,0.01154285348553587,0.011572163901584791,0.012413309087579014,0.01318857435049928,0.014232766635454126,0.015038358841924691,0.008843976002408676
2010-08-31,0.011894679716416594,0.011398954920741883,0.011294609885022941,0.01189784695716535,0.012514257577166928,0.01429081981313832,0.01723044122497322,0.004526804062767162
2010-09-01,0.01174270830699367,0.011107183269819597,0.010770420203829923,0.011408599879715504,0.01189143948678905,0.013193880154093056,0.012164042829810472,0.02666421801648152
2010-09-02,0.011805365028806277,0.012594688575896833,0.01343649704491208,0.0109444377623859,0.011259210919001656,0.014057334441215511,0.00650375798592817,0.0008568182765697806
2010-09-03,0.011807912438005165,0.012212807120311878,0.01269886384954841,0.010504281577317804,0.010721532824516839,0.011642039192292394,0.011656200913726841,0.010593476354291658
2010-09-06,0.012031839122612248,0.012121749162913753,0.012467308279700164,0.010087100489850322,0.010195229338993346,0.010963234534234957,0.005211791572279465,0.002024403952499002
2010-09-07,0.01199809313950406,0.011762928516498681,0.011798715266959825,0.009691909074795498,0.009719022949387243,0.012731118209620269,0.00904672954026825,-0.005789635421830768
2010-09-08,0.011985446417427947,0.011492418837923783,0.011363664431121856,0.009624279279081308,0.010003120937018009,0.010410831078892166,0.014514429837842168,0.004041527992516266
2010-09-09,0.01159035946246829,0.011186205174783227,0.010815984890399907,0.009253759621283423,0.00953393448739522,0.01027515362886633,0.012967163175093104,0.011809106558806085
2010-09-10,0.01175678000531785,0.011224554107074385,0.010910980637871206,0.00890322876930946,0.009075515730741845,0.011304101809197765,0.006094928557276272,0.0013459686638849716
2010-09-13,0.010172971706179711,0.010887601935556407,0.010332128479681894,0.008571828085442209,0.008666579409824704,0.011222657144835776,0.0071536041465826315,0.011547868927653967
2010-09-14,0.010368662941737902,0.010928342964920176,0.01045545464047602,0.008258733671472871,0.008259023509886776,0.011337556628416923,0.007045923567284371,0.0003413306539080709
2010-09-15,0.010379269897855967,0.010595751486246877,0.00990228137300141,0.007963154060661028,0.007899130032881934,0.011150790403850709,0.007130507702339671,-0.0021217305451245714
2010-09-16,0.0104172788843439,0.010286100184966682,0.009427290852862969,0.007741338248873469,0.007830089207808201,0.008297394695353445,0.004703862918787314,-0.0027938769221271887
2010-09-17,0.010126200294533774,0.009996197801645434,0.008999913546941097,0.007533206750764591,0.007814607181357706,0.0071272800445310435,0.017304849426644228,-0.005720197339817122
2010-09-20,0.00998025473833843,0.009792434412168958,0.008797845402539107,0.00766089897399247,0.008212674795600684,0.010124731497247316,0.009315411179300003,0.016920572894962436
2010-09-21,0.009471560991437445,0.010359373177912705,0.009973897386472199,0.007396153648280879,0.007804579090955729,0.009890369733265621,0.009350891103438716,-0.004705385872224904
2010-09-22,0.00953416878422603,0.010109701046682526,0.009617532676093585,0.007418618880807249,0.008071015895347422,0.009792824220181063,0.013397827485391183,-0.004367329305803829
2010-09-23,0.009626495154000854,0.009859924231656962,0.009268873096937826,0.007403717291957036,0.008277949326618074,0.010980315231953343,0.0202437681980276,-0.0008649428415622013
2010-09-24,0.008758510275549952,0.009561898716778238,0.008806936151723121,0.007167758029583681,0.008036038830886563,0.014098597805842241,0.014568678285347185,0.00922343604476056
2010-09-27,0.008347079842815555,0.009541929521540028,0.008843873201108701,0.006932346861644337,0.007661714297051977,0.01614884108570842,0.006882062468862693,-0.004493424078721627
2010-09-28,0.008488362447519401,0.009316488901483701,0.008565759803661784,0.006975952019318539,0.007909336929201738,0.015964514355141596,0.01309222282373818,0.000896716285270851
2010-09-29,0.00842488807550422,0.009035341362126671,0.00813651123982517,0.006752185962371563,0.007567966787332541,0.016101637449665612,0.013600667031048222,-0.0016326241325668382
2010-09-30,0.00848812947966983,0.008769211915094879,0.007770350337837217,0.006585106732241252,0.007460221845284425,0.015839365549321256,0.018754953035132804,-0.0037237291069568295
2010-10-01,0.006650015439572961,0.008550853902555658,0.00753198430945499,0.006581307515607157,0.007620939956253609,0.016070654219404394,0.009441439923764762,0.007952292502248265
2010-10-04,0.006789694451139955,0.008516126682803578,0.007579853384031547,0.006381982613608553,0.007273822318392612,0.011790112459761257,0.006617117582375628,-0.00661951129529104
2010-10-05,0.006729980452525104,0.008414393896426212,0.007606151885900293,0.0067823534672635695,0.007825288397888019,0.011830864842612775,0.011069255384543402,0.014260682354290321
2010-10-06,0.007317352164978157,0.008874453607865661,0.008557589585576737,0.006570492005490261,0.0074472351835185744,0.0116787362663115,0.007463042964531154,0.008058573988984541
2010-10-07,0.007233021587732245,0.00882762754719673,0.008501794054351315,0.006371846848375391,0.007109438549975624,0.01140688751297056,0.0090771434099235,-0.003402833097955094
2010-10-08,0.007327791776411113,0.0085991943815021,0.00818540734166286,0.006356656604618395,0.007249567163328177,0.010884240355089891,0.009670347718736311,-0.0007950741162846226
2010-10-11,0.006992326573871624,0.008339502619534872,0.0077942251558781915,0.006185374929971775,0.007057065007652026,0.011183809349837606,0.004615254595197409,0.0026125345839212045
2010-10-12,0.006997338041474111,0.008110732761094173,0.0074458661351359135,0.0060113213861424045,0.006757655725427624,0.00896362699609265,0.013395678614203042,-0.001905770825615923
2010-10-13,0.00663358128857371,0.007877491003673649,0.007139131651049005,0.005911633338640057,0.006729032169354557,0.011674903868491189,0.010700519429776085,0.015041040855325946
2010-10-14,0.0073210235011734355,0.00847971386562523,0.00834045482543166,0.005755567601467167,0.006408925422416525,0.01089054511273553,0.009198490932821064,-0.0035208235349257415
2010-10-15,0.007362026854845798,0.0082664978261746,0.008043315713690428,0.0058100221694037365,0.006604291620456056,0.011037076560059436,0.012584732738253557,-0.004164266861443617
2010-10-18,0.0074074455431629126,0.00807931644640433,0.007800241095124424,0.005955954205408834,0.00686463742129789,0.010917081280105224,0.011869356962533387,0.006832167342721673
2010-10-19,0.007311401244143783,0.008009965269750442,0.007705236344242745,0.005798386798735221,0.006557372953029208,0.011250855654579502,0.01047489469757633,-0.006744504179603328
2010-10-20,0.006691075799302957,0.007939727401049293,0.007731374503300641,0.006309998463023898,0.007175563376619311,0.0109569331863826,0.007459648287532716,0.004373388819348514
2010-10-21,0.006606668924949768,0.007772033628125057,0.007463987196535893,0.006129506642164738,0.0068618965874191855,0.011651049601370388,0.014153916419610323,0.005049284676943402
2010-10-22,0.00652277621749382,0.007636095393500087,0.007260401979176569,0.005960610298944759,0.0065623654520253275,0.012623466361624076,0.005070433519137002,-0.0028697418666699627
2010-10-25,0.006577173745149201,0.007436765479023415,0.0070156514985033605,0.00593660518240526,0.006669976252768523,0.010577905365537031,0.008635628849527652,0.0018445373876105218
2010-10-26,0.006344747002283927,0.007224354021852216,0.006703840159200939,0.005780312364209815,0.006394422906420168,0.011961946716392564,0.011093095937851903,-0.007801563222817717
2010-10-27,0.006533723064092137,0.007260280772411386,0.006985562242119835,0.006494951693944651,0.007169546790071869,0.010879213626522718,0.009152176408386063,-0.010798727364630181
2010-10-28,0.007033951112136099,0.0075196892916082935,0.007667378753539988,0.00770521492554999,0.008315404905808886,0.012066311247111617,0.010020938044870859,0.005634116229238479
2010-10-29,0.007098437859954297,0.007420079471330669,0.007487194634682079,0.007440089555839779,0.007933085015584852,0.009659837873888766,0.008776252617735736,-0.00047564102331563307
2010-11-01,0.007027232963150212,0.007194977321867992,0.007140083296837115,0.007196482080570438,0.007668499784136213,0.01249124274236218,0.01062883317430716,0.0034125523451442874
2010-11-02,0.006873206141157844,0.007025693385920282,0.006870501874319079,0.00696133813312115,0.007331820456524786,0.01026208804320162,0.009933324519894385,0.010967626529914355
2010-11-03,0.006987051046573959,0.00732229987106285,0.0074042486260545,0.006740361747174704,0.0069816024290282495,0.010444924358662564,0.007078928667919497,-0.0014600572711250884
2010-11-04,0.006390171410954802,0.007108235850881633,0.00708714875029651,0.006569079078928872,0.006889811702423833,0.011277573419311453,0.012855797667838377,0.019601378529854743
2010-11-05,0.007442287209062689,0.008399299870423274,0.009246009783657156,0.006372245286001626,0.006527117422004838,0.011898551457214482,0.010510385794076356,0.0021468376479113756
2010-11-08,0.007357662636615148,0.008160384716891985,0.008789371682828888,0.006187795802628407,0.006257908869964427,0.011604646590749994,0.005358628572304686,-0.00433248157515479
2010-11-09,0.007458902562268427,0.007982643033479985,0.008507705949493632,0.006290271225953968,0.006571440286363791,0.010971259094821509,0.008141000366291964,0.004298440760214497
2010-11-10,0.007479475065983737,0.007810750923574056,0.008176103293946503,0.006111037978076686,0.006290692223161136,0.010358916597944051,0.010250526024797556,-0.009972628215042236
2010-11-11,0.00786943844948219,0.007957044614782147,0.00853323998760987,0.007220990026656252,0.00738430439631188,0.010741559471956326,0.008856831975821326,-0.0002922946006487567
2010-11-12,0.0072136521570145195,0.007714973209904857,0.00811339432524102,0.006987855239523782,0.007128102307776963,0.01057385615103038,0.019729259796582375,-0.003151887281361298
2010-11-15,0.007203662929751944,0.007519682608849997,0.007816312356836025,0.006901942011502211,0.007239613819055571,0.01228509631341761,0.012283409038876168,0.00404569599705926
2010-11-16,0.007156164275529398,0.007357645568495937,0.007524860062130026,0.006703682880393885,0.006927321267355997,0.011646665791379449,0.011335485905425824,-0.024083304063680335
2010-11-17,0.008865148422186098,0.009256737194623835,0.01085350041688137,0.011710949471023952,0.010258762610137154,0.010879941622001024,0.007357564747977796,0.0018814019352426476
2010-11-18,0.008760823992408295,0.008986564019436377,0.010296672353627842,0.01123070723618931,0.009784769666533712,0.01134977515151895,0.010123543296425216,0.013279666066965247
2010-11-19,0.009192846632003187,0.009300204554412193,0.010620299196461095,0.010775307669392706,0.00928026768448541,0.010375483803659089,0.014009842411656214,-0.006242684273961694
2010-11-22,0.009233141334276744,0.00914562424798531,0.010320840100892927,0.010666459874843487,0.009661477792805595,0.012046775030760891,0.017547459241664305,-0.009111999682805518
2010-11-23,0.00942167276779769,0.009143610261017445,0.01030146439080992,0.010906249908670349,0.010394829920712969,0.012478879503288484,0.008166499546876897,-0.017670343716573098
2010-11-24,0.010115189282939028,0.009865279261773108,0.011482522643130709,0.012691104754835321,0.012270266833493741,0.01281889608421658,0.01236055169280485,0.013489669249675826
2010-11-25,0.010504638846030067,0.010119416060521639,0.011676924644968145,0.012160770523769968,0.011616905932276746,0.01099653231590767,0.006475157482630183,0.007361780342004166
2010-11-26,0.010354002310844646,0.009975478690760752,0.011282383342304253,0.011657445546556695,0.011034256818940966,0.012050051747739245,0.016281804764449126,-0.005313359205102389
2010-11-29,0.01035522106889938,0.009758763844144366,0.010868638747419963,0.011400662823238794,0.01118816938782727,0.01112888764567176,0.02319409705976244,-0.020981722847727115
2010-11-30,0.011316863003245588,0.010767238507591564,0.012525842546852153,0.013851409465908945,0.013481844527383291,0.014927491145891897,0.012939821961914608,-0.00409773754006527
2010-12-01,0.011287295033126653,0.010487368914624701,0.011960620055006643,0.01337708609113699,0.013331197414084449,0.013355945646872097,0.013533009436958725,0.0204468755415947
2010-12-02,0.011975651066380662,0.011334473764192058,0.013078715027669871,0.01281210421115672,0.012577413194885772,0.013480054154952207,0.011105525878966791,0.021928819740801218
2010-12-03,0.012972895017816453,0.012231699223491469,0.014233329412549284,0.012275636072962637,0.01186255127167331,0.01243792761487096,0.01015040273893714,-0.0038739201918683605
2010-12-06,0.012201829124282838,0.011896975808981964,0.013545524379343038,0.011882482904672647,0.01178593478786539,0.014076802635406139,0.00877555537602985,0.004341942977519926
2010-12-07,0.012239156820682419,0.011583475278375397,0.012875873947318902,0.011393418266208225,0.011208480552791443,0.011884907620819533,0.012073773075185729,0.006598289735386029
2010-12-08,0.012316264057425821,0.011346300330908573,0.012346088050813282,0.010929577213663224,0.01065421243109503,0.011252068882761574,0.008383470093582177,-0.002413170179083847
2010-12-09,0.012276926134265995,0.01101651590776406,0.01173277692275535,0.010544526531214096,0.01047218844441148,0.011124794522566683,0.006881927992678005,0.00232708573018627
2010-12-10,0.012102516094949464,0.010696107939853434,0.011128036485880384,0.010125032978988589,0.009983382117316583,0.010018777395386097,0.005400757194994819,0.000860511196718634
2010-12-13,0.012104085648453595,0.010372403305334623,0.010546289062029124,0.0097277648927367,0.009530700667276076,0.008245835501142268,0.0071877046518100856,0.008189324323199468
2010-12-14,0.012209816181877468,0.010254533011358364,0.010306583499206642,0.009351765974905675,0.009066795173668814,0.007523646916002653,0.005701596850272448,0.005173599014208708
2010-12-15,0.012228557756972408,0.010022578912124632,0.009913214852221007,0.008986057211527489,0.008668773252061451,0.008324092399587788,0.006365059732772491,-0.0015288704627522205
2010-12-16,0.010869427548004513,0.009724464481928659,0.00943457265582706,0.008676923896176471,0.00849774048458236,0.008531404989787847,0.007183182235228875,-0.00018702234971574498
2010-12-17,0.010876593038406072,0.00942832941375258,0.008963421777562285,0.00835732723387447,0.008173774990380047,0.008993783046890948,0.007232430138161895,-0.0015825884574963553
2010-12-20,0.01055403476602274,0.009149320574541379,0.008549104572280072,0.008088679686586742,0.008037566544531295,0.008723478829866313,0.007316732179157694,0.003366376846593626
2010-12-21,0.0104391238645685,0.008908839011991378,0.008181246033657658,0.0078015357936647624,0.007683082527567086,0.008632525967339752,0.005461378735675175,0.010166087182437243
2010-12-22,0.010324638789055604,0.008989233977661257,0.008400651053563723,0.0075315254387663235,0.007310357064493412,0.008257102508395016,0.007719043693907148,0.005311986215745733
2010-12-23,0.009275738131656748,0.008811979329765112,0.008140842621921161,0.00727786542404079,0.006985065438220362,0.008391974190539312,0.002345737725615496,0.0021035768550347854
2010-12-24,0.008979206160968652,0.008559055033169108,0.007764513633389607,0.007039799668750371,0.006695309203524775,0.008547453313593809,0.004560172494480036,0.002132445622736784
2010-12-29,0.008917837698107955,0.008314734940886819,0.0074143352628512245,0.00681659733596207,0.0064208993614170515,0.008968425431202734,0.006876479464638024,-0.002082414353183141
2010-12-30,0.00880302577849601,0.008077556256769276,0.007126296500068161,0.006674984045424802,0.006443843170904751,0.008639695009508896,0.005317600488641157,-0.004244871591167099
2010-12-31,0.007157971709958202,0.007900204824302086,0.006988372052840377,0.006726241350326657,0.006742168599660367,0.008608774538377212,0.009450236978194889,-0.011979015949362492
2011-01-04,0.007756366967554127,0.008202332075506042,0.007861592772957239,0.008188050950939945,0.008104645995688681,0.009065539223978923,0.017743848522991542,0.01913805494429265
2011-01-05,0.007613942837852553,0.009231330630592137,0.009666663239993356,0.007895033973533389,0.0076588710704942305,0.010611662389938919,0.011955743196024571,0.0049760423796162976
2011-01-06,0.006295102473139298,0.009032722577631528,0.00928922773783665,0.007619417201855946,0.007316379338306831,0.010722738875903845,0.01315564310842127,-0.004045299546457705
2011-01-07,0.006303514299382399,0.008813429493665977,0.008956334560082366,0.007563353491430178,0.007538403461563417,0.014636539945842197,0.0063268469210606285,-0.0058648262875797144
2011-01-10,0.0065214598561954,0.008664855354617364,0.008776084408992609,0.007715897791153564,0.007984518067555998,0.013089658893145366,0.005933082262314526,-0.004689890176676336
2011-01-11,0.006565544378925842,0.008479070668983237,0.008524594182831744,0.007715065215650724,0.008250257948325424,0.012797950844819396,0.009776032732949268,0.009640601637649411
2011-01-12,0.006758258453938081,0.008553211855273203,0.008637720252711286,0.007450264625022079,0.007848941577440845,0.009451427425755629,0.002808631201695634,0.006083883262736039
2011-01-13,0.006823138650292673,0.008425485457348489,0.00840960752022556,0.007201574472651396,0.007489777036681439,0.007605582355741586,0.006998463359880148,-0.0044390777348711444
2011-01-14,0.006962018833376321,0.008240861699400442,0.008172090052343676,0.00722252710775552,0.0077524364724595,0.008671646442913926,0.01293295117714313,-0.0036254821018591775
2011-01-17,0.006888130291995136,0.008039013663626932,0.007902921526449067,0.00716220747263736,0.007895490926927033,0.008169294369338284,0.005576351187201969,-0.0027361167572571695
2011-01-18,0.006872459547479639,0.007822875196339405,0.007589071288673721,0.007010732067015406,0.007888796918526801,0.006720158264790447,0.008039819220452271,0.011742272916994112
2011-01-19,0.0072514041603240495,0.008111620809226882,0.008117651917354122,0.00678579783386568,0.00748934802519402,0.008043403260787927,0.011818984702891897,-0.013246987973859828
2011-01-20,0.007922383056360364,0.008507611300846839,0.008980258614419758,0.008584813779786368,0.00899365814287931,0.009690923980778554,0.008844909332987478,-0.01837175762415302
2011-01-21,0.008951704474109897,0.00939616792823311,0.010590346043603165,0.011238583251360153,0.011146900075386981,0.011946621052390671,0.010834237179729683,0.004828216992392742
2011-01-24,0.008985071470711453,0.0091863700225367,0.010134949914142863,0.010764237249420225,0.010597710831767295,0.009420208441380315,0.009656830021930638,0.008040448039725947
2011-01-25,0.00887658700285014,0.009121675220061017,0.009921748206515901,0.010316195432085694,0.010062796759542476,0.00941524980676488,0.0090000086945082,-0.004417623694713626
2011-01-26,0.00883582340913905,0.00890974664272472,0.009556410098119698,0.010074408527666032,0.01016770802899673,0.01184848083290887,0.011647434492097755,0.008665055183703693
2011-01-27,0.00904697068529095,0.008895254971246724,0.009454259329776069,0.009665151221487998,0.009654795657847373,0.009283093748674705,0.00743978583717668,-0.0006870952064721419
2011-01-28,0.009031313282436582,0.008625911739210273,0.008983753872568768,0.00928676273340582,0.0093189632203228,0.010195053626590756,0.0077751178853785645,-0.014130991060245863
2011-01-31,0.00951665178442752,0.009051136206762761,0.009826827353274921,0.010686626057475541,0.010801311008224693,0.010115630082064214,0.010516061948960877,-0.0031504670864541968
2011-02-01,0.009500529026745657,0.008809268369571865,0.009404505471953421,0.010335820180878454,0.010700710866314087,0.008804549729050407,0.00914561106080845,0.016056923694144496
2011-02-02,0.009825686900568679,0.009403005081668612,0.010289302992735347,0.009911785001674276,0.010112687183868036,0.01164138745259003,0.008056702056848617,0.007074850339686056
2011-02-03,0.008997113565966398,0.009279801976964267,0.00998844998662857,0.009511774679498543,0.009612377198263564,0.011038728623732966,0.007397145919019385,-0.0028038805358150468
2011-02-04,0.008937218142613359,0.00902327800809202,0.009540350610074086,0.009218574264161658,0.009540630906952126,0.01010700542996469,0.006075684246534567,0.002353786758681191
2011-02-07,0.008918645496992747,0.008767370870275685,0.009072977339115768,0.00885849781314445,0.009101825933856406,0.00791967050382343,0.005231630995556197,0.008897505661483899
2011-02-08,0.009028864754766538,0.00877523338026456,0.009044340916689493,0.00851953928939584,0.00865006152109555,0.007532731154495744,0.007333401177317735,0.00663797599749818
2011-02-09,0.009039930941644651,0.008661882078741578,0.008819882499411225,0.00820073185952068,0.00823756871000832,0.007301280867275137,0.00377121970693086,-0.006423158550190461
2011-02-10,0.008957462649067953,0.008544116515059715,0.008696200887534063,0.008357358377258216,0.008717412767033621,0.008663543017434862,0.00943982070788408,-0.0053511057667624245
2011-02-11,0.008935967756490564,0.00838688687041657,0.008495751252519343,0.008366179119667838,0.009025699707091352,0.01056974793361636,0.014376554279709712,0.0071009741477714005
2011-02-14,0.009019417430847991,0.008315341792456578,0.00835939390859231,0.008056584149971964,0.008588894324163165,0.008337694324554374,0.007779867143960732,-0.000461931873263794
2011-02-15,0.008976764928335036,0.008062816966866152,0.007957774361538878,0.007770876555702102,0.008287591800878367,0.010039272887729348,0.006938594981000084,-0.003802537399337606
2011-02-16,0.008998726858200056,0.00787248587392288,0.007719752884277057,0.007706229329561934,0.00845759822057258,0.009967695680955825,0.007201558035655826,0.00795226258952473
2011-02-17,0.008795741929761292,0.007877295260593806,0.00774516727649017,0.007440915477529944,0.008044364236724411,0.010098137978570572,0.005448364083573329,0.00034503438363442184
2011-02-18,0.008237045208819967,0.007637788731614185,0.007377484563220521,0.007192548818794865,0.00771094913771268,0.00908291450514217,0.007536836762746144,-0.0007230658304906763
2011-02-21,0.0069796133447377106,0.007407228709710513,0.0070485520304988045,0.006971347804571368,0.007500449559583044,0.0074927588185488255,0.011149404135757263,-0.011274896672540316
2011-02-22,0.007486574772834741,0.007694310406207286,0.007799150840100695,0.008232100099129051,0.008711461698716925,0.007932779324369423,0.01612831284324333,-0.002997105044116675
2011-02-23,0.0073499160279273355,0.007495947317595937,0.007523329927998797,0.00804333516573639,0.008726013007913886,0.010568172191677378,0.007973088348178956,-0.012298503209234537
2011-02-24,0.007796973458181832,0.007867214468167016,0.008352205092111355,0.009297275467731488,0.009990654279469024,0.010537144548244318,0.012266521735875412,-0.0005910415167624477
2011-02-25,0.007542896824516469,0.007628921252924325,0.007953094712412618,0.008941369939719956,0.009633864042228445,0.010738788388067834,0.009169066732379627,0.013623000334806843
2011-02-28,0.00813802258444182,0.008114405794736303,0.008713155736371674,0.008600182962786357,0.009111404468864987,0.011190210604149644,0.009315565233561512,-0.0012004803362497818
2011-03-01,0.0074528933464796795,0.007872701931345706,0.008301872091285144,0.008300337906749902,0.008880014270522252,0.010561525282415753,0.016095100222362123,-0.009757156319376554
2011-03-02,0.0077654457272544,0.007998299539544049,0.008613010522605054,0.008981396862432805,0.009775392354909557,0.01198091133121418,0.011935625758819315,-0.00352722145840812
2011-03-03,0.006947820780606471,0.007802621691829843,0.008301015537637192,0.008773829394778701,0.009793528496753683,0.010141828322759758,0.010325420832942089,0.01513451706594619
2011-03-04,0.00757264234384807,0.008424444632082863,0.009247331814587319,0.008442685698447125,0.009250627128517376,0.010344173882047112,0.010757555315300432,-0.002450920321551839
2011-03-07,0.007566404604276778,0.008189835892302343,0.008837836690980478,0.008205501999819842,0.009165346332449328,0.010038161728417205,0.011782154119399518,-0.0027749470340051874
2011-03-08,0.0075713152565532365,0.007969380596305156,0.008471434897680428,0.00800424181214268,0.009125463015095439,0.009682260415547183,0.014279639341454204,0.00016738362692451483
2011-03-09,0.007281659199774569,0.007726709940210838,0.008055654218354264,0.007720248379252165,0.00873228467221692,0.011792904727392974,0.007399758984033409,-0.006296139871092804
2011-03-10,0.007184889852060409,0.007648425089306011,0.008001831840819384,0.007918178834747734,0.009170259488176095,0.011395887035702618,0.010672949336558407,-0.015616565056416357
2011-03-11,0.007773762658017404,0.008343927625261332,0.009326804268159882,0.010019062585603512,0.010884242618701101,0.010000732167175603,0.007672503342892823,-0.002843928591451349
2011-03-14,0.007733342070876964,0.008119675874852376,0.008927462118850205,0.009696857307723373,0.010749993064235288,0.012693620261561955,0.009196798562341752,-0.009221103092225593
2011-03-15,0.007641370771863884,0.008189939723108301,0.009086134756278124,0.010082274430764003,0.01144503248189615,0.01067699481377488,0.028600097496887262,-0.013931614543561644
2011-03-16,0.00803331419241796,0.008642684706471776,0.009885766202507378,0.011276248588690356,0.012734234154270312,0.015162668392961,0.01486952170345212,-0.017196155798813124
2011-03-17,0.008614506078580237,0.009378523628736856,0.011132458265322623,0.01308403574461399,0.0145222196360982,0.012901727162197093,0.011440755058005294,0.017336612634902757
2011-03-18,0.009446637491039002,0.010035576285727153,0.011928199120948422,0.012492542218998875,0.01364053439369011,0.012383946985583238,0.009853468745358291,0.0038548522442426853
2011-03-21,0.009542082207127416,0.00977556223717832,0.011334810131235018,0.01193436666411868,0.012941025208961515,0.01322381482625184,0.008995804968329633,0.011821907122138634
2011-03-22,0.010068616088871133,0.00991026585465992,0.01136237266556013,0.011407934334243029,0.012211246485588271,0.013489089157564724,0.011284668086660782,-0.004052374622884672
2011-03-23,0.009871107185446041,0.009659496444250498,0.010865472677822181,0.011055325416319563,0.012152196031314462,0.010434561477042081,0.010741704253461543,0.005744656152634662
2011-03-24,0.010011997377313406,0.009470352882644813,0.010429596956922207,0.010579585912911022,0.011528392190762696,0.011470381912671595,0.012862983864135468,0.014559040390877688
2011-03-25,0.01029156223064128,0.009850089752114051,0.010924008415693623,0.010131703415213349,0.010860606844697135,0.011348683395146143,0.005922497306357303,0.0033781235177317284
2011-03-28,0.010323191473784032,0.009585797574916928,0.01038363485186303,0.009710364881485013,0.010337914223279992,0.01040461010929149,0.0035861723487914153,0.0006268371191162016
2011-03-29,0.009833892359257222,0.009295043825871955,0.00983676572670442,0.009314317079828754,0.009872446908558949,0.009735622730732234,0.0075926036538923455,0.004680367089805895
2011-03-30,0.009904607305222015,0.009084509866091172,0.009423821650104488,0.008942362324223576,0.00939635004514628,0.007891088427470787,0.005805215675307918,0.0027103252987161143
2011-03-31,0.00969296823192367,0.008832744314774033,0.008966784348065629,0.008593354409306996,0.00896663795869903,0.007336210357621574,0.008650080342039611,-0.006662699331559633
2011-04-01,0.009775435966617986,0.008717787766705985,0.008853237561292446,0.008748358723996097,0.009452311362410846,0.01008400909993067,0.009263574213664012,0.016965344357417752
2011-04-04,0.009924647518370154,0.009418556613545136,0.010026891825301122,0.008411455356040065,0.008885961661493328,0.010267148086712323,0.007477451159034517,0.0011806867646353598
2011-04-05,0.009910739635604415,0.009136208044685314,0.009504971591388373,0.008095817197288448,0.008500142662481098,0.006850850600910713,0.005759410762174443,-0.0016466932638730836
2011-04-06,0.009896791834147562,0.00886706126695555,0.009046831694164167,0.007838618127315077,0.008363026044064395,0.006570717489209568,0.006214015517106555,0.005644011595990743
2011-04-07,0.009966014626358566,0.008707386576635234,0.008750268006898484,0.007559947535074162,0.007964834662129007,0.006488051039431817,0.005516722873444229,-0.0055940719397318634
2011-04-08,0.009943138010991115,0.008552606888386905,0.00856562639562898,0.007689963141721398,0.008369977279770097,0.006289368049177832,0.006471866339582825,0.00802444786013131
2011-04-11,0.009340216692587049,0.008521840488981481,0.008506703831878848,0.007421074893404164,0.007949028401733355,0.007468640753988701,0.004139923937296814,-0.00039639283048034543
2011-04-12,0.009296048082879278,0.00826280140370255,0.008090265067002476,0.00717452138316098,0.007687805264942374,0.007907672649899652,0.008698518059468174,-0.014794867920387991
2011-04-13,0.009697395556151754,0.008792652661268422,0.009259646533521263,0.009342793130422881,0.009444646424071333,0.010118729706296428,0.010793206323083062,0.007666072332950265
2011-04-14,0.009101965277720121,0.008729158967119888,0.009096660141816055,0.008969094856899179,0.008965529472686749,0.009473393676753204,0.008433781950428182,-0.007783440273193767
2011-04-15,0.008274348272498443,0.008675323616213811,0.009091340300709832,0.009258844983205073,0.009662731872794322,0.009042423997453667,0.0027758139121033375,0.005384718440731229
2011-04-18,0.007625424602384734,0.008513828575701527,0.008780062677677319,0.008897282920295332,0.009189689977528002,0.008196257633551689,0.013648159734973995,-0.02122091077032557
2011-04-19,0.009195122442527579,0.009754782602947808,0.011042869067274117,0.012314412833551591,0.011839433975090654,0.009842830296913435,0.007535547162491411,0.0045551196294166835
2011-04-20,0.008909655516350645,0.009523202376471092,0.010545829547320733,0.011775325746911352,0.01124219982367367,0.008578210260614241,0.012998221131496283,0.02104245705569056
2011-04-21,0.009845507687719536,0.010574355792646003,0.012050576214564877,0.011266631867031971,0.010514336801598015,0.00960311722062017,0.006897106817253251,-0.0006644187411176758
2011-04-26,0.009826139652423628,0.010253510010699313,0.011421099012212988,0.010793746886223319,0.010145813775832584,0.008360460544020069,0.007139145927185489,0.008454925984246612
2011-04-27,0.009514978187616216,0.010154582506981057,0.01112262447988521,0.010341270927047347,0.009612494700964196,0.009171216223549558,0.006856240261661643,-0.00019773266608051276
2011-04-28,0.009511727660799375,0.009845352153684227,0.010546505345803784,0.009917013225293808,0.009240892250924105,0.007607681525624603,0.006424278534682919,0.00028010973894024033
2011-05-03,0.009513313892691007,0.0095456696557236,0.010003701178529143,0.009515935596067721,0.008845289598603751,0.00696024877845194,0.008146667766309606,0.0021394254753751138
2011-05-04,0.009484493528725624,0.00926969520035644,0.009506963141648082,0.0091388306711578,0.008453567202577153,0.009359119347765217,0.010986054864037084,-0.016375604184004893
2011-05-05,0.010218073080473858,0.009841810753338658,0.010639626974136064,0.011144656087142789,0.01040284710800113,0.008108559429076925,0.012563827404147274,-0.010769502866577359
2011-05-06,0.010395467232484462,0.009899924044650725,0.010773757058031564,0.011600631446245043,0.01136558849032834,0.009629587382989482,0.016426196867593234,0.009548858783540077
2011-05-09,0.009908054535367587,0.009879211940663171,0.010627074307810432,0.011101854938136025,0.010746749277942162,0.011736561647005516,0.01150393828271761,-0.00572173212484652
2011-05-10,0.009972050481361242,0.009680247515685707,0.010297035718756257,0.01091427828366426,0.011005186116722345,0.010225902699987882,0.007837977919502416,0.012740942817519738
2011-05-11,0.010381772912713126,0.00989063485726783,0.01054945563800788,0.010454830422193076,0.010376009812987206,0.01044526326117877,0.010310493138195785,-0.0071530705416115725
2011-05-12,0.010415203098897638,0.009748085119520121,0.010333747913953981,0.010478156475357764,0.010847555684421296,0.010661833532390277,0.014521742181092798,-0.005200917687770982
2011-05-13,0.010405967856310571,0.009536594065769139,0.00999358017878346,0.01029368903312519,0.011031703891395373,0.01195656277965877,0.012780964275219273,-0.003217955922817738
2011-05-16,0.01023339725318639,0.009279609001031199,0.009571835698292333,0.009974306678820644,0.010950046857704105,0.01195884488666052,0.011996107149062631,-0.0003713205551710557
2011-05-17,0.010233476648249092,0.008997374470176265,0.009097208323093253,0.009573446261608491,0.010518868523647258,0.010957925696589524,0.009784907035207053,-0.01064101617046423
2011-05-18,0.009991423066517522,0.009104364668860191,0.009418880995535166,0.01023301913481864,0.011455371625479301,0.010124268027074132,0.007984634622714919,0.010607252918384633
2011-05-19,0.010136092153156195,0.009201462792982925,0.009528973464974277,0.009813267743560767,0.010820182620253449,0.011927158993111373,0.01204849244251056,0.005471624409085829
2011-05-20,0.010085094621934645,0.009021265038743535,0.009195897591893244,0.009405828318022688,0.010262162111686315,0.010536630425815577,0.014360353045308027,-0.0012600278873188553
2011-05-23,0.010009606442516769,0.00875188492508387,0.008761577576891747,0.009058367369374085,0.009994786879763058,0.01182890211529722,0.00954781575340724,-0.01911059144469969
2011-05-24,0.009798261377631325,0.009690853557833253,0.010582376935631261,0.011807683548457425,0.012171060482818085,0.010417326448577152,0.007279390626418198,0.0038480332749789544
2011-05-25,0.00978202297367345,0.009442792263082355,0.010092330836025868,0.011298003208433072,0.011581648460648757,0.011884574346081058,0.01144737402971895,0.0019951407053029383
2011-05-26,0.008502342277811157,0.00916816128601268,0.009588068772424026,0.010817767984392799,0.011051286927306574,0.010293579577762765,0.006992196277396651,0.0018551460077930778
2011-05-27,0.008528296020895068,0.008900469902593628,0.00911516468157865,0.010365599344536028,0.010553828343447707,0.010947653611514077,0.007856380466793609,0.009797115562655839
2011-05-31,0.008608131569390257,0.008956800266760363,0.00918103910193253,0.00994018212578871,0.009982157611975555,0.010649936581873383,0.008815528540467235,0.008567481086883261
2011-06-01,0.008859591900198433,0.008933919559071838,0.0091135593329043,0.0095402601253334,0.009458981247491463,0.010089359489416765,0.010245475525241144,-0.010303314680522858
2011-06-02,0.009103625064800763,0.009021946639780188,0.009384573338039751,0.010137633330408624,0.010405985465382586,0.00904429382407092,0.006252348555897731,-0.013705475008763254
2011-06-03,0.009469116844923126,0.009369215154628942,0.010094689418633375,0.011292427303761718,0.011758260657005349,0.006585939287678118,0.010689201716368127,0.0012133746116086814
2011-06-06,0.008882179057408015,0.009088652140652688,0.00958143130598925,0.010812516078190783,0.011227647288901214,0.008893161444707308,0.008679209139381723,0.0013995325798225732
2011-06-07,0.008608320629870913,0.008818441095583864,0.009103420823708597,0.010360656264181017,0.010725832145679244,0.011162458948962175,0.006743630046176934,0.00025580027254309067
2011-06-08,0.008301515702363095,0.008550025449182673,0.00865415597220464,0.00993553338763553,0.010268124383370334,0.008069250591103442,0.008863352626111806,-0.009560105706721353
2011-06-09,0.008453808584459727,0.008613970997060082,0.008894664140139947,0.010351290533524966,0.011060122363602588,0.010164965562394787,0.008448653453593752,0.008126780659695675
2011-06-10,0.0081302814378712,0.008585519226660026,0.00881584971990748,0.009926725469193843,0.01048075040814185,0.010417595691205726,0.012188632326782568,-0.015574092331264168
2011-06-13,0.008625759618145684,0.009156506598284769,0.00994738649707801,0.011539087256618627,0.012093136882161236,0.010635851937721288,0.004905925416213978,0.0013345698860167906
2011-06-14,0.00861121294948472,0.008883579284624318,0.00944468633020785,0.011044882955391007,0.011541051660123225,0.008364912122167627,0.0068657851841823995,0.005113775116186476
2011-06-15,0.008714289802085459,0.00870355926090985,0.009094561321439409,0.010579399286943623,0.010972554699317419,0.007053733465454923,0.004883845083884709,-0.010480188078181093
2011-06-16,0.008953901302794429,0.008820254401598764,0.009390892251055527,0.01105735608784769,0.011841043863275431,0.008177783821576502,0.015192301517116447,-0.007656443086839357
2011-06-17,0.008823939790218858,0.008754789642870218,0.009331246707987498,0.011075947514966095,0.012280516887485571,0.010320737730685854,0.014640279850321972,0.0028211729199725134
2011-06-20,0.008452768386465697,0.008516167106634085,0.008896056959221745,0.010608648556135452,0.011697903036225305,0.010342335558069685,0.010950685041176002,-0.003769190055281282
2011-06-21,0.008299506859083731,0.008308188952906598,0.008593592951982122,0.010280148500649814,0.011671995382507539,0.010399233612472069,0.007565884936495026,0.014282593884921351
2011-06-22,0.009042356735473846,0.008782026687585438,0.009313245008025516,0.009881323016325114,0.010976360800181904,0.01106628662417818,0.007841111301166756,-0.0003983270317554574
2011-06-23,0.008081504131931249,0.008515049796826131,0.008878704172405662,0.009507627271288326,0.010571159310436925,0.011480864510802402,0.011269818466296887,-0.017227045173056694
2011-06-24,0.008789985086661177,0.009271568032622916,0.010216214207334085,0.011514251650519407,0.012396385525479012,0.010448309632414922,0.01535198869026337,0.004097753731263986
2011-06-27,0.008843832635958714,0.009044984825585233,0.009787748205638415,0.011047432596152339,0.01179874111661287,0.011089593867421026,0.007339014436496513,0.004308237837103509
2011-06-28,0.008905235920236121,0.008832706281826998,0.009396794793826137,0.01060608784497218,0.01123336140192209,0.010499555622885619,0.010180259818832329,0.007763851970679866
2011-06-29,0.00878881182844812,0.00877224840566672,0.00924773831240248,0.010189093508219163,0.010652935731205493,0.01079012671255101,0.008545927889107116,0.015332102214223167
2011-06-30,0.009282485816417382,0.009297290092479754,0.01001312259549148,0.009795374237944195,0.01000159105429211,0.011514182840601569,0.006934822031132135,0.015201492557264173
2011-07-01,0.00967522062082728,0.009752863653205266,0.010631972450880522,0.009423900033019027,0.009388761547253937,0.009424793781941826,0.007756240663288326,0.00738975337202287
2011-07-04,0.009251996912676991,0.00962744804014496,0.010348162304237012,0.009073683176340375,0.008917451024943051,0.006766044655414042,0.006042607497294131,0.00461386808679244
2011-07-05,0.009283020016489653,0.009402327219528625,0.00993133294443508,0.008743775311832682,0.008510385442159712,0.005909609727058236,0.00389772050212235,0.0010795998225023933
2011-07-06,0.009283117257570087,0.009119729374334985,0.009455009758095774,0.008433264671751184,0.008174575780704353,0.009345635758949849,0.007867193217963244,-0.003508804704136065
2011-07-07,0.009340228060949252,0.008883580283677741,0.009100562808482659,0.008273731379057445,0.008304803149701211,0.008586951208597381,0.008176250498705791,0.008575627922944593
2011-07-08,0.009140710356634607,0.008865404807087054,0.009050086740871858,0.007991363426534857,0.007875588996262934,0.00895306667246879,0.013558161755194115,-0.010626739660508366
2011-07-11,0.00942119478853309,0.008980831475907128,0.009345809658073611,0.008858981807814437,0.008966905792594092,0.009406665554715919,0.013124063513149016,-0.010302277398325205
2011-07-12,0.009016805063036818,0.009065551783220263,0.00956379170235879,0.009520187793991107,0.009938419445262955,0.010420051001936572,0.020508279956947657,-0.010205035081370111
2011-07-13,0.009361592602351048,0.009137928640940074,0.009743318609580687,0.010066468439502131,0.010831779815622984,0.013198142391768138,0.008168668808903982,0.006352247186621311
2011-07-14,0.00939409541583419,0.00899514858772741,0.009462900042893836,0.009679647959185023,0.010293957039022219,0.014423202059443046,0.006365860516238684,-0.010107799569285253
2011-07-15,0.009371983452454052,0.009065759370088494,0.009643721988990581,0.0101876351354926,0.011150725028490367,0.01101206803002769,0.009431782208324488,-0.0005645513250100286
2011-07-18,0.00917555259912879,0.008790667578226396,0.00919050376182031,0.009798337932035758,0.010755199735032885,0.01065528034832379,0.007151957592145462,-0.015677465062376134
2011-07-19,0.00987314430408281,0.009348061880922128,0.010195775624687622,0.01137361067350201,0.012344261655445056,0.011010189322732946,0.006082255739462852,0.006445598778756619
2011-07-20,0.009913423998059633,0.009199773360837696,0.009906813613740517,0.010952785874918634,0.011697791058420342,0.0058953496100717945,0.005837820340045448,0.010958731427437151
2011-07-21,0.009711901741905216,0.009314682376079934,0.010014944508173368,0.010509362024587623,0.011055884980213567,0.006254733633406146,0.02131345643646623,0.007844378603151859
2011-07-22,0.009833520654962992,0.009233069145273096,0.009822649339458844,0.01009215224846412,0.010490257889876932,0.010777089171387573,0.009563937383370127,0.00593162644613848
2011-07-25,0.008941138576205931,0.009068938384877372,0.009516188741051613,0.009699938020081806,0.00998116245463936,0.009076005506210669,0.007310569931865251,-0.0016357094108466741
2011-07-26,0.008965813846927415,0.008801786042592945,0.009093902837089149,0.009357804790523694,0.009769752744937283,0.010097047589531668,0.008973849818585353,0.0007423028598967735
2011-07-27,0.00895098638680342,0.00853558504728045,0.008673480165328427,0.0090104959687792,0.009366472048957089,0.011946805576323258,0.01048439600976543,-0.01240439108384403
2011-07-28,0.009340799111961817,0.008815723138974652,0.00926265169254852,0.010064953828656962,0.010595620592625404,0.01061998490504157,0.013048477841699475,0.002830399679807952
2011-07-29,0.008743234058248154,0.008575233275900856,0.008862542525622715,0.00967438120145397,0.010119046752892935,0.011585499340099647,0.014304667732958538,-0.009924450918356791
2011-08-01,0.008286277280415984,0.008662114739127084,0.00909756830927676,0.010161204195671673,0.010956162909844906,0.01059408084863951,0.02323899106414322,-0.007040824281901619
2011-08-02,0.00814799190658486,0.008573487635886078,0.009009298282005144,0.010186959871016412,0.01136113436363633,0.015259856752170951,0.009121741366113278,-0.009745308923415219
2011-08-03,0.008190164758035022,0.008648275642513815,0.009204342631858528,0.010576152380706577,0.012091688514782538,0.014080635559588932,0.018618069808359016,-0.023694142984227548
2011-08-04,0.009360310050292447,0.010197541664488803,0.01172959023520985,0.014033224382235178,0.014734309105248327,0.012071460497360203,0.03215362214514848,-0.03487454426040114
2011-08-05,0.011582489045029872,0.0130661583826803,0.015924463189507788,0.019563344230761216,0.018820554171182967,0.017892853597041108,0.025499458883789457,-0.027463874033768345
2011-08-08,0.01211254449543342,0.014343531218112618,0.017561560850543178,0.021763960679027063,0.021397067049384762,0.018686740192029584,0.0318909733307647,-0.03451292521436244
2011-08-09,0.013527092839762576,0.01627455667438605,0.020079435507045114,0.025069674625792446,0.024740203327429627,0.01833468311747734,0.07216642067023592,0.018742181809740664
2011-08-10,0.014708305122201818,0.016433066846766542,0.019880530792480526,0.023868864503179217,0.023142571457599233,0.01964244668736339,0.04353662619353132,-0.03100886467159821
2011-08-11,0.015636581215613506,0.017650380339362927,0.0213645757607252,0.02602015574644367,0.025834932212669876,0.01887849760516009,0.03501397200834063,0.030602191350540927
2011-08-12,0.017499946083232083,0.018682436069314582,0.02240546468472997,0.024770541684645906,0.024014673764838134,0.018684994747337248,0.03173002006521117,0.029994235374657414
2011-08-15,0.01918303479254172,0.019546627887633353,0.023213294118367225,0.023585116446581365,0.02233144818814574,0.018182746487790676,0.009144837326782639,0.005735400798783803
2011-08-16,0.01929654816632825,0.01900316056371442,0.022012614630882634,0.022460791585677556,0.021062824503621583,0.017835802830819387,0.01731958111912226,0.0013074094613666717
2011-08-17,0.01914670375319323,0.018427030794343196,0.020818227489355152,0.021394635227353572,0.019936552320371906,0.0177018659759348,0.015863920855669598,-0.004864732865977382
2011-08-18,0.0190148500460122,0.017905364380915886,0.02001132497748921,0.020569412125584483,0.019575368763653303,0.018081056640089105,0.03701658255836677,-0.04594142352617703
2011-08-19,0.020761345213395194,0.020688228849596174,0.024489425026047885,0.027513660389507883,0.025012780767166003,0.018182746487790676,0.03290159534975275,-0.010145157575840379
2011-08-22,0.020503473291354293,0.020211335866082317,0.02331181707265613,0.026448053120014595,0.02484807500910175,0.018182746487790676,0.03450468139652981,0.01075374655167981
2011-08-23,0.020687523184493992,0.019771868792199596,0.02219721519816936,0.02508877268406903,0.02328648401044242,0.018182746487790676,0.020967420995494226,0.006670147080717452
2011-08-24,0.020879024819369017,0.01923903946480965,0.020986455619031497,0.02380443248229068,0.021899168841519923,0.01728847683267206,0.025299603384143835,0.014803904504324844
2011-08-25,0.021355364923270375,0.019002145575465503,0.020326124851061018,0.022591173297993733,0.020490971966136525,0.01817018459627297,0.025329879026844585,-0.014472536634229535
2011-08-26,0.021390152727388208,0.01876123405537757,0.01978803028805097,0.02230261696903564,0.021226887303577316,0.01817018459627297,0.025355697890062062,-0.00023389533290546502
2011-08-30,0.02133515150821947,0.0181897815134054,0.018629704699810557,0.02117326715964694,0.02011253976714045,0.021978492232008272,0.01713547233512964,0.026697486990739937
2011-08-31,0.022501240642266593,0.018809077891070124,0.0196305051299923,0.020106659599203672,0.018655365121052547,0.022836945481507245,0.018949342276100952,0.023596263203222115
2011-09-01,0.02332015674994719,0.019130121397287224,0.02004512147311854,0.019099992989148554,0.017344406890618783,0.02283564268876303,0.01786120675296646,0.004476018274586261
2011-09-02,0.023328309945178493,0.018579718414715427,0.018915216611724184,0.01815022290368387,0.016405477696245882,0.02016316654893226,0.02069783345324593,-0.02365968803113465
2011-09-05,0.023326750648857572,0.01892301324979047,0.01958551999870492,0.01993884515571132,0.018739649031692104,0.018919875616802737,0.018476248277133914,-0.03644603250673053
2011-09-06,0.02343784968865751,0.020403293894700934,0.022249168020328457,0.024396473291833604,0.02276720630186851,0.019214966241436652,0.01709850286794091,0.010566018333057769
2011-09-07,0.02288635731396646,0.019950317848425343,0.021203900208992904,0.023150412336110097,0.021359569099073897,0.019052201687248978,0.015404815361763746,0.030893878747665044
2011-09-08,0.022520320080852054,0.02077017515483518,0.022419566846067832,0.021973465625620737,0.019753396515792353,0.019096856562305062,0.01766944871991481,0.00409044570710121
2011-09-09,0.022209917140222125,0.020162342874024963,0.021126848228816605,0.020862090536474313,0.018655227557294655,0.019265654688043216,0.018341201534391328,-0.023818996102023145
2011-09-12,0.021732534218631788,0.020400233833906222,0.021506678253155484,0.022220219706931953,0.020817161203536855,0.019104366790165073,0.02544168641150107,-0.016453876998682872
2011-09-13,0.021043795222310435,0.020185221627384627,0.021030682496806143,0.022213036633894047,0.021790929722738103,0.01919913324611657,0.023790729380672383,0.008676380868622971
2011-09-14,0.01999714128558862,0.019685358948123916,0.01998059962079662,0.021088289099935275,0.020481149193912605,0.01886429927064176,0.021122325996055527,0.010133435429064945
2011-09-15,0.02009753123836453,0.01924639567080535,0.019083771252237588,0.02002644537428631,0.019242297870875204,0.021327172202175823,0.018089137857574582,0.020919878823958047
2011-09-16,0.020663354802756054,0.019350886319202763,0.01923451816284255,0.01902430025303908,0.017930304361900892,0.022077318968460408,0.011211054442143983,0.005772533986770791
2011-09-19,0.020673123694656743,0.018814588015050756,0.01821496517052258,0.018056446840782305,0.016941870154550398,0.019257727517647226,0.017701789312709566,-0.020474934310886924
2011-09-20,0.018450749844562266,0.018918318502119422,0.01856047978748954,0.019225306567996883,0.018790189466875586,0.019125779063431363,0.023355167686483467,0.019599057213120157
2011-09-21,0.018649458932453063,0.018959852084585616,0.01862069078136784,0.018264813761740602,0.01752445574424138,0.017823914893153887,0.012849143539358815,-0.014138292789942481
2011-09-22,0.018918221812956736,0.018705638481111838,0.01822040744138135,0.01836426138048317,0.018446230988492553,0.018416401682306606,0.0314784809023084,-0.04779225063293132
2011-09-23,0.021736240789392812,0.02158594008980254,0.023659267408295347,0.026679317160034535,0.024401985987628837,0.02163453902580238,0.03355136956830885,0.004985962606467334
2011-09-26,0.021487500696224633,0.020963950733907413,0.02230638755329864,0.02530164480137181,0.02294524620273949,0.03338538666303985,0.03282869285481884,0.004450490794376439
2011-09-27,0.02130300900562173,0.02035451813848525,0.021029406031052935,0.02400024838942602,0.0216030764574358,0.032925523936155277,0.017989099795350804,0.03943304751344341
2011-09-28,0.023007797300325643,0.021971480111789888,0.023735283176522817,0.022771181560344474,0.019855861049878725,0.019666720676527496,0.01874061762068229,-0.014555466882242494
2011-09-29,0.022504474922261115,0.021598446216666036,0.022899969880056853,0.022473678550838035,0.020656379244722026,0.018937519228457458,0.016082688965743157,-0.003994474507750651
2011-09-30,0.021824688180724933,0.02096331690909973,0.02159881233627889,0.021398777005683257,0.020033843922694597,0.021412413186148838,0.02125159976893849,-0.013229832779838541
2011-10-03,0.021912833559027754,0.020581416982424102,0.020848539384771412,0.021075424374172688,0.02064428598867877,0.01857601567024039,0.026049748101878285,-0.010388176522979877
2011-10-04,0.021462482394353527,0.020116010891638177,0.019965188720964235,0.020490612678618104,0.02083629026190833,0.02142614273270362,0.03318011647127406,-0.02616941921081772
2011-10-05,0.02074263937178246,0.020529612043359378,0.02083921639302749,0.022383776305817175,0.023164091860297917,0.032800746261518535,0.0208395035705108,0.031416196233378914
2011-10-06,0.021820078794702467,0.02134000270755011,0.02220047596227272,0.021244996301775322,0.021418017539827174,0.020239612112488717,0.016601858983495636,0.03639214310639741
2011-10-07,0.02224455824021673,0.02252854317121597,0.024128923661784204,0.020170174885240855,0.019727203653158124,0.021278477032168265,0.019611125113529304,0.0022841619415128363
2011-10-10,0.02223044357892817,0.021849397834238008,0.022703980601457317,0.019156037970867984,0.018646819745699355,0.0196517955385528,0.012649726817358022,0.0178656269233298
2011-10-11,0.021886692489118623,0.021631071450519797,0.02214345983861345,0.01819948993833541,0.017415962036479035,0.020356923231286912,0.012222043153645975,-0.0006114111745211833
2011-10-12,0.021500969936848264,0.020972636610333543,0.020839225977766076,0.01730003232313122,0.016601823366861498,0.01927316580341924,0.018076975515998593,0.00850754842967032
2011-10-13,0.02149854042315269,0.020440232386710964,0.01979605953986828,0.016449899042256716,0.0156458776169529,0.018868318994870317,0.014312285889451326,-0.007081503425013262
2011-10-14,0.02151712705974561,0.01989330981679246,0.01881279868048559,0.015937278809312613,0.01576772903796008,0.014511420289960787,0.015814068039332742,0.011591879418145561
2011-10-17,0.02119175336864898,0.019495164760667386,0.01810216776307055,0.015166339752660789,0.014822741009838429,0.0154696966000829,0.023765884554401637,-0.0054480053305665105
2011-10-18,0.021210459674379442,0.018948314115713467,0.017325013424937433,0.01476678104467954,0.014823716933334927,0.01948165586242324,0.015087563054162534,-0.004849231875271884
2011-10-19,0.020702081363723413,0.018409432211366285,0.016448098987438587,0.014229723880473196,0.01472639911487869,0.021084597977985932,0.011296917208994164,0.0073843203076832025
2011-10-20,0.020331881739919858,0.017940023797882343,0.015695027300875665,0.013574932678122703,0.013919974219488252,0.01871094898161105,0.011588194338673806,-0.012145748836207811
2011-10-21,0.02026339157269975,0.017646102672375118,0.015413067218521908,0.013926483730719606,0.01483941280637497,0.014156954476541845,0.01247284450804844,0.01912983455998412
2011-10-24,0.0172708877120183,0.01773862670473974,0.015823567238768224,0.013289470687336005,0.01383974487486172,0.014702424401177056,0.006879586707507605,0.01076409349343137
2011-10-25,0.017332526621882494,0.017399174901472178,0.015327056042101135,0.012690087211020464,0.01303601358605697,0.012310635910905338,0.018506333983950452,-0.0040817857567839455
2011-10-26,0.017429080712672997,0.016898729789979937,0.014558835040667557,0.01224978578845379,0.012957717256212167,0.01278428593126542,0.01282031086469603,0.005000597131810436
2011-10-27,0.0154250496308647,0.016429650109005677,0.013838246523165043,0.011712773777839027,0.012301101135560419,0.012948801599586526,0.02248278920737377,0.028509963267408022
2011-10-28,0.01593001883973666,0.01739271338442126,0.01606837788902931,0.011208527663217373,0.011314326082706678,0.015702747907068666,0.010217855037076104,-0.0020322361584299083
2011-10-31,0.015884463131307102,0.016870207146579046,0.015196019353768488,0.010771267385064946,0.01108549571123068,0.013927400583429212,0.012818913610261105,-0.028099729014499832
2011-11-01,0.01700263916227846,0.01774551611139211,0.017239230923456833,0.015652328047659668,0.014662005872744736,0.014986578636503512,0.030917221325794893,-0.022361361433222475
2011-11-02,0.01768609446270093,0.01805577388662499,0.017971186329468095,0.017612578233504532,0.01696766730536101,0.024415828675678458,0.016758842085098508,0.011462021559110674
2011-11-03,0.01642961541613828,0.017729438476712232,0.017343122839301842,0.016763922932245597,0.01594964256760618,0.01709964506342699,0.026644299637338026,0.011151824140273055
2011-11-04,0.01535645348473263,0.01740502227165732,0.016745577651495362,0.01596326135589867,0.01500387669578427,0.023838075812482533,0.017733172857488523,-0.0033234623467018865
2011-11-07,0.013496595194202772,0.016894420273524356,0.015858879941062963,0.015274089244837554,0.014703152755005777,0.01797272398573769,0.021723511990146698,-0.0029715550041411022
2011-11-08,0.013541217571511572,0.01639591286096388,0.015021116257870202,0.014613930614699854,0.0143782425736064,0.01784101778999665,0.016163342982059088,0.010200393549787757
2011-11-09,0.013185912657889293,0.01609159043556275,0.014552301119825592,0.013936728109123789,0.013549286998310865,0.018030133698577068,0.0285051994120653,-0.019388149591409096
2011-11-10,0.013948112365079328,0.016308186485807438,0.015271664727961374,0.015584915265294496,0.015515505109160563,0.024367259029016933,0.024022825476595358,-0.0028610223821813074
2011-11-11,0.013844773493897934,0.015826896619767265,0.014469735022374782,0.014901913819202474,0.015123632201868117,0.018768303840771525,0.011100621045354381,0.01830773049648825
2011-11-14,0.014294320271892253,0.015986606799817,0.014903575096344166,0.01420799081247202,0.014118568115935202,0.017754748659809704,0.014301756642489694,-0.004772070803628175
2011-11-15,0.014146781937509866,0.015543605139700645,0.01419127999575398,0.01370442981149415,0.014057802769978492,0.017576445922264327,0.021397302723096413,-0.0002899496232847303
2011-11-16,0.01408378643853277,0.015070251668158537,0.013391354230020054,0.01317284131450195,0.013441793302036908,0.016505121292786692,0.019537585892893818,-0.0015236163434999754
2011-11-17,0.014036868830996457,0.014615916687873801,0.012685676298715755,0.01262622874937575,0.013009171038807034,0.014832273094739544,0.021389087898625918,-0.015715510823798087
2011-11-18,0.014400425527287177,0.014684214525007141,0.013167693095946478,0.013696427486037263,0.014470730603688529,0.015204927187225338,0.009504558412431906,-0.011162734119904448
2011-11-21,0.014361334083492468,0.014497068145847477,0.013051430072653858,0.013879137298239032,0.01520010430853918,0.017099693632881535,0.012435478869572733,-0.02650951136394815
2011-11-22,0.014739302707052315,0.01548290467906919,0.01527706364702162,0.01712738146352323,0.018041120396756424,0.017175189853262482,0.013478762320498782,-0.0030298985727604754
2011-11-23,0.014428978453773634,0.015029568662631242,0.014480396551192432,0.016393768907707905,0.017483211534521675,0.015846252876060868,0.005908296726433305,-0.012951295405964514
2011-11-24,0.01459041866356555,0.014913041986637591,0.014402216060254623,0.016525238217988222,0.018227585034510177,0.01149505519082391,0.01574452979067915,-0.002376454748361216
2011-11-25,0.014465162121292797,0.014470443816544233,0.01364722990028804,0.015807032744212638,0.017576671842843325,0.013424296587087827,0.02249167696079873,0.007209304176199581
2011-11-28,0.012729124672409569,0.014140316955259366,0.013095595556336857,0.01509643627790958,0.01658752676707739,0.013144506643160055,0.017874859471974692,0.028271985612324704
2011-11-29,0.014634995879346076,0.015359360664015073,0.015445264402841812,0.01442499194394566,0.015393963686778575,0.013153099887824777,0.01236238354666019,0.004544694107440986
2011-11-30,0.013571817301635434,0.014933004288443382,0.014649865377453098,0.013790872427422862,0.014587323245996526,0.011297274219075977,0.0387319390605042,0.031065731400212546
2011-12-01,0.014503126388682324,0.01635603008372623,0.01716666815007637,0.013192339657582623,0.013491340431843989,0.03242548107996,0.011346387372282754,-0.002928685913711676
2011-12-02,0.014309390688387033,0.015873977729751368,0.016242836175356903,0.012686963841236753,0.013228764881096002,0.017246976488348387,0.015659794456587245,0.011411513488512005
2011-12-05,0.014319577585553673,0.01564217175563142,0.015756540315061022,0.012151308884841281,0.012473650047287092,0.02134575906222641,0.009471790859497963,0.002823666705297967
2011-12-06,0.01430983484138133,0.015181412010036133,0.014900085014311918,0.011646666636264196,0.011878543541267574,0.015860652960007906,0.012238462240166533,0.00012571048890992775
2011-12-07,0.014289833594714547,0.01471895725141501,0.014079424412963656,0.011171596045826087,0.011356068944346008,0.016251676566707233,0.022781329113320942,-0.003922420373187792
2011-12-08,0.014141931369345098,0.014302865562882268,0.01339311971199992,0.010847712137977108,0.011354678395769986,0.013793711769478918,0.01862621862427539,-0.0114409218429335
2011-12-09,0.013701550552193655,0.014147484831879385,0.013280220472441063,0.011426594245826259,0.012345962222392638,0.01823584121717465,0.015908536807951495,0.00824484830315792
2011-12-12,0.01379138405424781,0.013864375170078417,0.012821818360444284,0.010964539082124717,0.011687856873357626,0.01957433956114753,0.008435392179682245,-0.01849082079704173
2011-12-13,0.013784427674901333,0.014184578673692933,0.013685237233133285,0.012961707656451533,0.0136591741853006,0.015138609812881138,0.017137178686295128,0.011412365919359608
2011-12-14,0.014014663710350584,0.014033697359349565,0.013437465030575517,0.012410281248847166,0.012876490919127346,0.019349565393261523,0.010370581502703558,-0.022732856996203435
2011-12-15,0.014848816044439052,0.01470152880186194,0.0148698275830966,0.015119948877501106,0.015397626786008341,0.014985418186979295,0.010646178202041253,0.00633377861536973
2011-12-16,0.014942074731881026,0.014337847023112239,0.01418939716806408,0.014443347743806066,0.014580850514663372,0.012922878952314178,0.011346867524556829,-0.00252127457859535
2011-12-19,0.014562458854467098,0.013914770402443537,0.013456768336191275,0.013843720451807793,0.014212353727334754,0.013003521412518423,0.011399453046695785,-0.00414795568829237
2011-12-20,0.014380515819024022,0.013529076739196866,0.012826795208577976,0.01334854321703472,0.014068290995058092,0.01159491805457618,0.01513218754908832,0.010125635907477197
2011-12-21,0.0131728544630958,0.013349362251509267,0.012558368721607031,0.0127726210249217,0.013274577284696583,0.012676642931917798,0.018375607737409785,-0.0055322872453193415
2011-12-22,0.013229576552486754,0.013013435991335367,0.012060855096991098,0.012439303294320865,0.013363977689350912,0.015089864299978337,0.009292711443494705,0.012409463459275101
2011-12-23,0.01298591311389241,0.01297799030371701,0.01209332910820191,0.011916296774867007,0.012577318923183822,0.014121634380027467,0.005921604308016156,0.010155333089861763
2011-12-28,0.01302154116623655,0.012826160212391425,0.011899664626066325,0.011424209206371161,0.011874367086840249,0.012382150962477724,0.013279768861296237,-0.0009618788229933888
2011-12-29,0.013025624214862785,0.012437655538665807,0.011289954158290493,0.01096875526477438,0.011482026293459837,0.014620975476215771,0.008046927302652438,0.01072774009259802
2011-12-30,0.011835975994996903,0.012341743119602436,0.011235212639136174,0.010533769510060959,0.010835025230579953,0.012210008349734892,0.009112702150738556,0.0009875125363733425
2012-01-03,0.011826551479191988,0.011968208583451764,0.010661056358111884,0.01012554861402123,0.010382282259531514,0.011302233602985634,0.010328556378879245,0.022640735727025407
2012-01-04,0.010899788261797492,0.012860789655026952,0.012504525376859654,0.009742815689528424,0.009610489703103164,0.010510281988579843,0.011449137459275154,-0.005524098351443725
2012-01-05,0.010968836176232677,0.012542202983271432,0.01201080027943164,0.009654613635473923,0.009924398687093104,0.010537135065801785,0.010835083480502704,-0.00782803657332925
2012-01-06,0.010905498202986733,0.012310366920964242,0.011712006890499824,0.009841303281661613,0.010522431851092785,0.010008196486371586,0.009310475393899792,0.004505950501315775
2012-01-09,0.010928699078568941,0.011986268856498374,0.011184114953422046,0.009476552857375276,0.010030777237596322,0.011097148134844864,0.010325615934389281,-0.006641828713937948
2012-01-10,0.011045440121039321,0.011734446555085778,0.010871692808465198,0.009533536224463415,0.010465248565654409,0.0103066631656713,0.011209911385086426,0.014926442127778774
2012-01-11,0.01143794119747369,0.011950034404659695,0.011375378274819213,0.009188496256147476,0.009810258598736422,0.009648902655094988,0.008631342512408022,-0.004556858556004254
2012-01-12,0.011150499014162077,0.011639631460238038,0.010919096048797119,0.009061262295362131,0.00998759773226881,0.009612289407544928,0.009927179430958652,-0.00148237065227764
2012-01-13,0.011062212323543185,0.011290881483010853,0.010385530616465452,0.008768257038258795,0.009768771522668064,0.009889167582000917,0.020948458165180095,-0.004566783757737619
2012-01-16,0.010211748612373539,0.011003921810745007,0.010008885609146789,0.008678572887455615,0.00994981735998213,0.012308756687637047,0.008445400435438686,0.0036833758662252435
2012-01-17,0.009984609719272107,0.010706780700578664,0.009575971750328377,0.008389807647881614,0.009503899893268972,0.010185518752022525,0.009871533181189482,0.006448566138296419
2012-01-18,0.008350822763801696,0.010500099242696027,0.009274275126368503,0.008098144149153039,0.00900242894332076,0.010233115058555781,0.01037037660463089,0.0014741499984524651
2012-01-19,0.008315789025319474,0.010186625847313427,0.008835636683763401,0.007848112126064948,0.008640879183360275,0.010119266802905381,0.006278762936094626,0.006781108860789818
2012-01-20,0.008277762932618487,0.010015004324855666,0.008677343398763864,0.007615929982343096,0.008215201676180325,0.011281367422381509,0.004325335714009842,-0.002197074939143557
2012-01-23,0.008203798947140899,0.009724809572765822,0.008326083697238673,0.007456699098921372,0.008183713361322986,0.008952684530752207,0.007810094078598413,0.009382235756130437
2012-01-24,0.008173617830359413,0.009704596169855861,0.00848122980126214,0.00725312148138157,0.007741906814105847,0.0069228746858436465,0.009419908942290825,-0.005323173521756584
2012-01-25,0.008162711880596125,0.00949887394333381,0.008325411626505679,0.007398497246774463,0.008141666613126876,0.01000724060231267,0.01328411640061773,-0.005037091583353146
2012-01-26,0.008054657699965025,0.009291782784644207,0.008163345236003062,0.00749355261782157,0.00848028501208547,0.011544437253908543,0.008968696879714822,0.012536845279991868
2012-01-27,0.008186962253791064,0.009517738337045051,0.008766525265907767,0.007287244668688472,0.00797315263485608,0.011360041081262496,0.006307947697720297,-0.01070382421073509
2012-01-30,0.00864876235635823,0.00959303985363184,0.009154973456764158,0.00835352776762245,0.009104386207853083,0.007870846878117656,0.01023553643286702,-0.010943062045475113
2012-01-31,0.008835616484509097,0.009679352521281253,0.009516242079809896,0.009256125633789697,0.01018910967205578,0.009196619480765817,0.009811858722107283,0.0018497807559395706
2012-02-01,0.008838125058243992,0.00939541242565021,0.009065149512566609,0.008926915233363109,0.009754411834336972,0.009223583054220854,0.00899039073004175,0.01902029917080382
2012-02-02,0.00841870414954882,0.010231503066607148,0.010604782496807024,0.00861969897157134,0.009075909336590856,0.011302520987967772,0.0072468435399699275,0.0009320952102325904
2012-02-03,0.00829500457928379,0.009922437391625523,0.01006641839841345,0.008333355667457786,0.00871890390337033,0.007512701277074448,0.011767750836658694,0.01795349662401389
2012-02-06,0.008805911197606852,0.010577672731985675,0.01118606638798253,0.008066802140941848,0.00811475673980957,0.009980604617494627,0.005965012469809775,-0.0015093318561519883
2012-02-07,0.008827954343237385,0.010262096070424083,0.010627748991578303,0.007844357865511752,0.008002529052196105,0.007804599090553858,0.009141506944274928,-0.0003225122030924618
2012-02-08,0.008623950841200424,0.009949784905231128,0.010090701452052651,0.0076137858751641994,0.007749627425589857,0.011601762812756631,0.006991204251019581,-0.002447690365525963
2012-02-09,0.00817394154902093,0.009665288292041403,0.009638228293660412,0.0074680321034783816,0.00777528710007804,0.006754678563626704,0.006869305965959205,0.0033301082476246574
2012-02-10,0.008063388026201386,0.009406280197752463,0.009215113758906423,0.007263614008102428,0.007450728208333558,0.006396170141452089,0.0066410183504570924,-0.0073375145127208725
2012-02-13,0.008282641029699249,0.009295147544959987,0.009155788990776905,0.007693850176190779,0.00814111258887993,0.008102819145302658,0.007933765353805146,0.00906615270882984
2012-02-14,0.008311680213055433,0.009281567179415903,0.009171998065239072,0.007472840310826432,0.007706548433682668,0.009577329933925665,0.006989573286559622,-0.0009825846152072084
2012-02-15,0.008332965987110353,0.009002031342936569,0.008749334608851828,0.007279845505433227,0.007550757504725912,0.007917208233397914,0.006915237889324691,-0.0013059592599080662
2012-02-16,0.008297653812209217,0.008733653644184202,0.008361390192988727,0.00714333162203683,0.007431425325617794,0.008178075358053235,0.010237144277983497,-0.0011547345393969066
2012-02-17,0.0083199132942827,0.00847231422513154,0.008001117373942178,0.0069819263373449994,0.007309419058279199,0.00977655939626906,0.005514461517190096,0.003341676490761844
2012-02-20,0.008244350100826059,0.008254896119015604,0.007706331333929919,0.006815408621342067,0.007004460007832769,0.00761621745324499,0.005971645796663495,0.006784607136193998
2012-02-21,0.008284535598505637,0.008174140014652564,0.007669379638995994,0.00666228908560176,0.006661795785560634,0.008395983405720167,0.004592672142572442,-0.002880365826844925
2012-02-22,0.00815212518791089,0.007956466647839538,0.007432866458051932,0.006634102659267234,0.006803806015188699,0.009826165059901564,0.006821538364093749,-0.0019586660320972597
2012-02-23,0.008050266672360256,0.007728985844508284,0.00717552089765635,0.006549072081695791,0.006818129383010744,0.008213932819841584,0.007830901511821501,0.003593575928460587
2012-02-24,0.00792756177815711,0.007545052427302911,0.006965890203168814,0.006417855454222288,0.00653492803613022,0.009199533691865838,0.0061827273767753686,-0.00047165839331372937
2012-02-27,0.007541835128577932,0.007316112004425819,0.0067067365621570705,0.00630136480283723,0.006373855477637022,0.007979909373185051,0.010872678482312962,-0.0032909478088712454
2012-02-28,0.007121751051216113,0.007138892450406311,0.006587909512751674,0.006344466367321531,0.0065857097489396225,0.010028250814853269,0.0057197537367476015,0.0020770894452074974
2012-02-29,0.006527275951788813,0.006940087631086777,0.006373408501989058,0.006230508697279703,0.006338252726070371,0.007352730158305896,0.008732056225259039,-0.009559880932685661
2012-03-01,0.007007142372960585,0.0071244934384390776,0.007028862643298993,0.00731080031301374,0.00744222400021613,0.008802154904697896,0.009177085273426052,0.010133275443808628
2012-03-02,0.006111375532132731,0.007339884101421866,0.00748371974419,0.007118423998860327,0.007024648244601434,0.009160790567608101,0.004200510361703862,-0.003411473956442823
2012-03-05,0.006191822343420012,0.007165176479215038,0.007294675034386049,0.00708819318874086,0.007216905260027841,0.00854796843115813,0.005319533583538991,-0.006159922412794324
2012-03-06,0.004999101565173484,0.007108871034664884,0.007352041338104588,0.007378197505869259,0.007770441283117149,0.00834915278752115,0.010886883279847877,-0.01872810437381376
2012-03-07,0.006429777574475677,0.00827939600154717,0.009569254421856233,0.010599090636775105,0.010210232584798817,0.009798751642004411,0.0065280796142947435,0.004430146033502742
2012-03-08,0.006538742141771056,0.008100189250511296,0.009190352535865597,0.01017701955676974,0.009725297542942633,0.00788657509909805,0.009363460464695314,0.011724349181927548
2012-03-09,0.007070582101941645,0.008362051408885188,0.00951796498896644,0.009782387035448167,0.009155862351173417,0.011076451098842468,0.007976363369885808,0.004733051603349179
2012-03-12,0.00711143424495627,0.008189784868221289,0.009158413756465499,0.00941382065365447,0.008727453082653927,0.008410371029950375,0.005432864820256277,0.0008998073661276029
2012-03-13,0.006914675081850437,0.0079433494707365,0.008717816288105923,0.009070001521882537,0.008383270295468254,0.007286811751950833,0.005500693177665912,0.010651058180342007
2012-03-14,0.007022629581552265,0.008131278816216838,0.008975936662500916,0.008749660151906842,0.007906578647557777,0.008913046675130726,0.006846799504337746,-0.001764513578234259
2012-03-15,0.007032409899773871,0.007895406510490746,0.008583249112749653,0.008485033388274605,0.007836157305063986,0.00856483395711025,0.0062469956836918895,-0.000790839761563359
2012-03-16,0.007027183471878891,0.00765733132231157,0.008211584814618263,0.008214064629247257,0.007598186393251095,0.00833561285356993,0.004049203948580318,0.004182665698239928
2012-03-19,0.0070649269922290385,0.007494419333175092,0.007940288926015452,0.007954223954909067,0.007263771011790971,0.009027342679358731,0.0064658094308738265,-0.0007546094415954908
2012-03-20,0.0070432512210490995,0.007268459809171485,0.007605891157713579,0.007720092748216659,0.00709334346992882,0.008175626198779058,0.00946646469951798,-0.011761367384690209
2012-03-21,0.007364574732687725,0.007613176950731409,0.008372415907607197,0.008959866058826794,0.008470513158079548,0.011483572265866293,0.006629608745042546,0.00010183817922152435
2012-03-22,0.007343760074387547,0.007381291062344306,0.007992920852572213,0.00864667421069783,0.008150123394195243,0.008191656887345689,0.008513382777138144,-0.007889150368023831
2012-03-23,0.0075229124944350325,0.00741274388428325,0.008146725289249966,0.00898071111942113,0.008880969086129058,0.010367448591708793,0.012052197689528343,0.0015725692521660322
2012-03-26,0.0074797343194461146,0.007197237249355581,0.0077921750344353245,0.008666060787927931,0.00851510115586222,0.008730918088126918,0.006635754597220295,0.008130955866436827
2012-03-27,0.007722782433803821,0.007256649170258778,0.00788567805428422,0.008373605396745528,0.008070915966534097,0.00807259250951059,0.011740853634850456,-0.0056233849333153325
2012-03-28,0.007785064074325114,0.007169153871685182,0.00782013612032131,0.008435312218136379,0.008493305077795188,0.007816144360924766,0.007147208256518731,-0.01037804940725208
2012-03-29,0.00805880532955515,0.007401026670111832,0.008329844369255776,0.00923699946952078,0.009556630220990204,0.008057414411933788,0.0103335845516767,-0.011600857311523223
2012-03-30,0.008179054508167843,0.007717737845194248,0.008933085402325047,0.010134710537857803,0.010719626971873846,0.007992724386053203,0.005537520120782986,0.004604499686335116
2012-04-02,0.007884344607892068,0.007567149651090729,0.008619489728065859,0.009741580975919291,0.010200415019098557,0.006730846487892235,0.014001740800049843,0.018276957223555962
2012-04-03,0.00894638138982314,0.00859470060750135,0.010159636596104242,0.009374726087608235,0.009508401353442948,0.010817054482964213,0.0066383677120832735,-0.006249380035671223
2012-04-04,0.008949335698641156,0.008472309653833705,0.009906974045115908,0.009401842463764227,0.00992641200245336,0.008140482768288817,0.01605860952097736,-0.02330703918942708
2012-04-05,0.009461955655578207,0.0100033151287394,0.012352357446058419,0.013286654109663936,0.012882404773891899,0.010815433714663019,0.011105057648238182,0.0034828300355727276
2012-04-10,0.00943943290935163,0.00973602285609354,0.011721676717215248,0.012694616214373327,0.012246329598663872,0.010236942244286689,0.01032588266167986,-0.022634874799099147
2012-04-11,0.01015440870149997,0.010947282129431347,0.013547305336905138,0.015377421024288232,0.014843684929376644,0.01109367585570573,0.01221065688927372,0.006963332767592871
2012-04-12,0.010241790534512624,0.010749962188492519,0.012973770528567045,0.014660814206251975,0.014028445498125059,0.010994963515554734,0.01792906266171573,0.013362678120793402
2012-04-13,0.010771101461868606,0.010924360659753666,0.012996125537723635,0.013986442154256202,0.013171178313111709,0.012960735760039827,0.007288682352708801,-0.010332507016507952
2012-04-16,0.010559074002452842,0.01088975658817415,0.01280692420277381,0.014030842200766334,0.01389653382767116,0.010466179896897496,0.011070582191636221,0.0025622689202209406
2012-04-17,0.010616113258600736,0.010576648994737094,0.012121520083307781,0.013393975304887801,0.013209235891304934,0.010567752278767443,0.014120546096560292,0.01761566722103801
2012-04-18,0.011471436368652608,0.011125298990091995,0.012770510900681112,0.012763955687878277,0.012378877581434682,0.012521825861613588,0.008216046920745148,-0.0037698853747889613
2012-04-19,0.011408565695191948,0.010825833136814381,0.01216265332896117,0.012307875651364849,0.012275950499556211,0.010361219328917938,0.00895993356386463,-0.00012184614328515231
2012-04-20,0.011412276990811921,0.01049607708187861,0.01151555742601893,0.011780470360885833,0.011716261768892738,0.011416245231238877,0.00756118264138208,0.00479300723077435
2012-04-23,0.011257710208786947,0.010243825025890888,0.011004931615411242,0.011285678105784316,0.011127677769738475,0.00946598802890785,0.01621845324661399,-0.018640487970473515
2012-04-24,0.011893202072160814,0.010931050342855733,0.012221427737628094,0.013296267183558077,0.013228933819510213,0.01246778430497885,0.006759115001653138,0.00771865178406329
2012-04-25,0.011985297749814144,0.010765372498152632,0.011815514002432255,0.012708536286615795,0.012503699201721688,0.009073870328476875,0.006847456053938573,0.0016450250463377414
2012-04-26,0.011986122822184989,0.010445191083303688,0.011197214930531258,0.012156459051737007,0.011905877030475145,0.009023198764595895,0.010738650458640763,0.0051972630853251035
2012-04-27,0.011889628895546657,0.010206693312498826,0.010730232914632104,0.011638300068409728,0.011299849065193763,0.009173517928641737,0.01282700066184753,0.004928084380586363
2012-04-30,0.011918878269993152,0.009969109990997918,0.010287857990148237,0.011152404753467167,0.0107359065148065,0.010334731798747129,0.008964107906752249,-0.006825965070399871
2012-05-01,0.011800118498799405,0.00980896491585105,0.010068741095484559,0.011064615633907869,0.011147765311301816,0.009719900253153457,0.009452619764707937,0.012883295076842126
2012-05-02,0.01186690011396587,0.010020060013761996,0.010416885527673798,0.010614996612411998,0.010489122498332372,0.010095632881909001,0.011309469944934689,-0.009351597497711422
2012-05-03,0.01201997031656655,0.009981214809039062,0.01041740755045806,0.010905762609411536,0.011266980223192558,0.009467555887586613,0.009129525143631419,0.0014750928946111208
2012-05-04,0.011272515076275988,0.009683889924157222,0.009896389302247786,0.01046630318894166,0.010750687268818691,0.010911214039739159,0.01352289454557315,-0.01952485919746419
2012-05-08,0.011940771245463538,0.01053680540867346,0.011522397005148228,0.012906617051708763,0.013027061173328643,0.012438184502199336,0.01333061761664276,-0.01793137957946211
2012-05-09,0.011499789251407606,0.011120021337407601,0.012517825528385144,0.014406828493851881,0.014849653580174536,0.012405726363210376,0.01822735195910207,-0.004420514744845524
2012-05-10,0.011466011233425062,0.010835499024424308,0.011956457760460185,0.013874108406517913,0.014662625434718562,0.011355780254748439,0.012910761531456058,0.002510363334217226
2012-05-11,0.010429878682508227,0.010523386917052372,0.011341727895845248,0.013251725599731798,0.01390961945537338,0.011292533943164864,0.01409524727840349,0.0056657375356773
2012-05-14,0.010387576469300702,0.010296757100321473,0.010886720467009036,0.012666681639059034,0.013166017270019625,0.011982310484363892,0.017393169845136277,-0.019926390671526347
2012-05-15,0.010701120997018363,0.011112401949520049,0.012357250095199487,0.014663552157851669,0.015276455800350688,0.014889510646008181,0.01624314058460096,-0.00511782170146163
2012-05-16,0.010559816077413641,0.010846560487108909,0.011842568981971769,0.014154000199431981,0.015149763154401343,0.018651032074553008,0.01595184959240266,-0.005957833336606725
2012-05-17,0.010545892878499106,0.010616908618825372,0.01141870152276306,0.013738426581706329,0.015141456612758423,0.015265709404949854,0.015211365090463998,-0.012453971106425155
2012-05-18,0.00972369567411782,0.010736000534763377,0.011627445035488152,0.014060608773226416,0.016052422554801018,0.018453945260957057,0.0096009194289946,-0.013351131753331594
2012-05-21,0.009950391110445295,0.010910598891865757,0.011922904724966144,0.014504188188690991,0.01696248098370245,0.012280357298595543,0.011319950254576225,0.006980666063261212
2012-05-22,0.010210870105520558,0.010715525185899072,0.011514554546875078,0.013875734927160387,0.016060710703510193,0.01076871789788602,0.010272666452406954,0.018454361111795246
2012-05-23,0.011175068251150406,0.01132991340883643,0.012406522287866822,0.013282595804496146,0.01500275389781251,0.009809834919431278,0.013124863961474283,-0.025662860857454624
2012-05-24,0.011752105572878082,0.01265621851992025,0.014522904192957004,0.016436172131058177,0.017669347082081233,0.011997271310800497,0.013548390661484779,0.015768235150484925
2012-05-25,0.012256076148548371,0.01286418709348528,0.01462484668673095,0.015701111440456064,0.01656071963310904,0.011971915910317594,0.01305457655664701,0.00026164312027852796
2012-05-29,0.012233015455480736,0.012472456792026382,0.013845004731448484,0.01500630386527202,0.01580938506368284,0.011720929427081896,0.009641783817433653,0.0073725502894421615
2012-05-30,0.012316263607982264,0.012226598774370915,0.013306258056688003,0.014349881097033012,0.014971521330133707,0.01067234125846904,0.012160692664375757,-0.01755218894149102
2012-05-31,0.012561911844601929,0.01260972223057865,0.01390872743542607,0.015464174562900848,0.016511658060142948,0.010327903416588548,0.013800992410643287,0.004445205187512613
2012-06-01,0.012681131086923418,0.012273971647268614,0.013237963588475782,0.014782417648605817,0.01568511879523966,0.010761502422014043,0.020373546910790637,-0.011473413137299073
2012-06-06,0.012203790042002489,0.012227416314954904,0.013135182696681553,0.014883280894197912,0.016379127009061554,0.013884273297403174,0.012005546837075935,0.02328111688074577
2012-06-07,0.013587924881524016,0.01315521764729754,0.01449936440349572,0.01423369209573093,0.015213268251318593,0.012124478919216327,0.016709736559602444,0.011761691732622842
2012-06-08,0.013945517684235947,0.013075794806117808,0.014211838826984626,0.013620394483339768,0.014330228080347356,0.013873872397537658,0.011493972618919785,-0.0023339377858882923
2012-06-11,0.013403011346259236,0.012690337314598827,0.013488910189579383,0.013075684058729456,0.01398176655648326,0.012040396932302069,0.020376098255963912,-0.0004968944201617605
2012-06-12,0.012889798264874722,0.012304340524086965,0.012785257337091014,0.012529612726802444,0.013436861186213542,0.015577445173171374,0.009262951010533949,0.007573779338380126
2012-06-13,0.012998691775918511,0.012072891782697125,0.012342354984609427,0.012013487955284487,0.012737128563831763,0.012255021157327815,0.012314936404096049,0.0018434867187508658
2012-06-14,0.012991812867119028,0.011713809783065689,0.01171781548612498,0.011527489275433591,0.012185126660302319,0.012889070623550923,0.010098064109884388,-0.00304997999174629
2012-06-15,0.012923362266387775,0.011381506136395917,0.011184469211911985,0.011138611582052127,0.012049000212617353,0.01212947792791083,0.009902534917886181,0.002137787565368214
2012-06-18,0.012177540614875958,0.011047197344002115,0.01064187058472532,0.010704618036078813,0.011530757709003928,0.012367053058807384,0.016251411568110153,0.0022425008713898207
2012-06-19,0.012125186918858938,0.010724731400710173,0.010138412704247765,0.010296933550210031,0.011039696366838304,0.013898662865914214,0.012840571690360809,0.01718857202377029
2012-06-20,0.012556391068199958,0.011218087728900875,0.01108340392845782,0.009914322322318399,0.010298387762682801,0.012563123010605536,0.008296571152994236,0.006423661079917239
2012-06-21,0.012172170244730045,0.010989566327016548,0.010693924810003476,0.009507379197219768,0.009682220400873902,0.011421780703068945,0.005110039644694645,-0.009992307438066077
2012-06-22,0.011974380743816727,0.010932296485585821,0.010727322785145751,0.010030099270190827,0.010573015920306676,0.010400705171424218,0.008234720943047032,-0.009512621258139425
2012-06-25,0.01221308442823341,0.010852354484344644,0.010707357921146963,0.010405199985348447,0.011340940260192061,0.010133647027208306,0.009662109296878371,-0.01149186336303353
2012-06-26,0.011921203294274667,0.010891783940012799,0.010907200542153652,0.011048226419960632,0.012322840473799475,0.009831826551446501,0.007024818138293517,-0.0006790423928300746
2012-06-27,0.010328782299137442,0.010561286184288404,0.01036622362215558,0.010618679494741445,0.011871302254552227,0.006885822587044315,0.006820430523549986,0.014019134157609449
2012-06-28,0.010215294541774797,0.010800022558596706,0.010817580092194929,0.0102121198832059,0.01115755441994671,0.006993105258401819,0.01630560777860413,-0.005591373376205614
2012-06-29,0.010330607301052015,0.01056020195849276,0.010467272612986283,0.010089463896297715,0.011379830899576775,0.011786488596220612,0.01828124753498998,0.014117711408791344
2012-07-02,0.010631182799663791,0.010806728459863333,0.010916612796780356,0.009715994325759886,0.010693220520785642,0.012800025351591186,0.005647662813520775,0.012379972238690298
2012-07-03,0.009922916559537578,0.010907524006975712,0.011084374101961059,0.009366295943725476,0.010073268877420929,0.009443194639729936,0.005565985454729716,0.008315505663542031
2012-07-04,0.009987027532117694,0.010769609706549738,0.010836688757250133,0.009039211162729934,0.009552213935174969,0.009104707826155856,0.0050599348408722706,-0.0005627759069410481
2012-07-05,0.009456618414364041,0.010442433942372426,0.010299276326528477,0.008736447224138497,0.009246120841020538,0.009189958023738959,0.010852768074445757,0.0014239131885246563
2012-07-06,0.008328570234294543,0.010130321454350315,0.009798630768719422,0.00845108922967951,0.008880162378530575,0.009372106830502044,0.006687844336960773,-0.005283935078183098
2012-07-09,0.008226477995536316,0.009906624359335994,0.009517854318263139,0.008461322017406589,0.009198278107620122,0.00817869888386454,0.008534057716276126,-0.006253397290274402
2012-07-10,0.008369170439525297,0.009726203395229333,0.009332740888098413,0.008578961018941863,0.009623040430009236,0.009621746651743533,0.009803623923408599,0.006518258195704738
2012-07-11,0.00841884664606204,0.009564117937928237,0.009115657980290064,0.008304262301588768,0.009155383007500885,0.00845961154051598,0.00831297086876106,7.061772861008983e-05
2012-07-12,0.008328708597848677,0.00927277251023556,0.008695037037112621,0.008048399263790175,0.008816024369109414,0.009546492830797684,0.009765097878814476,-0.009970986022791417
2012-07-13,0.008704241341734894,0.009316141108902741,0.008985852936205274,0.008799143962438272,0.009761312899346482,0.009039997253074989,0.007475692001825569,0.01025340707915831
2012-07-16,0.00887196599906771,0.009375019864255454,0.009158502870096692,0.008509569135054459,0.009227068167659795,0.008664465580322222,0.0049934280726262196,-0.0006532197787112605
2012-07-17,0.00888601338787363,0.009090827210580523,0.008741547431766587,0.008243665643432017,0.008949720867892839,0.007563893356587682,0.007944040559141085,-0.005898259140184615
2012-07-18,0.009031569899556006,0.00893151267498175,0.008605753791164935,0.008342964547308939,0.009343093291130805,0.007202403496568833,0.006738699674059405,0.010022267029453677
2012-07-19,0.008517273178834172,0.00900068629206343,0.008802255056135723,0.008084428212031586,0.008835468405981704,0.007812181894158288,0.0035676069883605315,0.0049824664477910756
2012-07-20,0.008475743954421664,0.00881141934189107,0.008552463779618342,0.007856662162759561,0.008531480950702483,0.008619716133562752,0.007141919681058384,-0.010980226454105114
2012-07-23,0.008540968582963781,0.008956370165895261,0.008991421767868152,0.008837037086307816,0.009637321435824802,0.008085663349522376,0.016403124134675772,-0.021081267402583787
2012-07-24,0.009548023035588672,0.010102908624429943,0.011094973490501115,0.012087946036312221,0.012122680116539886,0.010255842460547726,0.010836159786885322,-0.006290183976000664
2012-07-25,0.009294348533561878,0.009915574707513539,0.010773585215510995,0.011874660430379817,0.012394830695501513,0.00932705682804793,0.00836195038996096,-0.00016367356253859104
2012-07-26,0.009291976463949227,0.009613589954619955,0.010247536863898449,0.011396231133566977,0.011911499600622703,0.00961732988050597,0.01660805857160777,0.01353044170640578
2012-07-27,0.00925683038057156,0.009892432272846866,0.010641598231383055,0.010945837552561417,0.011177876086129423,0.01026927394417636,0.01105007408845807,0.009642587480281387
2012-07-30,0.009358290108728972,0.00987761979909043,0.010553402144087587,0.010522399586234452,0.010562580068374246,0.010434876571041323,0.009423888831848028,0.011730754265343448
2012-07-31,0.00920615117149285,0.009998498200214504,0.010688430240689105,0.010124660230376616,0.009939653321792813,0.011135502028360571,0.005332264359221123,-0.010292352241534282
2012-08-01,0.009138329101423462,0.010016372555168865,0.010755093455774625,0.010607929474055462,0.010860536555375038,0.009111399497555336,0.00701316426788845,0.013658886491373005
2012-08-02,0.009451765720672653,0.010271415035191422,0.011093057833517782,0.010204969430608841,0.01018311186694842,0.009935984396577719,0.01656880325091177,-0.008879101155679955
2012-08-03,0.009657725922290352,0.010193240655238883,0.010975758150196411,0.010466471677153493,0.010902535926030583,0.011848324443964666,0.012111729860018254,0.02183569148273317
2012-08-06,0.01078881377810829,0.011237253717168813,0.012541693804124478,0.010072154662205847,0.010062484693617018,0.010330527087313503,0.011197404258985166,0.0037081475040837545
2012-08-07,0.010714057859169374,0.010932718797833656,0.011943038757052453,0.009702168143667443,0.00962702955000348,0.010449412825651287,0.007978838745570337,0.005562246100279389
2012-08-08,0.01061207191191037,0.01068687020575058,0.011457384458635776,0.00935535815721818,0.009177468668497777,0.01012742453948043,0.007328204419928308,0.0008043056452622142
2012-08-09,0.010557527103792043,0.010363177966297111,0.010884002567584736,0.00903061340475552,0.008847637019503092,0.009741144773046832,0.005142577376715176,0.0009574778032423307
2012-08-10,0.01055327792029204,0.010050210740680977,0.010349538891826802,0.008726862133373862,0.008531783723211507,0.00878708858488372,0.0050191969563663855,-0.0007522267976468867
2012-08-13,0.010237225390605719,0.00974578280516651,0.009858249030772174,0.008448721705484418,0.00832842950228518,0.009061692224222153,0.0060446620309128245,-0.00260296405209363
2012-08-14,0.010101593639277298,0.009470374377380228,0.009446073051533254,0.008251762287597697,0.008358594154283323,0.007842777623994714,0.005480103075357947,0.005625533144296529
2012-08-15,0.010131485129849637,0.009284692175098228,0.009163618278906402,0.007999891562305777,0.007973270923263068,0.00856701644183986,0.00524479442698258,-0.005436933155739233
2012-08-16,0.0101147353298552,0.009099823777829384,0.008956468164329762,0.008073106085711214,0.008376555915035824,0.008773996582932032,0.005805674707902662,0.0002571244925244543
2012-08-17,0.009935613878564741,0.008822831291630565,0.008554269946872646,0.007833487168529451,0.008098983341260302,0.008785111100974272,0.0020989964265310333,0.0030632612578450663
2012-08-20,0.009908154426794772,0.00858689845360767,0.008239460573559036,0.007631214079398942,0.007782449320287526,0.008562987133795339,0.00800003268344904,-0.004795843667257828
2012-08-21,0.009617610364924995,0.00840777869227433,0.00808127892284482,0.007682820114321324,0.008123295433334034,0.009396171349555673,0.006281134452401049,0.005666901545201333
2012-08-22,0.008145430546759844,0.008268985691930226,0.007929089640507902,0.007472321109553895,0.007743910637758113,0.00782524419131209,0.007521030521248824,-0.014323172726393388
2012-08-23,0.00875486290563422,0.008751157267924739,0.00902135252883414,0.009361101650096706,0.009402034871639894,0.009596666811576357,0.007480713936523729,0.0004155556384905346
2012-08-24,0.008747544040071201,0.00848517233210945,0.008616430537151585,0.009032487789600615,0.009071280379024937,0.009321651028031657,0.008628194643771118,0.0
2012-08-28,0.008373251818449636,0.008226679800214664,0.008243220150465446,0.008726087788945954,0.008766916655547049,0.010297409049874582,0.004926903545401584,-0.00015581312843701605
2012-08-29,0.008179702187924636,0.007976153306387986,0.00789957726691444,0.008441039730890401,0.008486164685955826,0.010026872483159024,0.0038578292498555136,-0.005590680580151869
2012-08-30,0.007938759108296476,0.007853484757350777,0.007837291228809386,0.00849345295581839,0.008890500564102729,0.008290622194716506,0.005244401765096894,-0.00418739161973074
2012-08-31,0.007632926474643087,0.007683010111832731,0.007677010705307813,0.008403394690969658,0.009094758173517284,0.007756908315067258,0.009231623637503216,-0.0013997027917263256
2012-09-03,0.007039520849442357,0.007456840871986108,0.00740064329843684,0.00816133089678846,0.008945662435533908,0.009358005100044234,0.006651162556604091,0.008177972150764407
2012-09-04,0.006948572194296056,0.007502063779563319,0.007549640493852999,0.007915848938615357,0.00847055404312146,0.008338519249739199,0.0109466814212104,-0.01511786911280278
2012-09-05,0.005964931671827808,0.008161929997628497,0.008875679534975487,0.00988553772053218,0.010186730427397948,0.008094935152390634,0.00661198726993275,-0.002488990596423978
2012-09-06,0.005875146066473472,0.007936736083577547,0.008537787830746504,0.00957751782274627,0.010110736629148026,0.007177995641022006,0.012261800629501203,0.020883646884915792
2012-09-07,0.0074925430055983394,0.009240123122208456,0.010543806710857972,0.009234472683909895,0.009305504599661356,0.007960158581027664,0.005137977850784737,0.0030245181670412674
2012-09-10,0.007527801745591511,0.008989212724333695,0.010063538401963385,0.008914373812264476,0.008922964849752364,0.008063650212580226,0.00489991559070955,-0.00027614774079527297
2012-09-11,0.007521341334694498,0.008715627581167534,0.009586654281132832,0.00861687370906776,0.00864844434322742,0.007276552006640634,0.0053600908649200476,-0.00017263107056872715
2012-09-12,0.007521343612960806,0.008450220255992342,0.009143158215850478,0.008339488338261217,0.008375758882054336,0.007487434041871245,0.010406270240712273,-0.0017452463757841497
2012-09-13,0.007511385471454207,0.008203938208386722,0.00876017527319058,0.008113508059464248,0.008305766437552597,0.007541250706059137,0.007500324353824571,0.0065161409669364755
2012-09-14,0.007549573962220069,0.008112578602729539,0.00860240494779,0.0078714685760745,0.007898941319029755,0.00830182909185524,0.012188485551852896,0.016309849845329277
2012-09-17,0.008275776024137125,0.008821891396348546,0.009718142562587694,0.00764703096067999,0.0073042707448023195,0.0075329455897005055,0.004227147257149539,-0.0037428806259898785
2012-09-18,0.008331588304231804,0.008602137586859153,0.009366091748434217,0.007597498688012959,0.00753623136460263,0.007559127940185065,0.008386424224696626,-0.004302105821652111
2012-09-19,0.008372294515158831,0.00840639349956337,0.009112343199594454,0.007660254509994158,0.007844683759076513,0.008341289687341467,0.004595529699853593,0.0034533534366311953
2012-09-20,0.008323080068018138,0.008194079787677732,0.008768662411690643,0.007460888871132937,0.007530365164922754,0.0083665518827372,0.009277108677890116,-0.0057736192607432055
2012-09-21,0.008343821707861349,0.008069352372706283,0.008637214564587388,0.0076466156371768615,0.008008569699587537,0.007397674652251151,0.007940577205601233,-0.000341670086691364
2012-09-24,0.00767691800884024,0.007823975022895642,0.008280375872365601,0.007449523578401931,0.00778830431883334,0.00890416698169411,0.007368247815986871,-0.002360710677745643
2012-09-25,0.0077048702108738565,0.007607633491671541,0.007999007571949207,0.0073291366359260965,0.007822587563673995,0.00799622673963065,0.005977047596178986,0.0035731114649010186
2012-09-26,0.007732448141894787,0.0074276207250655165,0.0077507387975318445,0.007154950420369698,0.007506797504295432,0.007906876643049643,0.011956877776835498,-0.015755670874923397
2012-09-27,0.00852544448729431,0.008170302720244335,0.009115193433998586,0.009492215596965121,0.009393496249739768,0.007741258237384713,0.006595983179001206,0.0019571342034092566
2012-09-28,0.008439408802755252,0.007935895551569169,0.008731727005973087,0.00916375948968042,0.009032188380309296,0.008464039317169296,0.00973043088669564,-0.006474873985792432
2012-10-01,0.008514606480016243,0.007855900425858509,0.008659900439040934,0.009241228252810348,0.009516636545542164,0.009015342720401085,0.013048682262768204,0.013561171624278178
2012-10-02,0.008987878454311643,0.008309427402675311,0.00930896331345499,0.0089296384110222,0.00890383196852925,0.011069824417360244,0.00958192334231043,-0.0018916600653791243
2012-10-03,0.008847710201584523,0.008069602927213239,0.008931420029928394,0.008673373775429951,0.008823542110171325,0.009856186360454633,0.007459509641642637,0.0028018204366340445
2012-10-04,0.008107313552213738,0.007853813964200042,0.008581148898651447,0.008400796378918747,0.008473843046984807,0.00984732078802776,0.008365386546589526,0.000343241576789266
2012-10-05,0.008065031773104367,0.007615019306870467,0.008224338547533344,0.008147418025413676,0.008194767241985076,0.01013853831919926,0.007154773335744155,0.0073854064278460994
2012-10-08,0.006887202403895397,0.007601438126278316,0.008202613912937367,0.007912196678915153,0.0077795251415121005,0.008924840528204364,0.007436051580769688,-0.005003126711690622
2012-10-09,0.006977772836013292,0.007471065955134734,0.008071010662028819,0.007958921868176325,0.008145000228965504,0.007832375948873945,0.008969609422246156,-0.005389645727708854
2012-10-10,0.007090270842908884,0.00736279252592571,0.00798121429554865,0.00804230400507932,0.008540064161692848,0.00868780792932024,0.002714119655014457,-0.005799619259442792
2012-10-11,0.007208038391924413,0.007278475524882105,0.007933535021284376,0.0081634203099519,0.00896574515479892,0.008571165845893612,0.01062037136360803,0.009150109073429226
2012-10-12,0.007473027016965914,0.007404127455120453,0.008122725736473248,0.007927042873539972,0.008474077018468943,0.00962886723476948,0.002865176645098995,-0.006280617043983499
2012-10-15,0.007470353476211086,0.007341567012331831,0.00810033048958535,0.008120765187378916,0.008965339764245305,0.008639048698159513,0.0066682207327670275,0.0021208915691376296
2012-10-16,0.006476238027361616,0.007136846690776518,0.007797774650468711,0.00788747228054419,0.008622888773096873,0.009969660036712081,0.007319521419165973,0.011116840106339393
2012-10-17,0.006944266693357284,0.007435963547744424,0.008248584757816835,0.0076712187530411004,0.008107551555674384,0.009747443986850735,0.004972490598913478,0.006858294999765138
2012-10-18,0.0070399215210274774,0.007402574772915773,0.008255413207136927,0.0075259372009796165,0.007672081660045895,0.00825953073128923,0.005069186722056646,0.001048359920163571
2012-10-19,0.007006313254562086,0.0071816551005896125,0.007933432610685444,0.007345506772965218,0.007411992096378784,0.007822184111384169,0.0033150225657459322,-0.0035383883937592456
2012-10-22,0.00692706528549183,0.007016609674928534,0.007740301838937439,0.007317430074238079,0.007602152588725319,0.00793006995068681,0.006399013433733342,-0.002258238006655823
2012-10-23,0.006949046845140634,0.006825307391185027,0.007506676163756648,0.007208776258033444,0.007621420610952579,0.008831484721236491,0.011941094506579937,-0.01455405458358081
2012-10-24,0.007651631556839599,0.007516579143096017,0.00870660489886855,0.00921076748675552,0.009332680137646526,0.008651620132738421,0.007620844369100484,0.0011893784745633648
2012-10-25,0.007608319031220526,0.007293414945202676,0.008350557437603457,0.008906130561699425,0.008983146526940758,0.008922908869654425,0.0063101277179038245,5.168003170866338e-05
2012-10-26,0.006751905202113334,0.007071239475415329,0.008019275702381281,0.00862294135852177,0.008674802514494553,0.009205541813375056,0.010678973214079259,0.000275581737564468
2012-10-29,0.006741288459192877,0.006856153351056004,0.007713541403187122,0.008360041179201153,0.008378373219971019,0.006853113805276515,0.007955835750838237,-0.0019996903696786043
2012-10-30,0.006587913036464031,0.006665309755838795,0.00747310306440233,0.00815418975091704,0.00832517579988256,0.008096897833448784,0.005095929219712312,0.009411834182346378
2012-10-31,0.006226957991761256,0.006861175573716362,0.007775091551394489,0.007925709077937784,0.007868424316855848,0.007121837436114752,0.009795426802435489,-0.01155386543893084
2012-11-01,0.006729057515630433,0.0072291558866174385,0.008426814580210424,0.009030991908315876,0.009116919359606557,0.0065506594946360165,0.009057845257773749,0.013603081477334081
2012-11-02,0.007355266198848028,0.007760649630267688,0.009141353358238073,0.008738966623435637,0.008537902265299,0.0068200705856822546,0.007405548933495189,0.0011423214233952628
2012-11-05,0.007357599379677394,0.007529429966259626,0.008751578345950414,0.008467710791101469,0.008231551317670966,0.007356391122710446,0.005615848995144926,-0.005039429167373504
2012-11-06,0.007260995740741595,0.007403683371118623,0.00857100574729583,0.008462954755992243,0.008569873446373078,0.008112832072737724,0.0036654316712332632,0.007813072839435635
2012-11-07,0.00737998134449537,0.007428882974165855,0.008561834119089819,0.008211679064445993,0.008131371642905215,0.008253462047485156,0.016950850783464148,-0.015981156289297773
2012-11-08,0.008117024609007458,0.00819761218220269,0.009770995116041776,0.010296048611024657,0.010015198409890244,0.00861613610829867,0.008569551201063074,-0.0026798774650824355
2012-11-09,0.008036672998893749,0.007974941965561973,0.009384456222565327,0.009974540541291627,0.00995629131422916,0.00743461293133756,0.011807312740616187,-0.0011086283593164086
2012-11-12,0.007759361523802024,0.0077367603558066485,0.00898670138291465,0.009626810869126175,0.0097087384639045,0.007922744309294408,0.005501560149118491,-0.0004160527060101518
2012-11-13,0.007645360796453247,0.007501759736637879,0.008609618589167985,0.009294460670187623,0.009391399784458784,0.008057773551476858,0.012221796685273652,0.0032890211064876495
2012-11-14,0.007667417247132794,0.0073177096681818436,0.008309356052089852,0.008983995217555456,0.008997458842589373,0.010528329475288223,0.005893135828485576,-0.011174659873289807
2012-11-15,0.007570808406385072,0.00760449365162183,0.00881384009609629,0.0098092359574935,0.0101129633226575,0.009104520640129581,0.004649106464346464,-0.007754560867813505
2012-11-16,0.007461950501753107,0.007613581097674129,0.008906652535425443,0.010021757934362168,0.010844227283272523,0.008456320009939107,0.007414308735213716,-0.012797735685917891
2012-11-19,0.007791379444888726,0.008019697152898363,0.009544411833147626,0.010980495288461005,0.01207981301509561,0.008835661896422462,0.011308250366830235,0.02329233509273648
2012-11-20,0.009612585824175913,0.009644095723451379,0.011723014825030362,0.01055872577301434,0.011117958439337853,0.00893345361048002,0.007374946470102276,0.0018109322541247743
2012-11-21,0.00963324401542946,0.009360813849310826,0.011157315256156253,0.010164969939127648,0.010655527345674686,0.007443386143253074,0.0053323152218792205,0.0006782549976972815
2012-11-22,0.00913018736272482,0.009077166273495075,0.010623270835536039,0.009797804033410937,0.010243814417155774,0.008063451132398914,0.004697691284533147,0.006757367824907277
2012-11-23,0.009257948756545084,0.008954941200172192,0.010329296214215251,0.00945585691806891,0.009728201504952332,0.008615593941601444,0.006991636342332572,0.004840622366566093
2012-11-26,0.009320983683375519,0.008762728517897316,0.009955953956993805,0.009137806234533499,0.009281598465895399,0.008546750922222516,0.005796978640017117,-0.005583429694051595
2012-11-27,0.009403251849120086,0.008605159361834832,0.009705032241389884,0.009126635510982624,0.009646467376561819,0.008146339713781408,0.005711434710840857,0.0022440111605361163
2012-11-28,0.009407434870200125,0.008361099015639983,0.009294934692043176,0.008832006210675447,0.009258927253095003,0.00828033414305754,0.008770293727156975,0.0006205291934011916
2012-11-29,0.009161831291950095,0.008107811143161114,0.008897988563485558,0.008558718074432372,0.008927048354994943,0.009056061814648738,0.009020549695447556,0.01147901858934898
2012-11-30,0.009136029479063059,0.008348561403478724,0.009241505641188313,0.00830557897345678,0.008386431958545715,0.008965914108967667,0.007154323241066947,-0.0005963994689904225
2012-12-03,0.008646917695757702,0.008095548801458248,0.008854806330905251,0.008074408010757962,0.00817239014858292,0.008625007174879448,0.006868357358098385,0.0007497018582526915
2012-12-04,0.008644838836974427,0.007851073744753682,0.008492222976632338,0.007857916049187142,0.007895992659510017,0.007780859841032584,0.005287891041969467,-0.0003747806725185331
2012-12-05,0.008567894923001331,0.0076124519730489315,0.00816190188070901,0.007659315884188196,0.0076806300302146744,0.00773945350063475,0.004369282327262572,0.003928209045809237
2012-12-06,0.008437221857279863,0.007443004038552755,0.007933541364465205,0.007475328361071984,0.007362482022944771,0.007113198648699563,0.005377733725127054,0.0015771402768834902
2012-12-07,0.007596377271697945,0.00722659344767754,0.007652870531677778,0.007306115740103758,0.0071100222816847655,0.00815320305211493,0.005048797349732407,0.002200444361863132
2012-12-10,0.0075561091800688,0.00702714387286288,0.007408453770581263,0.007150710490634652,0.006856920266775816,0.007005936182587675,0.005195377718882994,0.0012166273890013648
2012-12-11,0.007538731669283469,0.006819583336358575,0.007167469460259752,0.007008183092838305,0.006637075694983998,0.008277593316370135,0.004756220205596102,0.0005740043714403035
2012-12-12,0.007530965747843472,0.006613326147238856,0.006943119423159327,0.006877642677555286,0.006441523733024393,0.007999080998409822,0.004344039756846865,0.0035212193843593806
2012-12-13,0.007534225559358441,0.006469610260528468,0.006810825819759515,0.006758237667909457,0.006192827674491265,0.008053562619413502,0.004121781035099527,-0.0027451492966506057
2012-12-14,0.007045305934390996,0.0063084590977037485,0.0066971449209035794,0.0067392810345910225,0.0063588967719379105,0.008056940532288141,0.00457876158806835,-0.0013163003740015134
2012-12-17,0.006747221607742308,0.006124770658288595,0.006442097998060602,0.006548628217653571,0.006095835493714721,0.008026895811026686,0.006817814085211485,-0.0016224441618827132
2012-12-18,0.005910247673291883,0.00595146924575273,0.006310608960684306,0.006481185191199123,0.006105943507362611,0.009216533976760822,0.004596331749391397,0.004000646788972372
2012-12-19,0.003551129707383625,0.005852785447627397,0.0062635359172055795,0.006386642382079663,0.005854688107272775,0.008026895811026686,0.005664049556510373,0.00432024206314067
2012-12-20,0.003599859310499038,0.005772318523370768,0.006242442921247185,0.006300859360584879,0.005609972815338398,0.00853872933428962,0.0033056658662401314,-0.0005536959344137881
2012-12-21,0.003627898432115909,0.005598113630358132,0.006102195273712081,0.006226626650359891,0.005506918672787459,0.008575667640824739,0.010035532706525815,-0.0030760721161650355
2012-12-24,0.003573717805579649,0.00547962378499914,0.006079947406079895,0.006284308701800278,0.005738429819519092,0.009287723221048408,0.002635947532523943,0.002387719518155851
2012-12-27,0.003488172191510282,0.005344789283541826,0.005980330481367927,0.006208123107736153,0.005533575391520026,0.00859143206566429,0.008749549402466318,1.679472645630421e-05
2012-12-28,0.0031499039155499643,0.005181967103340771,0.005859164764288174,0.0061391639384909295,0.005380820452813818,0.007752561183989557,0.00886826860610051,-0.004865452328182266
2012-12-31,0.0034205264002876608,0.005163523376336011,0.006011332836845889,0.006401257254372664,0.005865348898505026,0.007838601218659908,0.007462619276506188,-0.0046687952727814145
2013-01-02,0.0036392422286312177,0.0051351839496204124,0.006123729218887902,0.006602452518242554,0.00629545255009341,0.006786812882612807,0.014802816607458318,0.021736340291064787
2013-01-03,0.005407369142325157,0.007289445568737773,0.009218181491163184,0.006496817505433478,0.005729068091889103,0.007774445790616505,0.004715381602817529,0.0032961511287478837
2013-01-04,0.005407353916706927,0.007113348890180213,0.00885599145699674,0.0064008358965493084,0.005508514819761025,0.007218277355078109,0.005665925608724157,0.007003349022026677
2013-01-07,0.005537889143534769,0.007106796911329442,0.00874336509825972,0.006313731342517032,0.005232988289121641,0.0070460007507839135,0.0033473550517874847,-0.004146652423634989
2013-01-08,0.005669537214912925,0.006964757869294171,0.008507411886001731,0.006465425189362873,0.005625057698444066,0.008207517784993226,0.005234081793559111,-0.0018154516382315534
2013-01-09,0.005688148539303661,0.006767210128721201,0.008188534243529819,0.006414783911979994,0.00568360109220929,0.007350702665067661,0.006802013341217325,0.007422497314816142
2013-01-10,0.005843912033844373,0.0068083061721692555,0.008189129726569658,0.006326382922223559,0.005392464422575672,0.006275741052253932,0.004323680669207154,0.00045900887676601104
2013-01-11,0.005846813924102161,0.006601855217050363,0.007862274903074944,0.00624623647340055,0.005238395407801358,0.0057465740975487425,0.0030945608453173605,0.0032888576740395187
2013-01-14,0.0058595649701406426,0.006451233824353812,0.007620305519174437,0.006173653286953296,0.005040951724815241,0.006927003761637931,0.004174908862573416,-0.002240485012618303
2013-01-15,0.005915685813932196,0.006278733882766775,0.007396484518814271,0.006176063632668508,0.005183733846445968,0.005873179894966228,0.004701262482808393,0.0015378074554963555
2013-01-16,0.005896728748674256,0.006099101599955368,0.0071471648605529355,0.0061101667923615325,0.005019997803880458,0.005303068667732643,0.006200220579209791,-0.002176528724518993
2013-01-17,0.005878244750939933,0.005937283431360072,0.006966333312706408,0.006115380786340826,0.0051552918014572255,0.005772608196931904,0.006492949504224299,0.004641896472006237
2013-01-18,0.005885364906849897,0.0058676304112524075,0.006930483348693114,0.006000873017736429,0.004873591401357711,0.006270251327466828,0.005548675171444603,0.0035810827084257132
2013-01-21,0.005849507103811114,0.005756108984926014,0.006797819758420388,0.005944423459024208,0.0046798018649762295,0.005971632005794468,0.0023319019728380293,0.004312797514548429
2013-01-22,0.005855473900454612,0.005679862370837426,0.006720074114658011,0.005893517429004572,0.004480723680513377,0.007059512946410701,0.006104975095372114,-0.00029125742507803804
2013-01-23,0.00584768942701574,0.005507293002175881,0.006536822933999176,0.005848833243324353,0.0043982225780068405,0.005859110819716032,0.002304604059014809,0.0029733070834974916
2013-01-24,0.005830132387260847,0.005388960283753544,0.006418010048700981,0.005807415152543748,0.00423670550158882,0.0069535241107153345,0.009356236631747276,0.010800506193147244
2013-01-25,0.006024070018225906,0.005856406355878443,0.007120474930676667,0.00577014857322156,0.003935819000189604,0.006390361953343838,0.0050355916005880245,0.0031236578540521534
2013-01-28,0.006025305516402024,0.005729317584513352,0.006947681953173198,0.005736638867337024,0.0037906674707082096,0.00525972819344527,0.005042348070793868,0.0015740648298477396
2013-01-29,0.006001836379880866,0.005568144753010189,0.0067465234820618565,0.005706525001559142,0.0036809268633451126,0.005059713777613614,0.006977183395661283,0.007092228309491837
2013-01-30,0.005818079335597179,0.0056711519089761514,0.0069058362055509385,0.005679477370935967,0.0034712588730690303,0.006683994988712675,0.0053571411490391345,-0.002542983293120557
2013-01-31,0.005691168783033641,0.0055335569011213965,0.006774447885386371,0.005754746850136877,0.0037313758016529392,0.00679499738240025,0.003345433961780921,-0.007333366197796141
2013-02-01,0.00436824712913515,0.005657714418979636,0.007070094934050093,0.006500242938375629,0.004701400238038289,0.00668800962548169,0.007329504298067139,0.011137542746750596
2013-02-04,0.00480413048034656,0.00612632353096603,0.007693360379025054,0.006396499450934767,0.004374208077256033,0.006475642485856495,0.010150459174410001,-0.015944438146374848
2013-02-05,0.006113419040568486,0.007108687366449478,0.009186714801585706,0.009204281184684936,0.0068358836110559585,0.007195188127285146,0.006369020399156583,0.0057464083551864295
2013-02-06,0.0060607795577545115,0.007034394248871519,0.008949037465056514,0.008880676004892818,0.006507112667549496,0.007655922369123446,0.00833095066814436,0.001987582244549842
2013-02-07,0.0060075966983376035,0.006837453421587184,0.008576390136659496,0.008581152332837606,0.006266003203553391,0.008361183540360303,0.011642002853177463,-0.010683845246157599
2013-02-08,0.0064528100348071275,0.007127018737835792,0.009010913908015,0.009442017471748115,0.007565422498602377,0.006508264787730989,0.005913541235591397,0.005683516335837422
2013-02-11,0.006531064998967663,0.007048749804077216,0.008786700468329611,0.009100992011446048,0.007199918781106553,0.006366782956792224,0.006234262837397156,0.0021050960648390116
2013-02-12,0.0065176905030482615,0.006853441992092872,0.008430111264531547,0.008785025327067682,0.006921161974004253,0.006772208577182824,0.008701462858485819,0.009718280283086241
2013-02-13,0.006721797739659199,0.00705819987038341,0.008638753600225427,0.008492706956362058,0.006513817221190104,0.006785819777055651,0.01066924412890743,0.0032604872357688912
2013-02-14,0.006729407099754912,0.006889625599881336,0.008327725597661415,0.008222675441087186,0.006248220589889077,0.006780573774219523,0.008487402567469845,-0.004997448622434552
2013-02-15,0.006840948496503743,0.006790978870249872,0.008196755472749314,0.008245305839776307,0.006708078417954931,0.007606055490184947,0.006405640771014926,0.00014222840325195634
2013-02-18,0.0068149993482549,0.006584190467349111,0.007770064864477278,0.007997949234640802,0.00683521924054843,0.008041436728707684,0.0032783423655682767,-0.0015972802194041949
2013-02-19,0.006829504856942455,0.006395588206699134,0.007506039595327769,0.007796247877242799,0.006820589331602471,0.008021455601883137,0.00911003396354752,0.009592664109180481
2013-02-20,0.007041753975830056,0.006631024647954679,0.007815097928187619,0.007579721191117771,0.0064608772958118545,0.007967307278497706,0.0062591618248750425,0.002551960365751612
2013-02-21,0.007032874014450939,0.006459335005352914,0.007540592308621522,0.007380807473665845,0.006220928037661844,0.008189794311241892,0.011155845025697435,-0.016379465891123497
2013-02-22,0.008044324653811084,0.0074375293183559,0.009162653748655401,0.009970325473716766,0.008504045462517458,0.007266764689720405,0.006058083445415099,0.007000788856415823
2013-02-25,0.007846456132714334,0.007412050626948411,0.009001784106423815,0.009590484538255499,0.00808519821275728,0.007804969106354601,0.009598370261873846,0.0031045403192253786
2013-02-26,0.007846141893605225,0.007226373576164001,0.008642077978907585,0.009237759301597946,0.007746465909643606,0.008026632490769032,0.009348674519010364,-0.013464696762296825
2013-02-27,0.008412364203502698,0.007743715522446626,0.009477800575665293,0.010564472859447593,0.0093759792466102,0.008065133363868554,0.006876428655535782,0.008812168517856432
2013-02-28,0.008494695222773178,0.007811944772350351,0.00943806168643818,0.010143116543977227,0.008878898945860574,0.008207146706833967,0.005181425625370069,0.00550183862405039
2013-03-01,0.008560162679612309,0.007692925708297359,0.009148567718477775,0.009751094878307068,0.008458957554719301,0.006720741701770821,0.012296411014252467,0.0027944819353408596
2013-03-04,0.008393271889483741,0.007489912372878354,0.008767567806048992,0.009386845048812128,0.008102701618206415,0.008565491576382906,0.005395914168868151,-0.005186978197137684
2013-03-05,0.00813663991487388,0.007372051592416278,0.008599464851751355,0.009312655085954073,0.008491138688691063,0.006709986214127735,0.007899158287769006,0.01352387253332537
2013-03-06,0.007784999237855811,0.00787781846060383,0.009269641892976707,0.008980083873421661,0.00798100588741908,0.007205004850431934,0.006257209728620564,-0.0006843136912041393
2013-03-07,0.007731414957712467,0.007639667492110819,0.008858766049894889,0.008677603717159805,0.007783614263932362,0.00784705235968999,0.004565065426277196,0.001803090611925901
2013-03-08,0.007730442846153711,0.007420088703775908,0.008480028473250016,0.008392262273352895,0.007480976659343115,0.007339225273603064,0.004692931834193835,0.006871602858496503
2013-03-11,0.007334186237691499,0.007388327885271641,0.008382081378708004,0.008128740622421339,0.007123199128249014,0.006515722383355588,0.0038897232854180888,0.0030799580833796797
2013-03-12,0.007289114688711604,0.007202868464132058,0.008074342397381752,0.007885745561008404,0.006839575554488861,0.006392665564070399,0.006132088505396111,0.0010757481328169697
2013-03-13,0.007290338245106459,0.006988409640798711,0.00775183846138071,0.007662028042422358,0.0066003855996972175,0.005724759095006173,0.010107729430477478,-0.004479652814119468
2013-03-14,0.007170740463220472,0.006863791554910069,0.007639245694316813,0.007695622454406419,0.006985088818878645,0.007716289664910884,0.004995603113739894,0.007363090394732364
2013-03-15,0.0072885185668030645,0.006894769209216469,0.007683293478196503,0.007487242092075772,0.006647974879629875,0.006929094654225822,0.007844797863772289,-0.006098750766580042
2013-03-18,0.0073395657786481045,0.006849617329181942,0.007713039986981466,0.007739859345273635,0.00725642282363988,0.008066264914320125,0.014814605662604837,-0.004912117140094773
2013-03-19,0.007458110347362036,0.006749070735348427,0.007676600150121035,0.007834270787341953,0.007690163188959275,0.009026339284773708,0.008654820563876058,-0.0025738044473840216
2013-03-20,0.007477905283947735,0.006573768067348802,0.00747085327912906,0.007700940585571894,0.007759402277548325,0.008784901193720569,0.007976738804140581,-0.0013360262978446863
2013-03-21,0.007219915185843278,0.006381900891051902,0.007239752786692876,0.007524092307492938,0.007668460972996533,0.007632066272093467,0.009004965589511468,-0.006879204747345504
2013-03-22,0.007371005660544712,0.006412826749692414,0.007395611867923586,0.007867962681832454,0.008308271578296403,0.009109139760540988,0.007752367321989075,0.0006572050246719725
2013-03-25,0.006350922257449545,0.0062195499204479076,0.007145330237610854,0.0076568928237355826,0.00801037847887604,0.008666492245362662,0.013578171167619776,-0.0022550748719674446
2013-03-26,0.006215944211370265,0.006055324508303225,0.006974190822376393,0.007521405224775357,0.008020836397513238,0.010474926108734952,0.0044367668858312555,0.0032869537646717053
2013-03-27,0.006220156214414102,0.005925806401652994,0.006815264923780642,0.007337149972143615,0.007697861522656088,0.008215037324473094,0.01139084275192003,-0.0018456249862451159
2013-03-28,0.005393754338804407,0.0057630417762385205,0.00665852442228224,0.007209303082174473,0.0076743236721976615,0.007916318540231866,0.009303294791052644,0.0037658353943113695
2013-04-02,0.005128675800217245,0.005663107138030599,0.006551630027883443,0.0070498917715432485,0.007363018592489853,0.008449791196763104,0.009160801067012623,0.012245936764281675
2013-04-03,0.005634448134592505,0.006256541660014058,0.007388860371233613,0.006903451877742442,0.006937165072990536,0.00837390878757045,0.006310050233650869,-0.010905537561099835
2013-04-04,0.006178598111380984,0.006628084165177411,0.008026030538455053,0.008118240003146678,0.008204403082801985,0.007183519182920292,0.0078392176786924,-0.011939598448155788
2013-04-05,0.00663765790803648,0.0070603718304935795,0.008698250339610759,0.009288703761667893,0.009524173254212424,0.008507549664653502,0.015752759292190673,-0.014975783897613065
2013-04-08,0.0066454108364195266,0.0077662323917468525,0.00971263940507218,0.010877539199186735,0.011182884606978853,0.009830273566527237,0.004862241060691827,0.004326764794878718
2013-04-09,0.006760180160375192,0.007603864625588298,0.00936195505378563,0.010456662578853531,0.010655399776073025,0.007949549842292434,0.005760575914526984,0.005766451511446814
2013-04-10,0.006900032017901041,0.0075063139816856,0.009112554614061014,0.010063313710990255,0.01013847790460917,0.006744900909055955,0.00974757439047292,0.011684620287348731
2013-04-11,0.007243878615304729,0.007820222867138831,0.009425753976859703,0.009696112599302155,0.009561832355156258,0.007670657194558019,0.005767484587349054,0.004483156647691699
2013-04-12,0.007286947376195689,0.007661100062124391,0.00910506416598963,0.009353730961978425,0.009131249325429136,0.007897130424396537,0.005834740784043343,-0.004952941651398991
2013-04-15,0.007334365930512998,0.007526141426541172,0.008897670249130114,0.00926378320157903,0.009421468113226736,0.006888823453894181,0.011516249674692811,-0.00641108418395745
2013-04-16,0.007392952619977936,0.007463937065034016,0.008815975647298616,0.009333254938705843,0.009884995250632592,0.0075916088703652735,0.0046684992510865175,-0.006166904950862742
2013-04-17,0.007212842705718485,0.007392535297211628,0.00872332461048121,0.009367656666279646,0.010286026639435066,0.007312177375139775,0.01453320221690501,-0.009626492801714424
2013-04-18,0.00736075032223739,0.007545247858949115,0.008980152237783347,0.009875855114270297,0.011123877193915494,0.010663214732496451,0.007941248418256483,-8.00775150773636e-05
2013-04-19,0.007335274982074987,0.00731541550988752,0.008638518078656187,0.009530827343408939,0.010652736380681078,0.008761599166452572,0.0037477558416335642,0.0068474286524493585
2013-04-22,0.007557866885603851,0.007288183764586879,0.008538643841766806,0.009201499374952538,0.0101236790659629,0.008827812227730247,0.012576774112680104,-0.0009548667095113325
2013-04-23,0.007557874695704987,0.007070026269907382,0.008211262168803688,0.008903962225484906,0.009843047603610749,0.009601277443821034,0.009678762484404836,0.019785144112816247
2013-04-24,0.008699045045285549,0.008394835961687644,0.010050430814556628,0.008619299902181764,0.009168676468460741,0.010735186461798983,0.005401886713152398,0.004003775435448687
2013-04-25,0.008739739177774616,0.008197968506799451,0.009660151867357712,0.008355467696759449,0.008772334516402691,0.006880632855345504,0.008078098097699176,0.0016777484827807923
2013-04-26,0.008724608001682881,0.007958842678333041,0.00924055716536613,0.008111287571776721,0.008434691723416007,0.0070504046123383,0.006078020696491208,-0.0025176794711723235
2013-04-29,0.008723079548964556,0.007740988875261473,0.008898361312026433,0.007952804315842632,0.008449473557954846,0.007825398812320725,0.004006233975197152,0.004905166458617762
2013-04-30,0.00876817994694545,0.007600735077616605,0.008646697076577841,0.007739332465907895,0.008080838689681421,0.007959341161395595,0.009789856801334268,-0.0043295821079546186
2013-05-01,0.008796344403188125,0.007445107129563419,0.008442162247550828,0.0077488082448392325,0.00834906494196336,0.007758636926342093,0.006248799642440067,0.003291570658598507
2013-05-02,0.008387522434917862,0.0072631886389153,0.008158848466099856,0.007551258585845882,0.008010824774303156,0.008348624035172792,0.008903170070625922,0.0014560101704831558
2013-05-03,0.00803147401347312,0.007050948346796565,0.00785461679578632,0.007369385371339933,0.007719781411460138,0.008584855609229591,0.010695131124814248,0.009366739770990246
2013-05-07,0.007748959585632851,0.007210899324639655,0.008091047433736346,0.007202185228971309,0.0073238909609706256,0.0071263465693605895,0.004174388820951606,0.005474522037438277
2013-05-08,0.006830059562994626,0.007118670410841281,0.007949723508868264,0.007048692398509928,0.007008716640602822,0.008155654480361917,0.004836403319728771,0.003987585948622424
2013-05-09,0.006825394590801513,0.006970580378630964,0.007738657941324466,0.006907979295348805,0.006733082180988943,0.007986911531505854,0.0035290795191296343,0.0013964574756108689
2013-05-10,0.006779960180132944,0.006766879411880269,0.007468576573981508,0.006779157156907006,0.006511780109189763,0.00757422727291544,0.005268259565521019,0.004887395582413685
2013-05-13,0.006451964726258218,0.006669064079102339,0.007353004745893395,0.006661376687714938,0.006248115401352005,0.0061494829531183294,0.0043235179403361195,0.0010258886905418927
2013-05-14,0.0064224888988337085,0.006470778748035328,0.007112024219532554,0.006553828627468148,0.006057329887694379,0.005573263249643483,0.006911564039780875,0.008154483949015159
2013-05-15,0.0063932510029634845,0.006583954393686886,0.007318516711334182,0.006455744178063804,0.005766574894298238,0.007043496937448882,0.004583215832879301,0.001121101487408988
2013-05-16,0.006090172461039854,0.006389284799049434,0.007081315812394566,0.006366395239528617,0.005598102320242091,0.005525613451881185,0.005278933792190959,-0.0008668749702141441
2013-05-17,0.005814114431139779,0.006198279677588076,0.006876064662760092,0.006295014160859749,0.005557580731404903,0.005027124533576115,0.006831759538530054,0.005264386659303626
2013-05-20,0.005083717567472944,0.006146248995755419,0.006849330917710167,0.0062202074223956195,0.0053352064796196395,0.007499547425310987,0.005216834973058001,0.004822432873287953
2013-05-21,0.005022379955415591,0.006074960546686466,0.006641700559486834,0.006005588583021677,0.004987752564795416,0.005875733140375875,0.005932540192019579,0.007124186627061229
2013-05-22,0.005031262987041663,0.006142969885242901,0.006786537238674725,0.0059417209192401095,0.00476088674379713,0.0058048740453343975,0.012396000979641846,0.005335613133085301
2013-05-23,0.0049222514677737346,0.006097543794077928,0.006754787789795619,0.00588395288380136,0.004568603337651025,0.0075517807089373785,0.01854736178079381,-0.02120178995806608
2013-05-24,0.006308195125204867,0.00786893841296356,0.009682467138299403,0.010622642279355148,0.00811112090420807,0.008169503265831839,0.010128954548417257,-0.0063665381209932394
2013-05-28,0.006553926298109911,0.0077869730127281345,0.009513966256881268,0.010549828350141508,0.008653629380939281,0.00838653241060985,0.013947080044089765,0.01605544204297803
2013-05-29,0.007271964089048794,0.008512659098696746,0.010388066592392563,0.010132033192274226,0.00811131483807742,0.009951910020242276,0.010993023364676785,-0.02013631206656626
2013-05-30,0.008726885896919936,0.009614869050242732,0.011992487327080128,0.012886569661753323,0.01076372491325801,0.009312504372712409,0.005456046465819598,0.0044865403994386556
2013-05-31,0.008719109702897907,0.009386517305553978,0.011447554390271127,0.012316181127144056,0.010244117345271125,0.009057704435421109,0.006581272598057917,-0.011163173605639327
2013-06-03,0.009066026646367466,0.009502488694904878,0.01153340629461484,0.012682756299310824,0.011304422224694004,0.009425342703979362,0.006799336700293145,-0.008849480251108939
2013-06-04,0.00930458838683028,0.009464578804990392,0.01138003397255607,0.012685911091589284,0.011964846812231615,0.008421979385033912,0.006236819823426444,0.005120886783889324
2013-06-05,0.00935681858455696,0.009261585486606798,0.010908370235341892,0.012128243777352221,0.011358917300053237,0.007549721950410166,0.00979360213867929,-0.021468088056418626
2013-06-06,0.010302995327003465,0.01040591543642705,0.01263671247215645,0.014680600987145877,0.013859426055743432,0.008315050661032058,0.010048423634295093,-0.013045640273429015
2013-06-07,0.010533421160172146,0.01058288312864171,0.012782422538725302,0.015032724272362474,0.014901223843187084,0.006657401467246443,0.012729963522576174,0.011907797531446402
2013-06-10,0.01088083470076855,0.010667019683051834,0.012661808303585941,0.014329449979267392,0.014005569871511393,0.008601169978553482,0.006031717981049973,-0.0017951224332792778
2013-06-11,0.01086419688739483,0.010351402719270758,0.012025823526964085,0.013691901286447993,0.013560886830646763,0.0074115257754751,0.016440026100767446,-0.0094815711186206
2013-06-12,0.01090024870992923,0.01030128426041055,0.011876683099498648,0.013667333718750578,0.014140583990439165,0.01027926580055719,0.008813223345865463,-0.006424276026859306
2013-06-13,0.010914888507409038,0.010110675017876498,0.011502683122778272,0.013328186532955151,0.014274602972783783,0.009278970580877675,0.016081754638162353,0.0008092605228987486
2013-06-14,0.010673155924176439,0.00980466718016071,0.010922692554677085,0.012730001891574092,0.01356910937832097,0.010201405544499326,0.00799580048467995,0.0005867009341442173
2013-06-17,0.010663978473053497,0.009507063778163313,0.01038429109992999,0.012169534214700219,0.012915337016423702,0.007830261151903526,0.00895670438487292,0.0035129953525805013
2013-06-18,0.010746661698656412,0.009257519871000878,0.009930442449196147,0.011644890985471123,0.012267263192711136,0.009117695388701955,0.011566365360846133,0.006879370995687034
2013-06-19,0.010811446429901854,0.009132311779064244,0.00968388256930116,0.011154268222826223,0.01161806562459601,0.009877874758550108,0.007830351627275809,-0.003992774305496017
2013-06-20,0.010681745113846527,0.008907957460804982,0.009436657516544272,0.010844337770729748,0.01151967896388537,0.008538821034889822,0.01806517917647297,-0.030270213248470266
2013-06-21,0.011957749039880401,0.011382783155387457,0.01325882797485391,0.016055950951484436,0.01512609595302752,0.010568054641065597,0.018904936638594053,-0.007054616775907747
2013-06-24,0.011739529598140458,0.01117048540986976,0.01282386222824783,0.015590874574229635,0.015229631450829536,0.011225066348105299,0.013000798281457037,-0.014343242775679688
2013-06-25,0.011365276533211018,0.011385810310817219,0.013061358560393269,0.015974645066368573,0.016231323355184443,0.012825004019680388,0.008922495581105765,0.012002452222402302
2013-06-26,0.011946954917186977,0.011423747520360381,0.012932449189591418,0.015252079432104836,0.015325517668417785,0.010252076070487112,0.010741288881859018,0.01036903823774159
2013-06-27,0.011523587015934384,0.011363225959336917,0.01268129514105199,0.01457211080212126,0.0144985912704222,0.01158117651213624,0.01248814128889655,0.012555669459022962
2013-06-28,0.011499290039659391,0.01143827872035937,0.012643400114056064,0.013932680103751115,0.013709148678963334,0.011441081147039844,0.008579554425577122,-0.004478733537837984
2013-07-01,0.011379451472028916,0.011143953971805775,0.012128141353616976,0.013454126381565892,0.013604327922973653,0.0099610038751364,0.009325427835658762,0.014740790578070035
2013-07-02,0.011874036906427143,0.01139183487986783,0.01238423955942432,0.01288247522448242,0.012855876637294317,0.010981700683047189,0.007220332649376165,-0.0006184733421055463
2013-07-03,0.011773244217423255,0.011045832624608096,0.011789337630441533,0.012348752184783396,0.012356445865449664,0.010488135891616885,0.015234814892025711,-0.011808208179426507
2013-07-04,0.011866221090980967,0.011093052785104996,0.011881161158951506,0.012767327890558651,0.013254525966547715,0.014511934230915492,0.0166494341487748,0.030322598850814463
2013-07-05,0.013039572245918311,0.01307058036016699,0.014703104320353138,0.012238143402609846,0.012388458425667138,0.013440849092300157,0.01901611403121505,-0.0072203608155261174
2013-07-08,0.012807674431333132,0.012795221112308734,0.014161519280872604,0.012098450683097521,0.012706858176513802,0.011717704587216425,0.01134139186444635,0.011633115222006786
2013-07-09,0.012795356171236718,0.01272848712535029,0.01389255445072596,0.011611351944280207,0.012046542541419953,0.011267575256008605,0.008662068653517858,0.009719898790497693
2013-07-10,0.012947713260535535,0.012568297712102728,0.013507319629607818,0.011155422925576263,0.011446844999328482,0.012872346071182195,0.009280830731553735,-0.0012444213894953395
2013-07-11,0.012742844904771932,0.012189228688187037,0.012844374907775548,0.010741097869643555,0.011111928792933294,0.010598404303067998,0.010706226547535927,0.0058857960908986606
2013-07-12,0.012656330847319404,0.011905511916316948,0.012329943815953981,0.010342151454966086,0.010607096818123858,0.01127271203342194,0.006367775779140108,0.000229212350964881
2013-07-15,0.012659254141552398,0.011542958608965944,0.011733634422890897,0.009969973578270876,0.010185995536704793,0.009962788737547894,0.007135729532390388,0.0062752471556177004
2013-07-16,0.012693230978120838,0.011296380989203943,0.011323707625218705,0.009623192738388613,0.00973502191935642,0.009969592615129969,0.006194884070157645,-0.0045196957288819945
2013-07-17,0.01276782040141482,0.011008060184017609,0.010911391357237425,0.009478128476970592,0.0098985038545267,0.009153906814343558,0.011235846457956585,0.002361312158020234
2013-07-18,0.012713594756946561,0.010688371876975154,0.010428097092864033,0.009165620108766662,0.00950110994864351,0.009969579629499568,0.012373179472819814,0.009465250163768802
2013-07-19,0.012764373479724743,0.010618958207726693,0.010352841077489896,0.008836834427131473,0.0090082600787137,0.010730655922326016,0.006216527541371359,-0.0005578548365189161
2013-07-22,0.010430855629245842,0.010296368735312318,0.009911543887341397,0.008571893884757178,0.008746443423707928,0.009270820674861072,0.005226602369479252,-0.0011317424758788901
2013-07-23,0.010208615084173107,0.00998654830496546,0.009510128354817498,0.008337084045277008,0.008568036543552753,0.008589106462962388,0.008061403692995663,-0.0039030048185259955
2013-07-24,0.009511694074350546,0.00972940311742556,0.009227685437102763,0.008262225396905585,0.00873605752736198,0.009403148873271209,0.011270260741498263,0.003480159060315147
2013-07-25,0.009346528840907926,0.009471446475865954,0.008907840013448576,0.008037256459202412,0.00839225029002526,0.008760422108622988,0.011643207601953878,-0.004905978768854407
2013-07-26,0.009410730668486607,0.009261205002876732,0.008731799050980192,0.008081638951993491,0.008696061648440155,0.009367716495751134,0.013090746859009083,-0.005052206625461951
2013-07-29,0.009315315069978196,0.009063951154224748,0.008581317228210815,0.008135985399232538,0.008999252755749289,0.013067199391112448,0.00903656841383856,0.00083872792772019
2013-07-30,0.00919279824860383,0.00879022785636448,0.008264537275400184,0.007920838657875321,0.008666590954119584,0.01060474034310997,0.005710992887588197,0.0016296942980786764
2013-07-31,0.008759983575230548,0.008531786075090557,0.007978740587297247,0.007722655078425087,0.008345547919966993,0.009870401553826342,0.013426260012376857,0.00759549137161423
2013-08-01,0.008822877743653888,0.008478524669057616,0.008011256271493884,0.0075403629129451285,0.007982993885446255,0.01355919781738468,0.007509538845594645,0.009155824647219823
2013-08-02,0.008313581528950415,0.008520681030776103,0.00818454438898681,0.007372929595005577,0.007625443264892095,0.012327252515921571,0.009514805367079193,-0.0051163286124818125
2013-08-05,0.00576921175590021,0.008355626488946718,0.008091811812728724,0.007514777948475156,0.008003010111372269,0.00934217799981387,0.013198806196482291,-0.004266070159431865
2013-08-06,0.005574881277819849,0.008168198434032591,0.007954690849852975,0.007553470157256449,0.008250481019554438,0.012094149646558331,0.009635918586504711,-0.002329134887387263
2013-08-07,0.0051592632377195705,0.007939886011630594,0.007738499301521167,0.007447512328263302,0.008244930941591141,0.009689890086746249,0.011512180148195099,-0.014182039244569357
2013-08-08,0.005768684750406598,0.008445537088492138,0.008772363989750844,0.009276354756519757,0.009808332216819704,0.009894730232019493,0.007138570627521356,0.002837229395243621
2013-08-09,0.005793858171025436,0.008217692081648263,0.008470024082825834,0.008975509252621866,0.00940663776141645,0.010400086135042683,0.00785621621589057,0.00819032878408811
2013-08-12,0.00592760507873498,0.008216052853733672,0.008497280644874343,0.008696661042442023,0.008975582288353193,0.01133519994141449,0.0073901210275923,-0.0013832206922057653
2013-08-13,0.0059388672488465575,0.00797296124376792,0.00820865283390495,0.008458620000183768,0.0088134122418957,0.0075750973978113674,0.005823189154725116,0.005702947309649471
2013-08-14,0.005910907114144577,0.007855281078099373,0.00807923270257316,0.008218551622221258,0.008442664686957799,0.007167677294101006,0.005786997368997433,-0.00371232234086509
2013-08-15,0.005881319915033288,0.0076700713553876695,0.007912773255725787,0.008140250304200179,0.008594771400059239,0.007753896302020355,0.013107132707073425,-0.015929093491650743
2013-08-16,0.0068273169398786965,0.008397878070612787,0.009199126563577633,0.010213603750187787,0.010380661762913905,0.00743273424243845,0.005651238527776966,0.0025725369066376728
2013-08-19,0.006473405417489283,0.008166392807825692,0.0088235510786274,0.009817982092614986,0.00990628611847032,0.007219839214375852,0.005682228584428099,-0.005290895210427966
2013-08-20,0.0065402208685976055,0.008022978719270575,0.008675777847244047,0.009719789987185852,0.010155699588776532,0.007073267513965789,0.009852438373434092,-0.0018886623980580595
2013-08-21,0.006541911646395492,0.007792311532357181,0.008382994318094429,0.009420579766260215,0.009981669177894113,0.006932946117082358,0.005654822195597908,-0.009763163121825826
2013-08-22,0.006781948240725077,0.007924397335120893,0.00868462039116942,0.00992724573369414,0.01078867449981352,0.007179527860476477,0.009039315174511349,0.008739938946475779
2013-08-23,0.007066794860753542,0.007975681833214406,0.008733263040912109,0.009581631979292569,0.01027403296931242,0.007122498755779657,0.012646097581492228,0.006986657989584914
2013-08-27,0.007234915995189495,0.007919824117629896,0.008635372980930001,0.009259726445295132,0.009808209177732735,0.00783105974695385,0.007996831617435248,-0.007902245542586448
2013-08-28,0.007346542956170264,0.007918770503547902,0.008712643035627361,0.009513359451755035,0.010389091975048259,0.008251951605790274,0.0069056729430959285,-0.0016937173366248295
2013-08-29,0.00733849309383796,0.007688734058059993,0.008411807362840364,0.00922279774203753,0.01017792989173798,0.00789396226646659,0.007821581192700686,0.008208700803347744
2013-08-30,0.007590440659563974,0.00772091961254424,0.008444476364221529,0.008925960768557208,0.009705711526618426,0.008582106576180155,0.010221437886268349,-0.010887204312384437
2013-09-02,0.007658859502420462,0.007946553765497608,0.008870271669566658,0.009703466820638697,0.010678670652070718,0.008046450804111831,0.012803339332521473,0.014443981714172965
2013-09-03,0.008101609361796174,0.008478005084253568,0.00955137805358084,0.009373157155298973,0.010114147078613913,0.008148224201301912,0.008438651509597722,-0.005826785711613391
2013-09-04,0.008119938602168066,0.008342725088354241,0.009370597245662764,0.009368388751293416,0.01041612398517483,0.009270372084811213,0.009285888320995899,0.0009734917442553403
2013-09-05,0.008104838088862273,0.008092086217807616,0.008994191311743787,0.009061321738529908,0.010001868391863207,0.008992427809220003,0.009386881381363893,0.00887213575454407
2013-09-06,0.008380614846549485,0.008140997197264572,0.009019644644359934,0.00877593020833656,0.009533597513811155,0.010217182363019271,0.010922653574793077,0.0022783407028124105
2013-09-09,0.007787776542335524,0.007912694574252373,0.008684249105484569,0.008511039016086682,0.009159050764276915,0.010243888212343006,0.006558968756789422,-0.0025386158304003697
2013-09-10,0.0077872926894043916,0.007696802291857334,0.008411216253292204,0.008330661068313792,0.009121772833113481,0.008852380955137337,0.007334318623198567,0.008128328281905515
2013-09-11,0.007784046199941492,0.007723373798298862,0.008437007300425655,0.008098518684760192,0.008712669158222637,0.007895905848664524,0.004358028621827068,0.0006680635516148787
2013-09-12,0.007778632079020674,0.007489876580631633,0.008128341458239428,0.007883861107109046,0.008401864744912188,0.007645823266612053,0.006902889081808604,9.10650052992973e-05
2013-09-13,0.007672263015444468,0.0072617390266808655,0.007844322044270097,0.0076856490487128715,0.008114460163043055,0.007240550737269654,0.0039011415534181333,-0.0007895056890114364
2013-09-16,0.007631098698717922,0.007043172695887958,0.007592287979030142,0.007510422319484479,0.007930991827911437,0.006555980584637108,0.008625303586155705,0.005921254248400868
2013-09-17,0.006798532988776009,0.006980944050707459,0.0075347428829707,0.007341521827587085,0.007611041828119749,0.008217294939951155,0.0036747530368927373,-0.007989067057578866
2013-09-18,0.007063020486562295,0.007045500450343532,0.007714599152709478,0.007831524089205415,0.008258230286347291,0.006476181305713117,0.007901279148939259,-0.0017366140399171991
2013-09-19,0.006958841947978361,0.006844098311644983,0.007491054197014006,0.007668603161905599,0.00816439832238597,0.007932982423453567,0.011773586884362457,0.010103088014560708
2013-09-20,0.0072244022723307886,0.007082056484051198,0.007825970405841312,0.007486085539250092,0.00780740902372411,0.007614788855284275,0.0036156006503445044,-0.004386701735659168
2013-09-23,0.006902631356402592,0.006949876382192148,0.007709861046917689,0.007524325948214263,0.008058545998051838,0.00885657995615838,0.006956570544316991,-0.0059298627439321305
2013-09-24,0.006876389762942662,0.006892933421541191,0.007711948804079371,0.007723840256069557,0.008486216732766255,0.00833785594635813,0.0048451847592404455,0.002147934011379996
2013-09-25,0.006738737864156169,0.006703625624660595,0.0074736745456487445,0.0075371324944583686,0.008168283740443028,0.007105773836979531,0.008613653582882946,-0.0030480858774228734
2013-09-26,0.006512738679683793,0.006542150286842887,0.007318585985495254,0.007465015663250687,0.008235632730689009,0.008832028488493423,0.006325252751091096,0.0021498662708619404
2013-09-27,0.0064928359708601455,0.006364672972907213,0.007111473835063975,0.007298114696025137,0.007931900908608808,0.008393681143512953,0.009834562120004851,-0.008089780552682625
2013-09-30,0.006560947526215132,0.00648114120293378,0.007389289440166631,0.007837717654682871,0.008643290482730763,0.007198325698880107,0.008755711969716607,-0.007784299687096502
2013-10-01,0.006329218395137257,0.006566627681842165,0.007597138977216029,0.008247953260669426,0.009268497313834773,0.007597963632481804,0.006212285330512664,-0.00034049929907526495
2013-10-02,0.005445374035818609,0.006367128045797407,0.007355406754511784,0.00802368659940795,0.008953443821629582,0.007995540033977,0.010592806836638649,-0.003489051804655989
2013-10-03,0.0053506559334344185,0.0062320389382785075,0.0072324095982269345,0.007938116560020372,0.009027256385715726,0.007513571554653701,0.005151257315334578,0.001784814038385743
2013-10-04,0.0053626808187828895,0.006057981878284506,0.007025147907001105,0.0077353333087720145,0.00868072518815888,0.007699694849420335,0.006582608856743106,0.0007595192143710882
2013-10-07,0.004953897765887517,0.005876377109885477,0.00682390109072466,0.007547756150203647,0.008361678224457282,0.008324253681803038,0.009038431862858945,-0.0025754016965410364
2013-10-08,0.004927237666237371,0.005732177692225148,0.006705582086179547,0.007446342701621211,0.008361233161371643,0.007695240252314802,0.005462088733952382,-0.011169286081983896
2013-10-09,0.0054147375878997005,0.006194478712886255,0.007447031938550263,0.008531553990178915,0.009449924370494833,0.00769054162421981,0.007542476321190251,-0.004392428167730571
2013-10-10,0.0050082437098003555,0.006101383289505526,0.007367192052146663,0.00846923093034424,0.009602324362002715,0.009515919234108614,0.010675372624819431,0.01450481242764862
2013-10-11,0.006134645295299977,0.006900481169918952,0.008327913089436473,0.008227718445172484,0.00913066467315998,0.006893463178812044,0.004591091205081968,0.008778708924206067
2013-10-14,0.006504659758078358,0.0070273455711511576,0.008417452164098733,0.008003631527238913,0.00872778622243748,0.007680132485552358,0.005825395688622049,0.003155086534828597
2013-10-15,0.0065599228933355515,0.006856955949423223,0.008150414017398874,0.007795987735224567,0.008388736082909075,0.00858985491035374,0.007265905244992531,0.006341544443094678
2013-10-16,0.006581271347105997,0.00682712863173204,0.008063014173418365,0.007603836027332753,0.008046117378822071,0.008410402282319013,0.011348159574077437,0.00342969842391095
2013-10-17,0.006403817408886841,0.006672246556423189,0.007761490376170018,0.007366630289654404,0.007652489907514347,0.0069694989777344925,0.006836281888636021,0.0006997368666532348
2013-10-18,0.006392649125701003,0.00647125332250811,0.0075011783273392415,0.007201410834613892,0.007376244148429721,0.007949465655391091,0.003237664268225733,0.007030971171135513
2013-10-21,0.006184687432532909,0.006506194412003706,0.007524163442649916,0.007048991643665642,0.007090738486240124,0.00804454402231141,0.00339319904813865,0.0047601921652518555
2013-10-22,0.006183880671204951,0.006414849768325713,0.007394239892145001,0.006908560978271628,0.006830055531715456,0.007841039956581032,0.007794573184234596,0.006217295063026991
2013-10-23,0.006128539644325928,0.006403168369738651,0.007366910925350145,0.006779338261083148,0.006577958395240578,0.00828651456810742,0.005187218896547773,-0.0031712342024621996
2013-10-24,0.00618808904059048,0.00625651139557503,0.0072220888789502466,0.006780175543819722,0.006740025834206481,0.005255243099067628,0.004227763242811976,0.005781442338237037
2013-10-25,0.006217687741352156,0.0062290290802824305,0.007181708783666414,0.006661343626351495,0.00649453737492139,0.005843175829106527,0.004049072362213127,0.0012058507546245986
2013-10-28,0.0062135923552078896,0.006046486554071683,0.006967476189892433,0.006552258717132088,0.006280300948388476,0.005796722655688201,0.0050207190217209175,0.0006692893141243545
2013-10-29,0.005847960960848766,0.0058645781230038645,0.006766621907394898,0.006452236413270792,0.0060795742324736635,0.004949623342728115,0.005586095181735638,0.007244207821916517
2013-10-30,0.005563354820591614,0.00595637413072698,0.006890683891586852,0.006360625197038969,0.005863444855387712,0.005170795141210512,0.007907081507921923,0.0004427260188603147
2013-10-31,0.00554773162253786,0.005775937118576389,0.006695637745004809,0.006276806595352251,0.005685338244373455,0.0059147770889801735,0.00602052463507422,-0.006854665564575812
2013-11-01,0.0057671850503595605,0.00584627650919921,0.006887356039738184,0.006774704116294396,0.006378588621479222,0.008159517977025738,0.0064608613162704,0.0004901196435581761
2013-11-04,0.005777923326778135,0.005669446632308459,0.006692542113177019,0.006656318200506547,0.00617336190713842,0.008762988711798416,0.005341132441785273,0.004282027241741972
2013-11-05,0.005789273140407078,0.005595910385946091,0.006612721727377647,0.006547648333887469,0.005964002992028159,0.007421580575019856,0.009042174201447116,-0.00248697428041465
2013-11-06,0.00578563270404687,0.005459529533666211,0.006503200015646335,0.00652451672592735,0.006075375555822053,0.009055773064263016,0.004574891926701047,-0.0007561997617276372
2013-11-07,0.0049676752064735374,0.005296450249932818,0.0063503852665389784,0.00643424589831296,0.005971011612672146,0.007123686835065798,0.01295571326312093,-0.0066225900397437094
2013-11-08,0.005148155116624222,0.005385235748329256,0.0065643492055338926,0.006870802068581345,0.006614422391389303,0.007597209418057182,0.009927355912501828,0.0016709438750844945
2013-11-11,0.004370514209591624,0.0052371978602301535,0.00640476308981262,0.006744620700623185,0.006391912845768523,0.007491778741587566,0.005551524877681372,0.002976901460154545
2013-11-12,0.0040963319665230594,0.0051297430227815076,0.006293025851037906,0.0066286917747551645,0.006176163074834184,0.007064249495607323,0.004999499414242042,-0.00023782626903215068
2013-11-13,0.00410456445632533,0.004973811551621505,0.006149943012935354,0.006523125619147313,0.006005108626752501,0.007363702559958166,0.01063797142690676,-0.014494743468686764
2013-11-14,0.005252942784854777,0.005988349402244594,0.007539894767398766,0.00863160214593671,0.0077904287646579215,0.0069932827536966615,0.008335899049715533,0.00543017707540551
2013-11-15,0.005324765320991782,0.005956334294998642,0.007380332452151237,0.008313077171333382,0.007443950656683487,0.00784177382059472,0.0041409138053966725,0.004086984992002447
2013-11-18,0.005376448994937956,0.005861010998048165,0.00722255077797781,0.00807129628808673,0.007161649779816493,0.007989007189075605,0.007768174722073797,0.004486886016608375
2013-11-19,0.005257345116160042,0.005787770874149148,0.0070976504430897945,0.00784664491660234,0.006894147038973907,0.009541671190052248,0.005672122062836735,-0.003799877909774786
2013-11-20,0.005260280797286601,0.005688122582882853,0.007002498389385261,0.007788941319338985,0.0071145685113360654,0.007590698360931671,0.006785761606420506,-0.002526329721500524
2013-11-21,0.005113518566941814,0.005549449947385056,0.006853585740564713,0.007652899358224424,0.0071638089305676896,0.008438059450157563,0.00777280172407292,2.993474226415611e-05
2013-11-22,0.005064993288018711,0.005380396342347629,0.006655350052989647,0.007458621058622244,0.00690948334687369,0.008876693648741137,0.007099491069751892,-0.0010482495194498336
2013-11-25,0.004894885370147258,0.005222803321589325,0.006488127443699715,0.007291653801766826,0.006791089003910908,0.01002788824692836,0.004269565395288909,0.0030369014057775832
2013-11-26,0.004938727174439685,0.005118044575103763,0.006362754108672343,0.00712443899487965,0.006548556800714227,0.007830154639678179,0.004673528551671251,-0.00876172076733221
2013-11-27,0.0052741339380906836,0.005406364999208446,0.0068088804530559745,0.00779699564122273,0.007446465694160832,0.007917347035743729,0.003722533259478935,0.0020021533593088028
2013-11-28,0.004999278857616565,0.005264558161786957,0.006627776834702352,0.00759214483100694,0.007170235071165651,0.007013690570962993,0.00526159052112335,0.0007516536733929845
2013-11-29,0.00500384366901552,0.005107498142455944,0.006445771905241192,0.007402358850946846,0.006913392564877605,0.005348791586700823,0.004725177242262057,-0.0005862413828825505
2013-12-02,0.0048125185537095175,0.00495398483810959,0.006286583607566958,0.00723106602066787,0.0067396356191372605,0.005544081526895795,0.005598501065267065,-0.008349802020083393
2013-12-03,0.005093121388565077,0.005220402231257841,0.0066940799453981,0.007814021968064784,0.007567141785600283,0.005844154569971052,0.004757410483627539,-0.009582863921056745
2013-12-04,0.005270295646464109,0.005579186351478502,0.00719030103707379,0.008513299602596704,0.008503901070495286,0.0054921871008587015,0.009101128755245023,-0.0034349539999732693
2013-12-05,0.0052818143127973255,0.00547426850481126,0.007067159588316864,0.008372099319831836,0.008581408224494408,0.007326110524600114,0.004411100029900419,-0.00179885198757273
2013-12-06,0.005277383952816277,0.005325759178877135,0.006886899704636887,0.008158976771893787,0.008455237055943183,0.006914723716123295,0.005285066348824011,0.008229742317863114
2013-12-09,0.005578507025783486,0.00554306843712181,0.0070815092978191215,0.007928079924652214,0.008101617889168085,0.007459823301935476,0.00482579107158644,0.0011440339881796224
2013-12-10,0.0055668591069323965,0.005381505371424029,0.006867004635497334,0.0077137157735719,0.0077899901885399095,0.006411662233889632,0.006174364793493589,-0.005533997674161835
2013-12-11,0.005567397705136237,0.0053907765557815,0.006913621867226529,0.007834130543780196,0.008175494786256588,0.007997780745316574,0.006720409561683142,-0.0023942916817469586
2013-12-12,0.005563340256635365,0.00525935371707766,0.006766878411777391,0.007687655683034118,0.00814583664204076,0.006147348662006231,0.006833073289900317,-0.00963490816379533
2013-12-13,0.0050791267810562,0.005618811328879488,0.007257805441226973,0.008418209034459003,0.009047280841471732,0.007708410499036104,0.004291477321007414,-0.0008226429029816241
2013-12-16,0.004839697706161092,0.005451365222155032,0.006863478049485752,0.008070841664606167,0.008484347989405564,0.006535327822189247,0.0120613297838722,0.012683202220739206
2013-12-17,0.005645107748570905,0.006130755005097818,0.007573972675043497,0.007846120863905908,0.008167588404777146,0.007033929059475088,0.00350453824615269,-0.005534899281277236
2013-12-18,0.005560283070586386,0.006096646137001312,0.007529769556837762,0.007938822405124191,0.008496612854723614,0.007918529473078683,0.005579998673847526,0.0009092100516158177
2013-12-19,0.005566783282455479,0.005915111854200374,0.007280426879390559,0.007723147347163077,0.008148073547060179,0.007035082719737864,0.006460942098837737,0.014162722963542655
2013-12-20,0.006520527553464121,0.006702551652718777,0.008125313123070757,0.007522440395862148,0.007855519328541907,0.00761617521360126,0.0050844681988449865,0.0033203732945806547
2013-12-23,0.006578026132524292,0.006549064014562941,0.007880951936958506,0.007335889703603434,0.007551761745325958,0.007131236958960898,0.005065123403826337,0.010839235379634635
2013-12-24,0.007027797479928868,0.006882308225859989,0.008201201213210878,0.007162708346215756,0.007285747350339413,0.00529179478104612,0.005355638513434833,0.0023330950999539547
2013-12-27,0.007014409788651911,0.006697073725853809,0.007925739639619277,0.007002134178314483,0.007012711067735215,0.006234274174790175,0.004725032819182593,0.008434349484620842
2013-12-30,0.006944156060250308,0.006813812719313143,0.00800333330157819,0.006853429886958002,0.006771491103529635,0.0060445823721247275,0.006688786227893337,-0.0029075393938447873
2013-12-31,0.00698475533426908,0.006644515653307374,0.007784239472839956,0.00681268025455785,0.006861892784401458,0.0062798238719111305,0.0028910670484686967,0.0026408727255979587
2014-01-02,0.0069991982552192996,0.006474493454795699,0.007544410172856856,0.006678220171790569,0.006613914716841069,0.00740069744560911,0.006260120467109522,-0.004633556964667901
2014-01-03,0.007090707769416502,0.006379036962983531,0.007444981357652114,0.006801325250027683,0.006927716116474098,0.006466746670291832,0.006639529556308637,0.0019035444380896731
2014-01-06,0.0067993704340495835,0.00620225722670952,0.007212925385911505,0.0066677275481351606,0.006674055685440594,0.006398468498982242,0.005313587588897519,0.0
2014-01-07,0.006363480696386904,0.006013311485686921,0.006985145387734328,0.006544361896775128,0.006429681400081814,0.006404365345883197,0.006509213901049225,0.0036778377830288663
2014-01-08,0.006280678495813334,0.005899314330323234,0.006838748849568605,0.0064305585382376075,0.0062086599380988304,0.006265893994756338,0.004252230261301754,-0.005001012107281154
2014-01-09,0.0064090310200302985,0.005849307849627168,0.00682748463978829,0.006622565390437279,0.006593918795767798,0.007466785306904037,0.00876438910706331,-0.004547800667702429
2014-01-10,0.006355482189165014,0.005779488527137733,0.006787073126825694,0.0067429261049585364,0.006898138040309928,0.006938153063336797,0.009368912569693078,0.007236912876003821
2014-01-13,0.006499737273398494,0.005877134748811693,0.006885638189576754,0.006613779664340261,0.006660268584952323,0.007270754740390202,0.004405821940204445,0.0025635150475390007
2014-01-14,0.006312023559295192,0.005732588128261616,0.006708629028060926,0.006494574820099321,0.00642344628068957,0.007245896482071205,0.011087450319663891,0.0014344764772999392
2014-01-15,0.006243452845926421,0.00556904623927872,0.0065216079886739,0.006384671218746219,0.006196830008792743,0.0069093765686769806,0.0049307316648623395,0.0078017294475372706
2014-01-16,0.005780624467183599,0.005727603198255376,0.006702394258860315,0.006283454963685046,0.005999570183405515,0.007449642774987064,0.0028208047774094156,-0.0006600515079793178
2014-01-17,0.00577579109105915,0.005555470472647338,0.006450220998774189,0.006112926631583474,0.005800676356422699,0.0070181152448399245,0.005416181415580962,0.0020374218280128915
2014-01-20,0.00530343640911998,0.005409299613113037,0.006282207688256166,0.0060222689662399196,0.005600089222500465,0.0059435542078260135,0.003659375244938721,0.001082979763391449
2014-01-21,0.005009898999578726,0.0052512152570842385,0.006112877972556373,0.005938958214063468,0.005406080065346645,0.007767612853060176,0.006296226766262446,-0.0003511081888165297
2014-01-22,0.005037458330258116,0.005091968439933172,0.005960118927208837,0.005865224738847866,0.005265133923296096,0.006481370523450285,0.005943907543730441,-0.001171251762668394
2014-01-23,0.004313518607541888,0.0049451758188331545,0.005835628275935537,0.005816441917113263,0.005228965711538619,0.006067743331920126,0.008556377529338412,-0.00779438635299376
2014-01-24,0.00476506789817919,0.005160680726765216,0.006219082424670194,0.006529848451013994,0.006051969167564063,0.006509750828932235,0.012318485187515044,-0.01631352692622181
2014-01-27,0.005621796934125696,0.0064033223935815895,0.007874885777454222,0.00907699100127361,0.008076240460961212,0.006738002290384511,0.011270877367517886,-0.017102971678045656
2014-01-28,0.006697153841171913,0.007489531616114373,0.009243068315453757,0.011066647167950916,0.009994787886769172,0.007017332465058615,0.005123730093784238,0.0032919331717259945
2014-01-29,0.006422086693054242,0.007306004943844259,0.008908306959932557,0.010646719386075419,0.009549665123855307,0.007108295343683369,0.023410254122967263,-0.004269405567231766
2014-01-30,0.006446208633759748,0.007160217537125442,0.00867623637414157,0.010393811411377464,0.009630141124810315,0.009406634468572136,0.01030227185703019,-0.0008866604060263162
2014-01-31,0.006382892626028063,0.006945485027610245,0.008350112111143875,0.01002123852721541,0.009302810809569292,0.009503287248207327,0.01841189629866405,-0.004306883099131578
2014-02-03,0.006375292003578999,0.006816034848385659,0.008163717951461194,0.009816943190580239,0.009404023262347797,0.009385715491830692,0.009963590234198365,-0.0068896165741250135
2014-02-04,0.006429517286072969,0.00682047213786925,0.0081676816807354,0.00986006528817581,0.009818458194742216,0.010195942775482768,0.008871615777977772,-0.002539683904760532
2014-02-05,0.006415610309864143,0.006641890501401666,0.007917427894214249,0.009568506062477566,0.009673527143947765,0.010689918851793032,0.008807948746545162,0.0013325897596151558
2014-02-06,0.006331072085793481,0.006447819367406237,0.007633991499465979,0.009238551660188892,0.009240223243372139,0.01094834575751003,0.00916093891053335,0.015427235484300715
2014-02-07,0.00735669505951363,0.007304785267227303,0.008607654523986928,0.008929166206829618,0.008896751827894163,0.010028877629302806,0.00789862317895905,0.0020411278982878866
2014-02-10,0.007346046383719149,0.0070998779368460375,0.008287396326321236,0.008639371712376621,0.008515285239866908,0.007793332810971645,0.0038430484812193165,0.0030235602258312758
2014-02-11,0.007169290143045576,0.006923314647001109,0.00801038748262441,0.008368222499248588,0.008161657430027534,0.007828525843514627,0.0055785459529865125,0.01222846446584821
2014-02-12,0.007703796299720399,0.007350406053467253,0.008472407982447075,0.00811480314367268,0.00787046869998032,0.008525116049861049,0.005584685886295759,0.0003446286660269663
2014-02-13,0.007693074401078116,0.007126983031889721,0.008148851117618771,0.00787822672580062,0.00754397043928736,0.007694209707098053,0.009462440654840816,-0.0023398138824614885
2014-02-14,0.007450405670059829,0.0069335948575689746,0.007893228461789647,0.007717368969387105,0.007517734683857319,0.007468177712311203,0.0036535950905950453,0.0006304886495730693
2014-02-17,0.007459827582169379,0.006724143391258617,0.007639111756048519,0.0075024818832598525,0.0072267475592033645,0.006970337349750961,0.007840524965701269,0.010806397886600668
2014-02-18,0.007876412491732699,0.007036188755458893,0.007990808259778558,0.007309693646126445,0.0069857013245128415,0.008205453521637679,0.009634367551858241,0.008926783289440878
2014-02-19,0.008144379571997474,0.007163708722728601,0.008102895286706976,0.007130526522669849,0.006750741584916342,0.007318198576030401,0.007133901168769743,4.414004164586165e-05
2014-02-20,0.008144667432839968,0.006945481711504866,0.007808557973784297,0.0069642376451555,0.0064925096345624135,0.007044675080033816,0.011262859704568558,0.002395351520418532
2014-02-21,0.008161942871968864,0.0067594079450008,0.0075542624057089005,0.006810055934390836,0.006258446419417581,0.006578755123474781,0.005788680052425217,0.003677363477757296
2014-02-24,0.008003064394628256,0.006615103940965412,0.007357697659831461,0.006667288012714774,0.006042651775187047,0.0075157650373077695,0.008904631293647406,0.004057215139320919
2014-02-25,0.007046551995875915,0.0064901220190373655,0.007192344017874946,0.006535246530515372,0.005840257608581664,0.007409619913190719,0.009809833590379523,-0.005169253063204578
2014-02-26,0.005858890533544931,0.006418539820438994,0.0071626390838046205,0.0067325361946473684,0.006265997164957272,0.008190916404271985,0.005664164064564449,-0.004592919143125354
2014-02-27,0.006021786476675793,0.0063238823989922996,0.007097039224497899,0.006843109923152867,0.0065923359417837035,0.007616598063693848,0.012020565234686352,0.0016312138522788036
2014-02-28,0.005869155139126446,0.006144237202323776,0.006879807756072688,0.006697880553975288,0.006349543740355621,0.007872387233947427,0.006784867379702686,-8.810572692928522e-05
2014-03-03,0.005852780512337519,0.005957098077727224,0.006672375220818459,0.006563868960192236,0.006127311277589651,0.00786714483254782,0.014954856804689482,-0.0149875938522934
2014-03-04,0.006808402832823682,0.006843644834887319,0.007957516969508175,0.008718923187091965,0.00791815506928492,0.009255654781399055,0.008736073993686526,0.017056028960981278
2014-03-05,0.007331097732120923,0.00784090770150912,0.009124861244605398,0.008444486455766785,0.007662404357200411,0.008690984445201494,0.0043792383508932655,-0.007118095822973438
2014-03-06,0.007555209394483497,0.007799428239125727,0.009052183189471678,0.008656256928858259,0.008220767124678492,0.009523111047389196,0.004746297637145943,0.0019315984448555195
2014-03-07,0.0075523107489496154,0.007576614043157116,0.008704585236441844,0.008385872307335267,0.007884642663848777,0.007389229828121645,0.009448886891883232,-0.01122874950879592
2014-03-10,0.007489134787849545,0.007843842455665766,0.009071415866510215,0.009252737580683955,0.008971154108177826,0.008166154547415363,0.011814257228838205,-0.0034621216178659896
2014-03-11,0.007550883598798982,0.007652025206895241,0.0087919520542065,0.00905060772209225,0.008991274655841675,0.006408252079880741,0.008236125747229166,-0.0005981308589538137
2014-03-12,0.0075400139469156595,0.007420360234679211,0.008457094008709632,0.008758992743542613,0.00867281287664825,0.007193360732262268,0.0095247558955581,-0.009709689702624553
2014-03-13,0.007377039777768581,0.007577250536899199,0.008689471294421866,0.00930227369445237,0.009496897090158427,0.007142816156112896,0.007599012497681668,-0.01018627827454314
2014-03-14,0.0076777557220007,0.007758573197578833,0.008942803542052223,0.009842601682570267,0.010322850129777579,0.00896568065821182,0.007082937320483117,-0.003959735178391981
2014-03-17,0.007701335769174388,0.007584490802910701,0.008694244062587798,0.009627715267480089,0.010315178175552348,0.007526144925049766,0.007837175927628826,0.00618497271852178
2014-03-18,0.007852225994891287,0.007507880123363873,0.008523420702239177,0.00930483953858564,0.009860162729422327,0.006844012452096939,0.012717002952391792,0.005602085443540661
2014-03-19,0.007547622937729111,0.00740737266437959,0.008347079542988264,0.00899481347896161,0.00944527592151276,0.008121555752896347,0.004623672750274343,-0.004886794160141752
2014-03-20,0.007241069558235648,0.0072807873908989984,0.00819709570531655,0.008916139084022567,0.009603403526178693,0.0077107784981605,0.01111137199441154,-0.004681492290703385
2014-03-21,0.00726112041437081,0.007151521190184668,0.008047856059620346,0.008827126120906146,0.009726449619324002,0.007808435760777078,0.004615328749850901,0.002259611941923391
2014-03-24,0.007257243568419004,0.00695571353502469,0.007781984368416731,0.00854760163668849,0.009303047387087504,0.008116023980863016,0.007842924589412324,-0.005627958820166513
2014-03-25,0.007188409537739602,0.006883274581428198,0.0077273055540078425,0.008578649427894304,0.009560511885425838,0.007211430342807877,0.0058739812396016,0.012876074064259103
2014-03-26,0.007807210230022024,0.007381347967954943,0.008311663295086263,0.008315308237091356,0.00920143502681736,0.008117444787206754,0.006037682699117943,6.055926482914275e-05
2014-03-27,0.007779247553778396,0.007156497746807722,0.008011631657356173,0.00806938346699463,0.00879962342096996,0.007993262370055206,0.00599984353005724,-0.0025770084598659183
2014-03-28,0.007752815657120402,0.006967136481811835,0.007782088784918246,0.007907294291285545,0.008723355245286522,0.008592615488650248,0.005644873891261772,0.004135147782281246
2014-03-31,0.00782233065577965,0.006830409807742147,0.007593068828865721,0.007688952796241172,0.008371545030368792,0.007959891286481193,0.010657692143668882,-0.0026033010010522283
2014-04-01,0.007820796679113179,0.00665295865155668,0.007394994213432253,0.007557568119319905,0.008324873917778938,0.006758986170048835,0.005698399689184065,0.008180560299158321
2014-04-02,0.00744842656166039,0.006754364611024002,0.007506876853636565,0.007363523540437808,0.008017770455286077,0.008083240935790683,0.00468795952915412,0.0009615674288780538
2014-04-03,0.006302617381661326,0.006552833855359905,0.0072605069330774295,0.007183252606733248,0.007692288328057185,0.006617204703657535,0.005946039531878407,-0.0014878159656475216
2014-04-04,0.006154695341423938,0.006363652208021118,0.00705305077811243,0.007041959262594785,0.007555665631947128,0.008154043236118689,0.005727878091547319,0.006969087083490034
2014-04-07,0.006364989446082853,0.006401593219332901,0.007099604204897785,0.006885026968258172,0.0072879876362698815,0.007892173007216645,0.007122542623694055,-0.010932352995009068
2014-04-08,0.006340655031439259,0.006759626655482496,0.0076557320310927015,0.007989853772653044,0.008369336261061153,0.006805212696219892,0.01015890524770566,-0.0048586768302124675
2014-04-09,0.006378919942818904,0.0066608861124211926,0.007562494364483239,0.007999733917976507,0.008593552055131917,0.007433304123412223,0.007216913533063277,0.006789528814876647
2014-04-10,0.006585675629658259,0.0066686746558944675,0.0075443869181918335,0.007775074966418229,0.008263130599181868,0.0077207453685840385,0.00972765974635205,0.0009640297185718597
2014-04-11,0.006230025894570665,0.006469830721440586,0.007295491699791381,0.007565843585457373,0.00792302588226504,0.008048859426250426,0.010945571128302665,-0.012163407229706888
2014-04-14,0.006406503130163013,0.006944357098853125,0.007982496634528137,0.008780873613249023,0.009121914726965169,0.007418521084600476,0.010847572298618512,0.0033623705178235513
2014-04-15,0.006376121831213675,0.006782992106390514,0.007750040063869809,0.008504344106844287,0.008741745361724096,0.008620679849304959,0.006872032371010584,-0.006430302377040937
2014-04-16,0.006398670570318129,0.006762349467459173,0.0076991887513065075,0.008551407857780406,0.00905536287644418,0.009111902256193754,0.00594088606527079,0.006491055718493312
2014-04-17,0.006441733693708394,0.006746379500241424,0.0076449566548530065,0.008277614505853846,0.008683352944808825,0.009279788368887447,0.00834729368251427,0.006222814281785065
2014-04-22,0.00648948877107279,0.006716116678165764,0.007577523460937981,0.00802184575998091,0.008333294627156297,0.008561263286981714,0.009155234987861046,0.008491758462374049
2014-04-23,0.006611638864932693,0.006835674622716491,0.007695471529565995,0.007783194348884027,0.00802078992469219,0.008173363876371164,0.004700255138478632,-0.001063152872198192
2014-04-24,0.00661984127517499,0.00663254689667333,0.007442987081538357,0.007573180528534359,0.0077935850713074,0.007303482612409768,0.007309107476073006,0.004230927919735874
2014-04-25,0.0064860164853225094,0.0065134693290209615,0.007280929541416158,0.007365288648971125,0.007485657306823434,0.008595894104477525,0.006384603683651627,-0.0025842702619525717
2014-04-28,0.005964640108887877,0.006346689917216668,0.007098740503615446,0.007246079074235756,0.0074766936753436035,0.008327239634572227,0.005018316499316375,0.0021664595837962487
2014-04-29,0.0059731845528864635,0.006176184692726982,0.006892328174538098,0.007061280782037602,0.007174123423109878,0.006971206956247753,0.004750985859907842,0.010348939068681808
2014-04-30,0.006279017431031362,0.006502505233215265,0.007292054814839897,0.006889810770691549,0.006945679300026617,0.006157339159710359,0.006390579254434373,0.0014907861859582102
2014-05-01,0.006245634843190818,0.006314979529392556,0.0070604099411700995,0.0067309066003197115,0.00667044442300986,0.007928252484476433,0.003962094169869668,0.004253477996266726
2014-05-02,0.006217739041470344,0.006210616150844593,0.006929778841052498,0.006583830675961675,0.006430295760345691,0.005785564418554103,0.0053004257992169375,0.001980736160707973
2014-05-06,0.006028761801756398,0.006040930949700053,0.006731502164684987,0.006447870415034715,0.006188684553107913,0.0052572058486819616,0.005328802270386515,-0.0034946074768400144
2014-05-07,0.006115381355877612,0.005919122639355643,0.006632885004574487,0.0064739142615081015,0.0063735445875135865,0.005176525463127713,0.00457546708438192,-0.0003236484029724076
2014-05-08,0.006097065155017854,0.005739349871533652,0.006443665331911738,0.006347947199670507,0.006157210424461608,0.0052168675238361455,0.003180516493568852,0.006292326986694662
2014-05-09,0.0060658871458812704,0.005774022122009069,0.006497911268326547,0.0062301785284590815,0.005960824832017929,0.006428932211941609,0.003670632854668499,-0.0036180178474555
2014-05-12,0.005532330546120211,0.005667836868346997,0.0064259602403853614,0.006289077929365554,0.0061753085167481035,0.006279360582771175,0.002483527477177616,0.005444022109088389
2014-05-13,0.005408775441139852,0.005654657804295187,0.006420027803135776,0.006175923867767798,0.005972073798973775,0.0065570398368150935,0.0035146108332202723,0.0031038502430103016
2014-05-14,0.00529916976690773,0.005534860320777569,0.006291798531876269,0.006071728465834893,0.00576444210356195,0.006338807289364867,0.0035754440092977246,0.0007853631981089272
2014-05-15,0.0053005108648604814,0.005369693265491385,0.006124247757808253,0.005975890165279501,0.005552703438679843,0.00626582449793472,0.009110954169948777,-0.0054813029928361704
2014-05-16,0.0045804616913092564,0.005376455186225605,0.006216710584331514,0.006277306427136059,0.006036763435104966,0.005748985956122838,0.005645577059787599,0.002175707415316348
2014-05-19,0.004569917987258511,0.005239839340356384,0.006075612959978618,0.00616507883941079,0.005819116480985363,0.0059131841156544246,0.007988385507053563,-0.001634989123671828
2014-05-20,0.0042392452057377,0.005095974165952291,0.005799663465475711,0.00597719590226664,0.005682382435307735,0.00824654472612766,0.005823600961794789,-0.006243333632717798
2014-05-21,0.004491440084644667,0.005171998494684185,0.005998201613629493,0.0064175831110005995,0.00629792621903627,0.006982461906125046,0.004833496426939205,0.0027894020875785922
2014-05-22,0.00437377551084053,0.005060774660429548,0.005873415048203501,0.00627511562751905,0.006049156345850909,0.007010179296700498,0.005099249278379259,-5.864414733080142e-05
2014-05-23,0.004066421337401777,0.0049066241044111,0.005722172826996707,0.006144539253621945,0.005808109199128776,0.007202682469036362,0.004456362759253061,-0.0007039981517476189
2014-05-27,0.004058149618377753,0.004760273027855502,0.005591610057021988,0.006033501306492887,0.005663264598975292,0.007026409791991344,0.004606234740006392,0.0042604030563943955
2014-05-28,0.004059329284836813,0.004731770217785407,0.00556997789132376,0.005922399410394685,0.005465626531343127,0.006091847754591729,0.003004739598747226,0.0009199699833283722
2014-05-29,0.003975895384209168,0.004593152633703697,0.005440197845453902,0.00582063656101901,0.005251370620513881,0.007435508337438309,0.00404710057061573,0.002929497449411416
2014-05-30,0.003988975846835595,0.004510670168375841,0.0053666383623566,0.0057275424904526875,0.005066793168537399,0.005874582414642264,0.004905860657536348,-0.00390790680920802
2014-06-02,0.003542378435264616,0.004476793582863795,0.005414176630078826,0.005876046630001693,0.005393557187250871,0.005830061224463261,0.0034068794604329407,0.002859520790676727
2014-06-03,0.0035735523219809053,0.00439656587414484,0.005340138067524782,0.0057782184465207794,0.005200031178073225,0.006353611239985641,0.005681655825039773,-0.004058281240645675
2014-06-04,0.0036072980112669007,0.004377006145100081,0.005401583621610821,0.005937784283839539,0.005538982465129056,0.0060058178557264525,0.005245676942306521,-0.002592477412999575
2014-06-05,0.0036318236443623063,0.0042909146081929915,0.005364362565709279,0.005938263825363601,0.005656688227814434,0.005959139922317478,0.007223321823364378,-0.0007482339827228758
2014-06-06,0.003549204056504565,0.004164231325213557,0.00526307623727476,0.00584579216901796,0.005526642366247263,0.0057692197867323025,0.004186585808638809,0.006539078429046643
2014-06-09,0.0038139101109881256,0.0043434946736665685,0.005455621085577758,0.005750544676482426,0.005356614978126092,0.0058421097426878295,0.0021375100818278787,0.0024466269158500624
2014-06-10,0.003605009689521107,0.004253604144402882,0.0053636629941696875,0.005663488190311006,0.00516175360421537,0.0069083988157631485,0.005495289898234577,-0.0002036571003358041
2014-06-11,0.0034973220341585586,0.004124323932127001,0.0052532450785112,0.005585533392806945,0.004991904578073931,0.0060695589940438525,0.0052521959784156275,-0.005061086464006277
2014-06-12,0.0034926504917280154,0.004186444887378484,0.0054080060505486425,0.005902996023234979,0.00548658398852428,0.006065676056489465,0.0036276806777602306,0.0006139453489148235
2014-06-13,0.0034203296242977595,0.004061693893050195,0.005289628804582835,0.005802877432179563,0.005268493743349803,0.00614723848715666,0.008822123447479919,-0.009573525875819314
2014-06-16,0.00397229940691883,0.004583302270818465,0.005985832548714492,0.0069438335304755315,0.006423685482644964,0.005758477517774295,0.0033673798025257544,-0.003443565198529835
2014-06-17,0.003873359464425018,0.004523024275851266,0.0059418727652173885,0.0069143424717677615,0.006598340140814213,0.0068406398614510346,0.0052807042684543835,0.0018045473561412908
2014-06-18,0.0038608653802067938,0.004407455859515426,0.005795210745214559,0.0067331371153780155,0.006322545760716375,0.005330392027080092,0.00438764599033934,0.001742289335860101
2014-06-19,0.0038868220802805347,0.004294445418462477,0.005500085980051311,0.006461689222113503,0.0059488766130732585,0.005265845587583032,0.007442921738829127,0.004342488809981935
2014-06-20,0.003784561831720335,0.00429734316862329,0.005477748339959873,0.006304291716218147,0.0057316080404726825,0.007266428291304188,0.006604797452517361,0.002508564906130954
2014-06-23,0.003774854425284411,0.004211496489809148,0.00537008519331692,0.00615912940088916,0.005506608206111995,0.005675317887997423,0.005386078524587479,-0.0036108010872985923
2014-06-24,0.0038576700123171504,0.004177891045991564,0.0053791779210633165,0.00621511495232519,0.005755976943634152,0.005968167874523569,0.006498490505270734,-0.0019870919202073984
2014-06-25,0.0038771641172353996,0.004079754800794664,0.005298280522401907,0.006137570580748885,0.005767913471314604,0.007330386657131043,0.0074877214065722794,-0.007913832748237409
2014-06-26,0.004081516274097551,0.004404935891310471,0.005746816249967403,0.006843841418699743,0.006626155825910739,0.008234651044591758,0.007349271878807567,0.00022273864681830063
2014-06-27,0.0040698096676351405,0.004271092289385591,0.005587147123201785,0.006657509309626548,0.006318123578197127,0.007986787789442423,0.00363347906721575,0.0033647357375210345
2014-06-30,0.004090879707300306,0.004222201129598539,0.005504324760456755,0.006485155613484633,0.006066131715479362,0.007445237709237944,0.006369483808914323,-0.0020590007052053356
2014-07-01,0.004040072896827164,0.004124528151231162,0.005415967300283108,0.006388209330077557,0.006067666422157451,0.007054892043341368,0.0047955566274000576,0.008710599263198433
2014-07-02,0.004476395657757808,0.004532493893379497,0.005816489603401625,0.006236499098679485,0.005893907267190947,0.006169469245216657,0.004308286413951577,0.0019824813935386577
2014-07-03,0.004425142582684539,0.004421165546375153,0.005668099228101662,0.006096668990085647,0.005652701650736446,0.005363093678192972,0.003883352325805997,0.007133698829245847
2014-07-04,0.004658337159606876,0.004628961226920187,0.005855130538575366,0.0059679625133635915,0.00548650548522518,0.005795337969582655,0.002631055935704252,0.00013108736991975572
2014-07-07,0.004652162002125003,0.004488059285685046,0.005688165534005291,0.005849651883539052,0.005249100653218192,0.0062780527153796315,0.00437815915416116,-0.006223722754234629
2014-07-08,0.004639064579914168,0.004610661457753,0.005883942343055205,0.006298784219542063,0.00589351522046044,0.005540333520109834,0.007681724434467396,-0.012535188468954557
2014-07-09,0.005308660055658033,0.005423150756752126,0.006908048782647028,0.008037596196073485,0.0074829324234595394,0.005867521147428492,0.00633813999826265,-0.003046857036975874
2014-07-10,0.005324772436774724,0.005310643139099035,0.006751743465139828,0.007873415770220094,0.007521331039928525,0.005647540715068288,0.010112236514543698,-0.006810875892337779
2014-07-11,0.005403128149689838,0.005412396561880675,0.006876540505900361,0.008122926741657934,0.00807764541541462,0.006439282810827317,0.004063427200173883,0.0026641537617345854
2014-07-14,0.005455314293466946,0.00528793506639824,0.006669611606669465,0.007845994391637315,0.007701468718500927,0.006702909446394749,0.00718399409243142,0.008320791069262198
2014-07-15,0.005459188213846013,0.005517123858638332,0.006851724370795259,0.0075880001318752045,0.007416172726622863,0.007507453490760978,0.006384686127779464,-0.005291096273036386
2014-07-16,0.005528120207082172,0.005503823972248323,0.006837197835605856,0.007673190989762657,0.007765786943804563,0.00668935120545007,0.007058833114034737,0.01099661327304369
2014-07-17,0.006043931658574043,0.005977464665479708,0.007302296581536845,0.007427183980278923,0.007507307177829628,0.006679957935898738,0.005642922151746527,-0.00686240953804532
2014-07-18,0.006218032076793001,0.006034222292682485,0.007310276775841027,0.007659164042981137,0.007957088677281324,0.00702022264899236,0.008281610827854922,0.00166076047602279
2014-07-21,0.006145380246209012,0.005864521794518207,0.0070610966753136325,0.007421368143248808,0.007590711492206368,0.0077453538812065435,0.00464700550135873,-0.003131054131254635
2014-07-22,0.006134602399488691,0.005737357311868166,0.006899807572231027,0.00731438595670538,0.007628696003889886,0.006623585327070501,0.006206560279699968,0.009893822803404756
2014-07-23,0.0065084715603513634,0.006067577487639906,0.00721140981199881,0.007099724413043326,0.0073722994087958614,0.006886580039062032,0.006970717309402227,0.0004266745200272049
2014-07-24,0.0064936097192199,0.005883662961384358,0.00695992006753411,0.006899765937273615,0.007030189810186419,0.0065935769034145345,0.007068127432568894,0.003421517761869546
2014-07-25,0.006263124913321544,0.005765661061861294,0.006778657829726536,0.006713731962049695,0.006741845779704167,0.007010404438428017,0.005995729413165264,-0.004392834561071974
2014-07-28,0.006357942679658652,0.005692635273781783,0.006706648749405136,0.006782565840664841,0.0070011219760978795,0.007113199841004159,0.006724777317642982,-0.000515475316465094
2014-07-29,0.006323698079903325,0.0055206587892025535,0.006493328679972966,0.006609485395949276,0.00674754303332745,0.0067752632870048245,0.006543809668836693,0.0028979344930095572
2014-07-30,0.006327162290111771,0.005399342044947506,0.0063267271104716916,0.00644409781323723,0.006471210139868297,0.007017468255007266,0.006829031177132241,-0.0050658371228451855
2014-07-31,0.00613915123343963,0.005379914794171876,0.006341383624392384,0.006620301721058898,0.006838985126464675,0.006730045343258756,0.010089296310270978,-0.006413174126163757
2014-08-01,0.006261592240686282,0.005447439980701599,0.006465899938338233,0.006958130423062835,0.0073649019312691235,0.006814469480276312,0.01368463805057353,-0.007591782489601779
2014-08-04,0.006175360577641492,0.005599306732525993,0.006689784226803374,0.0074316696584609395,0.008015453622608654,0.007440954568487752,0.006528645677807039,-0.0002545538956747103
2014-08-05,0.006171439451749498,0.005429087362804586,0.006474593044780018,0.007210527119825203,0.007665025772466876,0.008193509137705644,0.005970431146215066,0.0007485030289581124
2014-08-06,0.006081688486929379,0.005266887660131754,0.006270217545663607,0.0070029488953967075,0.007307690892666412,0.00872739567574575,0.012242313984392031,-0.0069526585191650525
2014-08-07,0.005659349044279886,0.005382942217414967,0.006453918701248546,0.007368606750897223,0.007873934050804608,0.008354775435931909,0.007009501967560505,-0.005863878487838916
2014-08-08,0.005749714151423609,0.005413003524502368,0.006518645124601258,0.007536267139080923,0.008251466325505125,0.00879429621660403,0.009251463987360984,-0.004557616056399183
2014-08-11,0.005653378189951997,0.005365527241003573,0.006479777735814823,0.007539729453569336,0.008429728198465802,0.007777734043023856,0.0077106605751045085,0.009909021852338027
2014-08-12,0.006077621114650309,0.005740459255470862,0.006851295487184963,0.0073098841860302225,0.00812130693036262,0.008506277171591746,0.004502792090453107,-6.0308174791479304e-05
2014-08-13,0.005741493144909194,0.005565601345807533,0.0066241669243227675,0.00709584743413129,0.007740276212900021,0.00786691978338342,0.004576461762140293,0.003657136613262922
2014-08-14,0.005724275878666884,0.00546990330193427,0.006476358619699489,0.006896156782306997,0.007409321080492878,0.00731379024135759,0.00666199435413929,0.004287219878018274
2014-08-15,0.005222615289484049,0.005406243322447598,0.006369036677171841,0.006710376280120073,0.00710633084887647,0.007505962252347176,0.008178791908042124,0.0005682498059357892
2014-08-18,0.005032692375865691,0.005243395209245195,0.006128705976606797,0.006488725888848262,0.006728308779880865,0.007789653278744035,0.004716810696995192,0.007773448721561816
2014-08-19,0.005323134482063397,0.005428553400558973,0.006278442970194823,0.006349562625403152,0.006523083104297952,0.0057720397963641765,0.003647574785926001,0.0056210671205716685
2014-08-20,0.005412364503544206,0.005440296337130494,0.006265920346615736,0.00621912781745207,0.006311470747337825,0.006573319448035582,0.0050570814729297845,-0.0035168638665541868
2014-08-21,0.005007074615166314,0.005344447087304749,0.0061910882851818946,0.006237376258234756,0.006457410153804098,0.005883062693600548,0.0028388427237618272,0.0032808234435361063
2014-08-22,0.005065602194732328,0.005243582357217207,0.006079356926493141,0.006114068064255588,0.006230394994786079,0.005564327623894534,0.005393201423046168,-0.0003541651331935907
2014-08-26,0.004999301623555719,0.0050845818468384,0.005931087988530224,0.006001123524642213,0.006032541286034915,0.005395186405852856,0.004357325698072229,0.006986298556361599
2014-08-27,0.00515058491588331,0.005218265636673155,0.006039099772700694,0.005893106882169731,0.00585805154502102,0.004815418553613001,0.0022528344051211966,0.0011572125655107178
2014-08-28,0.005151604324928685,0.005067230696830114,0.005892666392915383,0.005792219237922288,0.005645507318706488,0.004932349877608192,0.003709262865101713,-0.0036519675391768203
2014-08-29,0.005184491357464408,0.004993638886947637,0.005850745708080961,0.005859247975087339,0.005843807244504726,0.004735189099090068,0.006274459484919455,0.0020549561012581426
2014-09-01,0.005069141235505629,0.004867608678594385,0.0057280233223300945,0.005760613849682882,0.005639246946039552,0.0065548334287272286,0.003730720408373865,0.0008061502367679105
2014-09-02,0.004828401278030927,0.004723451077899102,0.005597369351086196,0.005668597778940097,0.005435194610902055,0.004717480063595153,0.005159414128476913,0.0005712402660006216
2014-09-03,0.004443350195328859,0.004581692875638637,0.0054736985096815695,0.005582830009013865,0.005239698882651602,0.005290406197796837,0.008412006515746473,0.006480450037357748
2014-09-04,0.004584718870581317,0.004717220473062349,0.005588631901231936,0.005502953855397624,0.0051020280137406724,0.005721531804040164,0.005335714359928196,0.000639925557775334
2014-09-05,0.004585525781547858,0.004576200294475702,0.005465636105084172,0.005428625859586716,0.004923917732349434,0.006443491084855733,0.007277043210790705,-0.003335011210149341
2014-09-08,0.0043172072013563986,0.004511369035377093,0.0054404992811640214,0.005503369926341477,0.00512510984776283,0.007162944913208901,0.011137457022516147,-0.002965692207943781
2014-09-09,0.004109854820141633,0.004433849721776009,0.005400386878397516,0.005542601181372204,0.0052732970928914035,0.006436631488859207,0.004666284692746978,-0.0008489586130291188
2014-09-10,0.0039027277010292597,0.004303803643008563,0.005299117138363338,0.005476705791070522,0.005178533364610655,0.006658681678208452,0.006699638861524527,0.00016106478499720663
2014-09-11,0.0034510913244917246,0.0041728789536263,0.005193876008865319,0.005404214294649724,0.004992720232278463,0.006986090805747787,0.012449455062398723,-0.004475527841471862
2014-09-12,0.00367168063154472,0.004191654160770861,0.00525533601411755,0.00558992964468529,0.005323001588286086,0.007399629572966038,0.004511870325647769,0.001087707543336826
2014-09-15,0.003627749652153994,0.004072683782137661,0.005155240143330212,0.005509563250349741,0.005137374981441867,0.006704208954888193,0.005932955171723546,-0.0004114258903691869
2014-09-16,0.0035632882360677777,0.0039498992738709,0.005063298640858558,0.005438149195498897,0.005002181645920995,0.006861144970846284,0.007793997151814883,-0.0017651735923976907
2014-09-17,0.0036082669983599313,0.003853900918028407,0.004875497449318306,0.005305224441869708,0.004911785007375396,0.007862337308028903,0.004867999946163838,-0.0016650584775321207
2014-09-18,0.0032576435341499983,0.003758689177470981,0.0048178582658382095,0.005276171768519537,0.0049174649763296975,0.007089145491455853,0.005754252935085138,0.00564699078589457
2014-09-19,0.0032597733408678553,0.0038978699271558464,0.004930666382280579,0.0052074333758183634,0.004800197532716741,0.006798964659896315,0.007582786560612981,0.002723839659654506
2014-09-22,0.003179797664075802,0.0038375701583651567,0.00487469107853247,0.005143646886178357,0.004652296758941729,0.0072294119359477245,0.006163430390414119,-0.009447963605134096
2014-09-23,0.003792784335075425,0.004381685636166589,0.005463384888846684,0.006173276274046847,0.00564750549492789,0.006813249699267374,0.01397121343530283,-0.014498718629167434
2014-09-24,0.004936848496880439,0.005537146321581479,0.006659894988851725,0.008067015222612729,0.007261257005934347,0.008045917282180022,0.006951359763177423,0.004513398383908349
2014-09-25,0.004770989945280876,0.005481116302517133,0.006553848301750423,0.007825382181384115,0.00699750347815212,0.00723592121524981,0.012476603355524226,-0.009980601355900115
2014-09-26,0.005144629461275295,0.005849514678325003,0.006943912248836947,0.008448271212913349,0.007877073866631255,0.00836110527367707,0.006937801384717712,0.0014598432885105535
2014-09-29,0.005151219016517712,0.005682576985773606,0.006737242197739794,0.00818570057618243,0.007538608525956288,0.008492058358055636,0.006510930093148738,-0.00042117930827181876
2014-09-30,0.005103338111597832,0.005510428644658434,0.006540381276277617,0.007940252553741207,0.007256255803494467,0.008396030415608265,0.0076925693019703105,-0.0036023039414353635
2014-10-01,0.005106279836534612,0.005414935829554096,0.00644129056495862,0.007826353804317124,0.007346790380871796,0.008065955450937053,0.008757959891247283,-0.009893709024683102
2014-10-02,0.0054027468264752415,0.005782332309008462,0.006837259653673343,0.008435283938604292,0.008189285580718445,0.00802683082011332,0.007856248484105453,-0.017087597303945948
2014-10-03,0.005984177269326686,0.0069963135873975955,0.0081138452115626,0.010311858285524835,0.009909083231155368,0.007719254844713541,0.009510335647559789,0.012563463462077727
2014-10-06,0.006854684911212667,0.007448619767056826,0.008481072630401872,0.009951789931589395,0.009583159287595233,0.008522536445892927,0.007515193438052155,0.005469169427246134
2014-10-07,0.007066249292962421,0.007344911783103575,0.008298209811971671,0.00961004878925515,0.009189321661348086,0.008212009611913542,0.0047883312752962145,-0.010429443735474123
2014-10-08,0.007297552032965354,0.007565531253875339,0.00852394880428335,0.010055828594625196,0.009963233155387578,0.00739026296163036,0.006963622855818558,-0.0020650656909523917
2014-10-09,0.00728924954190475,0.00735247557919369,0.008256975586481821,0.00974237056187293,0.009711233596539491,0.007342063728049985,0.01628771001877001,-0.007789974425719477
2014-10-10,0.007351341229849497,0.00737945698593623,0.008273069582503324,0.009846979771629261,0.01013012970054052,0.00799107162883019,0.009716362547584187,-0.014391216042989098
2014-10-13,0.0077669576199864265,0.00797592804848472,0.008917515275916204,0.010889572019910415,0.011326601067684341,0.008097628238959483,0.01356419042076963,0.0041239768195593446
2014-10-14,0.007880784087865344,0.007798649474686288,0.008659710474133083,0.010500496718482077,0.010803952527197123,0.00768842136650567,0.014506089433022038,0.004153969089152666
2014-10-15,0.008022898831109257,0.007629228346490972,0.008417275471334924,0.010130905670638887,0.01031571927072963,0.00931297779642202,0.016624221005667614,-0.02873820264494955
2014-10-16,0.00978572302479423,0.010211066307142387,0.011539566727816973,0.014541371476452888,0.013788432819277609,0.010295366331918047,0.03249809511458278,-0.0025307287333202785
2014-10-17,0.00977608566254417,0.009919384955551737,0.011106601493890356,0.014003669933243954,0.013325762031005266,0.01202981573985921,0.01137379882324651,0.018295436025001298
2014-10-20,0.010759498082267649,0.010610085993211152,0.011755425960389696,0.013458110510950734,0.012790682437479654,0.009838013175321196,0.01102509235713233,-0.006869491291291376
2014-10-21,0.010676724545592637,0.010423573472298405,0.011458743837733407,0.013193207337308603,0.012903221907776099,0.010201292771647743,0.016577777542893878,0.016646744205525324
2014-10-22,0.011514994075799565,0.010897645454643416,0.011880334709279843,0.012686656478284937,0.01238182625303504,0.012139801765198606,0.008271052418271179,0.004290642348147083
2014-10-23,0.011297286408577138,0.010617802624525776,0.011451632221243273,0.012204732287949374,0.011775923691589332,0.01018220426577772,0.017378975407378285,0.003042385078465666
2014-10-24,0.011259289990153343,0.010321280687827625,0.011018201843704414,0.01174643855636067,0.011199729846754351,0.012217859821958929,0.005741247080989698,-0.004762694532790264
2014-10-27,0.011133170670149087,0.010074626568139799,0.01067755484214502,0.011452616239306353,0.01117766611043382,0.01096701781648917,0.015777768104889345,-0.003952264362669602
2014-10-28,0.011115712506962524,0.00981557120466078,0.010329018478894772,0.011132595757000157,0.011062516281895165,0.011293573445858957,0.0051735225765414975,0.006063140847166276
2014-10-29,0.011253674276445696,0.00963173984310698,0.010051476970128637,0.010727704326694702,0.010564479610544084,0.011939019240759666,0.008517198258402645,0.008042917945480446
2014-10-30,0.01144488498058717,0.009543872348561704,0.009893762950605496,0.010343332444262028,0.010119384991136562,0.011515083433132864,0.015568968858453814,0.0015018388733443176
2014-10-31,0.011282541293104867,0.00926043738931329,0.009521171390808296,0.009978650514521754,0.00963984910652404,0.010828532805955658,0.00770632549216616,0.012744117569715243
2014-11-03,0.010988496328885138,0.009505530524949754,0.00977705145005441,0.009632860796273636,0.009302362538512993,0.011714369314571609,0.009201519497928893,-0.008976238872559106
2014-11-04,0.01083325772462012,0.009474606893425231,0.009754291088436144,0.00989344872204554,0.009924993856675042,0.00908735158074585,0.008588841560667658,-0.005254223183341745
2014-11-05,0.010800803939663851,0.009275693877735854,0.009512441040896585,0.009754964114007298,0.010049321578065089,0.009751327670162813,0.005975882835104098,0.013099447690669475
2014-11-06,0.010971269979264203,0.009548398760352102,0.009803957823034358,0.009420873946854676,0.009688354110185794,0.009105663797167428,0.011063324570614467,0.00184869765340187
2014-11-07,0.010962005345513729,0.009268584829104903,0.009439728002607506,0.009104430946030601,0.009240541986715024,0.0091267623337604,0.008029496360611671,0.00243932307807787
2014-11-10,0.010801110430905625,0.009006069213314392,0.009103756670118951,0.008804912197486322,0.008827607628787591,0.009224851953701312,0.0031735579877700663,0.0066927441838613355
2014-11-11,0.01026643945900093,0.008884272350459847,0.008939040654265809,0.008521619855183847,0.008482979739590408,0.009125322833321042,0.0033742209238053628,0.002432264185633995
2014-11-12,0.010255532686703919,0.008634201296555443,0.008630741440233868,0.008253879499277103,0.008118361773660522,0.008785014830264923,0.005463984259145193,-0.0024776420699736414
2014-11-13,0.010285192910255734,0.008393139384121267,0.008358295325524824,0.008057053547182563,0.008035539154637226,0.008592814714854539,0.006359425387429708,0.003699094543725816
2014-11-14,0.0075817778219891335,0.0081877408010156,0.008116777706689372,0.00787779937895064,0.007674320484007782,0.007027186580036787,0.005925358145700592,0.002844267111343227
2014-11-17,0.007470552175007795,0.0079688232997839,0.00786646919840545,0.007652246832436652,0.007360471004860207,0.0074041133056339465,0.009158681848089505,0.002641375049935534
2014-11-18,0.0066453040221872645,0.007753104399236048,0.007626164511980961,0.007439060139579957,0.007063809213184895,0.007847910420257013,0.0038488839139741104,0.005545148764242865
2014-11-19,0.006298893035644303,0.00763864586461378,0.007507003338730961,0.00723772364066172,0.006819460696296073,0.008093743418190535,0.005611795221889028,-0.0018648789131011458
2014-11-20,0.005584432871007772,0.00742001633474712,0.007289407739816253,0.007083968135390461,0.006743920105361277,0.008287965803421544,0.00767376211998171,-0.002646631577417033
2014-11-21,0.00566929266752889,0.007223124212266747,0.0071069872620199235,0.006974782958637009,0.006764433109006569,0.007619400218597758,0.009921992168778078,0.010707713050022176
2014-11-24,0.005975971479759614,0.007478129385640567,0.007438032733161125,0.006799867959919508,0.006599372482872267,0.007520792663332641,0.005651301858242087,-0.0031155908471556925
2014-11-25,0.005887436451230555,0.007290369561379652,0.007262184922620196,0.006737561829486107,0.006684381182619121,0.00758662552172093,0.005910883621603059,0.0001931520186677081
2014-11-26,0.005728443556579044,0.00706843387909517,0.007031878594486598,0.00657651439818604,0.006400459583938883,0.007426036580641079,0.006593923135633859,-0.00028231168883601393
2014-11-27,0.005708069258659271,0.0068534497916254685,0.006817259274582188,0.006426570919017542,0.006168925557737757,0.007623607032630109,0.005078498174995401,-0.0008622868976074687
2014-11-28,0.0055953921616672,0.006648022256669906,0.006621759896300391,0.006293935790038855,0.006017142680272077,0.007145464515505869,0.009650215013002825,-0.00011899449664479946
2014-12-01,0.005613006272477477,0.006445562621764033,0.006430215753382779,0.006160136446881956,0.00578978044129956,0.007227115162486386,0.008923773182957905,-0.009896186601563878
2014-12-02,0.0055943934455864016,0.006702882321478953,0.006856236989974811,0.00704457165590069,0.006797737675595595,0.00841921030545199,0.0064648562448540855,0.012792651228766407
2014-12-03,0.005709388293776553,0.007214709215090439,0.0074607217750229824,0.006865626810850361,0.006655447247876307,0.007908106641757737,0.004602215644920196,-0.00378937497880755
2014-12-04,0.005626868871662669,0.007056236183590583,0.0073101648217525714,0.006844956268605584,0.0068174637418512065,0.0068534633653354595,0.007397348208497276,-0.005553910961828133
2014-12-05,0.0052286005385927216,0.006975227347707823,0.007263125718071825,0.006987156507697332,0.007184083542904426,0.008363024330344365,0.006465998344892065,0.009447105768833076
2014-12-08,0.0055429406090812625,0.007147687542382473,0.007453269004767056,0.00681152541931465,0.006978319722834591,0.0074825349456292016,0.004801723168638758,-0.01052562829765738
2014-12-09,0.006111106556116596,0.0073940112276723365,0.007808745908347396,0.00768783872865084,0.007973731817808463,0.006207441783530609,0.009862570334317101,-0.02161926994803356
2014-12-10,0.007661960245898733,0.008912613976718881,0.009659707319886466,0.010872356202201387,0.010466119132322474,0.007273808606856391,0.008851123772810785,-0.004528193776733406
2014-12-11,0.007675093510351332,0.008711996267039104,0.009397612280440509,0.010628400409484144,0.010460248488963809,0.007628973175220735,0.01077614230475309,-0.0059097358323093995
2014-12-12,0.007746037563269233,0.008569740070500972,0.009215265800180995,0.010492329351969547,0.010618102856010421,0.00729618285236875,0.012504834286778918,-0.02524757411141634
2014-12-15,0.009276059090248588,0.010357626083909414,0.011618813756207515,0.014495223826870329,0.013991649349171164,0.007680635564058812,0.02120034971207812,-0.0188897976944303
2014-12-16,0.009848724072514938,0.011056810590067377,0.012417280291584305,0.01574863953514483,0.015641793940438662,0.012892665587726759,0.020538958718081615,0.02382948665952716
2014-12-17,0.011462549061899623,0.012206086304239517,0.013640782676270936,0.015029707917451254,0.014922945673823936,0.01440503157539322,0.01812018284861636,0.0007420096170193101
2014-12-18,0.011341436587268626,0.011835635386021988,0.01302678471776024,0.014349985228121536,0.013972999314476868,0.014596941321485432,0.009229302511663522,0.0202311137632595
2014-12-19,0.012400353390393666,0.012499408263494771,0.013684569992879838,0.013707631294308938,0.01335298913360312,0.012157404939468866,0.010693935377875052,0.012189555524585696
2014-12-22,0.012759286827836315,0.012481034025852489,0.013498474930455674,0.013100897303452342,0.012682550126423237,0.012075645757137468,0.01023794915648215,0.004785864949463139
2014-12-23,0.012552233950578433,0.012157463054934129,0.012952958820142232,0.012528120418168706,0.01197385560069402,0.010719110029993916,0.005726239388764328,0.0032637847855165394
2014-12-24,0.012581838634597681,0.011814178385471125,0.012402883473846526,0.011987718570515093,0.011304235406426215,0.011195769227898772,0.00439091343658334,0.0017716405933090311
2014-12-29,0.012593658850525671,0.011462488599419446,0.011862031161637253,0.01147818542931466,0.010669984777969401,0.007963493965160051,0.008764788714419245,0.0035640432187187387
2014-12-30,0.012630477260168652,0.011147532033692713,0.011380537384339784,0.010998085537638898,0.010109229045095482,0.008057007419233922,0.010458300007338139,-0.013125638915880046
2014-12-31,0.012919418254622572,0.011276008426419199,0.011560936767854094,0.01176998639635404,0.011314249303108823,0.007979914759238385,0.0038320368868827565,0.002913119477057872
2015-01-02,0.01294978626434743,0.010955758302188536,0.011083297236072535,0.011272989183346014,0.010693709426015535,0.007396696707655328,0.013995506269359602,-0.00279093357105005
2015-01-05,0.012801034068733667,0.010643978588351984,0.010648347661369793,0.010864691302540124,0.010440318585726676,0.008622686497866792,0.0189005375888804,-0.020147229870178494
2015-01-06,0.01306965038365862,0.011439024244420785,0.0117807873382795,0.013139243291098592,0.012677264455394067,0.014371550550253463,0.0173387916042602,-0.007932017463430467
2015-01-07,0.013123584721179062,0.011259449950463372,0.011518702633303339,0.012958561322407611,0.012926125726226085,0.013848465844955988,0.012005886863062119,0.008337096537287828
2015-01-08,0.01331326930627483,0.011105815193676405,0.01125270848006675,0.012393799163840685,0.012242348534665609,0.009754979501982517,0.013538914354833582,0.023126867927878204
2015-01-09,0.014200707188347088,0.012166754064184061,0.012589294413084387,0.0118610389916127,0.011805821958282243,0.01109087599595405,0.011467944992330071,-0.010542439143608136
2015-01-12,0.01420125749088305,0.012075458234644343,0.012435080709975475,0.012111997702652977,0.012485899676947217,0.010265496277160703,0.013918476061635102,4.6144972128798444e-05
2015-01-13,0.013411514601942356,0.01170759658698354,0.011886414980886908,0.011595347549254445,0.011733382938202872,0.009186050294613876,0.012704320279791192,0.006255962014462242
2015-01-14,0.01344414100571577,0.0114539064260417,0.011490779527890592,0.011108449373239127,0.011121499416884976,0.008963783753002023,0.01956028600520307,-0.02377400129026124
2015-01-15,0.014389214690673174,0.012539244088560076,0.01300003348613276,0.014229930522572326,0.013854149856065812,0.013946411141320666,0.026314446565003157,0.01711804542421747
2015-01-16,0.013705978815544338,0.01286002848062452,0.013455506225704567,0.01370575613821067,0.013297469346223752,0.01405429999846958,0.014755102628296862,0.007893305651561886
2015-01-19,0.012941008269476655,0.01261728057140936,0.012996312530161995,0.013072696292088778,0.012544578426846205,0.010626429748020723,0.005878985836912428,0.005359412331943963
2015-01-20,0.012032504745160051,0.012303146788900467,0.012459158156321214,0.012476670728959183,0.011822681590683844,0.01161814262017403,0.006607457601454266,0.005240213118043462
2015-01-21,0.012051429662862982,0.01199720657761751,0.011952987285246212,0.011915877648996941,0.011161800544175465,0.011336705273589903,0.007375484208780969,0.016167447095639394
2015-01-22,0.011774944238266192,0.012287398767090008,0.01231847805920648,0.011388605124454726,0.010711823606040864,0.010929003891713834,0.00784919350208119,0.010144564469731747
2015-01-23,0.011693694828391764,0.012169473680099255,0.012086201754191556,0.010893225043946561,0.010214510326766924,0.007992235712312886,0.004480944882052608,0.005312058509421588
2015-01-26,0.011700987580301069,0.011870273889343998,0.011607409670687224,0.010428187282522277,0.009690509978895086,0.007336240652114626,0.008905705541358794,0.0028644102243659633
2015-01-27,0.011698846490868978,0.011530025534731765,0.011089480164728297,0.009992014103553763,0.009175120453905544,0.008295853012029446,0.01181317308152329,-0.005971914703853752
2015-01-28,0.01182118480013559,0.011274077586014689,0.010750222850589068,0.009894139798310813,0.009471812985039874,0.007950417445807491,0.01191936016111143,0.0020971593387410473
2015-01-29,0.011812283188013762,0.010942687993727784,0.01027244285642449,0.00949163661367856,0.008963397174412921,0.008895751194964469,0.010500196746029597,-0.002243978501841988
2015-01-30,0.011375597192613234,0.010623558804251684,0.009844540464173386,0.009164290589221467,0.008767459793267545,0.008257574544049196,0.010939958134975617,-0.0090266099625136
2015-02-02,0.011617174726325572,0.010534570841390306,0.009824501852279932,0.00955379092281672,0.009541316641672952,0.010141303528665057,0.007977327829767381,0.00490689722358545
2015-02-03,0.011602706512642886,0.010284124185622441,0.009486083112095308,0.009173076655774345,0.009066789457494409,0.009876889963522999,0.009529881594611196,0.013065571381304925
2015-02-04,0.010708139157113395,0.010471865496681316,0.009824950612709084,0.008817081490887276,0.008746451383890765,0.009138101455352082,0.011004192179123457,-0.001718638911794703
2015-02-05,0.010466569263056285,0.010161574294581407,0.009414334100214595,0.008516516911554469,0.00849822290748917,0.00895050998876801,0.008628110655765155,0.0008596886708155306
2015-02-06,0.010422852471768808,0.009854262047067932,0.009008516927266372,0.008204144170039512,0.008049912374327593,0.00922497824427779,0.00690122857982235,-0.0018222509106086617
2015-02-09,0.009410557903922624,0.009564482608359915,0.008653942592900794,0.007951285427276527,0.007870523005653494,0.008496505461849223,0.010394220625832236,-0.0023665883980247366
2015-02-10,0.009026525736403475,0.009291211565260048,0.00833805923744326,0.007742462285821749,0.0077780287038662745,0.010041263834974962,0.007654233139448149,-0.0011853977958170797
2015-02-11,0.009046563896313507,0.009012842264538775,0.008015525454550981,0.007501603839237762,0.0075353195038381756,0.008951651255656754,0.007206306442237039,-0.0015973859031077878
2015-02-12,0.009038982661005269,0.00874703061888638,0.007723704339806317,0.007292301255426802,0.007365822664517621,0.009280495079619732,0.005089654345234536,0.0014509430009335498
2015-02-13,0.006860741103527588,0.008488004836496572,0.0074339472117823215,0.007065626974124547,0.007012622390735951,0.009356165461728143,0.006151307169046766,0.006626987527353149
2015-02-16,0.006138135183742681,0.008387995610358145,0.0072460338679835755,0.006795298468342226,0.006627603232258251,0.008733096448658143,0.003164721462504887,-0.002388826096291281
2015-02-17,0.006110624617490084,0.008153487078846914,0.007032466242471008,0.006681069252402107,0.006626225208660943,0.007019988027723563,0.009702373159864585,0.005961399532162388
2015-02-18,0.006127675272963716,0.008038836204025563,0.006977718656036211,0.006497990959967108,0.006400009473104787,0.006833993985021627,0.006239985618812335,0.0
2015-02-19,0.006104692001796458,0.007793940868664773,0.006732705126965788,0.006327106092951688,0.0060880566557694445,0.0075794303341998465,0.006660788711983679,-0.0013345907544115392
2015-02-20,0.005194807771326769,0.007563573980420503,0.006528230465075919,0.006199300229594898,0.0059823366360701544,0.0073228059846055914,0.003770039566762326,0.003810466719632513
2015-02-23,0.004814947332240665,0.007392318423413729,0.006394883265178313,0.006053446823720662,0.005762260047155333,0.0071751734703817075,0.007974267790711793,-0.0004339210621044729
2015-02-24,0.0047092426748302045,0.007167906711309919,0.006200389747521144,0.005923440186379839,0.005557868923514317,0.00738178311257745,0.006814421794945637,0.005396137695248426
2015-02-25,0.004802925365713721,0.007074125496927809,0.006193144039782193,0.005801950908915034,0.005402545365573549,0.007043561843239501,0.006755491783901324,-0.002045373417434315
2015-02-26,0.004603695369267832,0.006876893891758975,0.006057041459069097,0.00575828003730861,0.0054495383542260524,0.007320495327153282,0.0036821649660125234,0.0020597626312797855
2015-02-27,0.004603199156802569,0.006686458460832175,0.005902763834791148,0.005648900964803187,0.005233766168790303,0.007601990218341451,0.005136206186666022,-0.00043176650738396957
2015-03-02,0.004558954012599452,0.006483624640780961,0.005749398253527224,0.005553887331024026,0.005068386674580134,0.006689093782989968,0.00684318571535999,-0.0008785005569567038
2015-03-03,0.00397779629260045,0.006289789421539,0.0056175582934990375,0.0054782868622686035,0.004976512565079567,0.006654256897835232,0.008164434305127932,-0.0074477737124692914
2015-03-04,0.004321165019087362,0.0063652120079063035,0.005978686809116653,0.0062145249463074455,0.005892217425908311,0.007345049024938182,0.006902674284805374,0.004359703609555888
2015-03-05,0.003398939949653846,0.00626301759577996,0.005927097042129636,0.006067775802471834,0.005690282088005826,0.006988850776971226,0.005535736139140595,0.006037351825225062
2015-03-06,0.003581965704886125,0.006249707438307759,0.006000694091486517,0.0059346738995807976,0.005538243717709997,0.007068705816381593,0.003271074514949994,-0.007107411937451422
2015-03-09,0.003965249542413276,0.006304461178204731,0.006263460300387944,0.006515542147834138,0.006341808506832076,0.007253525100248272,0.005801185173849452,-0.005120294325313395
2015-03-10,0.004116647731262146,0.0062397517371535986,0.006303204837010301,0.00669498973291513,0.006762156051563554,0.007688376027833499,0.011787699953978888,-0.02558445202819336
2015-03-11,0.00696300888437493,0.008710469721651546,0.00993530831694838,0.012312165701225857,0.01094934627790916,0.00769660072593322,0.00599660343305386,0.0027859943677383124
2015-03-12,0.007009937020246706,0.008472641363974048,0.009503852881649498,0.011747766297665203,0.010286601902453283,0.007880676908327142,0.009917597024655306,0.005874254798422306
2015-03-13,0.007153258994295151,0.008339599795420632,0.009219197726173984,0.011219227257454126,0.00974618694535991,0.007993322778746651,0.008753927734386597,-0.0030366569769772777
2015-03-16,0.007162209998282232,0.00811968388539003,0.008874674396740544,0.010800185162552855,0.009565275014075433,0.008181118591112809,0.0056033030158895965,0.00937642992891619
2015-03-17,0.007324488981181789,0.008200521733856651,0.009096620386541241,0.010592014755451044,0.009419123787750363,0.008029230945798804,0.005385088514998966,0.004911421207139695
2015-03-18,0.007402351366814175,0.008041204312877796,0.008764934241015578,0.010063469951248983,0.008884147774395256,0.007336585408327689,0.0072105979050864554,0.015613980618174476
2015-03-19,0.008069496346055928,0.008683840868995787,0.009642144614586508,0.009575752599404233,0.008589666534539232,0.007507536846314967,0.00700351764032166,0.002459106038793834
2015-03-20,0.008082391313414757,0.00844081624337131,0.009173899581725457,0.00912641172077776,0.008094914795279821,0.007237030467140518,0.0047777205162763655,0.008609400469622172
2015-03-23,0.008262443953923414,0.008451026133546098,0.009098778955854233,0.008713117132819382,0.007754914330644374,0.007357977010409172,0.006046924035479139,0.002162132248678123
2015-03-24,0.008241361267802024,0.00821067239018418,0.008668805973504964,0.008333648030134456,0.007335202064550141,0.0075711575435031524,0.006816758843653463,-0.002560930163123185
2015-03-25,0.008270769079867464,0.007985219748449035,0.008314308676543059,0.008073673561967828,0.007316211504065242,0.006976602422770284,0.006079437610608829,-0.004096874551968614
2015-03-26,0.0082626862625219,0.007806726153185683,0.008065869236499374,0.007967813744943496,0.007539234558176778,0.0068347424368002336,0.010673362301480652,-0.013783587441403677
2015-03-27,0.008807162181638328,0.008287792939152896,0.008950022474916828,0.009779768099384549,0.009436306045753481,0.006574456195001304,0.008513532552103286,-0.005861707074166737
2015-03-30,0.00887151713455529,0.008162587683053482,0.008753112700787767,0.009678378471310076,0.009718463266491877,0.007064669629658708,0.006982169455145024,0.005295944403762644
2015-03-31,0.00896621161611086,0.008019537957400596,0.008475029360735565,0.009220901234707363,0.009159703301990214,0.00737838206859583,0.014114891482623482,-0.01733013718527391
2015-04-01,0.009700540521215809,0.00885856811221782,0.009879850091308033,0.011654227826161696,0.011489512395359438,0.009721856184500431,0.01195604678152841,0.005374575794108349
2015-04-02,0.009688776612810486,0.008689012553614546,0.009500332688067848,0.011045611911090101,0.010746180777672087,0.010394732219514202,0.006135487244695928,0.003518291395843
2015-04-07,0.009669162805470088,0.008468276404807693,0.009073477697250166,0.010482578895780944,0.010050314036050967,0.008284380485375989,0.01007491930590913,0.0186010741766996
2015-04-08,0.010456578654198431,0.009389834960410869,0.010387519892755432,0.009962427897047838,0.009688977029270672,0.008223329083894145,0.010643934384716721,-0.003510997045167929
2015-04-09,0.01036330589941896,0.009144314439245821,0.00992168938357824,0.009617057812910817,0.009578321492304847,0.009754769154457636,0.005543446204136176,0.01118066804455063
2015-04-10,0.010555470775635739,0.009279106511152773,0.010010051907402584,0.009164438090027266,0.009135794603718045,0.008819280686620242,0.006243097218192336,0.010549398802650805
2015-04-13,0.008815020070570171,0.009360186829996554,0.010020248740873743,0.008748064977984832,0.008727131571512177,0.007522896777724827,0.004984711161129004,-0.0036032001453964345
2015-04-14,0.008920551722417668,0.009117855818127503,0.009589779472878037,0.008525484145995329,0.008730583607215547,0.007783074316398212,0.005464568293596056,0.0015559142011273932
2015-04-15,0.008885405217278548,0.008848300920347819,0.009110417048990342,0.00816160882227503,0.00820649733543005,0.007296702241661852,0.006743734844057108,0.003034132767058006
2015-04-16,0.008806177549504118,0.008610879230676417,0.008701097456059202,0.007828444350645905,0.007758827989793427,0.006896470340559319,0.007123284000598043,-0.005128107697070459
2015-04-17,0.008804747543512879,0.008442526634304568,0.008451965121669,0.0077588071384361345,0.008017827328147955,0.0067366607123123595,0.013375087334318657,-0.009377447747420055
2015-04-20,0.009096433123743987,0.008501521757192715,0.008653243817730465,0.008581392332380304,0.00909023227505525,0.008796005466205212,0.0071970552696068515,0.00818702202969556
2015-04-21,0.008635866278044907,0.008482980587012036,0.00860022135191818,0.008190329691567667,0.008597455958188437,0.008345615138845852,0.01008348591200017,0.0015302872274317464
2015-04-22,0.00862892926127387,0.008233092298835967,0.008195249503536102,0.007835008579756978,0.008087748688600477,0.008336249818876849,0.012232100745392117,-0.004925104518757388
2015-04-23,0.008511968341743514,0.008072928808327499,0.0080089485682934,0.007850261013876597,0.008392121067909257,0.008015080224815887,0.007493075302060802,0.0036216743298290626
2015-04-24,0.00853609860665539,0.007877108623647712,0.007714239849031475,0.007526724564276432,0.007924123782880014,0.008507980499487706,0.006646728170896924,0.0024071830603660397
2015-04-27,0.008527267837137245,0.007659868254075082,0.007405371218008141,0.007234115633375512,0.007490118149727584,0.007755211634767328,0.012565307458843617,0.004698520781554114
2015-04-28,0.008514194300254792,0.007515166839244606,0.007226436989932709,0.006970127260462405,0.007121349751400812,0.008904294366080095,0.01375235873292552,-0.010400178641135474
2015-04-29,0.008253165008349717,0.007718736399854103,0.007767217397505041,0.008226403845531085,0.00849600845900194,0.011026081897707846,0.01157731920399267,-0.012048683334159328
2015-04-30,0.008610240086633988,0.008044526357655723,0.008448318246874894,0.009579591435152893,0.00999123814656443,0.009043568650972172,0.008667185157521335,0.0020565338127050115
2015-05-01,0.008551284116894493,0.007815708537250127,0.008065249321100306,0.009100544363030667,0.009342251154669278,0.00964931907018012,0.009991038821515634,0.003642468857361246
2015-05-05,0.007531670148558456,0.007629956533657361,0.0077660360333928445,0.008663195452213595,0.00877750188074488,0.010153739918052778,0.01567244856999908,-0.008394713511889073
2015-05-06,0.0077707239481832665,0.007677990322992872,0.007955428260247758,0.009108880362199277,0.009585229084555355,0.010733634832556321,0.00841226843787773,0.0008801483834539451
2015-05-07,0.0077461864441767895,0.007447209070959916,0.0076004446511584375,0.008670798005863102,0.008967379042679578,0.010041886283153308,0.016241265348337114,-0.006758004693643993
2015-05-08,0.006724106349892076,0.007407665301304537,0.007638776174642255,0.008832428622466845,0.009476226400766497,0.010863798922442366,0.010809380589309435,0.022938036508287036
2015-05-11,0.008402373332397984,0.009118678963233255,0.010268377271340277,0.008418830189493642,0.009093544449856623,0.010141200562539707,0.007671794116108121,-0.0024011321005143024
2015-05-12,0.008075303317325115,0.008860429661945812,0.00976353539622623,0.008123881119058667,0.0088916829588507,0.009844531456949851,0.01578907292359717,-0.013764477503924642
2015-05-13,0.008243215244045213,0.009228457694761064,0.010324660828516302,0.009964805497189583,0.010651204568491295,0.011120510527919384,0.009323401580912575,0.0022761004971644455
2015-05-14,0.008252337713416307,0.008964675317430438,0.009788152191447302,0.00945283859394541,0.009933318879601924,0.010580144393414323,0.012563123927853907,0.0033614442752998124
2015-05-15,0.00828721797656535,0.008730488977777047,0.009323664567073413,0.008984738412747781,0.009303566144459941,0.010702498570204376,0.009803181056421759,-0.001794237392388847
2015-05-18,0.00824550027465466,0.00847592524700614,0.008881472166304633,0.008602244793276237,0.008986756605966513,0.010408010530177309,0.01146473178237489,0.0012060822459321085
2015-05-19,0.008199728100150077,0.008223023065047493,0.008430099402508015,0.008190020749597699,0.008402527466296219,0.01129660695712179,0.004886051883419181,0.003752510848502878
2015-05-20,0.007996798012166673,0.008025328783837632,0.008094132317113789,0.007822332021460949,0.007924800286256682,0.010231020888057425,0.007605837066271509,0.001742558859498325
2015-05-21,0.007787974547601917,0.007792543785318129,0.007729726811048519,0.007490631294123548,0.007475527444071134,0.009275821056395316,0.0042614952442081005,0.0008844003771708506
2015-05-22,0.007781643301469201,0.007558256688480656,0.007389337668587467,0.007192184782317459,0.007062360161266614,0.007321040745498453,0.006178884375308636,0.002591634179191991
2015-05-26,0.007732636964869123,0.007355447204755818,0.007112691702695734,0.006924380809388523,0.006706788339901334,0.008053221014353554,0.011186058921251503,-0.011830733024590643
2015-05-27,0.008099646823688274,0.007697689393641546,0.007912939814224935,0.008634923883216288,0.008453952910044313,0.007963809928932237,0.010246799820215173,0.012058248133997244
2015-05-28,0.00854693645844919,0.008026408758877506,0.00843489159742117,0.008224764337402414,0.008055344411996058,0.007974127433442314,0.005878804701068286,0.0010799904419015775
2015-05-29,0.008478329826390567,0.0077863872284896244,0.00803130017017388,0.0078537185590361,0.0075861629329142585,0.007794126731958081,0.012139768836634071,-0.00805691224225389
2015-06-01,0.008355002358655463,0.007802883223554611,0.008147908038551087,0.008400045527324566,0.00849514266039943,0.009427371227260417,0.012444601661087401,-0.0044195795858618
2015-06-02,0.007976501760456677,0.007642241060536508,0.0079294047503614,0.008279459862605363,0.008675496174364344,0.009640913584512406,0.01350414949821867,-0.003645038216951632
2015-06-03,0.00800178398638127,0.007463028590183172,0.007687262871684035,0.008091048577570785,0.008710085996648251,0.010605919940870196,0.011241531739922329,0.0031991265719884454
2015-06-04,0.007991658222613239,0.007277984105714583,0.007402079200975963,0.007732962798844722,0.008194768100264167,0.009613971659391561,0.010757499622206453,-0.013222782573434656
2015-06-05,0.008301355974531398,0.007764111554035767,0.008370596278019688,0.009598335747943254,0.00999062674147105,0.009792431807616879,0.007906636444796989,-0.007991962794372786
2015-06-08,0.008453444512909657,0.0077779708593243855,0.008431803577155884,0.009828896548733536,0.01059240926946485,0.011814237171121369,0.0061365486827647895,-0.0021479124965979924
2015-06-09,0.008352835696105457,0.007559353975887878,0.008071658113209151,0.009368577423034107,0.01017675930261576,0.009714483338019315,0.00831577533116588,-0.0053456321274045005
2015-06-10,0.006409044492769876,0.007445115818528138,0.007927809594113313,0.009237799652587331,0.010315695888825279,0.008164332263850178,0.012163771175189114,0.011263287040173839
2015-06-11,0.007032030593595315,0.007727591000769963,0.00833566386652571,0.008771692602765977,0.009707729012761462,0.009526084064554725,0.008564541030349643,0.002398187886249322
2015-06-12,0.006469844680955753,0.007515171403430213,0.007962790210528124,0.008348689166176374,0.009077697916443427,0.009246989225445989,0.009494835937418563,-0.009067229584917375
2015-06-15,0.006687406447845939,0.007617218146429521,0.00820747093699953,0.009007902489219266,0.009980317122009868,0.00869189906997731,0.0056034013532088155,-0.011026090928982534
2015-06-16,0.006935350213215705,0.00786353434680163,0.008667962189293214,0.009966145155109848,0.011112640272112877,0.008688028018634577,0.00952304396078005,-5.960985352632997e-05
2015-06-17,0.006946084521456648,0.007623993394410008,0.008243277489464726,0.009435005024037829,0.01032099900638849,0.009947566753844032,0.008588965396583189,-0.004406050127968211
2015-06-18,0.0069348335442745625,0.007470110804073599,0.008000988267816854,0.009200671259318083,0.010198844105277122,0.007601003222883834,0.011361112827284964,0.004078132402567298
2015-06-19,0.0069487168934745875,0.007311106067702823,0.0077139669742183545,0.008718846024619493,0.00950412984002959,0.00797039686084222,0.009595606680608177,0.00038752757892727464
2015-06-22,0.006918487004599705,0.007089015889012715,0.007363191421495201,0.008284219043122584,0.00883542083608997,0.008604941768153039,0.007765068419138018,0.017021436058526084
2015-06-23,0.008063404892366842,0.008038821718875459,0.008907364367597748,0.007893232467705529,0.008495311959829463,0.00825375920560244,0.004155357572955883,0.0013469395767274617
2015-06-24,0.00803796118813986,0.007800907006470031,0.008448903458963097,0.007542502651308723,0.007954763698208668,0.008198881427581238,0.005319972651400909,0.0014474004149724995
2015-06-25,0.007687024079858218,0.007571565174642122,0.008034273608274184,0.0072288065888974455,0.007474685950988057,0.007159947058316644,0.008706083286259722,-0.0054202262696851165
2015-06-26,0.0071627051758588545,0.007460000965891175,0.007895424560836384,0.007417652676614039,0.007936361510139408,0.008079756052533986,0.008513364932732323,-0.007978510781996411
2015-06-29,0.007268275038540324,0.007492123571080325,0.008026051287506409,0.008061103363522034,0.00880223581690304,0.008859025362571587,0.01460906334832163,-0.019919607056593458
2015-06-30,0.008169094070299978,0.008750511149951325,0.010178012006115343,0.012100264384333535,0.011971044765843682,0.009337051071154946,0.0069986525724622314,-0.01514315738660925
2015-07-01,0.00861493174924295,0.00925937749529817,0.010893653442982052,0.013399507123306236,0.013587627463217096,0.008122110861973978,0.012652239995076676,0.013344092717106177
2015-07-02,0.009325510667016004,0.009553836712597286,0.01109654546944663,0.012539512221084584,0.012607919792607452,0.010744134254824525,0.006238869795909848,0.0033083850073450725
2015-07-03,0.009328732503641945,0.009298170403715075,0.010482997307612471,0.011753562065788698,0.011605787948681476,0.008477422596610558,0.006246595261967865,-0.006764400088542037
2015-07-06,0.009051035576546969,0.009165917357177276,0.010164354810116906,0.011496616007942533,0.011779048063491384,0.008161812680280649,0.009611890957526565,-0.007636359175496109
2015-07-07,0.009039466055597873,0.009081411642807437,0.00995488889192889,0.011394552197510437,0.012076944722547436,0.008227583261132225,0.009519466239743144,-0.015962830950874817
2015-07-08,0.009545419562256982,0.009633920982576294,0.010846817010077456,0.013073988304924193,0.013831865578096805,0.008669818230039303,0.009937383067332786,0.009053757222564384
2015-07-09,0.009849010559453869,0.009600099930694501,0.01059617494842095,0.012241873206819567,0.012756513671179213,0.008370320224446176,0.009606490576942345,0.013907493729415622
2015-07-10,0.01004064339992748,0.009911473476158094,0.010919403470514632,0.011481860008767122,0.011892878996369262,0.009068768760147219,0.009897122125771868,0.013851598306471435
2015-07-13,0.01057501244970948,0.010190930998642904,0.011183090932597554,0.01078891810149164,0.01113798245647763,0.009238721624851804,0.005760133169171425,0.009633669805306073
2015-07-14,0.010668219682940617,0.010158357434989908,0.01094420004515644,0.010158348679837408,0.010413356731451969,0.008549640343785027,0.0058141383417029185,0.0023421644588392148
2015-07-15,0.01039338846225246,0.00986558849190097,0.010320329296103603,0.009585749093648628,0.009667286332446788,0.008282464501508931,0.006715493257399468,0.0
2015-07-16,0.01039329167681753,0.009565042922749333,0.009732954748240739,0.009067274177458201,0.008985392879311726,0.0076225757475119876,0.005278387045308797,0.0063024643499652346
2015-07-17,0.010413061667247857,0.009401271550176064,0.009400102255115887,0.008519623024592322,0.008339424310976552,0.006829083565361667,0.004164026603776393,-0.0031536469887292985
2015-07-20,0.010419470482508936,0.009147546212745368,0.008966742460814884,0.00823776102774552,0.008337036783790015,0.00577415070757999,0.005566547288926596,0.00200533840923124
2015-07-21,0.010424773384168192,0.008882467480356215,0.008508464717833886,0.007840499428161968,0.007837663505608218,0.006071075594317336,0.005296410857660533,-0.0028913265654143742
2015-07-22,0.009734574938881777,0.008640944449866739,0.008153719186298843,0.007617457286832528,0.007847707121076042,0.005698804227441625,0.010471553925417583,-0.015153158274586055
2015-07-23,0.010239613070436145,0.009163135820679577,0.009328610765780124,0.010239387613173579,0.010180734144521834,0.0069834111915689084,0.0094130962570403,-0.0018465285265921731
2015-07-24,0.01022253192410504,0.008895496312185117,0.008854414459248672,0.009687350204239411,0.009753286394364293,0.006635454700077619,0.012819436308673715,-0.011364102108568792
2015-07-27,0.010421530756702657,0.009062595233471025,0.00926318462735223,0.010623745965264891,0.011023342644001741,0.009149679434123783,0.009794606415449722,-0.011417865102036268
2015-07-28,0.010552619684725461,0.00922089220374502,0.009607783548378563,0.011373218646315535,0.012119992083651861,0.008933494973285818,0.006857760892393896,0.007687398122323787
2015-07-29,0.009878702594642054,0.0091361440030555,0.00938744112875039,0.010671686763585132,0.011210818470109707,0.00783579606892753,0.00609328463143071,0.011481739627936782
2015-07-30,0.00960632576302146,0.009293589204549393,0.009600247564249167,0.010035082714592265,0.010434959504677576,0.007863683236685787,0.00823930507143176,0.005699306399179378
2015-07-31,0.00924511584586231,0.009117975536852773,0.009233937783218371,0.009458698949180914,0.009719110341868356,0.008548091735255638,0.00773536889405335,0.004100206265029315
2015-08-03,0.009259035569203539,0.008897074277657459,0.008818821862037205,0.008938114334318938,0.00907754022516196,0.007941767417299638,0.0060147013165417615,-0.0011505503738415766
2015-08-04,0.009119706885138934,0.008630636177582135,0.008375737995215224,0.008489844853333779,0.008667502089438,0.006836351276554742,0.010135935462787151,-0.00029906095085030406
2015-08-05,0.008921237334541908,0.008368032876796171,0.007961549953882518,0.008068708696382395,0.008169188325859014,0.007747926360842261,0.007477972246570585,0.009792473518849173
2015-08-06,0.008201441701113208,0.008460265245874675,0.008192710140097488,0.007689197583685273,0.007732741638249352,0.008062819745456171,0.006466549112670662,-0.0007852143075393606
2015-08-07,0.008077227583520698,0.008204786190952659,0.007803069920823599,0.007362252783214718,0.007411824635899944,0.006981239916529897,0.0037166552108211298,-0.004247867604229735
2015-08-10,0.007683589131682637,0.008022597347734488,0.0076027423020503335,0.007351519312102353,0.00769846669759037,0.006550655480471345,0.01378231496538806,0.002631052377324212
2015-08-11,0.007112703502364546,0.007804850434721813,0.007296191028043696,0.007049627909180947,0.007270581415600524,0.008794771057983103,0.005030510381328985,-0.01070103564871585
2015-08-12,0.0071831908491596114,0.008008213204403331,0.007906126434335168,0.008482384454489627,0.008774014524936346,0.007168243849728445,0.014289349069986818,-0.014098467841778711
2015-08-13,0.007730461716596642,0.008497623063697824,0.008949890500729505,0.010478888186375934,0.010726815328104737,0.010092228002268834,0.011774254006793668,-0.000441417108274739
2015-08-14,0.007727334848663079,0.008239460711268456,0.008482819398109123,0.009863753386357107,0.010014039017682795,0.008107199240812175,0.008253924904053047,-0.0026831329459302226
2015-08-17,0.007530052999883338,0.008015443979475902,0.00809749625023849,0.009355869771231325,0.009722585936087703,0.009093265284127792,0.011412019047971638,-6.106404093180932e-05
2015-08-18,0.007531553956315274,0.007771275660138121,0.007709025464613682,0.00884165319663153,0.009071328944873535,0.008138239575494048,0.008050572846481842,-0.0036706830441891034
2015-08-19,0.007497212009403069,0.0075879902941001255,0.0074800278938886725,0.008562429386385819,0.009071508335258455,0.00918168951451047,0.008726908279740195,-0.01899545119684172
2015-08-20,0.00837801613746162,0.008704744158874055,0.009608837977434023,0.012124826331061574,0.011993851625895346,0.008089610576890196,0.00563174231432239,-0.0055749709827970255
2015-08-21,0.00791064302240194,0.00854932948872054,0.009290786691426137,0.011656341779934574,0.01194403677486705,0.008019576914273444,0.013095624746664756,-0.02870629429644492
2015-08-24,0.00979877860291542,0.010869620626238554,0.013036836724585187,0.017428039779551405,0.016390780708633475,0.009461772736201985,0.05380514152078131,-0.04779755775326357
2015-08-25,0.013711223396137586,0.015752337129310165,0.020081892921355246,0.027795229145561623,0.024092876809939576,0.01534539633603294,0.023162668822582153,0.030452596060727366
2015-08-26,0.015666954728358787,0.016996752452853654,0.021172960018791428,0.025712361479993905,0.02154499926779574,0.016460798605696863,0.018146724493165314,-0.0169317091631289
2015-08-27,0.015731875263778648,0.016992856876289476,0.020522398290419706,0.025112624672101527,0.0219626508234797,0.01386839496743467,0.021819220108293316,0.03497135653834362
2015-08-28,0.01763592068483454,0.018569100689502762,0.022261834617522423,0.02324534154058171,0.019755713099162697,0.016472464231172556,0.012722132689853189,0.008987271000236458
2015-09-01,0.017733777638224656,0.01813750459114428,0.02090349622897127,0.021529155400601945,0.017795458820104602,0.0147613271627222,0.022299549424028047,-0.030783162598222336
2015-09-02,0.018635910015161267,0.019133403105539508,0.02202168897149801,0.024700896801886866,0.021410477878066218,0.016472464231172556,0.021764553979668824,0.004085067203883558
2015-09-03,0.018721526211310503,0.018577490518870934,0.020524396368829644,0.02286684782588626,0.019189307623570864,0.016472464231172556,0.013924660601046301,0.018049914183482604
2015-09-04,0.01934599873684011,0.018546259160862607,0.019976497243107377,0.021181414356865873,0.017340469162555824,0.012549510497522204,0.012050534074175055,-0.02471319690645546
2015-09-07,0.019611323231410172,0.01897288673898629,0.020371656553990692,0.022853070378866986,0.019864532926154265,0.012088675479965913,0.012257847067353328,0.005215652142308827
2015-09-08,0.01972358661169973,0.01843920787273553,0.019031341988535837,0.021168757206812824,0.01787638567916127,0.012091680317846687,0.016271799550384793,0.011718053008466222
2015-09-09,0.02005892107105271,0.018106432275135493,0.01811817267599859,0.01962191151479906,0.016196268456620307,0.010546398229127328,0.018026242622692156,0.013398071950882487
2015-09-10,0.02037839966841104,0.01785897019063769,0.017423593249598565,0.01820234984132323,0.014756964454459223,0.013486723865050955,0.012174049240773463,-0.011821079452122445
2015-09-11,0.020399018687071852,0.017555355947934635,0.016741839555812568,0.017807442276061652,0.015373200306843209,0.011755541892486175,0.007981296087306772,-0.006192172047224218
2015-09-14,0.020271637370921403,0.01708799785787991,0.015769550120826387,0.016800340958398288,0.014963761788005825,0.010793047487861505,0.01919292261724074,-0.005441565908793185
2015-09-15,0.02026445798119358,0.016620960529278635,0.014849034212399968,0.01583113968888777,0.014491120672623266,0.016378918370823402,0.020451954078118714,0.00867279740305881
2015-09-16,0.020442079369309606,0.01625404546777688,0.01349476760232289,0.014502018054819724,0.013095621307632895,0.01647758761513079,0.010941768596008638,0.014814127372119082
2015-09-17,0.02080717459469134,0.016171266388637806,0.013518545851527963,0.013459078040882916,0.012003194889102085,0.011111394972402232,0.006724094158267924,-0.006797597090194827
2015-09-18,0.020827949653234226,0.015766791201369642,0.012754693656658666,0.012947856272901313,0.012168172566313673,0.010574702774452419,0.017753013099581418,-0.013489640001021798
2015-09-21,0.020644327423324185,0.015639514881918875,0.012837047106098991,0.013734814014247435,0.013551064566025181,0.013404468009452369,0.013273886562843186,0.0007533080403398503
2015-09-22,0.020640015319887763,0.015164194953161037,0.011867487272250104,0.012762796389171382,0.012372917064821121,0.014670253904930246,0.014025462678984371,-0.028712172013074792
2015-09-23,0.020640395918858117,0.016297821000530406,0.015287619755906878,0.018374494757461085,0.017012670882511776,0.01207183679157431,0.016603053582668895,0.01610997407956927
2015-09-24,0.018102377285706055,0.0162866112833233,0.015193229320611375,0.016983696853881153,0.015366299714996715,0.012265509300131199,0.01415302347351523,-0.011789659390614486
2015-09-25,0.016986000193746003,0.016052359601667027,0.014681619139426607,0.016739506503225886,0.015920066530550604,0.014027059311898595,0.014603454748132494,0.02444096640358027
2015-09-28,0.017432798696600357,0.01667510732135821,0.016115167180931807,0.015493878968679167,0.014447434141489097,0.013611342814246903,0.011769674614289159,-0.024877193382747267
2015-09-29,0.016470847229486656,0.017277388024937147,0.01745825600258303,0.018807801258295075,0.017743487573817506,0.011892516075712678,0.011191515443543019,-0.008375441819566662
2015-09-30,0.016336073158886653,0.016876211964974956,0.01635558723754158,0.017855430090142052,0.017323487308594673,0.011858736808944902,0.01161620697350441,0.025463333169710698
2015-10-01,0.01610284846391986,0.01751059732379965,0.01759433422938674,0.016510500756914116,0.01564655403061564,0.012518265155115404,0.018639973427053043,0.0017965902591639794
2015-10-02,0.016081723539942725,0.016982856700556687,0.01616901947040258,0.015285381021684278,0.014175656720707109,0.015878593438804513,0.017813437581712846,0.009424368053929622
2015-10-05,0.015701040377407948,0.016626529980783733,0.015229814782132431,0.014170844925039243,0.012925753912770588,0.014463726327070525,0.013085499411946372,0.02718026502985478
2015-10-06,0.015782355230344703,0.017440786039493034,0.01708266066699559,0.013158414448261104,0.011877165286414916,0.016517727263687658,0.012954314813996495,0.004324724960573954
2015-10-07,0.015774405966849467,0.016942619377591214,0.015762571373663846,0.012240286078551668,0.010929372187104517,0.016598796565523755,0.011430286585164129,0.0016110438940096208
2015-10-08,0.015614314740720035,0.016431218397830363,0.01451114888220609,0.011409261439736583,0.010099123227175107,0.01198420869767518,0.010411470687302025,0.006041934170783013
2015-10-09,0.015414148199159925,0.015999254353450714,0.013530906371994158,0.010658681925265851,0.009380199483789861,0.012280541475211362,0.010349165215523625,0.0064733241448583145
2015-10-12,0.015162183070805437,0.01559268440658924,0.012684671946518037,0.009982367540293368,0.0087492566670123,0.011303235853436693,0.007717742038164467,-0.0070382072604598745
2015-10-13,0.015186068468976745,0.015215652475978583,0.012040981590926546,0.009987733361566246,0.009404799724072387,0.009012571579062887,0.00955931373951004,-0.004546356200680927
2015-10-14,0.015165575890118379,0.014794096009414571,0.011297661404601818,0.009640922227988654,0.009521169586967287,0.00872044583098284,0.005663621020667905,-0.011528921930541282
2015-10-15,0.015358981146716742,0.014618766110190713,0.011355474860779624,0.010630722718699111,0.010951585973622932,0.009533015212903,0.00829610755917528,0.010961143348929139
2015-10-16,0.015208148582651867,0.014425485192545147,0.011215407145546544,0.009946746422784317,0.010143004609081033,0.008212895464113941,0.007271401801950223,0.006180868482418924
2015-10-19,0.0151462725629813,0.014067733782302553,0.010617307559224621,0.0093336720231239,0.0094161698528416,0.007786672279668406,0.010230491613183052,-0.004037616539152148
2015-10-20,0.014817049982424642,0.013674984701365717,0.010006223785229258,0.009010215150482323,0.009433433133915496,0.00811667254715323,0.00725156222816121,-0.0011340905652648173
2015-10-21,0.014830058521619201,0.013261299479019564,0.009343836624066206,0.008516841397301127,0.008947230987556972,0.007727707936967166,0.010684294517125053,0.0005199511678174183
2015-10-22,0.013092167805517061,0.012857937664840531,0.008736867061084785,0.008058825304727553,0.008341613316079067,0.00907146323853298,0.009161560489291417,0.004385179172674088
2015-10-23,0.012759877082695636,0.01251242403037623,0.008325345532015353,0.007653016685798839,0.00782511238459462,0.008521943852064597,0.014014600672855069,0.010576991681987547
2015-10-26,0.01242411096522146,0.012404816604506106,0.008670742008490544,0.0072947818965867625,0.007396410762485673,0.01213531695354184,0.006132454217950485,-0.0042142647375496625
2015-10-27,0.011577796354609586,0.012071135328900667,0.008315736344471783,0.007284521949936843,0.007697833612553194,0.008334221894560076,0.004445925298143824,-0.008089355112455602
2015-10-28,0.010088127942610126,0.01186995491183688,0.008425002521220899,0.008029963520132079,0.008705121694522895,0.008475248224152467,0.010058974338978429,0.011325503189842677
2015-10-29,0.009877385234512055,0.011837993967842958,0.00887014901826412,0.007627495241099153,0.008177687839503678,0.009108010989860383,0.01056976634197404,-0.006545341906424599
2015-10-30,0.008826399149914779,0.01158880085047823,0.008699905411408394,0.007956799509246408,0.008817468603497795,0.009109346568715265,0.009889423359238689,-0.005440206567627453
2015-11-02,0.00899713701633336,0.011314505631835165,0.00844395791406022,0.008025816368457762,0.009165771050364008,0.008135838594666659,0.0071052881513614195,0.00011003780595708859
2015-11-03,0.008852173527475126,0.01096985332310256,0.007940324457323279,0.007623828583054063,0.008532010652782435,0.008751324147767574,0.005090865512998272,0.0034208453652238725
2015-11-04,0.006697988487457004,0.010668624653409061,0.007574872413167789,0.0072690684694109034,0.007988843351227948,0.008980659718284984,0.01072681130572464,0.004579385176197845
2015-11-05,0.006705227339229018,0.010404259944423093,0.007333292704171232,0.006957164660592351,0.007513912022445608,0.00947742702021828,0.007143938727542689,-0.007513065752228969
2015-11-06,0.006931508135877592,0.010253803046260355,0.007545693047697063,0.0076413947650786854,0.008431848499684053,0.009288670072114483,0.009279720857447936,-0.0017454618503681195
2015-11-09,0.0068113814400454255,0.00995062040885259,0.007192955406983125,0.007336780053882159,0.008170980734141058,0.008148172224833534,0.010818003314713432,-0.009265620877858602
2015-11-10,0.006910514487294014,0.009910855641413703,0.007706370292320895,0.008369912711114888,0.009346802175767197,0.009442978515907734,0.011778763714559885,-0.0031661455986512193
2015-11-11,0.006789326932595248,0.009640177625404877,0.0074076853397822325,0.008082613516836597,0.009219501360062702,0.008036329378596956,0.007739916461475707,0.0034837975183515603
2015-11-12,0.0067893117234602215,0.009385374466654368,0.007116093698753762,0.007674056477840025,0.008594571038092814,0.007156058046945867,0.009790086761189806,-0.01899719680371632
2015-11-13,0.007556919684402328,0.010220261632194935,0.009851410417929031,0.011938127967784597,0.011896819862824856,0.007768133091804847,0.011387176572575904,-0.009823613195556408
2015-11-16,0.007311004566597049,0.010196897838737012,0.009917326368577471,0.012129352120708481,0.012640234693843223,0.00853889070258511,0.012239469624680102,0.004582264412224075
2015-11-17,0.00723291126247401,0.009949771395878063,0.009355489743943042,0.0112681198701655,0.011569617143631057,0.009422073631179275,0.009185849757928027,0.01971840419679647
2015-11-18,0.00858959859649605,0.010788280753878892,0.011284163333300335,0.010494836692423239,0.01062058301539715,0.007817551775334757,0.008406858943574286,0.0016257833638876978
2015-11-19,0.008602605271365865,0.01046720458478865,0.010449932817162217,0.009802388930681187,0.009820879295685704,0.008651022810477605,0.011435749861687204,0.00807370611101642
2015-11-20,0.008802918065861217,0.010339231757372263,0.010106046937552295,0.009184166510934264,0.009112257089762113,0.00874202505911297,0.007356385300243482,0.0007422322580084302
2015-11-23,0.008745009903638851,0.010025905697550996,0.009394371133242865,0.00863399868547967,0.008500719693209015,0.007286328833021804,0.00948885588333521,-0.00460440208720492
2015-11-24,0.008421312476100494,0.009785687971096043,0.008957173503200347,0.008463334198240425,0.008749846426702313,0.00858573593555707,0.012291524703386576,-0.004498247231363511
2015-11-25,0.008426898553341581,0.009551343434976189,0.008571974789592974,0.00830366613895555,0.008948148459667349,0.01022801438866058,0.007113819044191762,0.009576126703086524
2015-11-26,0.00856946552563206,0.00955283224421454,0.008727978817631434,0.007854054753973487,0.008343242892223528,0.007977848376004657,0.005605335505398103,0.008719135885294379
2015-11-27,0.008411495253058253,0.009504872828613353,0.008737647601415828,0.007457816529049962,0.007810529244642792,0.008579042358292089,0.0067812661569441384,-0.0028038206694082175
2015-11-30,0.008312343639319307,0.009240873100502879,0.008270507843504311,0.007246027385973055,0.007819735076656424,0.008660691223922122,0.008227588189502717,-0.003000481385183702
2015-12-01,0.00825158871548438,0.008989454089798326,0.007876220860952432,0.007084340984104333,0.007862819428031256,0.009240697722210964,0.004575319682361381,0.006210907840251323
2015-12-02,0.008363677640648017,0.008847383246736973,0.007735748731510374,0.006783521987826279,0.00738858735358525,0.007720249683450708,0.0070222908178216815,0.003932405236021077
2015-12-03,0.00837410388001277,0.008631769665148665,0.007424135439322284,0.0065216669148393,0.006970362289887673,0.008482680299200698,0.016676861963057097,-0.02298480977464251
2015-12-04,0.009718428968376222,0.010086381388864888,0.011152160914028002,0.013076860427647148,0.01181971635675416,0.01101000801106172,0.007402240255401288,-0.005865775651347788
2015-12-07,0.00967005573669325,0.009884099533587177,0.010579397514948831,0.012468740572960643,0.01185045257890374,0.00865946638603715,0.010835836069282337,-0.0023752599076045486
2015-12-08,0.009673600238253326,0.009600635903531973,0.009866820217412026,0.011633738457818147,0.011272875060789438,0.008498151784069097,0.010789319299166022,-0.014289771990382817
2015-12-09,0.009946858960503159,0.009944532778330196,0.010669346817641374,0.012958058758490829,0.012991634185367626,0.008845269235657788,0.011567263056573707,-0.0013864085274725064
2015-12-10,0.009937078514044129,0.009647561140766592,0.00991523149273597,0.012033718034384324,0.012092875550849504,0.01044506195749278,0.005123873821340369,-0.006320222760971537
2015-12-11,0.009939228694548993,0.009480908329471285,0.00955341724830101,0.011617681681099688,0.012165641249057885,0.008660348790298247,0.011228750095306475,-0.022474349079153855
2015-12-14,0.01026696062927435,0.01071448306632791,0.01228470878167836,0.0154149543181663,0.015367539041642201,0.008515859381288824,0.019198951947730455,-0.013308840295068153
2015-12-15,0.010430460320953957,0.010887591668311578,0.012415664639296182,0.015685837966688487,0.016198393368841203,0.015179019287629558,0.01640965939080924,0.02416888721732176
2015-12-16,0.011825269000955105,0.012102701341235832,0.014449886744475695,0.014516287064525122,0.014635417523543588,0.011560639901761587,0.009828810834930856,0.007186056256702002
2015-12-17,0.01101555064511968,0.011865294823193887,0.013516998724258935,0.013455516444216921,0.013312506911259873,0.011461539255541126,0.014508772271628875,0.006790723005107876
2015-12-18,0.011148123854375372,0.011623465193424852,0.012667741447108258,0.01249505405285698,0.01217289107357502,0.011616665882039547,0.004889415425912869,-0.008243635689699482
2015-12-21,0.01102587494853119,0.011448847028398218,0.012107816545369972,0.01230497257062859,0.012572960853574934,0.011631151841767315,0.012230278346402047,-0.0029121736114962357
2015-12-22,0.011007020169654548,0.011122966227202736,0.011246973105658385,0.011542421371323825,0.011994769140792862,0.010210634470719166,0.00641833321402226,0.007971720476608416
2015-12-23,0.011216008176137986,0.010959473284398013,0.010787518891904244,0.010768200167495173,0.011029871980762898,0.007794776554432412,0.0139397328293179,0.025625991491515007
2015-12-24,0.012673278653059509,0.012341188669919107,0.013690112045307951,0.010071956806858235,0.0101717140708834,0.01141915881245248,0.003008225977469914,0.0021767670812269193
2015-12-29,0.012487179577555425,0.01197710066814595,0.012615530128236184,0.009447533801862657,0.009444221215809538,0.007948760103374022,0.006879012933501917,0.00954721951218997
2015-12-30,0.012519437222909175,0.011845372430398482,0.01212141580003246,0.008889177728763875,0.008797421517991925,0.00863718041882195,0.0059990537143057125,-0.0064343641088306855
2015-12-31,0.01257649840867377,0.011592158540282923,0.01147244002926169,0.008959929358881503,0.009333673093352316,0.008280944331648167,0.0054528487547554185,-0.00508134422407835
2016-01-04,0.012603192605275064,0.0113077254473694,0.010803788570102979,0.00880988250255251,0.009554896810151172,0.00829836672875273,0.017217718405730564,-0.02414248599533396
2016-01-05,0.013462902287037835,0.012456498436863956,0.01350985513832371,0.014458260984253013,0.013801407919810499,0.010291715266281167,0.012203730564474867,0.007162393871833544
2016-01-06,0.013555863665503133,0.012203789791194177,0.012687994125054232,0.013402933574891966,0.012594532394733743,0.008969805923721605,0.016452234700807252,-0.010450032037048997
2016-01-07,0.01285028300217601,0.01210573113554555,0.012364571761877566,0.013455440109467602,0.013334439695743473,0.010063614457582623,0.02452162318451018,-0.019838522167678976
2016-01-08,0.013433173408768895,0.012703142148870073,0.013639095071567691,0.01582637652121779,0.01578501670927981,0.01678839906773453,0.015087730049097576,-0.0070282175284049715
2016-01-11,0.01347416688151187,0.012435890869766032,0.012845939460471816,0.015040606274423433,0.01543924438246515,0.010088023407371804,0.009763221962789823,-0.006890609569123315
2016-01-12,0.013243632205802526,0.012174610007523526,0.012141451894178321,0.01433134038907134,0.015121992557820945,0.01175396123449049,0.017399154303884612,0.009728065870910331
2016-01-13,0.013492879625583492,0.012041842759333003,0.01173484211342303,0.013287935556215085,0.013727839715594208,0.013205708911313053,0.012328684240119195,0.005348955580221934
2016-01-14,0.01352729358445958,0.011748289150596433,0.01100447063902036,0.012343488269339982,0.012532876835580084,0.012280021197033959,0.020495477969315064,-0.007205903629735117
2016-01-15,0.012700708643542401,0.011526337792869091,0.010617335351841046,0.01205050165323538,0.012740227001110467,0.017576914923624475,0.021522460056878436,-0.019467784237640257
2016-01-18,0.013082055996865767,0.012150092696263756,0.012254578923434645,0.014668157257864311,0.015195904146187812,0.016925489919054817,0.013651341607346717,-0.004178182873854982
2016-01-19,0.011801475015598945,0.01182432662369305,0.011456988968706325,0.01376910367679349,0.014482772209420186,0.013332982933889284,0.01726617840375234,0.016626014586706754
2016-01-20,0.012333493000078214,0.012165988647035343,0.012166143852449421,0.012803855211937856,0.01318440981329228,0.013826300996327576,0.025958875869208673,-0.03518855918551409
2016-01-21,0.01418975680689559,0.014609061736721869,0.01720493508327233,0.020787936988332607,0.019091316020547276,0.01692352221366386,0.014128684662539692,0.017506605710521466
2016-01-22,0.014853704673175028,0.014798921526514347,0.016987115990116625,0.019201085372867577,0.017130167488819716,0.013262383051698075,0.017211962098886126,0.021621908303400564
2016-01-25,0.01573709646053242,0.015294378338719548,0.01742085657739824,0.017751513872747274,0.015450044557985612,0.013796256694943337,0.012850547967489735,-0.0039059232811603684
2016-01-26,0.015608586862003072,0.014859283375806475,0.01606476203163174,0.016536448370336486,0.014656249122525812,0.015371524138951344,0.02368392349443455,0.005853178690517672
2016-01-27,0.014433646510407364,0.014477775600656178,0.014897320583102572,0.015320970703419319,0.013353881081430534,0.015975141573015387,0.015745344471052122,0.013258581540050038
2016-01-28,0.014813934520738588,0.014407533662276392,0.014494841421908773,0.014214284824837472,0.012213980104063472,0.012415662288615336,0.01937144133423137,-0.009830479595445937
2016-01-29,0.014657782213910106,0.014174650062715427,0.013861595673870237,0.014037115532741706,0.012896901773064184,0.0166543308641593,0.011542513162135871,0.025301792481282632
2016-02-01,0.015869541198086565,0.015075685865073124,0.015691821239198135,0.013047201750198446,0.011795175326153307,0.013249133367937935,0.018883452109034426,-0.003903199151680354
2016-02-02,0.01585820216551629,0.014647655916947406,0.014511895042540903,0.012294160976161093,0.011503150918164224,0.01675120108477624,0.01931463348535439,-0.02305207191583792
2016-02-03,0.01578165001599138,0.015282816350607145,0.015877464875636623,0.015995029751096998,0.014968180380015935,0.01616031679093915,0.018128420111524452,-0.014440131516096442
2016-02-04,0.015902049364450957,0.015233569869276594,0.015569749782515227,0.016390009583243156,0.016070848988348815,0.014711673201687415,0.014980403344429823,0.010514842231345668
2016-02-05,0.01602815292313123,0.01499238694582718,0.014787026480800991,0.015187561018284666,0.0145625514625895,0.01230207007234599,0.015692663982619925,-0.008632118230171208
2016-02-08,0.015562988357902919,0.01468864099438011,0.014005476722876564,0.014697619140440892,0.014690054808435377,0.0124604975511586,0.027372840991185962,-0.027512027740942916
2016-02-09,0.016578034067280777,0.015755173881337573,0.016454430225961846,0.01906309061929521,0.018449794732341932,0.01601882445549524,0.022592393523313936,-0.010104664834670573
2016-02-10,0.016641795951610475,0.015474437917888082,0.015594787622501135,0.01828999673261054,0.01823740640965351,0.016209246465003102,0.01505638989351418,0.007094549638594546
2016-02-11,0.016558842797757087,0.015103333844438684,0.014546809652764003,0.016919894391856757,0.016421963767908172,0.012718910238731057,0.02153671538752985,-0.024141841386628525
2016-02-12,0.01713519782886306,0.01579220573434252,0.016122298037520404,0.019543646994351422,0.019134468275200642,0.01619242226575254,0.013843548479976445,0.030345782233452946
2016-02-15,0.01862521823059674,0.017020050710854585,0.018656586825941943,0.018243676480143304,0.017375801997742638,0.014597677232411628,0.014982821913991515,0.020240200482467233
2016-02-16,0.018749119490848554,0.017230239161494132,0.018642586356633847,0.01689962401611553,0.01571217077709924,0.012270047652655118,0.009735547859936598,0.006486139198390465
2016-02-17,0.018770000250425415,0.01678071730202862,0.01728900777884343,0.01567165091889118,0.014300174498212206,0.012247779227843668,0.012897411726377485,0.028271800990182224
2016-02-18,0.019425484345041395,0.017682041982024436,0.01892651130993003,0.014551038728427597,0.01304193315682303,0.014714753091203923,0.011468777205702172,-0.009714881068379219
2016-02-19,0.01776186663808758,0.017307745866668927,0.01778886258469873,0.014323863480212518,0.013598549771062287,0.013963519843604633,0.013278826618226132,-0.0036570472389466655
2016-02-22,0.01746218384439483,0.016804375104018502,0.016433232647894355,0.013437649168808826,0.013041457570498056,0.015682954441950992,0.013716606117078707,0.014598312286025952
2016-02-23,0.01712007967353867,0.016680241142572955,0.01601386879184042,0.012516675319610792,0.011968293826235878,0.014332299723194329,0.008113329166429262,-0.012566832049081135
2016-02-24,0.017349451766041954,0.01646244617196695,0.015501078964255073,0.013173528099026737,0.013204563957091386,0.012348683832708915,0.0142119649501135,-0.016078794340017712
2016-02-25,0.0176798344640096,0.01643967954592576,0.01551400390502377,0.014546504077882971,0.014920887232633486,0.01265062122592311,0.015886909705246113,0.024513011902084585
2016-02-26,0.0182738333717053,0.01703233821027138,0.01682880873583577,0.013525631457551035,0.01358646636159106,0.014301922351288104,0.01133395448713381,0.013742288147335897
2016-02-29,0.01835215510538593,0.01685305732577893,0.01625569650335801,0.012596663969467894,0.012444717529417062,0.013265746026351707,0.011316425809987792,0.00018042991576958063
2016-03-01,0.01750879778352801,0.016339705078418695,0.01497611791303962,0.011752770117659567,0.011470405715204858,0.01127309490456668,0.010549909263710201,0.009110267091487266
2016-03-02,0.01758998466610197,0.015998331860397622,0.014185101767429164,0.010987625509532148,0.010601998520211557,0.012995155108417759,0.014953115644079024,-0.0009430895007941862
2016-03-03,0.01673673588717971,0.015512678364643526,0.013109668218470361,0.010304347314654969,0.00998000831220461,0.012993687469507366,0.009914891850887933,-0.0027041132005030514
2016-03-04,0.016359866887779136,0.015054678088031462,0.012181251485887784,0.009763941215868866,0.00972070641960216,0.011533687153806756,0.006482485993507549,0.011176200484268418
2016-03-07,0.016377027532570844,0.014850561599820832,0.011969487889247048,0.0091919578360503,0.009055531603978694,0.008696421026926646,0.013838597755679923,-0.0027459675785659905
2016-03-08,0.016229070408921034,0.014413856157074027,0.011159494066484796,0.008776286255021751,0.008911095637807872,0.011310871547949292,0.00984524992412785,-0.00926248517511948
2016-03-09,0.01497340868365251,0.01415772977051653,0.010957455560774907,0.009438276430272253,0.009955783873946638,0.01019706577831595,0.008330562067988002,0.0034062143317272176
2016-03-10,0.014645566099370325,0.013751762479191227,0.010252006793932532,0.008899260193854558,0.009276389830851713,0.0087913242440202,0.02121690512502054,-0.01799276972949377
2016-03-11,0.015398038893927844,0.014042389353644963,0.011694073118486747,0.012129745892684264,0.012069082419318054,0.01618370048111089,0.010892815304137925,0.0169346633155064
2016-03-14,0.014356226095238362,0.014232510183743878,0.01244218876695866,0.0113292313875811,0.01111439225185918,0.012110108035979408,0.007636379847899872,0.005651934749336249
2016-03-15,0.01312840033688631,0.013868206349315548,0.01170126084382607,0.01060087023108416,0.010286009292361335,0.010823642339629326,0.008021793212907637,-0.005619360928912925
2016-03-16,0.01270994699369282,0.013515996135739604,0.011107964366433281,0.010312995358799905,0.01049029766661008,0.010564798504216008,0.006438827478329533,0.005765108736880958
2016-03-17,0.012699648732725074,0.013180114232195861,0.010546362519704762,0.009706427321593054,0.009772784628861443,0.010079417145544447,0.014194280700341864,0.004136844773000176
2016-03-18,0.01125916750068855,0.012818708811103478,0.009953271252482295,0.009158141596011473,0.009141116143054816,0.011477355106640384,0.007666312259159372,-0.0018562314158245034
2016-03-21,0.0110013610583603,0.01243651372181834,0.009358916416681178,0.008705108937486878,0.008860441593465423,0.008670483798790825,0.009441861230074552,-0.0008081330950067726
2016-03-22,0.010949386176786398,0.01205927219552457,0.008801545607724129,0.008263633487026696,0.008444416525030947,0.009515542556664158,0.012875293601303645,0.001308847835364822
2016-03-23,0.010551956178439984,0.011696292920920509,0.008299762702489766,0.007860509937669687,0.007964839407831338,0.013094381910602729,0.007004550245814876,0.0010329412303378505
2016-03-24,0.01007069701157168,0.011342799039989054,0.007847936839849993,0.007500072501223567,0.007534467355768027,0.009026734668783223,0.011330113196903623,-0.015050342594797381
2016-03-29,0.009981229212863285,0.011598720334206199,0.009235192081526794,0.010141668526257778,0.009879674052425281,0.009977917507986744,0.013440874232355883,-9.826078420022885e-05
2016-03-30,0.008533693977912848,0.011245402344894705,0.008682503360364418,0.009551428502573966,0.00925685910397023,0.010945898206883922,0.012118360915213415,0.01580977108972164
2016-03-31,0.00870157478721719,0.011570153896090295,0.009863680860675805,0.009018263055745521,0.008623939580599023,0.009465468283158139,0.007357540593072516,-0.004572599883600139
2016-04-01,0.008780773205777859,0.011273458816627247,0.009408927283258177,0.008803831349411732,0.008841735633418411,0.008590415626957707,0.014790676287181434,-0.004674953729801494
2016-04-04,0.008626978583658065,0.01098984680563502,0.009014668034618638,0.008629319764363357,0.00905274644399227,0.010747963165429354,0.010412640133899654,0.0030217393106712833
2016-04-05,0.008649871852114967,0.0106807295326839,0.00853710968232121,0.00818837277605096,0.008502513823913682,0.00887991970331049,0.012532773895034236,-0.011994366985701322
2016-04-06,0.00903155018362009,0.010764069616673158,0.009171029814648833,0.009655571110918321,0.010074247695457615,0.011438044770997592,0.005242291642491538,0.0114913774324117
2016-04-07,0.009051824641103939,0.010809088229239296,0.009492496200354533,0.009112235599585771,0.00937485819519289,0.008333859073538952,0.012708970550104918,-0.004016755410791396
2016-04-08,0.00907327797847898,0.010525885449140992,0.009045326143080649,0.008825336526988262,0.009417688709914988,0.012151840362121576,0.008162546434557766,0.010938989100742562
2016-04-11,0.009151868306039262,0.010551127786729798,0.009308936703069481,0.00836443075300092,0.008791178307680739,0.008705841466526698,0.009892491538310509,-0.000693296815226107
2016-04-12,0.009132949060603215,0.010231107434976319,0.008754932022245266,0.007956096361661879,0.008364433750396812,0.009246527666790735,0.009499650888383612,0.00679930286718172
2016-04-13,0.00818797674669155,0.010058273060224901,0.008565154797006902,0.007585436021845091,0.007866377859433562,0.010067072584469953,0.008722202696696595,0.019119524449445296
2016-04-14,0.008403669118219253,0.010818137475886476,0.01048434099702364,0.007254798648130116,0.00735833834160823,0.009428637663591121,0.005788507898130283,0.0003456945351838491
2016-04-15,0.008358542560814702,0.01048891523576428,0.00968018416028861,0.006968140859028151,0.006984070271517384,0.0076349053232080575,0.00604905359410605,-0.003351984820644696
2016-04-18,0.008276946643069456,0.010202472758500024,0.009200589149677578,0.0068899135481554465,0.007171384466106628,0.007667770490721413,0.01407514743383036,0.0015278841780531716
2016-04-19,0.0082206354940874,0.009898741797236238,0.008689778938238368,0.006642160229528498,0.00682309508582105,0.010936459753152,0.006887404712736259,0.008135542446242174
2016-04-20,0.008333869152352423,0.009801898125971677,0.008639490882130948,0.006423247778260798,0.006464311676262808,0.007886020782142181,0.008127756622349682,0.0007646871007861027
2016-04-21,0.008299965284890246,0.009505138570338571,0.008177154704457013,0.006230412326219704,0.006184370249545152,0.0069610610218894375,0.010470095372952216,-0.0045185626886042815
2016-04-22,0.008394277516709866,0.00928180177622365,0.007937959527731981,0.006417142250435563,0.006644208322510031,0.009977857507712264,0.010282939249926182,-0.01118844303475131
2016-04-25,0.008839096730367564,0.0094071041778453,0.008514974571971184,0.008144203080108946,0.00828172100080518,0.009210130408758656,0.00935064030360583,-0.007875121239977653
2016-04-26,0.009043610391016053,0.009322287516737792,0.008540034921328581,0.008591889495950989,0.009096672926428559,0.009479820405266601,0.004665270753231817,0.0037623396366084066
2016-04-27,0.008332928006497278,0.009085155686311238,0.008169852147841581,0.008160740437372109,0.008547139086533442,0.00816065729955543,0.008636874043053995,0.005617100866019196
2016-04-28,0.008375860476150791,0.008915198255910221,0.007960147328166559,0.007774040644610398,0.00804121549604216,0.009114114548772189,0.014925207476931858,0.00039549765985421556
2016-04-29,0.0077219311745240805,0.008644148277857719,0.00756731339334716,0.0074282439921248365,0.0076179897663861094,0.010855985009796206,0.005845781926224518,-0.012814259694618487
2016-05-03,0.008208429601320207,0.008949320453189871,0.008503308717535758,0.009322315345338733,0.009435466193074341,0.008702254981728089,0.015138453362504991,-0.00906061318213514
2016-05-04,0.008400587894744967,0.00895603701720948,0.008671958478549619,0.009788303761575886,0.010318944027078605,0.010394394556881771,0.008548676445007144,-0.011969958167655401
2016-05-05,0.008786327043383802,0.009164865357578043,0.009221694039452522,0.010813832077071338,0.011602792368348791,0.010528530117144835,0.007819072776215743,0.0008667708424554599
2016-05-06,0.00837710190270678,0.008888202804998427,0.008701328385011949,0.01016773372394568,0.01080232308244255,0.009429855840616966,0.011751732720527878,0.0013722129082868236
2016-05-09,0.007976817985260067,0.0086239850563736,0.008238799507628692,0.009582160292738368,0.010087415151054269,0.00977247971543516,0.010671830818819804,-0.0017809734702196596
2016-05-10,0.007939257731211622,0.008372636570847884,0.007850645127101753,0.0090895623518489,0.009708901689406899,0.009750939624802935,0.008402594774580371,0.00682885756880525
2016-05-11,0.007698673435905977,0.008288122724739973,0.007789469770856732,0.00860841286359634,0.009076815020494577,0.010161561240350959,0.006404517971002173,0.000941619655261051
2016-05-12,0.007703479302069738,0.008038942620571473,0.0074175261753467595,0.008175582352489245,0.008547109320613552,0.00922471166598166,0.013199973910416482,-0.00950548052368878
2016-05-13,0.007774607564139408,0.00813439439347538,0.007843065796707443,0.008973191860235907,0.009618645344352863,0.011823644896098547,0.01135815024922867,0.0056033537936379125
2016-05-16,0.0064699838496038095,0.008005131119718656,0.00767467065503502,0.00850361923975763,0.009003681455717217,0.010158475502719111,0.009997933895442304,0.002099285549520175
2016-05-17,0.006509036544319188,0.007778278522806973,0.0073246551294729925,0.00808901467709319,0.008455559837377008,0.009483352603043416,0.010393418723483797,0.0026625121255048558
2016-05-18,0.0065614148589295575,0.007569468807040969,0.007042245495131509,0.007715794457231159,0.007976690255908352,0.00984824053352766,0.008296267765922218,-0.0003243173149008119
2016-05-19,0.006533328158319712,0.007339302244952508,0.006749817899594592,0.007382146418054716,0.007587915227668851,0.010591258604624105,0.009407591430070536,-0.01839779533863026
2016-05-20,0.007129781228512672,0.008422717399718845,0.009122830503373815,0.011120852918851697,0.010570012845144368,0.00936066189584671,0.007754486486133554,0.01685585007243985
2016-05-23,0.008290051747324143,0.009150563872880688,0.010300536263685328,0.010460171015044645,0.009798067454444732,0.008628949893155423,0.007371371130188614,-0.0032376967442100503
2016-05-24,0.008274715297828859,0.008907177490800167,0.009748832602374597,0.009970163924364582,0.009671795480549973,0.008675844834329694,0.015237397848642692,0.013419109236558235
2016-05-25,0.008623293855498058,0.009240232235372717,0.010208499739305089,0.009414318900916128,0.009013048740067918,0.010844430765083906,0.005150885430672302,0.0069859764016871285
2016-05-26,0.008614159836252787,0.009120702288469873,0.009855221962331186,0.008910733051929604,0.008455631808792408,0.009245973835930186,0.005823048394975544,0.0004469773233430038
2016-05-27,0.008572330545582948,0.008843526725490266,0.009269031889124882,0.008455618269770412,0.00798840676028968,0.008243967893438996,0.0038498437365124174,0.0008136242621694742
2016-05-31,0.008474484853823377,0.008576433181351813,0.008741337606863846,0.00804538588424389,0.00756495518593564,0.007258761015425963,0.007424007474707237,-0.006399202741925169
2016-06-01,0.008572880613340893,0.00846161222765949,0.008580357614659388,0.008228263001900648,0.00819877109567834,0.008351035205953735,0.01140213352895825,-0.006262749184099398
2016-06-02,0.008221814170591056,0.008346033204006335,0.008428459895627132,0.00835938039454995,0.008739513200150139,0.00988907110561137,0.0072361802229556575,-0.0010179762543395452
2016-06-03,0.007981185126363519,0.008095620455968624,0.007997091904953454,0.007971235275621125,0.008380601754205977,0.00934409028983849,0.012444218432303311,0.003872471600630039
2016-06-06,0.007529113183880157,0.007906104509234173,0.007693062659436577,0.007610086669903427,0.007902776726350794,0.00922551452102056,0.011138508080930509,0.010221990792714073
2016-06-07,0.007807707418549465,0.008063835622472523,0.00806986611282886,0.007286558148822881,0.007438084682438868,0.010429085710481251,0.007323895611283755,0.0017678119575361838
2016-06-08,0.007808621171633219,0.007830161415738113,0.007677927429865065,0.006997584902627883,0.007061929603374374,0.009983288411155394,0.0057643257828874665,0.0027014159126541887
2016-06-09,0.007783748166051631,0.007620406879210029,0.007356620096430001,0.006740246598818135,0.006715608670433509,0.010043089895438046,0.005971907464934148,-0.011106438068797924
2016-06-10,0.008137903394667004,0.007873216810109543,0.008043987720066,0.00831054811138489,0.008319622936626218,0.008770006679782878,0.013672229753274073,-0.018805675806326423
2016-06-13,0.009169348911672055,0.008915576084281434,0.010065385228325762,0.011809263564892482,0.011244823431816516,0.01296618283149055,0.005311963758152417,-0.011644102353529123
2016-06-14,0.009287095839129043,0.009102381791427019,0.010310069933378518,0.01233924511041577,0.0123412590060219,0.00851616489249323,0.00985766797670253,-0.020303993654079228
2016-06-15,0.010123858462751283,0.010130018880465198,0.011985627680386279,0.014949373235596893,0.014861944114201307,0.009266511076550505,0.012015986411515203,0.007283279884961649
2016-06-16,0.010283024853381308,0.009982134817784608,0.011375252369261983,0.013913688739372059,0.013597267476513929,0.010567432249304853,0.010521632559724027,-0.0027355206572809224
2016-06-17,0.010242447264653941,0.009701207089078488,0.01071596944919214,0.01307616966415663,0.012954833220996297,0.010027807597388456,0.011580606590783929,0.011794717240821002
2016-06-20,0.010657317340302362,0.009839386928743617,0.010783145932550515,0.012250627945280595,0.011948863428804532,0.010065594051855562,0.022304809505388132,0.02992427843311396
2016-06-21,0.011888335977455238,0.012030480847001531,0.014211132121590236,0.011496141802480604,0.01097626575091424,0.016752743312095673,0.014170413144951221,0.003636192122862404
2016-06-22,0.011354228739104348,0.011697941478513578,0.013301472573046364,0.0108077892960192,0.01023244934525202,0.01148322763527078,0.013502406534422457,0.005541422594776018
2016-06-23,0.011369765137666084,0.011422511396670979,0.012546712718014896,0.010180970457501118,0.009560656141854976,0.011739785433275706,0.014872876199003139,0.01220717896023084
2016-06-24,0.01130625452912486,0.011471105164746762,0.01239780632998175,0.009611372919083084,0.008929072169296934,0.011471125926375026,0.08254842087903877,-0.03196604563467062
2016-06-27,0.013280804985666132,0.013601498553090015,0.01589704863685437,0.01739542740065784,0.01478185277187428,0.017225316458743995,0.01841228299842562,-0.025824600074390257
2016-06-28,0.014337577054059865,0.014625844086973547,0.01721923587829491,0.020155031700604814,0.01790859413748202,0.01656739391238006,0.01988563333502611,0.026101493333808463
2016-06-29,0.015609306708558349,0.015554988704475563,0.01821316891223994,0.018752525524798534,0.016224149219021,0.016544401733319464,0.01603712372303858,0.03515421388195254
2016-06-30,0.01741955417751993,0.017366327717743456,0.0205910197265085,0.01746130387337919,0.014715016479544858,0.016626750219734993,0.02205335524429439,0.022419396144156053
2016-07-01,0.017940100473845484,0.0177102156255698,0.02050617120155797,0.016273531669777578,0.013450413617270039,0.016223530854345587,0.008904659023586128,0.011236846283394499
2016-07-04,0.01802439371506172,0.01738990040562982,0.019382031426223138,0.01518196123594194,0.012388646640912791,0.015225209532460723,0.012262219814903188,-0.008473268457094204
2016-07-05,0.018192581712309953,0.01698740399977054,0.01823897287880731,0.014708426984692682,0.01279225190178685,0.015955987735475376,0.012767089454321945,0.0035354383803108216
2016-07-06,0.018106033309108305,0.016492651104197693,0.016981552743804685,0.01374555382535161,0.011842956622316986,0.01376122745595765,0.018985500017227524,-0.012576074733673172
2016-07-07,0.01838448531184005,0.016284242302315503,0.016379064246499382,0.01411645946789908,0.013007310711219806,0.01669513715098737,0.014337397102532219,0.010802265472935663
2016-07-08,0.01849915243851358,0.016008350660819407,0.015643663900523158,0.013202969793976439,0.011999722242948414,0.013489559326978234,0.01102560854151321,0.008655687821965382
2016-07-11,0.018315579971744548,0.015664817564442008,0.01483411967033578,0.012366619893686814,0.011118271029596484,0.01184650453922824,0.009472307323951032,0.013907633666306974
2016-07-12,0.01778153829884184,0.015564981696725105,0.014562121694714407,0.011602073375843687,0.010311618315748705,0.013498863156885093,0.005632733072039635,-0.0003292525995801427
2016-07-13,0.01744495737279983,0.015091025158771823,0.013577442731220935,0.010905037012818516,0.009685899700256947,0.012106687123897585,0.0088625033821441,-0.001542944333188259
2016-07-14,0.01655481405949896,0.01463617226446321,0.012690606680486374,0.010292325601689477,0.009309130952568846,0.010477745337223746,0.013423499233084843,-0.002386510599921541
2016-07-15,0.016641509704135662,0.014202331224568446,0.011529190263698363,0.009744989415891296,0.00911268231105182,0.011562073084836016,0.007358999856695021,0.0022065951596929403
2016-07-18,0.016558497968775517,0.0137802751500664,0.010753580215786979,0.009206343522198459,0.008551002114885718,0.010382503137625404,0.008222127122069342,0.00392081073340662
2016-07-19,0.016496194741881857,0.01339494642121711,0.010116139181256424,0.008719148816751296,0.008045775467074691,0.010668285566287657,0.007263795804059563,0.0002986679432034227
2016-07-20,0.015499716768520504,0.012987088449766494,0.009463504792573928,0.008279620655243692,0.007597445840213225,0.010425881903127801,0.00452456398834309,0.004707152825404125
2016-07-21,0.015501451379093681,0.012644130483399693,0.009014768198144058,0.007884170735363176,0.007187409557627485,0.007763578546449816,0.003927746141102891,-0.0043339432937794554
2016-07-22,0.015592164132676537,0.012304819275746592,0.0086382067734573,0.007788498125952639,0.007507684253022693,0.0074003672081725405,0.009570647385827795,0.004556834189609277
2016-07-25,0.015460620540778548,0.011982067727823661,0.008281450789793539,0.007443714055214442,0.007106677168904169,0.009777641517310554,0.008903880657252053,-0.0030355810998135327
2016-07-26,0.013346602056132723,0.011640817641768846,0.00791721776286149,0.007267976483475733,0.007214813674213182,0.00954574369105187,0.004845175003796324,0.002069361544172058
2016-07-27,0.011459755885634802,0.011297568440988162,0.007530474034948094,0.006978823252211636,0.006845851184058709,0.007434603882856906,0.007280041317307117,0.0039185468415678945
2016-07-28,0.01045015268735421,0.010995374030884839,0.007276206490108409,0.006721580865851976,0.006509265321863708,0.010061463561158465,0.005025907525487617,-0.004349930772512556
2016-07-29,0.007903284754399834,0.01071352738073938,0.00713439957295982,0.006794377939274775,0.00690277387849622,0.009005724012496458,0.007024668951403245,0.0004908705613420354
2016-08-01,0.006477844007726232,0.010387846072986486,0.00681557068405284,0.006557917536361417,0.006565837208655698,0.010346339480814494,0.012358755363217656,-0.004531099387631599
2016-08-02,0.006211479933819808,0.010132361865504648,0.00675839961790892,0.0066822528347485945,0.006985240604490739,0.009448544155716061,0.00671338740994416,-0.007286716799794422
2016-08-03,0.00612741267231348,0.00998452032189555,0.007024028312045711,0.0072904754032277865,0.007855532900253247,0.008721588286889405,0.00738174855842075,-0.0016566518344835197
2016-08-04,0.006120093832436148,0.009688853235181467,0.0067549360759155954,0.007037066754684832,0.007661785725050624,0.009929667157842026,0.01380012390652506,0.01582136391961087
2016-08-05,0.006190079617712055,0.01016171136023451,0.008497824064879856,0.006773333038310803,0.007229284819527233,0.011628477740130622,0.006115366405588453,0.007876674607773403
2016-08-08,0.006012331423061554,0.010039286591944691,0.008454827543891243,0.006539266366342027,0.00685047424961378,0.008521260003948004,0.006465724918184504,0.002293680155155556
2016-08-09,0.005809440400270924,0.009749651115703459,0.00801185425376761,0.006332153768715852,0.006515826951909664,0.006812566846411066,0.005736525728854559,0.006178462452494971
2016-08-10,0.0052005144196211675,0.009573022456981642,0.007867544210674489,0.0061494305209163404,0.0062065721403793015,0.007151267904797308,0.006216635873787232,0.002201536131981359
2016-08-11,0.005192985939843618,0.0092970424923514,0.007490739532210324,0.0059886835329471585,0.00593119095767555,0.007424304207405232,0.01293713815530114,0.007009628805798465
2016-08-12,0.005292829938587519,0.009175891941278354,0.007512489013660323,0.005847654924533382,0.005673158847011658,0.009974357852046535,0.004840415557599657,0.0001879875933725081
2016-08-15,0.005222479421777868,0.008896476476844736,0.0070717580984908344,0.005646567930881804,0.005371696571043346,0.007726035204267721,0.005892240575857856,0.0036371024131676695
2016-08-16,0.005236872209775754,0.008671341702337697,0.006843450972137122,0.005543866197265507,0.005159995081132233,0.00862168429034327,0.003119317738677672,-0.006837707611727758
2016-08-17,0.005546734924391919,0.00857239124320557,0.007068653362297223,0.0063876491973360846,0.0062219289554806025,0.007289784712350213,0.008890046610697415,-0.00504614576090834
2016-08-18,0.005719315320149014,0.008402651566702756,0.007027860041317525,0.006650339492359648,0.006800422142485722,0.008894297880426269,0.005835866124529617,0.0014277183701689854
2016-08-19,0.0056614309649361105,0.008154175797405808,0.006708463961375536,0.006413607370570787,0.006451331887986848,0.006477183464304099,0.004090033709887628,-0.0014568767145602686
2016-08-22,0.005560300951150287,0.007913816863219948,0.006459524396714872,0.006245169526577998,0.00635892283339585,0.0050195899775087255,0.00940862484392837,-0.004456628380842125
2016-08-23,0.005629002874127386,0.007749998690026017,0.006466402810481819,0.006432932042919865,0.006811298660194832,0.007910495404155355,0.006236749489725899,0.0058407116467806145
2016-08-24,0.005668512110304416,0.007648893100712744,0.006542085233417484,0.006223969249748758,0.006462679449746438,0.007334793563253751,0.004527499320887448,-0.004772233833134696
2016-08-25,0.005805627561815572,0.007507441952599439,0.006567240783462249,0.006469162423911794,0.00696226404147939,0.007500534711233008,0.0076639835866591025,-0.0027686848862633726
2016-08-26,0.005808569872943907,0.007310261318948623,0.00641064842874641,0.006395406441165878,0.00704408946447664,0.00741556584420098,0.00776907251941912,0.0031050922055638323
2016-08-30,0.005726703429590458,0.007128255128328437,0.006253109174826715,0.006191299891313119,0.006670795635796002,0.00767987766100126,0.005738238371776613,-0.0025331482404795966
2016-08-31,0.005773272153166125,0.006938898349490567,0.006132334192230435,0.006135452123810573,0.006742278460943216,0.006914560713505132,0.0057205953472878645,-0.00577845060817633
2016-09-01,0.0058356229653467795,0.0068747975368120585,0.006360631086144929,0.006591464806082347,0.00739929550059067,0.006970687063791521,0.01385876893977619,-0.0052485797811739395
2016-09-02,0.005713241713275919,0.006788219655033902,0.006474960150157801,0.006852025713809844,0.007878861743333895,0.008997727392880999,0.017748520674099186,0.02178875987004755
2016-09-05,0.0072976148757638555,0.008473495968038515,0.010116129765670646,0.006590056297143007,0.0074242918058900565,0.013097383306218149,0.005763112323813711,-0.0022070576695316967
2016-09-06,0.006596343780227606,0.00823312772271519,0.009437646662831594,0.006447914013500273,0.007358589723609616,0.00787905746558743,0.007051353061081914,-0.007777938594616061
2016-09-07,0.006661443373241905,0.008206528395096552,0.009300977408680631,0.007294246892936634,0.008325144937751707,0.009082209609702359,0.005185425084963955,0.0029986784411937546
2016-09-08,0.006674138764442543,0.007990357072445213,0.008726904407175452,0.006978516089777926,0.007815241109509449,0.008338312045844547,0.009627418067999508,0.0017657407198414263
2016-09-09,0.006546785172831061,0.007759003041231978,0.008185867121702535,0.006700957748267109,0.0073604498829556095,0.00997196496812207,0.009801280518694491,-0.011983393252417556
2016-09-12,0.007027943125546419,0.00807502961807209,0.008967990685564607,0.008707426171927714,0.00919487568182416,0.007973688134589717,0.014640396976969705,-0.011292680420092715
2016-09-13,0.00716740710635986,0.0083033255384212,0.009439065496871762,0.00990115077695375,0.010599060747781204,0.011852765692321363,0.007182241336684229,-0.0052818736493673605
2016-09-14,0.0072024686427269976,0.008153673616968655,0.009046594704061321,0.009614182665624409,0.01064305345882714,0.008526556927221736,0.007757849943603723,0.0011545181169789899
2016-09-15,0.007129525891931704,0.007910336564892395,0.008447510684237458,0.009042841959927014,0.0098730651910828,0.008212255790146058,0.009279383240366252,0.008505228984669185
2016-09-16,0.007377303114952753,0.00794728597073118,0.00849222461285727,0.008531173345410698,0.009191434396191052,0.008693243426893722,0.007208875436646645,-0.0029760598130368324
2016-09-19,0.007336267220977994,0.007739587131313411,0.008055525877234447,0.008195911379850675,0.009053253079101797,0.008681106002917433,0.007086254455754083,0.015276955471606875
2016-09-20,0.008147323720750351,0.008385121259366985,0.009426532167244935,0.007775907815440122,0.008463063886595514,0.009104685307316287,0.009724994068586637,0.0025211821862128874
2016-09-21,0.008167392415279709,0.00815309907944185,0.008812093865483102,0.007403098947427045,0.00794336065693983,0.008559545333849297,0.006862153524787364,0.0005854115610343136
2016-09-22,0.008109793160200803,0.007906023369873843,0.008238009466707285,0.007073345062339138,0.007480620922049236,0.007859897497432473,0.010721580487448076,0.011145013586397337
2016-09-23,0.008377549365902386,0.008136803602395153,0.008735969759935212,0.006782719271714101,0.007062553569132721,0.009123956319176717,0.0052062002155801234,-0.00028941884897556904
2016-09-26,0.008298677543405382,0.007889242313956532,0.008174550843176833,0.006528079779211593,0.0067079545462158585,0.007758438048577955,0.009025179694343171,-0.013316629613691709
2016-09-27,0.008810471409782897,0.008315388931800963,0.009233142778135525,0.009044026855380896,0.008935431408510573,0.0094672875690415,0.013495945344432556,-0.001511849220499896
2016-09-28,0.008786888278355907,0.008070569545318498,0.008632676935191633,0.008559862203569493,0.008580784225577953,0.011080970264459134,0.008412529851824127,0.006106732701709579
2016-09-29,0.00887461288139003,0.007966403095254523,0.008366060485560099,0.008099943173921827,0.008046766424679927,0.0101066040482584,0.009421317037824695,0.01016800347123149
2016-09-30,0.009018617236466334,0.008115359588765893,0.008672503267415395,0.0076906107328919586,0.007569279267564678,0.009518776679761042,0.015119367074049206,-0.0029091034866270283
2016-10-03,0.008952314025670422,0.0079003348388173,0.008206675297726274,0.007455139413796539,0.007603727557199614,0.009865889231862237,0.008898865136712331,0.012130266582163436
2016-10-04,0.008035854041526118,0.008215775993341445,0.008889858030333793,0.007119303713579753,0.007172441435250753,0.01030911205782449,0.015311515323635665,0.012918274941405997
2016-10-05,0.008438484026224404,0.00857099447614483,0.009552069025592348,0.006823160684907358,0.006785416120681601,0.011181997666520437,0.00520098755857768,-0.005812486238907435
2016-10-06,0.008342767956191361,0.008430974398499153,0.009178118620592052,0.0071349576603691785,0.007433698001674446,0.009884250080703493,0.005399108250360104,-0.004745863410874297
2016-10-07,0.008440278302728397,0.008256381938872487,0.00876640506189592,0.007205619494285654,0.007809234499947481,0.00924860642002522,0.0093735366974339,0.0063228258834796495
2016-10-10,0.008517689236502098,0.008153309744298657,0.008499584657163944,0.006899171746025406,0.0073585464275635485,0.009683901114603183,0.008869545651641239,0.007509634426196134
2016-10-11,0.008050227830455177,0.008116128926538409,0.008407627606400844,0.006629655357993657,0.00695452133538134,0.009836506764335173,0.008664438568353562,-0.00375483911413714
2016-10-12,0.007572382631728563,0.007922448159088524,0.008033561023642905,0.006638963181187457,0.0072050674086697715,0.009125701423348615,0.00657389718168688,-0.00665491391803656
2016-10-13,0.007649011755468849,0.007852168267353105,0.007991224309385815,0.007128140123113809,0.007916811592273908,0.009156797603417605,0.011627302446864612,-0.006613506753819898
2016-10-14,0.007900714588647691,0.007783409407442648,0.007960445830998324,0.007525415729166394,0.00856293360911279,0.009879073359736363,0.009645293565000363,0.005131771713243261
2016-10-17,0.007798111273575327,0.007650273141440463,0.0077098213598162345,0.007184600227845397,0.008038543387711703,0.009539278499705484,0.006782630531355493,-0.00945484509451825
2016-10-18,0.008124623235947905,0.007770374774488472,0.00814568060268297,0.008240517633267396,0.009204315601745443,0.010268230945404458,0.010020536883730266,0.007528158469838566
2016-10-19,0.007636312539887443,0.00775605511098693,0.008115230185384402,0.007821370551067236,0.008608310585754453,0.009623738974914768,0.007086651716663457,0.003109402020285539
2016-10-20,0.007642146785602347,0.007558247831806777,0.007704429508834496,0.007447681599844562,0.008080668769655974,0.009199239370163065,0.006620059393388019,0.0007118045969919373
2016-10-21,0.007641594110254629,0.007330067094975943,0.0072803092749484325,0.007115617553820039,0.007610843421505964,0.008632031382059164,0.006386369673979671,-0.0009112007122769283
2016-10-24,0.007312329443192682,0.007110267773025243,0.0069286102712510225,0.006832608718626283,0.007306248685065481,0.00806031739492041,0.010665853040179522,-0.004869038455173775
2016-10-25,0.007412352672192757,0.006996070716091407,0.0068895131595635775,0.006965250318512614,0.007707694880946263,0.009591301456707476,0.0104152821238277,0.004455877124045988
2016-10-26,0.006736401068382263,0.006870196183032505,0.006753150540051425,0.006688712038659872,0.007273471317328664,0.00858225561339468,0.01168291387581841,-0.008514830668995619
2016-10-27,0.007052333831082973,0.006979810909835111,0.007253261334241083,0.007625733182315061,0.008358153315936192,0.010054271886549743,0.010409296742836142,0.004087580182037523
2016-10-28,0.006993326832424071,0.006840847419838072,0.007029228253759801,0.007273697455799876,0.00785641552055916,0.009705449313535272,0.01081250673892131,0.0013874091291455365
2016-10-31,0.006669268717666456,0.006641148700466891,0.006708330729633687,0.006961409695688807,0.007409353392072599,0.009880408535914369,0.004819650343169242,-0.00603564428586857
2016-11-01,0.006783710469977944,0.006606383641202088,0.0068471021393428115,0.0072768021736727495,0.008009850169407145,0.008644174116881984,0.011574818477997255,-0.0053491869492105675
2016-11-02,0.006326492302940097,0.006537772907260873,0.0068755186423401825,0.007413195104747044,0.008416970042096355,0.010990015171006886,0.004753405207638491,-0.010419712800298752
2016-11-03,0.0058949466465796655,0.006833165518421313,0.007691020660502761,0.008671439118703704,0.009718512874527052,0.009338566345613513,0.009394540454043698,-0.008052317286255616
2016-11-04,0.00599502916163506,0.006912380976387612,0.00791074982504455,0.009065626797027349,0.01040170904959762,0.009094739176799708,0.01071876743129164,-0.014417550498649059
2016-11-07,0.006585346053670746,0.007575361104252891,0.009263100240899767,0.01101885590214896,0.012195887257125447,0.010387739056835531,0.007677635047315105,0.01682977753505486
2016-11-08,0.007583451618970852,0.008422435207290357,0.010595905608949786,0.010321085502305363,0.011243507346027564,0.010230643795944393,0.006153952971196465,0.0053040417388158885
2016-11-09,0.007464841717474213,0.008268563445833259,0.009982902038289915,0.009690440665817764,0.010415201743921463,0.009783272254464567,0.02911373257981119,0.009989250560731092
2016-11-10,0.007870666083196438,0.008381771923418565,0.009941242061946921,0.009121873032180192,0.009680406623359318,0.016246597686105348,0.02550251088855473,-0.01219829096574462
2016-11-11,0.008154692287632112,0.008658334290770557,0.01039848400212193,0.010458090833687414,0.011165357950238241,0.021829191279137804,0.015487185963014433,-0.01439722767772748
2016-11-14,0.00857221382235943,0.009105248893772682,0.011117131022162108,0.012046493345213696,0.012846004080080506,0.02106631242311125,0.011490768607293816,0.0033818893664348355
2016-11-15,0.008510580335621453,0.008866648437470837,0.010303846973602135,0.011242175209304144,0.011809422086320463,0.01874249631756949,0.008120386429103793,0.005832039503961639
2016-11-16,0.008476949156494358,0.008714423006110498,0.009748577232286686,0.010513658764122915,0.010905454558000688,0.01854158884926883,0.00911603856786792,-0.006350446672552731
2016-11-17,0.00831219934330043,0.008590948062124367,0.009388060131401164,0.010319085340173657,0.011129995607926072,0.010903086156728303,0.005131051857070102,0.0066448370657764795
2016-11-18,0.008449877182325058,0.008486775410460343,0.009043195094713493,0.009679684840649336,0.010309769187885445,0.009242108805925428,0.009789951814404285,-0.0027854555425443953
2016-11-21,0.008437188809454153,0.008256473896907089,0.008505010903980762,0.009197949470823733,0.010001219111017558,0.009337202890960895,0.00939671844774702,0.00032463220931707256
2016-11-22,0.008447509407183014,0.008005343384388281,0.007953477251118501,0.008670737267833784,0.009305606662681418,0.008960548158544702,0.008920232120520292,0.0061334094332041135
2016-11-23,0.008579596420515541,0.00790553692144753,0.007791312653197795,0.00819820349891356,0.00869730717354436,0.009102891668989989,0.014172247709168266,-0.0002933110437969624
2016-11-24,0.008486529182448807,0.007665039142593643,0.007340303032607699,0.0077765413016436,0.008166640500018536,0.009009409189775101,0.0055090704789552206,0.001685364840674857
2016-11-25,0.008348296670438187,0.007442988837343107,0.006967037927429913,0.007400423864429586,0.007677157843601461,0.008966520338186955,0.004539570701194116,0.0016971474446670167
2016-11-28,0.008293141868950006,0.0072282097665868576,0.006649127796577823,0.007066557193214053,0.0072392751101973025,0.007936928927950886,0.008616569378176411,-0.006055603792731913
2016-11-29,0.008344705191425331,0.007163268505484608,0.006807412305905773,0.007371869757787653,0.007863500864256022,0.008831956668164637,0.009519018736176138,-0.00405261579598776
2016-11-30,0.008300235379904571,0.007015632004898845,0.006704806051878077,0.007302043944151139,0.008054768484386368,0.0089364010608275,0.011220763414258532,0.0017409526520606037
2016-12-01,0.008269912093215528,0.006815262419795318,0.006427993899460293,0.006979423280272999,0.007577269323039431,0.009248151424879768,0.013799761096540021,-0.004565374673265324
2016-12-02,0.00802906806288596,0.006701603725532526,0.006447259142581893,0.007041896460828786,0.007891423827150943,0.009170057602767736,0.010200370622433065,-0.0032928921148361284
2016-12-05,0.007875309895901286,0.006547319394471614,0.006340472077023959,0.006927851308089776,0.007947605212271822,0.00954433623312575,0.014290116029942726,0.0023891682668745386
2016-12-06,0.007207496347199547,0.006374781194556963,0.00614674874871798,0.006648825868349406,0.00748234286232565,0.010160004160058368,0.007796083761130498,0.0048792845904180576
2016-12-07,0.006252145554586321,0.006295078255957263,0.006178424480687152,0.006403241592097103,0.007069021497636852,0.009552985062094118,0.00816248700030102,0.017892598371927453
2016-12-08,0.007317906522259251,0.007513922692153178,0.008933907953656665,0.006187834704579783,0.00671583093800861,0.01016759848860961,0.005148002462583541,0.004250465419885398
2016-12-09,0.007044317440150429,0.007359040667598847,0.008456683805626386,0.00599953262573631,0.006378696250419621,0.008641891037670796,0.0035938055118827092,0.003255126813797455
2016-12-12,0.006475584297559306,0.007179268890978067,0.008001652378749127,0.005866374715068757,0.006079498980205668,0.008328827429141565,0.011666014210482906,-0.009216655104924063
2016-12-13,0.005941449700393493,0.007317526329287438,0.008338877844629835,0.007184907998213333,0.007432996153246993,0.009202956415588765,0.010126850248378033,0.011285205272229544
2016-12-14,0.006329599091293733,0.007614116597951955,0.008849115847743677,0.006887071713778592,0.007055320891281135,0.00962738116490819,0.003141080619986763,-0.002787798727448905
2016-12-15,0.006313767244705091,0.00741367618512307,0.008335320659931205,0.006743103760865179,0.0070994167964374385,0.01178872757632876,0.009942026299083133,0.007140736669795271
2016-12-16,0.006204840531780444,0.00739758380246083,0.008225403565903747,0.006495613069993964,0.006741155216900519,0.011503265107133807,0.006369196701938474,0.0017986386588521091
2016-12-19,0.006102063557077157,0.0071857426484026,0.007732480947173342,0.0062772257270955955,0.006399908109668327,0.011631781808399995,0.005324004496098211,0.0007983577066378967
2016-12-20,0.00602596645095037,0.0069695800494859505,0.007288840012906174,0.0060851272649308655,0.006088020128346943,0.0123383995648181,0.006412626525193537,0.0038119125610670424
2016-12-21,0.0060351681207628715,0.006821464941243505,0.007032450384662396,0.005916670342686341,0.00581572902004414,0.009083845794652564,0.004241035990054025,-0.000369176598396965
2016-12-22,0.005969959511869154,0.0066142738369064855,0.00669147955090428,0.005770445235100911,0.005580302178699727,0.0067059654904931855,0.005292722903937993,0.003161979508096473
2016-12-23,0.005964999021949855,0.0064593798580659285,0.006487642218855325,0.005641880147784066,0.005351945484607386,0.006717247491598523,0.0021697392884997557,0.0006368570612719236
2016-12-28,0.0059694082313543,0.006264543724544515,0.006225282738952746,0.005530070749560596,0.005134993451420866,0.009085081125917388,0.004760507114007553,0.005347719509577549
2016-12-29,0.006024120268541493,0.006213350451190826,0.006299706159123075,0.005433068337260293,0.004953043984877365,0.008993215508274352,0.005940611287712225,0.0019962892531891273
2016-12-30,0.005748262242683635,0.006043880429533526,0.006099252074001273,0.005349098843951937,0.00477487515774547,0.008574555554211142,0.006945708444002667,0.0031549969731344855
2017-01-03,0.005568938434546046,0.0059105009569187725,0.005995115770935485,0.005276558111685676,0.004615508760809343,0.008828918596247145,0.007274052948320347,0.004902004830308743
2017-01-04,0.0055889882362035,0.005854891916117297,0.006065356609353143,0.005214004980057882,0.0044752044384198005,0.009016487721009958,0.0024182825898264007,0.001642585073793583
2017-01-05,0.0053449479907793345,0.005690769625624438,0.005890435380857059,0.005160152568745223,0.004334777015952502,0.008146754107978743,0.005172558945351784,0.0007785888471176911
2017-01-06,0.005177061269508278,0.005520700990959869,0.005725069181599929,0.005113858206052124,0.00420237308366122,0.007778211750630036,0.00352098894619053,0.002054785734142861
2017-01-09,0.005180123766981474,0.005376130553705368,0.005623768944837121,0.00507411246740678,0.004084639546206556,0.008149540761862487,0.0035817328024573152,0.003834471991060568
2017-01-10,0.005167814134446257,0.005296300923632361,0.005660750766337816,0.005040027771995348,0.003982070552466684,0.008149540761862487,0.004481087345635266,0.005195246400940372
2017-01-11,0.003951860346922832,0.005290292087894381,0.005833338364526781,0.005010826919998372,0.0038919475866032293,0.007935671757658165,0.009191005379024652,0.002059591556006709
2017-01-12,0.003932437065768077,0.005153879509202564,0.005713487230705709,0.004985831882680344,0.0037974632167116877,0.007819983181433902,0.005104964254389139,0.00026057917296974485
2017-01-13,0.003954259243072496,0.00499727922433583,0.005404328481389704,0.004815301841800948,0.003579832670246006,0.00794066157348915,0.0030179766013376293,0.00620636023154482
2017-01-16,0.0030431629862083193,0.005077949005911921,0.0057400618295144375,0.004795590107118502,0.0035134560751811763,0.008139071577673239,0.004205383064664781,-0.0014592669433502146
2017-01-17,0.0025358782764310465,0.004936213097199171,0.005611438871455513,0.004826072127808569,0.003658026774468264,0.00795342206955717,0.007275105613872521,-0.014669450203198008
2017-01-18,0.0043936231639937215,0.005984629805789943,0.007949405043281376,0.00850854894471061,0.006999521311687707,0.007614152994291233,0.004577431030316174,0.003760026547646175
2017-01-19,0.0042485777101828655,0.005874956532260357,0.007562291368385285,0.008056919108523863,0.006625420635558215,0.0079315071778735,0.0061682595420769456,-0.005423366917836462
2017-01-20,0.004520559017024549,0.0058488444947802035,0.007457225586441898,0.008074217841146796,0.0071892906879804375,0.007784009478354745,0.0034303532655342943,-0.0013882335572082142
2017-01-23,0.004558155971109217,0.005680851569371884,0.007058620431945866,0.007693414813532849,0.006990211180755612,0.008139071577673239,0.007013261691871044,-0.00657860431326495
2017-01-24,0.004818561287315529,0.005738678607717232,0.0071981425196108615,0.007967914912741274,0.007726425303479436,0.005538908547763872,0.006112084795544422,-0.00012586092384540452
2017-01-25,0.004816105192988779,0.005563940751952718,0.006805959157814172,0.007571482202421067,0.007267257103532956,0.004965158976080857,0.007195101017219954,0.00197000350130608
2017-01-26,0.004792988500876719,0.005415980549953559,0.006496176979906596,0.007216562184020928,0.006859048171192445,0.007558894489534329,0.004457845343905071,-0.00040486113118362355
2017-01-27,0.004798780018849718,0.005251924347375859,0.006211324352585743,0.006901888337255766,0.006532497935001585,0.006075413817521992,0.0036333080442906246,0.0032064714493414415
2017-01-30,0.004715427098353466,0.0051521485167697065,0.006060324121329876,0.00661994022475866,0.006201927041911485,0.005991060455461847,0.007186977479013599,-0.009228898615460791
2017-01-31,0.005155688080771544,0.005482910765076192,0.006904179678823571,0.00774625259478985,0.007561551563419207,0.005628876769539781,0.008179374185532532,-0.0027149274291554545
2017-02-01,0.005134477149209706,0.005357314783271181,0.006658589520177981,0.00748275051357425,0.007545457965723221,0.00740794939111162,0.009466512187601781,0.0011966017940902923
2017-02-02,0.005009215575246057,0.00520237289484806,0.006349665469940762,0.007137291378417039,0.007105807195039817,0.0074774720522491015,0.008586924518591726,0.004646111456270104
2017-02-03,0.0051142684998961045,0.005170685042880861,0.006295956008806622,0.006829255963126148,0.006724705965253586,0.0076857919593736595,0.007295984226996941,0.006629889384557086
2017-02-06,0.0053321517740518186,0.005269644274426815,0.006493044134030564,0.006555461339462305,0.006389425986389041,0.008154827692601865,0.005474575909042739,-0.0022422626991475095
2017-02-07,0.005329938329954953,0.005138547095529888,0.006282694390291762,0.006399693836725514,0.006414240261208323,0.008386619075412102,0.008839178666445627,0.001950078621100828
2017-02-08,0.005273279514824895,0.005004853112280959,0.006052949445530134,0.0061752337325518105,0.006089914267279578,0.008405537031354918,0.006489094671054673,0.0003617391343794911
2017-02-09,0.005122907903017606,0.004853194072676096,0.005829171830198284,0.005977391521674119,0.0057898058676840855,0.007278350916996501,0.005645599635410632,0.0056456181522855295
2017-02-10,0.005272555105012682,0.004904351476385012,0.005991828311291727,0.0058035500172001035,0.0055391516940044875,0.00724636402454406,0.004913301517128189,0.004044648432687979
2017-02-13,0.005360196954820409,0.004857062327819911,0.00594241823602396,0.0056993429337340185,0.0054077062227041416,0.007542519293415746,0.0048324616273630275,0.0027652259721748455
2017-02-14,0.0052042502576431955,0.004757560264419059,0.005809612902974185,0.005570725233099277,0.005203270971710502,0.007646862957272407,0.005246796038859186,-0.0014160511044687468
2017-02-15,0.005203812242787233,0.004625649028323747,0.0056651956345758194,0.005495321398374307,0.005196371616002662,0.004929209343763496,0.00439704942863709,0.00463936045912687
2017-02-16,0.004152778599476413,0.004626472860119367,0.005741486242252413,0.005392864661641403,0.005024302973167087,0.005859167452168794,0.004693387450558712,-0.0033607021884639408
2017-02-17,0.004167203640800524,0.004560444628527858,0.005745271554979531,0.005526512923775552,0.005360873163290036,0.005820819941858673,0.0066078558564735095,0.0030319890972446487
2017-02-20,0.004002047999738168,0.004483455516722018,0.005663725887227987,0.005420009965224557,0.005162525780653845,0.0050430444410422,0.006062033520478284,-1.3698723964095248e-05
2017-02-21,0.0039790562322970105,0.004346872695111037,0.0055044021559845415,0.005327395331693895,0.0049586444802315124,0.0052546811595230065,0.0061027455163000024,-0.003444328159655552
2017-02-22,0.0037456357535724434,0.004298067924327807,0.005561851986789498,0.005483365980617106,0.00531602918740719,0.005706917667760981,0.0041116056660883415,0.0037730457531155288
2017-02-23,0.0037929462656610883,0.004268388110811106,0.005572338870157852,0.005382464741675098,0.005127121835866849,0.005133762407951587,0.005068197263885467,-0.004240521803481854
2017-02-24,0.0039524361237605315,0.004266721264693896,0.005702470169732394,0.0056488299968005555,0.005608608411227264,0.005157287329177396,0.010000274429812816,-0.0038167196404142083
2017-02-27,0.004068791009610252,0.004241067867691701,0.00575925349759775,0.0058026186919212,0.0059673830004812545,0.008035352983228132,0.0058954932999759,0.0012830508013300511
2017-02-28,0.004027284463375227,0.004123861105856092,0.005593786114405399,0.0056610212084448365,0.00570166734176563,0.007280488530561464,0.004801925933617254,0.001432862387278927
2017-03-01,0.0033631271360030565,0.00401360713977113,0.005459716591996843,0.005537263591033594,0.0054612171779287655,0.006752854152293171,0.007498572579171556,0.016318476587190545
2017-03-02,0.004644111950678788,0.005578535688124408,0.008095129537657075,0.005429370039000034,0.005353965816164783,0.006873405873339011,0.002836801388806481,-6.772635844731445e-05
2017-03-03,0.0046613861060922366,0.005408616459856875,0.007581181153150113,0.005335526507378587,0.005133161155607716,0.006601772485707439,0.0036235381449223857,-0.0010978065303889146
2017-03-06,0.004654900410065312,0.005250738504242475,0.007156249873699493,0.005276389027765654,0.005080839394032692,0.005401155794959726,0.0036811946230992537,-0.0032870638925394167
2017-03-07,0.004614746213334591,0.005154059263488984,0.006910070770761933,0.005419832000339008,0.0053992643110010625,0.006001242328194152,0.003471317086469154,-0.0015113250114432914
2017-03-08,0.004591290880140795,0.005010739813188872,0.006596449161492986,0.005370455290618554,0.005390363305854216,0.006029197702450795,0.005008751755839785,-0.000599716515630113
2017-03-09,0.004601245337700245,0.0048603129797261686,0.006300686511284654,0.005290263780536977,0.005235922775807743,0.005932032937884208,0.00925761549795691,-0.002675842575208007
2017-03-10,0.004668684704597886,0.004757614080027796,0.006148561078169817,0.005357875845877003,0.00543516435059285,0.006354773633182159,0.00683274247439208,0.0038340623167492814
2017-03-13,0.0045913264939340245,0.004707313486621963,0.0060574166132916826,0.005273460643922538,0.005236283767739478,0.006065228770026661,0.0036938571168147567,0.0032630448661363164
2017-03-14,0.004566318843568141,0.004633370258630121,0.005891141248167252,0.005127346294542669,0.004999038015369845,0.006155280139027531,0.006002380102278918,-0.0012495757143775022
2017-03-15,0.004559799347226094,0.004502634686969662,0.005717874901357283,0.00509350545338648,0.00497979069790563,0.00763740472293477,0.0031038139086833998,0.0014531629216605285
2017-03-16,0.0045420264777462456,0.0043799539866826885,0.005553490060275414,0.005032413309764766,0.004797577636676306,0.006498627716717937,0.008202905237534978,0.0064120994012975335
2017-03-17,0.004635379525764915,0.004527676913590162,0.00587021215160786,0.004979613581820755,0.004666307922309667,0.006295183895944573,0.005628975848842168,0.0012128564252092296
2017-03-20,0.004539777522835412,0.004399787265575028,0.005675417059737054,0.004934046253237757,0.004507913046404872,0.00599708144268788,0.004312544779812357,0.0006462557782074457
2017-03-21,0.004514929973912104,0.004268688217149291,0.005503647876650804,0.004894770889545269,0.004357992680609981,0.005758373427536155,0.0085593693107086,-0.006955680693279689
2017-03-22,0.004824057875661213,0.004475632556849062,0.00604443505214248,0.005856115090391364,0.005426027896279158,0.0072925126152846844,0.007879150526490618,-0.00729106134066433
2017-03-23,0.005049434939875686,0.004692439035863059,0.0065073927128769206,0.0066473071933596,0.006427761769318182,0.006768634244511794,0.004707844936560924,0.0021820074935846303
2017-03-24,0.005006877403918162,0.004580776622047567,0.006244767664039424,0.006396445958932478,0.006122738168627776,0.006435794144263059,0.0037151238851360186,-0.0005314256640141492
2017-03-27,0.004904941263121245,0.004443134972923289,0.005993328192525152,0.006178243893613592,0.005890528373455254,0.00656292482923783,0.009381624865458038,-0.005919239718466555
2017-03-28,0.005016081426900509,0.004545239863311673,0.006249865638432626,0.006593840274259942,0.006583728105188735,0.007382261294458745,0.006057541164832588,0.006818410090079823
2017-03-29,0.005210542141958934,0.0047126527624603756,0.006471615858962026,0.006348979116032103,0.006297168393182937,0.006156723098123409,0.006978046490605346,0.004117664867640644
2017-03-30,0.0052649148595404005,0.004679087532167571,0.006338727789207521,0.0061319918201003945,0.006018140040526119,0.006146660332247749,0.005762092842539935,-0.0005697542071757016
2017-03-31,0.003867028184175133,0.0045386898679090765,0.006073880078544006,0.005945422674550309,0.0058014693031760425,0.005956374211780905,0.0029209571737193593,-0.006343436914607659
2017-04-03,0.0041009236772936945,0.00466669849973333,0.006376063252535594,0.006497700794211275,0.0065817942372730295,0.006184040955616028,0.007821336793371107,-0.005504751809255153
2017-04-04,0.004249278510054473,0.004721178660362091,0.006494434529896616,0.006774197735676259,0.007125424732934359,0.006433901100418891,0.003138098172447534,0.005354526812898969
2017-04-05,0.0043916085526652755,0.004761555807703836,0.006479766269540591,0.00650921351188998,0.006776216049476287,0.004982348691921707,0.005193081938804178,0.0013512132263644012
2017-04-06,0.004392765033744659,0.004628349113698271,0.006194337331684905,0.006273911031154956,0.006432317362886932,0.005140505007043883,0.009079136301977223,-0.0038948043413423645
2017-04-07,0.004471622744908508,0.004587645217169221,0.006159796476952873,0.006332431596227167,0.0067152322734179756,0.006003763745287733,0.006590689229901127,0.006306068970823634
2017-04-10,0.004649424158617959,0.004708469992703125,0.006328623443480108,0.006117352479160945,0.006412493509770682,0.005857295591859248,0.0029025916388717168,-6.803507891294672e-05
2017-04-11,0.004575292217100793,0.0045650614473599785,0.006056922235584971,0.005927385438972127,0.006092864108639364,0.004892540408830649,0.009390252590144524,0.0022562941122112982
2017-04-12,0.00454497974160413,0.004460364407123033,0.0057872842249443454,0.005709291391578866,0.0057573935875255364,0.007105466270755802,0.006691398705927057,-0.002242686726121776
2017-04-13,0.004563647183910547,0.004359235968694694,0.005669110860408599,0.005656685970754639,0.005821983420935334,0.006144142044302563,0.00606712383567386,-0.0029162088175670943
2017-04-18,0.0045908459966772005,0.004286375901501785,0.005623133420931931,0.005678749768652045,0.005990424610091665,0.006010700106938452,0.01135255557437124,-0.024885395514837323
2017-04-19,0.006842548280978043,0.007377507157748468,0.011087677389559703,0.012970260500640297,0.011042515913724509,0.0081010745213377,0.0030208970612069686,-0.00464174611103662
2017-04-20,0.006834800267425894,0.007242561947849083,0.010376847074459794,0.012317910374129165,0.010927912514017424,0.006749261979422005,0.004114345636506197,0.0005761299683701557
2017-04-21,0.00683344184277139,0.0070233422883092395,0.009568884732067873,0.011527979632854079,0.01014178348126227,0.005876573807898402,0.004045260650265235,-0.0005480183653041383
2017-04-24,0.006745377112611109,0.006810705993694805,0.00886332770972308,0.010808689318596014,0.009498927000034471,0.006172723427205025,0.011855025308661773,0.02087799158852952
2017-04-25,0.00822370047937392,0.008352006054286593,0.0113675133227449,0.010149799636848105,0.009038166237385825,0.00601802754447998,0.004028501303604844,0.0014992815886595242
2017-04-26,0.008214361415900885,0.008105893876674868,0.010454007976520517,0.00954977095745032,0.008466128718219727,0.006559684170213134,0.005073149887432751,0.0017989197603392566
2017-04-27,0.00822856845433302,0.007871299215870818,0.009651930373649942,0.009004463002589119,0.007956203087624179,0.006599084090958882,0.006153975576835636,-0.00709081238108336
2017-04-28,0.008272332565008424,0.007826665156913635,0.009375464316971475,0.009137609288127147,0.008604721649963405,0.004981054442666419,0.004701775402894344,-0.0046118452225629315
2017-05-02,0.008150923159223025,0.007671859827392037,0.008893571328188098,0.008896199330066053,0.00876404419370366,0.006716209636012888,0.0039481577796076145,0.0063927158346663675
2017-05-03,0.00823581137506909,0.007601183865888939,0.008576210425932046,0.008411958207911947,0.00826114124201862,0.0062846383319140105,0.0037509963075356106,-0.0021540126799085234
2017-05-04,0.008240803523974414,0.007388484461023093,0.008043732570665226,0.008036217748132046,0.00806524722796635,0.006159830614196396,0.00702575951504482,0.001878116359994779
2017-05-05,0.008163219039398458,0.007178158519887515,0.007541688359799358,0.007635237184547311,0.007596886822680287,0.005607699139059766,0.008008459673224297,0.006778754774191481
2017-05-08,0.008225685826246588,0.007154823067676315,0.007493534208884615,0.007274476306533755,0.00721606532153321,0.005996682031702934,0.0047634645331951254,0.0004795078970924891
2017-05-09,0.008138186600788687,0.006937852636902169,0.007041958204064375,0.006950820433471541,0.006820140388849668,0.006453482058967912,0.006015645540410016,0.005640897011262486
2017-05-10,0.008230696060433263,0.006866946512401881,0.006948324847745784,0.006661302781234073,0.006505110785374767,0.006148374119699275,0.007232329142235581,0.005839472301910511
2017-05-11,0.008270363184908163,0.0068096713096759565,0.00689369712614699,0.006403096035830745,0.006221312188348565,0.005153721201307958,0.003494950135011094,0.00018955036003643103
2017-05-12,0.00816385380283456,0.00660238454692044,0.006524099924071665,0.006173507748857891,0.005916310698997087,0.006831913406336483,0.004174238684311635,0.0065848301619877295
2017-05-15,0.008279549787197577,0.006601332600227199,0.0066435919007336065,0.005969978983934742,0.005692443942852561,0.006350457448403071,0.002559197806034022,0.002552084018920152
2017-05-16,0.008282835727134565,0.006430686164265109,0.006414455904337496,0.005801025071780076,0.0054618224645029126,0.005670207699798093,0.0070791714068048905,0.009027597967749506
2017-05-17,0.008454729523754782,0.0066153119786381475,0.006960853882384208,0.005649305719904538,0.00527691082157785,0.005554280546790358,0.006576797142958697,-0.0024624816942374153
2017-05-18,0.008444505060258567,0.006442083543846495,0.006686853359814886,0.005638409785802204,0.005441313975699779,0.005448165487865671,0.012607510928570867,-0.008982717579982251
2017-05-19,0.006479312297602959,0.006622066661552666,0.007307028191954708,0.006965726819184734,0.006779090803059222,0.0074979550297179735,0.004090562168624584,0.00460184214646226
2017-05-22,0.006325777786464666,0.006518533418361973,0.007075385413879313,0.006675988329189233,0.0064531393393122685,0.006918168179694999,0.005322954960137443,0.003420862559618194
2017-05-23,0.006316861192159897,0.006375259939001042,0.006791675729250993,0.006419123702776725,0.006152295650020633,0.005964656994721701,0.004499777139385214,-0.0014684682512814836
2017-05-24,0.006341938410244006,0.006191501180872291,0.006491772566645907,0.006230634812798558,0.006075209693097045,0.00638025612172539,0.004607318764597275,0.003946619167784872
2017-05-25,0.004755737272300629,0.006080226462205994,0.0063429837204307905,0.006026067839240047,0.005811614041747712,0.0052678488691279834,0.004138897539700943,0.00037252371943391884
2017-05-26,0.004763427415412265,0.005895704456390251,0.006071650946994783,0.005846342790239752,0.005554628245522145,0.006890755587069618,0.003794336571649126,0.003969391815478965
2017-05-30,0.004792358259532241,0.005798201053599414,0.005999433653636882,0.00568892339171754,0.0053373849456893295,0.006657423880933878,0.0059888441040812385,-0.0027995056130003713
2017-05-31,0.004481904446637076,0.0056632341670742265,0.005911705101251774,0.005707259649582756,0.005552408461054221,0.0070309456540102126,0.00842927352599366,-0.0008639883566730779
2017-06-01,0.004281164295997057,0.0054947863024942005,0.005730058925026537,0.00558207887482644,0.005434108424691665,0.00657993217067837,0.0043696871097719785,0.0031598958833049455
2017-06-02,0.004173784902799517,0.0053833272647195495,0.00565600426465921,0.00545835833234681,0.0052234073957786705,0.006268398039569126,0.007444382075247179,0.0005035980863685374
2017-06-05,0.004084336507739822,0.005220786947834985,0.00549608414736843,0.0053508173844481885,0.005017914378191181,0.005421724916550449,0.0048688188989199615,-0.0028925146548749083
2017-06-06,0.0042228044783066505,0.005111087735025007,0.005510226525449464,0.005432810256844795,0.005277790499055793,0.005108809609871507,0.003155589130403785,-0.00010630664160754686
2017-06-07,0.0040810391089896115,0.00495545182916136,0.005378677470662235,0.005328824059661187,0.005065053367017423,0.0067464118809198465,0.008650305216285127,-0.006185201941654149
2017-06-08,0.004407400802181042,0.005037709404562046,0.005839475989068219,0.006004487751352286,0.005907082699727514,0.0066767692170955194,0.0039331019062689805,-0.0038315763018171418
2017-06-09,0.004409006674643025,0.004973596656296418,0.005877397706468521,0.00610361518002304,0.00624162853808067,0.006695865454981755,0.008534628892812278,0.010322379383217438
2017-06-12,0.004764761189809486,0.005444773167489706,0.006828464448129618,0.005914407139286573,0.005993278962424163,0.006235699378405102,0.007038412105797702,-0.0020479819914085316
2017-06-13,0.004806455001686245,0.0053026856751007745,0.006551018304351107,0.005829269568654839,0.0060239023777117736,0.0058565558458347645,0.005998080410775198,-0.001532077329850597
2017-06-14,0.004641623199870522,0.005154823227178827,0.006291641285274879,0.005719716935314225,0.005968867474034256,0.005317262756170163,0.008519719982689978,-0.0034725039568175922
2017-06-15,0.0046888388038004904,0.0050696516031243635,0.0061561576051228795,0.005778950603318663,0.006200869432714176,0.0056582989346664085,0.010783607404178813,-0.007385657120563457
2017-06-16,0.004495078368768342,0.0052375720711594536,0.00662179216098815,0.006641521039962278,0.007138957378753419,0.006468863332252337,0.0058095353577208115,0.005926281715111855
2017-06-19,0.004694640404639842,0.005281427877626116,0.006641526550374654,0.006379480751191463,0.0067818067760388985,0.006278914756094655,0.006634617237938683,0.008046856388800499
2017-06-20,0.004581019864220649,0.005486801022954185,0.006961490785324471,0.006148286721952434,0.006472817290841315,0.005500262290568595,0.009681480039503488,-0.006814949857890623
2017-06-21,0.004751206767890339,0.005575419161955039,0.007147587537604139,0.006781410548739553,0.007272586015621153,0.006540929672632645,0.007136634246426488,-0.003337692854247171
2017-06-22,0.0047376911976925945,0.005467046050378875,0.00689400952558339,0.006695788298666798,0.007380197351990378,0.0059210908840151375,0.006332089253514183,-0.0011419283706923067
2017-06-23,0.004734230357868106,0.00530787311360897,0.0065516325221007966,0.006450169628948812,0.007122849549091892,0.004644409359844938,0.005541487626179201,-0.002045293176359365
2017-06-26,0.004645636470954595,0.005170502820944819,0.006304998890766606,0.006286530736286759,0.007035275474628977,0.005429949268650988,0.006837879745036095,0.00305294469483646
2017-06-27,0.004709466854449027,0.0050684595031131735,0.006109830550511436,0.006066469947982068,0.006670725394080134,0.005273895200806687,0.004994793594323676,-0.0016665326546124598
2017-06-28,0.0046043678705988186,0.004930980094864481,0.005915098659492354,0.005926434615112712,0.006567647143568393,0.005481669591378784,0.006327638893229105,-0.0062878862162487345
2017-06-29,0.004743966461555828,0.005022742437981684,0.0062558775197787,0.006490569203710028,0.007260712927909249,0.005575793085871194,0.013594731357620295,-0.005088862326431454
2017-06-30,0.004831771433558825,0.005026734157387524,0.006348498277656146,0.006703864864842329,0.0076647544625917455,0.007646514064382618,0.008728579429019487,-0.005128566107003203
2017-07-03,0.004805978803152408,0.005032902177723882,0.0064272555934659905,0.0068865001962161955,0.008030368310618102,0.00748674634805924,0.006158640792243647,0.008768044844905575
2017-07-04,0.005290606389579922,0.005331323915768207,0.006922307533889751,0.006596285223382486,0.007599912973481695,0.007709399856842549,0.005628837690512837,-0.0027011818817093856
2017-07-05,0.005287507340194448,0.005211085954639016,0.006657515219693758,0.0064692218734329855,0.007568776924958836,0.007580465618989484,0.004976298974390524,0.0014125830883053615
2017-07-06,0.005311809878628002,0.00506416975188627,0.006334621700842009,0.006227376457398759,0.0071408180613610735,0.00784505780873963,0.008497611764411267,-0.00412108112028575
2017-07-07,0.0052296544462879044,0.005012590641111958,0.00629747063310016,0.006328923424603719,0.007393206688646213,0.007563346300881752,0.005629778436025633,0.0018518271655476007
2017-07-10,0.005217856504664938,0.0048810098207548195,0.006043722104230535,0.006103771977921433,0.006985668786237249,0.006511892138111968,0.005239041451616617,0.002594951493172537
2017-07-11,0.004647601819835244,0.004774811813380899,0.005865291267955031,0.0059059174059640515,0.006623187385145358,0.007288268537851072,0.009652083462751185,-0.005469475804535321
2017-07-12,0.004744922876863023,0.004819316146155337,0.006093581384603757,0.006301747370960204,0.0071642487245204,0.007772277667445706,0.010091276065159506,0.011812949726710388
2017-07-13,0.0055235559487260225,0.005495908160108313,0.007313541780710575,0.006079856779997627,0.006840875110105687,0.00928607313914407,0.0031223612639831562,-0.00047200664382794427
2017-07-14,0.005482373346874116,0.005329734846162002,0.006777005414100045,0.005867206599090236,0.006507430409256975,0.008113422050045891,0.006057310099848103,-0.004732360540220239
2017-07-17,0.005341868450657563,0.005295792980803527,0.006717175370879449,0.00611088833188882,0.006896413363048168,0.0071661481409315214,0.005485639753326764,0.003477087893529054
2017-07-18,0.0052254295901778165,0.005204623551320096,0.006499840739289836,0.005918007677433784,0.006567325511104608,0.006333795222832336,0.007699106561711375,-0.0018791026395444835
2017-07-19,0.0048612552046570865,0.005067018998986982,0.0062712814941706515,0.0058132290179276295,0.006512706333637289,0.005546377904416777,0.006771953539947755,0.005492183752415199
2017-07-20,0.004848422673595492,0.005093529776701707,0.006293434454403974,0.0056553986802010394,0.006225017680185985,0.005810541135062486,0.006583011825775452,0.007641402439489628
2017-07-21,0.005086846786816858,0.005281180239824467,0.006578918761989382,0.005516661210278745,0.005970336368369899,0.005600235070443135,0.009616907826475302,-0.004685165991524694
2017-07-24,0.005193174176905639,0.005247328812269156,0.006547858099983768,0.005816364771828421,0.00640315097231216,0.00628122847049367,0.008951173140711673,-0.01014128147181168
2017-07-25,0.005640614417797823,0.005661548152021361,0.007323683590100124,0.007360129335603715,0.0077194499730657735,0.006884108053901745,0.007354930503100115,0.007709742830135859
2017-07-26,0.005865996046213653,0.0058048555450938635,0.007415413430351182,0.007030865646077794,0.007331982691145595,0.0068993698759059925,0.006421284881310153,0.002351029825917142
2017-07-27,0.005877059908639909,0.005657402893553161,0.007046708647227764,0.006736138384601775,0.0069594681858054916,0.007169535367389229,0.006476166475874311,-0.001248716200204343
2017-07-28,0.005702872571848985,0.005493577393548199,0.006717091555983331,0.006498829736482992,0.0067769624287659395,0.006985037372264316,0.010394991366066727,-0.010073407081848642
2017-07-31,0.006034827254898688,0.005870011996441566,0.007436612127800297,0.007814901967652383,0.008034202884824896,0.007434383976398764,0.007438214696116435,0.0004884535116518919
2017-08-01,0.005913971063968702,0.00569244530918379,0.007030246864569859,0.007439257229527163,0.007589549910401017,0.007224841290538013,0.006545710335103372,0.0069885453770787195
2017-08-02,0.005799483640042704,0.005778415316625737,0.00708588227915401,0.007101819131474867,0.007211324842617419,0.007488659557424746,0.005744551132733138,-0.0016582298492722042
2017-08-03,0.005776920823015389,0.005617086623073482,0.006765664657052671,0.006842788274589253,0.007065794181937686,0.007518851056630949,0.010736753091368659,0.00851800773057963
2017-08-04,0.0060441964738674765,0.005831976487018553,0.007079646435807091,0.006568196383512201,0.006741104442479305,0.00743483582942908,0.005513237033000089,0.004924441940294941
2017-08-07,0.006006548165144869,0.005781543086912799,0.006914038687333218,0.006323594264092971,0.006431309963806924,0.00743101790586593,0.001651574865197243,0.0026855290143728
2017-08-08,0.006014386675282959,0.0056438807573425676,0.0066265604411407195,0.006106359649558929,0.0061397658413432045,0.008162830018924077,0.004065518519383552,0.0014328740859213798
2017-08-09,0.006005847525640642,0.005483190156440128,0.006337198070282723,0.005914003514237819,0.005868179894661815,0.006848521305248721,0.006911495070740087,-0.005930552991930142
2017-08-10,0.006031862789407498,0.0055110561021991505,0.006492238962228427,0.006369274048287406,0.006514438381227383,0.00757845252959337,0.009718941276028164,-0.014535452045796697
2017-08-11,0.0064160279925344205,0.006420762958592276,0.008222318344153151,0.009127679542510233,0.008647487394516923,0.00711616825535399,0.008050797108160824,-0.010870929307138183
2017-08-14,0.0068282550436845795,0.006770764461436578,0.008762750645243874,0.01008055762621234,0.010023054464041704,0.007832066410933558,0.007240493738959626,0.005987510983056961
2017-08-15,0.006909501572556775,0.0067263417676364816,0.00842855344106438,0.009473536626322995,0.009360161110859778,0.006881264552034703,0.004806104228091135,0.004071169568869523
2017-08-16,0.00692632622234058,0.006597235668070177,0.007998895090293875,0.008923965108449967,0.008760184607072126,0.008118407195820463,0.005575869137052356,0.006627591429542914
2017-08-17,0.007066262308719787,0.0065990609515196134,0.007846543728453038,0.008427617861194243,0.00824292376499242,0.007506371524510241,0.004247489415531598,-0.006086018960680947
2017-08-18,0.007090490028872462,0.006569408399752962,0.007747288857177419,0.008478867081871438,0.008685196838041823,0.008114391587707758,0.008387862871403562,-0.008686899970211114
2017-08-21,0.007074077613139621,0.006715313319937299,0.008008105684776433,0.009008432363608614,0.00951725636534405,0.007905921933811254,0.004566297204227473,-0.0006965833552401095
2017-08-22,0.0070250816664911295,0.006512973261735344,0.007529573326308967,0.008510003103400084,0.008961884050617881,0.00667956500213445,0.0053169450135508315,0.008543920931861775
2017-08-23,0.006974415543829055,0.006652338427875502,0.0076982188072815235,0.008054641210373033,0.008434825694570306,0.0060821437402838446,0.004433261491787138,0.00013546097390070003
2017-08-24,0.006749395391843185,0.006449766751284636,0.007249964126329932,0.00764539971419305,0.007911094946225676,0.005413219894747106,0.00663404586591039,0.0032995743197723735
2017-08-25,0.006771406961386988,0.00630529564086572,0.006941768327386748,0.007278679757497022,0.00746322209231569,0.006309113048702204,0.004857400318076684,-0.0007563173111490649
2017-08-29,0.0067687721164393574,0.006116017403842606,0.006608152260208336,0.006959992600203569,0.007138826379602134,0.005296338012455092,0.012680686557445453,-0.008698125930167618
2017-08-30,0.006675146673919743,0.006300854896986802,0.007125710754345646,0.00782435430322027,0.008172271964171599,0.005993675273721713,0.004730780764846023,0.0037952258413333677
2017-08-31,0.006730987557136951,0.0061792354250435454,0.006865937429590579,0.0074389051511451025,0.007700068487148012,0.00519336025015343,0.0069499377133472266,0.008826826887899075
2017-09-01,0.006838111018428892,0.006369202916092608,0.007215807718230101,0.007094078157351807,0.007309938996454251,0.005081215798729671,0.0038024611505619787,0.0010626064446867243
2017-09-04,0.006830012428062259,0.006180654414101973,0.006835522554190429,0.006786547339453922,0.006909521139865803,0.005174753636710227,0.003211488886704615,-0.0036363676433838745
2017-09-05,0.006598629907962977,0.00605820516536339,0.006667347260301567,0.006733793930758804,0.007096145395004812,0.0054909510266707645,0.0075958734664078485,-0.005221732056377769
2017-09-06,0.00656023864870142,0.006011300023806308,0.006680355764837035,0.006917301404400266,0.007525542993891025,0.005687966118757486,0.006214522114401393,-0.0025531350868898007
2017-09-07,0.006517012382937752,0.005861628973583654,0.0064601033168251035,0.006736871598588189,0.007473092860587176,0.006017134725461838,0.006748343120174869,0.0058165317772208855
2017-09-08,0.006671830511267867,0.005858932930614863,0.006489045189772625,0.006469069710183084,0.007086833800954152,0.005281162432835269,0.0044916272904990265,-0.0026261301354265298
2017-09-11,0.006586388097575444,0.005716752832649702,0.006303112934332078,0.0063528031018462725,0.007092047457386896,0.005928575324570217,0.006042464819129362,0.004867768820040531
2017-09-12,0.005882333142631226,0.0056694001066914836,0.006262779700613382,0.006129155097486822,0.00673820012051883,0.005369114355873276,0.006126305760931192,-0.0017415609594125506
2017-09-13,0.005339194649125476,0.005513216283630563,0.006048542579781427,0.005982376450442913,0.006562324931580346,0.006557356220297203,0.008106700935368045,-0.0028416029513051834
2017-09-14,0.005239376677378807,0.005390389874828705,0.005950065369995091,0.005958418551248202,0.0066501887719782,0.00627081423111647,0.009323416348460846,-0.011488974831336374
2017-09-15,0.005736305545624851,0.005935715406166414,0.007208480438108312,0.007904740838226693,0.008312050254281516,0.005917942205124202,0.009186904482565086,-0.011012522654295096
2017-09-18,0.005917683028312079,0.006355729199132308,0.007994279250273595,0.009111547365435487,0.009618237056556816,0.007566840370835324,0.0033947529177939797,0.005225047826841792
2017-09-19,0.005985568563205648,0.0062936192704284135,0.007698903641697968,0.008589536229699822,0.008971061404174679,0.005128017290064201,0.004924384141726726,0.003028511599894689
2017-09-20,0.00576294136430624,0.006146818515336466,0.007302249045572798,0.008120451332182099,0.008378465798683794,0.0051320851634118255,0.005289360274964632,-0.00045369244555415635
2017-09-21,0.005762386625999839,0.005960597738395318,0.006904404088760938,0.007703283938463331,0.00788237786177273,0.005610091085729416,0.0037101843270087097,-0.0011144821907687885
2017-09-22,0.005394394930210699,0.005785458158887507,0.006579946989438079,0.007346588256847172,0.0075456203301679315,0.0060308488023937115,0.008732292439805202,0.006408475052318567
2017-09-25,0.005615946943959849,0.005824718679173708,0.006653373301037503,0.007009911119662236,0.007155522761200456,0.005586316681465847,0.005136875020663,-0.0012729352453523563
2017-09-26,0.0055508601053430445,0.0056558755890097,0.006372012810374933,0.006738118108641649,0.006925468024996804,0.005600791879581986,0.004719317814038579,-0.002138891608598726
2017-09-27,0.005559939027266011,0.005508546486729009,0.0061740034523567544,0.006548731075357723,0.006858692539549211,0.005868806465863244,0.0044380336269944426,0.0038084324622296222
2017-09-28,0.005331226760712575,0.0054215946733252845,0.00606562909671346,0.006303508971768949,0.006514944467123522,0.005995623690308075,0.00425392227082808,0.0012708131497167186
2017-09-29,0.005265752306140124,0.0052656400786047775,0.005853533184415869,0.006087748937514285,0.006179349693977341,0.005628131456988098,0.005519529767790385,0.006804784144603179
2017-10-02,0.005107083445189569,0.005370442509369499,0.006131801002743246,0.005898536473735149,0.005940397137111701,0.006702956990993481,0.004092731996691389,0.008911992874411375
2017-10-03,0.005490192655450208,0.005645933988391109,0.006671609729534361,0.0057331346870895,0.00574957464314885,0.006205057777499547,0.004440423757932078,0.003931070542075964
2017-10-04,0.005487797507303664,0.005557983024587282,0.006487751422687987,0.005588988757507312,0.005521544296605435,0.006697841298825794,0.0025234072662356248,-6.695367477742309e-05
2017-10-05,0.005338802368078637,0.005388689427975817,0.006204103418557058,0.0054638642517322025,0.005272450948480486,0.00619402031535218,0.00323404708168819,0.005395456343226809
2017-10-06,0.005385066060963332,0.00538909568250626,0.006235247085035518,0.0053552929050822255,0.005107173362582813,0.006384056915548638,0.001872132569356262,0.0019825831960214794
2017-10-09,0.005277024665440496,0.005247442167994228,0.006015786931363885,0.005261436075583041,0.004918784518585267,0.006164475859932824,0.003433919068635404,-0.001995902410987172
2017-10-10,0.0052583026837627915,0.0051110202439540765,0.005868908977915252,0.005265349079520817,0.005037248361292471,0.006110956340125836,0.003663468573927707,0.004040892898714796
2017-10-11,0.005229601977049493,0.005053207415413987,0.005833569240515042,0.005183856126958132,0.004878630517240949,0.005959110571407055,0.0038523874336206052,-0.0005971298138562898
2017-10-12,0.00520777221498444,0.004901449246200451,0.005633512602164515,0.005034023382320285,0.004733457369807709,0.0060572337416536,0.004238479322818085,0.0029688557260427236
2017-10-13,0.005155994611762494,0.004807452411581172,0.005558205350447935,0.004978428713323508,0.004582793699564278,0.006272888278731196,0.0038034965224916263,-0.0027565020501990013
2017-10-16,0.004381776973247874,0.004709649772690709,0.005539373053448664,0.005118612350738896,0.0048948240259089094,0.006063940149693354,0.003727153985410456,-0.001115360217603989
2017-10-17,0.003382260577321875,0.004574340895410193,0.0054281803609196365,0.005080467192197591,0.004894199787791882,0.0060685964132101144,0.005472199486775007,-0.0014358649563307295
2017-10-18,0.0033782641034822824,0.004448912388454724,0.005350656022535162,0.005068564443234827,0.004947304296664856,0.006732440908344979,0.003952358999388782,0.0035460323628786704
2017-10-19,0.003390340910795423,0.004399967373157685,0.005370196578058447,0.005007446812261973,0.004778165158414002,0.006058915620388214,0.006975221973894738,-0.0026417288808582933
2017-10-20,0.003492565978764393,0.004314725252036178,0.005378754153551789,0.005127247964075622,0.005050277202101676,0.006612605070382427,0.005443899174537218,2.658478552886669e-05
2017-10-23,0.003456655212461301,0.004183286407308784,0.0052682662786773735,0.005056814511985422,0.004864072773150507,0.005625153980655724,0.0038355100695074296,0.0001727838810229076
2017-10-24,0.0032932430657171504,0.004056067468843738,0.005176302699564376,0.004997572303782342,0.004695548506902834,0.005997096795564465,0.00338834547975983,0.00026576307378527056
2017-10-25,0.0032482331685823075,0.003933042094077683,0.005100498679658997,0.004947838589487095,0.004542611828828608,0.005687694215446286,0.007504571060000638,-0.01059200349827851
2017-10-26,0.00412122105445091,0.004612171201658976,0.006474580016361701,0.007178600615344922,0.006475708028269359,0.0055209962887315025,0.004309836257417864,0.005263275775493484
2017-10-27,0.004181797392844681,0.004653807056071561,0.0064365585943083215,0.006821558577408479,0.00615602352571529,0.005791213760047764,0.0040367893899508666,0.0024680664897887535
2017-10-30,0.0041922004742600254,0.004552353901018028,0.006195996103683372,0.006510206716676538,0.005864537188976548,0.005494435380065476,0.00310022048778999,-0.0022944356685461807
2017-10-31,0.004048490857634014,0.004449309674537503,0.006029696237859179,0.00634351693802365,0.0059632927566566,0.004818256613310283,0.0041537707863858325,0.0007075676656438241
2017-11-01,0.0035900622085301565,0.004317246148324754,0.0058080476067167075,0.0060956306962123095,0.005688210496885266,0.005543509730916876,0.0056265118793095955,-0.0006808579072319408
2017-11-02,0.003499734884543608,0.004189046609468775,0.005636284668490226,0.005891965710067064,0.0055379566498982725,0.005481755667808589,0.0074793275095960746,0.008947564563156155
2017-11-03,0.003992887894623047,0.00461505790897954,0.006323973170067745,0.00570690837033033,0.005323211302209368,0.005871996256193868,0.004914052917476631,0.0006747951062170711
2017-11-06,0.003836635991762599,0.004477516592840611,0.006054857683916516,0.005548548248158309,0.005112235539899434,0.005909292809965678,0.0036261941234293055,0.0002512778815948669
2017-11-07,0.00381793180466015,0.0043415497213829006,0.0058283314287780495,0.005413526733253865,0.00492063964424031,0.006001111912967843,0.007780571681128148,-0.006527213165604093
2017-11-08,0.0040708076221608325,0.004502708234696055,0.0061942151016913215,0.0062070663908029055,0.005906171154069075,0.005777690758265052,0.003291203844615747,0.0022070368200375954
2017-11-09,0.003999577910691269,0.0043988838642878255,0.005982070908953766,0.00597784469165587,0.005640095397656215,0.006218361621741072,0.004858418787153963,-0.006074430219529083
2017-11-10,0.004209813182584738,0.004516978043550574,0.006220137066230114,0.006491863721295693,0.006452354811553076,0.005998152044839984,0.008269101832296403,-0.006851224418007265
2017-11-13,0.004369172810727035,0.0046899106354723686,0.0065398975657268155,0.00708503176529736,0.007304815475603957,0.005848315256086063,0.008287578742949655,-0.002397598163670552
2017-11-14,0.004361762045907538,0.00458480694030403,0.006310340569831756,0.00683686023641662,0.0072461772202671425,0.00621205599758267,0.005119797958105341,-0.00010789232356585873
2017-11-15,0.0043632642850459655,0.004445213813111521,0.00603423784176721,0.006516455000398801,0.0068185716019795,0.005746217417934925,0.00581651141348304,-0.005653629720641877
2017-11-16,0.004493115306325081,0.004526824718796646,0.0062234184785645375,0.006839911994169821,0.007395538004263843,0.005658094535579728,0.002830811840089637,0.001937735624444236
2017-11-17,0.004426422331320075,0.004414510468176539,0.005986667959120059,0.006518843983747886,0.006955137035861349,0.006159307502515232,0.006480592682585166,-0.0008396760968984554
2017-11-20,0.004410343955790409,0.004284965795672585,0.005779280296336596,0.0062547165692289,0.006679986634505365,0.0062411156733353035,0.006014522238223238,0.001191588609666555
2017-11-21,0.004429988898399284,0.004164669130046248,0.005596997109283935,0.00601258698932286,0.006320706502912902,0.005722814354800104,0.006573098414891558,0.0029457888444456596
2017-11-22,0.004502850846009398,0.004101763174533385,0.005521528133732323,0.005804490636382267,0.0060071782588474254,0.005801875030785962,0.006438125716863856,0.0010384146904529325
2017-11-23,0.004514465711485436,0.003984933095513852,0.005381696929313332,0.005626387086873702,0.005721971230477983,0.006182132334483525,0.006384629228414771,-0.0002426497362979708
2017-11-24,0.0039022773551520783,0.0038639931421846287,0.005266681445401462,0.0054759832437203644,0.005486823962315004,0.006002831561569414,0.004529212716452683,-0.001025170726740379
2017-11-27,0.003698673710150211,0.0037546870607038305,0.0051942017127551065,0.005371320199443879,0.005405607070523167,0.006056623409397633,0.006399534878544448,-0.0034745024307369036
2017-11-28,0.0036882207160976654,0.003738468196582601,0.005307709174489734,0.005534056643528934,0.005759759364348796,0.006390494096333548,0.008726091196238541,0.010347289280103018
2017-11-29,0.004392248316159688,0.004422845183387735,0.006392624472309212,0.005396074486463554,0.005530066941315662,0.005930313154856282,0.005763954051988957,-0.00903448245985165
2017-11-30,0.004791005448272528,0.004825471826079306,0.007041200206882902,0.006923018833739334,0.006963716103741299,0.005549172555183333,0.008763177589039819,-0.009089551246311865
2017-12-01,0.005133998167711694,0.005181241565029353,0.007530004650857344,0.007984137917005987,0.008179150100968993,0.006790832068494741,0.008177277128224178,-0.0035823709280713985
2017-12-04,0.004617740425401018,0.005099465775339022,0.00721741773153592,0.0077267611448336585,0.008209919889655005,0.006598932428857466,0.007867048929893532,0.005259754603444171
2017-12-05,0.004835594686383906,0.005109224914948441,0.007036416553458948,0.007293181591464266,0.007680084035666252,0.006014718649577145,0.006013190399499523,-0.0015681999600153007
2017-12-06,0.004820517283296549,0.004968448806671316,0.0066836461821203905,0.0069577121568595145,0.007436974160086641,0.00610679685062798,0.010213926053701331,0.0027937737499688473
2017-12-07,0.004763457561553193,0.004865456282590946,0.006408513276541655,0.006621250901772372,0.0069942519154843905,0.006433497543106173,0.006753574631104864,-0.00370855573384787
2017-12-08,0.00473554654859371,0.004803905503379394,0.006301931174184781,0.006591608884186,0.007199280030433241,0.0064991130019303005,0.009598250095731856,0.009949248895408757
2017-12-11,0.005202437006877082,0.005256625420861035,0.006985078699296667,0.006273149794801571,0.006766660448660106,0.007326792541300953,0.004926049216629196,0.008014860213907729
2017-12-12,0.005316155316923733,0.005461544032710601,0.007189522707394354,0.006023366897362857,0.0064243239319788726,0.007523795806329541,0.004305471779794318,0.0062726317250784815
2017-12-13,0.005445060585946893,0.005513575061017146,0.007118446093752965,0.005809406058452765,0.006112344713550503,0.00536858861026399,0.0022793163059929584,-0.0005201075006055345
2017-12-14,0.005448270281776527,0.005347127272189543,0.00671145075134489,0.005632625959570686,0.005867501361287377,0.006131735524191181,0.003008042941013751,-0.0064772786449875976
2017-12-15,0.005497709126273901,0.005421583917987652,0.006857968493305141,0.006354230733288205,0.006726765771316686,0.005289230430515143,0.005489214765649392,0.005689934821994494
2017-12-18,0.005607162047910727,0.0054380584169083845,0.006784445134861347,0.006093019116046664,0.006376610553271842,0.0054955795876607035,0.004442497250234964,0.006175323731504931
2017-12-19,0.005720916911549639,0.0054850896051294295,0.006781590619999095,0.005868972482431298,0.006069563132437411,0.005425989402754204,0.003640652054450977,0.0009415759493074959
2017-12-20,0.005720753809559671,0.005322990645663379,0.006421940912270364,0.005677651360587329,0.005768881581965146,0.004291412967644125,0.004496567170827108,-0.002508412455802016
2017-12-21,0.005751060341682622,0.005197278483196375,0.006209839253001209,0.005653554298779485,0.0059013810148107184,0.005270793143726155,0.007621107010453859,0.010417036271344429
2017-12-22,0.006128291133837187,0.005648174934852193,0.007036746013048307,0.005494517515086961,0.005670613453025981,0.005667046511812313,0.003416049898602926,-0.001487165250698737
2017-12-27,0.006148647688818143,0.005488211632033169,0.006670238310116433,0.005410068610754916,0.005637203059011542,0.005786843031785331,0.004929434393056785,0.0036809696209368793
2017-12-28,0.006152559407187972,0.005396870495381627,0.006445992373478931,0.005288595554141568,0.005398494733268594,0.0062608052491855155,0.002977353140598304,0.00028864572873522714
2017-12-29,0.006059490882301685,0.005232937746303553,0.006135861905026854,0.005186328759999696,0.0051666155996381415,0.005553480058220352,0.006567641224736048,0.008477782036292346
2018-01-02,0.005935740355134961,0.005482060425112083,0.006619526565262023,0.005100490591393495,0.005003392554652752,0.006588384480929269,0.007177923739086946,-0.005177405784021903
2018-01-03,0.00564854245522617,0.005464260165242013,0.006616987838274251,0.005649222771695229,0.005722859815623772,0.006354055108655641,0.005624488184507019,0.00300277002478806
2018-01-04,0.0050920505357557435,0.005348611826778008,0.006357337059400803,0.005490843948929998,0.005471269576802243,0.0057856082433792085,0.0028115423388153787,0.003227698513777228
2018-01-05,0.004920180325936958,0.00524559546923769,0.006156256511985976,0.005356775532124353,0.005247719506470293,0.005897278748118851,0.003548949307512235,0.0036705380345733456
2018-01-08,0.004887914683921626,0.0051646555049750156,0.006022883787125533,0.005243688694574859,0.005049865415080854,0.006072572937222052,0.00418314574449612,-0.0035925774825732336
2018-01-09,0.004989735041466122,0.0050840577567590785,0.005969785109667714,0.005449065395878352,0.005460799049556273,0.0054003724556067716,0.0025404315316932186,0.0044725402703456
2018-01-10,0.0050107789987957115,0.005049455581130525,0.005942048812961448,0.005321494421928139,0.005245123289616307,0.004352144879955823,0.0045529098602691154,0.0022610559069149087
2018-01-11,0.004811095933600528,0.004926857415707631,0.0057593496176844405,0.005213993668375632,0.005039855067787376,0.005182754734152537,0.003947720955540827,0.0018566994773907806
2018-01-12,0.004516831224124787,0.00479836727773011,0.0055404395311704924,0.00507719474572746,0.004817163428986528,0.004571229557525455,0.004620684988985986,0.0020203976888493224
2018-01-15,0.004324139902706332,0.0046784387598148664,0.005407805800680017,0.0050004138655375015,0.004649989388452415,0.005145904334397957,0.0022635531704005415,-0.0012220458565925748
2018-01-16,0.004265615696298741,0.004545781081411058,0.0052980149531820465,0.004973764192129937,0.0046806197000658694,0.004403432712718055,0.0061425330313776,-0.0017004835015535442
2018-01-17,0.004303609955971742,0.004426937626627593,0.005231419042269069,0.004986266247939779,0.004790282763342198,0.0057888314159121905,0.004442293801765937,-0.003940242674796997
2018-01-18,0.004095519673185951,0.004399254582906695,0.005365449156229178,0.005297096757825265,0.005290844307504367,0.005007766322566143,0.006390575281527302,-0.0031634108214365244
2018-01-19,0.004124239063768726,0.004335050693316392,0.005393122775204414,0.005417964714431112,0.005593131457585262,0.006157994448781223,0.0032597200759291295,0.0038621595720626104
2018-01-22,0.004017564220384024,0.004308141273961434,0.005407773195016138,0.005288006247290629,0.005355973838315846,0.004857738069542661,0.004092783773444857,-0.0019940186068645063
2018-01-23,0.00407795074708681,0.0042053588401582045,0.005338022458416573,0.005272299869269031,0.005446273662151114,0.004846417412374542,0.003974978817075852,0.0021233629605169717
2018-01-24,0.003999276822302542,0.004110287169012973,0.005245984729741927,0.005164755986959935,0.005216925991155834,0.004664614413445285,0.005297537208042568,-0.011499164121169095
2018-01-25,0.00434315537343664,0.00488002453930126,0.0067694248148191085,0.007616759747452945,0.007240580438029994,0.004850506016972062,0.006029193747567947,-0.0036174937216096677
2018-01-26,0.0044100284105735845,0.00481361992511713,0.006577823097434615,0.007408817420711241,0.007388889912564598,0.005182770487816114,0.0034368949792873095,0.006504705128322329
2018-01-29,0.004563617164930578,0.0049314654926158556,0.00664443756496796,0.007006408035877043,0.006961003828169424,0.004894448137506134,0.0030834051918214155,0.0007824216347515932
2018-01-30,0.004564940549863252,0.004785072811090853,0.006302626382855158,0.006655117829311519,0.006559613076929192,0.005007497590173585,0.00527671224826095,-0.01094411133035555
2018-01-31,0.004787835912811488,0.005358126619226861,0.007339300443000064,0.008339894793052251,0.008203724938086139,0.004887020791452027,0.00766930358188012,-0.007195036859051302
2018-02-01,0.004902681981043039,0.005485714442057099,0.007447083019445241,0.008595269113011915,0.0088564629421477,0.005026712038721959,0.008700347888748804,-0.005750814571174226
2018-02-02,0.004942453264160671,0.005501980666753383,0.0073489078239879265,0.008537895896067417,0.00915802686203753,0.005701850908557578,0.006013455932934808,-0.006294466938014559
2018-02-05,0.004958949442791583,0.005552720290444479,0.007334824202843804,0.00858371908676257,0.009511635567035505,0.0053201588544195,0.0067470324139155755,-0.014670322109582698
2018-02-06,0.005564526705336999,0.006472699708345325,0.008874645863186507,0.010822165813500208,0.011388283420024728,0.005484014849769795,0.0254041986778236,-0.026748576032942683
2018-02-07,0.0076886537116843175,0.009072555880839522,0.01300587127155673,0.016578822533599137,0.015456561925014182,0.006803211754937167,0.015750853695574343,0.019139605667658932
2018-02-08,0.009008189739263645,0.009967550566970173,0.013739256089310748,0.015201104819164209,0.013935934350732348,0.011221720537106834,0.009208894384593496,-0.015045162373771126
2018-02-09,0.009302490421105421,0.010342744079691293,0.013745281560079403,0.015812888718475464,0.015078122742835058,0.010460612067466598,0.009327193992753176,-0.010979490655193932
2018-02-12,0.009341423722366357,0.010382050216357045,0.013348824491703427,0.015514192443391339,0.015342042265421012,0.010738572367733778,0.01036595464465617,0.011871613548525601
2018-02-13,0.009905116203284776,0.01047739763433621,0.01287396895897002,0.01424758355438954,0.013811050638445984,0.011582474511234637,0.004837077429458405,-0.0012687260765925491
2018-02-14,0.009904506320200011,0.010162966568289002,0.011699843917320391,0.013120614939288506,0.012648470956725276,0.007202406063938787,0.011796070432421929,0.006396906808717998
2018-02-15,0.010146410019378199,0.009977171999280943,0.010900166137080291,0.01209254080453919,0.011509632421762865,0.008181816498583693,0.007732526710383189,0.0028791338198759456
2018-02-16,0.010238610823793886,0.009698901387796804,0.010000669846824512,0.011169688375887037,0.01052303152299867,0.00801006711683265,0.006683946970416849,0.008245340770334968
2018-02-19,0.010534829833753414,0.009617884669069973,0.009651646863541915,0.010343239450011792,0.009696495319827194,0.007852029760233761,0.006802698319145144,-0.006463879915976537
2018-02-20,0.010459772101817713,0.009458350162220113,0.009239372386414852,0.010119174655150418,0.01000191979249258,0.008522694075077723,0.008291506184963693,-0.00012418503586278994
2018-02-21,0.010477357988258865,0.009170261165260618,0.008511185448290872,0.00940547440312121,0.009213856717789683,0.007570542482489409,0.008478539443777675,0.0047906261605217835
2018-02-22,0.010558219665308902,0.008968002809395989,0.008060255416733598,0.008770405113136408,0.008550467374677788,0.008421874389170763,0.011934084336488671,-0.004018169710723942
2018-02-23,0.010376685720037684,0.008750332062009135,0.007675426565629754,0.008441441708135966,0.008593420701075738,0.009157711916501185,0.0053764225135440515,-0.001103691961272914
2018-02-26,0.010377655115672051,0.00848806813594367,0.007184514978923885,0.007934372061699481,0.008146677558363525,0.00846777497528585,0.007360341337346821,0.006219918222427721
2018-02-27,0.010365642330749193,0.008369331251732016,0.007106620293262503,0.007469529382689847,0.007625773683642229,0.01016097454852051,0.0069106347162830924,-0.0009744649792186651
2018-02-28,0.010345791603437812,0.008117877689697506,0.006697727892631738,0.007076936948739182,0.00727968513944365,0.010889722768651551,0.005590223277446823,-0.006972414290805477
2018-03-01,0.010218810151866943,0.008053745436525352,0.006920649080287765,0.007545826740820645,0.008025182869591195,0.007849739387148667,0.00811307071605514,-0.007815413717848631
2018-03-02,0.010234587203180316,0.00803964477560047,0.007225939617787884,0.008102966702648429,0.008820481715288236,0.008341803004337237,0.00846106542186845,-0.014840046305918354
2018-03-05,0.010573578988304343,0.008600660049814642,0.008916639534135871,0.010570728653411708,0.010875773066006598,0.008389605268499085,0.005429488568422119,0.006499434266708622
2018-03-06,0.010726689341960327,0.008489265624432123,0.008557713215427365,0.009808066387765789,0.009993193407986219,0.007390139817184948,0.010370213426561884,0.004318934273286501
2018-03-07,0.010413575263663485,0.008298359150281046,0.008063761185851647,0.009128322117108465,0.00922383463364513,0.008468037678524139,0.009431048682610787,0.0015379671110314769
2018-03-08,0.008624534431935475,0.0080543726808428,0.007509370101708485,0.008524425856837173,0.008546236641868352,0.009993604910410368,0.007072959719668492,0.006322700542369399
2018-03-09,0.007603556344979025,0.007961101472403245,0.0073815892376403805,0.007989801994805814,0.007975348621878812,0.008839123092412388,0.004020252701080992,0.002952655721252923
2018-03-12,0.006860230231370469,0.007752385375041794,0.006983400715335277,0.0075183040552491255,0.007462648466607669,0.005995328306119842,0.007420299975163683,-0.001343555637621769
2018-03-13,0.006368791008307676,0.007523418024279609,0.0065795555535757165,0.0070697567486407075,0.00710288461518578,0.008505217067581308,0.00965375603738143,-0.010589776814183894
2018-03-14,0.00630482551993106,0.007741725390403976,0.007477945478881586,0.008486667844770953,0.008591827098977945,0.008337411586662485,0.007149085408143543,-0.0008548506283817085
2018-03-15,0.006302143884915485,0.0075088014672789645,0.007011546550170091,0.007961417378116058,0.008089224072696178,0.006325297911174109,0.004678924626598776,0.000994920383348659
2018-03-16,0.006125684989404067,0.0072841310738249515,0.0066052459313754655,0.007488867193600098,0.007538876584206671,0.006299976591422182,0.006915916289654575,0.003397678028654056
2018-03-19,0.006140980850901425,0.007111097280294119,0.0063625353923185465,0.007075109760194471,0.007072183855056091,0.006053365475725524,0.009885707935752193,-0.017062425615830136
2018-03-20,0.006794133502016973,0.00806233367777359,0.008932236952818908,0.010735718172906838,0.01002284516674021,0.008641764088926368,0.004790992855095327,0.0026091533640253575
2018-03-21,0.0067626364130882214,0.007842806369436694,0.008288129250927558,0.009944625348391427,0.009219500174419606,0.00629135748142941,0.006088003485815907,-0.0031630559055449846
2018-03-22,0.006770059207983015,0.007643253914614139,0.007803121921238898,0.00936942725141846,0.009010615976406256,0.006312682600334055,0.013549552069952021,-0.012350424288096384
2018-03-23,0.007017016791517641,0.008004133268807346,0.008709819791668343,0.010628522788775154,0.010519236726050511,0.007800556470998992,0.009804097939503473,-0.004425391920807843
2018-03-26,0.007022847961749588,0.007835638202527214,0.008251560110050994,0.010084783656677261,0.010332529862880371,0.007762772339950574,0.01201451107524459,-0.0048079104389743225
2018-03-27,0.0070398785513973265,0.00768767537333631,0.007901655916601625,0.009656979854532281,0.010238686859213171,0.007512242975066237,0.016237691910206645,0.01604204668944326
2018-03-28,0.007913152713817916,0.008425862994746007,0.009442329517474602,0.008985492305193233,0.009479568239837376,0.009988660048223475,0.01574825437089357,0.006351126383909018
2018-03-29,0.008116231464273774,0.008315988549446148,0.00897520741908612,0.008390894411362489,0.008773063847349705,0.011422570272646732,0.008973141446471038,0.0016877880514407815
2018-04-03,0.008048318351507459,0.008073242429881779,0.008296707582526298,0.007866356224258185,0.008136631059461823,0.011786701737268576,0.008740663890688305,-0.0037055220541754494
2018-04-04,0.007927670592326456,0.00787975014536525,0.00784769281156384,0.007624341861047027,0.008170786131094171,0.010865887499661995,0.010159589274561932,0.0004977070030572903
2018-04-05,0.007265048211369263,0.007640673880479012,0.007312480084023884,0.007193542885519424,0.007607076197184476,0.008925027143317539,0.010609256519305298,0.023256045114397387
2018-04-06,0.008800491683699431,0.009344930260239366,0.01102779579962389,0.006817504975704215,0.007245209448998653,0.008808269323855526,0.0065135215810238,-0.002210929003743755
2018-04-09,0.008776196578731774,0.009076417283167893,0.010110761642859652,0.006579862063027805,0.007142042706688256,0.00906991114829445,0.008442196674060458,0.001557892709234435
2018-04-10,0.008776344482077517,0.008808183208693303,0.009276629445566016,0.006285067431098957,0.006714044502211547,0.008423681201986059,0.004542540672006927,0.0099574867107743
2018-04-11,0.008936569568262552,0.008881336523707851,0.009278287978872464,0.006030911997575071,0.006385704220180347,0.009996281080025538,0.003377428344965299,-0.0013357295825786207
2018-04-12,0.008924757824058736,0.008616989065304236,0.008567052654035748,0.0058489174564951485,0.0062407500720857625,0.007037918918776393,0.003399701829710866,0.000165341637534356
2018-04-13,0.008917658958396574,0.008354579031280066,0.007949525385438276,0.005679751211178068,0.0059267318248617615,0.006542141174570287,0.003332898742478574,0.0008675953694069052
2018-04-16,0.008562394229007292,0.008102852253744434,0.007423195191884814,0.005514478390223628,0.005645502503345175,0.005624362263827945,0.005186017490331919,-0.009182242240015322
2018-04-17,0.008832968284897463,0.008171637297415364,0.007809718616207198,0.007001771429518689,0.007070305051760912,0.005917942142531535,0.005852404652205503,0.003868476777920332
2018-04-18,0.008864273622753478,0.007979161829926612,0.007414716247251417,0.006654376792905355,0.006667725357128994,0.006133039362838784,0.007741802504806047,0.01254193592668256
2018-04-19,0.009227181872602172,0.008323761860181309,0.008288629886754374,0.00635260320564183,0.006338567020151975,0.0062310983285296705,0.003864601539266188,0.0015840289529719742
2018-04-20,0.008246419221623426,0.008079508628508274,0.007725979732449345,0.006091629994479037,0.006013882504436841,0.006065516151283223,0.0037375214463185803,0.00534800656847967
2018-04-23,0.00827986085496734,0.007942154780211813,0.007459715673496244,0.005866936068785188,0.005736727677615309,0.006093701663760859,0.004569876583091961,0.004157897519315133
2018-04-24,0.008204235486377628,0.007767267209677964,0.00713990173770965,0.005674305919317458,0.005486015582139715,0.005514546860135385,0.004551541546751519,0.003575214779418284
2018-04-25,0.007479068760324969,0.007581394538954192,0.00683191584979424,0.005509838294815537,0.005260057582030184,0.005691793711544487,0.010784935810672717,-0.006227772126352374
2018-04-26,0.007579805724077344,0.007507063294353769,0.006908836163614659,0.006173047172180948,0.00614086431661715,0.005718779703735843,0.007143947212294159,0.005688935461646014
2018-04-27,0.007379366404366354,0.0074105653325717375,0.006821417171830621,0.005936929018643043,0.005850723351288497,0.006871709437493425,0.006165791758682794,0.010828592234905355
2018-04-30,0.007016770071087984,0.007658785440447224,0.007525623953366334,0.005734223634169688,0.00560806662802528,0.007527074515261177,0.006193858602469006,0.0009459415154284788
2018-05-01,0.006998313178820417,0.00742908225008141,0.007060607465419699,0.005560925681751007,0.005361262214481266,0.006609502697205884,0.005256105168341386,0.0014770756592773998
2018-05-02,0.007000501495191095,0.00721184390041548,0.006673318273464342,0.0054133496166114455,0.005141849729602968,0.0050822162248670335,0.006272654153161713,0.0030271671328374614
2018-05-03,0.0068286088909320945,0.007031349468511023,0.006408172964892676,0.005288135266529475,0.004949555588838743,0.005697475107802898,0.006577754762071419,-0.005383539411517891
2018-05-04,0.007067926441644686,0.006943517309199453,0.006466160848207276,0.005812386604459934,0.00570645634547166,0.006876713640010783,0.00466512992015951,0.00854694714411108
2018-05-08,0.005528932528356032,0.007050014538624512,0.006859009317084616,0.005627665730938511,0.005472370958910816,0.006465538373619311,0.0060731734302838965,-0.00017181108752432667
2018-05-09,0.005461933222415098,0.006835372253075595,0.006492349623375981,0.005470782858682692,0.005248773495392909,0.006590741079611188,0.005793752945490422,0.012700209447930372
2018-05-10,0.005893225446369658,0.007320976315294757,0.007677137781721165,0.0053368137105634424,0.00507534161437064,0.006379503767061411,0.008394183076680283,0.005011889294783212
2018-05-11,0.005696792761367822,0.007203334964775006,0.007389327840315266,0.005223373062683394,0.00489582060359108,0.006829044326807758,0.003831824549614691,0.0030598509507940123
2018-05-14,0.005618864500982986,0.007023995572915008,0.007011942814989655,0.005127617334710352,0.004728083029651709,0.007215445248880915,0.004659790091127578,-0.0017621606570834372
2018-05-15,0.005682402885329205,0.006823681967289523,0.006643356877462866,0.005150019235122785,0.004893482509731608,0.006379250988217588,0.007885185843744598,0.0015550087363031262
2018-05-16,0.005672195001724126,0.006626760942230241,0.006320253309461862,0.005069230580331508,0.004719589024325812,0.006071467751922672,0.0032033620238851846,0.0014491631032876044
2018-05-17,0.004969531002944507,0.006434681606135298,0.006047507521657644,0.005001766404841791,0.00456268982083022,0.0066201846659623064,0.007079282708272359,0.006932034819538882
2018-05-18,0.005027975701204626,0.006465601761193907,0.006287651181023768,0.004945556122250978,0.004444454894125364,0.005989112122425068,0.004582858965294161,-0.0011820028613630993
2018-05-21,0.004683034319238229,0.006275316216108058,0.006037536741989584,0.004937426241271835,0.004505141827905481,0.00570406278807513,0.0068091845523970684,0.01028273544198675
2018-05-22,0.00493745906280456,0.006584899155310828,0.0068514639924831255,0.004892060324733467,0.004406785242839417,0.006253674474362604,0.005605847930854301,0.0023257745587157604
2018-05-23,0.004919608142842781,0.006409664321191448,0.006519706724380201,0.004854408195041354,0.004283996190697981,0.005305688949596699,0.009840961752424866,-0.01137514738996373
2018-05-24,0.0058461190348530695,0.006810463097054214,0.007583488374465406,0.007412510645445188,0.00655032146560383,0.006033747785738827,0.007349939782117653,-0.009248635750097552
2018-05-25,0.006368378665366808,0.0069808093323651225,0.007952020111243435,0.00837206007856221,0.007872570816469504,0.005944857586080503,0.0060094335351460375,0.0017608601688412903
2018-05-29,0.006095591952595919,0.006781875456744877,0.0074333692779067805,0.007845520260222007,0.007352151006689547,0.005431401655998441,0.01039781443546559,-0.012719124269989418
2018-05-30,0.006847874828400327,0.0072760409536970485,0.008500933770089533,0.009699664974920644,0.009258983988705597,0.006182279281501498,0.006381548720476835,0.007440219151929465
2018-05-31,0.006650093299955575,0.007285995972000556,0.008303856475816685,0.009016464095385887,0.008575311397161006,0.0068485362100615755,0.00942280343773874,-0.0014836218705446271
2018-06-01,0.006675361215045724,0.0070733769231572366,0.007750464637953873,0.00844737877305629,0.008190553056978515,0.006544189726290663,0.00809524000608227,0.0030689230848676215
2018-06-04,0.006689367290166513,0.006898970848270062,0.007310477000844374,0.007911682690300674,0.007633917462583456,0.006256940682878555,0.007567625866754203,0.005115564380154819
2018-06-05,0.006734276713521922,0.006805159129294028,0.00708598381617336,0.00744195980383188,0.00715790493433893,0.006895819591984559,0.004030528118420055,-0.007065060078355567
2018-06-06,0.006826269285747957,0.006821032455806044,0.007230944489595878,0.00785890119687017,0.007952855140666862,0.005113774540283183,0.0067614379792907365,0.003324851106968771
2018-06-07,0.006635967062555094,0.006663195391880727,0.006886756654793575,0.0073957921684216655,0.0074283931320813365,0.005303697210362133,0.0071893364543351695,-0.0010378289551735277
2018-06-08,0.0066456817681679785,0.006465207482901806,0.00653367780211746,0.0070129413255568184,0.00712241505388133,0.006326508592325905,0.009226425520648422,-0.0030288281580004377
2018-06-11,0.0061098000685922615,0.006312004541331788,0.006343943394086271,0.006831403890096295,0.007190868523983339,0.0062067462541055465,0.006961895969877948,0.007302947786185788
2018-06-12,0.006221045696016316,0.006375805833937455,0.006568474579592095,0.006501988035196673,0.006779714369950507,0.006999871380938112,0.006671239485406406,-0.00435200023725095
2018-06-13,0.006262260273980083,0.0062728175801667115,0.006488302244155428,0.006587283707021695,0.007126553995315782,0.0071752227299132975,0.008621171419698181,-1.2980691221997465e-05
2018-06-14,0.006251065964328514,0.006081723117695044,0.00615104769797868,0.006274406594032816,0.006661246116816186,0.007617318455023083,0.016419689486442002,0.008028744766667846
2018-06-15,0.0064890195166194976,0.006215766989453975,0.006533405795280184,0.006024573829041131,0.006337889937493003,0.0127355520757681,0.011219629248704555,-0.017130622749707156
2018-06-18,0.007506152366913362,0.007343371695530715,0.008988840424680657,0.010206902366863153,0.009522694002712672,0.00925679761559828,0.005501279310140338,-0.00034064408263773864
2018-06-19,0.0073053050006081695,0.007120151942947603,0.00830587160159562,0.009468962889632884,0.008799617193372026,0.007918429163203273,0.009948586176306316,-0.0035969372954296457
2018-06-20,0.007327816576424753,0.006959241865581053,0.00785442893973436,0.008991640836417207,0.00871659171718841,0.008840895387430034,0.012391426975334494,0.0030857535006207472
2018-06-21,0.006927017674197713,0.0067894401082145405,0.007394549732047143,0.008392106574185026,0.0080830696829168,0.010078890403783238,0.01327075214969715,-0.00935214076659634
2018-06-22,0.007077904046834747,0.0069698249173952955,0.007821044139065465,0.009107038754413536,0.009158425660139753,0.009873726148711308,0.009294588487006194,0.016524095190752867
2018-06-25,0.007807358732529268,0.007876959764324013,0.009436966891192278,0.008493878050616667,0.008568070703372274,0.009503294588543567,0.010755177657105808,-0.02271014722834061
2018-06-26,0.009008596443013118,0.00944821425715077,0.012204553988312161,0.013669058728486448,0.012498999170559712,0.0083510842554472,0.006135018279748137,0.003734794375641666
2018-06-27,0.009052259396827333,0.009205951815634541,0.011169866346993676,0.012555541617584492,0.011301235616677745,0.008760284590469602,0.012276290179298856,0.011055813290341422
2018-06-28,0.009026282010701209,0.00932729523240962,0.010935743768736217,0.01155914623230813,0.010348489676544241,0.009098813581776891,0.007038103907674749,-0.0008006668275712279
2018-06-29,0.008861162459242703,0.009045274689776188,0.010001383064105099,0.010677805983206203,0.009576775799569736,0.007430048246102864,0.011117808717050164,0.0027929865722171026
2018-07-02,0.008885581773643883,0.008796364078427547,0.009221123131874114,0.00988520207756859,0.00881873661263074,0.007957378133962488,0.007064500380158939,-0.01172238279772092
2018-07-03,0.009189807880092006,0.008998795210894271,0.009617141976477499,0.010833539545631732,0.010231223897750871,0.007315397831018652,0.009753794523905058,0.005996900649782799
2018-07-04,0.009220906803597908,0.008847450784093618,0.009085519837595682,0.010023657823776592,0.009401921013427817,0.008858148341306412,0.003437980907246583,-0.0026637846746108136
2018-07-05,0.00912373840560969,0.008602702318568434,0.00846130314318273,0.009398439428311457,0.009073509201468509,0.010603714325598926,0.005647663433368055,0.003966716455026824
2018-07-06,0.00913899228657285,0.008397034495407494,0.007958021798947203,0.00875117456997972,0.008396716159131394,0.009338609114274516,0.007573121485876918,0.0019052755600969561
2018-07-09,0.00915576646762262,0.008154592663992098,0.007436591656262177,0.008180270723100465,0.007798150439219489,0.007927323942001786,0.006302425509186024,0.009186184801815035
2018-07-10,0.00937505704565182,0.008220139785762866,0.007695644306136153,0.007678750799710688,0.007337842177692384,0.008763463382501205,0.004703130164900806,0.0005201560585420083
2018-07-11,0.009228111027967343,0.007970739611300005,0.0071915235124203145,0.007240081410046852,0.006869261737207855,0.006480373896247938,0.009068647129874496,-0.013085766418906603
2018-07-12,0.009609710579960785,0.008366299392221698,0.008410805209061257,0.009391171556209233,0.00894938903416065,0.00810337701525442,0.006041039387778751,0.007780506734085173
2018-07-13,0.00978627881609779,0.008332313285722068,0.008282852916011555,0.008738788057532252,0.008335525451033844,0.008567463158193492,0.007995813184786536,0.0013844267289696937
2018-07-16,0.009608485335395135,0.008085591892496703,0.00770720971449665,0.008191450245617507,0.00775609198201015,0.007646095549148493,0.01098300388127338,-0.008045960168744488
2018-07-17,0.009015161875568146,0.008083219468696199,0.007851582109222162,0.008623506475433432,0.008617443733937991,0.00855946556223526,0.006886820961304875,0.0033887651627412508
2018-07-18,0.009049103997390142,0.007880809255403612,0.0074136288164813316,0.008089591799626077,0.008015396600607612,0.00691832656990504,0.0050823466035011455,0.006534860472714363
2018-07-19,0.009119309954316696,0.007806599088766029,0.007320802724225469,0.007618933628415206,0.0075179390634290124,0.008576427532551454,0.005275739979177935,0.0010025846689175333
2018-07-20,0.009100530264603255,0.007572761750765711,0.006881059355810583,0.007205725843277786,0.007042314218309742,0.006264950655232879,0.009226034759054796,-0.000676959955032333
2018-07-23,0.00883090220686831,0.007343937213012621,0.006516713970736222,0.006852963462228765,0.006719125366801626,0.008375747849674799,0.0066663388344919555,-0.002999754443829435
2018-07-24,0.008085096869903675,0.007158024906686742,0.006323429169990187,0.006696675599151015,0.006822030144725531,0.007672761801367265,0.009838464521930828,0.006937918736626226
2018-07-25,0.006354758614928665,0.007145009749092344,0.006508455569301675,0.006401840685147285,0.006479310073660712,0.0069054658289965515,0.00667540896042514,-0.006611422237033204
2018-07-26,0.006550316825363679,0.007114123185293279,0.006710579177855506,0.006920412955727176,0.007264405647345698,0.008611171751003479,0.005441515909017331,0.0006396240795034645
2018-07-27,0.006110910368926334,0.006899177553272606,0.006362317452910072,0.00659604648493419,0.006818043039669312,0.008456842746090184,0.0052662155051975655,0.00495949469154658
2018-07-30,0.006189754096572562,0.00679842092787836,0.00630288387327523,0.006314687913193669,0.006460386884774908,0.0068040476167623275,0.007240863947020433,-5.194063186957361e-05
2018-07-31,0.0061689124216341325,0.006591325917872059,0.0060220329594750125,0.00607184564636696,0.0061078372282317266,0.006335386712219924,0.009419423692411602,0.006200787520605784
2018-08-01,0.005624066866028852,0.006568548444429503,0.006175812731537852,0.0058628801384049325,0.005844339969597303,0.007422372034586184,0.009993609217010072,-0.012453331695615523
2018-08-02,0.006251693580264267,0.007061317665002018,0.007585920981004245,0.008245873109393176,0.007955707572546189,0.007570055025660364,0.009884558481388125,-0.01011250475216377
2018-08-03,0.006632287548857223,0.007280538433238126,0.008094964641589174,0.009150188461432413,0.009179001796042224,0.007707436310892676,0.0064282510402542715,0.01092232715796796
2018-08-06,0.007002708194972393,0.00754875481903652,0.00848977785375834,0.00855555410016093,0.008557294815634822,0.007694836627450323,0.005634350795628403,0.0006134609176327504
2018-08-07,0.006994020526971404,0.00732033178323901,0.007876243909406474,0.008029588754193233,0.007942195941213625,0.007354225328274404,0.009272728030067274,0.0071121003451098865
2018-08-08,0.006875715940513747,0.007308005216940667,0.0077623591041266005,0.007566160729168944,0.007458805366823628,0.008197335721038465,0.008052872401947958,0.007512039042901853
2018-08-09,0.007059409025658981,0.0073204076164314095,0.007719846595938988,0.007159506051106578,0.0070410192132779196,0.00762655112425014,0.006700772830855579,-0.004497864978942402
2018-08-10,0.006454570622414924,0.007182403008227286,0.007438659671339188,0.007141329945178033,0.0073616384971908555,0.007018178071196765,0.006521710215110647,-0.009708814126960938
2018-08-13,0.0066518203325226155,0.0073584891451540105,0.007894992010764858,0.008219904966497325,0.008584690666151334,0.007241909504086998,0.0060378730409821986,-0.003200629793904838
2018-08-14,0.006682648022076797,0.007177267071389103,0.00748316818321842,0.007884922924297044,0.008467147436595008,0.008501359170516849,0.007469472618210634,-0.004051375337137779
2018-08-15,0.006500140406900711,0.007029024924165913,0.007202817018032325,0.007689743701853135,0.008508203325555982,0.006404054192382036,0.015003702043250107,-0.015050418110768876
2018-08-16,0.007233394878615853,0.007748139455379626,0.008856256444257509,0.01023356125428815,0.010609764733246365,0.01014853036943211,0.005510566036058527,0.007771904965614447
2018-08-17,0.007300909945473736,0.0077495674412500215,0.008632065334601565,0.009513964071204742,0.009760057350557782,0.007216878348631701,0.008033718617082183,0.00029110155680269937
2018-08-20,0.007294019620741033,0.0075138227422448444,0.007997055643473902,0.008874527346606719,0.008973240148307105,0.007897605107043782,0.006290109457355326,0.00431686688113918
2018-08-21,0.00737858271535679,0.0073612635226523344,0.007591846556060636,0.008308300334783265,0.008329796569884109,0.008158879107587957,0.004830681894205757,-0.003377980384367884
2018-08-22,0.007385330893974801,0.007184814103340907,0.0072410378788726835,0.007978131986749881,0.00827752710379722,0.007165269338426058,0.009558771456513652,0.0011228609030546738
2018-08-23,0.0071966022869423855,0.006971363530475867,0.006813230922071961,0.007518501633257893,0.007702359093398171,0.008647233338036351,0.0050529215867540075,-0.001453354200353916
2018-08-24,0.0070768226582169904,0.006768356463094064,0.006482011423216551,0.0071517341556468685,0.007419597404836608,0.007048834543281284,0.0033713270427159817,0.001888948892986254
2018-08-28,0.0070929536747936575,0.006578457108930299,0.006192608916978548,0.006795735860912877,0.006962433002109389,0.0064872337393144216,0.006009799004208955,0.005225518152703327
2018-08-29,0.00710348805527005,0.006505220553974122,0.006189304676193653,0.00648640969414364,0.00659026362801204,0.008091846178561611,0.00972611294444138,-0.007114467045689723
2018-08-30,0.007245836755602156,0.0065433752199571165,0.006539723928575608,0.007096525106469648,0.007447367458074433,0.007812406753128291,0.0064770467988753775,-0.006260299505615983
2018-08-31,0.007148348342964567,0.006526736911121886,0.006683926762997483,0.007388939120299124,0.008020020086429465,0.007265647144587405,0.006155027763927353,-0.011185260174756424
2018-09-03,0.007055528336011109,0.006895578274169639,0.007644710007631742,0.008819531158159801,0.009430205154172778,0.0081002169242947,0.007017179824273754,0.00966734448711884
2018-09-04,0.007152790155527817,0.007092496931056505,0.007929754686412443,0.008259700873113906,0.008766722355103302,0.006954201304941379,0.011285240625825808,-0.006242292617334047
2018-09-05,0.006758067230694129,0.007044378963489156,0.007789656343421389,0.00832614151202997,0.009139576621210744,0.007188008695692549,0.009745488655593831,-0.010053180106089642
2018-09-06,0.007005920681773878,0.0072601559416518215,0.00823413290651784,0.00919065917250807,0.010139944658881466,0.007625382479791387,0.008183653148013248,-0.00874698652106755
2018-09-07,0.006853069876037339,0.007357843354629151,0.008366017536205783,0.009559045451585804,0.010736396485838257,0.007347239897201435,0.012422500490360436,-0.005658828394110662
2018-09-10,0.006480575977965703,0.007267112743657161,0.008083168636449693,0.009321350091221946,0.010705385668793426,0.009185812127029387,0.006749671296448288,0.0002198255143838367
2018-09-11,0.006513492043099429,0.007045932966377788,0.007525965634182144,0.008703751730731424,0.009780446431267338,0.008060381513790432,0.007887997035956655,-0.0007970975079837864
2018-09-12,0.0063379242707371,0.006834075135007076,0.007030793784390472,0.008139139961060683,0.009026296502883835,0.007659699238287319,0.008629463263399221,0.005470675676329137
2018-09-13,0.006568869809684206,0.006760029993661375,0.006891699082327432,0.007655206616066965,0.008379059116167683,0.008824919851251209,0.004539322094784336,-0.004357663627468198
2018-09-14,0.006573766650658933,0.006640442690190081,0.006735747770488354,0.007528381273020885,0.008470656780476869,0.006911838972290667,0.004887664593366593,0.0030715250124269252
2018-09-17,0.005950065857788878,0.0064819600684140905,0.0064519736913758695,0.007120167429778739,0.007875405044929631,0.0068962475718083276,0.006685880502153969,-0.0002601652748805632
2018-09-18,0.005588453194792282,0.006284816553171551,0.0061375043087686975,0.006765610206524462,0.007358532278999481,0.007886273780540704,0.004987307262247329,-0.0002602329784654023
2018-09-19,0.005580265160591445,0.006093689131616646,0.005876700448665951,0.006458029734832626,0.006909843535890001,0.007700937648141072,0.007898007159442253,0.004223827812955126
2018-09-20,0.005575320333122888,0.0059979586262682285,0.005841643889480791,0.006191053521864328,0.00653389400005331,0.007241552932701985,0.004034245988164166,0.004925716158546055
2018-09-21,0.005739487804638642,0.0059390856200221285,0.005885216468987164,0.00596148154928127,0.0062125513140984115,0.006796688056968753,0.008831606035190431,0.016544210431499187
2018-09-24,0.006924552127417364,0.007041237650437601,0.008308074906350103,0.005764930794012342,0.0060606765833787135,0.0069113920201296685,0.003807298382067596,-0.004254585441974963
2018-09-25,0.006970038748626219,0.006905821879249967,0.00789140599028221,0.005959401936773621,0.006458956110627667,0.006522074412431246,0.005441619955048435,0.0065749267996108775
2018-09-26,0.0071290669225728765,0.006886416558956216,0.007708758383838693,0.005763154201515104,0.006165089851391824,0.007364623363800741,0.004042009646802073,0.0005193387203836558
2018-09-27,0.007015080702014341,0.0066778403548188965,0.007190810524619304,0.005595836707108012,0.00583973282670347,0.00557275938378957,0.006786372097715208,0.004502926536094733
2018-09-28,0.0069387380930648656,0.006567687533641416,0.006930483020507348,0.005453738150890689,0.005596784418411901,0.007228896947783224,0.00852287856569157,-0.004676009476540172
2018-10-01,0.006876886812331954,0.006469803107101292,0.006799260605014825,0.005787751263866403,0.006134330521246591,0.006857395228465481,0.007416956369434503,-0.0019325737893672935
2018-10-02,0.00640726052495015,0.006290543823633935,0.006479843957264661,0.005693535351695934,0.006115587865847938,0.00641461810704752,0.006071956498803279,-0.0028189166512663584
2018-10-03,0.006075398494677075,0.006137871175451852,0.00626972250414932,0.0057004983740771955,0.00625156319753446,0.007623921435604996,0.004880443667954271,0.004764805576614723
2018-10-04,0.006001567118580759,0.00606426064276862,0.006207674170521069,0.0055425626428754655,0.005962798074480814,0.006373964060990318,0.007329981069232843,-0.012325491298539947
2018-10-05,0.00621488855108556,0.006609372576867608,0.007599502019271038,0.008016226608658717,0.008026438190277157,0.007645587657754497,0.0069039582900349925,-0.01354453147547234
2018-10-08,0.006635156967290479,0.007215957142449106,0.008804391677823997,0.009961395327342701,0.009927619731883787,0.007079276323339507,0.00568972799795192,-0.011710025369109417
2018-10-09,0.007013649111680519,0.0075613039141059326,0.009298594654841705,0.010837537661444708,0.011100973403500419,0.00586615781083443,0.008376926707249462,0.0005942961566397502
2018-10-10,0.0070154896833490125,0.007332401321797183,0.008550571714985616,0.010045201578333449,0.01009413282328296,0.005676355179286507,0.007039452071865924,-0.012778882537553523
2018-10-11,0.00752865939112669,0.007767641400693966,0.009331242826184333,0.011188158164459665,0.01144823083709708,0.006244336449026734,0.011277535006956526,-0.019615399348125437
2018-10-12,0.008414661585709233,0.008933191548890846,0.011407672394490517,0.01400999539102638,0.013890794895382435,0.006568630182189933,0.010689422657836383,-0.0015711146717372296
2018-10-15,0.00839821985579566,0.008669596337369417,0.01038499437419526,0.01289861092928144,0.012651624428734107,0.007037047987665201,0.009721686041032325,0.004748638166575454
2018-10-16,0.008455697803914503,0.008485585452988904,0.009619861770322648,0.011879937678926896,0.011436761824280762,0.008244375447552821,0.007807542469626257,0.004287160719401829
2018-10-17,0.008555443096942696,0.008293831181861444,0.00894054088468712,0.010968893454668784,0.010411336179418806,0.008300373620886073,0.00942126737478987,-0.0006801757382818706
2018-10-18,0.008552621701714435,0.008042893501403645,0.008241721096284689,0.01016167381936812,0.009593337488751477,0.008768561963848317,0.006251040335745975,-0.003920014109613377
2018-10-19,0.008458048652808619,0.007856770224437,0.007803994256055027,0.009625793052484517,0.009426490249147719,0.007657058314031869,0.007364959155036614,0.0032393754173884997
2018-10-22,0.008396615691294724,0.007658637035642221,0.007347389536429945,0.008963142539691134,0.008694204750440852,0.006888049890058701,0.009695197230063957,-0.0009934292572971225
2018-10-23,0.007242634143993924,0.007429310336124293,0.0068983595803439055,0.008391193262569376,0.008178582472984787,0.0071859299722215955,0.011549321400058982,-0.012516237117761559
2018-10-24,0.007536442168159251,0.00782830405908576,0.008114198139902764,0.009914643567009728,0.00984164645665149,0.008082242507412303,0.01288931565827244,0.0011208347080190648
2018-10-25,0.007267344421902854,0.007594786369712494,0.007534084818033975,0.009219149318565007,0.009024973156838523,0.009786600621015813,0.01549682437886227,0.005885275916954823
2018-10-26,0.00750921353345265,0.007503207418071138,0.0073421763302270815,0.008603380134077299,0.008380142760563028,0.011989490576483658,0.019583922447494854,-0.00925155590732874
2018-10-29,0.007390719074302742,0.007619429864987776,0.007770368465588988,0.009209487056662672,0.00935978436937415,0.013476853689027348,0.017009492984303674,0.012416115510291743
2018-10-30,0.008206938535907845,0.007988865015840112,0.00855321671998801,0.008594841642744605,0.008739614202895799,0.013712365096807701,0.010344940858166196,0.001365362673176487
2018-10-31,0.008263193004838678,0.007752709158777556,0.007911401370638628,0.008052725738360036,0.008084986544985429,0.009182456512493855,0.012909889018931102,0.013019105097291806
2018-11-01,0.008974128422039065,0.008165050838458851,0.008776511364756899,0.007576516644555687,0.007652633731468119,0.009727965580413469,0.010609467530074952,-0.0018816530392466206
2018-11-02,0.008830027050658853,0.007929716828017686,0.008135777866937607,0.007217560498777655,0.007426932771240413,0.008941452321636234,0.013477716886171404,-0.0028996135399634512
2018-11-05,0.008544657849092965,0.007720884013833029,0.007644960697414897,0.006988881580450967,0.007403267247255185,0.009722259940153377,0.008399603880556345,0.0013663994688224617
2018-11-06,0.008159373731970867,0.007493153528939773,0.0071414246655527635,0.0066488282218772855,0.006930630372388309,0.008628737594660948,0.009587091688971585,-0.008922255095291069
2018-11-07,0.0080047639537876,0.0075864950391398575,0.007563294310552715,0.0076709301914204,0.008091291460369918,0.008950415508707373,0.009241571951471158,0.010820842976005725
2018-11-08,0.008424865536313227,0.007818379059807883,0.008094927805824189,0.007242429510076352,0.007633097587152325,0.009041926844489609,0.007073872603261473,0.0032823707405265517
2018-11-09,0.00800123739468305,0.007622720348810373,0.007606691897537905,0.006895184348720137,0.00717929462767612,0.00837693984206249,0.00843178824943935,-0.004969826317918261
2018-11-12,0.006749420939506547,0.007490091054387393,0.0073857416550201825,0.006985919077156749,0.007544567102280858,0.008974090566617784,0.016789484189016723,-0.007373747954384232
2018-11-13,0.00696096560523849,0.0074831614773784175,0.007491775421917701,0.007514259303008577,0.008287929746118378,0.013291583314401547,0.01184202929105549,9.924221488404034e-05
2018-11-14,0.006888894896151322,0.007255234957998399,0.007026148153928357,0.007119298395482123,0.007695147516726119,0.008848540087699492,0.018020867826112695,-0.0028393783805305286
2018-11-15,0.006851176829631668,0.007068511329359652,0.006731010739702891,0.0069062834375764005,0.007626166696575081,0.013379114752692425,0.013910482349369577,0.0005969385756929376
2018-11-16,0.00685211786559065,0.006854735692080156,0.006380148296058673,0.0065882982123592684,0.007126528343744299,0.009053693490476971,0.016541205123703724,-0.003430144482927869
2018-11-19,0.006839328360584667,0.006698814133427392,0.006239121272750859,0.006517773795458288,0.00723329218756411,0.013409242536683456,0.009763285604482842,-0.0018551821971785575
2018-11-20,0.006805641417530692,0.0065106194947668295,0.006019537853203674,0.006312901733486978,0.007063948912849727,0.010397586110780262,0.013085000903000667,-0.007599256574976293
2018-11-21,0.006987989317411395,0.006581018026326842,0.006476171801664897,0.007055913570680682,0.007923218026264623,0.011707618356886506,0.008809907606089153,0.014616529571806262
2018-11-22,0.00718897275645039,0.007316405303868679,0.008100576396611605,0.00671863972013028,0.007544499935609925,0.009831698114754537,0.00954869208149897,-0.01283340835043963
2018-11-23,0.007764739790932313,0.007758851820314465,0.008966885418461915,0.008831645218487977,0.009353222764360033,0.009917210928384424,0.01031238568723784,-0.0010637381332522678
2018-11-26,0.007647753277926069,0.0075269972103349,0.00831024655055832,0.008295797312317867,0.008767573650299051,0.010320050293382742,0.008935144355792107,0.01188098814288684
2018-11-27,0.007806502395587774,0.007856578042583875,0.00881862740726033,0.007806575388665903,0.008242346417164224,0.009357773846266666,0.007815225928338453,-0.00271830181116872
2018-11-28,0.007351994287414802,0.007646281404124137,0.008242785959299037,0.007487509424004044,0.008078126248018827,0.008175600192696197,0.009378120260830796,-0.0017687254101114926
2018-11-29,0.007353343616062845,0.007425993908358244,0.007708199914573096,0.0071454839989393455,0.007782302210094753,0.008794172520654219,0.009150495109865918,0.004913314971963021
2018-11-30,0.006817239675366007,0.007299664529016267,0.007405119296687602,0.006796776291107714,0.007311205703764622,0.008853312713300598,0.007708991133089318,-0.008388544967082313
2018-12-03,0.007023215144658188,0.007369535758912722,0.007655789281791885,0.007606852327772172,0.008280277134613887,0.009632159302226774,0.020109934777123303,0.01170736742136792
2018-12-04,0.007521822069311123,0.007699038964709435,0.008298418627910937,0.007200471842555051,0.007820064199971485,0.013113895316229848,0.011600045463070242,-0.005622938167363727
2018-12-05,0.007602628398046622,0.007590502943767759,0.008021973297063641,0.007342927710749162,0.00820803245447264,0.011718713242520178,0.008159825268766607,-0.014486147500600993
2018-12-06,0.00799590555861094,0.008170048898723697,0.009254590977630707,0.009764225272839974,0.010227447698159742,0.009002520581793695,0.022321700470172172,-0.031956571876002475
2018-12-07,0.010065524113667696,0.011136339893836346,0.014630202890536216,0.017616064017387773,0.01576161262264242,0.012727398232604532,0.02122786276680253,0.01097754715434865
2018-12-10,0.010433218285125776,0.011126876234988179,0.014010686556021524,0.01634166997753743,0.014125675526727478,0.012727398232604532,0.011694024039495298,-0.008385482778491363
2018-12-11,0.010500356553093775,0.010981708043356578,0.013096727249517458,0.015517910549441696,0.013967211546897325,0.011574463699058707,0.015970160633884425,0.012625459686221394
2018-12-12,0.010947374735208413,0.011087207529123611,0.01275797087606008,0.014253462391510348,0.01269959271742318,0.012402949028405195,0.00978711275817144,0.010710917691784824
2018-12-13,0.011274218902718463,0.011064991008321486,0.012232137172454124,0.01311557106372834,0.011609383664849995,0.010662386761637355,0.008268134218823458,-0.00039250747358404183
2018-12-14,0.011268926472603353,0.01072833762427294,0.011127444917339097,0.012094550674440391,0.010589897711833173,0.009444070147702,0.011785106309600843,-0.004707537095432973
2018-12-17,0.011289123607732994,0.01046523047141627,0.010327999981441537,0.01139812821323867,0.010402442172462043,0.01168885336388394,0.007732887670989068,-0.01057402791211122
2018-12-18,0.011462115797042073,0.010471790194032462,0.010298892526329968,0.01169797145222724,0.011249977334647136,0.009080804041004054,0.0048481256445756845,-0.010627344951585694
2018-12-19,0.011628117845906668,0.010481188583312677,0.010283568998169339,0.011951165301059092,0.011963037654990934,0.00967616763195535,0.00937740936763345,0.009548986610572723
2018-12-20,0.011821698122758186,0.010427606819839343,0.010046437965529603,0.011050194954730634,0.01097205059480634,0.007046551227434614,0.0156432776844971,-0.008013220103032381
2018-12-21,0.011322599849637249,0.010298717722852149,0.009725803269163565,0.010931630654688863,0.011276953618282872,0.012231000800883797,0.011273900963988455,0.001384639656646697
2018-12-24,0.011086492377894957,0.009990735966364796,0.008947265082683847,0.010139338283609056,0.0102879746455055,0.009073392218780335,0.007388092644664724,-0.005250922023743033
2018-12-27,0.011112768211762747,0.00977139947840656,0.008518954977390872,0.009756143752073477,0.010235691606211218,0.010388002202216527,0.024539855395154343,-0.015267011927024073
2018-12-28,0.011012481396607257,0.0101851034403879,0.00981470304492379,0.011656936790963942,0.011991248459578187,0.013638181362064097,0.012563246178433227,0.02242054466799984
2018-12-31,0.012347885673873854,0.011299247831537459,0.012266916359541665,0.010787041848715455,0.01115737431937942,0.011448601439004648,0.004801190459991676,-0.0008765349206666848
2019-01-02,0.012350110031011585,0.010957131023813788,0.011163425700536482,0.010017939540284806,0.010279269067998502,0.01093960761184907,0.022025030612513707,0.0009062345093294922
2019-01-03,0.01226999602977069,0.010625651637231254,0.010192179791393214,0.009325801197629156,0.009430236483330733,0.01333644925177691,0.008167924065636423,-0.0061816401629689295
2019-01-04,0.012222874528854316,0.010412634866310895,0.009650968409686435,0.009192542415623348,0.009663986224405756,0.011589920179194831,0.013197023294162247,0.021390162248054023
2019-01-07,0.012928209296625234,0.011374090268124791,0.01190158989442313,0.008593762327604962,0.00916216145693375,0.011362464937262649,0.013066221001680036,-0.0038832723930784805
2019-01-08,0.01290630569405708,0.011068537479293943,0.010946384534071252,0.008270138968031913,0.009050924476001126,0.011386324104988566,0.011955867425596796,0.007416380674522498
2019-01-09,0.012683993549409125,0.010884021901543037,0.010354167229397714,0.007779909014788223,0.008456181948070542,0.011697701423504847,0.00910334563111238,0.006536825472859695
2019-01-10,0.01048962797036719,0.010673238591160136,0.009771659670846465,0.007349670100924863,0.007930682472306978,0.009380851052951006,0.01127885870781967,0.005242078504654522
2019-01-11,0.010301231138264892,0.010427449540771601,0.009200465527975625,0.0070157620231687135,0.00748295144950316,0.009620000031774718,0.013317018133623642,-0.00356393448487936
2019-01-14,0.01013053412425983,0.010147408508115179,0.008618909124054046,0.006888330517739965,0.007560863964786782,0.011986654274048618,0.007321231594648074,-0.009177307172431915
2019-01-15,0.010036515229109897,0.01009183251352124,0.008725067363851683,0.007866969369382203,0.008587519997568528,0.010693609277402137,0.0069115976641617735,0.005818198230987481
2019-01-16,0.009838449188561459,0.009887641999557353,0.0083489809694673,0.007433531801887342,0.008043289773425956,0.010897094563808205,0.007943339513100754,-0.0046955609362949735
2019-01-17,0.009893924291040534,0.00965517653919976,0.007978023411324656,0.0073845527204926854,0.008233980488883073,0.010639541343338712,0.00824221295225577,-0.004059110817993169
2019-01-18,0.009879836150493999,0.00941369591610498,0.007614725889958402,0.007259233089824477,0.008297082479057027,0.011683796395491613,0.012817032049198375,0.019329453093393872
2019-01-21,0.0104301190546902,0.010281939309596266,0.01003428765876015,0.0069003064593262066,0.007866567337813957,0.011630974973540433,0.004574940390166525,0.00033001169688780073
2019-01-22,0.010068674732926667,0.009969037760559072,0.009228812110145616,0.006587008514557764,0.007378353680784483,0.0069802910105267015,0.009155684363089731,-0.00997701470844745
2019-01-23,0.010224851453418227,0.009969516557422434,0.009327905554495485,0.007870044882730413,0.008578904413601159,0.01053121685241847,0.006053164413690513,-0.008512671182851098
2019-01-24,0.010247284864611315,0.009888160547110746,0.009202444338880985,0.008444470844098226,0.009339016538654555,0.00803062011044264,0.006756447353487973,-0.0034987848514442597
2019-01-25,0.010291539100076326,0.009625157951499444,0.008616699571983103,0.008106340883371,0.009169053230879439,0.008034418649886837,0.0070942891034284725,-0.00143819458023749
2019-01-28,0.010214876156997522,0.009338583933063496,0.008021355905524523,0.007671186063885043,0.008704153042070095,0.007874687447405413,0.007973572229417651,-0.009161856020721209
2019-01-29,0.009811575970544686,0.009328074679538372,0.008252756431031573,0.00844408549241721,0.009559021284527463,0.008609434598468454,0.011739515626618856,0.012782737929724588
2019-01-30,0.008955440274249923,0.009570585245021508,0.008972821858421623,0.007942543744741683,0.00893151843776163,0.007804643944733681,0.013083593217233484,0.015636774629861402
2019-01-31,0.009517335683114381,0.010038468960244617,0.010067813259477015,0.007500052570108846,0.008400697572827935,0.009680047593212601,0.006607785546359463,0.003925097595274185
2019-02-01,0.00953090506441501,0.009780030214155402,0.009357373897446716,0.007111217720678898,0.007868620747114084,0.009922351975203797,0.004444970363414052,0.007334314567959669
2019-02-04,0.009432775017022384,0.009650781405736643,0.009027963974610925,0.006770947322536069,0.007420488101563653,0.00931728032663121,0.005785026234193268,0.001978042952286061
2019-02-05,0.008355531399164376,0.009369316200881403,0.008377748924225705,0.0064744333607297784,0.006994133398234143,0.0072211296746057495,0.010222221123066828,0.020167449875636446
2019-02-06,0.00920715695843316,0.0103402419206202,0.010721344751905358,0.006217143782826737,0.0067227001555527745,0.0071955521227186165,0.004981049254437768,-0.0005992822729090336
2019-02-07,0.009158994223815714,0.010026311143830098,0.009834173746065962,0.005999718300499117,0.006424594463751064,0.006695162931990536,0.008392786662149328,-0.011144949131729854
2019-02-08,0.009537031741457666,0.010096924963207804,0.009986062035566588,0.007830152677108572,0.00800107402420767,0.0070392570794635245,0.006331612351432756,-0.0031627723190590855
2019-02-11,0.009538459218101666,0.009819939297899063,0.009315089461376744,0.007573391239039803,0.007992985821392273,0.007195530973702769,0.007944561205295422,0.008154802485302738
2019-02-12,0.009608506209157808,0.009728071934356519,0.009096278092233352,0.0071820007959578725,0.007546274652283077,0.008051432835663168,0.006261487795326036,0.0005609232944256301
2019-02-13,0.009301056049525048,0.009432716397886022,0.008432723224553249,0.006838154654627392,0.007096618722396494,0.007219006812988018,0.0068128380032417245,0.008056508645794514
2019-02-14,0.009360910327070369,0.009355854328598574,0.008358282604653081,0.00653729453620279,0.006752701938605872,0.007014469588292516,0.006569603455019433,0.0008618413355432272
2019-02-15,0.009239923911166266,0.009073293549430567,0.007792479848028124,0.006275115363875179,0.006394319091024408,0.007234952927369292,0.008998910287112409,0.005501028858086078
2019-02-18,0.009147815878820116,0.00889948625449468,0.0075482535750357625,0.006047563767565335,0.006108657353579448,0.007480196816862637,0.0037941331539144384,-0.002379602954616492
2019-02-19,0.008370626708263695,0.00864803763125488,0.007153524705491497,0.005951754489707504,0.0061525991109008206,0.005387988065663272,0.005893958668474061,-0.005597742189554906
2019-02-20,0.008517316245514038,0.008495959312317114,0.007080794616004632,0.006334727126025192,0.00672921867077483,0.007219447105953671,0.004734467574975456,0.006857423559883467
2019-02-21,0.008178039018355773,0.008406658113134713,0.007111085723037965,0.006099221611773794,0.006417283504277149,0.007436081854527074,0.009096442801613343,-0.008502412987467704
2019-02-22,0.008177367058793435,0.00841243414178282,0.007439024738351757,0.007122501294728526,0.007481184646311549,0.00639075937517639,0.007616344804412565,0.001561411163456319
2019-02-25,0.008074762144521264,0.008165120059602626,0.0070107241377422,0.0067860072993702145,0.0070462570020636125,0.006633995685738575,0.006964988267015402,0.000710192687015075
2019-02-26,0.008036593549984952,0.007918288759045294,0.006628665856701254,0.006491776381022421,0.006654347043894469,0.00822928290786719,0.011750524318327205,-0.004548379635812211
2019-02-27,0.007758695225087951,0.007757486996316136,0.006540938809208736,0.006586228521827939,0.006991149427092233,0.007565965320008878,0.007613891523799872,-0.006157836308685372
2019-02-28,0.007636377841110909,0.007670920747107673,0.006653523726960859,0.006944902759535461,0.007559157782155042,0.008954870759395894,0.008080271455950168,-0.004583314914550309
2019-03-01,0.007066920440677639,0.007521492547244787,0.006564773718356988,0.006966445792667208,0.007790990131191698,0.008057893511373548,0.006362560738348473,0.004512961246632824
2019-03-04,0.0070806352644516,0.007375668666824719,0.006438102890793044,0.006649403528923628,0.007341598226066261,0.007219215544768844,0.007274307921518889,0.0038901538410213575
2019-03-05,0.006963859964510186,0.007214184416843107,0.006281378814265777,0.006372685633124249,0.006939541531642567,0.007261051267651748,0.006415062535385703,0.006844653689965499
2019-03-06,0.007086031005728172,0.007192547979703862,0.006472998527780034,0.006132140673215698,0.006604299969707741,0.007240265066212584,0.00532047828555484,0.0017525075072459466
2019-03-07,0.005573459895153806,0.006986634283236728,0.006192373448351353,0.005923870880780915,0.006268566033732968,0.006374189286862524,0.00810587720859173,-0.005350586837037475
2019-03-08,0.005699275765705923,0.006899420400387091,0.006275053107147223,0.006265136291157257,0.006788173943085966,0.0070149118075765555,0.008674270007948228,-0.007474494723300504
2019-03-11,0.005391695975887199,0.006935269715859632,0.006633905664483406,0.006984369587108244,0.0076136551870765925,0.007729504627168922,0.00987534403256445,0.0036951478303700025
2019-03-12,0.00539367535069618,0.0067846396454869905,0.00641498245077046,0.006653692656648832,0.007170583877598503,0.0078013454514855255,0.010931987888714231,0.002884792433186935
2019-03-13,0.005130944893397622,0.006615797507097793,0.006191167182872741,0.0063729978797200815,0.00677071821756195,0.008742343503085427,0.0070502027103386865,0.0011180680950057225
2019-03-14,0.005134629175914955,0.006420097711992418,0.0059356147891140775,0.006128846288914388,0.006400515940364567,0.008754035712107457,0.008436079319917147,0.0036529466328005765
2019-03-15,0.004880232372338531,0.006288500337899633,0.005844584059532057,0.005917327115306363,0.006095623022959719,0.008919838234187669,0.0059085658950921195,0.005952687606683418
2019-03-18,0.005050520685954526,0.006268858882950206,0.006006488769179049,0.005734786567112183,0.0058458714957896115,0.007695330269628885,0.004480534348413744,0.009760875981936406
2019-03-19,0.0053504386718242055,0.006531244765645188,0.006734233665603198,0.005577834868084433,0.005659199785092812,0.005940001169876982,0.006680620571260224,0.003391873704332416
2019-03-20,0.005348238850415263,0.006386549704731821,0.006489495022987533,0.005443352263695278,0.005431684797355078,0.006981945670244424,0.005417973009997621,-0.004515915987971065
2019-03-21,0.005289591537515972,0.006290019549713201,0.006422853608856461,0.005732254757902051,0.0059153556238411495,0.006857889369448759,0.007381295919178925,0.008780430976473907
2019-03-22,0.005415999986948155,0.006466548017882892,0.00686849383105177,0.005575661984214834,0.005711897164630314,0.006914485061548822,0.013113054588439354,-0.020285116930245095
2019-03-25,0.006851070833028091,0.007999776672129855,0.00993627907621648,0.0110278717688908,0.009640832797209113,0.007605759895713304,0.0073792381571949435,-0.004170959526769947
2019-03-26,0.006910828600118672,0.007823071992392313,0.009306203030035634,0.010439307884219474,0.009525417429154033,0.007121219893953262,0.006502228520084647,0.002601939703219872
2019-03-27,0.006932933867474515,0.007611480374238337,0.008654211576181603,0.009727836318856433,0.008829038568839794,0.007120557133190916,0.008310480585615542,-0.00029185921474678605
2019-03-28,0.00685250208860606,0.007379950297003659,0.008046251792301937,0.009092049905109962,0.008217831651912784,0.008252363505467084,0.00869680878778988,0.005558457669971183
2019-03-29,0.0067781687928739846,0.007283517934569903,0.007760682357029267,0.008524372662342312,0.007716339625538682,0.007684464196010176,0.0067105589487951285,0.00618736255814751
2019-04-01,0.006754412530411822,0.007222441610602835,0.007584195202803007,0.008019781251266914,0.007282247205911934,0.007163382222974483,0.008470731636987194,0.005234107560690071
2019-04-02,0.006773067819056094,0.007118819843686566,0.0073446790801344804,0.007572861128656457,0.006891166879261878,0.007878532665186098,0.007501473453999355,0.010021500059067592
2019-04-03,0.007014039516441657,0.007325487561581631,0.007775989550104703,0.007178510595298327,0.006590651772735962,0.00727300381224577,0.0037199701357950384,0.003673346737235233
2019-04-04,0.006931004764865901,0.007159092855181539,0.007387913381404171,0.00683191034843569,0.006264705725381966,0.005626992774277812,0.006331511952338976,-0.002213196406831144
2019-04-05,0.006978565213027139,0.006962136753804632,0.007007010394924399,0.006607889476212431,0.006263282596313063,0.006949689182436165,0.005906411023966846,0.006061114401711854
2019-04-08,0.0068747855504388295,0.0069113886994868826,0.006951491882141597,0.006333091320271139,0.005996229102118858,0.007010491239548358,0.005047326343689946,0.0006711950207681318
2019-04-09,0.006541932101921604,0.006702856577268047,0.006575449287921874,0.006094217178776986,0.005707433331164591,0.00767635246715905,0.007708222500014336,-0.003535543928211317
2019-04-10,0.006652778295708466,0.006556111146846026,0.006399729660782094,0.006143587729441434,0.0058537139356709955,0.007124007505074251,0.0041012698157314835,-0.0004984004144255569
2019-04-11,0.00666945367285683,0.0063575578602161975,0.006106870381855854,0.005937904769710259,0.005672080110778772,0.007041096981968395,0.007523739690687313,-0.000525610022949765
2019-04-12,0.006687099682251554,0.0061652254932816905,0.00586045978344847,0.005758289726713608,0.005509390147541976,0.006670429677589518,0.004642090262493377,0.002571508845466686
2019-04-15,0.006675389269276049,0.00601050451497781,0.005710937430012778,0.005597827023362047,0.0052902119309292716,0.007268116939670699,0.003448768068520856,-2.6892564207751485e-05
2019-04-16,0.006609414677598245,0.005827404057184906,0.005522687829911482,0.005458158529194996,0.005110946431151323,0.005642259698895816,0.00506042211996473,0.004427516825606085
2019-04-17,0.006368327554809601,0.0057530247763602485,0.005580640744477806,0.005336942186973288,0.004907367573399124,0.00683809059277372,0.004343098915034228,0.00018740128023143974
2019-04-18,0.006349048079874857,0.0055779533511100595,0.005413280996776432,0.0052320248423899695,0.004755961240262315,0.005942839059845947,0.0047028124287739,-0.001527004154408883
2019-04-23,0.0062532105358861145,0.005420945883624487,0.005314541045151324,0.005184147032103733,0.004809421370811576,0.0059977141515921446,0.005220594422090909,0.008436277759106044
2019-04-24,0.006232465959347054,0.005647450926083502,0.006001688428964459,0.0051001781262517585,0.004594422790545211,0.005872502721618837,0.006351428934121425,-0.006842353086172133
2019-04-25,0.004328511545500391,0.005726180890447058,0.006326618428182367,0.005907353047784347,0.005505880301975393,0.00676681375544936,0.00753643523103828,-0.0050584104800667955
2019-04-26,0.004392698687633134,0.005688325740479775,0.006345920414717084,0.006166207027480046,0.006031699874908837,0.005507771153687316,0.005581083390074691,-0.0007939552168816271
2019-04-29,0.004419180823024244,0.005518464337041719,0.006067290180820553,0.0059636550837280635,0.005876354527031665,0.006281659804693182,0.006279139291723649,0.0016813621646213403
2019-04-30,0.004399881863441515,0.005366177451833515,0.005844065148215811,0.005777163150468988,0.0056346237938473456,0.006555903081881711,0.0069181092102586685,-0.0030284902916144765
2019-05-01,0.00441302020802802,0.005255322447260171,0.0057602436742566635,0.005774887683540816,0.005837010917065796,0.005904421868257733,0.007767938165682586,-0.004444902106598363
2019-05-02,0.0044215641838718815,0.005210253205692655,0.005824105844609085,0.00595864205651389,0.006235776575836742,0.009289369743128054,0.005903431348804852,-0.004614369709222941
2019-05-03,0.004437652013876415,0.005176434934217603,0.005893695733404475,0.006135929154526801,0.006622509096935035,0.006131202800932048,0.00817800293035286,0.003977767787399341
2019-05-07,0.00393807289361431,0.005112446391379122,0.005837780586373695,0.0059280677024284,0.006296821075197514,0.009350317375277388,0.009843835210769479,-0.016406239132002197
2019-05-08,0.005214985135163668,0.006381125493659274,0.008314450844262865,0.009437064436114953,0.008746670958729424,0.00921788387867353,0.007207675751072109,0.0014451366792646062
2019-05-09,0.005234336514047178,0.006196849361827667,0.007754884458097486,0.008871637410424401,0.008240513776666496,0.00809229839738625,0.007354574153058395,-0.008785557670101522
2019-05-10,0.005256847133152073,0.006381852936794588,0.007981985306890151,0.009266594942335275,0.009062820713744337,0.0076345289105543635,0.010350572329327009,-0.0005690216451145302
2019-05-13,0.005237498055682608,0.006189005673807208,0.007460852517909928,0.00872092995755325,0.008589185827845824,0.008052133789395472,0.007498253673774041,-0.005512647077965617
2019-05-14,0.005291228395865129,0.006150521963619422,0.007283012069172537,0.008624900520231458,0.00896904718298687,0.00688929198136157,0.004933992314399798,0.010815569182343164
2019-05-15,0.005955102810352796,0.006525164933068749,0.007865962935774655,0.008122928549487062,0.008316383300487675,0.006350359366695807,0.008463146439331548,0.007621128326401872
2019-05-16,0.006256960207886817,0.006596059928288567,0.007832400415587509,0.007674543020569873,0.007769504105655038,0.00814641395057548,0.009469601297756428,0.007713085574748306
2019-05-17,0.006491010967366903,0.006668360182827796,0.007816904300279258,0.007275331745598405,0.007275082054387146,0.007288146772846556,0.006094529466772096,-0.0006665714668556775
2019-05-20,0.006489991834550501,0.006467276469076712,0.0073190987874695405,0.006926443632265398,0.006993751878740328,0.007559918775521788,0.011186307499925987,-0.005143433693164674
2019-05-21,0.0064575629961594536,0.006395578131895805,0.007158238995165355,0.007021929290141681,0.007405092636210876,0.007447158891250967,0.007419387350225214,0.002459051226164004
2019-05-22,0.006497781335488546,0.006229930211381724,0.00679507683586751,0.0066969658676996145,0.007011700874538305,0.008077719082490607,0.007753344747294941,0.0007229031010918165
2019-05-23,0.006505753203902509,0.0060427364617348335,0.006439171270960263,0.006410389937086558,0.006677180152841566,0.006862217741808123,0.010925278824157596,-0.014171000332652275
2019-05-24,0.006764675750423451,0.006809759109902691,0.008078586542006792,0.00901124607159546,0.008690080526488583,0.007707726385154681,0.007780426926455851,0.006437539032164532
2019-05-28,0.006897566070632129,0.006788001511066939,0.00786996610702758,0.008468936120766785,0.00812043077522648,0.008674559114236898,0.0067635406346984025,-0.0011961477224811006
2019-05-29,0.0068423061301665835,0.006587730474589259,0.007375920737873841,0.008000302455826476,0.007831924387194666,0.0070775332608752715,0.012191203858639931,-0.011581458189724898
2019-05-30,0.007215357548089753,0.006988713162342754,0.0081639694728963,0.009276768729112584,0.009205276517528775,0.0100133058433811,0.006377297125914289,0.004568342030461287
2019-05-31,0.007307580507151705,0.006867588361281523,0.007773754362929739,0.008707138132331389,0.008606010889781362,0.008034951969194537,0.009583263736961736,-0.007858231385164208
2019-06-03,0.0074347810549741005,0.006931020973577822,0.00785098205261404,0.008964417661121831,0.009266982415591242,0.007646868781552145,0.014092167813385495,0.0032203004165325417
2019-06-04,0.00748005141818134,0.006766012763686475,0.007421504169555324,0.008426958836935528,0.00867815508066108,0.01108608153898792,0.010912375469822334,0.004097484047457089
2019-06-05,0.007529086232918587,0.00663623052089182,0.0071129344378487456,0.007945948358209338,0.00813902910066497,0.009138840463284673,0.007636579498521176,0.000817485930038699
2019-06-06,0.007458052110614231,0.006437179443636772,0.006711059486617317,0.007516812829266002,0.007695310192952316,0.010327916082174217,0.0059457782349370955,0.005483401285058761
2019-06-07,0.006694561558064161,0.006383972416715479,0.006647226718585939,0.007135233878817756,0.00723603143020695,0.010175800786579656,0.008226730923644288,0.009868636403864968
2019-06-10,0.007029694610393623,0.006644787179183571,0.007224171963424919,0.006797122879079729,0.006765232323426445,0.00861829114936891,0.003799671951159231,0.005929005496944184
2019-06-11,0.006798161668994923,0.006604028409100879,0.007113092523122112,0.006498603168858005,0.0063871896658701955,0.005762553816855726,0.005225554696876446,0.003113580422485148
2019-06-12,0.006800510131721453,0.00644810536028652,0.006789608179460714,0.006235999460526474,0.006078599317987701,0.0069670075959177005,0.008272234824073892,-0.004185268297641
2019-06-13,0.006740185127252662,0.006335169075605538,0.006583513793209305,0.006254825571345534,0.006395786646914247,0.006752492332199514,0.006173438308185986,0.00013572019944557402
2019-06-14,0.006382626903857044,0.006142264271575301,0.006241887511375199,0.00601464944249994,0.006107599042921158,0.007106160794681462,0.006310072071845258,-0.0030990075364687552
2019-06-17,0.006239224219514692,0.0060033321265463594,0.00608428076741904,0.005981694224474838,0.00628960129595086,0.007933614671188558,0.0058694984864984595,0.0015642962837856085
2019-06-18,0.006015050331326894,0.005833045362084384,0.005842564095273166,0.005777591387624123,0.005997960923409116,0.006990882277224179,0.012648389411693594,0.011580975768200519
2019-06-19,0.0065174600452154495,0.006326933940621236,0.007011362453916036,0.005601167793233754,0.005640176246406772,0.007839601126218038,0.005608263742164405,-0.005321132011137091
2019-06-20,0.006525410934587014,0.006271136600046497,0.006920982736891642,0.005990151299840996,0.006225333875437356,0.007333490997334938,0.006984115979218541,0.0028190119761698634
2019-06-21,0.006531010616796531,0.006119177617324367,0.006594676540647557,0.0057849154308293035,0.005927936008893695,0.007638705541906818,0.00933319954993546,-0.0022788728772231127
2019-06-24,0.00656134421813587,0.005958965541522646,0.0063221438622106055,0.005705202431920041,0.006001185502364352,0.007459506889292258,0.004510803111749908,0.001241213850479061
2019-06-25,0.005638438591069003,0.005785425724603877,0.006032642616317802,0.005538757070391313,0.0057389323234248975,0.006018556695787505,0.007273961730105718,0.0007682406992798441
2019-06-26,0.0055097576028602996,0.0056123340414069795,0.005782758570013631,0.005395597826119876,0.005504534366021924,0.007482792310956064,0.0038595308529495425,-0.0008086907737809684
2019-06-27,0.005502899939658188,0.005444964153679193,0.005586433306791551,0.005284969044683399,0.005395804236184219,0.005846390654837443,0.008095735719994623,-0.0019030015123001902
2019-06-28,0.004754810621885814,0.005299628424909552,0.005469390769578403,0.005251542231591037,0.00546059938258582,0.007062690975864844,0.004019707116528293,0.003142726775513427
2019-07-01,0.004717596850404802,0.005195527081126079,0.005418681835214169,0.005149787858198022,0.005228195383822551,0.006728119664681498,0.010649481826808005,0.009636142136252752
2019-07-02,0.004552174934122091,0.005562841510224389,0.006310837196650527,0.005063108712648847,0.0049549870216372555,0.007132937029012985,0.0051647169295413325,0.008195732845252057
2019-07-03,0.004734732957988548,0.005754884494066552,0.0066909072564535245,0.004989452664240963,0.004717575440787484,0.0068941196199624605,0.005586183753180317,0.006605818925231913
2019-07-04,0.0048102327173531875,0.005809456465799697,0.0067530905885982186,0.004927000082568262,0.004513924843000633,0.006721490814654265,0.0026016529698636172,-0.0007493640616495405
2019-07-05,0.004850245665043842,0.0056354671636124455,0.006395981594296638,0.00488526415574479,0.004478690384038458,0.0051383110751993056,0.005418054604288431,-0.006663744333919572
2019-07-08,0.005184904339017032,0.005702395115729492,0.006604394185445735,0.005758271752432,0.005423182423513648,0.006329532736662671,0.004106133452869105,-0.0005032312851193897
2019-07-09,0.004870904144779434,0.005530051171202776,0.006265870267012329,0.005588569426174101,0.005276648771617918,0.005071437840392554,0.004261418278440294,-0.0016969604623755985
2019-07-10,0.004799445251340503,0.005377672218293514,0.0060191586754370216,0.005493571262785836,0.005320671614042348,0.004871736252557887,0.005482879552086596,-0.0007698842899121477
2019-07-11,0.004789887095555566,0.005217256011291064,0.005781502308249899,0.0053675383971922485,0.005222155227926354,0.005424659877830449,0.006800308059544351,-0.002779164715562229
2019-07-12,0.0047254723568526105,0.005103920068054078,0.005661315644158666,0.00537679802580531,0.005409463992624772,0.0060270167868560695,0.005495138411496307,-0.0005061335501433049
2019-07-15,0.0047328031031064945,0.004949986901765991,0.005474444598852886,0.005258699019654933,0.005261901042514925,0.005590953977549514,0.007196744170137454,0.003418079230421501
2019-07-16,0.00467214337386706,0.004871675691743233,0.005438304130928191,0.005153330514739285,0.005044518290825037,0.006073767016017742,0.006580804736430379,0.006022958328735971
2019-07-17,0.004789824305954006,0.0049483120581236585,0.005693837749243259,0.005063243407667243,0.004821910058682848,0.006534962133235079,0.005700969413543207,-0.00551855139439265
2019-07-18,0.00441147088681579,0.004984366485387171,0.005893853392080981,0.005603746754644672,0.00551496706830778,0.0070573021879561494,0.004786177637034674,-0.005642589795071032
2019-07-19,0.0044335036530016156,0.005026291265012225,0.006065674509580931,0.006044783487669046,0.00615675180088791,0.006994609492478844,0.008898019780977028,0.002079751179588141
2019-07-22,0.004417683602290388,0.004899725456189745,0.005842754734366132,0.005831899551556109,0.0058733171156208465,0.007279931963312214,0.007332056509275128,0.0008253681343977713
2019-07-23,0.0043704103271589865,0.004754760238614406,0.00562178077656309,0.005647119538415224,0.005626386015902589,0.0070491114432566886,0.009503235321591653,0.005573336790195535
2019-07-24,0.004498324700463449,0.004807806694296562,0.005776557332688229,0.0054873059616226535,0.005359016089850248,0.008651499835377163,0.007905841300835423,-0.007358052641773523
2019-07-25,0.004845606040563872,0.004997655572154416,0.006233384101274356,0.006348694731885164,0.006311383171389248,0.008411810046242887,0.01009235584756776,-0.0016543704492378041
2019-07-26,0.00486055881878611,0.004862322905753134,0.005986929255735891,0.006142297551484439,0.00625091275154791,0.007926448261818887,0.005234976475032355,0.007979720761710647
2019-07-29,0.005092754212176902,0.005103352780625249,0.00640568734685765,0.005916759035508989,0.005907029731833257,0.0067295501824059445,0.013573711796369398,0.018050202250902207
2019-07-30,0.0063094881325217065,0.006635521464452741,0.008952942732664261,0.005720695070228578,0.00550631798840454,0.009471121209928256,0.009473416082694397,-0.005191293435579788
2019-07-31,0.006199194592346333,0.006557843246903504,0.008514309229166126,0.006048903789836291,0.0060743131629996784,0.007792686241924606,0.0061828881750042725,-0.007877364544695946
2019-08-01,0.006250456650416447,0.006644408318135061,0.008445443321746036,0.006889415680319341,0.0070323359631820626,0.008147556828224052,0.009358143979150333,-0.00025046633006628574
2019-08-02,0.006074254495129077,0.006442285012879052,0.007835883224418251,0.006571438625330297,0.006699776974576442,0.0078255313087806,0.013201341807454602,-0.023720429115405166
2019-08-05,0.007962019242180913,0.008530672860980767,0.011477382081128848,0.012746539059377872,0.010789415144122998,0.010301333483920858,0.016996532720959582,-0.025044026410087218
2019-08-06,0.009457146247055178,0.010297486694488036,0.01403484924636442,0.016633833552185354,0.014163606978175744,0.01309785656664217,0.007806462501157297,-0.007252247740764209
2019-08-07,0.009513888830830389,0.010140593874491465,0.0130291209331311,0.015710688323040768,0.014011490889676171,0.010591553580324195,0.010710816389979621,0.0037577286326299034
2019-08-08,0.009609271490260906,0.009874663384051154,0.011912743660755974,0.014506030664331211,0.012836941524609768,0.010244121717357477,0.007335141387066924,0.012040519375883943
2019-08-09,0.010097714074181767,0.010017828344600617,0.011696875031831559,0.013412213944760889,0.011739364432124002,0.01151281744846955,0.007007132217833519,-0.004401718272188056
2019-08-12,0.010113594492485918,0.009772306743150942,0.010867603992684325,0.012670203763482641,0.011634457521336733,0.010084635225369658,0.01254096558207272,-0.003756754829209796
2019-08-13,0.010120070718110183,0.009519185508650772,0.010017584717514514,0.011840740179127946,0.011260626975988085,0.00821650306390733,0.014859538624268954,0.003343098654319066
2019-08-14,0.010118148579741944,0.009265450755358373,0.009234755909298765,0.010959970120143808,0.010370447998100425,0.010989075180643477,0.01701138608467343,-0.014306991821073275
2019-08-15,0.010302197811599075,0.009642565215546546,0.010136486951561142,0.012268111357736677,0.011941750433120093,0.012663699091987803,0.014489862311677393,-0.011382545563352013
2019-08-16,0.010458496343838924,0.009755719384546238,0.010270935134255383,0.01258683601347848,0.012754625860671451,0.01166801445890091,0.0052554271217992166,0.007078327941826805
2019-08-19,0.010667537615052139,0.009616120873540083,0.009729750248273527,0.011630129544292338,0.01164481970261394,0.011723700016839677,0.009750488111719132,0.010135056594390643
2019-08-20,0.010978880282566852,0.00964804416167087,0.009666587891553467,0.010771018210313071,0.010663123046315419,0.01070814624001214,0.012617401910495398,-0.009039720090220669
2019-08-21,0.01105967777106359,0.009612630396275029,0.009540261877087735,0.010897586103846578,0.011268978264146391,0.010742556471273501,0.008329460399986768,0.01102670115899551
2019-08-22,0.011320579130518711,0.009703287672446631,0.009654156271040049,0.010114687587550067,0.010330369988106764,0.009814980519216995,0.01003939162597977,-0.010577679177438237
2019-08-23,0.01141424210958457,0.009757960953080727,0.00976274372855109,0.01069200149931635,0.011245771440493437,0.008871948099155681,0.011907330367358701,-0.004668437524265461
2019-08-27,0.011422939133269144,0.009529553629589132,0.009136783143071104,0.010177104685787,0.01106506599919828,0.010497315427363981,0.008911166478494485,-0.0007613891489179873
2019-08-28,0.01117571760655028,0.00924112718463651,0.008409722554097896,0.009477055466686885,0.01031463562937223,0.009750998342206453,0.010544470445644188,0.0035341447484615097
2019-08-29,0.010217045822340244,0.009001329706785265,0.007873041343198734,0.00884677274837107,0.009542914331484197,0.009129301155300643,0.009912864373229191,0.009735023381925653
2019-08-30,0.010618098971062858,0.009047029408354874,0.008150943456155545,0.008286855887152812,0.008827097354913502,0.009579886029094974,0.007596156390299931,0.0031824367616180766
2019-09-02,0.010636837487225893,0.008805991759773658,0.007633984797774884,0.007791223107242911,0.008236913939161353,0.01019362560565808,0.01134867405979543,0.010311290812783166
2019-09-03,0.010989598604911473,0.00890348945719355,0.00806986177869402,0.0073541692726214955,0.007669908504634834,0.009318376492595147,0.008056527419940503,-0.0018831491259353474
2019-09-04,0.009793853102378961,0.008644568935541316,0.00753007601462835,0.007026439627408631,0.007498854862169723,0.009257878119852547,0.007139380854246173,0.005912428485632302
2019-09-05,0.008174112593575329,0.008505425703179668,0.007343534991433259,0.006683603665878128,0.007041143743902304,0.00942343767854686,0.009438225320652823,-0.005499756705149795
2019-09-06,0.008098830485319215,0.008355631025704833,0.007210311522348403,0.006903540486593036,0.0075282742457451314,0.009109116608262269,0.005109176290537063,0.0015254065554471579
2019-09-09,0.008070686183550214,0.008109697131029124,0.006770623206155882,0.006576358346282785,0.007095050550148068,0.008347459306001666,0.014741655094156982,-0.0064058188066807
2019-09-10,0.007755195568888082,0.008017682157496774,0.006871391269861244,0.0069968004239156535,0.007730656223959361,0.010285735229702248,0.008627982741089427,0.004440222962734564
2019-09-11,0.0077630188268449024,0.007849150804096663,0.006642424988381308,0.006622739372241631,0.007193167273976888,0.00878727710649768,0.006418156194763024,0.009585175399165537
2019-09-12,0.00797529808015683,0.007963991052901197,0.007211663356025416,0.00632833348718999,0.006741863574885174,0.009059414151803055,0.00858509831058756,0.0009126387469662827
2019-09-13,0.007953051871449476,0.007724611242657896,0.006752597467170902,0.006074565101347966,0.006387049331859538,0.009072236808972052,0.007651746391535332,0.00309947094965616
2019-09-16,0.007190972666384962,0.007527671946176367,0.006453852422640536,0.005856804714564357,0.00605812489736436,0.008707442889614605,0.005195337836606492,-0.0062768691131474584
2019-09-17,0.006812059821475249,0.0074585413711603646,0.006612056557691817,0.006426907007180959,0.006816218255860635,0.008101184130362054,0.0075777662341371295,-0.00013659522757511838
2019-09-18,0.006707537522105147,0.007231401559695316,0.006248466512056167,0.006159607426571421,0.006460773709702125,0.007758644211343226,0.006502390346091354,-0.0008609792461886567
2019-09-19,0.006409234783896971,0.007014275124505175,0.005960758739517854,0.005943220556451778,0.006256231899147414,0.007853033762045668,0.00959568338151845,0.005766690599887323
2019-09-20,0.006076488554201629,0.006945742251149742,0.006080317542369091,0.005744489516126463,0.0059264250419326725,0.007240601866972697,0.006944687280042489,-0.001564487813409398
2019-09-23,0.005701362311258848,0.006745042077062283,0.005848874961830735,0.005624245724732508,0.005890264991973615,0.007379085237470999,0.009891390890820055,-0.002562880552167347
2019-09-24,0.005132969811375875,0.006569623921317025,0.005720670182026848,0.005608486645177145,0.006021177053622118,0.007050279438653953,0.007813873487964782,-0.004747742798866092
2019-09-25,0.005137610667404396,0.006474783753959628,0.005838572628746136,0.005918025745418226,0.006510157894126004,0.006868400835189973,0.010419205317840963,-0.00019202545767922348
2019-09-26,0.005127679591994755,0.00627771197232646,0.00560984374724634,0.005723495813778063,0.006196167619778239,0.007711542482666199,0.012504098613471548,0.008346415870203896
2019-09-27,0.0053345872243101495,0.006420657834189967,0.006236676036991411,0.005557252947283668,0.0058585300961328905,0.009511911156705358,0.007865878244677571,0.010164325901123894
2019-09-30,0.005368212210370984,0.006704488605686177,0.00703730208744166,0.005416178957522174,0.00554532776508686,0.00839281443038771,0.0043681217912421065,-0.0024267929722786444
2019-10-01,0.005423597926809635,0.006527366763386848,0.006683503014856186,0.00542232832426501,0.005690039266647396,0.006731942058369252,0.008859109472060823,-0.006486802039967506
2019-10-02,0.0052660866710693395,0.006524939991623284,0.006819471406312541,0.006155104616075591,0.006533785625102957,0.0073729727678938295,0.01575578307895327,-0.03284190538972218
2019-10-03,0.008987803605947321,0.010234050828400043,0.014222981814174383,0.01696141979988405,0.013984828241893933,0.011940485905891788,0.01600761741974214,-0.00632392020288711
2019-10-04,0.00891605007907738,0.010042468151840367,0.01304823642712881,0.015830693007262107,0.013644829702938677,0.012286118581155164,0.005680665069281025,0.010932449220316215
2019-10-07,0.009265992041969137,0.01009807919077544,0.012459299318732256,0.014516083671734152,0.012349813631899102,0.010311790356347522,0.008510196009735804,0.005922000404992904
2019-10-08,0.009369410623240086,0.009897329764658031,0.011464998376145792,0.013333593352267012,0.011264883500817032,0.009482286761004727,0.00862270667238883,-0.007628461591478698
2019-10-09,0.009411289550911264,0.00977605819629377,0.010829243580879121,0.012811582458155288,0.011542931538140318,0.00933481284016542,0.007025497074730988,0.0032565351602636514
2019-10-10,0.009383011625106187,0.009511747279069458,0.009888899176737392,0.011744423605916812,0.010603621197888347,0.007852722588908751,0.010741243666005582,0.0027729605517265014
2019-10-11,0.009124959517441265,0.009246961378535005,0.00905935113023078,0.010811282060349618,0.009757046306535382,0.007163448761318771,0.01209301781774617,0.008411037912383932
2019-10-14,0.009347302212501733,0.009198948340857476,0.008889146865409543,0.009985920416055376,0.009002604537526182,0.008680950136565618,0.006551968466986958,-0.0046471184415537775
2019-10-15,0.009345327658014836,0.008991059677907181,0.008375089371257865,0.009529678963690877,0.009100595472124802,0.008076204650997253,0.008714913346594962,-0.0002634297177817709
2019-10-16,0.009267549043217844,0.008717394599119608,0.007722894177079569,0.00885821473424073,0.008483904781036807,0.007253065760456976,0.007451054029583569,-0.006064165013278858
2019-10-17,0.009338900183223588,0.008581365644199684,0.007582345592675542,0.008781869908794933,0.008893511459828429,0.007296626206048011,0.009931001331348303,0.00199299035327661
2019-10-18,0.009361790272709844,0.008334252622351858,0.007087517283465411,0.008203086744037693,0.00827577715659819,0.007545268219567888,0.00569618725906741,-0.0044233967568310766
2019-10-21,0.009264399043926135,0.008152678522969536,0.00688748422065386,0.007992699780359403,0.00843385124603515,0.008114398651280438,0.007601560526512769,0.001816378641372472
2019-10-22,0.009289847427102716,0.007916827076239915,0.006505874139119561,0.007516283824749617,0.007874564515776134,0.007771584756431003,0.00952675097883256,0.006802983923770629
2019-10-23,0.009444189600131084,0.007854452069610279,0.006671988100551307,0.007104134010183706,0.00736422331526272,0.007677988588848205,0.007673823500465742,0.006660611087281918
2019-10-24,0.009530107578994671,0.007787984121602859,0.006777653404361401,0.006749402726176602,0.006914863162721696,0.007773778452455502,0.0076693521305162835,0.009267322476985827
2019-10-25,0.00975152715281228,0.007884575501013659,0.007291046119645072,0.006445668544292175,0.006506845894037074,0.007909623129294663,0.006716521693080981,-0.0005186722107979624
2019-10-28,0.009573749907664778,0.0076454352546502504,0.006818238444110756,0.006190993073789485,0.006241230971841162,0.007811169418930231,0.007185519059500925,0.0009279603280561996
2019-10-29,0.009282860893094358,0.0074160087676116435,0.006425262820385695,0.005971056595793301,0.005940352281268904,0.007824373629247598,0.008849571956581976,-0.0034158638449732696
2019-10-30,0.009295027793371134,0.007238607768573936,0.006261305574136274,0.00601643958198674,0.006216217354380685,0.0079190085617834,0.0067422251616504735,0.0033476607908142146
2019-10-31,0.009234300483438608,0.007065833698003702,0.00608383053983695,0.005823720760677685,0.005908429745214108,0.007900964928040889,0.007009636725302921,-0.011303895605718919
2019-11-01,0.006085973522068442,0.007388986997476277,0.007356758098469802,0.007917986583369742,0.007711666049034283,0.00806837958363093,0.004559257562469083,0.007422306389699208
2019-11-04,0.006016406599687631,0.007390990396861252,0.0074148237019518145,0.007451513870695929,0.007218401291302562,0.008823443566284265,0.008872501664590766,0.009173938564092994
2019-11-05,0.00588929165863994,0.007509913689941496,0.00774179830421052,0.00704826813699706,0.006776109603444514,0.0074640139731068636,0.003754071254017702,0.0024935978986452183
2019-11-06,0.0058047338230477604,0.007306706319632405,0.007241330803067585,0.006701465633847442,0.006410333005482132,0.006795332501233826,0.004455936638560807,0.0011633570924105214
2019-11-07,0.005438472338783213,0.007089843707046191,0.00677984214232958,0.006404747181271252,0.00609022523143821,0.007892212231685203,0.004499233196903784,0.0013105364941554767
2019-11-08,0.005426485633074029,0.0068813502393841805,0.006360577844886227,0.006124642272075424,0.005772699655490106,0.00663363492215525,0.005226700411092983,-0.006366083616292149
2019-11-11,0.00568530849058314,0.006851527091577888,0.006586881589569516,0.006710859672728716,0.0066304000578554624,0.00650726001732187,0.012723740695690313,-0.004207551193358489
2019-11-12,0.0055426439531066915,0.006722278430719168,0.006467957535799472,0.006737086196468473,0.006973072397224163,0.006983583303897007,0.006833989980682723,0.005022502884664684
2019-11-13,0.005492309460542066,0.006632587562610337,0.0063990305821956224,0.006423335425133003,0.006564590350894117,0.00683556359127452,0.00814944886801433,-0.0019297941653450001
2019-11-14,0.005523309422071621,0.006447882678863481,0.00612684739434311,0.006232797165397585,0.00652106214536245,0.009092729674330032,0.0036658114601044395,-0.007976005135310025
2019-11-15,0.005658172920724842,0.006549631978445351,0.0067035774933944525,0.007204374480257577,0.0075848906652195465,0.006590335283156016,0.012070354958972735,0.001383969472118942
2019-11-18,0.005653429403372172,0.0063591462162679475,0.006324881336501778,0.006820188090450295,0.007112966194943844,0.00894179694472804,0.005465211919604776,0.0006570572286819482
2019-11-19,0.0055263207459350485,0.006167521351076804,0.00600395235845665,0.006493700977183032,0.006700822450115798,0.008518443602282115,0.012451840075375857,0.0022007321871289915
2019-11-20,0.005529673870280196,0.006003883224097291,0.005792659695708052,0.006217825595841262,0.006332864055563727,0.008146142777461608,0.011823189228974093,-0.008405196779128448
2019-11-21,0.0057311979553558365,0.006174354777321541,0.006559415623811393,0.007315456721317971,0.007511075852375144,0.009350620394047668,0.008169662964107803,-0.003296304644571446
2019-11-22,0.005591353552855677,0.006040466452174761,0.006355464321320276,0.007107675662610119,0.00758082013452518,0.009266620455583954,0.00924026059759282,0.01211104097046666
2019-11-25,0.0058587509846627665,0.006564955419921536,0.007636335207441575,0.006737837590711422,0.007077507493892973,0.007787450477497259,0.005648003479064623,0.009441016664516974
2019-11-26,0.006208194662114026,0.00677205205423031,0.00795416512450395,0.006423971226955704,0.00664337078076648,0.008097299048851057,0.004626578750297069,0.0009189562385690723
2019-11-27,0.006208161365508227,0.00656960550701463,0.007346304960804756,0.006159113335642334,0.006285951875928438,0.008126589113876991,0.0050368206027322825,0.0036001090599600393
2019-11-28,0.006177628475780018,0.00643022399620305,0.006962396232339506,0.0059368336177849715,0.005961397625263815,0.006557719571060521,0.005542772243010032,-0.0018051762254097214
2019-11-29,0.006173634256999573,0.006249994678009883,0.006575587230934407,0.00582070860172627,0.00596737051814566,0.006933929760577019,0.005546130578589382,-0.009469754907697227
2019-12-02,0.0060082664981443165,0.00648839448148416,0.007319174069671934,0.0073778248913961755,0.0074239018219203565,0.006462569987453173,0.01448575793114099,-0.008283035793642559
2019-12-03,0.006098628836459771,0.006609828143608476,0.007620774239929116,0.008107270126652083,0.008409175552987065,0.009135652217552451,0.013505715695384812,-0.01759860437910505
2019-12-04,0.006817314525940445,0.00772341187353696,0.010022165677642681,0.011634178386989508,0.011149318333419679,0.010716090111594863,0.0057118624908604615,0.004140157719393937
2019-12-05,0.0068733630472087096,0.007556485946965138,0.009208835371070402,0.010669547586331991,0.010185541718036005,0.008251946372421989,0.006071815634958755,-0.007063911437153897
2019-12-06,0.0069596145548056244,0.007527840444788794,0.008888998779527734,0.01043852115375222,0.010524056074326233,0.008709997067919396,0.006945102169386382,0.0141611536316664
2019-12-09,0.007756514083755233,0.008080877129819856,0.009839597321981699,0.009629786642053325,0.00964482040501837,0.008404984536158063,0.004964492197309421,-0.0008014592513904996
2019-12-10,0.0076615125576009885,0.007837160256872972,0.008937321588304497,0.008914942436966469,0.00900568639319249,0.007333311330120798,0.012645161173231459,-0.0027824515968506787
2019-12-11,0.007636268052681289,0.0076289146181959385,0.008255730646499681,0.008400957821084914,0.00877958562088186,0.007454652730365822,0.007304920584813105,0.00034649794873387464
2019-12-12,0.0075268851112035556,0.007396994092624981,0.007594358850575733,0.00784317219776903,0.008150766554176096,0.007531781582801398,0.01002947387216117,0.007895250055864224
2019-12-13,0.007766049515804516,0.007427832033415038,0.007671295431037089,0.007364044851146866,0.007591614006060467,0.007757797239029142,0.02522772568536089,0.010925185067906337
2019-12-16,0.007950123586107034,0.007682701837225574,0.00827915026819686,0.006954851964887601,0.007098454193513881,0.012972428334933358,0.017456025279629705,0.022283658649074195
2019-12-17,0.009277564628440737,0.009234509171354708,0.011614871842968704,0.006607442705840139,0.006645991756676007,0.012381193341859961,0.005107001673213022,0.0008242270015417319
2019-12-18,0.00927697664115206,0.008955464871612662,0.01044050067194252,0.006314223110056219,0.006285932490180582,0.011013853858920605,0.005029477457283952,0.0020576002374275253
2019-12-19,0.009276409362146234,0.008697261242880474,0.009463749450574304,0.0060681613408107606,0.005965453468580217,0.01104396904680332,0.005130679545905186,0.004366645817404488
2019-12-20,0.009017126592423853,0.008499874568543675,0.008762550146370602,0.005862804220910479,0.0056769668766834865,0.011134438695415355,0.004296229624817188,0.0011480375758650995
2019-12-23,0.008938451252930274,0.008245730715749387,0.00802634213166819,0.005692294705714197,0.005425971763216329,0.006906943368708947,0.0073498569162601295,0.00540573849775181
2019-12-24,0.008683209742800782,0.00810344809675599,0.007680490788201274,0.005551381765238339,0.005194080410628661,0.0076559020783002465,0.003383872267721786,0.001127440175011404
2019-12-27,0.008509555704807506,0.007861436641880602,0.007123677394604864,0.005435417289944642,0.004994143894868262,0.0048507631905359335,0.005183670494014395,0.0016626195973784114
2019-12-30,0.00850858569693212,0.00763281816535544,0.00667867053236522,0.005340338126046872,0.00481357218031375,0.006932106162865992,0.003462199398482629,-0.007589322141437434
2019-12-31,0.008720223076428661,0.0076302153960846955,0.0070276653666570986,0.006496087963983475,0.006069228020429771,0.004884150807844621,0.004873497673052125,-0.005909002949628449
2020-01-02,0.008831448915503913,0.007538033876464878,0.0070226293922286956,0.006888702619799715,0.0068009590337999686,0.006282888994533695,0.007798109796455618,0.008173443007777972
2020-01-03,0.008642592790588495,0.007577661095315089,0.007287934431209256,0.006551481157405845,0.006409391078825839,0.0057946797733119445,0.009292376650727812,0.002377403971336284
2020-01-06,0.00833817436014572,0.007369858464957131,0.006842537783030722,0.006267155864535482,0.0060741418983350755,0.006364043495159902,0.010707622127454696,-0.006198326167176462
2020-01-07,0.007293836442661883,0.007304866857265267,0.006922832461217988,0.006781676846171979,0.0068609175531207135,0.008234757731340428,0.005359071030938294,-0.00018482824228156504
2020-01-08,0.007311965871537081,0.007082475887920754,0.006493280563321208,0.006461416272999434,0.00648658815600811,0.007856162323879043,0.006902540445922885,0.00013202365883132778
2020-01-09,0.007004134769551017,0.006866791291104573,0.0061404528429562085,0.006191508299383565,0.006146426998688839,0.007684510343725826,0.006140854352996153,0.0030580660489136244
2020-01-10,0.0065074407023304835,0.006699608895676323,0.005949747168524953,0.005973666848022247,0.005846764366645874,0.007853875085725924,0.005787591600075929,-0.0013433427543638658
2020-01-13,0.006521416855582642,0.006503841017357813,0.005737412784331608,0.005825435555449717,0.005787133506542122,0.00866769427864351,0.005840633006341465,0.003906486175405066
2020-01-14,0.006424678686373845,0.006377898490462185,0.005709657045151959,0.005663257981216283,0.005523449470722811,0.007813484610408114,0.007753259759393785,0.000629921280671817
2020-01-15,0.006420018179229151,0.006185526804933596,0.005508786856966681,0.005528143729341318,0.005289946378688943,0.005802299515771094,0.0035359991739324086,0.0026727474443942064
2020-01-16,0.006305051833397343,0.006032720122579022,0.005428304289015482,0.005416012244609605,0.005078934341354583,0.005828852876019423,0.006345752078533387,-0.0043271378638815045
2020-01-17,0.006145333333728658,0.005944201937881137,0.005593012275166561,0.0057379732387334926,0.0056259775849591956,0.00761078355204779,0.0070002520726397755,0.00847928453196355
2020-01-20,0.004281501924346526,0.006125962818043468,0.006305646095816923,0.005590322249313966,0.005376001430237043,0.005871243328193011,0.004755772701109813,-0.0030275372205266133
2020-01-21,0.004369864590675144,0.00598546022612033,0.006131719582052754,0.005669340181794288,0.005654970859670089,0.007008481145981625,0.011880864066143752,-0.005333485756159685
2020-01-22,0.004556440165122371,0.005948357276595768,0.006258812749222036,0.006130485251873604,0.006317358846844936,0.007214229538353929,0.008249080954302308,-0.0051111251651589674
2020-01-23,0.004616979557488167,0.005901473804047876,0.006324706248435413,0.0064366561236308085,0.006853486726299509,0.008846689172831525,0.005020252465494325,-0.008514866162271043
2020-01-24,0.004964059801988134,0.006089985732491893,0.006945069804404328,0.007476763933405326,0.007951229172668085,0.009389267732708317,0.014589597248984988,0.010375282719558069
2020-01-27,0.005360869151704056,0.006428175490703653,0.007631975589385625,0.007063965417734017,0.0074313267982613115,0.009722681206486856,0.015126473217479626,-0.023190643299418938
2020-01-28,0.00732018375258795,0.008432704781348582,0.011686894993256829,0.01328898215877875,0.011731496316509011,0.012363888216999868,0.006938945513236551,0.009212570528192824
2020-01-29,0.007655506072123756,0.008481519125594902,0.011087305113046078,0.012159427827429618,0.010696843964698697,0.009189279395435648,0.00669882880510473,0.0003875891336455085
2020-01-30,0.007510502161287486,0.008223685925262065,0.00999957976542526,0.011158983273668911,0.00981737813579255,0.007655634101523966,0.011478216245787012,-0.01366935502131976
2020-01-31,0.00795948618937429,0.008647678624199963,0.010625533287807028,0.012300876391592563,0.011415593671072914,0.009184603387431448,0.011719236362125511,-0.013089906021434783
2020-02-03,0.00808253699117193,0.008976421515904762,0.010971518130374818,0.01300996561206966,0.012619725873054703,0.010114915459557741,0.008601185990402042,0.005515914972770509
2020-02-04,0.008196442093389619,0.008807218273469558,0.010112520324064608,0.011912033304767708,0.011455716458644285,0.008813334493346314,0.007613805739808194,0.015373353204107838
2020-02-05,0.008946489778985935,0.009332388087613969,0.010935106203002764,0.010940288313713676,0.010456971757319886,0.007837064652649574,0.012423536182573816,0.0057229939814664324
2020-02-06,0.009060919729406113,0.009156037296750316,0.010099116826332405,0.01008304261941407,0.009607521002847287,0.01092542225871968,0.00601083357742053,0.0029758550848873553
2020-02-07,0.009093258006332056,0.00890698493598641,0.009217216727341201,0.009329606862921662,0.008877093175803185,0.007779256091156805,0.007164756546737042,-0.005089681360970404
2020-02-10,0.009110225508047335,0.008725171012207615,0.008654450518042714,0.009021400740073768,0.009074911863378927,0.008203371858382243,0.004455915849825082,-0.0026552960564161206
2020-02-11,0.009118411357582627,0.008484334297372135,0.007987270274149838,0.008492871212288622,0.008819272087926395,0.00739707918213766,0.008744065209806834,0.007025178929876263
2020-02-12,0.009225261643092376,0.008403932478381644,0.007844485445694929,0.007932901196396218,0.00818506945164554,0.007813180382212388,0.004797715798730345,0.004656183165058898
2020-02-13,0.009296819143137597,0.008227351866495114,0.007444702517003562,0.0074491889685471095,0.007633890978999569,0.007471370368699229,0.013456238024175499,-0.010996747767810998
2020-02-14,0.009535163029543098,0.008419243867423296,0.008283128279149376,0.008923572710348214,0.009113633481687115,0.008243599688027086,0.007459125975382135,-0.005773478297783249
2020-02-17,0.009564030378073721,0.008284360588512221,0.007977776736657824,0.008788942932735595,0.009382380161906156,0.007625687749974309,0.004496172838976299,0.0032609310414173026
2020-02-18,0.0093636766840069,0.008071605343070089,0.00743736931897626,0.008189624344005463,0.008674494843568463,0.006851296667115944,0.008542453591031498,-0.006925300875169344
2020-02-19,0.009433398706254537,0.008007455999137193,0.007486971546546194,0.008410543331980845,0.009212246183317575,0.0071799811527083245,0.005837645262600795,0.010108583953850952
2020-02-20,0.009733646194891308,0.008148815782465223,0.008009533714383019,0.007861627950549382,0.008524703826392532,0.007247241773879152,0.005137875190409327,-0.0027394334153785097
2020-02-21,0.00969690339292312,0.007929014848226643,0.007463227429031426,0.0075101094815252945,0.008357694586087644,0.007875583877269896,0.007695162077469979,-0.0044068667390959266
2020-02-24,0.009575402764946705,0.007762882734072676,0.007168666057963682,0.007415401572400393,0.008496104651178404,0.0064908230572919565,0.025302793144952485,-0.033943934710736715
2020-02-25,0.01167478856906859,0.011215081348844124,0.015453858021273548,0.018388429044425166,0.015549741237808595,0.012388816721405167,0.020162455715077365,-0.019598925710752575
2020-02-26,0.011383395755098578,0.011886060744521532,0.015895099165029104,0.019346307157506622,0.017217675412745433,0.012523205811222777,0.023574889747143727,0.003499192782696568
2020-02-27,0.011152837783246456,0.01155579485059063,0.014121446554336978,0.017531406874563785,0.01530713773865041,0.012082022478647474,0.03147539073766642,-0.035570160538924124
2020-02-28,0.013199461952234334,0.01419289928792179,0.019245807371094478,0.023888932189936485,0.02032437821325653,0.012438271499995724,0.04025792047861816,-0.03226713363904309
2020-03-02,0.014407909280442978,0.015868905494143493,0.021518201070279394,0.026970386151341653,0.02338926224902368,0.011841607565762365,0.039134488245374785,0.011227498847737567
2020-03-03,0.014738477476489154,0.015629338940265226,0.019436310112060328,0.024351630423694353,0.020384063354804503,0.011841607565762365,0.02593083396551884,0.009466836073908181
2020-03-04,0.014894626539477849,0.01532960928015207,0.017520762780309392,0.022006399704166842,0.017923676166457472,0.011841607565762365,0.01840955357417446,0.01439384084687797
2020-03-05,0.014831910920048744,0.015275079859061692,0.016498445594995994,0.019908147878396343,0.01588964030792583,0.011632044296788263,0.020080737431847864,-0.01630093043230308
2020-03-06,0.014875779700257755,0.01533856579984571,0.016065667375914097,0.019790162518915463,0.01688382347983339,0.011841607565762365,0.02512361270796454,-0.03688145832400148
2020-03-09,0.016256192971565428,0.017400282263076317,0.02075968019754834,0.02574385594264486,0.021757829059409595,0.011841607565762365,0.057508040013467814,-0.07998855137069669
2020-03-10,0.022719933957529373,0.025855245782772977,0.039454858216577515,0.047728071344092765,0.03711730506134511,0.011841607565762365,0.04771280997177748,-0.0009391246707327039
2020-03-11,0.02275332695789949,0.025068646308230816,0.03437082074492451,0.042996131640393696,0.03165125014783388,0.011841607565762365,0.03446877642681792,-0.014142690970441324
2020-03-12,0.022399392064283985,0.024550595685984243,0.030596190057930545,0.03941901048036166,0.02937558934932848,0.011841607565762365,0.05251565464049026,-0.1151170613425157
2020-03-13,0.031464316042256635,0.03690100421875616,0.056422683000214455,0.06925600721346409,0.05076726308687165,0.011841607565762365,0.07773267019657763,0.024257102436916728
2020-03-16,0.03273321506231672,0.036266892432763036,0.050166804545454316,0.062346629128323394,0.04223057053651263,0.011841607565762365,0.08009097656790586,-0.04089110358409166
2020-03-17,0.03309909997386656,0.03656084214929031,0.04712409728511181,0.059966996326224854,0.04224664987888675,0.011841607565762365,0.05689972009506986,0.02753380903268538
2020-03-18,0.034256919303477545,0.03608296144077294,0.04266852392261689,0.05399470836017766,0.035525509105396424,0.011841607565762365,0.04086454427917528,-0.04131472828162028
2020-03-19,0.034613822914986284,0.03641806840477918,0.04124786148365404,0.05309203476263047,0.037182953036766025,0.051863178603956395,0.04356644514660698,0.013877981184231924
2020-03-20,0.034775132820684104,0.035471891205009896,0.03639720150653376,0.047814553466214625,0.03154516611711509,0.051863178603956395,0.048041110253218174,0.007580481844560128
2020-03-23,0.03506749752061051,0.0344413644331957,0.031871889574487534,0.043071476098495945,0.027048624366050832,0.05190771541588966,0.039869861424803976,-0.038670660252675224
2020-03-24,0.03524306341961522,0.034709657544286655,0.032465007963095566,0.04363610328515279,0.030184640105574465,0.051863178603956395,0.0395356565044086,0.08666422662330449
2020-03-25,0.0418512531745562,0.03978839023891373,0.04676283834014152,0.03931702392875002,0.025728945932778455,0.051317193795693355,0.0457192547837235,0.0435124593752348
2020-03-26,0.043584448184576116,0.040021607728684856,0.044767107672915474,0.03543731959957331,0.02223578593579771,0.05190771541588966,0.049401795878441235,0.022167303430835474
2020-03-27,0.04406138858433953,0.039180463250976086,0.04010031806420721,0.0319535864514494,0.019436144014675936,0.05190771541588966,0.052907916959260136,-0.05394208891398958
2020-03-30,0.044789318785611154,0.040219238131915275,0.04201597473025611,0.04007460402943413,0.028110815131969544,0.051987686388516925,0.0368664957273346,0.009644286419345765
2020-03-31,0.044680636810101634,0.03906549148019653,0.03681038060860482,0.036117734889170826,0.024268687624069377,0.051317193795693355,0.021180226145944656,0.01927843466683219
2020-04-01,0.04488786610907603,0.03816864354029559,0.03310307410155743,0.03256445019989842,0.02111229228590702,0.03960615793082592,0.02987272848129915,-0.0390824998560958
2020-04-02,0.045213417766373866,0.03822409104771339,0.03347217009752922,0.035627748212321515,0.025779481549444386,0.05009293918546131,0.027209290448003354,0.004682307270582913
2020-04-03,0.04500144353819154,0.03707737461472992,0.029242780154308562,0.03212454454155104,0.022387834747454115,0.04386204573637625,0.012182292496998388,-0.011876384350658723
2020-04-06,0.044982711634851305,0.03606536726745524,0.026049028983195294,0.029615863363663085,0.021540225618613643,0.03672821453336796,0.016590947475280053,0.03035357915671784
2020-04-07,0.04537773698953022,0.03574840498855346,0.0261873451748615,0.02672965845368723,0.018839728820895865,0.036953072070417266,0.0279020250201974,0.021636545603914526
2020-04-08,0.04253118148438621,0.03506222979236079,0.02539441878733518,0.024446465207957596,0.01867676333215694,0.04341009104989569,0.019040615402208694,-0.004709115904811688
2020-04-09,0.04253384773353918,0.03401365765230006,0.02239362427627784,0.022263376772973697,0.01753500569326543,0.03762033383924892,0.013068482748374412,0.02864679761676837
2020-04-14,0.04296154212169535,0.033715745776956546,0.02320242533548782,0.02017724051741705,0.015781074840216035,0.029204521424149057,0.017447065271751272,-0.008836227340137181
2020-04-15,0.034103169642444836,0.032760206918073284,0.020762778873123663,0.018855413408911493,0.01573281491771969,0.030254644133892387,0.022269416761056277,-0.03400099233693065
2020-04-16,0.03480247643621922,0.03283597625577529,0.02353151812732687,0.024463789124813718,0.020574402634727425,0.03798253455596389,0.012787369690971929,0.0054694108427876306
2020-04-17,0.033386499200307056,0.03186383724173347,0.020793744105452112,0.022150852936952806,0.01843931217496396,0.029208199961683782,0.02631304317438726,0.02778881265973809
2020-04-20,0.03339544792507977,0.031634142360492425,0.021832428617419453,0.02007636659187446,0.016559949047059902,0.036926473066341156,0.018913573592540773,0.004448359893098757
2020-04-21,0.03172612767337442,0.030689788195019833,0.019281675300688937,0.018217757811753197,0.014998642952773858,0.019714831365881452,0.013686273716466036,-0.030001027726961428
2020-04-22,0.03264149794871518,0.03064889905638215,0.02145051778703944,0.022617131408783187,0.019129496420283748,0.018878211458733207,0.012463539589372751,0.02271470649116781
2020-04-23,0.03288322242420836,0.030231625593490644,0.021220619019302885,0.02049440549013037,0.01716354122910306,0.018549997837308388,0.015834720562414188,0.009657578597219496
2020-04-24,0.03132521716802676,0.029405955932858004,0.019103331977127175,0.01859211204353145,0.015506352398907196,0.01940541982370884,0.012192493853057698,-0.012851249517357515
2020-04-27,0.025758373275240446,0.028683390777854673,0.01776261268747739,0.018125209462126233,0.016192429813476163,0.012712145337226201,0.010116690469788955,0.016312112704131715
2020-04-28,0.024237469788987522,0.02809515604826834,0.017140979169659253,0.01647197745736459,0.014653336915214737,0.012733547522475035,0.016582321859136644,0.018924268515723226
2020-04-29,0.02410791412971055,0.027630874074217552,0.017153583161489995,0.014995132886619307,0.013315083411375892,0.012986907886585214,0.018027259288368964,0.025975056076313268
2020-04-30,0.02109505344369138,0.02753433315460915,0.018793223755525987,0.013678305211804456,0.012134440516564033,0.014005376684196465,0.026930392805701763,-0.035638107563762324
2020-05-01,0.022834962685992978,0.02808657356774667,0.02271167379537649,0.02217655791525246,0.01831629950669111,0.020991266507113096,0.01589726126228978,-0.02368019568371817
2020-05-04,0.023206542164443972,0.02784186376568584,0.02249020323578302,0.023488904182276803,0.02053031943789797,0.019325510348519592,0.01506900056162358,-0.001615018281207679
2020-05-05,0.021356888144718967,0.026996587049349544,0.019784049252297903,0.021290926572328773,0.01863402553348057,0.019169682855315204,0.013066797266682438,0.016478585784794657
2020-05-06,0.021570040622251287,0.026483568432942174,0.01878086293399321,0.019305662175083026,0.01675363241801831,0.019059119551988607,0.009400854290876231,0.0007519311311972567
2020-05-07,0.02130591832583964,0.025677432838026374,0.016553001661514626,0.017527867419359106,0.015174404001120315,0.013786976412462997,0.008225594173722772,0.013944482852738294
2020-05-11,0.020567880352636785,0.025128422947811358,0.01577850286626843,0.01593808061666766,0.013778645237502697,0.013626478628375965,0.016201863609274975,0.0006231211835460474
2020-05-12,0.02011825950724821,0.024363388070094232,0.013797198977878605,0.014764143634053609,0.013061043938692497,0.013050694066946825,0.014334293613560372,0.00923379974007852
2020-05-13,0.0201184813348757,0.02372922209043444,0.012833985657967374,0.013534659616231287,0.012024156573904165,0.012879000175041358,0.01009931244010821,-0.015245401964596547
2020-05-14,0.019547747084446343,0.023307439992840472,0.013240708713141775,0.014589049375660149,0.01365296315917655,0.01202257752652683,0.03263609934243421,-0.02792652459000043
2020-05-15,0.02042761929192821,0.023610082592384587,0.01695127706657307,0.019372992434930226,0.017535282508820697,0.030271713280159127,0.013474075318306118,0.010102933965102019
2020-05-18,0.019020257036550463,0.023024204579100253,0.015535147961851894,0.017672658953733166,0.015933093289072293,0.019015365076021917,0.02222933273939177,0.04200340610660494
2020-05-19,0.0209556787436227,0.0245797543556405,0.022696024822790622,0.016143788499484005,0.014585505052703663,0.020307841293291197,0.022354145069706344,-0.007700771616886905
2020-05-20,0.02031413199183896,0.023905492627058274,0.020195644617786782,0.01526016335251313,0.014537480959386813,0.02087400832117049,0.015494214122517513,0.010771144949583951
2020-05-21,0.02040296384679564,0.02332692171910589,0.01831137029087082,0.0139789346735596,0.013321505444253336,0.023914387184422733,0.012190926575159857,-0.008590990143880015
2020-05-22,0.019222632008207043,0.022713979549499268,0.01656170320603781,0.013527133192385288,0.013588089948399034,0.017304864134367423,0.020130245330211516,-0.003664044869994295
2020-05-26,0.01872955383497009,0.022040301459942117,0.014703264894367709,0.012558026651934015,0.013015804423183633,0.0185421616904705,0.018926795344746238,0.012353922529405991
2020-05-27,0.01879521786856318,0.021582065685429024,0.014022241613309777,0.0115634636061698,0.011988912243794756,0.017330539870398596,0.011597868371998703,0.012528721624274358
2020-05-28,0.01861222705733804,0.021148441021207123,0.01351232989367233,0.010678149255545699,0.01108451319927237,0.015900499798628925,0.009462196725584248,0.012052139315131775
2020-05-29,0.0184842614418338,0.020715607833083446,0.013030086067515037,0.009892472904291332,0.010284272499651366,0.016277442541545187,0.015246527088802912,-0.023131633058211035
2020-06-01,0.018938238310534733,0.02086845874272571,0.01538623211409025,0.014803056246854483,0.013822425478774231,0.01549632112355965,0.010241792936570194,0.01466987020267258
2020-06-02,0.018342143425633523,0.020549338714051846,0.0149573077618427,0.013569500724344319,0.012700678200250847,0.016856304600431745,0.00862207762159735,0.008670784554359648
2020-06-03,0.016439567463893363,0.020036211033452097,0.01371784535348699,0.012466143408348316,0.011706279340780466,0.013757761796751495,0.01523943677553477,0.025758218376735278
2020-06-04,0.016037031971797452,0.020424786810613736,0.01642814507538072,0.011481570759524879,0.010854293665357916,0.016221273146718524,0.012079690966337493,-0.0064446379077855226
2020-06-05,0.01616862723333034,0.01986538705259043,0.014778230368277143,0.01107762140009799,0.011071955402519103,0.016480947575494453,0.011827533876940115,0.022284306277856842
2020-06-08,0.016428885541259732,0.020018766319666,0.016181457824952648,0.010246671860007828,0.010288153237679043,0.015515512484773297,0.013032022382418384,-0.0018059880341829533
2020-06-09,0.016470660435127293,0.019413954780788143,0.01430556025175892,0.009549825031976138,0.009815247563039966,0.01627424634304326,0.013377481876592719,-0.02137757759859217
2020-06-10,0.017272567689610167,0.019537338387193057,0.015759418628649494,0.013927011309568837,0.01306265256843128,0.01600767340903301,0.014094789145158586,-0.001042258953551076
2020-06-11,0.017288339247933302,0.018943872729828014,0.014068313143225819,0.012931410183505077,0.012419235211878099,0.015815932552585874,0.0185653693353355,-0.04069626048181174
2020-06-12,0.019662014715146933,0.020897589147935096,0.021704439910186796,0.023587092379543435,0.019773693546242994,0.017502146203239026,0.02976807937469479,0.004679081587891327
2020-06-15,0.01933483271298092,0.020293356216617042,0.01919046652844876,0.021555770036427547,0.01787195710422633,0.020929198138190074,0.0235923360610287,-0.006655790024706884
2020-06-16,0.018236950990505416,0.019742569756584834,0.01718103903546647,0.01998876480282218,0.0172117633423461,0.01746287780767115,0.02688146713915844,0.028943722652138574
2020-06-17,0.0190685951723494,0.020411939197828223,0.01960902185084404,0.018298267332855122,0.015820447009501568,0.025122953907044478,0.011583350834243408,0.0016805247190950971
2020-06-18,0.016905626005693605,0.019794390010979764,0.01728963583288402,0.016770135900971782,0.014418558035676305,0.023648176699003903,0.01484587471430595,-0.004680470820290137
2020-06-19,0.01683538047591816,0.01922558742349227,0.015422415740642672,0.01556145462159759,0.013893951555364157,0.02360781393444822,0.01132985320676411,0.010945486250834958
2020-06-22,0.016840104816658,0.018831729586728792,0.014420689807009128,0.01430077262031187,0.012798137990460891,0.016839357421749135,0.010999728556191617,-0.0076572495507215765
2020-06-23,0.016812682147737484,0.018354127740509422,0.013251770161616742,0.013701035956773758,0.012974520474079852,0.01449192153589378,0.010862326639401633,0.012017940533217298
2020-06-24,0.016906724436150638,0.018036835046305603,0.012843447791828293,0.012626853875979949,0.011998180826751305,0.015469427953450571,0.014401363446961251,-0.03156854181270179
2020-06-25,0.0182906075340117,0.01912072549118359,0.017922947625623145,0.01961508325382112,0.01716176070332159,0.013627222274009667,0.020640704677002214,0.003813936885112058
2020-06-26,0.01810041217192127,0.018561755886350385,0.01589350490453221,0.017960328161134798,0.015601674970327613,0.018481909503595656,0.01765270911165767,0.001982708833883636
2020-06-29,0.017898022446493897,0.0180028420742002,0.014086126096393621,0.01646487998151835,0.01422972109446038,0.01819922084845584,0.017783872734140956,0.01073881342508111
2020-06-30,0.017267624001527294,0.017651501641798056,0.013305577051969948,0.015115153302754153,0.013091028909463344,0.01866465610545962,0.01172819265212936,-0.009051733780870009
2020-07-01,0.01711454089449297,0.017256796129761748,0.012511042274130094,0.014606124254751152,0.013468733993858693,0.015379680997558045,0.01822793544646806,-0.0018981648665937138
2020-07-02,0.017002632264185778,0.016737543837013744,0.011199402010889835,0.013471141277549089,0.012618329591899896,0.019998591903603497,0.010741579731651059,0.013292233388648588
2020-07-03,0.01624142087507101,0.016551062182884144,0.011513723549058458,0.012420361327711375,0.011693733559788564,0.013408759428667434,0.015764985668104425,-0.01340591312048681
2020-07-06,0.016426557211785115,0.016379392852436205,0.011890267582794448,0.013275961996103465,0.013045501382854515,0.013352736994603735,0.014374893404953088,0.020670660110564537
2020-07-07,0.016313598488750195,0.016668053604604254,0.013819467076344578,0.012245122108328533,0.012121804910384443,0.013393990427340359,0.009834874256636037,-0.015390098403878125
2020-07-08,0.016594086457233526,0.016594151922917494,0.014031769775045666,0.013672049852155204,0.013786406194163981,0.014017934714920955,0.008768206117738491,-0.005459227399288248
2020-07-09,0.016024535143250775,0.016144104657311992,0.012709234157792307,0.01288482926973699,0.013469194367596688,0.016009167564577615,0.01553289655507249,-0.017467549923337173
2020-07-10,0.016404171829770456,0.016226555589357983,0.013785935979882482,0.014834322346020872,0.01545127480767043,0.014567376949689992,0.015327207618645864,0.007542234188885781
2020-07-13,0.013927182106249743,0.015840333257556582,0.01269998874923215,0.013677420951217045,0.014210042205017386,0.014252992906362835,0.009073017600946743,0.013168807274415464
2020-07-14,0.01418614677493432,0.015692872182926483,0.012643790429839062,0.012633762914957708,0.013128504862907071,0.016170604776042742,0.01349153107943892,0.0005827128685442969
2020-07-15,0.014089906535473522,0.015215473583359729,0.011328012189992319,0.011694097618625762,0.012131337110905133,0.013633105018003038,0.015889765550052497,0.018104322905546644
2020-07-16,0.013180194252886333,0.015404089997661683,0.012736381158992047,0.010849939284037128,0.011295853706791419,0.013401582735223298,0.009001121044194656,-0.006696773915145106
2020-07-17,0.013265336590978994,0.01502463431132123,0.011794199478986942,0.010619355825532377,0.011526062071990098,0.012529099735854959,0.008155085768153278,0.006315306851789217
2020-07-20,0.013289163652459177,0.014648830808481974,0.010905289511446427,0.009887218865622672,0.010720573187031948,0.012605701297953626,0.010857361324937637,-0.004588991306617622
2020-07-21,0.013110022613965195,0.014246981430637563,0.010052397467180639,0.009503761389676174,0.010671877106930152,0.011172860730108723,0.009342247887153642,0.0013087335882280182
2020-07-22,0.013001799589453184,0.013816680430122606,0.009112962472784442,0.008892038796012027,0.009941518019493114,0.010373265215576105,0.007484009283664383,-0.010034708465843664
2020-07-23,0.0128888852382462,0.013619410452046501,0.009409729145129971,0.00971272950409361,0.010899070606218192,0.010959170263179541,0.01082622604168223,0.0006925152267741186
2020-07-24,0.01079871428053686,0.013205597875067736,0.008556878020741576,0.009078068346249813,0.010143137719386495,0.009749786400318615,0.012727898132452136,-0.014203494502175423
2020-07-27,0.01124361979978785,0.01326758839006221,0.009998224946493916,0.011047854803624,0.01183587765570049,0.010307061147928731,0.005872902805528311,-0.0030910914567993672
2020-07-28,0.011249316604625638,0.012885668720345274,0.009171832827879154,0.010380152017653282,0.011428407389095079,0.010243552324571773,0.00979503242655482,0.003988823519604947
2020-07-29,0.01100831141755381,0.012531267838989347,0.008501960640261659,0.009673436291153172,0.010626389758425635,0.009460517592062238,0.005979227929479143,0.00035886728820475115
2020-07-30,0.010843516111900764,0.012149832936183609,0.007786292602939836,0.00904307363653001,0.00989792471521074,0.011218469591907216,0.029035604513179665,-0.023348006092585683
2020-07-31,0.011955262853977203,0.013094620928629693,0.012422181656548925,0.014368341384694706,0.013493963053353741,0.01860567985591495,0.01989397919448589,-0.015512012109155898
2020-08-03,0.011847185530641496,0.013252105591531949,0.013035184792154007,0.015327145776750213,0.014967265130537012,0.016429862705536324,0.02216913979945749,0.022648423801638524
2020-08-04,0.01279127448013208,0.013994937316561413,0.015096062217543978,0.014122541970044884,0.013826908474519582,0.017031903694046124,0.01106456910195564,0.0005137170857619535
2020-08-05,0.01180421902418347,0.013569178625822065,0.013449433120898824,0.013035086252344856,0.012751331524607003,0.012386242417338128,0.007130953768494497,0.01131742540051375
2020-08-06,0.011720155384160439,0.013444712682927443,0.012918244944373845,0.012055198513396098,0.011827778075636038,0.012686513507799688,0.01646088915023525,-0.012826183945512689
2020-08-07,0.011978397083720737,0.013408405604512771,0.012859099485350727,0.01285455776612098,0.013043767138918522,0.011306457651363025,0.007797515936572856,0.0008790042940606982
2020-08-10,0.011371803958475217,0.01300171447605124,0.01150123397284095,0.01183796742651792,0.012031880791480869,0.012156347575125813,0.01090405859684529,0.003045654024433311
2020-08-11,0.011261778038050885,0.012627686449383653,0.010431949346866008,0.010978501564530492,0.01116540387986117,0.01017862964608288,0.019604470763299964,0.016993583813849925
2020-08-12,0.011519348597034344,0.012931274902746875,0.011821185389967116,0.010209713913983842,0.010437970867981913,0.016193671763973416,0.014536027690095675,0.020234879427260453
2020-08-13,0.012351672275719875,0.013481536229225979,0.013605666627380695,0.009524044650262967,0.009797962863300346,0.010874521685456277,0.0069167573759231745,-0.015161893888332912
2020-08-14,0.012148464232422234,0.013588218850563185,0.013822139519086394,0.011638901596871634,0.011710577443447421,0.012964042444050946,0.019397221321075655,-0.015575928310069058
2020-08-17,0.012512385530908483,0.013715607263339721,0.014070415135458236,0.013257718458573056,0.013428429274128682,0.015863652733315727,0.011215444826598283,0.0061224346957134
2020-08-18,0.012506631733498188,0.013382072412083383,0.012826135467404692,0.012252494847262619,0.012416840640430964,0.011028766690894006,0.01401498076945795,-0.008325187382281354
2020-08-19,0.01258285663047612,0.013133681700753767,0.01206617331577033,0.01206154005094595,0.0127751884930811,0.01027135507584296,0.009836794873859658,0.005808722828981778
2020-08-20,0.012669798687081877,0.012812823848392966,0.011103886012284302,0.011178816849922352,0.011835801724855528,0.011438253477242408,0.008593435895522566,-0.01628036915046574
2020-08-21,0.012957277194584978,0.013046891309897423,0.012231364990691485,0.013136193108181931,0.01366653474368126,0.011115521391295844,0.013908890651677995,-0.0018975969473385519
2020-08-24,0.012947582492041705,0.01265796756717338,0.011029898851005098,0.012175369278057211,0.012861305314268334,0.011154039637127007,0.01193308193809,0.01698288053970106
2020-08-25,0.013219434336009412,0.012958232450502724,0.012231687174714411,0.01128085236999827,0.011948672722103967,0.011221345470897584,0.020084679883596707,-0.011151766491826995
2020-08-26,0.013424574071945812,0.012857004110603691,0.012008935069141143,0.011829825274373467,0.012843349479109874,0.0157327465760301,0.009232511154091261,0.0014235349100839882
2020-08-27,0.01339300866900169,0.012470204028663247,0.010812367021315848,0.010971208805073232,0.0118821433232638,0.01061180923816843,0.007598988977338018,-0.007571265496318154
2020-08-28,0.01347454956840376,0.012231724035410707,0.010320108857199067,0.010855511220489982,0.012179094873512592,0.012580397914662794,0.010013163805285644,-0.006085143655947884
2020-09-01,0.012539182870556284,0.011952401721183434,0.009729593102494357,0.010526638670701334,0.012198831927671542,0.0120029789904468,0.019282048878551058,-0.017166424404686006
2020-09-02,0.012644879282744744,0.012327590198444455,0.011525859485041597,0.012964715709142144,0.014142373835957098,0.014361940294938237,0.014314029181981242,0.013369568206183301
2020-09-03,0.011946104894980958,0.012392579736920154,0.011783746492650737,0.011989222632516212,0.01307297199423111,0.01145263139315453,0.0221159738811133,-0.015281973809099032
2020-09-04,0.012354128453258994,0.012584665033042711,0.01248587954617196,0.013431867236947498,0.014548195981674164,0.014661609951373623,0.01919823685529953,-0.008892762466409257
2020-09-07,0.012091500204498085,0.01239420186261678,0.011863035715053235,0.013153994835686071,0.014740333003225884,0.013099396948422966,0.013844936298549894,0.023568594015570574
2020-09-08,0.013095780507555421,0.013331465892949021,0.014555770661280028,0.012159277087670617,0.013634892724363685,0.010416042247216057,0.018760488971175913,-0.0011965251644501316
2020-09-09,0.013091000360157019,0.012928658253342494,0.012997190524894474,0.011334880511664387,0.012793118081507064,0.013584993541018834,0.012777563003994094,0.01381572828779284
2020-09-10,0.013455548669176861,0.012983591678158433,0.012990066429536273,0.010543362711040925,0.011884981753511,0.01111293121761506,0.012418700205802977,-0.0015812122035186772
2020-09-11,0.012859312055486192,0.012594016341707263,0.011724188761397986,0.009862086722020628,0.01126627789946739,0.010556092376209083,0.009468626492291611,0.004785890784083654
2020-09-14,0.011984942291148831,0.012266498187914464,0.010763759681298527,0.00922632844043058,0.010507334708779324,0.010634056609962974,0.01076087542513374,-0.0009619850804890263
2020-09-15,0.011594622591342137,0.011895145398193637,0.009783610305635381,0.008671128662778728,0.009938205428226909,0.010717397591197718,0.010733324905860576,0.013056780553854154
2020-09-16,0.011508004659702005,0.011968023483742313,0.010390627496447145,0.008167998974440187,0.009321921524140147,0.011206329387304289,0.00893265108892864,-0.0044320492772278825
2020-09-17,0.011463186220014205,0.01165410462406742,0.009651066572638345,0.008015221317170116,0.009402541351754565,0.009776594490408118,0.01200392621311609,-0.004716212033185574
2020-09-18,0.011364771151103585,0.011357976257674818,0.009056467258938406,0.00792482360473997,0.00951999402414398,0.010898605941014758,0.004952833743605403,-0.007099640006184396
2020-09-21,0.011372062044711261,0.01114843937431403,0.008856868591884103,0.008268071229441992,0.010010723130082957,0.012375187327936344,0.023131221740160527,-0.03434308079750805
2020-09-22,0.013144495796041756,0.013696615288955155,0.016566968748293526,0.018629320726454922,0.016007378279478648,0.017715980005568257,0.012057566845977415,0.004332211214375602
2020-09-23,0.013209585106863412,0.013321693488126026,0.014914641880249456,0.01713061595928878,0.014733849711695494,0.012352220491861113,0.021337032781579206,0.01190246641390408
2020-09-24,0.012899190800245664,0.01324083036490278,0.01422293771080707,0.015772107749807876,0.013612188431983103,0.015401359781996214,0.010754201581402275,-0.013052454096744312
2020-09-25,0.012975784589245318,0.013229603429576438,0.013929776744921858,0.01588825059507516,0.014617336146945827,0.012213356083072195,0.011541754142389737,0.0034117730578749122
2020-09-28,0.013007086303505784,0.012853772761860055,0.01258329368849267,0.01464739754064846,0.013498997581852891,0.011291505347810494,0.01341682729986868,0.014476999989440733
2020-09-29,0.013387456920924794,0.012956902310443625,0.01279195996778158,0.013525704255444132,0.012515786135454739,0.011532182965250888,0.009620739892746453,-0.005141486455991433
2020-09-30,0.013369611187496366,0.01262515470844081,0.011746346126170242,0.012759545545171608,0.012369861738943468,0.01192969455772933,0.011648708088124946,-0.0053385144979897214
2020-10-01,0.012873688618084632,0.012310192677210868,0.01087513471755806,0.012103900511376024,0.012270543481945862,0.013350865362404813,0.012198416350022553,0.0022817064796301248
2020-10-02,0.01252190878290199,0.01194825360429732,0.00990043655891143,0.011233689692115684,0.011404572905516257,0.014125633387264618,0.014763031373486973,0.003836495504890184
2020-10-05,0.012080325528296127,0.011622316473345157,0.009146519752662756,0.010452645495149444,0.010630369545218238,0.012227827732402947,0.010067879469722886,0.006889009938138992
2020-10-06,0.01196266457319672,0.011393904215406652,0.008819906735248843,0.009753513299473531,0.009938282379303769,0.013577403665138536,0.01092749364652171,0.0011771829692519544
2020-10-07,0.01080826971741884,0.011050562685142127,0.008110408029553477,0.009129560613284345,0.009308342910045574,0.01335487064768279,0.007696421668888218,-0.0006052353036923164
2020-10-08,0.010805492683154574,0.010714943681845947,0.007570440207265625,0.00868538697637198,0.00888118103037536,0.011758431639078287,0.011128001892153298,0.005316886471823716
2020-10-09,0.010419476237657495,0.01046984116040345,0.007352437997680848,0.008196620589495239,0.008367582649739929,0.010687304190825782,0.008339955551035203,0.006452872399892415
2020-10-12,0.010516217667687372,0.010273212410010375,0.0073255792357373424,0.0077629487050336924,0.007901136684133982,0.00989899563916124,0.006326041541739669,-0.0025461609182386717
2020-10-13,0.010474712013969724,0.009979756297285702,0.006945521233349819,0.007475476433923157,0.007828224506441727,0.013085994291039738,0.008141651126556754,-0.005296100457807221
2020-10-14,0.010532128112061797,0.009762311427708704,0.0069216786982767885,0.007561972483815891,0.008191749047063174,0.013496124885039311,0.012425537428862897,-0.005812797766244289
2020-10-15,0.010119065713735593,0.009571409406098609,0.006976875531668081,0.00772060259071658,0.008602963008908917,0.009819583310278927,0.01938525744283012,-0.017438152205900295
2020-10-16,0.010698688236047867,0.010215699412148562,0.009819877061901315,0.011178683611551759,0.011040980428284766,0.013328128729293271,0.01076958315936456,0.014823154132108001
2020-10-19,0.011281442983560446,0.010549049128526417,0.010794665968099124,0.010427258456406734,0.01032588125852396,0.010922233781789128,0.0132817295971252,-0.005913116693013283
2020-10-20,0.011252494209544954,0.010329733210814868,0.01014363603221705,0.010154623982470483,0.010537757366227616,0.011047309797258762,0.008700068578218775,0.0007644026565736857
2020-10-21,0.00825726751932539,0.01001679807121505,0.0092554322982012,0.009508042273858626,0.009865379348445932,0.011752435245980254,0.014731566652124125,-0.019322202068180163
2020-10-22,0.009285197034340963,0.010803560457059647,0.011726740228005232,0.012925356876973347,0.01247234340281065,0.011002206490958032,0.013227512317116929,0.001591392977393026
2020-10-23,0.008863209902823915,0.010481691434729991,0.010637958908577468,0.012001777528272877,0.011606866619120774,0.012343872140804003,0.01313746764797378,0.012811440899445383
2020-10-26,0.008890831719676924,0.010635877259921602,0.01097393755663439,0.011168335437083468,0.010834486173898497,0.012159573685358699,0.010113766296510205,-0.011723141734359533
2020-10-27,0.009233295767151638,0.010704227908180175,0.011134390086989939,0.011852664210126896,0.011936422443765431,0.013781353847276459,0.009101298038213178,-0.010936659656974478
2020-10-28,0.008840963848767898,0.010718315953114888,0.01112007754589529,0.012228078334305075,0.012778537907241472,0.014214649896253649,0.02691827867625998,-0.025850552774088514
2020-10-29,0.01028915561966135,0.0121689943619884,0.014773788715561589,0.016911605145946224,0.016174731686110336,0.017946921545738667,0.014051230052506138,-0.00017913763192123098
2020-10-30,0.010282375675592367,0.011798359367837942,0.0132841481612651,0.01561438589989323,0.014915859190748917,0.011202767360657883,0.010173527102341387,-0.0008065166982867252
2020-11-02,0.010234558607808794,0.011440639619241893,0.011989043135516637,0.014440806199281555,0.013884347125615048,0.011632654433586085,0.014845078713843954,0.013835321245939596
2020-11-03,0.010763616379365203,0.01159827175238734,0.012208013616356388,0.013372706997612345,0.012877169170849398,0.010793494698287758,0.010784954203276088,0.02303935220521432
2020-11-04,0.011945342646055611,0.012581630187930633,0.014494845864275954,0.012406072940137364,0.011979929623712667,0.011223604110403346,0.025210078696084028,0.016538367199468183
2020-11-05,0.012557190305277768,0.012853428666008275,0.014662423847656375,0.011532950742712964,0.011171662947477958,0.016146863591389216,0.007620500179675669,0.003884817642850497
2020-11-06,0.012594124869504448,0.01249813983162797,0.013300780226740106,0.010845029937055111,0.01048713167536662,0.011607606823751941,0.014847767417330945,0.0006431848023900033
2020-11-09,0.012530626446549484,0.012118420297104388,0.012064193932422793,0.010168899517084218,0.009876182535032045,0.010520741008242279,0.039047423067150214,0.04569133827418629
2020-11-10,0.016055880411354858,0.016226726332338348,0.02136989670853648,0.009558082570566591,0.009158895545797872,0.030555662539734435,0.012395882355498891,0.017720279110261725
2020-11-11,0.016416665868438776,0.016320194426582706,0.020455822876793185,0.009007663720598219,0.008601712784818912,0.013748060718258157,0.010891190912430983,0.013439748000095819
2020-11-12,0.01649277979375598,0.016161851098575878,0.019145951861700948,0.008513024521840292,0.008106210866881257,0.013755110099579314,0.011705054015405652,-0.0067919449838429674
2020-11-13,0.016520837208719136,0.015757567581209955,0.01746184699061827,0.008661494402658254,0.00865772374968659,0.014289239559894964,0.008366335155794625,-0.0035558262083566156
2020-11-16,0.015923433557997017,0.015302336877524856,0.01581174644538762,0.008361424976725873,0.00867784464794875,0.013457020865274652,0.017123070083842947,0.016471163804576163
2020-11-17,0.01598444396104333,0.015374972432596182,0.01570643834532266,0.007934249087613855,0.008165237839358267,0.015137137031179694,0.015714410909352328,-0.008759225759004475
2020-11-18,0.016083335107872906,0.015060206931471407,0.014642603193991693,0.008581451196504655,0.009019354713238175,0.013463975050755179,0.01007014574707505,0.003121448752264188
2020-11-19,0.0160697619090017,0.014621417489026012,0.013295905845420543,0.008131040882774986,0.008526061971863156,0.012258181933961427,0.00830580162103344,-0.007987715038457759
2020-11-20,0.015430155872338543,0.014310377839778662,0.012508299223112649,0.008572800243672869,0.009223663457789142,0.01552609328103008,0.00906808666979002,0.0026959081116492483
2020-11-23,0.015422018524557268,0.01389013226412844,0.0114094285819266,0.008123298040964191,0.008714685515149645,0.01533511462121862,0.009787523469312042,-0.0027906334870693834
2020-11-24,0.01537444974229008,0.01348432000405034,0.010475287322149886,0.007823876454142918,0.008620050277605594,0.01055360705942347,0.007126361001550621,0.015416253926294572
2020-11-25,0.015152225651241321,0.013607972880651027,0.011374137841976304,0.00745477930081591,0.008115977282196521,0.013146889890949165,0.012826730911767528,-0.006410228371273149
2020-11-26,0.01494508080500255,0.01328652595796261,0.010714655893639563,0.007719540909008957,0.00860800802100062,0.010868449451793372,0.008714637330985594,-0.004422149279470857
2020-11-27,0.013366664945568549,0.01292722669270996,0.009975683073545417,0.007636621424871676,0.008758610680673707,0.011156917386170678,0.011104872460806702,0.0007383842289842694
2020-11-30,0.013346157703223418,0.01253471624102464,0.009154407827111495,0.007288244740560858,0.00829563668080524,0.009909103509508792,0.015837783549502975,-0.016052522189041917
2020-12-01,0.014141442325012365,0.012773134802631947,0.010699665738727708,0.010252371995675984,0.010372139883263005,0.01266011469073145,0.013333976597802225,0.01873439294948707
2020-12-02,0.014324255824790999,0.01320690891451071,0.012302076991652689,0.009633409684099892,0.009706917981273945,0.012618283130626238,0.010998914066766757,0.012250991869118795
2020-12-03,0.013860224098232593,0.013151513395736796,0.01218896217430443,0.009075462292244122,0.009122586523335263,0.014362525272633741,0.008361618979888292,0.0041532594807295745
2020-12-04,0.013617951545667742,0.012791385389441048,0.011197741414138158,0.00857387510811046,0.008616918403384424,0.015322841570415614,0.006623534128094759,0.009186828923004535
2020-12-07,0.013651662209989365,0.012604215061239106,0.01084169587204758,0.008388427768342603,0.008429258366025311,0.013524164971238846,0.011836316327089749,0.0007935539422661652
2020-12-08,0.013649341517872293,0.012221785742800676,0.009909726328245256,0.007962918503974258,0.007989863076899556,0.009587968898416628,0.007180159946363134,0.0005185219191683806
2020-12-09,0.009968404449870327,0.011850141595659936,0.00909561767047567,0.007580597076909169,0.0075844440655068205,0.012903766858251208,0.00929160969741417,0.0008382166290019284
2020-12-10,0.009366200399267527,0.011490973018591009,0.008391761209669484,0.007238446049246045,0.007210864325942189,0.00898374770281624,0.01060726845567824,0.005393469520352485
2020-12-11,0.009032617631063663,0.011218969830923232,0.008051283313162582,0.00694657284485376,0.006873946330217816,0.009232942288816182,0.0106975062270707,-0.0080629648933389
2020-12-14,0.009095679865351586,0.011055046413082517,0.00821058603295814,0.007636031630739196,0.0077133957020703026,0.009106085937434465,0.008392715416946202,-0.002293824503698909
2020-12-15,0.009064466468339617,0.010732982156647345,0.007695315391018805,0.0073605426427155,0.00762512718696801,0.009064414427656953,0.010620580730884621,-0.002836315919728554
2020-12-16,0.008437849556948266,0.010429178917642846,0.007292320879269102,0.00715783249228464,0.007620029721271207,0.009279391175596872,0.009969779546869253,0.008804569189958068
2020-12-17,0.0083254333360189,0.010338903850973719,0.007658846145252479,0.0068979591424802485,0.007258336876953039,0.009116258570677337,0.0068938232993222305,-0.0030178349378277404
2020-12-18,0.008373807312166612,0.010051158964617803,0.007274649154333535,0.006769586269346703,0.007307862882931349,0.007760015988752461,0.012248366455445721,-0.003348550180551704
2020-12-21,0.008177604894337082,0.009779417980575132,0.00697951463719973,0.0066913108038636655,0.007400686928975953,0.00849945179933569,0.0282883711728916,-0.017442796721917446
2020-12-23,0.009146663369230423,0.01039970502107615,0.009717485777154504,0.01032741817722749,0.009798366445002283,0.015995382362503068,0.008067215943013782,0.012314186632245856
2020-12-24,0.009464707602399747,0.010524399469741713,0.010167102042358999,0.00976635927464998,0.009268818154023382,0.010013013255549326,0.007411369861706749,0.0009693874384860023
2020-12-29,0.008887358225557411,0.01020654632415546,0.009323326594403974,0.009206924785682392,0.008762227692832506,0.009523725923469738,0.021799026571988605,0.015353454640041668
2020-12-30,0.009298875874223126,0.010586164874879499,0.010527613900891781,0.008788865290091657,0.00832291281013806,0.016805433606166997,0.008299465990825157,-0.007128502276690855
2020-12-31,0.009403958326073065,0.010411138565746388,0.010086609957826287,0.008945636575612585,0.008886547227100694,0.014510238660006175,0.011920410251024072,-0.014643439829770153
2021-01-04,0.010037576154161591,0.010712334837184066,0.011038624708948667,0.010837984887585589,0.010592917233742408,0.013960946280300644,0.025739174219880128,0.01709626981095017
2021-01-05,0.00987827210616742,0.011198473873302509,0.01215667828943074,0.010272574605786667,0.010005198514065663,0.016854699233608432,0.010176250461900602,0.006128566989226114
2021-01-06,0.009186419147671807,0.010960612577135572,0.011309085919589394,0.009678346842157627,0.00944713639419854,0.014040227362475849,0.02022783853624979,0.03413391985881874
2021-01-07,0.011417182614755782,0.013521626953802357,0.017132675725739246,0.009534205567492184,0.008986532703934253,0.015916979396156137,0.015040382153899079,0.002204557463094432
2021-01-08,0.011412784096004441,0.013120820712349202,0.01546768519264549,0.008998260417918286,0.008505125906901438,0.014703143268326934,0.006708435682891477,0.002374311946193501
2021-01-11,0.0113130937771651,0.012734395212523654,0.014054306228231086,0.008447538417375923,0.008293406319346787,0.015664505824179432,0.011426220302159505,-0.010942340634817091
2021-01-12,0.011674939715316713,0.01263404215827709,0.01353250007170675,0.009485222778357597,0.009503140679653417,0.010841622286552914,0.009613466807329853,-0.006552271718971322
2021-01-13,0.011812890681728326,0.0123538583390959,0.012599829951888197,0.009461822506581402,0.009882074316236063,0.011180969388070689,0.005071845020564051,-0.0012741119978976318
2021-01-14,0.011826873788764012,0.011981575380295095,0.011490591133216314,0.008965505692764436,0.009447462410840313,0.013703937987545453,0.005975445452575401,0.008341070688268878
2021-01-15,0.011895219730315768,0.011794874619582603,0.010986720689024246,0.008513999424544574,0.008944547704810896,0.013238461096858483,0.01579667820248744,-0.009794947453873808
2021-01-18,0.011970149476200535,0.011684536062318536,0.010840175698577047,0.009265289067705516,0.009893557624581,0.010628381828563113,0.004178973520787821,-0.0022294233543756
2021-01-19,0.0119691762494576,0.011341732659594263,0.009977385484724268,0.008827153032756772,0.009594070245316853,0.013333033535044607,0.010325233378129819,-0.0011463708201398806
2021-01-20,0.011945226074294551,0.010999802530129384,0.009189141114312339,0.008387564249640309,0.009166961306147484,0.011277079537254094,0.006923755863382971,0.004073325387635869
2021-01-21,0.011843525550196923,0.010711276074424741,0.008620552604000586,0.007979031146794545,0.008659713358910087,0.011065481842310213,0.008142055607970303,-0.0037158740121101645
2021-01-22,0.01185696478736085,0.010424778760934152,0.008150686769562187,0.007793762244202082,0.008687205406375324,0.010554115251618139,0.008799469375894198,-0.003027480780761999
2021-01-25,0.01185103959828369,0.010134366772237492,0.007700310356234205,0.007566444428576477,0.008610666534113964,0.010058560823266742,0.013192689530815144,-0.008429628437210616
2021-01-26,0.011292350000753272,0.010040248234836789,0.008003722365490424,0.008212372561337281,0.009371968518497777,0.010645640283820916,0.009286785682562642,0.0022718904821174514
2021-01-27,0.011026516678953753,0.009750275827989627,0.007501014994670966,0.007818046737235039,0.008834784860680756,0.010388473441895819,0.01972937804689582,-0.013100161628751108
2021-01-28,0.01145681491933322,0.00998301858560477,0.008849352967791813,0.009606685558412233,0.010352966325479693,0.0151014610775501,0.018039157426347378,-0.0062931716218113986
2021-01-29,0.011016658883232536,0.009800880624688415,0.008605023480335823,0.009529271726209855,0.010610788042746271,0.014236193161066482,0.011248846830262772,-0.018355665089633367
2021-02-01,0.011608159054396983,0.010512357100631444,0.010945160007902582,0.01237789544422784,0.012830909952624474,0.014642067411770961,0.010557375446289348,0.009150360181408383
2021-02-02,0.011377997724375866,0.010435651306434821,0.010634890770285508,0.011622136857131588,0.012022430967555352,0.013612222218484455,0.0053180244293251884,0.007748573402199501
2021-02-03,0.010848009763043735,0.010294225200775506,0.010199022943908698,0.010927337346854462,0.011281354794065812,0.013883256777390229,0.012190870521086335,-0.0013666553626235152
2021-02-04,0.010745228010682248,0.009986234172501458,0.009388271655830695,0.010299729936943454,0.010732401382303523,0.013088544971111055,0.0110280113191697,-0.000630211756630539
2021-02-05,0.0071908934208512135,0.00968324380477149,0.008665264645808957,0.009713247174106614,0.010130605662440274,0.009608998822083784,0.008813886159050705,-0.0022165790650144853
2021-02-08,0.0071132130143495885,0.009403940201467379,0.008092026317968752,0.009230687276132356,0.009807868787316373,0.008400753638474602,0.010603932978044368,0.005256375068237171
2021-02-09,0.007241135124096737,0.009207921294488077,0.007826849402383013,0.008750158137804715,0.009295824362205805,0.009477748641601185,0.005774491812607448,0.0012408945223518551
2021-02-10,0.007014357864324393,0.00893258388398866,0.007339595786019912,0.008335139140930781,0.008810961900089773,0.01006238281477126,0.014035551593044121,-0.0011029412882795145
2021-02-11,0.006934262104356942,0.008664674276794702,0.006927622018756919,0.007969400220468824,0.0084813459009033,0.011226115254970392,0.0057266222683887615,0.0006588473474570642
2021-02-12,0.006952274134115478,0.008402263402988863,0.006556616879839168,0.007625219414244626,0.008057496195015558,0.010116041768444465,0.013167643956397967,0.00931515673502305
2021-02-15,0.0070244800771021585,0.008459815433890763,0.007181535294898011,0.007328844794246947,0.007679222163644817,0.011357192089925163,0.016335184125179023,0.024922801453577826
2021-02-16,0.00883025712855036,0.01022463351336537,0.01180451449124815,0.007158185673174664,0.00735410162816922,0.01258679122059856,0.008859067262222233,-0.0010662718522268797
2021-02-17,0.008818265155450295,0.009916590078925683,0.010827689614681389,0.0069046381899106465,0.007127815860657769,0.011488787245960594,0.0068599737877044625,-0.005646458485441865
2021-02-18,0.008906836042838663,0.009713463999599194,0.01021510816689646,0.007104957500458538,0.007550420334932453,0.010387916243446657,0.014540486917677953,-0.014060750405403229
2021-02-19,0.009358278860270266,0.010027591037582348,0.010949220428916225,0.009245245060131843,0.009240734387071244,0.012526839074017566,0.006529235875724055,0.0010270973322346732
2021-02-22,0.009343597666505115,0.009725364920236911,0.010065498361633642,0.008786587874057903,0.008759772606881511,0.011466589244853597,0.011348590721821383,-0.001782989547765624
2021-02-23,0.009331720754776816,0.009439200313878009,0.009315750701481516,0.008401055260198319,0.008523704959205904,0.012936963130107188,0.01719239663390889,0.0020697841670491803
2021-02-24,0.009170755133009977,0.009165676887250274,0.00865536418986878,0.008017880504706436,0.0080989665749217,0.014359927578995358,0.013464796930411289,0.004983111426243129
2021-02-25,0.00922464358966294,0.008969890679521503,0.008261267973023569,0.00767341731626399,0.007710587252533707,0.013076609452383653,0.008295481235340933,-0.001051761797804124
2021-02-26,0.008728111113977744,0.008700446807329607,0.007721574523533591,0.007368825956332511,0.007456511809805876,0.014731682612830766,0.016530578966152544,-0.025672497210853455
2021-03-01,0.010365354145603972,0.010521432172039049,0.012455134825484781,0.01341310534763739,0.011321127227948789,0.014413104859070837,0.013191818499886949,0.016080640883342122
2021-03-02,0.010088552377981464,0.01093497707025077,0.012973323194000361,0.012641875928597147,0.010698953816852088,0.012067918845359881,0.014092592642968697,0.0038326702120178185
2021-03-03,0.009948113722024088,0.010643338845143511,0.011935157685615282,0.011905901352003024,0.010107579253043415,0.01357896779817806,0.010573576908272056,0.009285732632824914
2021-03-04,0.010005177804941688,0.010566802349712374,0.01149276520112301,0.011236514152174006,0.00957225189367537,0.014846604937083731,0.01325118497968834,-0.0036919239917929695
2021-03-05,0.010047159979280781,0.010284730980909724,0.010651155595719046,0.01073007991372227,0.009528377615841395,0.011260889949866007,0.02147034811878961,-0.003071967720703002
2021-03-08,0.010081474274205448,0.009999768447785464,0.009882368066564182,0.010231147090504019,0.009404323425382232,0.015170880540528682,0.011890937028857622,0.01327400085888109
2021-03-09,0.010402152126130073,0.010225829687456209,0.0104550223189375,0.00971187999485809,0.008930560894756296,0.012850406684276283,0.013685439817405205,0.0016655021917663347
2021-03-10,0.010369490834098348,0.009922699787965762,0.009683758763240046,0.009284239910423382,0.00847590476857913,0.012535827728386644,0.00907838383540102,-0.0006985783472139157
2021-03-11,0.010380415410570915,0.00962193605879824,0.0089825022824461,0.008858604205787182,0.008167290975493203,0.011837635975830891,0.007834932956868415,0.0016935811395727845
2021-03-12,0.010364710284452686,0.009338032305202457,0.008376979684176973,0.008463900007805563,0.007803073988932331,0.011640233724529284,0.007556609553534296,0.0036300369527546682
2021-03-15,0.010372544147440202,0.009097117487958824,0.007935717657930778,0.00810235136978826,0.00745339093726226,0.00983633782808087,0.01138938281970612,-0.001746699478966994
2021-03-16,0.0102448941264902,0.008830353975834272,0.007482407109977554,0.007804142541195657,0.00734163540795657,0.010445060549862441,0.005895884943336314,0.007953824405489331
2021-03-17,0.008849600582064783,0.008780230157497106,0.00764820691078407,0.007500675177628036,0.00700098947699025,0.012878232389162686,0.005284275255080185,-0.006029665261159486
2021-03-18,0.008954516271186902,0.008639925168148297,0.0075876049504824605,0.007666326211622682,0.007477927122953999,0.015366762651048211,0.006939035564846231,0.0025106345890911048
2021-03-19,0.008869421190469066,0.008399262209201869,0.007193476576473333,0.007373391779928025,0.0071543829428888225,0.012795405477704897,0.01378231643719289,-0.010527661657835894
2021-03-22,0.008609393467886653,0.008541934729222832,0.007963605991495403,0.008421712322558214,0.008254823309905924,0.01124406420669937,0.011474620978123197,0.0025902893573283934
2021-03-23,0.008619532876192377,0.008305982537935309,0.0075217089661218685,0.008063549263153672,0.007880618280909753,0.01104627328722409,0.00808431858889376,-0.004007364602482059
2021-03-24,0.008665482231605733,0.008112553446892701,0.0072698562644742904,0.007919336883688103,0.008028664027898046,0.01113087791499009,0.01033167632829509,0.00204293209338242
2021-03-25,0.008665259966058776,0.007881315011802252,0.006899914778674929,0.00760413993800341,0.007671856015017844,0.010613384604170693,0.015218312967251253,-0.005691807085513523
2021-03-26,0.008709579920676341,0.0077673688473167074,0.006933220948893168,0.00770789045624648,0.008055928394931694,0.014519197216918349,0.0049058145493635985,0.009809700443004584
2021-03-29,0.008955977002409094,0.007904803036669489,0.0075351551081296085,0.007413843588886416,0.007660685077384477,0.013751347227213313,0.007568262991111566,-0.0006529740229635784
2021-03-30,0.006649073049069036,0.007665659716561042,0.007103311656764564,0.007147382887861692,0.007399892117086046,0.010986986699210837,0.007663824983948755,0.005315263137566356
2021-03-31,0.0058633070342209844,0.007545311119496308,0.0069988315258366005,0.006901953770971719,0.007068028626897994,0.01036103970760457,0.00493583594717539,-0.008675911068431779
2021-04-01,0.006218689938448409,0.00761788045775432,0.0074672947048955015,0.007643293638930615,0.007907949358465165,0.010762351796724275,0.006898818709320525,0.003523931413619491
2021-04-06,0.00594252880605258,0.007436078406323505,0.007148372398261046,0.00735257785138173,0.007551983685449161,0.010910670146559763,0.01049531574698757,0.012727940630821622
2021-04-07,0.0064319276564407885,0.007854780372689898,0.008293670431942598,0.007092355789263483,0.007175489247695105,0.010028822901411216,0.007175323348778656,0.009001512391865266
2021-04-08,0.006567214712161885,0.00792826297126029,0.00845597943501875,0.006853632547261111,0.006840351184011616,0.009816574044651727,0.0038980603806083895,0.008230022949667376
2021-04-09,0.00620887755715936,0.00794669171303963,0.008474103518937189,0.006636873668720705,0.0065296872852226686,0.007914996208089692,0.0050318175997392765,-0.003810078212833492
2021-04-12,0.006318038896375474,0.007760922393017576,0.008056577277878034,0.006635371395835182,0.006742479759702915,0.008588566210933072,0.00802201394923462,-0.0038681965523173533
2021-04-13,0.006405295924987342,0.007583915748546838,0.007705295746929615,0.006639787688845625,0.00694767699009923,0.007244454734014286,0.004921091279857445,0.0002031989324532007
2021-04-14,0.00640715594542125,0.007353047584815587,0.0072327651215587305,0.006436407080299677,0.006662472039030284,0.0074872248481118,0.006086848411933359,0.007100484636973445
2021-04-15,0.006520172162320959,0.007338138945419496,0.00732368081687918,0.006261740968111493,0.0063702326247695555,0.006789589818052778,0.005492374682489336,0.006306087793653061
2021-04-16,0.006572446107511981,0.007280342765764605,0.0072916959740390785,0.006103162649796495,0.006098915455650785,0.006861181486445619,0.006000563566258565,0.005141766666179917
2021-04-19,0.006464744867380477,0.007170038577773909,0.007132289678547361,0.005958763513272362,0.0058483097434182795,0.006906381295545774,0.00800712994088901,-0.002767555762309642
2021-04-20,0.0063124825101913765,0.006984586452196703,0.006838952402638104,0.005940812573008165,0.005966736396542705,0.006418852596926624,0.010341949955644325,-0.02023157029548991
2021-04-21,0.007905890525173138,0.008391446075081348,0.01025929761445204,0.010506322789964944,0.008842769703786143,0.006720132755799535,0.006345730343962029,0.005147155716375104
2021-04-22,0.007538129225889371,0.008232920375860259,0.009655795218378956,0.00997133261178179,0.008414722620575273,0.007246809453834267,0.004914397573348983,0.006202354794855919
2021-04-23,0.007609758248648074,0.008125409007577161,0.009229510983711043,0.009480371661153454,0.00801196033816564,0.00835440972970808,0.0064740147032185304,5.765017873158972e-05
2021-04-26,0.007514340503364286,0.007877888972343896,0.008562108182627603,0.009024909620432087,0.0076582632377818595,0.0079516613276238,0.007437076179062151,0.0035247524209867285
2021-04-27,0.007524947894503913,0.007686540142268042,0.008078421824290576,0.008608670488204998,0.007315353847113166,0.00775656938829169,0.005836257223418468,-0.002602801276711465
2021-04-28,0.007401536317387279,0.007479598910793224,0.007637348210708557,0.008298808171009787,0.007317950357311659,0.007398303476438271,0.005396160250967056,0.0026889660813141413
2021-04-29,0.007180362264108164,0.007281591047947304,0.0072359767294448,0.007943811289664931,0.007000129217899707,0.007003130185267282,0.009019073968915357,-0.00031597392041822833
2021-04-30,0.007175566234767586,0.007060188699268355,0.006830701047898475,0.007619668458892956,0.006735616030693388,0.007110998643574012,0.008647867551445297,0.0011915615889459615
2021-05-04,0.0071240914992764665,0.00685132671402664,0.006488976131859888,0.007324121557594754,0.006460173851980428,0.007791197236800398,0.015757737421920482,-0.006708439467665827
2021-05-05,0.006997174877088392,0.006842837619239197,0.006750404111765779,0.007620694004362869,0.007071423120692916,0.010873794396666093,0.009778793573979903,0.016630642919615062
2021-05-06,0.007735677473230251,0.007785220492539902,0.009027132438882268,0.007364153551687298,0.006719179395647321,0.008473165639990397,0.0050583819322435495,0.005228307046252049
2021-05-07,0.007385086526499094,0.007655925176267645,0.008604024329045692,0.0070958743519907415,0.006430164474574983,0.008664886513909714,0.006471959927956616,0.007532117350320206
2021-05-10,0.007319425167664462,0.007648553222216076,0.008497957806457146,0.006857289039934334,0.006150739381930503,0.008453458776384938,0.007987232724615078,-0.0008419044374537892
2021-05-11,0.007178692953637709,0.007418414425899638,0.007933323437934686,0.006641017200536569,0.006004411458012128,0.008134973933157449,0.019716570096524957,-0.024973404988358285
2021-05-12,0.009139249120153802,0.00944198907230281,0.012300047973918931,0.012471323223023776,0.010017951399789173,0.01262270700112183,0.009054995595037037,0.008113227709776516
2021-05-13,0.009244572725647602,0.009367580051178513,0.011685951218285124,0.011810474885006767,0.009517035652449678,0.008552859625032492,0.024545825930263877,-0.005913576179143932
2021-05-14,0.009359689543780754,0.009196993293893157,0.010997335141007028,0.011457759552420803,0.00978258032671851,0.014622254470784997,0.006559635324231397,0.01146590319499487
2021-05-17,0.009559939428506551,0.009348669460070794,0.011021755738444529,0.010890009313058066,0.009307303355857608,0.008395449545204253,0.010498913743289859,-0.0015202645630412045
2021-05-18,0.009483048239544916,0.009071517827449773,0.010170403500189898,0.01035256427335449,0.009015197778036482,0.008798200396752725,0.009772930176662751,0.00018482842998210008
2021-05-19,0.00941891218272345,0.00879527937276733,0.009395946362888895,0.009838825523386212,0.00857028971692462,0.009195270275299872,0.015890223674445418,-0.012013530830358273
2021-05-20,0.00976922454004423,0.009020810289050702,0.009925457714777567,0.01065875305640846,0.009780114487505957,0.011476217915231538,0.009603362510624252,0.009964291462312397
2021-05-21,0.00887659985094027,0.009080184108019789,0.009924315221584611,0.01014660404939167,0.009301487352893845,0.010695062651361411,0.007499166632459392,-0.0002422014700646577
2021-05-24,0.008831448324908047,0.00880376501972475,0.009181086845838664,0.009649372444437823,0.008849292167348016,0.010342582347506086,0.0039000736407207746,0.004762015296134864
2021-05-25,0.008793235671367663,0.00861490041683679,0.008704705108918078,0.009198252970097104,0.008427272351720642,0.00944516467301969,0.004420387110660459,-0.0030962855137062935
2021-05-26,0.0088328918740512,0.008386819282626582,0.008211771838354837,0.008871173841143729,0.008402946771201448,0.01029156108694381,0.007168514662890205,-0.00041261463090830894
2021-05-27,0.008809950023164443,0.008131951086220897,0.007683479858759002,0.008478713456236714,0.008037456998956152,0.008498928519087496,0.004755867955336285,-0.0010251592030200729
2021-05-28,0.008789459081359273,0.007888217025669367,0.007237121070458493,0.008128303891471053,0.007775116098140388,0.00896903436868579,0.004786028434807985,0.00041303775609814595
2021-06-01,0.00877526118252228,0.007648579331136876,0.006835064216352996,0.007798256809406301,0.007419428286634785,0.008503760643913678,0.010906391644601934,0.008211006843061454
2021-06-02,0.008936225987999109,0.007683486047375936,0.007187462105182015,0.007520811354885879,0.007106822826857722,0.009620630335876183,0.005650067044456911,0.0038763836114284102
2021-06-03,0.008961171857624215,0.007509685836570295,0.006936768493324679,0.007250407373920121,0.00680526690105993,0.008638922394888433,0.011652077727975264,-0.00615282345232601
2021-06-04,0.008938267248149893,0.0074352600941913925,0.007027789446691889,0.007462995595582172,0.007314826181394548,0.008626686526531991,0.004317613525688923,0.0006509403487380654
2021-06-07,0.008186162045453726,0.007210515273434722,0.006656425176787498,0.007192510792851473,0.006991485116158976,0.007580681099031756,0.007527698544312306,0.0011593220678937307
2021-06-08,0.00810899804374206,0.006996619207685638,0.006346064936704285,0.006947416675358897,0.006691275473857434,0.007611673256194493,0.005795919876102258,0.002526055688668783
2021-06-09,0.007948707939248366,0.006811635409918063,0.006135631797295844,0.006727502742056568,0.006414356127307112,0.007586546246111573,0.006512661597916722,-0.0019892642757426623
2021-06-10,0.00795705114012644,0.006622077067032321,0.005955526528250774,0.006576824194051549,0.006387613618019262,0.007687802077849169,0.005008010138019644,0.0010162889393480902
2021-06-11,0.005596299746741298,0.006425166223009871,0.005666294250451489,0.0062767942051128464,0.006099488198795493,0.008083220434478232,0.004514132627862752,0.006454674611025315
2021-06-14,0.005501065327370802,0.006426940546929107,0.00600279684521754,0.006139926426223092,0.005869765694724983,0.007186381106332048,0.0074015384971820395,0.001764607482708421
2021-06-15,0.005278136991615247,0.006246123700361493,0.005796815625732485,0.005988498241803911,0.005642175159131409,0.007105701473834793,0.005478756948885084,0.003603557170664009
2021-06-16,0.004770829208105762,0.006119832927485777,0.005746584166167174,0.005861522705460491,0.005433736817041128,0.007589064693882651,0.006254245209852535,0.0017412506576055377
2021-06-17,0.0047423484077388535,0.005948708346176966,0.005582441351426794,0.0057407254643029116,0.005233216630195155,0.0072469954135777745,0.005877625278859586,-0.004407751375481344
2021-06-18,0.004886438581666282,0.005867674109891109,0.005719876355117282,0.005936031061498934,0.005609018699479162,0.007428974003501751,0.011329434357333853,-0.019180738901606393
2021-06-21,0.0059587979193655195,0.007378202232318457,0.009449773294412423,0.010072221071318886,0.008392012800271336,0.008622600219138483,0.014978741144979038,0.006363748233609475
2021-06-22,0.005718578426197744,0.0073212999928274885,0.009055384704363637,0.009573154141818566,0.008006506151613904,0.01112719386443759,0.003870010391004359,0.003914563056526345
2021-06-23,0.005771029225147617,0.007162735218147358,0.008509141731410007,0.009104172354807505,0.0076418072581341655,0.009928029587931233,0.007205943588800915,-0.002245113586985082
2021-06-24,0.005713682495882898,0.006966270261630615,0.007973508215032971,0.008719201890473257,0.007562695098638324,0.009987808783095098,0.00496431160261345,0.00506201685809845
2021-06-25,0.005758974485856328,0.006866922670082626,0.007684202318703974,0.008330579503502964,0.007231894942751734,0.01013059933848921,0.0024465478240557883,0.003664164817286004
2021-06-28,0.005793857482675316,0.006717954716130141,0.007322146753825897,0.007970159938979171,0.006920022885586245,0.00799920768312328,0.00435490578006354,-0.008881690578582678
2021-06-29,0.006155519184544753,0.006867031839588175,0.007773692245344332,0.008529175103442109,0.007806234529226017,0.007461241856609668,0.006359907103451648,0.002062060247924332
2021-06-30,0.006166734833594475,0.006676966695792849,0.007310105681169391,0.008145503022107575,0.007450645315018429,0.007274269015272457,0.010661014383881008,-0.007093784835968538
2021-07-01,0.006106343554877463,0.006702706781537164,0.007463613657131104,0.008363483908539533,0.008036988855211364,0.008683100411492688,0.007873569519195107,0.012384802470384022
2021-07-02,0.006654301034070746,0.007171729320124557,0.008481136912234075,0.008080701090615816,0.007692529595862554,0.008820351279709236,0.006953710271874115,-0.0002666947413778559
2021-07-05,0.006499244702882276,0.006953556422419459,0.007890374617596441,0.007735669610898637,0.007359592752507468,0.008948130913731032,0.005773689789047116,0.0058230032537999
2021-07-06,0.0066065254848147355,0.006890955820364146,0.007694565692422305,0.007443294411081851,0.00704473831223216,0.008850304758632088,0.010272168768798582,-0.008972567871406111
2021-07-07,0.006928927948322353,0.007033247773506719,0.008074748600515267,0.008123056289693321,0.007933587274202743,0.010945530881775245,0.003908343643484001,0.00703067048905034
2021-07-08,0.007074071288979961,0.007033093163072788,0.007993227422242812,0.007803122210492436,0.0075822276226384065,0.00833860546235574,0.017957434940242052,-0.016965932943305156
2021-07-09,0.008016383620345053,0.007985431003536199,0.010091340301655687,0.010439454223150253,0.00966285209642753,0.01118571193179504,0.006020906182661826,0.012888269634337235
2021-07-12,0.008519599524310285,0.008361072387172932,0.010418788099307958,0.009821238280038785,0.009079007148444238,0.008566230706518487,0.009246517215132534,0.0004913211724897517
2021-07-13,0.008400150240466078,0.00810725374990848,0.009626233995254176,0.009363630958046988,0.008656180651554803,0.00862674061435715,0.004839868415647192,-9.824492467601046e-05
2021-07-14,0.00838976923715789,0.007860310979051292,0.008927612169996232,0.008941768591302354,0.008261599796522053,0.008418370358003862,0.005631197890607769,-0.004713041314386597
2021-07-15,0.008400166953193622,0.007707800261554365,0.0085267231454471,0.0087685526031909,0.00845623166509432,0.007719294661345591,0.010969638629581885,-0.01123161163173011
2021-07-16,0.00869561598923805,0.007963323412398707,0.009092530769289463,0.009581809738503706,0.009499799883798784,0.007320724637825584,0.01070482707098305,-0.0005563441203120358
2021-07-19,0.00866426429336096,0.007721931086913577,0.008463020686120063,0.009145267833321502,0.009100402834313143,0.009591899200501108,0.01829022782726478,-0.023635823262997808
2021-07-20,0.009171937596708436,0.009464124629756304,0.012081777935838915,0.013086557720003564,0.011939244877899307,0.01209357337040059,0.013542133227105718,0.005347723210464502
2021-07-21,0.009132698596182522,0.009268838347886466,0.011269801814340587,0.012395785688778155,0.011315903489350809,0.01000425636628446,0.01014772436898868,0.016888739531742216
2021-07-22,0.009904874241842634,0.00989294970362013,0.012174697995987149,0.011827415324712409,0.010749515494675888,0.009953150804924642,0.007801952634522962,-0.004295969833513919
2021-07-23,0.009931773567963313,0.00964912161891868,0.011316875821115582,0.011356174623470076,0.010711765052466576,0.010671002323973593,0.005302857615180442,0.008473960924391108
2021-07-26,0.010058152858319397,0.009582676868212205,0.010885177578048553,0.010804923281060155,0.01018142602910977,0.008640536696202175,0.007911043588684507,-0.00031310040816527975
2021-07-27,0.010012072511904566,0.009291066468111758,0.01004066648588397,0.010272937313668575,0.00970530019633389,0.009557021387693118,0.01307910126020243,-0.004179302164179312
2021-07-28,0.009872595483078483,0.009066006570852974,0.009445102783420041,0.009928814402715936,0.0097299229292762,0.010384619810090465,0.0061702072675324585,0.002925919291078195
2021-07-29,0.009885685602402317,0.008818990126769535,0.008826726313810651,0.00946587187421019,0.009264232778367531,0.007702013140941969,0.008901748328853529,0.008769123238273474
2021-07-30,0.009960770907418592,0.008816006067759749,0.008846143388063724,0.00906442210373427,0.008836479339469669,0.009072762885478213,0.009620064847607043,-0.0065340718768545115
2021-08-02,0.009661902375661866,0.008695992808477026,0.008640158539118085,0.00907169301951305,0.009222014504711518,0.008893458033328696,0.008984052148987511,0.00700017028855257
2021-08-03,0.00980445471491136,0.008603674593666543,0.008464184254646841,0.008691992184329577,0.008795502552332704,0.00876904497108357,0.005342202589913842,0.0033832869860942983
2021-08-04,0.00974279617940833,0.008382638091477972,0.007997245628480254,0.008328684830738082,0.008394773279383356,0.007611400718959997,0.0044488502969141155,0.0025580494075004004
2021-08-05,0.009558394702985478,0.008151387679199684,0.007551371387166351,0.007993462045639794,0.008020294588214872,0.007398414676001779,0.0042017169924188245,-0.0004914246499212685
2021-08-06,0.009427861994584034,0.007903980245547487,0.007117881518015647,0.007685939868984826,0.007713778978965097,0.00724039384305199,0.0042483441875326355,0.00036508137507599604
2021-08-09,0.008610334332056043,0.007663714932283837,0.006737476295360608,0.007402624600475067,0.007382200337537792,0.006719287332623952,0.0065105361865405685,0.001304778057199079
2021-08-10,0.008143559687307796,0.007437117836650468,0.0065034466509371214,0.007263396934923942,0.007130798125764979,0.007466922474188781,0.005908160467673434,0.004015872971386854
2021-08-11,0.00818888198228647,0.007277342410288936,0.006376182740680389,0.007039143537373989,0.006849325472094081,0.0074705853241449766,0.004602979421266199,0.008219167199528485
2021-08-12,0.008370957974816299,0.007337261912350061,0.006778431605622235,0.006854360234407731,0.006580670881544878,0.00711646603028233,0.003919200989488575,-0.00373266791542647
2021-08-13,0.008342335148766164,0.0071722560059027975,0.006627785522750645,0.006817308153655987,0.006758797869459622,0.006805920089545749,0.0029170141579911353,0.00353874598224824
2021-08-16,0.007898690162088972,0.007007577629178924,0.006446142386666026,0.006629065654480222,0.006499454526658843,0.006437632547558444,0.011136170379843768,-0.009003240454326948
2021-08-17,0.008211298953567222,0.007143057881323413,0.007052009880116434,0.0073607722409373645,0.007347420892106311,0.008559221854699007,0.008790263845612713,0.0037809338314916965
2021-08-18,0.00597727171535675,0.006987102903240187,0.006824467659792535,0.007127804183353955,0.007053330993281688,0.007911771402427655,0.007232633521632194,-0.0016445538325735487
2021-08-19,0.005992966565569706,0.00678621426128982,0.006540752952105544,0.0069382249566200494,0.006957349797232044,0.006762980576323168,0.019909640657979705,-0.015518788835261041
2021-08-20,0.006125925114360968,0.007598651865622659,0.008531222565071505,0.009094062646825371,0.008671148864064697,0.011529432177620544,0.007818943301122464,0.004099872850628547
2021-08-23,0.006077178349438993,0.007435299389258924,0.008120929405730965,0.008728079914998079,0.00829585656393958,0.008285870279746936,0.007652696505913812,0.002972482096234564
2021-08-24,0.005844419594386001,0.007245467229667482,0.00770087616105736,0.008386628127124037,0.007944910932185169,0.008139791964935857,0.006940753837047272,0.002360413606116415
2021-08-25,0.005853826396588896,0.007048494931340351,0.007308276907296349,0.008069775811121992,0.00761605264183639,0.007894801841653705,0.0029190866575528667,0.0034043420686364965
2021-08-26,0.005772700209544143,0.006884459066950727,0.007019789408482204,0.007779353023644221,0.0073062170435922716,0.00755981197603449,0.0067252258528539615,-0.0035166164673847613
2021-08-27,0.005838108081866745,0.0067300836197308695,0.006815745557626735,0.007633414707021483,0.0074140103473003495,0.00809557958195511,0.006001456765524903,0.0032228711424673677
2021-08-31,0.005575808117172125,0.0065726401012768465,0.0065860453695078544,0.0073769153875792555,0.0071164378450208395,0.0084500375571727,0.008569183319181547,-0.00396700759245481
2021-09-01,0.005441184564080233,0.0064460725237289575,0.006485510570309253,0.007305303471852412,0.007289726922068366,0.008532533870577,0.00831505110327531,0.004218794581993107
2021-09-02,0.005309562813781001,0.006334558673325733,0.006377644480035619,0.00707825218200514,0.00699868434788525,0.00790147119620762,0.004962723045286941,0.001970141132021853
2021-09-03,0.005279473982774998,0.00616051320390298,0.006148746320802126,0.00686444857453425,0.006726743745196175,0.009479014812658655,0.007197346040117346,-0.003565863814936968
2021-09-06,0.0053225952493255214,0.006036367338402774,0.0060844776107822785,0.006812508728940166,0.006875996741766742,0.007882322492203563,0.005047166824136682,0.006813004518127786
2021-09-07,0.0055173396140125305,0.006085761138865821,0.006339325817491253,0.0066388245244006746,0.006607011911822983,0.008323678881625662,0.0028022184530661367,-0.0052732290210836434
2021-09-08,0.005656831103352649,0.006040092381702251,0.006414616030466289,0.006785204664290999,0.006971100456655158,0.008022180895634721,0.010042283600270032,-0.007567656808393493
2021-09-09,0.005894655139600176,0.006142468461042773,0.006749953473788551,0.0072148858123669,0.007585089167703086,0.00920233402511964,0.010045833404311194,-0.010099450560910515
2021-09-10,0.0061821072161278535,0.006448725282189296,0.007444200198832942,0.008003641003452312,0.008471302469714018,0.008233654540233065,0.005515851577122485,0.0007115716070094227
2021-09-13,0.0058345749765155944,0.006254700180532452,0.007057245107102198,0.007723671828082449,0.00812347270237549,0.007402783611301349,0.006913985853406564,0.0055612446132095135
2021-09-14,0.0059893435846872034,0.006215275085330385,0.006980992649053028,0.007475550065147378,0.007787075740801783,0.007077481745179378,0.005145116037823419,-0.00486439533910063
2021-09-15,0.005963283530293627,0.006142605818710227,0.006898933592171462,0.007473439477212427,0.008021731945352842,0.007414950784801974,0.0036220587325880254,-0.0025052324036094293
2021-09-16,0.005702866749061834,0.005987009373065592,0.006651587732598393,0.007296921526207784,0.007970968074039625,0.006619063483442009,0.005652795149383239,0.0015665055894964397
2021-09-17,0.0056315443315498,0.005817289810977287,0.006378531613279923,0.0070710277437034995,0.007650870596097173,0.0076451229486864305,0.019099543315416093,-0.009134441796123936
2021-09-20,0.00590307040919946,0.006067675890801412,0.006992117788194509,0.0077113746508545924,0.008410887783714295,0.010368957778750732,0.017317405560329915,-0.008610112683093054
2021-09-21,0.005230237181938917,0.006249458512367094,0.007381899650075931,0.008157560504929457,0.009053854521813271,0.011177156903450754,0.010287272245796498,0.011105703668931462
2021-09-22,0.005771101564478179,0.006641730725861803,0.008013115512572775,0.007908470933413844,0.008651958656852716,0.008721318907975848,0.008470505615833982,0.014561845434467226
2021-09-23,0.006632125154142154,0.007361295562616964,0.009140007273179162,0.007710164629881487,0.008267734306668759,0.008688156977915858,0.008155752351124914,-0.0007061249569623875
2021-09-24,0.00660729654603601,0.007139136415973759,0.008564042879331523,0.007456726743753765,0.008001906575396818,0.008259308375978157,0.004186535716520314,-0.0038075333156113505
2021-09-27,0.006591563994204138,0.006984201546125306,0.008176560642955813,0.007364863089552072,0.008100801407528245,0.006629017462379107,0.01056211412320744,0.0016861618317449653
2021-09-28,0.006576634452905559,0.006784019123355651,0.007718728176746765,0.0071338650544049975,0.007772925910772704,0.01078363824471257,0.006299877907628917,-0.005010122959191072
2021-09-29,0.006594394098853379,0.006690860965680326,0.007538651189785021,0.007183557193607891,0.00802553565243757,0.00713040179842416,0.0077064326887981574,0.01133264818391948
2021-09-30,0.0070566088097628755,0.007056011488508958,0.008173275245389409,0.007015275438839772,0.007684134184555165,0.00895043145385998,0.011406950656373278,-0.0030715930198347164
2021-10-01,0.007013906440978556,0.006882306390969674,0.007791088099090957,0.006912254638711332,0.0077176925377959935,0.009598041693776703,0.01109929946874871,-0.008403351254028402
2021-10-04,0.0071996828285847995,0.0069829185532659585,0.007991921373683004,0.007455000357254016,0.008382323265444372,0.009845533232515582,0.00928996355746488,-0.002293758707937566
2021-10-05,0.007181620359587662,0.006793464666197032,0.007593844770642696,0.0072697022852024175,0.008286218990177835,0.010294637305542398,0.006105293100781187,0.00938387505017835
2021-10-06,0.007339100800216911,0.006976067595576829,0.007900221830657923,0.007078741053573783,0.00793320108562303,0.008109670156621243,0.015108552905711487,-0.011539956103030203
2021-10-07,0.007653522115775941,0.007330472233339781,0.008578236336931652,0.008182124742846228,0.008977788891550797,0.009512411967675785,0.009190169499622647,0.01166711875129307
2021-10-08,0.007976596481785992,0.007660220190787341,0.0090442567584703,0.007944702567779516,0.008576882602517403,0.008588563730296454,0.00480071851971789,0.00248349170937596
2021-10-11,0.007655424155184846,0.007451731264162553,0.008515694562135186,0.007670162055934183,0.008217872504092588,0.007306870724927768,0.005527145880460985,0.007203822622599959
2021-10-12,0.007794994207884567,0.007437089788752907,0.008387800724202312,0.007439083665134624,0.007879485968496506,0.007293241944740583,0.011069030977993088,-0.0023394117315671185
2021-10-13,0.007743728503840159,0.007233260474322905,0.007946861175280049,0.007254387285518454,0.007811594515699554,0.008621356082300769,0.008625199513355898,0.0016255608960715866
2021-10-14,0.007651471978070847,0.007024201061875159,0.007518826572567867,0.0070305398409969844,0.007498146385856625,0.007250793669066567,0.006216293383397743,0.009185053598377204
2021-10-15,0.007828039721539663,0.0071722345960302325,0.007813557551612997,0.006868594909007965,0.007201567805915905,0.006951847095704621,0.003924916566490216,0.003642234511776871
2021-10-18,0.007844921753962343,0.007010737799175639,0.007484772697472044,0.0066812063320711886,0.0069229934736322355,0.006436766402199945,0.006214642652031006,-0.004183468955825491
2021-10-19,0.007583192961519226,0.006873972837429896,0.007268438260178668,0.00669527459159445,0.007124341654410378,0.006298434000865685,0.0041928048163536935,0.0018999679808724154
2021-10-20,0.007212376244786198,0.006680793748892491,0.0069292298856888325,0.006516564381523772,0.0068504731634176684,0.006494215084977325,0.003924234460893155,0.0007755910808025937
2021-10-21,0.006914673694749785,0.006480055346970715,0.0066083323606874215,0.006350822677697248,0.0065922693851600215,0.006590241988989683,0.004657892925810279,-0.004551328155723795
2021-10-22,0.006362324463570818,0.00638079348832734,0.006553068987517654,0.006438248696821783,0.006856795517916628,0.006842716363823414,0.005715980059738046,0.0019868154282457274
2021-10-25,0.00635942334061834,0.006205521746073787,0.00630788593648327,0.006281035897679991,0.006598020873362806,0.007749422432078598,0.005268283756930881,0.0025229784513107374
2021-10-26,0.006277541798891785,0.006048133211866425,0.006118246096820565,0.006138603792839103,0.006353584867631791,0.008519229111165033,0.0043537209764507355,0.00755844816612668
2021-10-27,0.006431842127659771,0.006149221800225961,0.006456540705846453,0.006039752435110298,0.006121715201410012,0.007623724585366626,0.003347860579023323,-0.003344599804877972
2021-10-28,0.006358404030346293,0.00601791773745364,0.006323667464482451,0.006050401897234762,0.006271735899274826,0.008321614862303617,0.005028983220358057,-0.0005240367497258081
2021-10-29,0.005955471364187602,0.005835999548661513,0.00608266254426203,0.005927051773069902,0.006092694272057462,0.008141254876571797,0.00747800477095794,-0.0016428412417165887
2021-11-01,0.005915409798924259,0.005672503233034586,0.0059057975943405385,0.0058446604864611906,0.006048691294937715,0.008749925264017898,0.00633221742621654,0.007021823952634066
2021-11-02,0.005639972014054093,0.005762379374040527,0.006211171288188408,0.005768250827139086,0.005833473509422709,0.00992708013223508,0.006198547100147117,-0.0018951624113031763
2021-11-03,0.0056263727951174165,0.005606087184593067,0.00602731656838869,0.0057123064936260215,0.005832303800022127,0.009598309378891086,0.004701428949451467,-0.003566588053344845
2021-11-04,0.005455980444557585,0.005505066187660129,0.005976721142948829,0.005778708484603856,0.00602483070650043,0.009615601678526275,0.00477603171375439,0.004267392633134003
2021-11-05,0.004649658863382042,0.00543875416798804,0.0059540914887959324,0.005688305472138499,0.005811389512297133,0.00967690365306029,0.007536332041616994,0.0033050174421524804
2021-11-08,0.004096028220291919,0.00533485074799612,0.005774009455918602,0.005523272367550996,0.0055515757795071875,0.009622807089420721,0.002983309877377948,-0.0004930021189389285
2021-11-09,0.004111643442583188,0.005173739229855693,0.005592133241553375,0.005437933342933216,0.005402380357244201,0.009825399642915573,0.005103288650923347,-0.003622794608931115
2021-11-10,0.004019325171335259,0.005094016235559613,0.005609650922413477,0.005538267951287484,0.005625100788806026,0.009859296863469626,0.005122274260216375,0.009059743646811242
2021-11-11,0.004326550451088057,0.005414498926069931,0.006303351048643529,0.005507036523747676,0.005440477723613713,0.009836540882243268,0.006739969528109867,0.005976492212600207
2021-11-12,0.004441437628981421,0.005449853048773328,0.006384720032250981,0.005445502862345705,0.005260107126674291,0.009489565897654902,0.006927101265820973,-0.004928024309280698
2021-11-15,0.004300150988562319,0.0054199603110726005,0.006397389474396327,0.005693424513211261,0.005650633088446743,0.009467144657851383,0.005111947103117871,0.0005442251049302539
2021-11-16,0.0042548986870115,0.005256537115352297,0.006125183932045303,0.005588972978822637,0.0054486380330529315,0.009513751314119127,0.004999116180792123,-0.003392628042031691
2021-11-17,0.004212151138336824,0.005163710584479581,0.006036418571415309,0.0056494441275021946,0.00564108864473151,0.007080754687650552,0.0025481511412274688,-0.004898013650345823
2021-11-18,0.004381798375460013,0.0051481554797217334,0.006106140116762011,0.005864232477013062,0.006004452434768861,0.007058934073873283,0.005056085817364923,-0.004839428714645586
2021-11-19,0.004531849797338985,0.005130155823153303,0.006157155438300959,0.006042328250639178,0.0063381787822223935,0.006479846600591341,0.011371095029602431,-0.00447526921678424
2021-11-22,0.004527877559438332,0.005093237763682893,0.0061611913213699965,0.006155808599257316,0.006607189862788401,0.009394366226158708,0.007718720124132384,0.0044063583529592686
2021-11-23,0.004605206652300868,0.005054657881443889,0.006104901876296242,0.006022771033136467,0.006358632786074974,0.008996361495579813,0.011633941241975754,0.001542466323365426
2021-11-24,0.0045868506935274585,0.004915215606874152,0.0058884546588415,0.005890208304197713,0.006118960460385549,0.009924531313648116,0.007815872031187238,0.00269360432222296
2021-11-25,0.004316189755182896,0.004810936920082987,0.005750434193069116,0.005772716778501085,0.0058950005521338,0.009678811257627432,0.0018835491546906919,0.0033021192322709872
2021-11-26,0.004297949950266232,0.004733988454942044,0.005671303138233847,0.0056683990740776435,0.005684695784766515,0.008494305346362176,0.017469414837305415,-0.037121801192910295
2021-11-29,0.009248652887608424,0.010185661260732684,0.014609458091570935,0.015374744666763833,0.01162892589046849,0.009205603141788143,0.013807778388407198,0.009326053181189864
2021-11-30,0.009537659699798515,0.010136140768339299,0.013849466333500588,0.014623552646348223,0.011071620138303893,0.008850064746864996,0.015184391063071111,-0.007128016347706769
2021-12-01,0.009453404352161646,0.009981251710995225,0.01304900124721569,0.01416574251494134,0.01134016978685242,0.008780807595417462,0.010232438896969558,0.01535009968712542
2021-12-02,0.01014313333000784,0.010381974580947098,0.013225461503793752,0.013533975128126183,0.010813579720974497,0.008531150602183717,0.010495858910062314,-0.005525300987009139
2021-12-03,0.010179754608644662,0.01015627931317805,0.012387128072604593,0.013048942166738442,0.010912202841298293,0.008524717634957704,0.012120162955281703,-0.000968319199964085
2021-12-06,0.0101135231714316,0.00984973438435942,0.011461222181855699,0.012423476271630112,0.010486206284263864,0.010898280682360333,0.010322614481492265,0.015326397562798674
2021-12-07,0.010695368990864505,0.010261098339411039,0.011802078685872783,0.011827339914118757,0.009957467675394174,0.009412323920377958,0.007965577763943313,0.01476811402502185
2021-12-08,0.011200268257000802,0.010585771691027677,0.012092798877773784,0.011316917886482541,0.009496671470225258,0.009421648916862714,0.0058839932570737405,-0.00034066211417325726
2021-12-09,0.011166270397132142,0.010263625655559109,0.011164090541943776,0.010778543086204595,0.009118226231617,0.008264516343492003,0.008027932912969545,-0.002196648607843346
2021-12-10,0.010999381642797018,0.009965490796141677,0.010373200470148263,0.010313724656658608,0.008967204243913068,0.008679280641707612,0.005099315846745735,-0.004037478710726198
2021-12-13,0.010938639412026453,0.009712384900727497,0.009756952324718954,0.009971762177423986,0.009032445158278508,0.006946978697768802,0.00832404690182878,-0.008317774076320056
2021-12-14,0.011030331493439311,0.009634402792460403,0.00959733544860706,0.010063114612146117,0.009592521529718198,0.007132183530552479,0.008565040329240596,-0.0017716267609556762
2021-12-15,0.011028205707999464,0.009350975019757818,0.008978737773243156,0.009640698065936378,0.009364135615888704,0.00708695953896615,0.005333971462751494,-0.006643803886850349
2021-12-16,0.011088028787198674,0.009211009586149736,0.008762253473851279,0.009579066836477522,0.009703276450127377,0.0063127539850839475,0.008650807061214813,0.012445245651378351
2021-12-17,0.011425959893077898,0.00943637558068578,0.009316646009541211,0.009225867161117802,0.009262464309941933,0.006839921814392064,0.006538674628984634,0.0012800662427158384
2021-12-20,0.011379669467378815,0.009154276991052954,0.008710529345620941,0.00884374425393027,0.008867180548507521,0.00614026626338535,0.02087665986586549,-0.009939326635801578
2021-12-21,0.011550484708996668,0.009203268595101174,0.008952904305251457,0.009325647519635119,0.009635509909133096,0.013052257831931759,0.006256653044253155,0.013714910672346614
2021-12-22,0.011907934237000711,0.009534362597918533,0.00968506933210011,0.009005971160706332,0.00919705027608987,0.008078140716744803,0.007335613157001272,0.006052303109760036
2021-12-23,0.011972442054572305,0.009362032274865177,0.009266592248038323,0.008654802063928421,0.008798413878143202,0.006812558356672928,0.006065769253813711,0.0042949437412000205
2021-12-24,0.011992269014745425,0.009137591691528167,0.008780767564277743,0.008324796822338717,0.008427474423931169,0.007873539582394506,0.004517999303904142,-0.00016276262463536616
2021-12-29,0.011976556133412952,0.008859313545988661,0.008232837372957588,0.008014351813493215,0.008096639069079757,0.007450366257529063,0.009473344126358087,0.006570787796717951
2021-12-30,0.008390545338005267,0.008738919009347767,0.008080468451643341,0.007748256414277168,0.0077651318693350855,0.007353918887740312,0.0033669928420403516,-0.002388068891266952
2021-12-31,0.008301624978787121,0.008492864976354538,0.007677423620548848,0.007542824133170137,0.007719793670149704,0.006635914463926754,0.005565339581795583,-0.0025021145767333895
2022-01-04,0.008108579574538448,0.008256916180845019,0.007334898430490602,0.007362216201741576,0.007690010726646419,0.006646397052272514,0.010966536826988496,0.01621290474685447
2022-01-05,0.008180709171880624,0.008936305822222337,0.00903685220213684,0.0072566276227936325,0.007367714196064633,0.008078267737058293,0.005674312554650842,0.0015577052963012923
2022-01-06,0.007990759422462116,0.008672467629849953,0.008469759444656276,0.007038103921204808,0.0070874510349860165,0.007397388394555905,0.00991108807694192,-0.008886096702072806
2022-01-07,0.008342710396332236,0.008685433551600225,0.008609419991404276,0.007657796786810392,0.007854139558910529,0.007941226803778095,0.005609585331404272,0.004673375003413265
2022-01-10,0.007807840722247638,0.008498292572973633,0.00818649897088973,0.007363440674896784,0.007520462158139805,0.007478338180757272,0.008235649763953011,-0.005358136404257896
2022-01-11,0.0073364768830020185,0.008343278468330379,0.007967165525518625,0.0074333384030246,0.007832766788949458,0.008277948075785234,0.004129400626336347,0.0061727351259141605
2022-01-12,0.007428323664410326,0.008229206365147288,0.007810019307584155,0.0072087196605812864,0.007514842575923719,0.00676636362756226,0.006336177143821725,0.008017007527506038
2022-01-13,0.007542793714205174,0.008216628976528946,0.007887871806542124,0.007022451493145673,0.007212285594272736,0.006880109662024868,0.004408934178436087,0.0016142267126883461
2022-01-14,0.007436331062410308,0.007976124115537346,0.007463539444408237,0.006816122060746583,0.006940189544776944,0.006078562457697865,0.00523689970144666,-0.002766949319081061
2022-01-17,0.007154075514043492,0.007762783203473534,0.007164771440200137,0.00671988274164949,0.006989104067679401,0.006221665072931832,0.005276532004727982,0.009000865824386185
2022-01-18,0.00725494544235509,0.007842581846279907,0.007510870496727038,0.006595565466315599,0.006715404403401169,0.007197517476928443,0.008782929536767426,-0.006273579370952218
2022-01-19,0.0072319723207769256,0.00775739598719064,0.007499621052296858,0.006895056750266871,0.007188637398251254,0.00854518138472673,0.01095920897861152,0.0034447976097505273
2022-01-20,0.006873380457636345,0.0075682599576312876,0.007203469833107933,0.006707290310560279,0.006914307893277096,0.008268927852313718,0.008700077480369727,-0.0006194521341826603
2022-01-21,0.006897318408047473,0.007339268936065815,0.006865144031307225,0.006535741329707214,0.006725112771746414,0.00733071835361244,0.013790067197387299,-0.012056568509490193
2022-01-24,0.007093563565576157,0.007704195419275684,0.007920199819350856,0.007964501342337239,0.007930440681888435,0.010428597022778891,0.015590292889888273,-0.02662533135907806
2022-01-25,0.008957034185705511,0.00991603981606203,0.012213794843827288,0.01302160098043946,0.01111664684461682,0.010235889447928349,0.007164410767942292,0.010130500375810043
2022-01-26,0.009137243984532877,0.009929038078664071,0.011793685763283664,0.01235187535064773,0.010580698634353305,0.007734608212111842,0.016360069501508732,0.013247011716851614
2022-01-27,0.009538216680139428,0.010158722779123943,0.011833459491697229,0.011761420272717194,0.010074522338624672,0.010349129841196947,0.024802811905655347,0.011248712535870667
2022-01-28,0.009812558166355262,0.010227398575189362,0.011602693955170657,0.011200163248942014,0.009605611694373958,0.012605980171251027,0.014002162072141697,-0.011744163104726481
2022-01-31,0.010117035923277838,0.010324689958573255,0.011543714730289952,0.011604925781037969,0.010541372831759623,0.01172353667473738,0.009337673618578346,-0.00022772177855355426
2022-02-01,0.010099406237814853,0.0100103137217936,0.010656587106153428,0.011007005804923158,0.010083135041096194,0.01013241171829608,0.0075428282997169836,0.009519944966578053
2022-02-02,0.010266424600444357,0.0099815709730586,0.010415270290959464,0.010492753334745393,0.009617046169057007,0.00933621961325874,0.007087103054171779,0.006243902075040927
2022-02-03,0.009743308472901214,0.009797603397369974,0.009893746700338182,0.00999860430307661,0.009187644858659312,0.009067752504611183,0.007656398648108763,-0.007173233156357418
2022-02-04,0.009880828226417658,0.009660267430415901,0.009579312141998591,0.009942781925613773,0.009601871049382451,0.008435068441853271,0.012916045717179024,-0.0016483666295806605
2022-02-07,0.00967673714596416,0.009374675864810254,0.008949357321694029,0.009499300814497758,0.00935997243311475,0.009132354557553974,0.008404555608137347,0.0075680120520827026
2022-02-08,0.009760606623750894,0.009276204132147409,0.008749510316463708,0.009094540558744927,0.00893757781045559,0.006719989063355496,0.010450052806086286,-0.0008454090830193881
2022-02-09,0.009673131858953828,0.008995997349168776,0.00819537235866973,0.008699743694291554,0.008676847536981655,0.010310785919840974,0.007683501097750416,0.010032627459735526
2022-02-10,0.009816480841524847,0.009061539992331707,0.008486604771818451,0.008395410651636405,0.008300494125791565,0.009082841070449136,0.00741844602699696,0.003786943503736778
2022-02-11,0.009707148479843615,0.00883432357776751,0.008060423251662549,0.008065088627807037,0.007974962301257991,0.010892914346896602,0.009478930621060772,-0.0014869503307119842
2022-02-14,0.009717008951315314,0.008572935201508132,0.007616220555492115,0.007778964835831947,0.00783577315953848,0.009295017551232911,0.017271085581433383,-0.01703502089454748
2022-02-15,0.010436905957950713,0.00930037747103643,0.009568475369881736,0.010103531860210986,0.009537748612886069,0.01136071928511099,0.00853748885472557,0.010211112136438381
2022-02-16,0.010492702054599767,0.009357521493499837,0.009606337320614717,0.009672236832407992,0.00911135526806165,0.009881260720980674,0.008772695668074475,-0.0006704924426384407
2022-02-17,0.010396379151383082,0.009073940136355919,0.00893754425652422,0.009225089091485672,0.008822428757987213,0.012971277365523145,0.011414076045817631,-0.008770827366981761
2022-02-18,0.010549445394782125,0.009056039475640794,0.00897220771514373,0.0094787118904597,0.009437725506510666,0.014262340691541404,0.00738999500017539,-0.0031625831954238195
2022-02-21,0.010567524354352353,0.00881426434102025,0.008470918405057322,0.0091319151491878,0.009393058681478852,0.013427303663218329,0.015543959726502264,-0.003907218647323622
2022-02-22,0.010265317843206138,0.008599172167973955,0.008087600223522229,0.00886542058622719,0.009431130208489874,0.012380080412976892,0.02133124365664054,0.0013218949082498739
2022-02-23,0.008266390692181083,0.008343492112113358,0.007622812855428044,0.00848493631480069,0.009053260922940686,0.014019813275074459,0.007555542020075945,0.0005336037051987442
2022-02-24,0.008013375533760818,0.008090371620775898,0.007214065665314961,0.00813751037311094,0.008700882105057782,0.014129941563415889,0.018701750857265557,-0.03961021579535188
2022-02-25,0.011468470020898866,0.012476578774078309,0.016048928762842193,0.017575500811675984,0.013652641286324103,0.014346029104347477,0.019664547142636022,0.03844926368433252
2022-02-28,0.014212454891185217,0.0153305534637036,0.020173032056657464,0.016980382623779926,0.012840624488138481,0.014233208116421328,0.016099453774328597,-0.0041745334175574125
2022-03-01,0.014005107876165485,0.014898655009380014,0.01837708729258296,0.01605489399010022,0.01269272685400978,0.01292911162964161,0.01666041504375795,-0.017324705553147045
2022-03-02,0.01450402208011296,0.015055246632765848,0.017884985626507505,0.016606052980579145,0.01403474928349176,0.01350592155589,0.014375524309496448,0.013469220823729445
2022-03-03,0.014670045458124429,0.014964826049069402,0.016957143985952574,0.01568118502916692,0.013315417151473597,0.013488447990150549,0.02181709731950702,-0.02600276032678818
2022-03-04,0.015569613306494826,0.01584543688999818,0.01815310875329948,0.018021444648249577,0.0156705094468461,0.013678807205592667,0.017863312249803753,-0.03540366939071892
2022-03-07,0.01715723335699569,0.017641382780282842,0.02099244391184393,0.022015964201169854,0.019001846714103897,0.014197888081932614,0.033441077205771184,-0.003957959076836417
2022-03-08,0.01715179717743781,0.01713141003010748,0.01910082673592035,0.020708019806316823,0.01841165834063045,0.01971474305665036,0.016486177660128307,0.0006607486809962541
2022-03-09,0.016991075456167234,0.01661030681148465,0.017536887451439057,0.019620510420264515,0.01799385144429332,0.01394638899897889,0.014607381002600275,0.03202014306860287
2022-03-10,0.018721168232262986,0.0179127197420543,0.01959523450201139,0.01864535141982348,0.01690341568899903,0.013676180670754608,0.013163774022011045,-0.012820508985827019
2022-03-11,0.018624496444078282,0.017648669181648775,0.018544541435438773,0.01831449675357196,0.017447076714847062,0.014122547080852033,0.020446894297170545,0.007927251485833321
2022-03-14,0.018727321312460087,0.017220844097124315,0.017230905085731933,0.017305567103294825,0.016472239491019516,0.018014609707529,0.009522265878355512,0.005282573560027107
2022-03-15,0.01881850474789389,0.016746293862745853,0.015930266406321024,0.016358415941309032,0.015577394648008423,0.014660394831941682,0.01564370904960387,-0.0024775226324186108
2022-03-16,0.01854167355044788,0.01624747191881992,0.01468937999796752,0.015500516672439159,0.01502888559224201,0.01477115441265513,0.011963886464593556,0.016036397131158748
2022-03-17,0.018780325152501397,0.016234884819565722,0.014632389135970768,0.014709916318824132,0.014204594945457633,0.014424811283438293,0.012279520905195624,0.012754823048790082
2022-03-18,0.01905532822251184,0.016047377563285798,0.014186885730448745,0.013959328892339045,0.013448815740350251,0.01347694185839993,0.011113441801291302,0.002623395689821569
2022-03-21,0.01899674030361485,0.015571774444675598,0.013115394151649543,0.013234399354303532,0.012777387090991903,0.013864985986206682,0.006800547692459771,0.005078443739909396
2022-03-22,0.01903157696864326,0.015148557200065832,0.012244715682520549,0.01256323234994041,0.012144325150856092,0.015172791227104862,0.0047990733816643105,0.004598140696614212
2022-03-23,0.019044897963935464,0.014730194567655851,0.011448747118106754,0.011938561756040184,0.01155557721351998,0.013889446650099757,0.0076688481323959,-0.0021556782329678185
2022-03-24,0.019047506321903548,0.01429121167009934,0.010667725201972393,0.011385683242587576,0.011251736214090266,0.013616260935657607,0.004894695704855726,0.0009110397200333925
2022-03-25,0.01904842505927302,0.0138576407350565,0.00994077056773094,0.010841650836315872,0.010733850243664498,0.011143789183185395,0.0076521985967384085,0.0021403545105487098
2022-03-28,0.016771737077930962,0.013445706429311663,0.009315657347499246,0.010338492315605415,0.01024585270948753,0.010787099636359076,0.008563799516540713,-0.0013773278010610333
2022-03-29,0.014519970678213933,0.013040460958590901,0.008756487471393216,0.009886620837713722,0.009940552431641068,0.010590615514390576,0.012132751581346465,0.008554121339208699
2022-03-30,0.014606983737947166,0.012815646070523946,0.008745787829036834,0.00947238607334613,0.009483088863748691,0.011314570706392123,0.005218399228933421,0.00549084807148227
2022-03-31,0.014052758601236085,0.012497811884697485,0.008438710956040237,0.009080140728395025,0.00906398334242817,0.01151172340781228,0.0072393808092996725,-0.008360709869793589
2022-04-01,0.013936875039933908,0.012288924768366856,0.008518418761674293,0.00931088415752171,0.009654454173095257,0.01126816984360374,0.004952252563856261,0.0029494627323376154
2022-04-04,0.012541130517850817,0.011936438810189264,0.008090922787985263,0.008925926390433136,0.0092326670721162,0.01076879701124564,0.0047914822588239646,0.002782048320787863
2022-04-05,0.009174118109546898,0.011592853175675986,0.007711368377010975,0.008571498321325444,0.008837650027489527,0.010671057551981274,0.007674714042179121,0.007223579121428759
2022-04-06,0.009027967862687832,0.011378110378574575,0.00772685047905221,0.008258404745970059,0.008452828168622547,0.00997307436981764,0.00940781166491759,-0.003420740899282481
2022-04-07,0.009152809193787602,0.011063263539200641,0.007167919560134275,0.007363653779735987,0.008149768478207822,0.007052903511709191,0.007066105674968718,-0.00474256973987843
2022-04-08,0.0067401336326806055,0.010788955936224531,0.00707399369810079,0.007378323915138684,0.00836439620658747,0.0064774777936128045,0.00706119893472724,0.015478517338979793
2022-04-11,0.006378153765752195,0.01112620986333409,0.008810643744435648,0.0073293151356074214,0.008005415156593067,0.006123475308234725,0.00455049800513106,-0.006711215084818685
2022-04-12,0.006683464712715131,0.010911801759675505,0.008625460044944508,0.007622959186044286,0.008481967505542386,0.0061160882272753535,0.008312582032099539,-0.005475499037103337
2022-04-13,0.006907011957397236,0.01066406292021147,0.008343383165963116,0.007688893035808091,0.008765010288215823,0.00918724340258495,0.00591854782068719,0.0005409863236013921
2022-04-14,0.006829849644144397,0.010340041762990845,0.007820524421888603,0.007383089233866224,0.00836896216722867,0.007010053634618833,0.008039064807896948,0.004685082135958287
2022-04-19,0.006127626498939111,0.010090514135464638,0.007554553244955749,0.007131923081891783,0.008002682012948882,0.0075721041160020895,0.0072541818752656665,-0.001984531822256579
2022-04-20,0.005670189817249853,0.009795186010492292,0.007197617796428163,0.006941885573193177,0.007887766319517623,0.007438334336987055,0.005081792450835723,0.0036637052241035068
2022-04-21,0.005686184473428846,0.009539092881374134,0.006961156297775375,0.006734686718116651,0.007553151929517276,0.007474863054898106,0.007550150766378173,-0.00015730278196183256
2022-04-22,0.005632389062413655,0.00924857394788118,0.006648717092662659,0.006539500086970478,0.007250492120901124,0.00725330206489839,0.006401996667403142,-0.0140335114952142
2022-04-25,0.006470899887796584,0.00960314112977829,0.00832629177169005,0.008737116657312223,0.008807755817832342,0.006947275136405267,0.017215055676329732,-0.018950789248044074
2022-04-26,0.007707471867550401,0.010403607315367111,0.010605295313132979,0.011593756653721645,0.010935201653257377,0.009872116429894868,0.010639816498294891,0.0007720073250079337
2022-04-27,0.007706246174188598,0.010088443992044085,0.00977613785186883,0.010898668606899637,0.010383990754172274,0.009646899722123098,0.013943981506452697,0.005320095184851991
2022-04-28,0.007791907491320154,0.009867537930827876,0.00924752494146331,0.010286206073292482,0.009876182189912604,0.011093708252004805,0.007516851540342096,0.011195445963295685
2022-04-29,0.008183747460744765,0.009952210163896847,0.009513539808182266,0.009799514991569419,0.009408857966792947,0.008838171684574948,0.006594179843143319,0.004703140104502538
2022-05-03,0.008029577260032868,0.009717554709295143,0.008979945343813224,0.00929006557858993,0.008970587687914578,0.009714276765571512,0.010731716225548776,0.002211057507800864
2022-05-04,0.007949879632174712,0.009437072844617853,0.008397449126495784,0.008819004216307599,0.008561394489193295,0.010430283236931492,0.006617943502777849,-0.009007154977459825
2022-05-05,0.007984600396334723,0.009411831579954299,0.008596718719878925,0.009230274699364535,0.00929659166273117,0.010897557411846103,0.015901070014547748,0.001306945667736381
2022-05-06,0.007960824162165947,0.009130723174358339,0.008046163494480287,0.008762848929288726,0.008864035751427073,0.010633700553490383,0.014118122542440534,-0.015499396988174608
2022-05-09,0.008590869800279084,0.009632329820213836,0.00958913719575848,0.010641002674043555,0.010473484220427194,0.009551885367561111,0.01167318485838004,-0.023459598920044334
2022-05-10,0.009650222458292298,0.010965219468337997,0.012554944471507705,0.014162770852447994,0.013089800864329157,0.010032150244177406,0.012135958621786054,0.0036791698371259245
2022-05-11,0.009742151163552076,0.01066930424868063,0.01144564032227924,0.013023044358421568,0.012254620060296937,0.010524303564208764,0.008106031659646719,0.01432424138382276
2022-05-12,0.010363267972328477,0.010923142562247409,0.011730908516373038,0.01234711646797917,0.011600952184149218,0.008497135998142039,0.021182007762239226,-0.015691975510624602
2022-05-13,0.010067267263012245,0.011266340424229714,0.012267763878748688,0.013297820618935577,0.01291385395467023,0.010483714167517436,0.012509598656153266,0.025241076576324226
2022-05-16,0.011723230165346463,0.01255154642923598,0.014477628729733636,0.012722474901073201,0.012163623773592735,0.01124508404591288,0.012218220792360169,0.006262198788595931
2022-05-17,0.011792180033432692,0.012265469690126997,0.013428983875896115,0.01202191048761001,0.011553776877391357,0.011506238080086377,0.0072537216720742394,0.00715471042873906
2022-05-18,0.01191489933607908,0.012020259348092496,0.012570532682016999,0.011382014383793628,0.01098157226693836,0.012164659662060132,0.006713609941682242,-0.010737909479590883
2022-05-19,0.012060641536641497,0.011947200454800865,0.012228256618930058,0.011630032216413616,0.011722203183632152,0.01215562693323522,0.022530688333325288,-0.018371297101242762
2022-05-20,0.012635251459562643,0.012426654264752448,0.013130372064206204,0.01330414121992054,0.013372090559905753,0.013189603273597335,0.01680704610329862,0.011883592174529792
2022-05-23,0.012940138796906673,0.012394741539095583,0.012770407152734533,0.01258645417434253,0.012651395225967844,0.01357604898340091,0.0075547276344713685,0.01656035805850751
2022-05-24,0.013528811074704945,0.012683318504763693,0.013140741194587288,0.011968116367486325,0.01195975901147444,0.013381924660711208,0.011729618759426956,-0.0038672386806777176
2022-05-25,0.01320667551666152,0.012333365570536051,0.012156429011796083,0.01142523742195244,0.011817954132151063,0.011979315917117048,0.006615631629024104,0.005117554747845945
2022-05-26,0.012528353619717417,0.012023167382787575,0.011329232604964578,0.01082649306457185,0.01123722711934275,0.012838124452547292,0.006465439689384433,0.005580719296509926
2022-05-27,0.012569594821675141,0.0117367723992434,0.01063716944816783,0.010279694679876043,0.010693807100645259,0.014357372529002786,0.006536568219612254,0.0027194018237141457
2022-05-30,0.012539108880522941,0.011398702801076636,0.009891448395436295,0.009770991295031832,0.010200138183831396,0.011928470039016733,0.0059772982957562665,0.0019228748944476253
2022-05-31,0.012324091607557588,0.011061484840925192,0.009216373722852746,0.009304982110802433,0.009742745667748359,0.010619661396730979,0.007043130038094078,0.0009994871885063347
2022-06-01,0.012288480649326158,0.010727301550308729,0.008610753024260768,0.008879125393651262,0.009319393999455272,0.009194553155314047,0.01112090763109842,-0.00986752344540669
2022-06-06,0.012480480986370562,0.010677667337715656,0.008876865657988408,0.009392793873534502,0.010077008765042776,0.01146168088385595,0.011676746650699012,0.009933244171775775
2022-06-07,0.012494938612915972,0.010634471560683756,0.009021037665677675,0.008998455568289602,0.00959015928952665,0.011129218236157258,0.005805010338973156,-0.0012231130405408529
2022-06-08,0.012501226345882055,0.010314854656420932,0.008453648259575957,0.008614224309554455,0.009309927646441033,0.010896004058178442,0.008236814631647747,-0.0007767297436958476
2022-06-09,0.011953893316317295,0.01000243228088987,0.007952383294156672,0.008256912417044706,0.008997901890889308,0.009933849300378921,0.008066398943729748,-0.01550212872167277
2022-06-10,0.011234114810096145,0.010414638358385719,0.009440991461835796,0.010130345706720646,0.010510187879636292,0.010729930241458269,0.01517746252063882,-0.021455901925520108
2022-06-13,0.01229927020912737,0.011383240059581187,0.011548408051168736,0.012725828081916458,0.012633758215819921,0.011196828789443863,0.013844419212270302,-0.015382482292073485
2022-06-14,0.01233638609915778,0.01166193426009459,0.012005314069855192,0.013472890724805979,0.013778321236560857,0.010528272470370635,0.018027887539949647,-0.0025428511683616172
2022-06-15,0.011874645858554573,0.011323808262657407,0.011227472207829818,0.012836587662170112,0.01341342601197661,0.013331035049263239,0.013487475877879096,0.01188045147418105
2022-06-16,0.010741495887092209,0.011357976192486262,0.011201088785883405,0.012220262697093783,0.012716453841892388,0.010772260170233184,0.01606296603052253,-0.031905712247006245
2022-06-17,0.012540588270788376,0.013503402320788104,0.015098876590694912,0.01691285432174003,0.015948965169731773,0.011977237761148672,0.017597890156563083,-0.00408213178784948
2022-06-20,0.012334597728757208,0.013130163356898645,0.014063616156351441,0.01608880853896419,0.015603221797461002,0.01445483722195587,0.008818755377562552,0.014924488899046776
2022-06-21,0.012821562199940404,0.013244679706432295,0.013961493198400671,0.015258930163543178,0.014739669980906464,0.014600527024200819,0.009311048676826443,0.004245517414531696
2022-06-22,0.012323984874990637,0.012883233801396535,0.013026093251087762,0.014467496069233022,0.014019051368771455,0.01315726631636847,0.014702810319898058,-0.008833520677525108
2022-06-23,0.012068285958223247,0.012676786487283568,0.012493839543647009,0.014141431987141032,0.01431789753510979,0.0115827428596603,0.011055105497555838,-0.009738058626287713
2022-06-24,0.011393949024698098,0.012519930025925293,0.012110213279555073,0.013935793793895077,0.014696621540909026,0.012124587367163155,0.013897981161604664,0.02646806136613063
2022-06-27,0.013103927083935247,0.013761439798643789,0.014353897900780944,0.013294038952788354,0.013800037309947524,0.012521715732599688,0.008219054899479494,0.006843139698718222
2022-06-28,0.013154697491147919,0.013447092825884922,0.01349694749229127,0.012637043957469443,0.013119133432400272,0.011619607254035026,0.01136697184873463,0.008929059372278057
2022-06-29,0.013267224763693002,0.013219626818345055,0.012874681407971782,0.012028580417933253,0.012464620317150697,0.012890938515251619,0.010663170467640327,-0.0015168392530922209
2022-06-30,0.01323130076895998,0.012822287990156538,0.01198742970371597,0.01146932194240604,0.012075306896260718,0.012823983179650857,0.020964133620189517,-0.01974984092085055
2022-07-01,0.013765222096898844,0.013339781787131903,0.013063169124821068,0.013315971318739274,0.013791188566713098,0.01197281964077471,0.01515523881423705,-8.369368117602532e-05
2022-07-04,0.013752380170470912,0.012933414542128246,0.012143376321543269,0.012653092280074947,0.013168621435851725,0.011057015943206796,0.00927195873136117,0.008888083286658641
2022-07-05,0.013880934026110243,0.012727006737094829,0.011683623932421217,0.012043438684035505,0.012511317250667627,0.010430176285318843,0.0216258784427508,-0.029066023376968862
2022-07-06,0.014792307541680339,0.01424598614887449,0.014739506260489244,0.016018984910786647,0.015383741940474737,0.014199532387184867,0.021154709080424848,0.011646385522212388
2022-07-07,0.01516602134310016,0.014103529055403413,0.014194874848140658,0.015186887824961715,0.014561085198917769,0.015260095342906623,0.010317992088320046,0.011373217459011663
2022-07-08,0.015490626959765027,0.013954782851402949,0.013694717238944562,0.014409444339044026,0.013794501311091525,0.014287191352680384,0.010828968211612111,0.0009871188750350476
2022-07-11,0.015219627169050546,0.013531824370144193,0.012716653275093283,0.013672940432193574,0.013161426714673675,0.014125945215155556,0.014274524319896266,5.558334724363895e-05
2022-07-12,0.014540556157598727,0.01311959755129219,0.011998232174476051,0.01307213849534904,0.012628458946780212,0.013514415459692479,0.00968237110250695,0.001846389307392757
2022-07-13,0.014157233946277707,0.012727959723453988,0.011240561625873013,0.012472765769551707,0.01207599559489752,0.010215692477163628,0.01267953499039864,-0.007448020341622806
2022-07-14,0.014241966787660742,0.012474344937475014,0.010844154305583885,0.012230328278406366,0.01235062752280933,0.012905921528023062,0.014915699018346237,-0.016427300558034572
2022-07-15,0.014379732676778523,0.012746140472292082,0.011586359835754822,0.013195262262815205,0.013624229633491374,0.013981738967937401,0.010286635544111048,0.016790545738551904
2022-07-18,0.01311098150813688,0.01302426952634743,0.012167219544932474,0.012600601691950262,0.012885355072436622,0.010933371388672977,0.012491816417583061,0.008927761597084383
2022-07-19,0.013177725045921913,0.012815459278594283,0.011741949343174645,0.012034836159900369,0.012257680345258044,0.014273052660425533,0.01563598005017419,0.010069302336611533
2022-07-20,0.012969223124621647,0.012667489400145367,0.01147015218853926,0.011506748853032118,0.011658416180750761,0.012997023604168536,0.011749821467454433,-0.004395430342083615
2022-07-21,0.01300322232227571,0.01232868845068907,0.010857583753631947,0.011128735178982403,0.011630060583497824,0.010818446071546748,0.009834468697740963,0.0008531249657430978
2022-07-22,0.012817067243033105,0.011954933488386093,0.010195446414926401,0.010655207088462088,0.011145852654196702,0.011471992467490703,0.008021081297732064,0.000811169434520558
2022-07-25,0.012571201536175969,0.011592441001796005,0.00959654459401895,0.010213441438528535,0.010690491178521175,0.011770294804160135,0.008077168915377164,0.004100755264846438
2022-07-26,0.011245892870824593,0.011284085195612617,0.009145156622740219,0.009802732198952035,0.01023375995313574,0.011214759763645296,0.008374934896373106,0.0
2022-07-27,0.011155938470494568,0.010940326502428216,0.008648559189740229,0.009419515666067288,0.009837904504731479,0.010393170296438032,0.005989790896028751,0.005718395602389237
2022-07-28,0.011053496780890739,0.010699126237075375,0.008402543309167928,0.009065378386906188,0.009416037630121077,0.008741892974080734,0.011340646219699638,-0.000394732369776408
2022-07-29,0.011047691141306003,0.010373638364686093,0.007984942076722307,0.008735709765888442,0.00909869393010326,0.00852885051427038,0.008653925425032478,0.010576520348970381
2022-08-01,0.010261667526094313,0.010385923045523734,0.008348778039829394,0.008436552942831447,0.008676845963694179,0.009033812846831243,0.007211052749455143,-0.0013479997727613006
2022-08-02,0.010276098898235763,0.010074938206278508,0.007951430523120388,0.008167146080627866,0.008498990548707173,0.00837124556505732,0.005983253962444608,-0.0005801990380334643
2022-08-03,0.010147168599303707,0.009769048823920098,0.007584085342918764,0.007905880279186244,0.008250901114239564,0.009716791749156725,0.00849437068398239,0.0049277101086607385
2022-08-04,0.0074354196459214565,0.009548046692574686,0.007418141767753711,0.0076638376384803334,0.007922381308021606,0.010004506274925861,0.009518100540910145,0.0003222817576137094
2022-08-05,0.007164907566480766,0.009257511319833676,0.007104975925203526,0.007439011067173275,0.007650278408379626,0.009651181768277482,0.006405816298414096,-0.001128440856454995
2022-08-08,0.006880698684612398,0.008979745409120948,0.0068423329080878415,0.007243922941099063,0.007504130006615052,0.009688363073403223,0.00816889903424575,0.005723070686825849
2022-08-09,0.006935908676208573,0.008818326952492482,0.006843067797128987,0.007055589051375435,0.007207793336898082,0.009401815398757913,0.0037240747035419213,0.0007748520821064277
2022-08-10,0.006928339090204059,0.008551791658567266,0.006440065952898522,0.006434393200712828,0.006515520779419804,0.0074830893902627215,0.006303311679466375,0.0025207911823253433
2022-08-11,0.0069296828117087535,0.008314229695428289,0.006276028413060316,0.006297421730800974,0.00628092073049413,0.006515799427682083,0.0052712508736213175,-0.005503253052985381
2022-08-12,0.006810143618276686,0.008172880652043846,0.0064002071809922375,0.006547553098358515,0.0067015057330990615,0.006840084214343885,0.005462034078248331,0.004677026993190268
2022-08-15,0.005353838802765825,0.00800629092358636,0.006378864813624817,0.0064078968750683205,0.006451353975842408,0.007339418089314387,0.009609018341324651,0.001105922125229425
2022-08-16,0.004333749288828019,0.00776711249543481,0.006180732947251273,0.006270580615004,0.006223590468451747,0.0073782122253279025,0.006230313203983622,0.003575871357016922
2022-08-17,0.00407239735028011,0.0075812641217313645,0.006112326884056119,0.0061556625826224435,0.006003280435459138,0.00676442890457776,0.006274395797577926,-0.0026973355268000566
2022-08-18,0.0037508197659008088,0.007379943690780603,0.006029905302919381,0.006139124693450864,0.006103941354975767,0.006922282427543851,0.005396447530356908,0.003466668367504549
2022-08-19,0.0035279870036357165,0.007205332894499898,0.005977943179757223,0.006038443388121937,0.005890608865093781,0.007481837175224187,0.008262131528100208,0.0011264023241944943
2022-08-22,0.003524877316411726,0.006991275972602253,0.005836555614904227,0.005942092596212015,0.005694380488800398,0.006986918018230661,0.007285999763670653,-0.00220097939583066
2022-08-23,0.003626886872115578,0.006799700137479057,0.0057694989258788585,0.005920360961967296,0.005754781895337766,0.007910120923938445,0.006716502338099875,-0.0060844688071827555
2022-08-24,0.003950139000290796,0.006758920940652401,0.006058120822780783,0.006318054430461916,0.006281638582931657,0.008653693197464373,0.00980222654260103,-0.0022193115876617867
2022-08-25,0.004012216770029945,0.006575526760682977,0.005958221050743905,0.00625181091742093,0.006310423595881683,0.010136299726438086,0.008429075867510067,0.0010969020308981203
2022-08-26,0.003868364033110925,0.006380869117412908,0.005819149838451234,0.006131553741233756,0.006090721665216242,0.009335434181623649,0.012590115071745206,-0.007030283198739696
2022-08-30,0.004228867437634953,0.006421686239860171,0.006222283218115184,0.00664108525879473,0.006714671030307091,0.011342760283132526,0.015766538642706378,-0.008885100612402119
2022-08-31,0.004045303711611599,0.006595488737536241,0.00681207537614056,0.007379806445602449,0.007531872341210487,0.011022751047758312,0.012084944475590253,-0.010569681489687779
2022-09-01,0.00461410395649639,0.006898806664442501,0.007539124202317926,0.008288246964136407,0.008505196682070264,0.01181081787367201,0.012635063914506599,-0.018805074442297575
2022-09-02,0.006052935128292953,0.008121315834061381,0.00974223917843473,0.010931143182541774,0.01051243391946524,0.011551628204477742,0.010297293883010337,0.018393139302524886
2022-09-05,0.007362304282725429,0.009071762729927779,0.011080006709385169,0.010506683453404546,0.009990549238577916,0.009552167704600219,0.012836865316223155,0.0008511456659251147
2022-09-06,0.007368185064406777,0.008797870948308898,0.010332060514960544,0.009990313371038555,0.00954243350285961,0.010716127127466292,0.008756225390223906,0.0017823117181966549
2022-09-07,0.0073937455629481215,0.008541017464761508,0.009675035703536304,0.009517936752364857,0.009121987123201196,0.009912776556046403,0.013170098066994334,-0.00861184835647239
2022-09-08,0.007413399643086051,0.008545283874761096,0.009575562808768569,0.009708955711086103,0.009728326755111918,0.01091750548904561,0.01255870856534205,0.0033517503912873486
2022-09-09,0.007475440880299041,0.008325540087667982,0.009097326607287643,0.009346073704436946,0.009352438083733582,0.011225628957047378,0.012630260665677724,0.01218091868222755
2022-09-12,0.008010705419804502,0.008605709005239893,0.009550262728653941,0.008973537317800375,0.008919544632974475,0.01134468283003766,0.009908705459425122,0.016446563057382426
2022-09-13,0.008788023665213142,0.009265209118952598,0.010671944453186508,0.008721942610721633,0.00852141461148181,0.009805353735608296,0.013168304605646504,-0.011723747737516586
2022-09-14,0.009079743306093065,0.00943081277926895,0.010803484457883294,0.009662535201300934,0.009631870046627057,0.012862107316126605,0.010902067286901919,-0.014812862915591802
2022-09-15,0.009569592119894863,0.009837127139685249,0.011399393368427222,0.011077297738167926,0.011073192739167731,0.01122635233071529,0.009203613510243926,0.0006593678549811883
2022-09-16,0.009513336954047763,0.009538816074266402,0.010547718788633732,0.010447576364805346,0.01050219445062428,0.010982568711735897,0.006051769910588627,-0.006253980766272667
2022-09-20,0.0095647593210236,0.009374241723907946,0.010067825046979405,0.010216066375184936,0.010723669045332682,0.010352535702354315,0.019843773680687512,-0.006098678583652373
2022-09-21,0.009529002826249314,0.009210616496867255,0.009642334433380712,0.00999628458870093,0.010907909231916918,0.011515339269944035,0.01045887041145407,0.006223036929294018
2022-09-22,0.009683154650633647,0.009059188716139147,0.009250990545934895,0.009489581655369471,0.010354247892871381,0.012509505997520065,0.008596578106831428,-0.010849513597471001
2022-09-23,0.009873513419330408,0.00917646352910793,0.009530348976686049,0.01009294495733138,0.011184123290788573,0.01189202640381911,0.019082003177599137,-0.019876378182480888
2022-09-26,0.010563572041815404,0.01014195535910927,0.011487863282012931,0.012692864461460436,0.013193658826391362,0.01216802150232563,0.01825879965074517,0.000341890085668643
2022-09-27,0.010588802249807289,0.009833347157790984,0.010625165650430266,0.01192028598262073,0.012455425319401003,0.014744520281897757,0.0113545991613318,-0.005197932534998535
2022-09-28,0.010557224038458756,0.009618427288512485,0.010053059499749217,0.011423536525623824,0.01238768206675823,0.011327020680664013,0.02407800964646695,0.002973554728545893
2022-09-29,0.010604244376260669,0.009353812942194055,0.009407371929382225,0.010767264888840443,0.01171618444286716,0.017294053858597086,0.019193455637138254,-0.017830097181324327
2022-09-30,0.011032535658505272,0.01006573045008815,0.010947050216774787,0.012629688455790895,0.013376438374705122,0.01570610894576292,0.015852396736197597,0.0017712738925477814
2022-10-03,0.010949318792531812,0.009768727573043848,0.010160785952379266,0.011864094876038235,0.012624610354966925,0.015837961400220715,0.017530448154719006,0.0021735043984685604
2022-10-04,0.010339114327722356,0.009486084723149801,0.009475966745248487,0.011166365962332812,0.011933599683672047,0.014947637584243596,0.012087203021020074,0.025395604286471925
2022-10-05,0.011101769222370345,0.011103281415725435,0.012698271900365116,0.010874632695538101,0.011316863544970518,0.014550592433677319,0.014198624952729331,-0.004795222462316925
2022-10-06,0.011115668939983546,0.010828921285740915,0.0118419021782628,0.010456587607335754,0.011291609477534673,0.012883107858986366,0.014743628629259847,-0.007871982799796019
2022-10-07,0.011170054596652195,0.010674628369738377,0.011324653835424909,0.010419358575209347,0.011654071412811497,0.013045170378159972,0.008450661020411972,-0.0008864488298864945
2022-10-10,0.011068833902938743,0.010351713716761222,0.010487793041492926,0.009855914946634773,0.011131028486549042,0.011925662894716813,0.009759843805822593,-0.004559016957114539
2022-10-11,0.01102457347160948,0.010098295717509512,0.009948665283946188,0.00954877906895291,0.011078004501688374,0.010113375792688863,0.010354760784786407,-0.010704714160495397
2022-10-12,0.010675371514593406,0.010135704027340642,0.0100698515980007,0.01011634251659061,0.011831507729446564,0.010880703176208139,0.015579895999793448,-0.008606030623624968
2022-10-13,0.009738417545407782,0.010050491139628184,0.009906140931416386,0.010234824878262274,0.012242249115466874,0.011746042704765643,0.023099735222831225,0.00352429714398289
2022-10-14,0.009726518392872282,0.009782477704570816,0.009323558004993912,0.009693131857873186,0.01157247053024449,0.01191168217952696,0.017404529123480058,0.0012400523869875446
2022-10-17,0.009426136653347508,0.009489326721814777,0.008740104986419665,0.00919609565533761,0.010951929411970455,0.013687341672515037,0.013158531557338708,0.008912171623475962
2022-10-18,0.009745105047535334,0.009455690906439598,0.008786208516089493,0.008796125621071176,0.010395822319524446,0.013131426002175053,0.013192035487839326,0.0023814861618803524
2022-10-19,0.009757746796817625,0.009186172960890226,0.008294778280819948,0.008389160988032024,0.009869733565532324,0.01329946762619892,0.010618457069152064,-0.0016881050345132003
2022-10-20,0.009712843768867004,0.008915918862562634,0.007855575332721415,0.00804874344371033,0.009569187615533251,0.013156118083225848,0.007865277934197326,0.002725524259293483
2022-10-21,0.009597584588976287,0.008670046226131206,0.0074961551327687335,0.007719493165801874,0.009106556907808337,0.010153347584323728,0.01517983195684409,0.003708605906533461
2022-10-24,0.009448965115865977,0.008454865163659049,0.007237475711700147,0.007429970296720504,0.008680265317120376,0.012057335876782451,0.017386789900018115,0.006335969478756988
2022-10-25,0.008558878609498027,0.008342920998886446,0.007242547699466009,0.0071924809536455725,0.008290427309837728,0.012897396537921395,0.010405203609679496,-7.128854039735269e-05
2022-10-26,0.008558452915632129,0.008088780864221773,0.006908880558615438,0.0069500308516814826,0.00791561370633348,0.010560531819565481,0.012265849668913807,0.006055627762075592
2022-10-27,0.008572366505126529,0.007981410337327955,0.006941129436457035,0.006765275590153195,0.00757971814500109,0.011076585590857075,0.007696909121876812,0.0024911901233101233
2022-10-28,0.00856600885351968,0.007762286905820081,0.0066970863666797695,0.006576888610508429,0.007259940776575101,0.01008015295540459,0.009887516493207885,-0.0036823586017652454
2022-10-31,0.0075517320693426525,0.0075796766435046285,0.006584669906397434,0.006585199148919117,0.007400049535575131,0.010963896339624257,0.012723472586260338,0.006618513504021694
2022-11-01,0.007645624197748862,0.007525469513529323,0.006740849488132718,0.006450494205437199,0.007101009069384696,0.012954577604194882,0.013060694413228649,0.012842684234148088
2022-11-02,0.00804593530912708,0.007945489425793597,0.007891855334894225,0.006437115538295979,0.006834967818724406,0.013132310621962682,0.008644060258245205,-0.0058756789627904885
2022-11-03,0.006144120026678523,0.007836732117336966,0.007782746394302543,0.006744579795749585,0.007292834820941254,0.01016514472510959,0.014099601710003476,0.006209596655182793
2022-11-04,0.006149462234095284,0.0077487452854878465,0.0076835462824629795,0.006585940335279425,0.007000275783224651,0.011835229646754625,0.01790984745538325,0.020133706801101076
2022-11-07,0.007111340622304649,0.008986792490236444,0.010188810954297349,0.006752446259478919,0.006755919292904946,0.014456003355774924,0.006549902047182285,-0.004755796538527018
2022-11-08,0.0072453471023499316,0.008790548842351533,0.009662499884015342,0.006853001030117857,0.00707118418192006,0.010474836925518266,0.009001282464387058,0.000835267505309517
2022-11-09,0.007093011168725421,0.008525208755280268,0.00902832856420364,0.006694829433427923,0.00688582914224759,0.010816526570315777,0.0057061987028697485,-0.0013422453119110646
2022-11-10,0.00650342421543138,0.008272033039735864,0.008491389654374135,0.00654061169973369,0.006762774999685671,0.010036086831471723,0.017609012600669348,0.010769209016915467
2022-11-11,0.006176220029787893,0.008442718196460999,0.00883741892568232,0.00647848681399668,0.006539449733499885,0.014054076102502828,0.009962853012434662,-0.007799512767644175
2022-11-14,0.006665801105388521,0.008405513968635177,0.008788405401760435,0.00710725256645105,0.007264834934904829,0.010673548748589829,0.009850369542135643,0.009140930942435862
2022-11-15,0.006774984023502855,0.008451443798663558,0.008849488825150851,0.006947995971400271,0.007001346311805786,0.010774086052196239,0.00864312399099332,-0.0021417057784586238
2022-11-16,0.006764598750669158,0.008210755285815038,0.008358735426725538,0.006799593830045505,0.0069670533080266935,0.012220583779859054,0.006532436509145992,-0.0024727265564541945
2022-11-17,0.00686874053823873,0.007983631681077656,0.007943837523689799,0.006688969891932116,0.006975458505093199,0.013256483992730758,0.007726374031208885,-0.0006395558706741471
2022-11-18,0.006838505641667002,0.00774200324416512,0.0075276943516121245,0.006516937098847897,0.006762666538843221,0.007310237402004033,0.009360348488969382,0.00529460916465347
2022-11-21,0.006859797572966051,0.007617366378945508,0.007381065913275296,0.0063833754240579825,0.006516769931218929,0.00880720684228657,0.007644414391742205,-0.0011651223341573379
2022-11-22,0.006914575868105395,0.007390823020559833,0.007049314296593898,0.006260709140306377,0.006396867908243319,0.007533596833379045,0.006854444023441626,0.010236304543524888
2022-11-23,0.007067701839197448,0.007591687880071877,0.0076277680374742885,0.006226126309999937,0.006195136914669288,0.008934547645114704,0.005652259467740692,0.0016624216189525661
2022-11-24,0.007041463457624217,0.007371670103489037,0.0072627783690445355,0.006105968952616003,0.005970892570791192,0.00921077741003106,0.0057126487923648,0.0001875192547587297
2022-11-25,0.007029405576463034,0.007147246932634127,0.006928491447834959,0.005998154729979774,0.005754673703631515,0.007799434185444355,0.00392299268667448,0.0026883714104304368
2022-11-28,0.007029254604449187,0.006960732062327227,0.006696024075162545,0.0059103738445618215,0.005562162104429562,0.005984157418903505,0.009746602212259314,-0.0016977819287341488
2022-11-29,0.006952044457402626,0.006761481435421664,0.006476976430998227,0.005869847272153427,0.0055676186961984295,0.006700899775088442,0.007702081006765908,0.005071410842669541
2022-11-30,0.006917630616899049,0.006672160505081354,0.006483569494693563,0.005815741835400426,0.005396393759014961,0.006634907299964923,0.008705056950555084,0.008100752945090684
2022-12-01,0.0066427149304894295,0.006766387082770032,0.006855588923311745,0.0058062779437653336,0.005248071044252468,0.006270810618759977,0.005761114121626297,-0.0019297370444271115
2022-12-02,0.0064469563072527235,0.006577262926801891,0.006622767515158834,0.005792304108020385,0.005301399630784564,0.0071543613970004895,0.007926313157282372,-0.0003043394864275433
2022-12-05,0.00642556732517585,0.006377328727858205,0.006379485129496676,0.005725531549040121,0.005154737706123053,0.007291409107891303,0.006241370889341315,0.0014943435935387936
2022-12-06,0.004972990793184834,0.006193874891173428,0.00618374355770048,0.005668078494763561,0.0049933618455124265,0.007982460115878288,0.0028139689899692602,-0.006110471066745817
2022-12-07,0.005065940897404381,0.006188902358004236,0.006417224149523588,0.006163407193260185,0.005607283812164132,0.0065494222405592115,0.009231944953157715,-0.004290308101130276
2022-12-08,0.005216886570330891,0.006091696501735228,0.006388225637907245,0.006284778362878473,0.005889457716768414,0.007594732045522909,0.004587234206100806,-0.002272515582248896
2022-12-09,0.005243246104906166,0.005932292972990449,0.0062377727087369215,0.0062255255824113535,0.005943519823838213,0.005959790850979087,0.008520719509018492,0.0005886760311282945
2022-12-12,0.004755865732356204,0.00575337868478391,0.0060462639086310745,0.006103387114353043,0.005727290790934991,0.007961319637579945,0.003390294782737737,-0.004101167744214678
2022-12-13,0.004488296758865673,0.005667844292591805,0.006079039522725284,0.006228638351227282,0.006026884600316715,0.006713248964364451,0.014539602823464459,0.0076126370221153055
2022-12-14,0.004357203299485856,0.005802941145263357,0.006461473868623565,0.006155685033505394,0.005829526702450787,0.010406007938370723,0.0054149172699536445,-0.0009334080737431684
2022-12-15,0.004324926004453246,0.005630803976093886,0.00625072215460509,0.006053575011985378,0.005721402982978527,0.009143471123249241,0.00753363168304147,-0.009341916607002789
2022-12-16,0.004817387048194713,0.005919449346492856,0.00694287409009013,0.007088990597623102,0.006749215474222463,0.008226791991913071,0.011941406742711543,-0.012752319064018029
2022-12-19,0.00561729555326963,0.0065341247479967874,0.008090085907305283,0.008649802599578853,0.008185479419759925,0.009275046545437326,0.006069715281840523,0.003974578850372317
2022-12-20,0.005561092249053304,0.006409441135645966,0.007766469947166074,0.008278439527586895,0.007829623022653224,0.010841909333905855,0.011292339009031408,0.0012625664354777636
2022-12-21,0.005564304518357887,0.0062218746348083635,0.007378222101034348,0.007934596863032418,0.007489700782718688,0.009594792836491426,0.008581957204036789,0.01704384171298196
2022-12-22,0.006337536760683474,0.007336114295267382,0.009214273530119336,0.007822384215612517,0.007227473045981056,0.01128619168821868,0.009274359889775886,-0.0037416691388644577
2022-12-23,0.00638825935614897,0.0071714338770371925,0.008757621931347699,0.007679423720872626,0.007375551885248122,0.009548439014708723,0.0042771662879249875,0.0004952383603090136
2022-12-28,0.006389000897233815,0.006954021259930472,0.008240443034595958,0.0073956042969682235,0.007064526213728003,0.007146414527967985,0.009025713712038051,0.0032330925545398913
2022-12-29,0.0064013811711343665,0.006788525630099982,0.00785675432959683,0.007149199278405671,0.006784033825596853,0.009219453679257299,0.010322867425873825,0.002065304300439043
2022-12-30,0.006402187234230651,0.006601133563858378,0.007476373719265423,0.006924818433440437,0.00651835232773697,0.008772880127611564,0.0037723321939690632,-0.008152727523104097
2023-01-03,0.0065524223421251785,0.006704363089226485,0.007712343047177903,0.007514753443907898,0.007307414660015191,0.00802479785108553,0.019415827911922458,0.013648267942207755
2023-01-04,0.007007604644967847,0.0073094519928370355,0.008729229077840083,0.007382126627782062,0.007046084160743312,0.011681969548254845,0.007318255733265051,0.0041085180618806874
2023-01-05,0.007053349830961516,0.007157876666256687,0.008328642400170744,0.007141919161164559,0.006769832327208769,0.008048974558769264,0.010553584725997125,0.006347475430743808
2023-01-06,0.007179316930951702,0.007111857220713532,0.008154924998504412,0.0069457414523772755,0.00651976696184142,0.009429162630835226,0.004255615209113652,0.008608935971470435
2023-01-09,0.0073940035070524926,0.007210452763439959,0.008260744311969593,0.006798149381400545,0.006293990334811431,0.010505011545518162,0.003663592551698347,0.0032934860298728646
2023-01-10,0.007236146248284263,0.007037187955732677,0.007877338641507959,0.006617983627052499,0.006064656793477866,0.010730242970245564,0.0037807307953327597,-0.003943089794433933
2023-01-11,0.007223188040582627,0.006890832380233077,0.0076258714712406075,0.006609048590045043,0.00625329341259644,0.006928846713637331,0.009057219518459496,0.003956034862039758
2023-01-12,0.007197517499777698,0.00675081990196013,0.007368115007983106,0.006453687043706858,0.006007043724532526,0.0067156403309734285,0.007239806481590616,0.008892384132708289
2023-01-13,0.007366196291640126,0.006898088497663497,0.007660128636881972,0.006342576532426953,0.0057681801334424805,0.006183267132651428,0.006861704706002713,0.006407449933973892
2023-01-16,0.007288977933216307,0.006869638440681178,0.007598370184681656,0.006228334193450116,0.005549098981123975,0.00676584623981184,0.0025610832332359948,0.0020376721560020085
2023-01-17,0.007193601851007336,0.006679037568112954,0.007254839868856285,0.006111439889791166,0.00535165366563845,0.007453379602233713,0.005419297304809108,-0.0011584167903749875
2023-01-18,0.007198691183598946,0.006481781084987499,0.006946871132046869,0.006025657708031341,0.005315748094951283,0.00784303180234261,0.004729204921941346,-0.0025890064647536644
2023-01-19,0.006796748658454727,0.006316237340391176,0.0067374814352614875,0.006026953201949985,0.0054722699248781394,0.005911210598406756,0.009188512514418283,-0.01070751018376669
2023-01-20,0.006578058719748331,0.006661847292746264,0.007553122672171865,0.007401554897252954,0.006828053318116453,0.0071827778816427835,0.004737703380506861,0.0030029859078612984
2023-01-23,0.006571490505335193,0.006500651679064746,0.007253078191085135,0.007158590231513031,0.006544832033115927,0.006019060999610587,0.005017305910162192,0.00181288742251297
2023-01-24,0.0065670837639859635,0.006318240068704101,0.006948536325235573,0.006938769657179172,0.006282937348747988,0.0069321266313757575,0.006648359440407065,-0.003513042391547008
2023-01-25,0.005793414872789931,0.00618590624908911,0.006795542106055719,0.006896133302262144,0.006498693762374559,0.009131595882568655,0.007640224452903701,-0.0016126642767908623
2023-01-26,0.005712892490502351,0.006010453486996365,0.006564229726987931,0.0067362920178925855,0.006446489628452439,0.008353220246055813,0.004957568819906389,0.002089514496865245
2023-01-27,0.0057063170199156835,0.005849784808191029,0.006363694353350205,0.006562225540394128,0.006190703314306946,0.00633452804096867,0.004329101405068362,0.0005281361425838705
2023-01-30,0.005702909964453019,0.005673052003209578,0.006159371194034036,0.006405724846670349,0.005954654812868158,0.006519436796482485,0.008673817523662577,0.0025337471192202173
2023-01-31,0.0057054388039823245,0.005535133273653165,0.006037132070998612,0.0062694229324764365,0.005730456635139785,0.007564154830243035,0.009351168951213854,-0.0016970293210469213
2023-02-01,0.005308420796257108,0.005382586074245895,0.005920277072119812,0.006186189855064782,0.005740818417186156,0.008312639800658519,0.006434414710941915,-0.0013648539407570596
2023-02-02,0.004629041521769567,0.005229308601779196,0.005808640678998601,0.006098794837657264,0.0057069372644529895,0.007705334904315327,0.00734493793633655,0.007586052951244139
2023-02-03,0.0047942650762970865,0.005399798172916111,0.006246165675552052,0.006020754988933005,0.005489666492017775,0.00742723685460516,0.008437008608884557,0.010380451943061485
2023-02-06,0.00507281604569086,0.0058201012055003835,0.007034307570633915,0.005974708522790511,0.005281129147852059,0.00918160846520091,0.008999897504478643,-0.008272754236837885
2023-02-07,0.005248629678763677,0.00599562099531968,0.007382730797601612,0.006807745184706292,0.006266434234207832,0.009501943755819591,0.0060360728265741286,0.003566564724278057
2023-02-08,0.005255343457140728,0.005878251941546478,0.007135780778477873,0.006629232058135508,0.006020005990647649,0.009065895206154919,0.008139416229098636,0.0026031926014399736
2023-02-09,0.0051496538688710495,0.005734737294611563,0.006911538120846248,0.006522774801774728,0.005750437052015448,0.009144512748103092,0.008686324200680768,0.0032918922639585263
2023-02-10,0.0051336758411673475,0.0056182001039983285,0.006713685948874948,0.0063784561362412095,0.005539931558078004,0.00935449711529625,0.006929416659905991,-0.0036343645365651375
2023-02-13,0.004910037344390794,0.00551931502988653,0.006605707644667448,0.006426598602758498,0.005813235019384526,0.008549608241258328,0.003902531759389775,0.00822488385971813
2023-02-14,0.005033145212125756,0.005717865945047556,0.006983053130762393,0.006326141266597739,0.005591661019421316,0.008057923505192051,0.005817918478062944,0.0007923781189985587
2023-02-15,0.0050229849981174935,0.005547073398884367,0.00668765269767508,0.006199682056882904,0.005394630447151328,0.007583254301703228,0.008751323033162709,0.005504129444606656
2023-02-16,0.0051182020941375,0.005544506141364899,0.006705632154485584,0.00610618805750144,0.005202822801747526,0.008270833634271953,0.008030954144392533,0.0018363183863860954
2023-02-17,0.005058896272307831,0.005394384057842552,0.006472718892949865,0.006008465208219263,0.005027900200990032,0.0074305274133165235,0.006509837168280683,-0.0010114317615170572
2023-02-20,0.004315960450307634,0.00523591408009985,0.006265904292987138,0.005935744047148453,0.004987305237785519,0.00758247848443171,0.002748843821791683,0.0012360555176716868
2023-02-21,0.004303517972330563,0.005085428052140998,0.006083951471519572,0.005858440818861151,0.004826027316996697,0.007796161225156419,0.006346959497951386,-0.004564761773542954
2023-02-22,0.004498751788862273,0.005055700423091183,0.006170823108153721,0.006095433794019368,0.00527657288128589,0.007450563243885812,0.010826780633878359,-0.005933989401996082
2023-02-23,0.004653044461905697,0.005112654317997826,0.006396905808242126,0.006488756014958484,0.005890241837488014,0.009218051350858498,0.005095891127863357,-0.0028917265057030557
2023-02-24,0.0046978176350367575,0.005007255241731586,0.006288450870122543,0.006455826178213914,0.0060405031749024875,0.006778400746726123,0.007731792548677964,-0.0036740526810117306
2023-02-27,0.004797703787198502,0.004937425294489883,0.006256056353780337,0.006496665939509142,0.00628507451898079,0.007323937280559246,0.006188783871678556,0.0071330406527289275
2023-02-28,0.00499711514287375,0.0050959095913838,0.006554191092536773,0.006378039633673765,0.006035036256149199,0.008377748709208528,0.007453907765940381,-0.007437705840740756
2023-03-01,0.0053110369869209095,0.005265867922778477,0.006902804164785828,0.006975111487866657,0.0068073328930211875,0.009679329236329215,0.00827176277597066,0.004888808561698497
2023-03-02,0.005365520942936032,0.005244008965525771,0.006824373430794773,0.006784905434276229,0.006526207658999295,0.009206873082332792,0.00798671206760313,0.0036698677284959305
2023-03-03,0.005373172301535839,0.005163112237533011,0.006664004755368397,0.00661111234263378,0.0062654553220519394,0.009635203349222682,0.006527998059406396,0.0003901555007928505
2023-03-06,0.005164886318082909,0.005006735221440143,0.006412192795364351,0.006450317006788085,0.006026432319762726,0.010459587600632871,0.005904035247011092,-0.0021792675959127605
2023-03-07,0.004702442391851153,0.0048834727559625484,0.006259879074527546,0.006373378919555788,0.006074020442979243,0.008631750246310311,0.005928176258343534,-0.00129974212741357
2023-03-08,0.004306075452951042,0.0047453943529069485,0.006094566189956831,0.006264060818164457,0.006004983149692348,0.00868249054561008,0.0065763379675774876,0.0013123527064283205
2023-03-09,0.004253598702799266,0.004612047017137755,0.005941095401167999,0.006145817725803589,0.005781317685709387,0.0073593667742449355,0.0063479787071446395,-0.00631252135697865
2023-03-10,0.004461829464020189,0.004731341731467999,0.006235941089178481,0.006558180259325278,0.006334805965560488,0.00745124167865849,0.015607884926524129,-0.016841533431503262
2023-03-13,0.0057025941832110245,0.006169334956427744,0.008633052057068295,0.009507814563453492,0.008530032360729406,0.009696476429164092,0.013559452159625828,-0.026124254835281295
2023-03-14,0.007908974562930231,0.008759318102355248,0.01250521467319686,0.014171877717483745,0.012001545382237609,0.010602478996364169,0.014464201176364249,0.011655834364432625
2023-03-15,0.00816342397389891,0.008959554837435773,0.01225243658209631,0.01334182776087126,0.011333561318924167,0.011090620422941014,0.020755053518341594,-0.03906621617810332
2023-03-16,0.011470479151922312,0.012923906541768854,0.018145835846317154,0.020583047640989952,0.016624420529314458,0.011519052629974108,0.014649507242702234,0.008878705518663104
2023-03-17,0.01162980996167122,0.01271753133998818,0.016882741548469093,0.019212476687606683,0.015580997479533626,0.011697486153487778,0.02454394809696427,-0.010118496139255773
2023-03-20,0.011641183746947755,0.012576744611694024,0.01590253229850931,0.018419064205312387,0.015893991613977244,0.01543611461870315,0.02760343956485544,0.009294945238443734
2023-03-21,0.011994417037087184,0.01240434581690015,0.014939244228948705,0.01722190873924714,0.014912222490695173,0.019902408297349832,0.01282810057901968,0.01771118779284984
2023-03-22,0.012843123224905209,0.012785026312782817,0.015094586928649947,0.016188521647440817,0.013997342965739037,0.018829080899308053,0.009566544177563275,0.004052180609338016
2023-03-23,0.012925637233723246,0.012435219901991187,0.013921016821624426,0.015150050248569967,0.013183715812067336,0.017911187589067668,0.00876447175937679,-0.008920571022712556
2023-03-24,0.012981404084689948,0.012252804071415676,0.013222210737991229,0.014670002209968032,0.013552359575119615,0.01808686211021334,0.01827869743113515,-0.012626718401768449
2023-03-27,0.013162614357150871,0.012275560118039585,0.013033219735133807,0.014725163292335457,0.014379780463630334,0.014293973565758329,0.008148420687203112,0.008912966588130625
2023-03-28,0.013420398463918709,0.012100184793753183,0.01241082861864394,0.013828110036433059,0.01352557248058326,0.01139178542109288,0.00752850110739337,0.0016715591511867025
2023-03-29,0.013276019465251185,0.011738707353033048,0.011465956574859944,0.012978783368250282,0.012754886799416944,0.01022965984812051,0.005506813629469766,0.010632318440238066
2023-03-30,0.01354231836269149,0.011675281025560825,0.011257374562064024,0.0122442832890182,0.012029328751710405,0.009563154775049836,0.006971174109172183,0.007389050194697359
2023-03-31,0.013616005357191156,0.011463391277063554,0.010743190851772746,0.011551055843848725,0.011367208513316547,0.007985546112152454,0.004634083382698708,0.0014817634381554042
2023-04-03,0.01358033492648984,0.01112009516910681,0.009982580627847437,0.010896535413427857,0.010767654981944158,0.008279896790823022,0.00694905496306815,0.005397047998229934
2023-04-04,0.013666412560073202,0.01086208143964613,0.009484534970593112,0.010312898762896028,0.01020647191155996,0.0087159105375988,0.010703087775148444,-0.0050302245540988725
2023-04-05,0.013685856513518502,0.010603014380509639,0.00906261296702141,0.009990333938933258,0.010316248846492078,0.008505570610592525,0.004555359167496649,0.0037130535422585003
2023-04-06,0.01373876282736438,0.010320159161202758,0.008582228698003791,0.009483016092429863,0.009792184761199368,0.008195660844525839,0.006684448275566875,0.010217882400907874
2023-04-11,0.013967666584890579,0.010314051156133111,0.008836840571011681,0.00907186708188935,0.009294600307379717,0.008637016848605048,0.00638526761162137,0.005680333165220667
2023-04-12,0.013990947629576676,0.010096179637284852,0.008317405528980306,0.008201153681519026,0.008595537006638095,0.008386740430020079,0.008327369079285602,0.0050094592443298315
2023-04-13,0.013525360227660784,0.009865219388714163,0.007987296327146023,0.007834744769437116,0.008164462841842192,0.009701220165682827,0.004121883802113972,0.0023742368283976166
2023-04-14,0.012075931809197719,0.00958234941980584,0.007535720883701951,0.007492629703921204,0.007759367580941023,0.008133835975469463,0.006701388232266331,0.00362704259468902
2023-04-17,0.011874518511589148,0.009332816373318368,0.007225936365784764,0.007201848393220938,0.007391686417345553,0.00849433657153166,0.005367879528680771,0.0009649936627560915
2023-04-18,0.007426601575443827,0.009051588067115307,0.0068517263373627305,0.006934347950154977,0.0070435012009331735,0.00827271962800804,0.00245687933156772,0.0037874754723730233
2023-04-19,0.007319360032802165,0.008824741920972486,0.006672224414012935,0.006718202370765457,0.00673285898601678,0.00761041660184133,0.004466976761291746,-0.0013410763513444768
2023-04-20,0.006755312243059877,0.008562208530529442,0.0064133156567128015,0.00654180044506475,0.006611420495087148,0.006136828338409923,0.0031998032071320383,0.00048097004990142923
2023-04-21,0.006651832362063457,0.008302205126132996,0.006166735488223743,0.006361555352553938,0.006321638584490547,0.006366113238762751,0.005871650920727214,0.001454159467711047
2023-04-24,0.005751980836880664,0.008057163777934372,0.005979161064089985,0.006208885473732352,0.006057096282837867,0.008811829553401426,0.005988896553601936,-0.0002401066590584482
2023-04-25,0.005763970138892117,0.007811931510724712,0.005810961009064349,0.006076188229028464,0.0058353236643793206,0.007969314520296759,0.005449450670105702,-0.0026703299359094237
2023-04-26,0.005308441408821252,0.007602140304582342,0.005784766006488676,0.006081932354653072,0.005970093598997568,0.008079426309771733,0.007196248204685539,-0.004890854976249043
2023-04-27,0.004403053801795221,0.007467276124655093,0.005995925335424773,0.006359405198902721,0.006422791967312983,0.007036578138131227,0.005524550186070902,-0.002677855746431885
2023-04-28,0.004323088672415081,0.007269446653112962,0.005934206045030941,0.006320638354473661,0.006513457979690879,0.007919010531813058,0.008699790294994724,0.004967467004124812
2023-05-02,0.0043610975441364845,0.0071522518880512065,0.006050219141963809,0.006203551146223769,0.00624756148485716,0.00772963176722241,0.011199135790314061,-0.012478108157023169
2023-05-03,0.005041708175133576,0.007578101057430299,0.007683282435220928,0.008263534154629158,0.007924323574249981,0.008825592345736245,0.005483199510130868,0.0019792570112463236
2023-05-04,0.004849353506125204,0.0073632198254175935,0.00726333103913799,0.007867524549002629,0.0075373190889336614,0.00826172264857005,0.00756809458046995,-0.011077513057125832
2023-05-05,0.005520019826648,0.0076371895064496695,0.008174838544691263,0.009014357835537392,0.008821420669712777,0.007620333895853077,0.005219628235015096,0.00979272731110701
2023-05-09,0.005793920978664617,0.007783374219152097,0.008497018068750526,0.008618508220873152,0.00838889260192696,0.007328090629049204,0.006888757171068308,-0.001840116330708209
2023-05-10,0.0056782200367432294,0.007559710382539279,0.007970345981879023,0.008218804790368807,0.008202735841951655,0.008159448282946378,0.005907109763627325,-0.0029409130281114683
2023-05-11,0.005693262827496466,0.007364727148383351,0.007582167297055615,0.007935536206058129,0.008185593963475558,0.007856322211656303,0.012901790053966439,-0.001383152903762025
2023-05-12,0.005246954256870121,0.007148401242882062,0.007177261932349636,0.007600803935179797,0.007953585393745322,0.00910860609626352,0.0047360493217562675,0.0030997364214513067
2023-05-15,0.005134618676932481,0.006972098956729734,0.0068971917294820585,0.0072595507875535216,0.007514637668618076,0.007421998039388156,0.004281685346030983,0.002974448990959363
2023-05-16,0.005050078781174657,0.006798852464841039,0.006654533049571187,0.006979045157294188,0.007141783114336933,0.0075849790896702005,0.0072778724646924385,-0.0034258958859004194
2023-05-17,0.005055831360079346,0.006644933175406381,0.006529041584995605,0.0069085451365551,0.007282531058388028,0.007480028368192444,0.0046958771464987665,-0.0036059828531474613
2023-05-18,0.005002152260596527,0.0065027698276589,0.006445024903364731,0.006869933232201107,0.007438292773423438,0.006747037253492471,0.006255835295661909,0.0024700151577015826
2023-05-19,0.005040961948232743,0.00633363347521601,0.006255976776569308,0.006642463583712283,0.007068913105063777,0.007362541510424876,0.005798393273335397,0.0018839687620471309
2023-05-22,0.004970278476940352,0.006158001178650129,0.006073599994705381,0.006445193271129556,0.006727776511591716,0.00745317029647445,0.0037534391797637732,0.0018160863832649729
2023-05-23,0.005004759851220036,0.005986953314530674,0.005923116799277586,0.0062779361753851175,0.006415153049338611,0.007378982783622659,0.006563480700268492,-0.0010299988035618296
2023-05-24,0.004996628603720458,0.005810047094737526,0.005789908050292197,0.006148362319522801,0.0062561158387214036,0.006508160445998175,0.01559503251977638,-0.01766116301232934
2023-05-25,0.006161499143723285,0.007102552297967829,0.009081764307640142,0.01019815828461595,0.009148718226641275,0.009002724498964889,0.004264836399156338,-0.007395743672083861
2023-05-26,0.006270205415813688,0.007120484229631866,0.008931376084365485,0.01012366861284938,0.00971927766139421,0.006997849860196915,0.008959987290866384,0.007408854729294146
2023-05-30,0.006601360120408519,0.007138114991267442,0.00874958845136646,0.009519319004750787,0.009170788270039532,0.007718206397201739,0.007915729038088008,-0.013875451172035713
2023-05-31,0.007096538778737433,0.0077102018912928874,0.009863517229731443,0.011020022856092165,0.010841923357161031,0.007701926272124755,0.004632621641363525,-0.010154948906499175
2023-06-01,0.007313983499432088,0.007878309441107475,0.009963115349009809,0.011284566958891082,0.01167236224521186,0.007171725315166653,0.004669169794464356,0.005918444741662116
2023-06-02,0.007364672099338546,0.007774662266649211,0.009428282735964149,0.010518033091181857,0.010919529107205651,0.007041440125962979,0.008969159411498694,0.015499462466306492
2023-06-05,0.007949800562829479,0.008439943789119577,0.010597624826989534,0.010061198626284318,0.010303705455811264,0.00700918136971882,0.007573071006298082,-0.0009600653055725133
2023-06-06,0.007920061305204987,0.00818620764561626,0.00971153275145387,0.00941246101330165,0.009777565592137325,0.0071431419786251735,0.00957191357499608,0.0036905499561816534
2023-06-07,0.007646932675505634,0.00798813904603955,0.009043869346438783,0.008849770390402694,0.009199936837649948,0.006938011948588684,0.004750025670890046,-0.0004982822478592073
2023-06-08,0.007277683648565615,0.007745749841406051,0.008374921631837862,0.00834395093016217,0.008714353495704921,0.006633742715735251,0.0057480615026438905,-0.0032317421716394523
2023-06-09,0.00729248734775605,0.007551390045358571,0.007922945967828504,0.008040168990373166,0.008678027510250213,0.008210535784011016,0.008535752721424464,-0.004920172699930992
2023-06-12,0.007331254204990601,0.0074198765544947485,0.0076984054250419645,0.007970190483606986,0.008904402747662547,0.0071018791222321066,0.0053618468957381425,0.001096933322618146
2023-06-13,0.00734665089568046,0.007198853364374122,0.007240850576781584,0.0075789581872190434,0.008393494789291338,0.007178518129069842,0.006334261120763361,0.0031782691354672443
2023-06-14,0.007348859256242705,0.007022831626765859,0.006968712799288717,0.007265687771485986,0.00799516490363721,0.00834199204821374,0.007555340223472816,0.0010396447720437245
2023-06-15,0.007308669565814096,0.006813648500586958,0.006642613244863367,0.006978542361239831,0.007574086107329632,0.007085698279315834,0.005317832533033658,0.0033615683943227508
2023-06-16,0.007349875645457742,0.006657196561643678,0.006486577750628608,0.006749917973722061,0.007198931646059778,0.007107461607631156,0.007300224857027622,0.0018859281341195326
2023-06-19,0.007341265614228788,0.00647090206944616,0.006274452774088679,0.006544537326814534,0.006850860574255617,0.007513323152232696,0.004770875411265923,-0.007117000469645465
2023-06-20,0.007444766097164681,0.006511476093630143,0.006739696290776389,0.007177179186481277,0.007628255677963539,0.006936468574318744,0.004738077169556873,-0.0025333505216565016
2023-06-21,0.007422900268179048,0.006343534783917913,0.006542240094906293,0.00700035286084243,0.0076016207463818555,0.006713371758008558,0.007096699842568642,-0.0013352284100278816
2023-06-22,0.007391390328477817,0.006158975372243879,0.0063180891077468,0.006778778113957402,0.0073987957259364166,0.007001955758670352,0.0111413892155515,-0.007595712826583541
2023-06-23,0.007516497835367768,0.006254493598876552,0.0068560477976162045,0.007456670989140859,0.008199497234676473,0.007674861282378508,0.0065825707331127695,-0.005359578183440244
2023-06-26,0.006631832853127888,0.006204439818867535,0.006913293952476973,0.007562997544477668,0.008555124162134768,0.008435403710955745,0.009638256781343746,-0.0011129363221771035
2023-06-27,0.006470659787245776,0.006021601671766852,0.006612277244605708,0.007248888208964572,0.008233055703533582,0.007163287116933659,0.008646255706387287,0.0010593292353074514
2023-06-28,0.006213925654620471,0.005843923014341174,0.006351390822810939,0.006964280963152696,0.0077906252520722995,0.007303506518356029,0.005780564666315538,0.00521321859742223
2023-06-29,0.005610196613085584,0.005808012475396742,0.006439848297962009,0.006762025377935724,0.007403242007835475,0.007317169656517831,0.004772580570039408,-0.00384713475922863
2023-06-30,0.005200944287277871,0.0057093830779552926,0.006413965920759384,0.006788440207721278,0.007598316549582422,0.006615106270534952,0.0076558765154493705,0.00797167493315348
2023-07-03,0.005332186001959225,0.005869760463373592,0.006900644525521432,0.006670129901936428,0.007238165768549933,0.006726597189028047,0.005997437170090958,-0.00055781338604722
2023-07-04,0.004030090873013884,0.005692583944919912,0.006587391228667116,0.006476217411394606,0.006953450782486911,0.007335422984220322,0.0035835206362403514,-0.0010101682257299056
2023-07-05,0.004030389545690908,0.005524708828745529,0.006343135359721702,0.006324838005742302,0.006759387331207781,0.007766683046753188,0.006495147942910926,-0.010373176466752215
2023-07-06,0.004445322232453575,0.005928509980129627,0.007440771195102173,0.007848998603450438,0.008116934835674574,0.00854510891852311,0.013207480871001466,-0.021953525913381233
2023-07-07,0.006342573237426838,0.007871202878289754,0.011282647394210728,0.012688007296990997,0.01155588213323279,0.008122557997542168,0.006131193152977243,-0.003246800766579532
2023-07-10,0.006342696899714547,0.007672743158688213,0.010372921157467473,0.011813533224435008,0.011249514926483219,0.0073381755772781625,0.008647578540767833,0.002326110596213143
2023-07-11,0.0063841665990663765,0.007460789217957699,0.009534817976102486,0.010947866909999706,0.010521295049442698,0.0071668390519244495,0.00598883528153763,0.0011953588529968803
2023-07-12,0.006386476166849285,0.007239427199492547,0.008792936026279181,0.010180148936901858,0.009861957223383483,0.008344243554512278,0.010510834444884997,0.018179102679332915
2023-07-13,0.00768391921040586,0.008312252057035513,0.010927219981390528,0.009898695847086018,0.009340723154054027,0.00840483135571775,0.005528052028065293,0.0032444176733381932
2023-07-14,0.007730025498159982,0.00809811687779658,0.010018459083092018,0.009246842303843605,0.008796492808380421,0.009096806172414183,0.0075615361087772795,-0.000752951335758402
2023-07-17,0.007665050967403127,0.00785358155820055,0.009180408171643435,0.008673591251393132,0.00838632277751928,0.007284110968494491,0.004358550403873475,-0.003800287573496191
2023-07-18,0.007650089114914813,0.007671020129833156,0.008620343544557558,0.008364620791837562,0.008475600391154789,0.00724648255065681,0.005695993471396789,0.006366062104941272
2023-07-19,0.007720183208150991,0.007599044785090118,0.008372561957969949,0.007967183543569662,0.008031831335346714,0.007548274337465375,0.015712483615303488,0.017883855732038306
2023-07-20,0.00871906066412841,0.008571504564410998,0.010572277894941012,0.008048962961853328,0.007694367521755952,0.009564443543366816,0.007077470191714273,0.007601304790825157
2023-07-21,0.008861467032461885,0.00851640999126021,0.010093402258452198,0.007725192173854374,0.007329857648292666,0.008686434366470704,0.0038804217909482997,0.002299181929632884
2023-07-24,0.008667956460285401,0.0082761500133586,0.009273300885166392,0.007368135733859421,0.0069683087774548725,0.008001554779133798,0.0062474036815694176,0.0019423430234620717
2023-07-25,0.008545022010116388,0.008038118018929938,0.008570922376619888,0.007062514214313496,0.006636572921632858,0.007452123669040734,0.0028803748485182255,0.0017175874726899913
2023-07-26,0.008526314720941626,0.007804592699984533,0.00797665415162198,0.006802923867876368,0.006332166209723189,0.008352796185558724,0.008924057861659758,-0.001939006509119426
2023-07-27,0.008559069024443125,0.0075817248667065995,0.0075106622264949985,0.0066401520578262645,0.006324382162580316,0.007812538926625033,0.005624187087715991,0.0020690066393026264
2023-07-28,0.008515596703964875,0.007368205083029359,0.007113484526601496,0.006450940125264679,0.00604831959660337,0.00882023812043776,0.004545027817596687,0.00019496851320287284
2023-07-31,0.008441036399228203,0.0071438995051801586,0.006748587669790036,0.006284911660970588,0.005784507810986978,0.007059789832446705,0.006826949503029244,0.0006626087537882386
2023-08-01,0.008306037130257776,0.006928168961085052,0.006453931997985377,0.006147723711376579,0.005544728024093013,0.007587806991444999,0.007237677118285622,-0.004308303715253465
2023-08-02,0.00838230559699522,0.006799503106721387,0.006479234970202779,0.00636432365154413,0.005983665766958575,0.006843762225352408,0.013993370493320353,-0.013751292019928038
2023-08-03,0.008966078828896936,0.007403048688307754,0.008420349960603602,0.00900842551934829,0.008134807037101044,0.00862426684113118,0.015425184336900587,-0.00429401354256585
2023-08-04,0.008699627179025815,0.007254180534477494,0.008039432204319989,0.008698650619965827,0.008326113997116831,0.012813596892851824,0.00968079519813895,0.004664237003094916
2023-08-07,0.007036451022527125,0.007125380938760189,0.007723139999319109,0.008225420439492107,0.007886861780193752,0.010212208700832255,0.007511737359378879,-0.0013096192732221935
2023-08-08,0.006979147617080766,0.006915757114701753,0.007276157972605132,0.007809841322467819,0.007644737628084215,0.009574562216410752,0.007968351639944363,-0.0035937155352969807
2023-08-09,0.007080481868887328,0.006762612081310973,0.007053537080544874,0.007620368837592826,0.007773890585583705,0.00966813892836909,0.006461843585895168,0.007926100232418864
2023-08-10,0.007210870169876336,0.00683800634148701,0.0073893445877580176,0.007372042856260375,0.007403969086491845,0.008529189947511399,0.005303526595255394,0.004116828889674653
2023-08-11,0.0062124748883003065,0.006705947188060397,0.0071482423624312915,0.007098034537188213,0.007059617372776018,0.007701892415028373,0.009300692265345863,-0.012468133093526807
2023-08-14,0.006875250820581844,0.007183230791084591,0.008488825235765395,0.009012303105344984,0.00874179717956078,0.006597814338906905,0.006590167418133623,-0.0022619326540637415
2023-08-15,0.006897230882640136,0.006986405132970589,0.007957459665758454,0.008545638018436887,0.008588022784759368,0.0072002229770061306,0.01195001309362919,-0.015788953740701304
2023-08-16,0.007715361630075011,0.007799918518461477,0.009846563390262261,0.010982456121114531,0.010673270277691948,0.007895575151727435,0.006794804868660849,-0.004434957935456521
2023-08-17,0.00762163658224925,0.007639930384127601,0.009230445761940632,0.010412931727622043,0.010654656750247888,0.007384339906181793,0.0041680561575820054,-0.006368015192269939
2023-08-18,0.0064199170674653595,0.0075696447173692364,0.008920733436871574,0.010153978078681236,0.010928259718854442,0.006924612221998499,0.011143243449549882,-0.006560280448472808
2023-08-21,0.0061223962287077025,0.007512908002373056,0.008696163388782647,0.00996510560296688,0.011202891917261036,0.008104834631988191,0.008533853091828103,-0.0006336001093495088
2023-08-22,0.006041522295363606,0.007285687778028091,0.008074817612818112,0.009315311626991014,0.01058436690795409,0.007326718613907192,0.006782571629304914,0.0017895741460920735
2023-08-23,0.006035879590041149,0.007077324787830151,0.007573411941711524,0.008747607736469981,0.009944680378870432,0.007640605792573366,0.008449256533840776,0.006812304894593058
2023-08-24,0.0063140187268293044,0.007061704076347492,0.007603762665593732,0.008304130022815543,0.009364072004586726,0.007437215149291984,0.008400838867137057,0.0017878960140291066
2023-08-25,0.006378374754599847,0.006860568411116348,0.0071841348522741445,0.007871659087273124,0.008838382159248877,0.007569712002300784,0.008092307018786995,0.0006815610738065363
2023-08-29,0.006339243469480986,0.006653662639331117,0.006814211764728181,0.007496293351243624,0.00836046807657144,0.007134121968381059,0.009318480063222688,0.01707734225191822
2023-08-30,0.00760767445915254,0.007688503757578452,0.009382215698246724,0.007547309659618858,0.007920500095455758,0.0071610794611841585,0.005626782573440032,0.001164760117491089
2023-08-31,0.007615401186877511,0.00745973890939609,0.00865212917587209,0.007219794200088413,0.007522783076186916,0.00838004815568297,0.006812272261292444,-0.004640317322767263
2023-09-01,0.007622046130525628,0.007321256382065508,0.008266403861507341,0.007271919350234825,0.007836406042002815,0.006533051703459126,0.00622728973723491,0.003408575725630193
2023-09-04,0.007139943933727298,0.007147156820712706,0.0078114515806526974,0.006999011988882371,0.007445282277526171,0.006280465334111451,0.009506152055985873,-0.001568648803622965
2023-09-05,0.007094360528450702,0.006940070541919225,0.007365503928356777,0.006790209023425615,0.007304684007692002,0.007311856873273839,0.011664201634493311,-0.0020012497697053677
2023-09-06,0.007000924443973986,0.006746480891372246,0.007019273838915725,0.006640207610810783,0.00723935363251596,0.0074953155654589,0.010021766194791183,-0.00158772907412105
2023-09-07,0.007002193498197224,0.006552507700824194,0.006717484617990905,0.0064901031063260665,0.007118955808434802,0.0077531577449412485,0.009672108235406995,0.0020984955036773127
2023-09-08,0.006999476807011532,0.0063736533277184105,0.006473801029500349,0.006329131322952933,0.0067881758929353156,0.007556722750005804,0.00921503686991159,0.004892803948557703
2023-09-11,0.006845524058202489,0.006294634315523112,0.006506602403080106,0.006224286832163834,0.006483499561482697,0.006822474808446244,0.010221368938672194,0.0024974804468699562
2023-09-12,0.006797626514842348,0.006133459090198721,0.006366327752346711,0.006142566016705126,0.006254528577615614,0.007277962553894509,0.0059365503241965226,0.0040733796105886415
2023-09-13,0.006315185737951096,0.006029735191000547,0.006343593473149616,0.0060617450247341265,0.00599466900232372,0.00881229473577789,0.006971229340454815,-0.00019928920250634926
2023-09-14,0.006293910001389015,0.005846248973174946,0.006143171693391263,0.005972879305419681,0.005784434997412943,0.0067652281833940845,0.012045661301290577,0.019357013651464996
2023-09-15,0.00652102827970176,0.00738982733784412,0.009672219466536802,0.00638549422897427,0.005536577525918268,0.008422758717726247,0.007990722285792224,0.004979047629016858
2023-09-18,0.006393843755667809,0.007267766514939822,0.009099049653295985,0.006274763672523727,0.005328980948173857,0.007133020533825927,0.007355365183644742,-0.007615092480515275
2023-09-19,0.006482970503929308,0.0072890728023492606,0.008982199741140224,0.007104699879808011,0.006338109347858766,0.007438585147529303,0.004929123699383781,0.0009534321010110123
2023-09-20,0.006176477040013419,0.007070876137024686,0.008324780590589612,0.006851897366805434,0.00607659793409861,0.0076110240887155645,0.006595377403695965,0.009290667728062226
2023-09-21,0.006299994781993999,0.0072233262694157635,0.008560915799085156,0.006739489400570221,0.005822307130364158,0.008408779122931124,0.006765687502173161,-0.006891521924516347
2023-09-22,0.0066588117329574184,0.007203848993207125,0.008458840275452545,0.007289839456781929,0.006658179470769957,0.007329335871422547,0.011732127639656222,0.0006899918906780794
2023-09-25,0.006598856872983547,0.0069864353733837346,0.007882903456501224,0.007009110484755031,0.0063720446322767035,0.008565752576243304,0.01125160774898063,-0.007826064414546054
2023-09-26,0.0069602725727088924,0.0070396377411140205,0.008069445397563832,0.007693636307338713,0.007310119505619681,0.007509460812207915,0.007951754192499452,0.0002229552065996296
2023-09-27,0.0069648374885010285,0.006825400508101989,0.007556051991801102,0.007354170083715078,0.006972086216241739,0.007944997663674033,0.007810762161805078,-0.004271011624251
2023-09-28,0.006136399232310139,0.006699658124703691,0.007354241768170938,0.007338562090533919,0.0072834120798542,0.009302253115243419,0.010261267006811587,0.0011451061132429783
2023-09-29,0.006136344053381626,0.006501612871378061,0.006972920672470878,0.007051662273631326,0.006946166393866105,0.008352909565450425,0.009029300898298603,0.0008152531680995417
2023-10-02,0.006008211731103525,0.006306709918586594,0.0066548959187770085,0.006806509929469347,0.006636860991663287,0.007961125498358779,0.013870111304250735,-0.01288479872864905
2023-10-03,0.006702939935114622,0.006881075271644279,0.00825852201917176,0.00893525948927165,0.008440975746471718,0.012120235099503163,0.00899768298656324,-0.005406897938914592
2023-10-04,0.006807774744907242,0.00680164081672229,0.008035936630565885,0.008796814221255405,0.00879132886430338,0.008109844841060681,0.011974828543638428,-0.007754008224184872
2023-10-05,0.007009769295675293,0.006862511008673436,0.00817502767703198,0.00906235331103244,0.009471987196330555,0.010561313983817515,0.00912131924102919,0.005247590082866641
2023-10-06,0.007098435268717004,0.006776477403797807,0.007898065760413396,0.008563831068327688,0.008938306884594084,0.009471430756617024,0.00800726483291447,0.005767406811071138
2023-10-09,0.0071929856843997875,0.006720207297650476,0.007731413654005585,0.00813771466655547,0.008452000573933928,0.0088249837944921,0.008584829719673002,-0.00032028185076423267
2023-10-10,0.007117466622387092,0.006515955017019897,0.007278946204212908,0.007737552021537823,0.008057550547425458,0.008085744597270223,0.010409841381635363,0.017989427219887062
2023-10-11,0.008112831022909453,0.00770242683177023,0.00985189888717465,0.007764239503902228,0.0076719729935890435,0.008420522981201694,0.005352738171674213,-0.001075536888349601
2023-10-12,0.008087572141744864,0.007472425518447112,0.009101311471436127,0.007461856715226728,0.007464815701844576,0.0075499914812432465,0.008034699863284398,0.003249308450798392
2023-10-13,0.008105914778344572,0.007288373952091166,0.008534858564218414,0.007198044877483931,0.007125324136736861,0.007178996041791765,0.007137220784053525,-0.005930063821105428
2023-10-16,0.007006632832316871,0.0072140911131571344,0.008332074253369065,0.007467339837929758,0.007672262456776455,0.007329144962938633,0.007644580308039517,0.004070864835765046
2023-10-17,0.0069741211394348255,0.007065043551476586,0.007951337705320933,0.007208115463853478,0.007313624274938467,0.006662087996657884,0.006610356316046103,0.005827872601649345
2023-10-18,0.006905150066317859,0.006996984772376494,0.00780367558039799,0.00700359505684208,0.00697916717993738,0.00809188804082234,0.00847734498727355,-0.01142629969289459
2023-10-19,0.0073464475830508635,0.0073385248947514655,0.008657987628468661,0.00857168308094938,0.008434327021453355,0.0071672304304575465,0.007466359894943397,-0.01173170041949067
2023-10-20,0.007384839583782834,0.007673374645942583,0.009329575432979886,0.009749636975028586,0.009772249640413806,0.007798721172971174,0.007591552660605853,-0.01307260791837079
2023-10-23,0.007727702366743192,0.008099470502250244,0.010080701142055153,0.010945169145114226,0.011175055365870627,0.0072830381598857265,0.007647912352821204,-0.0036949605208076537
2023-10-24,0.007717814872202566,0.007904713851040539,0.009406269424895305,0.010354814768041863,0.011015847014619034,0.007294837357906126,0.010290926364055576,0.002018355522808153
2023-10-25,0.007641988717548774,0.007679834408619057,0.008738131113773607,0.009702629041776234,0.010366731031278413,0.007492114800407889,0.007195964489455466,0.0033234291600402906
2023-10-26,0.007706343242948707,0.0074902453921142685,0.008237218628841463,0.009136050826433782,0.009774714487993457,0.007121111674066888,0.006359882350336603,-0.00808460009471523
2023-10-27,0.007822948244004837,0.00752723023385972,0.008382110676539222,0.009387509235807378,0.010393649994522724,0.008147469291457729,0.010902366576006808,-0.008644111205317965
2023-10-30,0.007946856676539405,0.007598873785352285,0.008579103635153443,0.009691160405512645,0.011033506057947855,0.007734279337781732,0.00817156119483827,0.00493888969349342
2023-10-31,0.008069547802846338,0.007466047664034903,0.00822270472460016,0.009135457278963212,0.010374756403655292,0.007504802538559626,0.008379448362479685,-0.0007782048436643225
2023-11-01,0.007659323858914941,0.007241111228607438,0.007728378164707415,0.008639392408022502,0.009888880528094801,0.007457650183843883,0.010212089294117136,0.0028232232116890414
2023-11-02,0.007644579704193944,0.007054495423043524,0.007377852968900866,0.008208525510865603,0.00934198815526418,0.00852373721188474,0.011431501157154484,0.014078358685353337
2023-11-03,0.00812419147616417,0.007659762550479313,0.008853244521738867,0.00799016661381319,0.008813346374943368,0.008716508079747753,0.010580962579823584,-0.0038750872618928483
2023-11-06,0.008085610343417992,0.007486829947793584,0.00839905487787581,0.007839775440557957,0.00890280068677337,0.008317113912580274,0.0057841280542276115,1.3481176907085208e-05
2023-11-07,0.007969351251635342,0.00725875169789379,0.007865730157966676,0.0075120728700232295,0.00845133603997408,0.00851710705994668,0.004257229046918362,-0.0010520779508037803
2023-11-08,0.007970169695948352,0.007042337660170057,0.007438897449776098,0.007245653278370295,0.008175147118191946,0.007544321815165561,0.0073728833539582145,-0.0011207357519754557
2023-11-09,0.0067477395319588745,0.006833316285245683,0.007118486721912931,0.007025460127285398,0.00789150474726841,0.00748212149408609,0.011080112166762721,0.007269136966276055
2023-11-10,0.007010572023909001,0.006860246344047748,0.007346862246455753,0.00687068423887619,0.007502080113820091,0.008084934543253694,0.01386552151444348,-0.012837389365097294
2023-11-13,0.007387437830335077,0.007357113228000916,0.008657195121712034,0.008930003740204126,0.009174132360047237,0.009510276826043643,0.00410358066807165,0.00881897183532909
2023-11-14,0.007671210583506235,0.007452915134401314,0.008746641759705309,0.008507134467984111,0.008667516119880567,0.00779269076891741,0.008855182155290449,0.001977627895439856
2023-11-15,0.00761402561552204,0.007242088654947699,0.00818750428257855,0.00808838717927652,0.008220457054602419,0.009647237063577318,0.010713807945879856,0.006216775786808316
2023-11-16,0.007632427995092766,0.007184697298561827,0.008038867865749762,0.007756995330956622,0.0078045600124970575,0.008669696462685228,0.006422354457736426,-0.01018944370555443
2023-11-17,0.007553796145228085,0.007399470828198708,0.008590927366710502,0.008795306014540682,0.008983567808264486,0.008104722869616282,0.007108493504164094,0.012510806613614018
2023-11-20,0.007702573014286742,0.007801170127135849,0.009341399540912516,0.008449334482030018,0.008487004569820695,0.008317901005271711,0.004160249179027745,-0.0010532842774485193
2023-11-21,0.007103510699362025,0.007567914144433258,0.00867142344899907,0.00804850878566974,0.00820039053866445,0.008821725233469566,0.006220551745887095,-0.0019227693794330732
2023-11-22,0.007060295404522697,0.0073524654064369,0.008140531474128047,0.007739496617698097,0.00806259477225764,0.007489395971174379,0.0065670836423777565,-0.0016720734257195118
2023-11-23,0.007071425377035459,0.007140236163611123,0.007692615834440838,0.0074647860054013575,0.007901297315696408,0.008476832181904315,0.005431593479118074,0.0018858971288916219
2023-11-24,0.007049768349216361,0.006938111457929844,0.0073157606047869715,0.007197199984017657,0.007521805527952927,0.007389035201620182,0.005686350361618728,0.000614488591184111
2023-11-27,0.00677381083772154,0.006728432428152909,0.006981092392694716,0.006967743474452269,0.007177234641024246,0.006939880700069943,0.0034352118226847798,-0.0036792046265940056
2023-11-28,0.006506995806416643,0.006585414760276495,0.006878960695582661,0.006977437451175318,0.007386760379635424,0.007524254331670456,0.007413817653257406,-0.0007374681044078442
2023-11-29,0.006456984888456733,0.006387351396570929,0.006636259470900439,0.006789162663031013,0.007151559653942947,0.007180069256665796,0.005142479084564375,-0.0042611314113952786
2023-11-30,0.006544320512954971,0.006280111212852108,0.00666421713564436,0.006902832913924569,0.00745094692896609,0.006782202726288283,0.013797768322514453,0.004073325387635869
2023-12-01,0.006570637856787415,0.006170002254282964,0.0066225132744325375,0.006734909583062453,0.0071053986974907056,0.00843827781762805,0.006736994627037553,0.01009138789663118
2023-12-04,0.006213140862563981,0.006472631515048722,0.007475787814149504,0.006673990020940197,0.006776483361111878,0.007691790065341949,0.007016896441159308,-0.0021805039751567365
2023-12-05,0.006163915826399573,0.006298137586697059,0.007172243045951883,0.006600495174658319,0.006799002325254271,0.00776223467848098,0.006225411161509814,-0.0030927584841002743
2023-12-06,0.006215944088497103,0.006153084928697696,0.006984221497897209,0.0066161943272859056,0.006953931381036604,0.007573491817882129,0.00649822031707264,0.0034121537650886697
2023-12-07,0.006237945224786406,0.006023901932333996,0.006822877622835678,0.006490568790892309,0.006650828821680017,0.008386353723970301,0.005492642209210383,-0.00022622778572899954
2023-12-08,0.006228133813809176,0.005840652494509219,0.0065887887924257595,0.006382840410942281,0.006355543165249298,0.00762281787497493,0.007838194845553412,0.0054153913154758315
2023-12-11,0.006143154450517557,0.005816013759775988,0.006706881228208988,0.00631834694097497,0.0061051838934460855,0.007316218941673569,0.008039402208310117,-0.0012715738762494756
2023-12-12,0.005341884029595077,0.005647430309267659,0.006513223346655428,0.006257423051057193,0.006040082758997656,0.00697993231996403,0.008218090044682129,-0.00027837245087859416
2023-12-13,0.0050522442633162,0.005475811394253586,0.006335355979773205,0.0061835883750378925,0.0058359983534685975,0.007071476348573313,0.005300631391661729,0.0007421544021728664
2023-12-14,0.005044353209798755,0.0053121076221506495,0.0061942657752353325,0.006122815690584702,0.0056192540848664365,0.0074565820377603224,0.01908960215528719,0.013239300066925508
2023-12-15,0.005628335067701627,0.006086223962497437,0.00792166583061988,0.006261620520578105,0.005440743750352416,0.011470444342073881,0.009531693622649932,-0.009536767539279555
2023-12-18,0.0055647845173848135,0.0063463840807402045,0.008386468843539623,0.007585573873883216,0.006802617421786602,0.008653287565406835,0.00822847108979037,0.005016171509159041
2023-12-19,0.005005289574560641,0.006274528989718213,0.008078700642490942,0.007319308570918567,0.006514449845566857,0.008607932746045325,0.0038221877439436167,0.0030814644937158676
2023-12-20,0.005014427825852211,0.0061300290868647024,0.0076861363417127,0.007079806652882003,0.006247058437060097,0.008031700574689864,0.01298947472371639,0.010121425235468128
2023-12-21,0.005353799005507906,0.006439659628993533,0.00824315913840478,0.00696778795648741,0.00601355641226248,0.010960256919672817,0.005417774808639903,-0.0027254338627135293
2023-12-22,0.00538947191662356,0.006279071790754849,0.007824504693510322,0.0068842495717320795,0.006173674343974094,0.007428285922904282,0.004813340516346999,0.00036382064043933204
2023-12-27,0.005393048439473474,0.006088438217453693,0.007395451308285007,0.006704662404257896,0.0059294626079232915,0.007832158787063318,0.007091042747211357,0.0035662219672907905
2023-12-28,0.005411573379745178,0.005967244881793012,0.0071645500015860035,0.00656770660934558,0.005710190137463997,0.00694942208997868,0.004610868990509042,-0.0002977789595857028
2023-12-29,0.005299452649523197,0.005785918347942193,0.0068595063582580695,0.006440888033822736,0.00553489499179963,0.00788901090493051,0.0032568908153499747,0.00135870465198641
2024-01-02,0.005272032682684405,0.005619519976046944,0.006625154124911636,0.006336994374673273,0.005342479298411327,0.007870056178274958,0.009247982596321118,-0.0015141027952913567
2024-01-03,0.005148224303603191,0.005460935351384573,0.006457171059695161,0.006283650776293614,0.0053739782349491215,0.006486612299588268,0.010910276040040556,-0.005089664189605524
2024-01-04,0.005337345947251991,0.005439373760926786,0.00661910382669192,0.006625252690322005,0.005964259981077035,0.006805682782904254,0.004218537808092492,0.005296856348123535
2024-01-05,0.005043108548535842,0.005430928182802151,0.006716218830355403,0.0065174501198118516,0.0057451910659032015,0.007612450647685358,0.009292958363854636,-0.004347071279423889
2024-01-08,0.005137211850404887,0.005372066994523888,0.006734005411786077,0.006697126812336837,0.0061815726682638095,0.0075563728843181365,0.007233588485645945,0.0005980317135031725
2024-01-09,0.005048742050939304,0.005210471771524635,0.006510910125750411,0.006548483077995533,0.005937123706447325,0.006721833591068446,0.0051508201882591795,-0.0013265533672057752
2024-01-10,0.0050546752587801985,0.005062179347584048,0.006359033107184355,0.006449796154160082,0.005893769845755039,0.00810308925059672,0.0028971711169700188,-0.004199330627538065
2024-01-11,0.005177940329672709,0.0050145969753752715,0.006439131497549183,0.006628422914158162,0.006293357830482686,0.008432981467109416,0.012125778812562887,-0.009876364065267563
2024-01-12,0.00556698652513356,0.005430466451871217,0.007380336288113918,0.007908670758965017,0.0075973991467215805,0.007542564742780567,0.008302102032241031,0.006354657439873188
2024-01-15,0.00571708146644666,0.005490306749398705,0.007420729710522348,0.007609255038295137,0.007246186926089894,0.006856306115841772,0.006707075408742019,-0.003942238249266848
2024-01-16,0.005797436165985948,0.005409929265266076,0.007251197167171761,0.007533867104658278,0.007480396654986283,0.007791872510589799,0.005798578379957277,-0.0048306722240746315
2024-01-17,0.005904085173473021,0.005376933905494671,0.007200632295449162,0.007579676037145104,0.007828194493287177,0.007654329371851953,0.015206455694691826,-0.014929032452496712
2024-01-18,0.005960259892813869,0.00636783273403728,0.009024079871534231,0.010000922991291215,0.00984205092237515,0.011381841903684834,0.005608874211173983,0.0017174987784903107
2024-01-19,0.005680006344172927,0.006188160003442303,0.008421638230592698,0.009384101161714604,0.009270902251789018,0.0073921023374498,0.008965296851965,0.00037530997022534467
2024-01-22,0.005533110473550878,0.0060003480089854695,0.007898925465686393,0.008845683194415645,0.008752284367960644,0.008176207491464993,0.005351479476339268,0.003451600793883967
2024-01-23,0.005547213095970287,0.0058786680921463965,0.007566679512130683,0.008388919240211823,0.008289523009920427,0.00743816421555826,0.007654773149286804,-0.0002671403972236127
2024-01-24,0.004940937291124792,0.0056999557949928585,0.007193770866072169,0.007986780190230825,0.007893302124937307,0.0075643686521696,0.004874664041192469,0.005595016393977696
2024-01-25,0.0051614806620886005,0.005693713973138541,0.007187209589279256,0.007668130613594743,0.007514069788006877,0.007305833358453546,0.00476154749653501,0.0002656501137994517
2024-01-26,0.0051601853048075476,0.005520644009390207,0.006880431236395097,0.007370068149124616,0.007156878258357202,0.0072833009270254845,0.010008558962160893,0.01390083578107881
2024-01-29,0.006040169154177764,0.006343725544698658,0.008458190110310487,0.007287808373540511,0.006860666388003665,0.007791474088858407,0.004257191186076983,-0.00031438714415544746
2024-01-30,0.0060401345458470975,0.006150952195868471,0.007931990629356088,0.007048255741975158,0.006597255471916719,0.008114275601417514,0.005267062573650082,0.004392451012763677
2024-01-31,0.00612397222990886,0.00605984964292674,0.007660799481873791,0.006863538845037078,0.006327428048480727,0.007784933304857635,0.006250638570019605,-0.004667620866366779
2024-02-01,0.006190605111849319,0.00598545504588541,0.007508664180170869,0.007016859500683128,0.006758219397690935,0.007483425399178513,0.00818598558638323,-0.0011014372245378597
2024-02-02,0.006105411176243345,0.005809382206182691,0.007161948243287019,0.006835302529845049,0.006615709932124164,0.007523003072758013,0.007677540870669187,-0.0008793978660535096
2024-02-05,0.0059657408665583465,0.00563652257663096,0.006873150928777996,0.0066766934553712754,0.00645334022941845,0.007255954692341952,0.00865517358576653,-0.00034146726186124723
2024-02-06,0.005905967895521025,0.00546545144932362,0.006628730047601023,0.006534722325308729,0.006227747293672571,0.00783516406723422,0.0067586972608580315,0.008905570204984338
2024-02-07,0.006249822530259554,0.005730396217782251,0.007239683453423795,0.00649376873727013,0.005998104580806613,0.007238958489798367,0.006381514906963068,-0.006819188007760628
2024-02-08,0.006417212753064775,0.005801488935533526,0.007434799082798955,0.0070973797502564915,0.006808558783884433,0.007525477412369963,0.006540600537101873,-0.004374592343203884
2024-02-09,0.006422590081026655,0.005725911362143492,0.007278002945046281,0.007132978624297119,0.007112285726735969,0.007507566963370063,0.005952870305757351,-0.003019497155077409
2024-02-12,0.006079275470394633,0.005600530247723668,0.007072632027508232,0.007051813423635181,0.007223173078487834,0.00809121075029407,0.004419551337761111,0.00014524999530352644
2024-02-13,0.005901876412594962,0.005430032096221514,0.006797399627847505,0.006856974418212761,0.006916453494570771,0.007519796706920736,0.009503749050446573,-0.008140042295033102
2024-02-14,0.00609848031030285,0.005629542695986214,0.0072798904272367935,0.007607592937279834,0.007807746690702802,0.007005703917628968,0.007616345070503073,0.007440007264695348
2024-02-15,0.006250827760289084,0.005754256545714573,0.007471105170127248,0.007369310617370499,0.007437300650102937,0.006981224004149505,0.005445166288368144,0.003837561333342399
2024-02-16,0.005263793185197219,0.005657596036259123,0.00725312590412423,0.007138506511019146,0.007104984058266328,0.007599528300076619,0.008911695387090308,0.014919410327854904
2024-02-19,0.006083646557544849,0.006591146911333373,0.008854792580401845,0.0070827963607680575,0.006772411886596881,0.007047996706030614,0.004744542479355877,0.0021761384735702687
2024-02-20,0.006078418936967995,0.006412547018910806,0.008319660018484672,0.006886822898990988,0.006495571806359734,0.006810732446608374,0.005188315566054012,-0.0012040628861991812
2024-02-21,0.006095132952593306,0.006224186674545735,0.007854968281921466,0.006735905410014414,0.006401922952860124,0.007586231192830348,0.007218872642738849,-0.007372430461707192
2024-02-22,0.006385510668199462,0.0062989867144469846,0.00797221875377702,0.007357886158805444,0.007221763040971488,0.008354524812590317,0.005906784745789184,0.0028670118028998335
2024-02-23,0.006317123712639754,0.006147339669461161,0.007608738338281463,0.0071243186845130506,0.006908686517233746,0.00848557600492491,0.004108867697857221,0.0028328630843041072
2024-02-26,0.006327405727184904,0.00600032538336812,0.007306249445407416,0.006924552038372005,0.006619897800313122,0.007781997278276629,0.0034774874030317118,-0.002858889839810196
2024-02-27,0.005653713299809354,0.005859527753231012,0.0070856012818455725,0.006863902334286429,0.006747552437904531,0.008225310592168985,0.0035577492634185537,-0.00016919042422558223
2024-02-28,0.005653005578345934,0.005681174093918473,0.0068097022035445735,0.0066971509617358635,0.006494539462127964,0.008157444780666918,0.006490790627940108,-0.007577773392022599
2024-02-29,0.005822042077497979,0.005812448168812905,0.007201095667619684,0.007370096263056507,0.007337922059569501,0.008977022865292218,0.0068302640542238155,0.0006555228028903976
2024-03-01,0.005735659055134047,0.005637664685038909,0.0069051128748742864,0.007129412108655352,0.007020995435617602,0.008339146860842563,0.005815884782294758,0.006857169726137045
2024-03-04,0.005919487930051309,0.00571817400173008,0.007104841639170104,0.006955872189436603,0.006714017590007028,0.0074638641721893155,0.005803625850254253,-0.005508145599295823
2024-03-05,0.0060532081364749885,0.0057057903182469475,0.0071542380225274515,0.007201333754032596,0.00722008072647104,0.00783931770847501,0.007031976870639952,0.0007719229768707485
2024-03-06,0.006053519880894435,0.00553519940665066,0.006867547112196016,0.006985076660854835,0.0069121131162815175,0.008464930791308382,0.0068689840732799705,0.004319604772136172
2024-03-07,0.005801537154833968,0.005469887169435067,0.006802192778415717,0.006813448843798291,0.006619526407009992,0.008486529664386788,0.00818350475694154,0.0017174310418462007
2024-03-08,0.005596046315801024,0.0053199116412379595,0.006598276574057723,0.0066563850287291795,0.0063553190951010875,0.007680275484574469,0.004741802097620999,-0.004273009719370267
2024-03-11,0.005591758683607899,0.005262973399329924,0.006590866769667437,0.006761394559631393,0.006696863493336936,0.007225235514873362,0.007009196411422949,0.0012394889674096747
2024-03-12,0.005538485753856261,0.005111666620188657,0.0064029430273509795,0.00660286016840366,0.0064192033555711195,0.007831829050902944,0.008145831730071242,0.010196624636424666
2024-03-13,0.005918197949552471,0.0055497438442114085,0.007268816590137329,0.006541184724627415,0.006164707868598275,0.00685766223978819,0.005153784815241209,0.0031443324875270583
2024-03-14,0.005539129970073949,0.005435520852660559,0.007032639874255922,0.006422594759755414,0.005928159660367698,0.007488084663103189,0.006611831275449855,-0.0037382257333092566
2024-03-15,0.0054887075945477945,0.005348892747224965,0.0069213224820525564,0.006533267847091649,0.006239156969367558,0.00901697758176667,0.0037920692169733593,-0.00204258470819923
2024-03-18,0.005491375104295936,0.005210023372447291,0.006720007548205924,0.0064726707164194175,0.006278667326815277,0.008647337665712835,0.004335761084895586,-0.000621359243292504
2024-03-19,0.004441241635996539,0.005053597547046432,0.006506957798070791,0.006363159559673573,0.006116091173999047,0.007106099605511032,0.004666604181531709,0.0020309303334803607
2024-03-20,0.0044379058901015496,0.004924834815364871,0.0063586308376113974,0.006268492908830348,0.005882974125527812,0.006324812327299386,0.004689040144767081,-0.00011631137861483971
2024-03-21,0.004428748764799835,0.0047748895046189135,0.006205712315142199,0.00618597556272351,0.005680761054840848,0.006316645884444224,0.012654554450909763,0.01859208483097152
2024-03-22,0.0056818267526948475,0.006493961248434052,0.009184586805335748,0.006371157180102456,0.005482831828196024,0.007685543085947366,0.008067835349861822,0.006108723584131772
2024-03-25,0.005768519018899772,0.006471493719693548,0.008833233145197178,0.006299588392560117,0.005296677206827335,0.007200177930481366,0.005589350387721309,-0.0016783926708744102
2024-03-26,0.005800427018273368,0.006287800666659984,0.008291989407393435,0.006256269665244919,0.005355313441547347,0.0075604762162516685,0.004911977327371012,0.0016910015008382193
2024-03-27,0.005722229259777862,0.006110304424067673,0.007821074842142912,0.006177804230570918,0.00517730542409407,0.0070362649387322816,0.005449511158234671,0.00012607955636689534
2024-03-28,0.005718271834110215,0.005924240433065334,0.007408786614412499,0.006109862208329162,0.005011372609020684,0.007032118438254775,0.004822033088162369,0.0025937085666081607
2024-04-02,0.005326600746256383,0.005778794569280861,0.007118947570901205,0.006058221550289549,0.00485725665606614,0.006513279167937206,0.010274194500156661,-0.002202962930739809
2024-04-03,0.005398795357887035,0.005628674925234694,0.006889223700220995,0.0060892624723358595,0.0050232631490641465,0.00683260827028475,0.006610861627240264,0.0002898094208343415
2024-04-04,0.005284280638724303,0.005457664509582107,0.006636817706053771,0.006035871989504258,0.004867896813024924,0.007260454997349096,0.004896674978133851,0.004838729253849792
2024-04-05,0.005070913820730744,0.005422520984996432,0.006654818661566894,0.006009333797636735,0.004723863914339756,0.006635773901870369,0.008640788819642888,-0.008145017994458164
2024-04-08,0.005535110668472031,0.00562316537997647,0.0071804972358476705,0.007003090404036488,0.005853359116938795,0.006548719240750685,0.007103844175515705,0.004074507204297243
2024-04-09,0.005529394471529025,0.0055424620968125855,0.007023144181097043,0.006818520081860133,0.00564008836690376,0.006714585053701393,0.005379406852064872,-0.0010958353061247144
2024-04-10,0.0055606715625551575,0.005380316368952376,0.006766622371252014,0.006667534144562196,0.005591233323332175,0.0070954291893871035,0.009615967801205915,0.0033215933911117605
2024-04-11,0.005413030993943251,0.00527948055546836,0.006620546857632399,0.00650745734609692,0.005257604818924291,0.006462987868862542,0.009224928558331652,-0.004708853523042378
2024-04-12,0.005598398554981637,0.005246993246567267,0.006681017528458619,0.0067201957709210215,0.005757863656332316,0.00694756550365564,0.012383215767784913,0.009020501634468743
2024-04-15,0.005512857232297644,0.005546282432945365,0.007259072276896304,0.006626153554713177,0.0054976077493474,0.008741741310401483,0.006105849258216946,-0.0037716743435423053
2024-04-16,0.005615288907685971,0.005456107177985287,0.007101483014029839,0.0066971662174681165,0.005842291251294319,0.007763054012348756,0.013967515844789516,-0.01838401188661456
2024-04-17,0.006995280198531309,0.006947033380388636,0.009794817061722942,0.010548193222069995,0.008667832365210458,0.01031529724397616,0.011197711984410927,0.003523018118864117
2024-04-18,0.007000660107477723,0.006790456230688084,0.00915316614739775,0.00989704825245035,0.008238072030438675,0.008630617389858118,0.0056247778339468205,0.0037010935660656344
2024-04-19,0.007022222009993437,0.006645717695382759,0.008622571632284722,0.009324028505889257,0.007840516678966838,0.00874225387564747,0.010874957589960649,0.0023838215815313877
2024-04-22,0.007025376471025596,0.006469666620891265,0.008115067017041318,0.00881652735408646,0.007483529508876579,0.008212246050445463,0.01131938437909877,0.016080950559152898
2024-04-23,0.007752765910013663,0.0074068218061123445,0.009706567353663107,0.008526518710395874,0.00704840706569319,0.008292013584248489,0.006134670597252097,0.002601332003924647
2024-04-24,0.006732029722200812,0.007209394177261346,0.00903794823189999,0.008120984181223739,0.00674844997002038,0.008905793591657073,0.007152252378864969,-0.0005470867766326445
2024-04-25,0.006633961298116304,0.006991051478526817,0.00843199108052865,0.007767736667153548,0.0065582641688029745,0.0069618245867083825,0.008000661324954242,0.004776891454336285
2024-04-26,0.00666999266848841,0.006878330774750364,0.008096555779768137,0.007474966984640158,0.006276402612724271,0.007844699310940919,0.004922273894479623,0.007509885036590651
2024-04-29,0.006821019399927051,0.006917850142048015,0.008109485660673554,0.007247358458140209,0.00599297588109386,0.007085509717501311,0.006095723469562793,0.0008841516404736929
2024-04-30,0.006816848322696796,0.006710600196701101,0.007647661300056334,0.007012433024951261,0.005780126382232739,0.006732179470673784,0.0072425848811044245,-0.0003560226173347552
2024-05-01,0.006818675752354394,0.006506752709778526,0.007262140724015494,0.006812491723375854,0.005631437351406251,0.007182959222818958,0.00757819516178093,-0.002815812205220807
2024-05-02,0.0068349596586429265,0.006346123925605441,0.007035355781313613,0.0067573986424998515,0.005829841176193953,0.007202737300071239,0.004482918769165654,0.0062602239629676705
2024-05-03,0.006923008532071229,0.006341002743287861,0.007121737720864341,0.006624787562265314,0.005586153447686522,0.0067420668408390795,0.007840987900983575,0.005040991530200737
2024-05-07,0.006928187803742472,0.0062706070343639345,0.007057590193033826,0.0065019958971849505,0.005367882188450588,0.006858020714301614,0.009779627775801185,0.012125614466078502
2024-05-08,0.006944235452654269,0.006766321999095812,0.008119051507321392,0.006495361852165074,0.005108902933731995,0.0076451180081846025,0.004291901893737009,0.004847679851766283
2024-05-09,0.006955802840680854,0.006666792826272188,0.007845735921982299,0.006391374948315407,0.004922419104440223,0.0068906554713659895,0.004549605347566991,0.003262528662460965
2024-05-10,0.006911161469071808,0.006512910608132973,0.007509535376575497,0.006293398588436531,0.004759745069704825,0.0066701497908159425,0.006634163557357915,0.006232476523342829
2024-05-13,0.006955250838037957,0.0064964259505516046,0.007499560648724524,0.006247602536264178,0.004612837817270541,0.006963485808840089,0.0037953211128338576,-0.002231613859996648
2024-05-14,0.006842585248296893,0.006322194488336154,0.0072013954575691165,0.006247560191697712,0.0048096751999842004,0.008240948131290641,0.004548985622061215,0.001555533439982959
2024-05-15,0.006699164464059383,0.006141426187492728,0.006908892049253396,0.00616872724621138,0.004665471411086571,0.007184050098649739,0.004959183000264218,0.0020979153001784035
2024-05-16,0.006544702754292927,0.005976467484713653,0.006687281067712078,0.006104569504808974,0.004526163623245677,0.0070268506714730745,0.0055145388362826606,-0.000841008074681659
2024-05-17,0.004510657345256065,0.005798061008215587,0.006484903146867543,0.006058631954100544,0.004529305441242656,0.0069656077663543215,0.004193748780757156,-0.002182811235045997
2024-05-20,0.004685471853237084,0.005646799151816995,0.006375128399874868,0.006088357115479183,0.0047245012426703785,0.006339729174340225,0.0037907859917555168,0.00046305916705032245
2024-05-21,0.004726500499822676,0.00547594974856735,0.006218072347456696,0.0060339390066414264,0.004593776894887347,0.006405451596990875,0.005077292124466766,-0.0009144513632539959
2024-05-22,0.004808973691102726,0.005313853346456803,0.006107865823308573,0.0060020834188691955,0.004603025274875967,0.006269520486245721,0.006943796854384614,-0.00550433872402835
2024-05-23,0.004143057065994281,0.005325474610935765,0.0063893282233397405,0.006459715926277599,0.005303806606148336,0.006581135713067504,0.005182352509760513,-0.003722437644636651
2024-05-24,0.004323994240798438,0.0052431318467983075,0.0064108002593985716,0.006562776674740364,0.005672898558756055,0.007322729196169134,0.008410698896859857,-0.002593536826710924
2024-05-28,0.004399836358070893,0.005122947556380637,0.006340593783862128,0.0065361687988476636,0.005848681902879097,0.008086373093382063,0.008764497486290513,-0.007651589968755552
2024-05-29,0.004773174956235327,0.005308740519981966,0.006879231244257486,0.007283511017584323,0.006786720392064755,0.007466807081086801,0.004912055547414762,-0.008651109785247314
2024-05-30,0.0049734805584624245,0.005566171429714738,0.007439689991591631,0.008057318989174387,0.0077959437317389425,0.007406715400815828,0.008996082347959199,0.00584861118116413
2024-05-31,0.005120803894148564,0.005583520725024716,0.0073949354992937765,0.007730330716704823,0.007407122359501623,0.006968961486047128,0.004990557027764227,0.005367595354660563
2024-06-03,0.00522483874242415,0.0055708012223607585,0.00730947909780851,0.007445790467353267,0.00705208908033757,0.007188586227052605,0.012913794768215187,-0.001523745321484768
2024-06-04,0.005188083633298028,0.005413973094853497,0.007014545820204973,0.007213743715357725,0.006973467206138236,0.008078908152303355,0.006626550469837488,-0.0037345146102119907
2024-06-05,0.0051223887869333955,0.005328154873304914,0.006907747818285416,0.007183380040792708,0.007214599674188257,0.005964489264540793,0.004937040673714866,0.0018204993194699305
2024-06-06,0.0050220627107414526,0.005185049021853021,0.006676384424964598,0.006959883996690225,0.006900384480688781,0.006316704382583145,0.002520540042920058,0.0046333623898459145
2024-06-07,0.004353683220814114,0.005153613507008083,0.006668441810747101,0.006783729501905949,0.006589163865055904,0.008756750690384493,0.009205387228013617,-0.004827391155219025
2024-06-10,0.004308621153754707,0.005134624676718678,0.006738866081038847,0.006967534044589402,0.007022504711349893,0.007366239930475158,0.006999224865187874,-0.0020517310325447705
2024-06-11,0.004224194412739298,0.005003507204982992,0.006572595501851769,0.006835954671002783,0.00701978212229486,0.00739716672399859,0.015029309055349384,-0.009855785890831109
2024-06-12,0.0043280123134102925,0.005418594856681209,0.007356626598217505,0.00795095602466138,0.008059883161483445,0.007602935674671537,0.008694581973333275,0.008274661747279458
2024-06-13,0.004834188503344073,0.005630959210428924,0.007631186297222684,0.007647593752740838,0.007605713086003872,0.007796509518840881,0.005926144989783649,-0.006325116330124237
2024-06-14,0.004919399342236318,0.005675003553049084,0.00765103957014192,0.007881721705491226,0.008170238988043144,0.008891174894655048,0.007470813184956327,-0.0020600107833067868
2024-06-17,0.004849778929463591,0.005525209866885868,0.007310395907543042,0.007607801503231897,0.008097201688611042,0.008132537872241096,0.007774874484753133,-0.0005770730280285437
2024-06-18,0.004852500561625338,0.005358754353907787,0.00698126468040553,0.007319764113767103,0.007833212300218417,0.008248094286920903,0.0044983262273329975,0.00601220165912048
2024-06-19,0.0051333961927550725,0.005400191428031971,0.00704079322508098,0.0070869649052280525,0.007428336751133923,0.0073065707307155585,0.005450161470155116,0.001683296730808165
2024-06-20,0.005161335172081883,0.005251890391550794,0.006771698512778054,0.006868870101146923,0.0071157657269122895,0.007216735383596002,0.004086114787725489,0.00818084865541252
2024-06-21,0.005557722308587375,0.005472018695795697,0.007173634591664607,0.006718571672716622,0.00672872863221424,0.007462998703117831,0.010401506663663814,-0.004215582068814111
2024-06-24,0.005510344734988789,0.0054048753196946,0.007062473720659713,0.006818609633081807,0.007057530364790902,0.007009831532187437,0.00947705906330765,0.005315007699518932
2024-06-25,0.00561927804488883,0.0053995254420100575,0.007029708523509237,0.00665380227571202,0.0067165819118550655,0.0071748206366688905,0.004432794843997584,-0.004089688326289962
2024-06-26,0.005658757025398438,0.005330020219037693,0.006935333721419402,0.006749875496759181,0.007028437276748103,0.007004106981835491,0.011005847364081426,-0.0027317279676419494
2024-06-27,0.005441241441620775,0.005210787739352027,0.006756595953992644,0.0066899390547751954,0.007128927294600677,0.008520555470364288,0.004075489161851722,-0.005559295024910833
2024-06-28,0.005238243049741253,0.005232352817150849,0.006870880690405202,0.006989123484431556,0.00762007088541532,0.008411461870732754,0.008565551015852827,-0.0019089813553117732
2024-07-01,0.005074687184744805,0.005094459503406943,0.006659491577985907,0.006835284454158355,0.007566841026450064,0.00747841124209206,0.007115671536127747,0.0003306615097269553
2024-07-02,0.0049051931374476734,0.004939925788509682,0.006435841016257278,0.0066517703074298,0.007264736586682281,0.007017758998364881,0.005253035575271989,-0.005599228773958423
2024-07-03,0.005021601533938236,0.004981945057907751,0.0066267512691424455,0.006965287686250951,0.007751126969865591,0.007319636856380859,0.004233736739602937,0.006125612225844782
2024-07-04,0.005193788304265799,0.005057862935558448,0.006776944155850322,0.006784164826737529,0.007350374459333852,0.007743375152482248,0.007135287458660222,0.00855455973597492
2024-07-05,0.0055316265375786825,0.005332718665276086,0.007236784399842634,0.006650190015906276,0.006941855549372302,0.007266240040836291,0.010617157562222609,-0.00454844750793488
2024-07-08,0.005507172672924796,0.005288942951587894,0.007143919567935732,0.00680634378917046,0.007302260591076244,0.0069390208564427585,0.006619395238779227,-0.0012684939556921182
2024-07-09,0.005420459891697565,0.005137225623561791,0.006859726254786254,0.006649802125651597,0.0071859469262034814,0.007224558823187751,0.008212310906211035,-0.006575547316110781
2024-07-10,0.005581043609133407,0.005234681578789846,0.007080420638860231,0.00713571688282397,0.007820766485832813,0.007221500357556955,0.00368021840270773,0.006575547316110675
2024-07-11,0.005353345325880299,0.005324664037085068,0.007161020272867523,0.0069106071201742204,0.007373898933203335,0.008710830016675343,0.003673825119324257,0.003630431354515374
2024-07-12,0.005095698952771374,0.005238485104545811,0.0069606271682389805,0.006716647389691488,0.007034690515244531,0.00807394399237681,0.005351900960900377,0.0035930653724709546
2024-07-15,0.0049327745063347415,0.005154593072723241,0.006794449157965051,0.006551038802736375,0.006719385664481301,0.006843506869203016,0.0056578330520105575,-0.008505822185883482
2024-07-16,0.005288872080541386,0.005414478795241191,0.007321503311170629,0.00747779404775473,0.007681953370860222,0.006306561956369565,0.006410150586423886,-0.0022143525952442586
2024-07-17,0.005313075741067781,0.005277479249758677,0.007039379231195289,0.007263517782800757,0.007658697515337053,0.006742629950975151,0.00814238173653251,0.0027641220113699527
2024-07-18,0.0051789387021875955,0.005161308189534878,0.006808653808239806,0.007015915071645601,0.007311075794052415,0.007837086776647333,0.009164313705714584,0.0021229358159807372
2024-07-19,0.005187059449975524,0.005031020520972324,0.006589474623402228,0.006801579067703697,0.006996451476801854,0.006961069281922488,0.005739145978509288,-0.006014467478279373
2024-07-22,0.004988640715233664,0.005095382868473651,0.006792650189535104,0.007154722086384873,0.007559952673344524,0.007470860212881046,0.008834367588795574,0.005270732798764289
2024-07-23,0.005080855595241788,0.005106073681010965,0.006804701064505942,0.006934093171696822,0.007185797850853398,0.006457410640309606,0.008345511469987427,-0.0038371813283092013
2024-07-24,0.004973238609357716,0.005038958896690623,0.006726790828870149,0.0069474617096296366,0.007422512395959653,0.007954359294632651,0.006751423525902238,-0.0016788088079445556
2024-07-25,0.004917653641009182,0.004902728250433962,0.006525042608769584,0.006780981744756107,0.007345750239419642,0.007267443545607514,0.015119155980928315,0.004002428828826311
2024-07-26,0.004987099586328041,0.00485342207432408,0.006473197718116262,0.00660773717414798,0.007003523286741086,0.009360441436865475,0.007603908700011404,0.012056896561280202
2024-07-29,0.005500281586716813,0.005555581766386731,0.007683186495013982,0.006539491530057161,0.006577845100034023,0.007472858834686608,0.009476476846463357,0.0008082953251314736
2024-07-30,0.005469860201012924,0.005389974018229211,0.007283605570124225,0.006392694928231933,0.006330781701459141,0.008040820906642744,0.006974000726608141,-0.002173021595363422
2024-07-31,0.00550644928985836,0.005252811827334932,0.007006007167105029,0.00634210286579097,0.006397136972776904,0.007950688419904706,0.010858883604298349,0.011248496241110302
2024-08-01,0.005775284447057515,0.005790356658182872,0.007883103512432384,0.006305440855570597,0.006022492727137552,0.008314605548405197,0.013210209523151372,-0.010161395190688012
2024-08-02,0.006191178594221215,0.006140991251296911,0.008413692411027506,0.007727747171411131,0.007315413558113392,0.008974016495257989,0.009464785618310524,-0.013209493269628917
2024-08-05,0.0066093168207121775,0.006776319788942756,0.009377378405578382,0.009545503719339921,0.008975866189424895,0.008893775064423959,0.02545049646200225,-0.020578002136226493
2024-08-06,0.007911398327140674,0.008280739677360273,0.011714108625849356,0.013002712131626085,0.011691425228617889,0.014296495238000686,0.012809762686852143,0.0023074678617842595
2024-08-07,0.007947117138705096,0.008048346109850535,0.010760114368163683,0.012074733598720999,0.011037141882231111,0.012766969150361584,0.010147358875458935,0.0173159153151797
2024-08-08,0.008773125688402874,0.008881428825918606,0.011797962495698346,0.011349582785425678,0.010239578940516962,0.013109108253657952,0.01188153753686569,-0.002685157848978995
2024-08-09,0.008666529252639825,0.00863594787333171,0.010912082703375924,0.01073229494792851,0.010133678797262924,0.012877524191965263,0.006493863010420697,0.002832081632530826
2024-08-12,0.008650241286894348,0.008401551113517518,0.010071255201372843,0.010039972035243604,0.009598957433840085,0.01157472982834504,0.00479994884927049,0.005153139914096293
2024-08-13,0.008692131607244217,0.008242826487602403,0.009483745849270458,0.009437645535993437,0.009072178732611012,0.008186910650131137,0.006053043123337192,0.0030281863157175684
2024-08-14,0.008506567594095713,0.008026065781950614,0.008860026932454074,0.008900366419880503,0.008616682502161561,0.008168899573127598,0.004825223862698702,0.0055581598985493565
2024-08-15,0.008560490120281952,0.007899763066541752,0.008506971990073614,0.008441390319166174,0.00815832822244258,0.006519331048117542,0.007863602854317859,0.007974303314392434
2024-08-16,0.00869851775561821,0.007904255304457411,0.00848746846339419,0.00805961555117817,0.007698338962730224,0.006876790730848755,0.005645221474766576,-0.004322046730886531
2024-08-19,0.008767415343497008,0.007736240823526536,0.008141120069698051,0.007945831077787355,0.007973041654015965,0.006734715049359098,0.008938507670504334,0.0054594785327842545
2024-08-20,0.008690861973640985,0.007618845785669805,0.007907990361108926,0.007612479028805498,0.0075630348268580635,0.007067430124516555,0.005187608672585166,-0.010054082839821517
2024-08-21,0.008967472118249007,0.007786467578078589,0.008432486657302608,0.008657075447857869,0.008706370191415047,0.007107355713803836,0.003660307942772726,0.0012200500405080768
2024-08-22,0.008914878122321631,0.007555173328910564,0.007912919347826284,0.008213958206551786,0.008304847228166204,0.0076851244657092895,0.004773173937150297,0.0005551733852481431
2024-08-23,0.008898743371454213,0.007326274526480011,0.0074678596458380535,0.007827915743369118,0.007942752921643134,0.006698306352276541,0.0030518289418036814,0.0047906301373300516
2024-08-27,0.008914671704145536,0.007199364469025763,0.0072989342130073305,0.007506821177456979,0.007544694213565764,0.00709479905129289,0.00810935497691301,0.002123155781877858
2024-08-28,0.008544205600398813,0.006999390349226542,0.0069892612692405145,0.007219435226239317,0.007214012726385879,0.006502197725203643,0.0046298394689242035,-0.00019173846931616286
2024-08-29,0.008544266203090262,0.006786323243379426,0.00669959387588818,0.0069703135615209475,0.0069578382784952495,0.005931517008077784,0.005276248148189079,0.004269447690833799
2024-08-30,0.008566856555188697,0.006662178561769408,0.006634101545148968,0.006768784900482683,0.0066360566750934226,0.006365000762530099,0.00577364213341671,-0.0003580764173327057
2024-09-02,0.008212705124138096,0.006459817251347355,0.0064091941582993025,0.006587040767286175,0.006441177460876412,0.006646743068597595,0.0027940147924640545,-0.0015292349638556344
2024-09-03,0.007885627281117578,0.006274216936003833,0.006258330681160735,0.006468142840690052,0.00641702803759776,0.0073424157600917445,0.008601539087142916,-0.007838093698028207
2024-09-04,0.00749763993660234,0.006378870827942768,0.006833031035275535,0.0072897858775098565,0.007316088339253108,0.007351551279791433,0.008692166437303667,-0.0034886353064984277
2024-09-05,0.005807917367666414,0.006243302654469775,0.006722344006489396,0.007209734027888813,0.007501803454801297,0.00702727214594626,0.004213311369014974,-0.003379506950267476
2024-09-06,0.005901658478088692,0.0061094486156121446,0.00662451789829399,0.0071317066151829955,0.0076585319258666495,0.007324223836927391,0.008805700404649407,-0.007331125435057269
2024-09-09,0.00491739762734823,0.006189552863678399,0.007019754930430685,0.007678573337984821,0.008374993138501895,0.007316170230474375,0.0058391413757701675,0.010855731657664661
2024-09-10,0.005400084361880953,0.006563744766711048,0.007833520902190964,0.00742168756016666,0.007840979851806477,0.006345263211151427,0.005851430701083642,-0.007865645524483378
2024-09-11,0.005688725468760324,0.006649051316675529,0.008023265652701686,0.008017224887014038,0.008626482231584994,0.008482916523659343,0.007219307067546638,-0.0014756190215303132
2024-09-12,0.005584284439147664,0.006456619664877252,0.007578120673549094,0.0076742830871260985,0.008435701488170931,0.008339214808495048,0.011499799100309363,0.0057317207827825255
2024-09-13,0.0056900533375000084,0.006415435966087864,0.007473399155478049,0.007372955314574214,0.007983440146608907,0.007497964073806726,0.005749226229168878,0.0038875918673445396
2024-09-16,0.00562020234745135,0.0062924678583603354,0.007221924269796244,0.007102107523014464,0.007590814551043304,0.00634041394852302,0.004840664142318271,0.0006404253609819457
2024-09-17,0.00531656755523751,0.0061027904537324035,0.006881455884663387,0.006859715729034271,0.007273205995922898,0.00627352205322841,0.007805029880498052,0.003797862091034195
2024-09-18,0.005311971014129121,0.005989560387089206,0.006735060023009205,0.006664905585655163,0.006932575082087239,0.006106276951112508,0.0047601821461621,-0.0067859904448031565
2024-09-19,0.005353659674249713,0.006040308236486817,0.007023865148460685,0.00721551564331917,0.00763128407745581,0.006509781495223684,0.011083744353085503,0.009045796918970117
2024-09-20,0.0052877541708261965,0.006261452761957022,0.007509319617380165,0.007018526150563683,0.007190425549427095,0.006562418962137927,0.006822032167939428,-0.011921366885795577
2024-09-23,0.005915938323265689,0.006736511155958302,0.008520171465731025,0.008772049678709126,0.008682546220991808,0.006823205944055195,0.005278909764906395,0.003602252571744547
2024-09-24,0.005975237475466943,0.006590623719840789,0.00806655581082358,0.008307025306351792,0.00824223386011449,0.007074576349958055,0.0053122534392809374,0.002792808223009754
2024-09-25,0.0059079524293974076,0.006426361989630447,0.00764479265936222,0.007900326324573803,0.007846342101588702,0.0074790790911159095,0.008708590927764739,-0.001703773484075753
2024-09-26,0.005889825588781935,0.006244550533189988,0.007271674287796101,0.007584113140874866,0.007745033135493874,0.00671790188128381,0.008006847792690883,0.001957278799991305
2024-09-27,0.005912983009170397,0.006073269555842493,0.006950877363762879,0.007274504094332016,0.007397382840208423,0.0069756223143952745,0.004625360517813816,0.0043238232571381225
2024-09-30,0.005915112986356237,0.005982746339732781,0.006833883844372013,0.007020781785832994,0.007040482693523562,0.007166926369033255,0.006094850708475497,-0.010122204097674555
2024-10-01,0.006288934126307679,0.006308185118348192,0.0076791304317667015,0.008266897790635924,0.008252550785310488,0.007484899456677732,0.006337951719453623,0.004808138270970313
2024-10-02,0.00640321932025457,0.0062283785318552045,0.007464171603309351,0.007875998133704161,0.007827037437613588,0.007865664093168323,0.006176927554909132,0.0017141895600037236
2024-10-03,0.006191549433827242,0.006053217651693011,0.007102190682868832,0.007524793577266629,0.007476972434582407,0.008309903765726713,0.008106592840648531,-0.0010136725981720585
2024-10-04,0.006146083815998159,0.0058740624128978125,0.006799452811641031,0.00723539163051468,0.007309005964723422,0.007673857425870623,0.007692348873387119,-0.00022942565200156578
2024-10-07,0.006095811444893957,0.005695392071189613,0.0065348140619311415,0.006973696224338112,0.007047919282134896,0.007313014423091325,0.006920593967823241,0.002773726166590106
2024-10-08,0.00586401152774635,0.005563528988396568,0.006386730572397275,0.006756230218840816,0.006737685448771957,0.007214988519015473,0.007738418293425359,-0.0137020004516524
2024-10-09,0.006178830626706522,0.006352981386645971,0.008167276295434447,0.009134617045982531,0.008608409474121644,0.007118543367113292,0.0035398735129860467,0.006462117009334499
2024-10-10,0.006111343338282207,0.00635958233877554,0.008020880449456931,0.008646884858242311,0.008127133060304463,0.007714785344184855,0.006246716064546416,-0.0007280935193685422
2024-10-11,0.006103155257806862,0.006168422608951385,0.007559461176835742,0.00820561440519378,0.007897573910721429,0.00797440909477528,0.00603004142325446,0.0019404059109878267
2024-10-14,0.005988001055550528,0.005999365111378789,0.0071887409364578495,0.00781660691625528,0.007552566166860211,0.00793941230416205,0.004981172219425716,0.004714025071505492
2024-10-15,0.00601696796482831,0.005930106304084121,0.007054745644256246,0.007490386000843497,0.00717657027992406,0.007530342477699016,0.005968989087935771,-0.005247261465404703
2024-10-16,0.006127307089172041,0.0058913679484694555,0.007067138164930875,0.007594135065817475,0.007629988424346324,0.006840570017121636,0.007765411094930644,0.009627058862470788
2024-10-17,0.006439996904354837,0.0061795257962473675,0.00762595695606515,0.007341380599706473,0.007154251878515367,0.007397517208489048,0.006245850735131181,0.0067009141381194235
2024-10-18,0.006390217952415427,0.006212043282180541,0.0076158100958613195,0.00709553614553732,0.006765745191922185,0.007172938072857489,0.007456571145908513,-0.003201264126450195
2024-10-21,0.006149795632723654,0.006073631397750537,0.007332610607801521,0.007014383589529478,0.006960057737319813,0.007092044539538069,0.007393481130143524,-0.004809171862978793
2024-10-22,0.005624042664445436,0.006005276554402527,0.007240879572149545,0.0071423585291295775,0.007366559233113115,0.006886080344101932,0.007504613284604904,-0.0014075444286696557
2024-10-23,0.005592374292622231,0.005832530890127031,0.006927836873271005,0.006927019214420509,0.007277865911211978,0.006539843868534799,0.0065679428319983316,-0.005783259202245208
2024-10-24,0.005710743317779194,0.0058295863326011475,0.007031769371997402,0.0072260865824981405,0.007800768613040259,0.0070300741944082125,0.009262448957941595,0.0013068733709009064
2024-10-25,0.005707294477799883,0.005661051782235283,0.006733730951246375,0.006969367468992457,0.007474634430806562,0.006903043123506385,0.003040336379603403,-0.0024942197914554773
2024-10-28,0.005713784536601707,0.005522492624383088,0.006564988186688489,0.006846220479120411,0.007524362489849994,0.007838226425855752,0.00907869740893984,0.00445133307093548
2024-10-29,0.005718906578187723,0.005464147807818518,0.006530978382559149,0.006656553290663122,0.0071553192277572205,0.006705626202248496,0.010828754357921846,-0.007997522208953965
2024-10-30,0.005550955150578325,0.005648284543001472,0.007059961155632027,0.007464310765523391,0.00801386079575736,0.007343135971599935,0.004600909987684015,-0.0073263979169058534
2024-10-31,0.005645194291566164,0.005762768220933177,0.007347253651994686,0.007934151891729451,0.008704094090241601,0.006721541395607092,0.00900983600168454,-0.006084949659143266
2024-11-01,0.0057357305130198545,0.005782605334567106,0.007398095160686298,0.008085145189767846,0.009161930008101954,0.006810460722685547,0.009072592870355202,0.008239595221186608
2024-11-04,0.006083537596033177,0.00595866333606642,0.007647243086001731,0.007748948717505009,0.00860757039613791,0.007114605860669109,0.007436190943690158,0.0008556725496721288
2024-11-05,0.006091528299883681,0.005780939297221776,0.00723843428056944,0.007419090706771274,0.008235087228127136,0.007143690198111854,0.007798193231011872,-0.0014428428948679733
2024-11-06,0.006045549912724738,0.005615960411704261,0.006927100579443842,0.0071651784468172155,0.008091971733653806,0.006758281623050265,0.01831391843202326,-0.0006977128766249347
2024-11-07,0.00526966602714583,0.0054475571461502096,0.00661084786410012,0.006887029291035866,0.007769655915800895,0.01017574486763403,0.005805462388943494,-0.0031887391038162368
2024-11-08,0.005082694116487425,0.005339045753060212,0.006504831741805505,0.006831137412461053,0.007880427672889974,0.008790297171771124,0.00877596302291539,-0.008425335565655195
2024-11-11,0.005362338417959896,0.005572635080795057,0.007080831361688904,0.00764039242924345,0.008720338914069696,0.008971427537932165,0.007063097047240221,0.006519507460039652
2024-11-12,0.005575274792874948,0.005633936873126643,0.007154193221555979,0.007357066296588343,0.008241918049129387,0.008280118565458922,0.007244887057546718,-0.012308990776428724
2024-11-13,0.005965419290397455,0.006239186264650696,0.008295194701538415,0.008998803875586919,0.009636823482181811,0.007724822341992643,0.007944772621992282,0.0005605346401460692
2024-11-14,0.005920277868322571,0.006050673555503864,0.007790749510649274,0.008521716101190886,0.00919061352384899,0.006531938302307926,0.00718196089893924,0.0050802829508522366
2024-11-15,0.0055744379621321645,0.005996879850255509,0.007576582697138231,0.008115930492368561,0.008702383242048894,0.006871190873683415,0.007303144933838877,-0.0009420631879009065
2024-11-18,0.005252598595057314,0.0058187681552968225,0.007195992267714157,0.007757504693676155,0.00845132339349683,0.00668137283162053,0.004484642146525319,0.005651444284403937
2024-11-19,0.005489614069503925,0.0058088646415951125,0.007147738894046019,0.007452408852318714,0.008005900048999254,0.0067946711132966875,0.011039755815800604,-0.001270953941682513
2024-11-20,0.0054350692239362175,0.0056405011616189014,0.006845708068078385,0.007190457856090384,0.007846203118822764,0.007962194980471664,0.006235029868451305,-0.001717735730475746
2024-11-21,0.005435878373706445,0.005484831366173067,0.006611262312584944,0.006983549437125013,0.007755941539302348,0.006714804388308659,0.00792552738763109,0.007909172457121702
2024-11-22,0.005685006352561478,0.005659653094123712,0.006980956203842219,0.006803352179378403,0.007320986338781501,0.007054307923885922,0.008951644634648178,0.013746758514700879
2024-11-25,0.0064887086805813735,0.006438025701778826,0.008363843555629002,0.006732428493357388,0.006820037664363375,0.007210560506230546,0.004308327636176848,0.003576221960769077
2024-11-26,0.006509189092108502,0.006303066416540451,0.00794401119715271,0.006555277559212792,0.00651742182343093,0.006746896202711728,0.0041093805617321445,-0.003999932826817546
2024-11-27,0.006497499370880011,0.00618909486382169,0.007661953232607097,0.006642611816268426,0.00682594131226347,0.007132576311301985,0.004614255415212841,0.001959670144605781
2024-11-28,0.006255413399426983,0.006019719257899037,0.007279903759132265,0.006472230679767142,0.006549743871372373,0.0069573070334815815,0.003624230922209338,0.0007731336456624825
2024-11-29,0.006005158654372958,0.005839406038744747,0.006933814695509858,0.006324222551935071,0.0063107414408092085,0.006947407324602116,0.0045371735137690015,0.0007363370583471248
2024-12-02,0.005800553548321791,0.005664386520005377,0.0066438622222368795,0.0061979377080669095,0.006087203110731736,0.005956648748173065,0.006070801148536496,0.0030843026342130373
2024-12-03,0.005585234588079759,0.005543548821242789,0.006485060942707848,0.006097057976600663,0.005838220125106577,0.0060535531237984365,0.0074035204935555465,0.005578129061088491
2024-12-04,0.005682498717267236,0.005545629716346177,0.00657315761574664,0.006027404427398873,0.005562869705640702,0.00649494591114114,0.003922483875244172,-0.002827161785334441
2024-12-05,0.005720262900092426,0.005421101275515871,0.00644838713380438,0.006079283772170003,0.0057713922836922895,0.00619644954258777,0.0030451268430033017,0.0016301875928184544
2024-12-06,0.0057094296863799505,0.005271099448151454,0.006221304982115713,0.00595658163947163,0.005538825142290565,0.00706038671732574,0.0046507861800445735,-0.0048985570399681525
2024-12-09,0.005784648350513861,0.005249492517681467,0.006350888683485161,0.006278279056894467,0.006037781617428506,0.0063466459645000264,0.005811097375218831,0.005221881295097514
2024-12-10,0.005431951709789957,0.005247839941081229,0.006415588277682887,0.006172006014353384,0.005758477835754611,0.006440517845412743,0.005213690875949281,-0.00862172783962013
2024-12-11,0.005745231112970684,0.005508855240501772,0.007041150418586753,0.007191662943257251,0.0068018128276310565,0.007655719097472673,0.007852642589667827,0.0025569908998702533
2024-12-12,0.004888089958406791,0.005377632289853665,0.00677869993539538,0.006942387747108133,0.006513856389919519,0.007524743827903444,0.003401471840971987,0.0012279246008195931
2024-12-13,0.0048831000923959525,0.005222476541996339,0.0065173004654575165,0.0067233522723031,0.006263534950268992,0.007936891388956483,0.005580149928088949,-0.0013845331820853848
2024-12-16,0.004859136798865155,0.005074723784181523,0.0063236301146125575,0.0065641567248758215,0.006230101720083219,0.007639983515664211,0.004451280500944827,-0.004612866219466248
2024-12-17,0.005008785964241903,0.005048204065023021,0.006400084764937666,0.0067256124644536975,0.0066403209959984355,0.005978877087711537,0.0048144130515129545,-0.008130175485130512
2024-12-18,0.005285803478322755,0.005284059767861175,0.006945425912710662,0.007485997371919544,0.007533571838986446,0.006405309672630957,0.004666019289719931,0.0004757751259360665
2024-12-19,0.005270233497832037,0.005124411389685347,0.0066483136251279775,0.007194023922142726,0.007228346046945183,0.006613192687221055,0.010279305441699336,-0.011506223457601583
2024-12-20,0.005881490444517101,0.0057120580582368345,0.007763838751865701,0.008648622528899731,0.008589945754255406,0.00856605967580771,0.012103990199183061,-0.002557151221417359
2024-12-23,0.005626248913543741,0.005573355557218652,0.007415430680798954,0.008293849585872749,0.008554136070131056,0.007769789065275579,0.006787407662808695,0.0022363219985271064
2024-12-24,0.004658723884717581,0.005431263462769506,0.007078233524084212,0.007903289074544255,0.008153676853363673,0.007674638779958649,0.004588795373826391,0.004224222246006712
2024-12-27,0.004692073868737584,0.005366502459601932,0.006911927651357611,0.007568822153008578,0.007752049492858487,0.00743287391140342,0.004393494300428308,0.0015718253598428226
2024-12-30,0.004665285945075307,0.005217243125223269,0.006636031562601253,0.007267546222312051,0.007416211286571014,0.007828526822370799,0.00574007897355624,-0.0035400877740892653
2024-12-31,0.004666921511054587,0.005132093292694851,0.006549773839442572,0.007183992607126195,0.007595293257523853,0.008443180053870947,0.008245651500370502,0.006382739233718865
2025-01-02,0.0049207192710858496,0.00521559586994308,0.006705518444276891,0.00695832089334546,0.00720011114475227,0.008692630776614016,0.009198375609715448,0.010600655463140918
2025-01-03,0.00549464887689516,0.005684428523321095,0.0074900024984143,0.006812313801110168,0.006770218684296682,0.008556475781204165,0.0043772711326231254,-0.004379985284324157
2025-01-06,0.005515906530979284,0.005614714618214841,0.007318020256842832,0.006898478762376088,0.007110087928125624,0.008516566259156517,0.00547629254694627,0.0031201273362436777
2025-01-07,0.005405180448891795,0.005497056549192322,0.007037273460099538,0.00669103099011903,0.00679409763623679,0.008513944694062737,0.007118893217152705,-0.0005334950111380425
2025-01-08,0.005381665072232151,0.005331195914457812,0.006732699218494688,0.0065105759703056685,0.006615756298472366,0.00827541257186845,0.009037951393110415,0.0006910640842912544
2025-01-09,0.005366787190623509,0.005171557314750326,0.006438109904058115,0.00631250702544501,0.006310150173764043,0.006457907549667858,0.005956856506800631,0.008291791368509202
2025-01-10,0.005600954833397133,0.005409762749150444,0.006898604772507197,0.006237252533330969,0.0060048411911106745,0.007069354425135679,0.0055053674997970516,-0.008594830856873376
2025-01-13,0.005773574360253195,0.0056517137285486945,0.007389704758748988,0.007195022217906445,0.006986455489119153,0.007341311717808938,0.006735480127747389,-0.002950338150588453
2025-01-14,0.0055057406786885735,0.00552699065472947,0.007114720918873723,0.007059079235627098,0.007096361893745124,0.007223807210813896,0.005436920444368265,-0.002763963112850108
2025-01-15,0.005488923102089158,0.0054012163149582005,0.006875278160179879,0.0069280481883085025,0.007174124922125478,0.007325617682708622,0.007326464629185312,0.012070971771290177
2025-01-16,0.00613879055452233,0.006013755148849134,0.007918527307106165,0.0068261640923666335,0.006778871064509392,0.007114175626444315,0.004962891984580676,0.010878918770723344
2025-01-17,0.006574465353700667,0.006410646484410969,0.008443696554513255,0.006716843822765733,0.006420173369353636,0.007601982227871042,0.011360873649862335,0.013410786237992217
2025-01-20,0.007031123255881141,0.00703004667825702,0.009303833440390217,0.006675430052811685,0.006061148300904804,0.006869629827335999,0.005029380362871387,0.0017972834149009298
2025-01-21,0.006684884398704406,0.006830086132763839,0.008659031912964722,0.006490294492659779,0.005831247315779728,0.007306471720676369,0.00311587953054999,0.00325740820461521
2025-01-22,0.0066837758755396975,0.006669911129753093,0.008163441027709136,0.006337394148428782,0.005601832373822304,0.007092872415893773,0.00635390976916957,-0.0003744135207017853
2025-01-23,0.005962741295531576,0.006467369073985572,0.007669261305560287,0.0061989408700742,0.0054655063728394635,0.007715515758951795,0.004064308166493397,0.0023494631007008647
2025-01-24,0.00584905259387937,0.006296701484625866,0.007286789365801281,0.00608323608194945,0.005266358553985459,0.008047248004055091,0.008520224350105758,-0.007359005766567473
2025-01-27,0.0062520753601162235,0.0063654411130449244,0.007492808993787777,0.006806417983024343,0.0061224085144272345,0.007237509703282254,0.005859056361960866,0.00015288631756051513
2025-01-28,0.006252316964041216,0.006171637755360394,0.007097359650035733,0.006600670828724279,0.005904013121008884,0.006039643641727366,0.007181513421888799,0.003545103961691706
2025-01-29,0.0062588220975420775,0.006046307265954867,0.006873216062088965,0.006433971196657963,0.005667516825051012,0.006959937476750575,0.00697539885882077,0.0027966809126848432
2025-01-30,0.0061198081769374725,0.005902003652042317,0.006643605559851407,0.006286576610812738,0.005452226399354405,0.007279241403868982,0.008158406077137033,0.010357727431605228
2025-01-31,0.00630475436766797,0.006259439218895191,0.007413660291938637,0.006249772363827225,0.005179904384036208,0.006746887214311224,0.0043274937616956215,0.0031291702062748827
2025-02-03,0.0060409670103423845,0.006116963866636041,0.0071100096243387634,0.006130583357788848,0.004990119287226121,0.007094769263653289,0.014672972075354167,-0.010476639492973071
2025-02-04,0.006507920251640914,0.006462028368316754,0.007883791832059329,0.007594082093707787,0.006367129395360911,0.008871443791861007,0.006466305680691728,-0.0014923287757678664
2025-02-05,0.006547286025657863,0.006275823826833713,0.007457771001706071,0.007315347369098827,0.006326940060907933,0.008066496298469639,0.006321146884670178,0.006106764896670891
2025-02-06,0.006588245007423479,0.006265808924099045,0.00739467355886269,0.007071865892861462,0.0060406839999381755,0.008030548069723729,0.012250454685839714,0.011988201623478252
2025-02-07,0.006917492236683945,0.006747426062939117,0.008265825320511866,0.006959372208512551,0.005793992624956057,0.007395824809244765,0.003966617740899226,-0.003075548391086793
2025-02-10,0.006900519931724807,0.006585106896679451,0.007862600676196123,0.0068752089447060806,0.0060107412217176226,0.008038002588123472,0.007607929395724361,0.007705424453028549
2025-02-11,0.006541088765732701,0.006657644390498292,0.007911916098751389,0.006706084725129233,0.005729018340864368,0.007105410990496761,0.004164552519065549,0.0010943165034338264
2025-02-12,0.006418381163438264,0.0064603890608147295,0.007465662273885151,0.006518143336159231,0.005524325568003945,0.007444001342471633,0.004780521342003382,0.0034120409791472475
2025-02-13,0.0062761762729308095,0.006319094130227192,0.007175371708482092,0.006364554363849161,0.005311456645019158,0.007127805051293154,0.009075495411439496,-0.004859986461027116
2025-02-14,0.006192728927478517,0.006241174704585144,0.007102169826003645,0.00659232977483945,0.0058164215116017805,0.007956643373027213,0.004538154428411797,-0.003680593049228372
2025-02-17,0.0060309796314473646,0.006117837191623028,0.006936126809536631,0.006627358976392036,0.006116298616915859,0.007853328431004877,0.0033627740822725427,0.004057032506809775
2025-02-18,0.005455913769658283,0.006014135578343097,0.0067814113844375055,0.006461841333607072,0.005860424907199312,0.005584069793129757,0.003258075811811154,-0.0001482774159103468
2025-02-19,0.005466214483764964,0.005831033898112312,0.006509288484876911,0.006307890536571643,0.005679599000702418,0.006132886648843636,0.006247773216682128,-0.006201676703107162
2025-02-20,0.005687006914233993,0.005853934281956922,0.006730900881452783,0.006768396335073456,0.006355877373694823,0.006054858371512105,0.0048548088957761975,-0.005697693178639079
2025-02-21,0.005862853555138477,0.005844677599003806,0.006839840508004465,0.007046723952529857,0.006905392119821368,0.006643039008874074,0.005090515921306206,-0.00041564679857630045
2025-02-24,0.005853880555495472,0.0056675397305876105,0.0065614069630654396,0.006814081743781432,0.006690564863980009,0.006916365506226345,0.008204808304881966,-4.619364376283306e-05
2025-02-25,0.005572437330952475,0.005494895288637007,0.006325153632907505,0.006610398695723279,0.00644242444616305,0.0065004777174831035,0.009231436603899286,0.0011195947544384158
2025-02-26,0.0055702175509230395,0.005334552588919714,0.006135339460478574,0.006435887064599648,0.006191699682032438,0.007150975704442833,0.0046565218710502175,0.007218339177660324
2025-02-27,0.005712782755198212,0.005465918904771437,0.0065010219725722355,0.006325212130339243,0.005902722880345875,0.0071158406780975555,0.009295820567928794,0.0028248444821190564
2025-02-28,0.005713206727081028,0.005344387531421634,0.0063431159736429535,0.006196689366268312,0.005671525164468048,0.006514195918713836,0.00903051631442487,0.006091366275022694
2025-03-03,0.005436370538112621,0.005392125182768215,0.006508564334198437,0.006110208132434994,0.005425540299067016,0.007790799105833777,0.008954528852827779,0.006967959870571058
2025-03-04,0.0055781815238589065,0.005499423700072389,0.0067508521966710665,0.006046090689302187,0.00518683363827358,0.007632660974980153,0.008805509458457896,-0.01273960384452356
2025-03-05,0.005828649888478789,0.006177935880038476,0.00809675757070959,0.008228865420236759,0.006987534586320489,0.00676600809506726,0.009045401670740498,-0.0003654052613339558
2025-03-06,0.005810069554829924,0.005990399777468563,0.007621269665302126,0.007844239029671832,0.006760590076053471,0.008136024927240712,0.012720493160843288,-0.008372280620147927
2025-03-07,0.0060307779832143756,0.006159342585959313,0.007902808510557035,0.008384060035012499,0.007675149368681002,0.008395598023096097,0.008165582625279725,-0.0003340494309027342
2025-03-10,0.0054066600801086885,0.00597226476029625,0.007426170116181744,0.007944100235074955,0.007395075321853078,0.008102010510119084,0.009263764774968682,-0.009224549065563985
2025-03-11,0.005723997655445948,0.006215577842230897,0.007878261013294917,0.008628342933923524,0.008395201201536058,0.00910723365224194,0.009168142182362055,-0.012189994303420392
2025-03-12,0.005931636135968457,0.006725411593732171,0.008747513686386202,0.009818550851575864,0.009757766322988741,0.008919684847444624,0.006404000016725452,0.005282632464427218
2025-03-13,0.006091472029997039,0.006647681083208933,0.008383462391530927,0.00927977176424815,0.009225537297005438,0.008523200275483157,0.007597577100306881,0.0001873141497901715
2025-03-14,0.006006802652296993,0.006445329250895826,0.007868418323851729,0.008790949899595491,0.008801115559096316,0.0066943289559507355,0.007668121461576745,0.010445570640337097
2025-03-17,0.00648254178163319,0.0067525054434219075,0.008311557665929935,0.008386087664691412,0.00827013748135832,0.006575251697582167,0.005229430733200216,0.005545108532843336
2025-03-18,0.006584031514074834,0.006686212956232897,0.008040531360537112,0.008004609250725957,0.007842254014797228,0.00680541385904772,0.004532664938286509,0.0028644579707942075
2025-03-19,0.006549756974813217,0.006520385283272581,0.007632122922246739,0.0076602423280205416,0.007480171530412685,0.006822598806216093,0.006173559663639452,0.00017229595893726585
2025-03-20,0.006550605298502832,0.0063218889535981695,0.007225789768225438,0.007353842211018316,0.007179236557730695,0.007083664880359693,0.008505668313595848,-0.0005399599182240776
2025-03-21,0.00641177050008225,0.006130725613491953,0.006887821991586243,0.007088771395145912,0.006975717367134692,0.006822261056868852,0.007851199532518534,-0.006363573996727775
2025-03-24,0.00644263066187734,0.0061449453370848225,0.007039567452127264,0.007408242320349408,0.007585775964841728,0.007021607419300126,0.008710967146981453,-0.0010182357632511627
2025-03-25,0.006445498924228007,0.005962964048876086,0.0067411378908740415,0.007146991536314517,0.0074168926137295026,0.006807017138691322,0.008340365449643797,0.0029823508678857506
2025-03-26,0.006480965714114503,0.005827279711430377,0.006545896615301059,0.0069060289485439255,0.007082194972820882,0.008348720929447736,0.005926350156937967,0.0029734828920486714
2025-03-27,0.006509166347978063,0.005696512401082926,0.006383655715145645,0.00669546245729681,0.006769953683126879,0.0072625265006026245,0.008354163617609161,-0.002708045698123141
2025-03-28,0.006325339859971667,0.005562665639218077,0.00627260633233399,0.006619529174184785,0.0068815382059982146,0.007246212543442498,0.0062868941344896,-0.0008311688790193683
2025-03-31,0.006283531135314197,0.005397045911907757,0.006095006659132678,0.006453959193601275,0.0067357376580778686,0.007585034967847171,0.012147428559498153,-0.008827493132512368
2025-04-01,0.006340345043618297,0.005661792684388841,0.006822766740621811,0.007409941386522671,0.007732877487331372,0.008399959033190104,0.00859104006396478,0.006040349189796083
2025-04-02,0.006283258356390929,0.005685216945466485,0.006871827077496193,0.007145684572579938,0.007335585732182781,0.008263358855869164,0.00928361978278795,-0.0030504625441951125
2025-04-03,0.00573174581870758,0.005562437372052862,0.006697708760172904,0.007033830670567623,0.007454465215299799,0.009172772584176639,0.011393094521927619,-0.01566483282449653
2025-04-04,0.006579937714325305,0.006618722398778723,0.008722543324401201,0.009701576368934716,0.009482335802037696,0.00861841093185248,0.030252394524936176,-0.05079223778095572
2025-04-07,0.012566125638648376,0.013998932893202908,0.020520840805610993,0.024201209285231267,0.018494574380378895,0.010435695541371692,0.04999283974925736,-0.04479999767989437
2025-04-08,0.015416055022219833,0.017453776162957027,0.027532386762446657,0.032825126839097635,0.02641822416400793,0.01041843476599025,0.026080471362672008,0.026697971957938344
2025-04-09,0.01692369070908601,0.018141751475693364,0.026516345636279214,0.029818451584822145,0.02378464941630974,0.01040748950029536,0.02915841005897498,-0.029636550033435613
2025-04-10,0.017754664545421274,0.01902827537331045,0.02637810767776202,0.030696641528424582,0.02638395801808836,0.01040748950029536,0.053139274206661764,0.02999044733107892
2025-04-11,0.01921558596303197,0.019857400729417586,0.026228292304708658,0.027942283358252884,0.023712098481291813,0.01040748950029536,0.015759684966057716,0.00641161069053716
2025-04-14,0.019325182103024675,0.019316415480201656,0.023140943820406448,0.02532816073368749,0.021658048430547208,0.01040748950029536,0.015005188052988491,0.02113319013250699
2025-04-15,0.01984020842213551,0.019430212970890186,0.02210572537106261,0.023061642196696992,0.01964628578256272,0.01040250676745359,0.008363454624764044,0.01401441445898376
2025-04-16,0.020103291476077843,0.019148509453380196,0.020259679244267494,0.020983143941681204,0.017950167459754522,0.009563772813239795,0.011797475020100597,0.003207322700798546
2025-04-17,0.02010794188887785,0.018581784213671265,0.017886432006488085,0.019080844618306895,0.01657918526687716,0.013475371388162743,0.011532483353631232,1.2083642976982122e-05
2025-04-22,0.020106943536990492,0.018015708452639372,0.015803899629446977,0.017376516331005527,0.0153951189855669,0.010558969588509106,0.0068128771388385025,0.006371864996553466
2025-04-23,0.020195590651951985,0.01753647187434034,0.014245048726865835,0.015866234536121477,0.014248704262875183,0.00919329343793615,0.014010740893975294,0.008917210859303732
2025-04-24,0.02030882375558358,0.017141971124176914,0.01318585204343201,0.014533520723079583,0.013183783070642411,0.01033567364360272,0.006063871960390462,0.000499684733131404
2025-04-25,0.02031280479251268,0.016620208322122187,0.011786500194665815,0.01332363547134461,0.012335257010067616,0.009636608734094885,0.0051203185340544495,0.0009392072117701666
2025-04-28,0.02029621201261024,0.016115532004922883,0.010605139143454534,0.012251115683378937,0.011562198389618188,0.00817398466060732,0.004237450706800634,0.00023763411587168055
2025-04-29,0.020275601312165215,0.015624696403193684,0.009608473335877438,0.011302817508143334,0.010871050725396432,0.00780501232234765,0.005943519485172118,0.0054736878999563105
2025-04-30,0.020330086915487006,0.01520792375651663,0.009038438466861885,0.010480798816193078,0.010173024274654274,0.008188047303494863,0.006580296746338846,0.00370318377722351
2025-05-01,0.020357440963355084,0.01477250494974549,0.008425452619077388,0.009753067528251861,0.009561227142150595,0.007554142487685338,0.0041663872831275185,0.00022363860095443876
2025-05-02,0.02027709975609413,0.014322579697605801,0.007800346081286353,0.009110936467611814,0.009049913949743794,0.006187331307051295,0.010004617015549097,0.01165388894372106
2025-05-06,0.02040395329039611,0.014176632163294947,0.008691235967199314,0.008624804259223318,0.008428845570721342,0.007847986379674158,0.008070107685281972,0.00011632099956126515
2025-05-07,0.020393627796222977,0.013744784369289427,0.008018860025238238,0.008132037696606307,0.008014813216595213,0.00814631986985486,0.006405555372390339,-0.004441420859573891
2025-05-08,0.020109352479173788,0.013370397326627157,0.007723448001059174,0.00800571287167126,0.008308591157809716,0.008271078636493154,0.010109590965398926,-0.0032414939241708443
2025-05-09,0.016379443120913578,0.012987375029743004,0.0073758913873471525,0.007760188988372612,0.008389061780496077,0.00842897597238978,0.005090166431279469,0.0027156117447157085
2025-05-12,0.012244213162038659,0.012609285006783011,0.006834073266172992,0.0069271141575733275,0.0075951990388221854,0.008016109655245142,0.009981973384818993,0.005850900734056886
2025-05-13,0.011197412502658518,0.012308875116895657,0.006916752939569749,0.006695649064446814,0.007157397664928928,0.00861390533923594,0.004431581326129992,-0.00024407394399382048
2025-05-14,0.008223958735158271,0.011934046948547727,0.0065607637056904556,0.006466320064085186,0.006868970381273258,0.0078641709740383,0.00620789752988005,-0.0020828613700700997
2025-05-15,0.0061458528262271096,0.011581730728399305,0.006370792159544629,0.006371024483769992,0.006895138491346904,0.007988119890255137,0.010505452818307384,0.005668238281129817
2025-05-16,0.006132666524543047,0.011314417041011866,0.006556392098144535,0.006242514208293647,0.006519081929586451,0.007242961753623163,0.004965437706254344,0.005866609582756921
2025-05-19,0.004723740491738195,0.011063457754203839,0.006719357368846547,0.006142332966967982,0.006171592659531107,0.006941120570058614,0.009374683616180358,0.0016912204400366235
2025-05-20,0.004014521576811814,0.010734416855373081,0.00642944062345224,0.00602010730307235,0.005901808924225391,0.0070453765860318705,0.006152130528231113,0.009359121884227002
2025-05-21,0.004281931386582095,0.010656905397818432,0.007315624430131065,0.006036344689042584,0.00556184652104287,0.007128617605842721,0.003943022996189907,0.00061476811517486
2025-05-22,0.004264129759174998,0.010333350429008719,0.006866328870176774,0.005931665277268858,0.005352252761677242,0.0069693968605400135,0.009617513932486738,-0.005386357725998701
2025-05-23,0.004541776011049824,0.010105058841813765,0.006978980772442512,0.006478303100206879,0.006077721148453431,0.0066795653365843205,0.019106770490702134,-0.0024402411105643265
2025-05-27,0.004387002127234526,0.009815435188792635,0.006714911871965067,0.00641451486790659,0.0062294849277776745,0.014388266831479615,0.010014593375779151,0.0068701295016069435
2025-05-28,0.004514527351475313,0.00966406346371941,0.00699790808865905,0.006296868802520542,0.005893333895444407,0.008443449251714053,0.006313049333762555,-0.0059529086163900725
2025-05-29,0.004838563852123588,0.00948244180222869,0.007164782990217964,0.006870603717637427,0.006669397817540005,0.008667902477172772,0.00729580475102445,-0.0010892935002849396
2025-05-30,0.0048675559355581734,0.00919743953502716,0.00677721082672544,0.006632615633412093,0.006554029410482321,0.006908891990879632,0.00617383639554818,0.006392647950079955
2025-06-02,0.004907491891444853,0.00905368859798433,0.0069609255899934774,0.0064646131564599744,0.006197459455806761,0.008245590732377522,0.006712575971862392,0.00021656493898292961
2025-06-03,0.00489554648558545,0.008778037059495874,0.006589973948691742,0.006276893038200984,0.005943329226311874,0.007080850641604233,0.006763572618595754,0.0014463624235104152
2025-06-04,0.004886357686445438,0.008517993683750802,0.006321714311290852,0.006127526792819807,0.005694440225782828,0.007383804166779024,0.004241643049945422,0.0016260813325827642
2025-06-05,0.004310718426653433,0.008268100860696117,0.006124229581251695,0.006007914318659547,0.00546259298047028,0.0067834852930909765,0.006086369827080827,0.001101503038303833
2025-06-06,0.004304586208361458,0.008020760616592966,0.00595870519833042,0.005909993393491286,0.005254587630040536,0.007168519163211493,0.004249579532391726,0.0030483509828440024
2025-06-09,0.0041229767439180795,0.0078121822456624634,0.005941650589859659,0.005842767502829532,0.005038527109790223,0.006535332978039092,0.004168893254870462,-0.0006338355182717282
2025-06-10,0.004009953782055967,0.007575782784698261,0.00582877045670401,0.005786091411023691,0.004979299564857037,0.00556444410055344,0.005462356042840831,0.0023522238219615193
2025-06-11,0.004005904965278001,0.00736755815229109,0.0057589224717568225,0.005700294348530694,0.004683633823133138,0.006080555388933756,0.003968386209852669,0.0012755751694288626
2025-06-12,0.003887659591095577,0.007149942927081254,0.00568086620535365,0.005657004677709176,0.004520458132860929,0.005729518476699448,0.00541015691934569,0.002309951278693023
2025-06-13,0.003873108720339757,0.006955180466636666,0.005673876583502685,0.005629075163935268,0.00435785473564506,0.006468319686104119,0.0075804555607700405,-0.003867953287326828
2025-06-16,0.003974757041097409,0.006809532066306151,0.00590610740321841,0.005960228047697325,0.004911483349626004,0.006330595219388566,0.005071278835540287,0.002775616986911682
2025-06-17,0.0038700408520424855,0.006637001305093331,0.0058724155663382694,0.005872201405041739,0.004715489229376619,0.006700751230248088,0.005882168550521248,-0.004652957144498432
2025-06-18,0.003931508405969509,0.006534967464011912,0.0061610897446688385,0.006290133052267,0.005384734221956532,0.006439034456402944,0.004034091001520255,0.0010748127183765536
2025-06-19,0.003926915990612478,0.006341353571054658,0.0059749207371270095,0.006125227641574665,0.0051709577105027,0.005937948641655299,0.0034202554041568647,-0.0058632570028140495
2025-06-20,0.00366058610206569,0.006313688792394101,0.006440632019304025,0.006742901977474287,0.006027429313475905,0.005293929145018949,0.007977832687412227,-0.0019468881565799206
2025-06-23,0.003683713243808053,0.0061398964654808775,0.006261507818385963,0.006571219146362462,0.0060977775382400675,0.005734751958499943,0.004724032805886386,-0.0019050123541107804
2025-06-24,0.0035062766991176076,0.005971111556031588,0.006124764263125801,0.006430397664534289,0.006155010845251888,0.005514649369779999,0.00803758781938464,0.00011417480174537865
2025-06-25,0.0034576514367673553,0.00578927499561221,0.005940596672227849,0.00623632580149297,0.005889437188667776,0.006362776120577277,0.007373907553071171,-0.004600129408731596
2025-06-26,0.0032552260984756026,0.005724895991278457,0.006200256255060931,0.006547880065468871,0.006437036090623171,0.007647825767381356,0.005164010497895124,0.0019250166362595733
2025-06-27,0.003019344741281867,0.005570485562973065,0.006035298194757094,0.006336467949074277,0.006128505465492813,0.00786491193776714,0.00329375502352711,0.007220083262529627
2025-06-30,0.0033846258899607874,0.0056829804664388466,0.0066015161869401465,0.006239391519155024,0.005789749297159638,0.00799440183327839,0.00508454509172707,-0.004316659986782926
2025-07-01,0.003248203740365776,0.005610392514744359,0.0066293367062531805,0.006496393428436196,0.006295355445638254,0.008834402823129093,0.00657901844297664,0.002769816489580363
2025-07-02,0.0033064127761710895,0.005481626302703116,0.006409399660312027,0.006300797516753268,0.005989795727124032,0.00684807391757493,0.009661734009174215,-0.0012072894404895986
2025-07-03,0.003301470908616752,0.005322855077373842,0.006193280497959344,0.006166167701846368,0.00593992842628786,0.009259000292032384,0.005050207659650393,0.005512035276482842
2025-07-04,0.003503797453457033,0.005334395090129011,0.006404493731534577,0.006071116885712007,0.005634671231580239,0.008861912106534338,0.005300958047513095,-3.400184743706406e-05
2025-07-07,0.003496620767736047,0.005171894632189899,0.006153148649100936,0.005948402195521544,0.005422867129486514,0.007928977563367651,0.003837638422157501,-0.0018605289721498662
2025-07-08,0.0034509402204574093,0.005035005315256256,0.006041069832547192,0.005933913937551948,0.005529541277835822,0.007675589093968308,0.003128383288986312,0.005401837525108537
2025-07-09,0.0036556057154056017,0.005057765586900947,0.0062804861797976196,0.00588560397154244,0.005258300118502972,0.006377606921423193,0.003402252147218044,0.0014445976825480868
2025-07-10,0.0036331653404403767,0.004916436200743635,0.00599032792047407,0.005700496145127032,0.004945808175345977,0.007130768144677195,0.006343721784523503,0.01218440536403481
2025-07-11,0.004491846700526005,0.0056239353006174225,0.007749246167301019,0.005842313799394283,0.00465213144695703,0.007749806648135921,0.006213153414659784,-0.0038623016399972547
2025-07-14,0.004575127866365161,0.005534073708137475,0.007420490069746773,0.006086532608555148,0.00515894622753737,0.007754879095283159,0.004924634539057581,0.006354819816113494
2025-07-15,0.0046526508624214835,0.005586719752447645,0.0074033455565229575,0.005998433125614646,0.004905024130885791,0.007615228285013732,0.006236170850261601,-0.006668029434209286
2025-07-16,0.004900614014691822,0.0056574294806894625,0.007554229187583076,0.0068161521743412105,0.005922921599714752,0.006876471934408065,0.004759216104068065,-0.0013098311966778932
2025-07-17,0.004783294467356993,0.005494456960889149,0.007074963815437929,0.006575511689120821,0.005883405814180831,0.008310529712036234,0.004167443355061359,0.00513990583616904
2025-07-18,0.0048889545634098345,0.005473831544507056,0.006974635329626051,0.00637583681147324,0.005584951384849652,0.005601537259905997,0.004688882742418333,0.0021709249426359128
2025-07-21,0.004659450951561738,0.005333651355063958,0.006627773734735765,0.006185076748985622,0.005338583972203903,0.00639977239394547,0.0035147725334075315,0.002321565488333895
2025-07-22,0.0046140205434073815,0.005202340487677679,0.006367036497763412,0.006030862601014697,0.005109820740066459,0.006183293465987733,0.0041560825386686585,0.0011975518152574046
2025-07-23,0.0045563846811428055,0.005052379001793134,0.006118407585209733,0.005900650886218955,0.004909246910715183,0.006487343765536416,0.004872963652701432,0.004169137875238582
2025-07-24,0.004583951961091839,0.005003782988945415,0.006142673462840049,0.005817812917664064,0.004694844824428672,0.007226458206260387,0.007372049415153964,0.008450646172831738
2025-07-25,0.004583627331799411,0.00527450270572835,0.0068920247155985085,0.005826990769611941,0.004454862397665886,0.006139395264307366,0.005005951347044543,-0.001982617155538239
2025-07-28,0.004675379337193165,0.005136828039977357,0.006593118859808705,0.005826249117775396,0.004644163410165636,0.006348712734252351,0.011039034924405224,-0.004274332532122518
2025-07-29,0.0047128005806537,0.005089202028733916,0.006592399450626451,0.006148190430217183,0.005227608302749821,0.006838956270055227,0.007564245417531877,0.006027123752434137
2025-07-30,0.0046134369877065965,0.005150296292014916,0.006745147467987036,0.0060425217044224825,0.0049716574462430165,0.006566301810775595,0.0058009018551619905,6.566994289081227e-05
2025-07-31,0.004628513637576941,0.004993423428299866,0.006402088001449007,0.005908131280157312,0.0047923550050065905,0.005838560525564485,0.00781891874721765,-0.00044883058493882524
2025-08-01,0.004606217078124683,0.004842551787629632,0.0061440033803429875,0.005804418929116127,0.00470093760684024,0.005904929174494047,0.009324716477198706,-0.007054431663779796
2025-08-04,0.004919752678330992,0.005002918119743595,0.00674304510746609,0.006787927211788631,0.0058201227484074615,0.007368379209605757,0.0032700805148645168,0.00656158073025567
2025-08-05,0.005038991806498773,0.005109862897462809,0.006940743038199106,0.006570026270823185,0.00551312711530137,0.006829704913558394,0.005206453375443415,0.0015762687298504043
2025-08-06,0.004975697145456403,0.004969218679786314,0.006575582828713547,0.006340911730081772,0.0052780905219557035,0.005979071288846209,0.0038513689923143457,0.0023597541949187794
2025-08-07,0.004908939742927401,0.004852386281193122,0.0063290715667550426,0.006157742224263018,0.0050535746619340275,0.00651776779672865,0.0059846649048651635,-0.0069531791048954225
2025-08-08,0.005255411389119518,0.005003370408482846,0.006827649317043897,0.006977554505341713,0.0061304874591073585,0.006120224696718415,0.004937508371733113,-0.0005605473726858621
2025-08-11,0.0046265362920365006,0.004852890408739352,0.006471910522937983,0.006681078796149961,0.0059669616083493785,0.00727041583331547,0.0034593989375236163,0.003731060985471127
2025-08-12,0.004553845187209181,0.004792990878847843,0.0063459327740410494,0.006441103913787045,0.005671975047254484,0.006283178621020265,0.004471477258665097,0.0019805778598516836
2025-08-13,0.004393597683250804,0.00467223257023573,0.006121131377297289,0.0062328000119300665,0.005420664990887773,0.006731415436964397,0.0038923770680993853,0.0019002899837382544
2025-08-14,0.004051308529396147,0.0045537498701934695,0.005944947672499474,0.0060613602572222244,0.005189488365020918,0.006283398801469149,0.004410038939747883,0.0013084440108193044
2025-08-15,0.004010491995935928,0.0044266421982397395,0.005787847514814729,0.0059191350533914925,0.004982626883905418,0.006643567946980578,0.008990916111927677,-0.004182119099875858
2025-08-18,0.004081634278637261,0.004412352965493052,0.005992090490713119,0.006199780273790791,0.005528898333068363,0.00629082107413816,0.0036719021728003876,0.002055027340188847
2025-08-19,0.004079871662558625,0.004307448828797045,0.005854360039222295,0.0060349729856391775,0.0052876760208448205,0.004848743158039267,0.003333312925997615,0.003433825981696203
2025-08-20,0.004106802703008954,0.004260086635304151,0.005853979867926144,0.005908729196785511,0.005048307964465766,0.005345635720747097,0.0106230622247054,0.010705129482286378
2025-08-21,0.004629507420196049,0.00489238445809712,0.007237227522786762,0.005922299093569664,0.0047411979649102905,0.007119421845490704,0.004974195793859618,0.002269147570207611
2025-08-22,0.00459056635715078,0.004775797523597831,0.006829187304143417,0.005809702293472929,0.004555345568327741,0.007118628543467276,0.007296165745327641,0.0013096735203193147
2025-08-26,0.004287660335138025,0.0046414073459467575,0.006471592459808955,0.00571451543844978,0.004393950819555537,0.007976136460111367,0.006037876857528989,-0.005982629533819116
2025-08-27,0.0045074003698741425,0.0047326117303539165,0.006768700281952571,0.006438845024718981,0.005339080676687792,0.007303681485333418,0.007301244634626962,-0.0011122330572703682
2025-08-28,0.004382109532354248,0.004596518324263222,0.006445640740743403,0.006256223779284548,0.005327134083317137,0.006353368677027412,0.005440881864604428,-0.004190063675896131
2025-08-29,0.004351983590373275,0.004573149885959805,0.006472267122847339,0.00645953261140779,0.005844191560658638,0.006341435454393955,0.003683182563570028,-0.003205810147176438
2025-09-01,0.004423187201784269,0.004502833664335303,0.006374753907989963,0.0064668992926177945,0.006142835797614467,0.006027208394665733,0.004794468680135327,0.0009791336538030847
2025-09-02,0.004422690055503791,0.004372242274951332,0.006110425423589931,0.006251009549174053,0.005866371118634916,0.005825825572534471,0.005634673177470585,-0.008693332748007208
2025-09-03,0.004571467888893169,0.0047438333040141474,0.007091043625556137,0.007564814942149692,0.007184410110863901,0.005877502135754101,0.005030836503775853,0.0067014194723157275
2025-09-04,0.004581209835745664,0.0048834678792773175,0.0072002893123253395,0.0072061779103824415,0.006754624073386261,0.006887350945742634,0.007051854148120501,0.004229439462832369
2025-09-05,0.004655351616151942,0.0048467156411783775,0.006951754692600006,0.006881186487349818,0.00638993421549175,0.005713376777407162,0.005741827248617888,-0.0009443640085069957
2025-09-08,0.004641083035321125,0.0047047553346471,0.00658181514390508,0.006613490895877791,0.006266655138466263,0.005942326248308477,0.0044395091518271415,0.001432478432217026
2025-09-09,0.004343576919103944,0.00457490536086627,0.006216452934365853,0.006278630033262758,0.005843228637045315,0.005248090014249056,0.0028132136247992867,0.0022855419694657025
2025-09-10,0.004349072552662367,0.0044707265229357645,0.006024846427665971,0.006090450654483886,0.005574175542624175,0.005791838064545087,0.006874115548857763,-0.0018518624084912266
2025-09-11,0.004329122011564189,0.00435820095533781,0.0058960945870612826,0.006003632456292942,0.005655019573052902,0.00599793845831679,0.003556371776333052,0.007795752918545395
2025-09-12,0.004605928697750636,0.004636885425272173,0.00651307040297464,0.005904373833193147,0.005322563376289211,0.005002583453296202,0.005752972907377836,-0.0015392153042401526
2025-09-15,0.004624970470081146,0.004511409434472096,0.006259130239388383,0.0058274348812109664,0.005371665074020751,0.006338028324531091,0.005293911947298028,-0.0006788683633295061
2025-09-16,0.004630286574343258,0.004377133527275697,0.006021897016557804,0.0057213260157582355,0.0052799540117842905,0.006267536315915886,0.005025445796715251,-0.008802235181849785
2025-09-17,0.004962474378687918,0.004760094609612353,0.006982684856904242,0.007150521793355118,0.00664614824585378,0.006084184284620616,0.005055934905459891,0.0013801274733196845
2025-09-18,0.004952682182382466,0.004627448083065833,0.006595870943793507,0.006825003238606368,0.006328493500947258,0.006583871838357438,0.0033775230938990694,0.002137065874496143
2025-09-19,0.00491914060473067,0.004516912911369626,0.0063158287926043215,0.006550351413447897,0.00602485944274801,0.006263068180778525,0.004366066791905369,-0.0012361209068783247
2025-09-22,0.004294770360765753,0.004389764436475956,0.00608834904277444,0.006346908835623787,0.005972310384953632,0.005623408254701158,0.004083315097789656,0.0010843988613741778
2025-09-23,0.004266089373909852,0.004264315320507748,0.0058780297087305455,0.006144704758338562,0.00571059175224327,0.0059951872280765,0.004500820508528584,-0.00036856368980916994
2025-09-24,0.0042476703565282135,0.0041353926530815445,0.0057145249409757334,0.005977836928920329,0.005545474301727557,0.006351505829165029,0.008929180662600037,0.002933902730827611
2025-09-25,0.0041162390903429075,0.004073309608351497,0.005680394501178397,0.005841917038679325,0.005289119075024479,0.0058942271318112825,0.003711307002264722,-0.003942727318889683
2025-09-26,0.004197300354766574,0.004065592947926102,0.00584204224587298,0.006057846402679063,0.005743812622526836,0.0049825486455227705,0.0057723804567995935,0.007654587940481505
2025-09-29,0.004425897302304008,0.004364958905814208,0.006447699013239302,0.005947515454198714,0.005406828777233105,0.005530433112966359,0.007034964353814551,0.0016142400974155206
2025-09-30,0.0043567142682704695,0.004250416513708533,0.0061764403559974755,0.005811974971016043,0.005179131221410662,0.0072217947927828065,0.008890154218089166,0.005426228582566461
2025-10-01,0.004483346739079793,0.004329978695723745,0.0063067171420776395,0.005721086482248201,0.004913816243860676,0.0065044227199196735,0.007233068975201682,0.01021459340971842
2025-10-02,0.004380769455581116,0.004887132869755844,0.0073202864158391605,0.005707256042339658,0.0046000711202533705,0.006586183848086741,0.0055795509854620375,-0.0019815520866023123
2025-10-03,0.004293181927119761,0.004763046981267789,0.006926792077922758,0.005700471954128876,0.004774219399554359,0.006276957758510885,0.0041926186504711695,0.006723425084134996
2025-10-06,0.004411760080920121,0.004902824313060472,0.007059678749455736,0.005642097281936488,0.004518540052537016,0.00624841356845815,0.0050684665771924715,-0.001286214490144544
2025-10-07,0.0044214512581585074,0.00476389398842293,0.00668152160927333,0.0055959264543602415,0.00458414041066028,0.005412081897912921,0.003403982519030865,0.0004746159654977036
2025-10-08,0.0044258291156028,0.004620229474370134,0.006290863599322196,0.005438095715742958,0.004376523632001092,0.005557749053613668,0.007402221883559941,0.006861973595673155
2025-10-09,0.004584784234224442,0.00478444668376095,0.006599735681229659,0.005405524823763924,0.004128337909823661,0.005538777476816233,0.00544177308493278,-0.004145181528168331
2025-10-10,0.004695906682808473,0.004748518301497232,0.006549696101477198,0.005742883471393333,0.004706171652744319,0.005270968755768109,0.007780082946854488,-0.008649832933922574
2025-10-13,0.004948164669146122,0.005068007210251501,0.007292910763746857,0.007103477739119112,0.006087966263651173,0.007148569704116413,0.0049014536402476605,0.001632186219565088
2025-10-14,0.00492601209643104,0.004929853666133694,0.006845495818754276,0.006784086421526495,0.005812868527831987,0.006584145096580232,0.0070647244638222745,0.0010478575449285872
2025-10-15,0.0049142844965632025,0.004786557224706516,0.006468791793150702,0.006509986146941683,0.005567263789677717,0.006479952614777558,0.0076332921151467245,-0.0029664809650964056
2025-10-16,0.004484802916300802,0.004697282493148936,0.006320585545717472,0.006453852491212029,0.005833022938352852,0.006600965278825531,0.004606723335293613,0.0011982462503953544
2025-10-17,0.004484556167502819,0.004563632620600838,0.0060509320380945,0.006229050863120818,0.005583448621968955,0.006300477282751864,0.014551610216024378,-0.008674558271743939
2025-10-20,0.0049623136585179905,0.0049083618251567615,0.006962291939472997,0.0074386820928958215,0.006866726373625966,0.006194151418875395,0.0045199889973345,0.005224393753306177
2025-10-21,0.005039309216411561,0.004927895317844315,0.00686226821391688,0.007084186178439526,0.0064739793004656935,0.00612340849236552,0.003206761267522563,0.002485317732283267
2025-10-22,0.005050354837441559,0.00481640025139503,0.0065352548453218706,0.00676929956327838,0.006156375313838242,0.0072811012704506696,0.008996962984896785,0.009291588334099639
2025-10-23,0.005348443990715449,0.0051947921541638615,0.007246324169684679,0.006542410747593855,0.005748519272510644,0.006244963380154465,0.00694817843116835,0.006661942768433147
2025-10-24,0.005459733683192677,0.005294299054686785,0.007278110480249091,0.006327620092274451,0.005413187958173454,0.007386839834484169,0.0061249966423390315,0.006970409304418003
2025-10-27,0.005418983458338892,0.0054095307267726074,0.00734977537157868,0.006148443967408907,0.005095868355749532,0.007401398703142908,0.003889170825045778,0.0008497674014152504
2025-10-28,0.005276834172569784,0.0052488634580310466,0.006874988763370351,0.0059702207695955046,0.004902860934093809,0.0073995911706886235,0.007155843642230453,0.004434001218138025
2025-10-29,0.0053061728835589244,0.005203571422891915,0.006703616426935499,0.005831241933647055,0.004661965295670525,0.006918777542626079,0.0072949380129510785,0.006107108963125597
2025-10-30,0.005330244271232403,0.005262160489114569,0.006784562907402113,0.005725503481037276,0.004408525408889664,0.006961101215227886,0.0072107443713781165,0.0004099158705086253
2025-10-31,0.004995715398356568,0.005102841844860593,0.006413994823158385,0.005614819674937051,0.00426734791469609,0.0065921946793368585,0.00519023807143121,-0.004394844166974695
2025-11-03,0.0051076548485206996,0.0050631546011513555,0.006439445269789029,0.005950217901844186,0.004878755547379044,0.0062770589740056195,0.00469320413004732,-0.0016375971154901636
2025-11-04,0.00500001673188384,0.004925272165374237,0.00619630679507277,0.005863961729982309,0.004978318343597585,0.006857489892932103,0.013916146531308238,0.001400877837716491
2025-11-05,0.0049717426363035284,0.004787541652226321,0.005957472823748414,0.005731700399399231,0.004783731228625463,0.006715849920439453,0.00896889801728209,0.006371833728149371
2025-11-06,0.005095475347770909,0.004897074399173932,0.006242710428802074,0.005619682195061956,0.004533110088729617,0.008332373888693973,0.004953474720521898,-0.004233103400496471
2025-11-07,0.0050816051186078825,0.004859794982788856,0.006285890291257149,0.005921162171143995,0.005096647218667968,0.008154817860067979,0.008375455722087555,-0.005479352892438608
2025-11-10,0.005155934519904126,0.004899178433722114,0.006499378826967921,0.00639803461971894,0.005834221384991102,0.00797861857587112,0.007224661857316725,0.010744949241545754
2025-11-11,0.005104191006171852,0.005430383818674761,0.00754005147779794,0.006238911970612871,0.0054305324048258274,0.007328202668552151,0.007539603755950248,0.011418942777711672
2025-11-12,0.0055196087886936465,0.0059618168004960045,0.008398577628519381,0.006113216247833707,0.005044440542828579,0.006722346502781037,0.004901982590932384,0.0011912575231379625
2025-11-13,0.005518136868883248,0.005787556449668703,0.007739705213693387,0.005937229776881789,0.004847735005576128,0.007340281643034115,0.005693815432134135,-0.010517818356650773
2025-11-14,0.006091701142297787,0.006174425581187751,0.008529166592874664,0.007813127798137934,0.006601042138597469,0.007680294989691732,0.016992639575815028,-0.011206868000125589
2025-11-17,0.006730733240476423,0.006585723407834745,0.009235484418948569,0.009269353351773495,0.008256435172802919,0.008799254994070266,0.0033852169651021015,-0.0023743417197663844
2025-11-18,0.006395714747101396,0.006411528487994553,0.008512613414636338,0.008751773604260745,0.008212791092768457,0.006502926410015351,0.012296014814841693,-0.012804618538238704
2025-11-19,0.007061108505131344,0.0069626669497981995,0.00959481194988354,0.010399587962861445,0.009975427225382224,0.006842953232790062,0.0046754276721711705,-0.004711520439364178
2025-11-20,0.007146656501077475,0.006848497111163604,0.008994438037087563,0.009950077333244428,0.010148529064978075,0.007596922855321206,0.008466374160187851,0.0021329026583370744
2025-11-21,0.006866801853186198,0.0066603869516504615,0.00825998934875881,0.009267124291841962,0.009535144142882234,0.008369519286037292,0.011786302188971826,0.0012586930136575581
2025-11-24,0.006706557713604222,0.006464840877479554,0.007626125557987653,0.008665094058902284,0.008989064250558189,0.006342391628261642,0.006782258734259927,-0.0005032871044552017
2025-11-25,0.006502571336097255,0.0062691080219943116,0.007106298161013237,0.008142209184520792,0.008597237365342092,0.006411394821733097,0.006750144510602506,0.007793441171915616
2025-11-26,0.006749154931717626,0.006370861479105788,0.007348677221363469,0.007706383105975905,0.008026754683821165,0.006043527896991358,0.00837069588117696,0.008507338458814547
2025-11-27,0.006945251886974021,0.006518825959171349,0.007656021459667439,0.0073343765867345066,0.007491623363117478,0.006749241373959469,0.004037301096595272,0.00023729075966998688
2025-11-28,0.006802775899697572,0.0063205035232239025,0.0071204502529927495,0.006980493172106191,0.007130882987507201,0.006346220553271422,0.003926572041902946,0.002740235767750699
2025-12-01,0.006833948153479294,0.006164606428932202,0.0067513450261521505,0.006679384306220611,0.006758155968717167,0.006771220006669279,0.004513323997741657,-0.0018534732176331138
2025-12-02,0.006778104898674787,0.005994026347650075,0.006454067029831407,0.00648946070545442,0.006755106260616987,0.00612358365734243,0.006154964191278208,-7.214895670590379e-05
2025-12-03,0.006768634097943412,0.005811451029928852,0.006146624392836799,0.006256397007173161,0.006478560689735334,0.006535253956914328,0.0032071004993392198,-0.0010003146153007376
2025-12-04,0.006764100797819963,0.005639736079697392,0.005927703840918858,0.00608169827130429,0.006364351182447997,0.006713110004359989,0.004945041470244691,0.0019378452696196852
2025-12-05,0.006619227269977432,0.005488491625488857,0.005722936996973543,0.005839304439785054,0.005992882703569192,0.006474260884635941,0.005907922688357728,-0.004530942476068908
2025-12-08,0.006628335875221776,0.005435797483991136,0.005944956000600494,0.006161285532057068,0.0064790671331064805,0.0057734523253757134,0.0059577537872313275,-0.002268009112168375
2025-12-09,0.006540241484059028,0.005299401150103588,0.005843811976178027,0.006084527568035905,0.006544037908167583,0.005679524427791927,0.004183695608801745,-0.00032145838686953657
2025-12-10,0.006042446189160964,0.005138563371839001,0.005659976522506227,0.005907064739022555,0.006295807536933923,0.005321863673070687,0.006512479446539938,0.001399145195212579
2025-12-11,0.005397890389686511,0.004993796146365835,0.005524030711434871,0.005758963888940256,0.005996056403575355,0.006357028438948913,0.006743013911372918,0.004928026833890723
2025-12-12,0.0055399956801134125,0.004989874433580828,0.005735725286404901,0.0056650337138346865,0.0056926500923991305,0.007137300709607599,0.011092689197291316,-0.00560144497428708
2025-12-15,0.005212351302075631,0.005028666542844866,0.006131270243145867,0.006259748733485703,0.006395901623120766,0.007444014733747789,0.007820634840877675,0.010546326416743548
2025-12-16,0.005197437155566879,0.005517584437096533,0.007295736904884002,0.006180384390610084,0.006018026073442041,0.007546399623872693,0.009078540292040818,-0.006842963299704598
2025-12-17,0.005398239810645041,0.005605950636825722,0.007479489782554417,0.006937806449025816,0.006915307411104165,0.007507888818167442,0.014553485570195415,0.009198845898738582
2025-12-18,0.004890759455386799,0.005883723951894709,0.007901715367955574,0.006709645048847119,0.006505690296900544,0.008905286134269013,0.007726564674434869,0.006475616777249361
2025-12-19,0.004835742487939912,0.0059209063367292964,0.007744429372505765,0.006472574960756677,0.006150152876354118,0.007948582633227858,0.006335298135119205,0.006039987554328393
2025-12-22,0.004930424398471628,0.005928118665884513,0.007562494760226604,0.00626885282783112,0.005826172573018445,0.009152190208101138,0.0060931001929702905,-0.0031775935740553886
2025-12-23,0.00504896768888545,0.005799988061807762,0.007189184404791189,0.006277696123416059,0.006095897543177698,0.008331572310080382,0.004966628213773412,0.002348749763654712
2025-12-24,0.005027833266911094,0.00565265135606486,0.006771378450776739,0.006070669009755876,0.005804579453707275,0.008170870858431096,0.002579053339792775,-0.0018724796588404523
2025-12-29,0.004886142995689489,0.005499608178442793,0.0064594595677415975,0.005974263597727955,0.00586084589064234,0.0062210182192539995,0.0033032253802956764,-0.0004255922890172382
2025-12-30,0.004606030661988248,0.005333086951963132,0.0061468027602416654,0.005817757471271707,0.005682993572856958,0.006285970827070436,0.006601356000727461,0.007492260096800159
2025-12-31,0.004824539019761168,0.0054866515410087495,0.006618020655335011,0.005753276666467707,0.005383907314991666,0.006257295789700714,0.003118793684873216,-0.0009359856964240646
2026-01-02,0.004832438829940868,0.005324444438431214,0.0062891013995071176,0.005653022477510595,0.005322813831030937,0.006518207353041077,0.010934333490932648,0.0019816427960946143
2026-01-05,0.004790618993666183,0.0051850111430491105,0.006038201767847525,0.005552283659770284,0.005093209248539346,0.005860333140711126,0.005070654059397003,0.005361889402665848
2026-01-06,0.004864390682487004,0.005195793644701073,0.006175251262478602,0.0055021724873146214,0.004854232878608892,0.007701401267046711,0.010841029158746494,0.011735439467442972
2026-01-07,0.005314905675290452,0.005799976523405779,0.007634345979806107,0.005603963107513124,0.004583325095816347,0.006594615366824518,0.0061429091633369865,-0.00738691270757225
2026-01-08,0.005701925264337538,0.005907227164473382,0.007735499903937331,0.006597423592978044,0.0057342159640703825,0.007078591650266389,0.006049937891132316,-0.00034838177021730707
2026-01-09,0.005547056952724578,0.005727904939661611,0.0071916215867513,0.006343475224710782,0.005563488429386031,0.008349257168109117,0.007121749023079609,0.007922973823240635
2026-01-12,0.005616412560820842,0.005882752089809435,0.007418714535500848,0.006182620275116111,0.005272721455884095,0.006975176089483575,0.005490751129948736,0.0015889232715307776
2026-01-13,0.005587047157426474,0.005716803866752519,0.006938999700091447,0.005991196525700638,0.005053834623592729,0.007297061654842014,0.0052272477126018655,-0.0003254742830080091
2026-01-14,0.005615120040217781,0.005543220334281827,0.006539064931411335,0.005832388787561079,0.0049293538059539095,0.006903809102542299,0.00246865289876995,0.004625582753597763
2026-01-15,0.0056084781727397766,0.005492487152698189,0.006444380325426521,0.005716545008399946,0.00471027727164159,0.005981791633282036,0.005647173079197083,0.005337054184724411
2026-01-16,0.005338951739217048,0.005483285425494686,0.006457787131875631,0.005627606366282155,0.004500550438030728,0.00553093060784461,0.004195461566673576,-0.00035166209542746696
2026-01-19,0.005074053393565499,0.005316940274984996,0.006150458918858981,0.005529970895790702,0.004418427299692374,0.005572025995560664,0.00557541080923889,-0.0039058916949643047
2026-01-20,0.0048445288318458195,0.0052429974299497365,0.006168275693945934,0.005795776184081107,0.004921994128403289,0.00601822293582952,0.012479541643202873,-0.006751263206043087
2026-01-21,0.0049813807319651375,0.005345507835563263,0.006627409245084921,0.006604786675393154,0.005891949781848621,0.007680230481063083,0.006336441598061528,0.0011152289102027936
2026-01-22,0.004859587629286719,0.005189856540425108,0.006284012978059214,0.006346580743411877,0.005631310098693275,0.006588746255755617,0.008245460441534791,0.001182953776025539
2026-01-23,0.004743497241563148,0.005040088990658245,0.0060090393750750724,0.006128301199011493,0.005389570834138985,0.0061194519212511055,0.0048939851294297915,-0.0006603099754541264
2026-01-26,0.004658370171876951,0.004889223636483633,0.00580050063809352,0.005955633582418803,0.005291903462483386,0.006915613749219984,0.005593825302975952,0.0005420775500737298
2026-01-27,0.004655110973229335,0.0047421375123160294,0.005616323077273371,0.005798809593555681,0.005080087637637613,0.006288425806640775,0.00581597574352832,0.005786808703377944
2026-01-28,0.004699359365782017,0.004811218701404189,0.005903193248413133,0.005700804177754507,0.004841138558472209,0.006028081769410458,0.00618783811859689,-0.005245024842179529
2026-01-29,0.004915873831165231,0.00483834403539907,0.006172586649245315,0.006182834441235241,0.005543962898609379,0.006315645157845622,0.011472717758519163,0.0017120764579948095
2026-01-30,0.004713575275089951,0.004709657203286674,0.0059351831797231,0.005991747010199766,0.005304394381715206,0.007447358620864832,0.007556893269896909,0.005069806351146587
2026-02-02,0.0047661305309063045,0.004732039190498048,0.006036129507078292,0.005853492433837822,0.005055238648144755,0.0064453005268004055,0.016004506070223763,0.011485604086629088
2026-02-03,0.005252491022912483,0.0053818035341762814,0.007398697847908071,0.005844274704532161,0.004772550318435361,0.010336300412719598,0.012919990118236625,-0.002614228694235098
2026-02-04,0.00527289024277291,0.005256998404373897,0.007024145348245148,0.0058627257212255715,0.005030210702914242,0.008495300824453067,0.014288645852457852,0.008466568249207962
2026-02-05,0.004995102176913717,0.0055026209178248965,0.007393948554837107,0.005791937171443131,0.004773320935179904,0.008718576571474434,0.0074131163643259175,-0.00899023509269959
2026-02-06,0.005144496192613683,0.005771617309618465,0.00763975999915548,0.007123224270864198,0.0060515957604575935,0.007977204716274937,0.010722260754539548,0.005861035202490934
2026-02-09,0.005227554184936454,0.005777021412913104,0.007451092631277603,0.006824054324135105,0.005760962920483209,0.009111548476782434,0.00953125122718606,0.001580266276054954
2026-02-10,0.005017945744642195,0.005614389754117123,0.007017973528788594,0.006538692711345531,0.005525721475264938,0.011344530058213516,0.006042458751676597,-0.003124399841567802
2026-02-11,0.005105026906040737,0.005496890251284497,0.006779385963654005,0.006483609258043116,0.005786305768546701,0.009068739302310325,0.008592228429644508,0.011360975749407797
2026-02-12,0.005570196866040725,0.006012250866963593,0.007650336466517022,0.006371003052232531,0.005468892455495081,0.006941440741627541,0.011883339176045326,-0.006678029081286923
2026-02-13,0.005799252748106531,0.006054262564730492,0.0076725284100016885,0.006956772368920846,0.0062838545674919425,0.011263437782390829,0.005756610304257274,0.004220872695258919
2026-02-16,0.005762596532167198,0.0059601841808043276,0.007332267488464252,0.006666329297706263,0.005990409159604773,0.007145156596171074,0.0033420967761485835,0.0026099316443722576
2026-02-17,0.005765248559843601,0.005813868964146103,0.006952071557298984,0.006407529122322789,0.005730832271597225,0.006517098960883077,0.003808947699363611,0.007846011937660281
2026-02-18,0.005825457704630248,0.005955384302618939,0.0071533693525920004,0.006240672623394184,0.005445972050627694,0.0063599006631884485,0.010275354223212173,0.01223982440528184
2026-02-19,0.005928232225353593,0.006505951440696068,0.008096176601962095,0.006189339419906157,0.005144302115725355,0.006322393221484902,0.006571884992031035,-0.00555525704698822
2026-02-20,0.006182778163750873,0.006452860819145277,0.00789461037470481,0.0065827897755745745,0.005807016193077306,0.006568227295404061,0.009557134262215406,0.005620759945514728
2026-02-23,0.00622047048996723,0.006405983494209988,0.007636020446328122,0.006359836527835405,0.005535251479002658,0.006492637230418098,0.007034651676427605,-0.00020588070221884349
2026-02-24,0.0062098760790081035,0.006211036167035105,0.007167237918105621,0.0061425273760804975,0.005379878975002306,0.0064780399531457755,0.006430288450469819,-0.00038379990454887384
2026-02-25,0.00622755260466624,0.00602255678214236,0.006773466166997695,0.005961116817924742,0.005259424091782797,0.007076164444906053,0.005337544534816499,0.011709539479806207
2026-02-26,0.006514600906620534,0.006505514404889872,0.007718472931368065,0.00594533156884292,0.00497438525460231,0.00642712116773149,0.006934259362153074,0.003722335049698299
2026-02-27,0.006255591187641557,0.006372892695254533,0.0073364749141812515,0.005802525019467004,0.004773521409879245,0.006771666006435315,0.006118128044122279,0.005873907491025658
2026-03-02,0.006273967819860119,0.006344060448931939,0.007205533308538002,0.00570461606011046,0.004567586648948103,0.006435696308279773,0.012152678428770394,-0.01203295187416247
2026-03-03,0.007094435689912797,0.006820541961550781,0.008294253101626473,0.008052280242701383,0.006447387089823179,0.005881994963850247,0.024359120609619502,-0.02784201811585944
2026-03-04,0.009420158294578214,0.009499435954631687,0.013241463050103503,0.01533378061176132,0.011399412980179253,0.021357512622645018,0.011397176571612653,0.007942355472112646
2026-03-05,0.009518321151906348,0.009413277169801393,0.01235203087190503,0.014086411388429915,0.010665921083762662,0.011320908378312759,0.01735856557082065,-0.014660726995552265
2026-03-06,0.009957780395543238,0.009807620242100567,0.012628280284113167,0.01473776129936484,0.012240145412198238,0.01607969180151435,0.020230214417213933,-0.012474375115372433
2026-03-09,0.010143286644569725,0.00998772506608019,0.012502367265406761,0.014850187197522447,0.014128201443788999,0.019587738469954145,0.0188473354667899,-0.003438153214196038
2026-03-10,0.010072184381382387,0.009720011662921364,0.011365508177905034,0.013641001933522827,0.013461159907275031,0.019954088600005734,0.01445526678615031,0.01574927164648565
2026-03-11,0.010678732322035814,0.01018294076224425,0.011888697684987124,0.012660501190933314,0.012524959790254763,0.01370286325856171,0.00987165688171221,-0.005624593466439244
2026-03-12,0.010730513320799558,0.00996839549341295,0.010997042377576547,0.011928490135011507,0.012400563896851482,0.014226766026936979,0.008076972195434656,-0.0047049798784210405
2026-03-13,0.010449048284606554,0.009733189833229941,0.010175867654763875,0.011200512303313082,0.012147705626709695,0.013794526373234525,0.015126074792924086,-0.004278830240658189
2026-03-16,0.01039413634425294,0.009494703184597796,0.009457189976708308,0.010532088371887256,0.01186009017736083,0.01069261296824925,0.010243558931539191,0.005491075029777797
2026-03-17,0.010427545268244715,0.009303200500298474,0.008880431294649533,0.009752408267783043,0.010994819093805017,0.01096473862157321,0.008404090685563782,0.00829103309850954
2026-03-18,0.010587194714546569,0.009245595760483116,0.008725975528914857,0.009117821155090279,0.010265892979689323,0.009825112028345458,0.013365238994651155,-0.009493574095872696
2026-03-19,0.010594656332282251,0.009260661717993866,0.008941749826308224,0.009698436519955103,0.011066920823094567,0.0101916672715119,0.02107324662901814,-0.023743309311272283
2026-03-20,0.011213326981621752,0.010697614142922479,0.012541693874723998,0.014666754354122869,0.01443792864440207,0.018262110245303796,0.016131870869182517,-0.014533481045558096
2026-03-23,0.01148903815081622,0.01096567078330822,0.012728571043628862,0.015146515115570955,0.015517858608019219,0.011259793859237628,0.035496420360063285,-0.0024328087708705283
2026-03-24,0.011309865098302042,0.010648300009633604,0.011512742505293223,0.013848434643681365,0.01451930123976982,0.026249383145496474,0.011395710783216587,0.007150296836727077
2026-03-25,0.011534216101823157,0.010471423981515206,0.010732644179142497,0.012680912196815006,0.01334543348469143,0.01239497223942194,0.008467897638491196,0.014109440921962695
2026-03-26,0.012136547725981864,0.010724563225438787,0.011103475022793262,0.011784262923628462,0.01240368687133622,0.012270742033640649,0.008891820923997897,-0.013407243013746847
2026-03-27,0.011887860179353442,0.010904152003142096,0.01143313039070364,0.012664818860145638,0.01358619655698661,0.011913372596511632,0.013535572992355135,-0.00048145400035309773
2026-03-30,0.011789391362124806,0.01057262535657239,0.010351297396919304,0.01159992192826849,0.012546182657626397,0.011481012246437888,0.010180986505754963,0.015984097784743655
2026-03-31,0.012404270822155014,0.010972833063258825,0.011197732179844601,0.010902149526087663,0.011725942554402069,0.009323030412180059,0.011242383856147144,0.00477727520897635
2026-04-01,0.012371448447050251,0.01070272035575233,0.010280381179045435,0.01006793902330552,0.010868003103300756,0.00941932639658572,0.014332640495530654,0.018334309384076306
2026-04-02,0.01177686072776821,0.011306818459146271,0.01167095650430798,0.009682171978983483,0.010277530045402434,0.010125424368215688,0.015335136032393778,0.006874663512656527
2026-04-07,0.0117406365997201,0.011090949235874288,0.010838866969634077,0.009032772830656371,0.009614032387261807,0.010276047962531405,0.012556010365683977,-0.008419542546933752
2026-04-08,0.011441995048797539,0.010949060574202415,0.010433917230947396,0.009392013338317658,0.010315796904589138,0.00981066401433929,0.022855680552952146,0.024822700513022513
2026-04-09,0.01231863372329261,0.012233519504036972,0.013435077987834037,0.009325866131033788,0.009521918617811782,0.022012527455619133,0.008172593606853082,-0.0005091361766371112
2026-04-10,0.01227670486460008,0.011861492851538353,0.012040619454767,0.008656289089827069,0.008962237183730718,0.011675400574298583,0.007348501959492406,-0.0002829654800996824
2026-04-13,0.011844821724439528,0.011500352867405653,0.010844551720242386,0.008077657832091962,0.008433366120014697,0.009554660993035723,0.0070079318620423665,-0.0016522297052942406
2026-04-14,0.01176766290715245,0.011157348291162111,0.009858046268077923,0.007634592194173789,0.008175455607411002,0.009702853380897672,0.005024980161717309,0.002463183280214255
2026-04-15,0.011696353910024077,0.010834263793594643,0.00902021861961267,0.007211304372746883,0.007680217237621516,0.008411338636263687,0.006093011776441421,-0.00467672461898455
2026-04-16,0.011706304016204835,0.010566489522161701,0.008528845205439492,0.007252775447674458,0.007998037721318966,0.00743450783652136,0.0077915775911750985,0.002874760840497807
2026-04-17,0.011674074162647447,0.010268763984338106,0.007927934264716658,0.006892398690400616,0.007525848434826181,0.007264273004410492,0.00879101097778908,0.007300950690400042
2026-04-20,0.011646141858250919,0.010115280312433077,0.007843778490457283,0.006658822189545471,0.0071431449734260626,0.007169217904235933,0.007731827101063842,-0.0054989869119134015
2026-04-21,0.011494498727323471,0.009899196607533065,0.0076751297532046845,0.006969365693452,0.007664458548293241,0.007167197317063591,0.009944703417842605,-0.010517834983133814
2026-04-22,0.010354771061811355,0.00993740101988767,0.00837124325948965,0.008470261878806574,0.009026411591298661,0.006940070206822418,0.004729634170247386,-0.002059634761642334
2026-04-23,0.00969486763618662,0.009647867557618239,0.007806460765004991,0.007992485728069156,0.008763520010527463,0.006980942522875119,0.010503070754779959,-0.0018630430305739232
2026-04-24,0.009680844465267173,0.009365079992440437,0.007332637296068988,0.00757579129989382,0.00850057937874255,0.007118846900510022,0.006204651204858408,-0.007477441840134628
2026-04-27,0.009864184212306394,0.009262676074292755,0.007563851019941995,0.008084345195370973,0.009195569526623246,0.007254735476011403,0.007151519882714416,-0.005603825255833167
2026-04-28,0.009581928363086852,0.00908479550808458,0.007469121808353519,0.008102398279327653,0.0094833363626167,0.007031191368522014,0.008579966157593837,0.001132958061334849
2026-04-29,0.00899631492883504,0.008812406850368153,0.00700061490729872,0.007602261671416222,0.008827929850461932,0.007278353108756325,0.009913705874966667,-0.011652091591513473
2026-04-30,0.009450031523678999,0.009008067380634525,0.008156259638525088,0.009233621757502078,0.010230137059615669,0.006889424989227607,0.010223260795545254,0.0160940541280239
2026-05-01,0.00945868259172539,0.009582154035213297,0.00973455696528648,0.008873320910895205,0.009614340290027583,0.007084816936380524,0.007712921190405926,-0.0014366502492689024
2026-05-05,0.009437194339235027,0.009296905573017543,0.008915422021945145,0.008299310866964225,0.009185324023896324,0.006863772186958261,0.014436109050419072,-0.014070095593551697
2026-05-06,0.009081149180079897,0.00965010680978658,0.009996381890914228,0.010453766038692332,0.010990016978606867,0.01446799822186714,0.01729646961137815,0.02126153535279453
2026-05-07,0.010157948922873248,0.010707953160495234,0.012225074042018664,0.010095940258628356,0.01032552875893642,0.017264261434298545,0.007494272027257907,-0.015611664985367354
2026-05-08,0.01056931464522919,0.011063638201380187,0.012689253162634428,0.012116699241055405,0.012237354204461608,0.009701971279434724,0.007972081171530683,-0.004280824280779525
2026-05-11,0.008879007979438532,0.010777725744671339,0.01145006546601251,0.011213190928995758,0.011765278568632503,0.0115185430129154,0.004774904777968804,0.0035410352815761787
2026-05-12,0.008950267803313988,0.01048533002559444,0.010342176562523191,0.010251057322611062,0.010820377985203437,0.009212781505723898,0.011146956448297647,-0.00039932407626919674
2026-05-13,0.00894949672246849,0.010166375193940447,0.009350490576703209,0.00942107906013091,0.010092815395315561,0.012626511386854439,0.009999883252988518,0.005837603449319705
2026-05-14,0.009092487308426461,0.00995984589995348,0.008782276228249392,0.008731336982178069,0.009358384429994357,0.007242646570104023,0.00462027881758378,0.004589756973828942
2026-05-15,0.00914669485375897,0.009721654729237179,0.008216483662964793,0.008137062088796292,0.008717411738556474,0.0068890507300687605,0.013184423141443741,-0.01725999781478513
2026-05-18,0.009784563475557792,0.01033026562620792,0.010354222785295243,0.011586424493938853,0.011290986641756446,0.008687094471614141,0.013768712267546869,0.012515271156590443
2026-05-19,0.010224777341387983,0.01047422767371949,0.010503210018833005,0.010659940092127056,0.0103874750249494,0.014660671318247338,0.008567573762644031,0.000658455365025057
2026-05-20,0.010049489216711402,0.01015642124211675,0.009478476223960156,0.009767768900551444,0.009628238721240715,0.01192311681572611,0.014340203383916339,0.009796397742072386
2026-05-21,0.010298534035035636,0.010135180483036993,0.009385896015674133,0.009070210150102348,0.008941964792355964,0.013713286756889041,0.010814025556544557,0.0010730128737197725
2026-05-22,0.010059513734985778,0.009829936511287347,0.00855347902816433,0.008409354862112486,0.008359420587813127,0.011982106691119671,0.005321781686686236,0.0021807964720999898
2026-05-26,0.010063895228644024,0.009545435825678525,0.007894293900153622,0.007852574507069561,0.007842555230545173,0.008012092133719622,0.008499344041644867,0.0023953021563319285
2026-05-27,0.010068360918693283,0.00927322342776372,0.007367476526847888,0.0073854437855600495,0.007384059755516974,0.010805949755853594,0.00537631500058538,0.0012954603552971817
2026-05-28,0.009916639853688099,0.008996321772184518,0.006910426592850722,0.006992231431224253,0.0069789945233311845,0.0077611518689736205,0.009420376371994539,-0.007548647951049612
2026-05-29,0.009986058480992962,0.008916092319861513,0.007273086635878156,0.007705819017318121,0.007921157240541049,0.006982568953837358,0.004660490476256487,-0.001603049015493795
2026-06-01,0.009994978696243013,0.008653385816527562,0.0068770520349542095,0.007312784462969085,0.007734987098455462,0.008326165838598413,0.009613605961600723,-0.0067764847258643636
2026-06-02,0.009755983696441898,0.008552395315856953,0.007119772914451377,0.007755677183893377,0.008437685234791163,0.0077406077203937005,0.0050049056737177505,0.0033313247465010113
2026-06-03,0.009118111591590237,0.008331909815544658,0.006799111683588885,0.007308883914278646,0.007908998597882109,0.0075479643578771965,0.004477114381167208,-0.003979566534354098
2026-06-04,0.009154617789024959,0.008136688201718702,0.006687581160902903,0.00723320661474485,0.008110030863965431,0.00810996467107691,0.011075721588689346,0.002706283124330288
2026-06-05,0.008593525871884012,0.007916614888916292,0.0064214946091732,0.0068706830432559984,0.007620526554928996,0.007674086445429157,0.007738930990997528,0.000752590684100651
2026-06-08,0.007184223875919849,0.007677656373250508,0.00615151285399127,0.006565088220735964,0.007190759089360323,0.0083847000138725,0.008309703577097713,0.0004917724639035575
2026-06-09,0.0062723139271326465,0.0074447386355698565,0.00593919662071105,0.006313799005485506,0.006808614586884878,0.007097564192588422,0.006444362643034366,-0.014164941579822305
2026-06-10,0.006975948104061741,0.008008584116335201,0.00831257846684614,0.009524451961394165,0.00909470337233493,0.007532027188979106,0.012579799006311761,0.002685273143329947
2026-06-11,0.00695653548906163,0.007792420412604086,0.007671897127142816,0.00874139060492737,0.008462033784329831,0.012932450379629992,0.010187139217607118,0.004776575693414872
2026-06-12,0.007035444334527066,0.0076450930311447495,0.007328760779446259,0.00810329328611763,0.007905168644872902,0.01033851413716207,0.0074224431580323545,0.01615391602851646
2026-06-15,0.007771954320082863,0.008402234273748156,0.00935643659910302,0.007797701816308226,0.007389122660834541,0.008753819031071112,0.01335792887762116,-0.003932586650122284
2026-06-16,0.0077795430322863835,0.008203023991744416,0.008635811696472828,0.007603524989595507,0.007648160262613954,0.01528847357150688,0.007038813488678893,0.006078929868179082
2026-06-17,0.006749827137084052,0.008091318171541694,0.008197433350205814,0.007183701178757845,0.007188153141033337,0.008809320627995465,0.0034857961250768315,0.0013712459535278586
2026-06-18,0.006249782754334297,0.007852011391728718,0.007537199295098076,0.006809173863883046,0.0067942830611540965,0.007257139439554658,0.008413659894041265,-0.010417009968638912
2026-06-19,0.006716209583467742,0.008029052479794279,0.008291716480598312,0.008468010966361466,0.008353608531223211,0.00739211316938347,0.005248298917420096,-0.0035062406483605934
2026-06-22,0.006397238041466471,0.00783168986291887,0.007772568450754305,0.008080899751739319,0.00841457085090393,0.0071239300669247475,0.006553693390138183,0.007172693866884263
2026-06-23,0.006598759641362442,0.007793721600165852,0.007693403502740147,0.007586048240067878,0.007857750294559764,0.0063817514127148265,0.011919167560232157,-0.0008626143498837987
2026-06-24,0.006581277528502153,0.007559247105964706,0.007154305738523207,0.007154101705486934,0.007549680348623034,0.007073255340045205,0.005070802415824349,0.0031306121640929073
2026-06-25,0.006597546821982425,0.007368970603266892,0.0068025377328535174,0.006793008967010841,0.007108792690181867,0.006368093975995424,0.013495537134879583,0.006507418814471489
2026-06-26,0.006750330145563002,0.007320137571406645,0.00689751696949866,0.00653738910210756,0.006711302840360257,0.008466058201879517,0.011331565276711218,-0.0020819576013336423
2026-06-29,0.006542308139929031,0.007115435479834321,0.006601373324989448,0.00639384247814451,0.006740048323979781,0.013242834499665347,0.004045806703744124,-0.00226750985580427
2026-06-30,0.0065539396143142956,0.006920993628113967,0.006391593023376901,0.006299747967257069,0.0067964253485157155,0.008681086279875483,0.011681151616073969,0.0012296665721843857
2026-07-01,0.006348837172304441,0.006716909142239111,0.00614317723608285,0.006101210155023437,0.006447911412714439,0.011864007592334698,0.007060582584287708,-0.0017925765453073001
2026-07-02,0.006342025511905584,0.006527071024574252,0.006020090205386047,0.006027908286643958,0.006459028372191691,0.008641290575844441,0.018759697329092627,0.016525703563507264
2026-07-03,0.007148549349212747,0.007512152120822739,0.008767639803686248,0.006204717484554057,0.006109827645738343,0.01398848912115265,0.008462294540686002,0.0024470406315344985
2026-07-06,0.00714650420214136,0.007307924752509533,0.008019236575034089,0.006030952769363052,0.0058338859268528605,0.011709074075295435,0.01007247891301509,-0.002550304230738322
2026-07-07,0.007198608220074077,0.007112781554160112,0.007489791746250919,0.006050919570805447,0.006042854939228126,0.010049295852061055,0.008487937752216781,0.0013228445898153835
2026-07-08,0.007196310648009138,0.006903706020645473,0.006983985080199035,0.00590526712537544,0.005776897900475162,0.010801332666384871,0.011257013383363318,-0.01672464756901837
2026-07-09,0.007487581415553751,0.007847567622441943,0.00953367236191278,0.010329358961383494,0.008956178923642921,0.0115374771527068,0.01291742464612383,-0.0015743151404139291
2026-07-10,0.007503103556234181,0.0076182653290070785,0.00863831189102776,0.009455099270912601,0.008629623974597685,0.012892781415913013,0.004192046021656019,0.002365307400388755
2026-07-13,0.007460755704405284,0.007408870991700576,0.00792049517214362,0.008685438326242379,0.008065870889708502,0.007842578669074793,0.006114152643069899,9.525805414057224e-05
2026-07-14,0.006589679897725623,0.007183204831770792,0.00732163157561622,0.008043215822700615,0.007593215162241913,0.007719200908543869,0.01156363765702582,0.002958005171896965
2026-07-15,0.006549184468682132,0.007001964969327031,0.006924972271614666,0.007522018993902167,0.007154675385724828,0.011888298054885591,0.009292564940093371,-0.001282946962190838
2026-07-16,0.006428678081211194,0.006795926706509539,0.006588125220120114,0.007129160277068727,0.0070069420244096995,0.009511156040911767,0.010383590051308594,0.005339516956143558
2026-07-17,0.0065255559782691945,0.0067174525745799865,0.0065855448706474765,0.006799977997000034,0.006628894102635821,0.006905263013415833,0.008394153426751188,0.0026638217956670724
2026-07-20,0.006060422466379698,0.0065454163916264085,0.0063511190068353575,0.006514878617776511,0.0063022121086604745,0.009857966091861008,0.005171940348130122,-0.007157359242498072
2026-07-21,0.006243077688168643,0.006583737135924833,0.0068390358598256614,0.007292831280198979,0.00727687865515878,0.008246374410044473,0.007941400642849034,0.005788549939884487
2026-07-22,0.006178702904818001,0.006538753521799899,0.006821619187411273,0.0069363977370706905,0.006866256021455881,0.007707014632909442,0.014065689014596181,0.012308338778374782
2026-07-23,0.006664671084133192,0.007019949570382555,0.00801489990012013,0.00677287438156848,0.0064812558339429165,0.010165888008845674,0.007722618952746178,-0.007285972614043501
2026-07-24,0.006904739469013628,0.0070361945871633535,0.008023014906956371,0.007502796059149285,0.007454764414338668,0.008896931009204826,0.009915009320206105,0.00907591585106512
2026-07-27,0.007032432924547779,0.007174948579917362,0.008158740060992858,0.00715295466089741,0.007012562300648838,0.009559502282629213,0.006624887076394806,0.004238318455310265
2026-07-28,0.0070326025505485735,0.007033412720486983,0.007654847797891974,0.00680853763905428,0.006637497408622057,0.00797547558887226,0.0073188202770086775,0.00823916579867147
2026-07-29,0.0071445662483877815,0.007111525294223839,0.0077590669469917795,0.0065851290259521635,0.006291452327047495,0.009016896506653719,0.007068896708721546,0.0034344414228385774
2026-07-30,0.007153114654239251,0.00694601236415376,0.007289486235895457,0.006348722289327781,0.005999127932622469,0.007858379886405979,0.009971718618582513,-0.0010180825159252695
2026-07-31,0.007135476969326386,0.006739024559812217,0.006856332740258775,0.006180210852787431,0.00593963975734892,0.006776341583669143,0.013868085933848797,-0.002683159282016391
2026-08-03,0.006350430782374245,0.006566699743451604,0.006620523431049813,0.006189682913134035,0.00616143204267865,0.010082104283274974,0.007424854929198784,-0.000957387142878732
2026-08-04,0.0063538202405993005,0.006370969172574098,0.0063445914241566535,0.0060525317569377155,0.006074585583867518,0.009437885871497884,0.006575156058820201,0.001996587144436626
2026-08-05,0.006311624463003962,0.006196214563710322,0.006139369505922424,0.005920739286360086,0.005810200033762969,0.008767474398975047,0.01010757955339647,0.0008177253909171876
2026-08-06,0.006311322181851034,0.00601079120526248,0.005957755849520753,0.005814441102865395,0.00557737180319379,0.009865234598393448,0.006789830169626235,-0.0018753280424571384
2026-08-07,0.004902923980453664,0.005845754491464271,0.005876518812991046,0.005817525663103684,0.005685907304555486,0.00892338521827484,0.008817155019285585,0.003050211377691218
2026-08-10,0.0048525811955616675,0.005716703788628727,0.005854009776886587,0.005743115235846864,0.005453527297090026,0.007418137324759532,0.00656169217588006,-0.003547210982958919
2026-08-11,0.0049942997198299055,0.005610242634678484,0.0059792483849136656,0.005993667037346499,0.00588819024332942,0.008093151812265753,0.005794359534000292,-0.001686115746341284
2026-08-12,0.00503659267739674,0.005454989665743642,0.0059053564980238995,0.005948898836567219,0.005953300810397166,0.008194469969823693,0.004707890703526405,-0.0010148819456349367
2026-08-13,0.005055390864987533,0.005294647924081665,0.005817222379798314,0.005868228892878433,0.005900542559570568,0.00875055060836971,0.005341593846344683,-0.005600336771493009
2026-08-14,0.005251977757507936,0.0053134852177108335,0.006236624980621958,0.006490850188950281,0.0066524930125877926,0.006446827319009994,0.005602584337745049,-0.0021000992720542526
