Date,Open,High,Low,Close,Volume
2005-01-04,4814.30,4851.60,4809.40,4847.00,1613071800
2005-01-05,4847.00,4847.00,4806.00,4806.00,1802853600
2005-01-06,4806.00,4833.30,4806.00,4824.30,1407245400
2005-01-07,4824.30,4863.50,4819.80,4854.10,1635917100
2005-01-10,4854.10,4858.90,4833.40,4840.70,1187808600
2005-01-11,4840.70,4847.60,4805.00,4818.70,1684169600
2005-01-12,4818.70,4823.20,4765.40,4783.60,1659665900
2005-01-13,4783.60,4809.80,4782.50,4800.30,1779231400
2005-01-14,4800.30,4831.60,4786.50,4820.80,1913003500
2005-01-17,4820.80,4846.70,4820.80,4846.70,1377856800
2005-01-18,4846.70,4852.80,4800.80,4823.90,1508888200
2005-01-19,4823.90,4845.40,4817.50,4818.30,1705867700
2005-01-20,4818.30,4818.30,4783.30,4800.80,1394567200
2005-01-21,4800.80,4813.90,4785.60,4803.30,1631563100
2005-01-24,4803.30,4814.00,4770.10,4812.50,1311479400
2005-01-25,4812.50,4850.00,4803.70,4843.20,1670909600
2005-01-26,4843.20,4860.30,4839.00,4847.10,1818356600
2005-01-27,4847.10,4860.30,4835.00,4853.40,1770580400
2005-01-28,4853.40,4860.40,4827.30,4832.80,1299761000
2005-01-31,4832.80,4879.50,4832.80,4852.30,1316421800
2005-02-01,4852.30,4906.20,4852.30,4906.20,1771418700
2005-02-02,4906.20,4918.80,4897.50,4916.20,1738923800
2005-02-03,4916.20,4924.10,4898.40,4908.30,1934906200
2005-02-04,4908.30,4947.40,4908.30,4941.50,1813268500
2005-02-07,4941.50,4982.80,4941.50,4979.80,1563820500
2005-02-08,4979.80,4995.50,4968.70,4995.50,1718790900
2005-02-09,4995.50,5003.00,4974.50,4990.40,1669911200
2005-02-10,4990.40,5014.80,4977.30,5000.00,1676851700
2005-02-11,5000.10,5045.00,5000.10,5044.20,1725310600
2005-02-14,5044.20,5049.60,5030.50,5041.80,1161455700
2005-02-15,5041.80,5065.70,5036.10,5058.90,1382880800
2005-02-16,5058.90,5059.50,5035.50,5053.20,1597248900
2005-02-17,5053.20,5077.60,5051.80,5057.40,1572721200
2005-02-18,5057.40,5066.50,5045.50,5057.20,1807130200
2005-02-21,5057.20,5077.80,5047.50,5060.80,1124769100
2005-02-22,5060.80,5063.30,5013.20,5032.90,1788686900
2005-02-23,5032.90,5032.90,4970.80,4988.50,1878485600
2005-02-24,4988.50,5002.50,4972.10,4972.10,1704490900
2005-02-25,4972.10,5010.80,4972.10,5006.80,1561726800
2005-02-28,5006.80,5030.20,4968.40,4968.50,1811915100
2005-03-01,4968.50,5004.90,4966.90,5000.50,1797019100
2005-03-02,5000.50,5000.90,4965.90,4992.80,1717154500
2005-03-03,4992.80,5024.00,4992.80,5014.80,1551443200
2005-03-04,5014.80,5042.00,5011.70,5036.30,1488538400
2005-03-07,5036.30,5041.30,5014.50,5027.20,1149090500
2005-03-08,5027.20,5029.60,5001.90,5010.90,1480920300
2005-03-09,5010.90,5038.90,4992.90,4996.10,1860240700
2005-03-10,4996.10,4996.10,4956.80,4962.10,1697802100
2005-03-11,4962.10,4991.60,4962.10,4982.10,1556807700
2005-03-14,4982.00,4995.00,4947.90,4975.00,1336157900
2005-03-15,4975.00,5006.10,4975.00,5000.20,1422323800
2005-03-16,5000.20,5000.20,4928.10,4937.60,1738229100
2005-03-17,4937.60,4952.90,4920.00,4922.10,1923444400
2005-03-18,4922.10,4947.90,4922.10,4923.30,1947698800
2005-03-21,4923.30,4952.20,4923.30,4933.50,1564295100
2005-03-22,4933.50,4946.80,4908.50,4937.30,1946015400
2005-03-23,4937.30,4937.30,4887.20,4910.40,1945899600
2005-03-24,4910.40,4933.70,4904.50,4922.50,1824076600
2005-03-29,4922.50,4924.30,4892.80,4919.00,1504207400
2005-03-30,4919.00,4919.00,4886.50,4900.70,1569511200
2005-03-31,4900.70,4933.80,4894.40,4894.40,1718364500
2005-04-01,4894.40,4942.00,4894.40,4914.00,1732700100
2005-04-04,4914.00,4923.30,4877.00,4896.70,1293784900
2005-04-05,4896.70,4943.80,4896.70,4942.90,1891465600
2005-04-06,4942.90,4953.60,4937.40,4947.40,1619842700
2005-04-07,4947.40,4984.50,4947.40,4977.00,1686661800
2005-04-08,4977.00,4994.10,4975.00,4983.70,1402982400
2005-04-11,4983.60,4983.60,4964.00,4973.30,1155338300
2005-04-12,4973.20,4973.80,4941.10,4946.20,1342085300
2005-04-13,4946.20,4973.80,4946.20,4960.80,1386459800
2005-04-14,4960.80,4960.80,4937.00,4945.40,1600781900
2005-04-15,4945.40,4945.40,4891.60,4891.60,1686702900
2005-04-18,4891.60,4891.60,4794.80,4827.10,1851228300
2005-04-19,4827.10,4862.60,4827.10,4855.60,1521697000
2005-04-20,4855.60,4873.60,4817.80,4822.00,1638336400
2005-04-21,4822.00,4839.10,4805.50,4819.60,1608917000
2005-04-22,4819.60,4859.00,4819.60,4849.30,1176245700
2005-04-25,4849.30,4867.80,4841.30,4864.90,1118656600
2005-04-26,4864.90,4879.60,4831.50,4845.50,1464104600
2005-04-27,4845.50,4845.50,4780.60,4789.40,1816257200
2005-04-28,4789.40,4820.70,4775.50,4790.20,1962760600
2005-04-29,4790.20,4824.40,4773.70,4801.70,1597028200
2005-05-03,4801.70,4862.90,4801.70,4861.30,1677844300
2005-05-04,4861.20,4882.50,4847.90,4882.50,1642389600
2005-05-05,4882.50,4917.60,4882.50,4902.30,1326657100
2005-05-06,4902.30,4924.60,4897.60,4918.90,1277967200
2005-05-09,4918.90,4928.70,4895.10,4910.30,1338782400
2005-05-10,4910.30,4929.10,4880.20,4892.40,1611329700
2005-05-11,4892.40,4896.60,4868.20,4875.40,1529863600
2005-05-12,4875.40,4909.80,4875.40,4893.30,1507911000
2005-05-13,4893.20,4893.20,4854.20,4886.50,1628890100
2005-05-16,4886.50,4887.70,4869.00,4884.20,1103191100
2005-05-17,4884.20,4902.00,4880.70,4898.50,1431908100
2005-05-18,4898.50,4956.90,4898.50,4949.40,1767108900
2005-05-19,4949.40,4972.90,4949.40,4962.70,2102727400
2005-05-20,4962.70,4981.10,4962.70,4971.80,1605254700
2005-05-23,4971.80,4991.60,4971.80,4989.80,1148623400
2005-05-24,4989.80,4990.20,4974.20,4982.50,1767092600
2005-05-25,4982.50,4983.60,4964.10,4971.50,1643674600
2005-05-26,4971.50,5004.30,4956.80,4994.90,1957526900
2005-05-27,4994.90,5002.00,4976.60,4986.30,1327595300
2005-05-31,4986.30,4999.70,4964.00,4964.00,1439093600
2005-06-01,4964.00,5011.00,4964.00,5011.00,1520426500
2005-06-02,5011.00,5014.90,4996.50,5005.00,1509258800
2005-06-03,5005.00,5016.60,4987.20,4999.40,1316673500
2005-06-06,4999.40,5006.80,4976.20,4980.40,1029262100
2005-06-07,4980.40,5027.90,4980.40,5025.30,1523410200
2005-06-08,5025.20,5025.20,4995.10,5003.70,1459550900
2005-06-09,5003.70,5009.80,4984.20,5009.20,1418404600
2005-06-10,5009.20,5047.30,5009.20,5030.40,1475646200
2005-06-13,5030.40,5051.00,5026.10,5050.40,1245385600
2005-06-14,5050.40,5054.30,5037.50,5046.80,1378129300
2005-06-15,5046.80,5060.80,5013.40,5019.50,1605425800
2005-06-16,5019.50,5046.40,5019.50,5045.00,1523278500
2005-06-17,5045.00,5098.50,5044.60,5077.60,2082942500
2005-06-20,5077.60,5078.00,5057.90,5072.00,1148475000
2005-06-21,5072.00,5091.00,5072.00,5082.10,1270885300
2005-06-22,5082.10,5110.50,5076.60,5099.30,1466616800
2005-06-23,5099.30,5121.90,5099.10,5114.40,1797104400
2005-06-24,5114.40,5114.40,5069.10,5079.00,1373264100
2005-06-27,5079.00,5079.00,5036.90,5043.50,1506224900
2005-06-28,5043.50,5090.40,5043.50,5090.40,1778302500
2005-06-29,5090.40,5119.50,5090.20,5109.10,1719746500
2005-06-30,5109.10,5138.20,5097.10,5113.20,1860970900
2005-07-01,5113.20,5162.60,5106.60,5161.00,1524998000
2005-07-04,5161.00,5188.60,5161.00,5184.30,1097189000
2005-07-05,5184.30,5194.20,5173.80,5190.10,1537376200
2005-07-06,5190.10,5237.60,5190.10,5229.60,2145403200
2005-07-07,5229.60,5229.60,5022.10,5158.30,2145991700
2005-07-08,5158.30,5232.20,5158.30,5232.20,1406848500
2005-07-11,5232.20,5257.90,5232.20,5242.40,1395623900
2005-07-12,5242.40,5249.40,5216.20,5217.20,1652493600
2005-07-13,5217.20,5252.00,5217.20,5245.90,1718199800
2005-07-14,5245.90,5283.90,5245.90,5259.70,1856601500
2005-07-15,5259.70,5261.50,5222.60,5230.90,2063712900
2005-07-18,5230.80,5258.40,5212.00,5214.20,2032949400
2005-07-19,5214.20,5230.90,5191.00,5201.60,1911988200
2005-07-20,5201.50,5249.50,5193.50,5215.20,1911491300
2005-07-21,5215.20,5256.00,5180.20,5221.60,1614879900
2005-07-22,5221.60,5244.60,5202.70,5241.80,1360092100
2005-07-25,5241.80,5273.50,5241.80,5270.70,1317798300
2005-07-26,5270.70,5279.40,5253.90,5256.20,1526312200
2005-07-27,5256.20,5275.20,5253.50,5263.60,2143198500
2005-07-28,5263.60,5282.30,5262.30,5270.30,1836907900
2005-07-29,5270.30,5308.60,5270.30,5282.30,1714755700
2005-08-01,5282.30,5302.90,5282.30,5290.90,1083613000
2005-08-02,5290.80,5330.60,5290.80,5327.50,1378560000
2005-08-03,5327.50,5332.30,5304.00,5332.30,1671199100
2005-08-04,5332.30,5335.40,5300.00,5315.50,1554852900
2005-08-05,5315.50,5341.80,5306.70,5314.80,1422469400
2005-08-08,5314.70,5351.30,5314.70,5344.30,1018078500
2005-08-09,5344.30,5363.70,5342.70,5363.70,1352824800
2005-08-10,5363.70,5386.40,5351.20,5377.50,1400061900
2005-08-11,5377.50,5379.60,5355.10,5358.60,1307330400
2005-08-12,5358.60,5374.40,5343.50,5345.80,1177062200
2005-08-15,5345.80,5367.80,5339.40,5344.20,1164129400
2005-08-16,5344.20,5358.70,5316.10,5322.40,1545108200
2005-08-17,5322.30,5322.30,5284.10,5292.70,1841680400
2005-08-18,5292.70,5304.70,5263.70,5269.30,1421739600
2005-08-19,5269.30,5313.10,5269.30,5312.60,1251718300
2005-08-22,5312.60,5329.70,5312.60,5318.40,998728300
2005-08-23,5318.40,5318.40,5294.80,5300.20,1113587000
2005-08-24,5300.20,5300.20,5270.00,5275.20,1371948800
2005-08-25,5275.20,5275.20,5248.80,5255.70,1083651100
2005-08-26,5255.70,5282.10,5228.10,5228.10,928137300
2005-08-30,5228.10,5270.20,5228.10,5255.80,1102366700
2005-08-31,5255.80,5300.00,5255.80,5296.90,1359184000
2005-09-01,5296.90,5342.10,5296.90,5328.50,1511708300
2005-09-02,5328.50,5338.10,5319.60,5326.90,1631847000
2005-09-05,5326.80,5341.80,5320.60,5337.80,1065216900
2005-09-06,5337.80,5366.60,5337.80,5359.20,1495537400
2005-09-07,5359.20,5376.10,5358.00,5365.90,1370681100
2005-09-08,5365.90,5365.90,5338.40,5340.80,1266449100
2005-09-09,5340.80,5362.40,5340.30,5359.30,1045394800
2005-09-12,5359.30,5380.70,5359.30,5375.10,1160583600
2005-09-13,5375.10,5377.80,5329.30,5338.00,1345279100
2005-09-14,5338.00,5349.70,5327.10,5347.40,1233556000
2005-09-15,5347.40,5387.10,5342.50,5383.50,1675170900
2005-09-16,5383.50,5418.70,5375.30,5407.90,2138386500
2005-09-19,5407.90,5435.80,5388.30,5429.70,1259576700
2005-09-20,5429.70,5446.60,5410.90,5416.40,1856250000
2005-09-21,5416.40,5416.40,5369.70,5369.70,1915927700
2005-09-22,5369.70,5395.50,5354.30,5385.70,1588318300
2005-09-23,5385.70,5417.40,5383.60,5413.60,1266263500
2005-09-26,5413.60,5456.90,5413.60,5453.10,1477216300
2005-09-27,5453.10,5471.20,5442.70,5447.30,1387118500
2005-09-28,5447.30,5494.80,5447.30,5494.80,1630222400
2005-09-29,5494.80,5508.40,5467.10,5478.20,1601795100
2005-09-30,5478.20,5506.10,5462.60,5477.70,1626935400
2005-10-03,5477.70,5515.00,5474.90,5501.60,1376837700
2005-10-04,5501.50,5501.50,5475.20,5494.40,1771180300
2005-10-05,5494.40,5494.40,5427.80,5427.80,1540419000
2005-10-06,5427.80,5427.80,5358.10,5372.40,1868849000
2005-10-07,5372.40,5394.40,5355.70,5362.30,1843669800
2005-10-10,5362.30,5395.80,5362.30,5374.60,1465743600
2005-10-11,5374.50,5404.40,5373.90,5380.70,1665110200
2005-10-12,5380.70,5380.70,5342.20,5342.20,1625387000
2005-10-13,5342.20,5342.20,5256.30,5265.20,1996070100
2005-10-14,5265.20,5293.80,5245.60,5275.00,1801451700
2005-10-17,5275.00,5297.10,5272.50,5286.50,1270118200
2005-10-18,5286.50,5303.20,5259.60,5263.90,1405486300
2005-10-19,5263.90,5263.90,5167.80,5167.90,2038629000
2005-10-20,5167.80,5234.00,5146.70,5164.10,1758872800
2005-10-21,5164.10,5164.10,5130.90,5142.10,1780740500
2005-10-24,5142.10,5210.10,5140.10,5207.60,1194962600
2005-10-25,5207.60,5222.40,5182.10,5182.10,1366228600
2005-10-26,5182.10,5236.50,5182.10,5227.80,1560269300
2005-10-27,5227.80,5227.80,5168.20,5182.80,1479919200
2005-10-28,5182.80,5226.90,5157.60,5213.40,1454650100
2005-10-31,5213.40,5318.40,5213.40,5317.30,2127466700
2005-11-01,5317.30,5350.30,5304.90,5344.30,1946993300
2005-11-02,5344.30,5364.70,5316.00,5358.60,2140920300
2005-11-03,5358.60,5431.90,5358.60,5431.90,2145722300
2005-11-04,5431.90,5446.40,5418.00,5423.60,1964006700
2005-11-07,5423.60,5471.00,5415.50,5460.80,1522020100
2005-11-08,5460.80,5481.70,5451.10,5460.90,2018214900
2005-11-09,5460.90,5469.40,5439.00,5439.80,2028756700
2005-11-10,5439.80,5463.90,5423.50,5423.50,1913038800
2005-11-11,5423.50,5468.80,5423.50,5465.10,1414966700
2005-11-14,5465.10,5485.90,5455.60,5470.00,1351877000
2005-11-15,5470.00,5470.00,5424.60,5439.60,1464457100
2005-11-16,5439.60,5442.20,5391.70,5430.00,2145482300
2005-11-17,5430.00,5480.10,5430.00,5460.00,2141827000
2005-11-18,5460.00,5531.60,5460.00,5498.90,2107217200
2005-11-21,5498.90,5509.40,5486.20,5497.90,1906248600
2005-11-22,5497.90,5522.40,5497.90,5517.20,1768455000
2005-11-23,5517.20,5532.70,5507.10,5531.70,1757547400
2005-11-24,5531.70,5539.00,5499.50,5511.00,1064561200
2005-11-25,5511.00,5531.40,5511.00,5523.80,1145990500
2005-11-28,5523.80,5554.90,5477.40,5477.40,1409592300
2005-11-29,5477.40,5507.40,5451.30,5491.00,1730034300
2005-11-30,5491.00,5491.00,5423.20,5423.20,2009468300
2005-12-01,5423.20,5494.70,5423.20,5486.10,1933252600
2005-12-02,5486.10,5528.10,5485.00,5528.10,1977349100
2005-12-05,5528.10,5532.50,5498.30,5510.40,1788173700
2005-12-06,5510.40,5546.90,5505.90,5538.80,1979354600
2005-12-07,5538.80,5574.00,5518.40,5528.80,2078176000
2005-12-08,5528.80,5531.90,5492.80,5531.10,1892734100
2005-12-09,5531.10,5531.10,5504.40,5517.40,1688743200
2005-12-12,5517.40,5548.80,5494.20,5501.50,1221761300
2005-12-13,5501.50,5527.20,5499.20,5507.20,1840249100
2005-12-14,5507.20,5525.00,5503.50,5521.10,1465838600
2005-12-15,5521.10,5530.20,5489.30,5495.30,1852742400
2005-12-16,5495.30,5552.60,5495.30,5531.60,2140549700
2005-12-19,5531.60,5548.40,5525.70,5539.80,1225682300
2005-12-20,5539.80,5552.20,5524.70,5547.90,1606969500
2005-12-21,5547.90,5590.20,5547.90,5587.40,1344223700
2005-12-22,5587.40,5599.30,5584.80,5597.00,1069350000
2005-12-23,5597.00,5608.20,5588.00,5595.50,307762200
2005-12-28,5595.40,5622.80,5591.90,5622.80,688900200
2005-12-29,5622.80,5647.20,5622.80,5638.30,504948700
2005-12-30,5638.30,5640.00,5596.80,5618.80,329951900
2006-01-03,5618.80,5682.20,5618.80,5681.50,1838004900
2006-01-04,5681.50,5716.40,5681.50,5714.60,2005345100
2006-01-05,5714.60,5722.40,5686.40,5691.20,1862546800
2006-01-06,5691.20,5731.80,5691.20,5731.80,1894952000
2006-01-09,5731.80,5750.30,5725.90,5731.50,1690826300
2006-01-10,5731.50,5731.50,5686.10,5688.80,1799942100
2006-01-11,5688.80,5731.50,5688.80,5731.50,1606590000
2006-01-12,5731.50,5744.60,5724.90,5735.20,2119263900
2006-01-13,5735.10,5735.10,5690.90,5711.00,1641089500
2006-01-16,5711.00,5740.20,5707.20,5740.20,1259420800
2006-01-17,5740.20,5740.20,5693.10,5699.00,1902898800
2006-01-18,5699.00,5699.00,5634.80,5663.70,1849631500
2006-01-19,5663.70,5710.00,5663.70,5693.20,2052263500
2006-01-20,5693.20,5729.80,5666.50,5672.40,2131625700
2006-01-23,5672.40,5672.40,5625.00,5660.90,1658293500
2006-01-24,5660.90,5679.00,5630.40,5633.80,2113319400
2006-01-25,5633.80,5704.40,5633.80,5704.40,1993671000
2006-01-26,5704.40,5744.00,5698.50,5722.60,2141266900
2006-01-27,5722.60,5788.20,5722.60,5786.80,2039447500
2006-01-30,5786.80,5796.10,5772.70,5779.80,1414552500
2006-01-31,5779.80,5792.50,5760.30,5760.30,2143521000
2006-02-01,5760.30,5816.00,5746.20,5801.60,2144570600
2006-02-02,5801.60,5811.80,5743.00,5747.30,1969273900
2006-02-03,5747.30,5766.70,5728.20,5759.30,1728166400
2006-02-06,5759.30,5790.40,5759.30,5772.40,1681635300
2006-02-07,5772.40,5781.30,5734.70,5746.80,2042239100
2006-02-08,5746.80,5746.80,5681.90,5725.10,2141978700
2006-02-09,5725.10,5808.90,5725.10,5808.80,2138982600
2006-02-10,5808.70,5808.70,5764.10,5764.10,2058495100
2006-02-13,5764.10,5793.50,5760.30,5793.50,1369455700
2006-02-14,5793.50,5828.60,5773.70,5792.30,1706179500
2006-02-15,5792.30,5814.50,5780.90,5791.50,1844068100
2006-02-16,5791.50,5828.90,5791.50,5828.90,1895566300
2006-02-17,5828.90,5863.30,5822.40,5846.20,1741254400
2006-02-20,5846.20,5866.70,5839.40,5863.00,1094531500
2006-02-21,5863.00,5888.00,5856.90,5857.70,1676916800
2006-02-22,5857.70,5877.60,5836.80,5872.40,1842925400
2006-02-23,5872.40,5878.80,5829.40,5836.00,2099116600
2006-02-24,5836.00,5864.00,5836.00,5860.50,2014904800
2006-02-27,5860.50,5893.30,5860.50,5875.90,2036067300
2006-02-28,5875.90,5877.40,5788.70,5791.50,2134114600
2006-03-01,5791.50,5844.10,5783.90,5844.10,1990319600
2006-03-02,5844.10,5880.00,5803.70,5833.00,1917206100
2006-03-03,5833.00,5864.00,5803.80,5858.70,2066401800
2006-03-06,5858.70,5924.50,5858.70,5897.80,2147444000
2006-03-07,5897.80,5897.80,5830.70,5857.40,1935777600
2006-03-08,5857.40,5857.60,5790.90,5812.90,1915545700
2006-03-09,5812.90,5857.10,5812.90,5855.90,1640072900
2006-03-10,5855.90,5909.10,5838.20,5907.90,1720750300
2006-03-13,5907.90,5959.90,5907.90,5952.80,2085598400
2006-03-14,5952.80,5978.60,5940.70,5950.60,1998671300
2006-03-15,5950.60,5980.50,5950.60,5965.10,1859456500
2006-03-16,5965.10,5995.20,5951.00,5993.30,2146858100
2006-03-17,5993.20,6044.00,5992.80,5999.40,2147369000
2006-03-20,5999.40,6039.10,5986.90,5991.70,1881072000
2006-03-21,5991.70,5992.90,5956.70,5991.30,1771106200
2006-03-22,5991.30,6012.60,5957.80,6007.50,2144835400
2006-03-23,6007.50,6029.40,5974.80,5990.10,2137408800
2006-03-24,5990.10,6037.90,5990.10,6036.30,2097466800
2006-03-27,6036.30,6047.00,5971.40,5972.20,1526643600
2006-03-28,5972.20,6004.30,5929.70,5935.70,2137043100
2006-03-29,5935.70,5979.70,5927.20,5959.20,1742429300
2006-03-30,5959.20,6036.00,5959.20,6015.30,1496758100
2006-03-31,6015.20,6019.20,5961.40,5964.60,1650124600
2006-04-03,5964.60,6033.50,5964.60,6024.30,1488772300
2006-04-04,6024.30,6024.30,5984.30,6004.70,1622348400
2006-04-05,6004.70,6047.50,5983.50,6044.10,2111723800
2006-04-06,6044.10,6073.30,6037.60,6045.70,1830574800
2006-04-07,6045.70,6074.20,6020.60,6026.10,1984025400
2006-04-10,6026.10,6067.00,6024.30,6067.00,1716789500
2006-04-11,6067.00,6092.50,6012.90,6016.50,2013240500
2006-04-12,6016.50,6020.00,5974.50,6000.80,1851945400
2006-04-13,6000.80,6033.70,5987.20,6029.40,1300431500
2006-04-18,6029.40,6056.10,6026.10,6044.10,1389246900
2006-04-19,6044.10,6100.60,6044.10,6089.80,1703340700
2006-04-20,6089.80,6113.40,6074.20,6081.40,2029861700
2006-04-21,6081.40,6137.10,6077.90,6132.70,1553597300
2006-04-24,6132.70,6136.50,6098.70,6098.70,1338013400
2006-04-25,6098.70,6128.80,6084.60,6086.60,1581336500
2006-04-26,6086.60,6126.50,6086.60,6104.30,1650185400
2006-04-27,6104.30,6104.60,6026.20,6060.00,1966010000
2006-04-28,6060.00,6060.00,6023.10,6023.10,1644294900
2006-05-02,6023.10,6090.70,6022.30,6082.10,1657637700
2006-05-03,6082.10,6100.00,6008.70,6010.00,1886399500
2006-05-04,6010.00,6045.80,6001.10,6036.90,1687069600
2006-05-05,6036.90,6093.10,6033.90,6091.70,1852648100
2006-05-08,6091.70,6133.50,6058.80,6067.10,1607859400
2006-05-09,6067.10,6109.70,6054.60,6105.60,2064291600
2006-05-10,6105.60,6110.00,6079.60,6083.40,1940756500
2006-05-11,6083.40,6114.50,6039.90,6042.00,1600703500
2006-05-12,6042.00,6042.00,5912.10,5912.10,1697671400
2006-05-15,5912.10,5912.10,5755.40,5841.30,1991604000
2006-05-16,5841.30,5883.20,5807.10,5846.20,2138429100
2006-05-17,5846.20,5871.60,5675.50,5675.50,2145492400
2006-05-18,5675.50,5719.70,5618.70,5671.60,2143472700
2006-05-19,5671.60,5715.00,5645.40,5657.40,1777461100
2006-05-22,5657.40,5657.40,5510.50,5532.70,2031642400
2006-05-23,5532.70,5705.90,5532.70,5678.70,2147208700
2006-05-24,5678.70,5678.70,5563.50,5587.10,2146770300
2006-05-25,5587.10,5677.70,5562.00,5677.70,1760626700
2006-05-26,5677.70,5791.00,5677.70,5791.00,1627196900
2006-05-30,5791.00,5793.60,5643.30,5652.00,2026626300
2006-05-31,5652.00,5743.80,5591.50,5723.80,2119922000
2006-06-01,5723.80,5754.80,5680.60,5749.70,1833351400
2006-06-02,5749.70,5802.90,5745.70,5764.60,1669869800
2006-06-05,5764.60,5789.80,5738.90,5762.10,1072108200
2006-06-06,5762.10,5762.10,5656.60,5669.80,1883561800
2006-06-07,5669.80,5720.60,5638.50,5706.30,1885561100
2006-06-08,5706.30,5706.30,5562.90,5562.90,2135136100
2006-06-09,5562.90,5673.60,5562.90,5655.20,1801661400
2006-06-12,5655.20,5666.30,5612.30,5620.90,1463611100
2006-06-13,5620.90,5620.90,5467.40,5519.60,2146786900
2006-06-14,5519.60,5544.40,5475.60,5506.80,1860632700
2006-06-15,5506.80,5636.80,5506.80,5619.30,1917016000
2006-06-16,5619.30,5701.50,5594.30,5597.40,2134808800
2006-06-19,5597.40,5665.70,5597.40,5626.10,1153580500
2006-06-20,5626.10,5658.20,5585.00,5658.20,1352420400
2006-06-21,5658.20,5673.50,5610.80,5665.00,1642751600
2006-06-22,5665.00,5736.80,5657.20,5684.10,1611284700
2006-06-23,5684.10,5716.70,5667.80,5692.10,1145495400
2006-06-26,5692.10,5716.50,5677.50,5681.20,1614543600
2006-06-27,5681.20,5729.80,5650.00,5652.30,1337754600
2006-06-28,5652.30,5702.90,5633.80,5678.60,1267809200
2006-06-29,5678.60,5791.70,5678.60,5791.50,1502990800
2006-06-30,5791.50,5865.70,5791.50,5833.40,1583755700
2006-07-03,5833.40,5884.40,5833.40,5884.40,1194578600
2006-07-04,5884.40,5884.50,5848.30,5883.50,863784800
2006-07-05,5883.50,5883.50,5815.70,5826.70,1138260700
2006-07-06,5826.70,5897.10,5826.70,5890.00,1312357700
2006-07-07,5890.00,5908.50,5858.40,5888.90,1424761300
2006-07-10,5888.90,5901.00,5856.50,5896.90,880029700
2006-07-11,5896.90,5896.90,5844.00,5857.30,1162635600
2006-07-12,5857.30,5899.30,5842.70,5860.60,1212976000
2006-07-13,5860.60,5860.60,5751.90,5765.00,1515312800
2006-07-14,5765.00,5765.00,5707.60,5707.60,1305352000
2006-07-17,5707.60,5721.10,5654.60,5701.00,1366791300
2006-07-18,5701.00,5712.60,5658.30,5681.70,1439567000
2006-07-19,5681.70,5785.30,5680.80,5778.00,1665784300
2006-07-20,5778.00,5819.70,5756.40,5770.90,1308633800
2006-07-21,5770.90,5770.90,5700.70,5719.70,1594082200
2006-07-24,5719.70,5835.20,5719.70,5833.90,1298199500
2006-07-25,5833.90,5872.80,5825.80,5851.20,1547468300
2006-07-26,5851.20,5878.70,5851.20,5877.10,1720193800
2006-07-27,5877.10,5936.80,5877.10,5929.50,1583646500
2006-07-28,5929.50,5982.50,5904.70,5974.90,1401927100
2006-07-31,5974.90,5977.20,5928.30,5928.30,1272181900
2006-08-01,5928.30,5949.80,5867.40,5880.80,1278757500
2006-08-02,5880.80,5932.10,5880.80,5932.10,1329175600
2006-08-03,5932.10,5940.70,5827.10,5838.40,1803150700
2006-08-04,5838.40,5893.30,5836.50,5889.40,1497892100
2006-08-07,5889.40,5889.40,5820.90,5828.80,945153100
2006-08-08,5828.80,5866.60,5818.10,5818.10,1551879300
2006-08-09,5818.10,5865.90,5778.20,5860.50,1440463500
2006-08-10,5860.50,5860.50,5752.60,5823.40,1763427300
2006-08-11,5823.40,5848.20,5797.00,5820.10,1397317200
2006-08-14,5820.10,5870.90,5820.10,5870.90,1029687400
2006-08-15,5870.90,5903.20,5845.00,5897.90,1340987100
2006-08-16,5897.90,5902.80,5848.70,5896.60,1734087000
2006-08-17,5896.60,5915.00,5888.80,5900.40,1391457700
2006-08-18,5900.40,5932.50,5900.20,5903.40,1492403700
2006-08-21,5903.40,5936.60,5883.80,5915.20,978830000
2006-08-22,5915.20,5939.20,5878.40,5902.60,1154758400
2006-08-23,5902.60,5906.30,5853.80,5860.00,1165203300
2006-08-24,5860.00,5892.30,5832.50,5869.10,1211904500
2006-08-25,5869.10,5893.60,5858.60,5878.60,1044447700
2006-08-29,5878.60,5921.30,5878.60,5888.30,1366248600
2006-08-30,5888.30,5945.30,5888.20,5929.30,1477304600
2006-08-31,5929.30,5937.00,5895.00,5906.10,1386764600
2006-09-01,5906.10,5967.70,5906.10,5949.20,1146154600
2006-09-04,5949.10,5986.60,5947.70,5986.60,992682900
2006-09-05,5986.60,5991.20,5956.30,5981.70,1190046000
2006-09-06,5981.70,5981.70,5926.20,5929.30,1270011300
2006-09-07,5929.30,5929.30,5853.30,5858.10,1574375300
2006-09-08,5858.10,5899.00,5858.10,5879.30,1015430000
2006-09-11,5879.30,5879.30,5820.00,5850.80,1089823300
2006-09-12,5850.80,5896.90,5824.20,5895.50,1864798700
2006-09-13,5895.50,5913.40,5874.50,5892.20,1867392100
2006-09-14,5892.20,5943.70,5869.00,5877.20,1798578100
2006-09-15,5877.20,5899.20,5864.80,5877.00,2071064300
2006-09-18,5877.00,5911.90,5870.40,5890.30,1211359100
2006-09-19,5890.20,5897.40,5831.80,5831.80,1436161700
2006-09-20,5831.80,5880.80,5820.90,5866.20,1828956500
2006-09-21,5866.20,5898.10,5848.50,5896.70,1846888600
2006-09-22,5896.70,5896.70,5820.40,5822.30,1246627100
2006-09-25,5822.30,5847.00,5774.50,5798.30,1770395800
2006-09-26,5798.30,5879.20,5798.30,5873.60,1651896800
2006-09-27,5873.60,5942.20,5872.80,5930.10,1883803100
2006-09-28,5930.10,5978.80,5930.10,5971.30,1469060200
2006-09-29,5971.30,6002.90,5950.10,5960.80,1618783200
2006-10-02,5960.80,5985.50,5950.90,5957.80,1628546600
2006-10-03,5957.80,5957.80,5897.30,5937.10,1939007500
2006-10-04,5937.10,5969.10,5921.50,5966.50,2142754800
2006-10-05,5966.50,6016.70,5966.50,6004.50,2145351100
2006-10-06,6004.50,6014.30,5978.10,6001.20,1628449200
2006-10-09,6001.20,6044.50,5994.80,6030.90,1338778200
2006-10-10,6030.90,6076.30,6030.20,6072.70,2058971900
2006-10-11,6072.70,6081.90,6044.70,6073.50,1672596800
2006-10-12,6073.50,6121.70,6069.00,6121.30,1338882700
2006-10-13,6121.30,6170.50,6105.30,6157.30,1451175900
2006-10-16,6157.30,6184.30,6149.30,6172.40,1285792500
2006-10-17,6172.40,6174.70,6105.80,6108.60,1485665700
2006-10-18,6108.60,6166.80,6108.60,6150.40,1750405900
2006-10-19,6150.40,6183.50,6113.10,6156.00,1303207200
2006-10-20,6156.00,6199.80,6134.30,6155.20,1450615600
2006-10-23,6155.20,6181.10,6129.10,6166.10,1061220900
2006-10-24,6166.10,6186.90,6161.30,6182.50,1238923300
2006-10-25,6182.50,6216.10,6178.80,6214.60,1354486900
2006-10-26,6214.60,6244.60,6179.70,6184.80,1738351800
2006-10-27,6184.80,6206.00,6132.70,6160.90,1589175600
2006-10-30,6160.90,6160.90,6112.90,6126.80,1366361100
2006-10-31,6126.80,6149.90,6110.90,6129.20,1788183700
2006-11-01,6129.20,6180.70,6129.20,6149.60,1631932600
2006-11-02,6149.60,6172.00,6112.90,6149.30,1818387200
2006-11-03,6149.30,6177.30,6134.00,6148.10,1377065200
2006-11-06,6148.10,6224.50,6146.50,6224.50,1139977900
2006-11-07,6224.50,6244.50,6219.70,6244.00,1341969500
2006-11-08,6244.00,6244.00,6205.70,6239.00,1555121300
2006-11-09,6239.00,6250.40,6205.10,6231.50,1941091600
2006-11-10,6231.50,6233.10,6198.60,6208.40,1540927100
2006-11-13,6208.40,6239.80,6171.90,6194.20,1466749900
2006-11-14,6194.20,6223.90,6167.30,6186.60,1724141500
2006-11-15,6186.60,6229.80,6186.60,6229.80,1709608400
2006-11-16,6229.80,6256.80,6212.10,6254.90,1756639200
2006-11-17,6254.90,6254.90,6178.90,6192.00,1553258000
2006-11-20,6192.00,6218.90,6148.30,6204.50,1583123300
2006-11-21,6204.50,6228.40,6199.70,6202.60,1665306000
2006-11-22,6202.60,6233.10,6146.30,6160.30,1928778200
2006-11-23,6160.30,6181.70,6115.10,6140.00,1257256100
2006-11-24,6140.00,6140.00,6068.10,6122.10,1335559900
2006-11-27,6122.10,6129.50,6050.10,6050.10,1663486900
2006-11-28,6050.10,6062.80,6011.80,6025.90,1907684800
2006-11-29,6025.90,6098.60,6025.90,6084.40,1725779500
2006-11-30,6084.40,6108.90,6043.90,6048.90,1785469300
2006-12-01,6048.80,6087.40,5985.20,6021.50,1805651400
2006-12-04,6021.50,6058.10,6019.40,6050.40,1286179600
2006-12-05,6050.40,6097.40,6047.10,6086.40,1747636900
2006-12-06,6086.40,6105.70,6068.10,6090.40,1657440800
2006-12-07,6090.30,6145.30,6082.80,6131.50,1715884900
2006-12-08,6131.50,6157.10,6106.60,6152.40,1632000400
2006-12-11,6152.40,6187.00,6147.10,6159.80,1405243200
2006-12-12,6159.80,6164.80,6137.80,6156.40,1653482500
2006-12-13,6156.40,6196.60,6149.40,6192.50,1783763000
2006-12-14,6192.50,6230.60,6192.50,6228.00,1484147000
2006-12-15,6228.00,6271.40,6228.00,6260.00,2140440800
2006-12-18,6260.00,6269.10,6240.10,6247.40,1254247400
2006-12-19,6247.40,6247.40,6192.00,6204.00,1408300800
2006-12-20,6203.90,6240.10,6197.90,6198.60,1203981100
2006-12-21,6198.60,6203.50,6171.20,6183.70,1068612200
2006-12-22,6183.70,6191.10,6175.50,6190.00,475781200
2006-12-27,6190.00,6248.10,6190.00,6245.20,606891500
2006-12-28,6245.20,6258.70,6232.30,6241.00,512698500
2006-12-29,6240.90,6245.20,6207.60,6220.80,561961400
2007-01-02,6220.80,6312.50,6220.80,6310.90,1074946500
2007-01-03,6310.90,6322.00,6296.00,6319.00,1606892700
2007-01-04,6319.00,6319.00,6261.00,6287.00,1902875500
2007-01-05,6287.00,6287.00,6220.10,6220.10,1622439300
2007-01-08,6220.10,6246.00,6187.00,6194.20,1326700900
2007-01-09,6194.20,6218.50,6190.40,6196.10,2143699600
2007-01-10,6196.10,6196.10,6142.00,6160.70,1881991100
2007-01-11,6160.70,6233.10,6130.20,6230.10,2147062500
2007-01-12,6230.10,6247.60,6204.30,6239.00,1899868200
2007-01-15,6239.00,6279.70,6239.00,6263.50,1143653000
2007-01-16,6263.50,6266.40,6206.40,6215.70,1613624300
2007-01-17,6215.70,6227.00,6163.50,6204.50,1854154500
2007-01-18,6204.50,6257.20,6204.50,6210.30,1867057700
2007-01-19,6210.30,6243.30,6178.00,6237.20,1463593800
2007-01-22,6237.20,6270.90,6215.80,6218.40,1491780900
2007-01-23,6218.40,6240.70,6189.20,6227.60,1502967500
2007-01-24,6227.60,6320.90,6227.60,6314.80,1875850300
2007-01-25,6314.80,6335.10,6262.10,6269.30,1785913600
2007-01-26,6269.30,6271.40,6226.40,6228.00,1577128400
2007-01-29,6228.00,6253.70,6216.00,6239.90,1514653900
2007-01-30,6239.90,6250.10,6212.50,6242.00,1465861700
2007-01-31,6242.00,6257.30,6197.50,6203.10,2141167500
2007-02-01,6203.10,6300.30,6203.10,6282.20,2143964500
2007-02-02,6282.20,6329.00,6282.20,6310.90,2146065100
2007-02-05,6310.90,6328.90,6294.70,6317.90,1300078700
2007-02-06,6317.90,6369.70,6317.90,6346.30,1863241800
2007-02-07,6346.30,6379.80,6338.20,6369.50,1841128700
2007-02-08,6369.50,6375.00,6330.10,6346.40,1721451200
2007-02-09,6346.40,6395.40,6346.40,6382.80,1546436100
2007-02-12,6382.80,6383.10,6344.70,6353.50,1494282000
2007-02-13,6353.50,6381.80,6353.50,6381.80,1416286800
2007-02-14,6381.80,6421.20,6378.60,6421.20,1511242500
2007-02-15,6421.20,6435.30,6397.20,6433.30,1416697700
2007-02-16,6433.30,6439.20,6407.30,6419.50,1382320900
2007-02-19,6419.50,6451.40,6419.50,6444.40,924726800
2007-02-20,6444.40,6448.10,6392.40,6412.30,1556580600
2007-02-21,6412.30,6430.40,6352.10,6357.10,1769971100
2007-02-22,6357.10,6416.00,6357.10,6380.90,1757669400
2007-02-23,6380.90,6401.50,6357.10,6401.50,1661409900
2007-02-26,6401.50,6446.80,6401.50,6434.70,1468711800
2007-02-27,6434.70,6434.70,6270.50,6286.10,2044216200
2007-02-28,6286.10,6286.10,6166.20,6171.50,2147045000
2007-03-01,6171.50,6230.70,6038.90,6116.00,2147378200
2007-03-02,6116.00,6164.40,6085.60,6116.20,1923026800
2007-03-05,6116.20,6116.20,5989.60,6058.70,1913736300
2007-03-06,6058.70,6138.50,6058.70,6138.50,2123083000
2007-03-07,6138.50,6167.60,6106.10,6156.50,1669634400
2007-03-08,6156.50,6233.10,6156.50,6227.70,1542604000
2007-03-09,6227.70,6255.80,6190.30,6245.20,1660715100
2007-03-12,6245.20,6276.30,6219.30,6233.30,1355450300
2007-03-13,6233.30,6240.70,6161.20,6161.20,1595964400
2007-03-14,6161.20,6161.20,6000.70,6000.70,2147069900
2007-03-15,6000.70,6133.20,6000.70,6133.20,2137773200
2007-03-16,6133.20,6142.20,6094.70,6130.60,2116076100
2007-03-19,6130.60,6200.60,6130.60,6189.40,1827203100
2007-03-20,6189.40,6220.30,6159.40,6220.30,2146044200
2007-03-21,6220.30,6287.50,6207.70,6256.80,1776058600
2007-03-22,6256.80,6342.10,6256.80,6318.00,2143517900
2007-03-23,6318.00,6350.40,6296.60,6339.40,2052956900
2007-03-26,6339.40,6355.30,6274.10,6291.90,1766095700
2007-03-27,6291.90,6337.70,6276.80,6292.60,1549551300
2007-03-28,6292.60,6304.90,6250.10,6267.20,1582559800
2007-03-29,6267.20,6334.70,6267.20,6324.20,1534047800
2007-03-30,6324.20,6330.00,6291.10,6308.00,1952043600
2007-04-02,6308.00,6342.20,6293.90,6315.50,1360638200
2007-04-03,6315.50,6366.10,6315.50,6366.10,1816500000
2007-04-04,6366.10,6380.50,6345.90,6364.70,1749293500
2007-04-05,6364.70,6398.70,6350.30,6397.30,1373407200
2007-04-10,6397.30,6431.70,6394.30,6417.80,1604097800
2007-04-11,6417.80,6445.90,6401.90,6413.30,1995616000
2007-04-12,6413.30,6419.60,6376.40,6416.40,1491396600
2007-04-13,6416.40,6462.40,6416.40,6462.40,1515814100
2007-04-16,6462.40,6516.20,6462.40,6516.20,1504428900
2007-04-17,6516.20,6516.20,6456.40,6497.80,1558112200
2007-04-18,6497.80,6497.80,6440.80,6449.40,1490398200
2007-04-19,6449.40,6451.80,6386.20,6440.60,1447222300
2007-04-20,6440.60,6508.90,6440.60,6486.80,2142959300
2007-04-23,6486.80,6504.50,6466.10,6479.70,1325337000
2007-04-24,6479.70,6493.10,6408.40,6429.50,2082848400
2007-04-25,6429.50,6479.00,6429.50,6462.00,2141341200
2007-04-26,6461.90,6511.10,6443.70,6469.40,1688938000
2007-04-27,6469.40,6469.40,6410.60,6418.70,1877732100
2007-04-30,6418.70,6474.70,6410.50,6449.20,1386355100
2007-05-01,6449.20,6449.20,6395.50,6419.60,1036351200
2007-05-02,6422.10,6489.00,6422.10,6484.50,2017407700
2007-05-03,6484.50,6542.50,6484.50,6537.80,1925600400
2007-05-04,6537.80,6614.70,6537.80,6603.70,2099882800
2007-05-08,6603.70,6603.70,6537.50,6550.40,1962124100
2007-05-09,6550.40,6592.40,6529.00,6549.60,1948521500
2007-05-10,6549.60,6565.10,6515.00,6524.10,1836226400
2007-05-11,6524.10,6577.00,6451.90,6565.70,2146800700
2007-05-14,6565.70,6596.30,6530.30,6555.50,1234021400
2007-05-15,6555.50,6579.00,6532.90,6568.70,2142701700
2007-05-16,6568.60,6578.60,6539.40,6559.50,1834993000
2007-05-17,6559.50,6588.70,6553.60,6579.30,1987515700
2007-05-18,6579.30,6656.30,6579.10,6640.90,1971217200
2007-05-21,6640.90,6675.00,6619.40,6636.80,1562307600
2007-05-22,6636.80,6641.90,6594.60,6606.60,2147420000
2007-05-23,6606.60,6643.80,6602.50,6616.40,2142740300
2007-05-24,6616.40,6619.50,6560.50,6565.50,2137269700
2007-05-25,6565.40,6575.20,6532.50,6570.60,1649747200
2007-05-29,6570.50,6613.40,6570.50,6606.50,2146616100
2007-05-30,6606.50,6606.50,6533.50,6602.10,2048075500
2007-05-31,6602.10,6650.20,6602.10,6621.50,2067952800
2007-06-01,6621.40,6676.70,6621.30,6676.70,1746554900
2007-06-04,6676.70,6686.10,6641.20,6664.10,1276511300
2007-06-05,6664.10,6686.60,6625.70,6632.80,1790008900
2007-06-06,6632.80,6636.90,6511.70,6522.70,2034886700
2007-06-07,6522.70,6574.90,6478.00,6505.10,2145944500
2007-06-08,6505.10,6519.40,6451.40,6505.10,2147079600
2007-06-11,6505.10,6567.50,6505.10,6567.50,1400291100
2007-06-12,6567.50,6586.60,6513.70,6520.50,2009952300
2007-06-13,6520.40,6567.30,6483.60,6559.60,1925533100
2007-06-14,6559.60,6654.30,6559.60,6649.90,1889536500
2007-06-15,6649.90,6734.20,6649.90,6732.40,2147134000
2007-06-18,6732.40,6751.30,6696.80,6703.50,1300679100
2007-06-19,6703.50,6721.40,6650.20,6650.20,1713057700
2007-06-20,6650.20,6692.60,6647.60,6649.30,2139497600
2007-06-21,6649.30,6649.30,6563.90,6596.00,2146364100
2007-06-22,6596.00,6612.30,6562.20,6567.40,1591629900
2007-06-25,6567.40,6591.40,6522.30,6588.40,1919506100
2007-06-26,6588.40,6593.50,6539.90,6559.30,1988701300
2007-06-27,6559.30,6559.30,6496.40,6527.60,2144115900
2007-06-28,6527.60,6575.50,6527.60,6571.30,2141633300
2007-06-29,6571.30,6607.90,6519.60,6607.90,2019137900
2007-07-02,6607.90,6612.80,6570.50,6590.60,1617108000
2007-07-03,6590.60,6645.30,6590.60,6639.80,1863055200
2007-07-04,6639.80,6682.90,6639.80,6673.10,1208030200
2007-07-05,6673.10,6691.80,6625.80,6635.20,2094628900
2007-07-06,6635.20,6690.40,6635.20,6690.10,1579720100
2007-07-09,6690.10,6725.90,6690.10,6712.70,1314680100
2007-07-10,6712.70,6734.30,6620.50,6630.90,1764305400
2007-07-11,6630.90,6630.90,6574.20,6615.10,1735622400
2007-07-12,6615.10,6697.70,6594.70,6697.70,1791645300
2007-07-13,6697.70,6754.10,6697.70,6716.70,1459319000
2007-07-16,6716.70,6735.80,6679.20,6697.70,1620914300
2007-07-17,6697.70,6698.50,6628.10,6659.20,1653158200
2007-07-18,6659.10,6659.10,6567.10,6567.10,1649267200
2007-07-19,6567.10,6658.80,6567.10,6640.20,1929774700
2007-07-20,6640.20,6674.30,6580.00,6585.20,1648459300
2007-07-23,6585.20,6624.40,6583.50,6624.40,1450986500
2007-07-24,6624.40,6624.40,6498.70,6498.70,1858650000
2007-07-25,6498.70,6533.60,6436.70,6454.30,1877530100
2007-07-26,6454.30,6474.70,6251.20,6251.20,2146439300
2007-07-27,6251.20,6315.20,6192.30,6215.20,2146488600
2007-07-30,6215.20,6256.50,6186.20,6206.10,1964464900
2007-07-31,6206.10,6361.10,6206.10,6360.10,2119510500
2007-08-01,6360.10,6360.10,6187.20,6250.60,2124592300
2007-08-02,6250.60,6319.30,6250.60,6300.30,1864279600
2007-08-03,6300.30,6333.50,6212.20,6224.30,1772894000
2007-08-06,6224.30,6245.90,6161.50,6189.10,1727996600
2007-08-07,6189.10,6308.80,6189.10,6308.80,1775851600
2007-08-08,6308.80,6406.30,6308.80,6393.90,2102086800
2007-08-09,6393.90,6393.90,6228.00,6271.20,2146899500
2007-08-10,6271.20,6271.20,6038.30,6038.30,2146195400
2007-08-13,6038.30,6237.80,6038.30,6219.00,1990653000
2007-08-14,6219.00,6264.90,6132.20,6143.50,1778694000
2007-08-15,6143.50,6143.50,6041.70,6109.30,1773176400
2007-08-16,6109.30,6109.30,5858.90,5858.90,2122855500
2007-08-17,5858.90,6134.00,5821.70,6064.20,2146704700
2007-08-20,6064.20,6163.40,6064.20,6078.70,1481372200
2007-08-21,6078.70,6118.90,6031.80,6086.10,1563512500
2007-08-22,6086.10,6196.60,6086.10,6196.00,1720924400
2007-08-23,6196.00,6287.20,6194.40,6196.90,1710798800
2007-08-24,6196.90,6232.20,6182.40,6220.10,1064108100
2007-08-28,6220.10,6220.10,6083.90,6102.20,1251577000
2007-08-29,6102.20,6137.90,6056.50,6132.20,1277810600
2007-08-30,6132.20,6220.80,6122.50,6212.00,1527847700
2007-08-31,6212.00,6309.50,6212.00,6303.30,1405717500
2007-09-03,6303.30,6334.40,6303.20,6315.20,870994200
2007-09-04,6315.20,6378.00,6274.90,6376.80,1354080200
2007-09-05,6376.80,6390.50,6264.50,6270.70,1382927400
2007-09-06,6270.70,6327.30,6217.50,6313.30,1577759700
2007-09-07,6313.30,6342.70,6179.10,6191.20,1937698100
2007-09-10,6191.20,6232.10,6123.10,6134.10,1358041100
2007-09-11,6134.10,6280.70,6134.10,6280.70,1384826000
2007-09-12,6280.70,6317.10,6232.00,6306.20,1544617400
2007-09-13,6306.20,6374.50,6280.20,6363.90,1682212000
2007-09-14,6363.90,6363.90,6209.10,6289.30,2147180800
2007-09-17,6289.30,6289.30,6168.00,6182.80,2013260400
2007-09-18,6182.80,6298.50,6158.80,6283.30,2111940000
2007-09-19,6283.30,6512.40,6283.30,6460.00,2145890500
2007-09-20,6460.00,6460.00,6395.10,6429.00,1959086200
2007-09-21,6429.00,6481.60,6409.90,6456.70,2138550700
2007-09-24,6456.70,6494.20,6437.30,6465.90,1788563100
2007-09-25,6465.90,6465.90,6367.00,6396.90,2147378900
2007-09-26,6396.90,6484.40,6396.90,6433.00,1958385000
2007-09-27,6433.00,6508.00,6433.00,6486.40,2081502200
2007-09-28,6486.40,6500.40,6411.80,6466.80,2147359000
2007-10-01,6466.80,6514.50,6419.20,6506.30,1668930100
2007-10-02,6506.20,6567.00,6489.60,6500.40,2147328200
2007-10-03,6500.40,6542.80,6495.00,6535.20,2036551400
2007-10-04,6535.20,6593.30,6507.20,6547.90,1930898100
2007-10-05,6547.90,6605.10,6547.90,6595.80,1593592400
2007-10-08,6595.80,6605.60,6540.90,6540.90,1642300600
2007-10-09,6540.90,6625.30,6527.50,6615.40,1677935600
2007-10-10,6615.40,6633.00,6587.70,6633.00,1753424500
2007-10-11,6633.00,6730.10,6633.00,6724.50,2147272400
2007-10-12,6724.50,6730.70,6660.00,6730.70,2146771300
2007-10-15,6730.70,6751.70,6632.10,6644.50,1745765000
2007-10-16,6644.50,6644.50,6596.30,6614.30,1860730600
2007-10-17,6614.30,6690.50,6594.90,6677.70,1975530700
2007-10-18,6677.70,6722.00,6584.90,6609.40,1739688000
2007-10-19,6609.40,6615.80,6523.60,6527.90,1785068800
2007-10-22,6527.90,6527.90,6413.40,6459.30,1579140900
2007-10-23,6459.30,6562.70,6459.30,6514.00,1660006500
2007-10-24,6514.00,6550.90,6460.90,6482.00,1615837000
2007-10-25,6482.00,6587.60,6482.00,6576.30,1950013600
2007-10-26,6576.30,6684.10,6567.10,6661.30,2090591800
2007-10-29,6661.30,6726.90,6661.30,6706.00,1586285000
2007-10-30,6706.00,6706.00,6653.80,6659.00,1465186500
2007-10-31,6659.00,6721.60,6636.90,6721.60,1676734200
2007-11-01,6721.60,6723.70,6549.70,6586.10,1487683600
2007-11-02,6586.10,6586.10,6483.40,6530.60,1699776600
2007-11-05,6530.60,6530.60,6420.40,6461.40,1413277800
2007-11-06,6461.40,6512.10,6456.40,6474.90,1418635300
2007-11-07,6474.90,6519.20,6381.30,6385.10,1154914700
2007-11-08,6385.10,6432.30,6290.30,6381.90,2131191000
2007-11-09,6381.90,6442.90,6268.90,6304.90,1789367900
2007-11-12,6304.90,6365.20,6268.60,6337.90,1481429700
2007-11-13,6337.90,6387.40,6279.70,6362.40,1653336100
2007-11-14,6362.40,6460.80,6362.40,6432.10,1655537300
2007-11-15,6432.10,6465.40,6335.50,6359.60,1246655500
2007-11-16,6359.60,6359.60,6283.90,6291.20,1354551400
2007-11-19,6291.20,6331.70,6120.80,6120.80,1375882300
2007-11-20,6120.80,6227.70,6078.70,6226.50,1670519200
2007-11-21,6226.50,6226.50,6041.80,6070.90,1450928000
2007-11-22,6070.90,6155.30,6026.90,6155.30,1057454800
2007-11-23,6155.30,6262.10,6153.60,6262.10,1164111300
2007-11-26,6262.10,6307.80,6180.50,6180.50,1213903300
2007-11-27,6180.50,6197.10,6061.80,6140.70,1521781000
2007-11-28,6140.70,6307.40,6109.60,6306.20,1556085100
2007-11-29,6306.20,6363.50,6273.40,6349.10,1407106200
2007-11-30,6349.10,6455.80,6334.00,6432.50,1613249500
2007-12-03,6432.50,6456.10,6379.90,6386.60,1170902700
2007-12-04,6386.60,6398.20,6289.30,6315.20,1207162500
2007-12-05,6315.20,6493.80,6315.20,6493.80,1330501400
2007-12-06,6493.80,6591.80,6437.80,6485.60,1518034100
2007-12-07,6485.60,6577.80,6485.60,6554.90,1102286000
2007-12-10,6554.90,6596.70,6523.70,6565.40,1022301700
2007-12-11,6565.40,6597.50,6513.40,6536.90,969300700
2007-12-12,6536.90,6610.90,6429.50,6559.80,1582706000
2007-12-13,6559.80,6559.80,6364.20,6364.20,1406047800
2007-12-14,6364.20,6426.20,6336.70,6397.00,975937300
2007-12-17,6397.00,6397.00,6264.30,6277.80,1137995000
2007-12-18,6277.80,6344.30,6254.50,6279.30,1171365900
2007-12-19,6279.30,6319.10,6251.80,6284.50,1065834600
2007-12-20,6284.50,6367.70,6284.50,6345.60,1146323000
2007-12-21,6345.60,6451.80,6345.60,6434.10,1557130900
2007-12-24,6434.10,6485.60,6431.20,6479.30,145425700
2007-12-27,6479.30,6504.70,6468.40,6497.80,481185200
2007-12-28,6497.80,6497.80,6436.80,6476.90,419742800
2007-12-31,6476.90,6480.20,6432.80,6456.90,193916500
2008-01-02,6456.90,6512.30,6402.60,6416.70,674073300
2008-01-03,6416.70,6487.80,6394.60,6479.40,932411700
2008-01-04,6479.40,6534.70,6333.20,6348.50,1182498500
2008-01-07,6348.50,6376.50,6275.20,6335.70,1298090800
2008-01-08,6335.70,6399.60,6335.70,6356.50,1418323100
2008-01-09,6356.50,6356.50,6241.80,6272.70,1823908900
2008-01-10,6272.70,6314.50,6213.00,6222.70,1561550500
2008-01-11,6222.70,6251.80,6147.00,6202.00,1584489000
2008-01-14,6202.00,6247.30,6173.00,6215.70,1141689600
2008-01-15,6215.70,6215.70,6025.60,6025.60,1633314500
2008-01-16,6025.60,6031.50,5908.50,5942.90,1889642300
2008-01-17,5942.90,6028.40,5895.40,5902.40,1696753100
2008-01-18,5902.40,6030.90,5856.80,5901.70,2001710300
2008-01-21,5901.70,5901.70,5571.00,5578.20,2105408800
2008-01-22,5578.20,5764.00,5338.70,5740.10,2146910000
2008-01-23,5740.10,5844.90,5518.30,5609.40,2146010500
2008-01-24,5609.30,5882.30,5609.30,5875.80,2129111100
2008-01-25,5875.80,5973.30,5848.50,5869.00,1647164500
2008-01-28,5869.00,5869.00,5705.10,5788.90,1232833300
2008-01-29,5788.90,5885.20,5788.90,5885.20,1144122500
2008-01-30,5885.20,5885.20,5818.60,5837.30,1122769500
2008-01-31,5837.30,5899.50,5689.40,5879.80,1888867600
2008-02-01,5879.80,6044.90,5879.80,6029.20,1791034100
2008-02-04,6029.20,6071.30,6000.20,6026.20,1102822400
2008-02-05,6026.20,6026.20,5852.80,5868.00,1421468900
2008-02-06,5868.00,5892.60,5816.40,5875.40,1316366700
2008-02-07,5875.40,5875.40,5708.80,5724.10,1650915000
2008-02-08,5724.10,5805.30,5703.10,5784.00,1253695300
2008-02-11,5784.00,5789.60,5681.50,5707.70,1130377400
2008-02-12,5707.70,5910.00,5707.70,5910.00,1473528100
2008-02-13,5910.00,5915.00,5814.80,5880.10,1282472300
2008-02-14,5880.10,5938.50,5859.40,5879.30,1312840500
2008-02-15,5879.30,5915.00,5763.50,5787.60,1286214100
2008-02-18,5787.60,5951.90,5787.60,5946.60,927279200
2008-02-19,5946.60,6033.70,5884.80,5966.90,1309517400
2008-02-20,5966.90,5966.90,5847.40,5893.60,1480551900
2008-02-21,5893.60,6004.40,5893.60,5932.20,1304872400
2008-02-22,5932.20,5970.90,5863.80,5888.50,1249304500
2008-02-25,5888.50,6011.70,5888.50,5999.50,1211085100
2008-02-26,5999.50,6092.50,5991.60,6087.40,1283573200
2008-02-27,6087.40,6104.50,5989.00,6076.50,1508230000
2008-02-28,6076.50,6090.80,5960.30,5965.70,1555514800
2008-02-29,5965.70,5986.20,5859.30,5884.30,1557177300
2008-03-03,5884.30,5884.30,5770.10,5818.60,1519244300
2008-03-04,5818.60,5872.90,5719.80,5767.70,1555756600
2008-03-05,5767.70,5860.50,5763.90,5853.50,1416583700
2008-03-06,5853.50,5871.10,5753.10,5766.40,1223869700
2008-03-07,5766.40,5766.40,5655.70,5699.90,1553543800
2008-03-10,5699.90,5718.80,5616.60,5629.10,1311044000
2008-03-11,5629.10,5783.40,5629.10,5690.40,1752461600
2008-03-12,5690.40,5812.70,5690.40,5776.40,1421371500
2008-03-13,5776.40,5776.40,5628.90,5692.40,1628702300
2008-03-14,5692.40,5782.00,5595.80,5631.70,1551275000
2008-03-17,5631.70,5631.70,5414.40,5414.40,2058764200
2008-03-18,5414.40,5610.00,5414.40,5605.80,1660294700
2008-03-19,5605.80,5653.60,5524.80,5545.60,2127270700
2008-03-20,5545.60,5545.60,5461.90,5495.20,2137214900
2008-03-25,5495.20,5704.30,5495.20,5689.10,1962218800
2008-03-26,5689.10,5689.10,5639.10,5660.40,1499881500
2008-03-27,5660.40,5735.00,5650.90,5717.50,1419002900
2008-03-28,5717.50,5747.20,5673.70,5692.90,1045046100
2008-03-31,5692.90,5715.10,5585.60,5702.10,1374906100
2008-04-01,5702.10,5865.80,5670.40,5852.60,1473810600
2008-04-02,5852.60,5920.10,5827.20,5915.90,1317727800
2008-04-03,5915.90,5935.20,5864.00,5891.30,1065812900
2008-04-04,5891.30,5948.00,5888.00,5947.10,954743500
2008-04-07,5947.10,6014.80,5947.10,6014.80,946532600
2008-04-08,6014.80,6014.80,5942.20,5990.20,934849000
2008-04-09,5990.20,6015.60,5947.20,5983.90,955804900
2008-04-10,5983.90,6003.20,5881.90,5965.10,1231191200
2008-04-11,5965.10,6016.30,5866.10,5895.50,1228298000
2008-04-14,5895.50,5895.50,5827.00,5831.60,1071624800
2008-04-15,5831.60,5943.30,5831.60,5906.90,1265418200
2008-04-16,5906.90,6046.20,5906.90,6046.20,1274744100
2008-04-17,6046.20,6086.40,5973.90,5980.40,1341988600
2008-04-18,5980.40,6062.10,5974.30,6056.60,1420110900
2008-04-21,6056.50,6089.50,6021.20,6053.00,1173183800
2008-04-22,6053.00,6072.00,6007.50,6034.70,1035231500
2008-04-23,6034.70,6083.60,5978.80,6083.60,1353681300
2008-04-24,6083.60,6083.60,5951.90,6050.70,1145619200
2008-04-25,6050.70,6098.80,6045.50,6091.40,1147801700
2008-04-28,6091.40,6134.50,6083.50,6090.40,781898500
2008-04-29,6090.40,6133.50,6051.60,6089.40,997915900
2008-04-30,6089.40,6120.30,6035.80,6087.30,1156154900
2008-05-01,6087.30,6118.20,6066.00,6087.30,579075100
2008-05-02,6087.30,6223.90,6087.30,6215.50,1199047200
2008-05-06,6215.50,6233.70,6155.90,6215.30,1079620600
2008-05-07,6215.20,6275.00,6214.10,6261.00,1036822500
2008-05-08,6256.50,6273.30,6217.00,6270.80,1054319900
2008-05-09,6270.80,6270.80,6167.60,6204.70,964963800
2008-05-12,6204.70,6251.90,6184.80,6220.70,678570800
2008-05-13,6220.60,6268.10,6142.30,6211.90,1047796100
2008-05-14,6211.90,6253.10,6167.90,6216.00,1161774500
2008-05-15,6216.00,6258.50,6168.80,6251.80,1137169800
2008-05-16,6251.80,6348.60,6251.80,6304.30,1197060400
2008-05-19,6304.30,6377.00,6302.80,6376.50,1110917200
2008-05-20,6376.50,6376.50,6191.60,6191.60,1350917600
2008-05-21,6191.60,6257.30,6183.50,6198.10,1354508100
2008-05-22,6198.10,6226.20,6159.40,6181.60,1551634900
2008-05-23,6181.60,6182.90,6087.30,6087.30,1133052000
2008-05-27,6087.30,6141.70,6048.70,6058.50,1296141700
2008-05-28,6058.50,6122.20,6052.50,6069.60,1344845200
2008-05-29,6069.60,6130.50,6041.10,6068.10,1377029000
2008-05-30,6068.10,6111.60,6044.70,6053.50,1650279300
2008-06-02,6053.50,6060.80,5978.40,6007.60,1276716500
2008-06-03,6007.60,6059.00,5993.30,6057.70,1331720300
2008-06-04,6057.70,6057.70,5933.30,5970.10,1609778100
2008-06-05,5970.10,6005.10,5941.00,5995.30,1435388200
2008-06-06,5995.30,6074.50,5906.50,5906.80,1377027700
2008-06-09,5902.90,5938.50,5869.60,5877.60,1309997000
2008-06-10,5869.80,5873.20,5813.40,5827.30,1327050900
2008-06-11,5847.40,5859.40,5708.30,5723.30,1940035400
2008-06-12,5725.50,5797.80,5719.80,5790.50,1871306800
2008-06-13,5793.70,5818.30,5719.50,5802.80,1353586500
2008-06-16,5802.80,5832.60,5759.60,5794.60,1256900700
2008-06-17,5794.60,5930.30,5794.60,5861.90,1313063800
2008-06-18,5861.90,5861.90,5735.40,5756.90,1316636300
2008-06-19,5756.90,5786.40,5707.20,5708.40,1438710400
2008-06-20,5708.40,5731.90,5597.00,5620.80,1691661700
2008-06-23,5620.80,5679.20,5603.20,5667.20,1288587600
2008-06-24,5667.20,5693.80,5581.60,5634.70,1606101000
2008-06-25,5634.70,5669.60,5634.70,5666.10,1527032700
2008-06-26,5666.10,5666.10,5518.20,5518.20,1603238500
2008-06-27,5518.20,5555.20,5470.90,5530.00,1672463300
2008-06-30,5529.90,5625.90,5520.20,5625.90,1411196700
2008-07-01,5625.90,5625.90,5466.30,5479.90,1766869500
2008-07-02,5479.90,5566.80,5426.30,5426.30,1775171700
2008-07-03,5426.30,5490.60,5358.50,5476.60,1778459100
2008-07-04,5476.60,5490.20,5394.00,5412.80,964763400
2008-07-07,5412.80,5516.40,5400.10,5512.70,1185721300
2008-07-08,5512.70,5512.70,5358.70,5440.50,1556629000
2008-07-09,5440.50,5538.20,5440.50,5529.60,1482113500
2008-07-10,5529.60,5529.60,5392.60,5406.80,1468540900
2008-07-11,5406.80,5461.80,5261.60,5261.60,1686940500
2008-07-14,5261.60,5373.20,5261.60,5300.40,1328602600
2008-07-15,5300.40,5300.40,5119.00,5171.90,2028827300
2008-07-16,5171.90,5210.10,5071.10,5150.60,2107222500
2008-07-17,5150.60,5320.50,5150.60,5286.30,2068339400
2008-07-18,5286.30,5376.40,5216.60,5376.40,2061723500
2008-07-21,5376.40,5445.80,5334.60,5404.30,1609590000
2008-07-22,5404.30,5404.30,5282.80,5364.20,1931906300
2008-07-23,5364.10,5467.20,5364.10,5449.90,2126534100
2008-07-24,5449.90,5463.70,5345.10,5362.30,1729970900
2008-07-25,5362.30,5375.20,5291.40,5352.60,1662768600
2008-07-28,5352.60,5365.80,5308.40,5312.60,1076152400
2008-07-29,5312.60,5354.60,5261.40,5319.20,1507025700
2008-07-30,5319.20,5435.90,5319.20,5420.70,1458308300
2008-07-31,5420.70,5456.10,5371.30,5411.90,1768570800
2008-08-01,5411.90,5411.90,5321.30,5354.70,1341947000
2008-08-04,5354.70,5414.70,5310.30,5320.20,972098300
2008-08-05,5320.20,5454.50,5299.70,5454.50,1655153000
2008-08-06,5454.50,5498.60,5440.10,5486.10,1634412000
2008-08-07,5486.10,5539.30,5450.90,5477.50,1552156300
2008-08-08,5477.50,5507.20,5410.80,5489.20,1416347700
2008-08-11,5489.20,5541.80,5477.70,5541.80,1121815600
2008-08-12,5541.80,5569.20,5491.30,5534.50,1249922700
2008-08-13,5534.50,5534.50,5437.10,5448.60,1399163100
2008-08-14,5448.60,5539.60,5445.60,5497.50,1127815700
2008-08-15,5497.40,5538.80,5432.20,5454.80,964805800
2008-08-18,5454.80,5498.70,5425.30,5450.20,727068400
2008-08-19,5450.20,5450.20,5317.10,5320.40,1162376400
2008-08-20,5320.40,5384.20,5320.40,5371.80,1086011900
2008-08-21,5371.80,5408.00,5311.40,5370.20,1011026700
2008-08-22,5370.20,5505.60,5368.00,5505.60,1024330800
2008-08-26,5505.60,5505.60,5369.30,5470.70,963908000
2008-08-27,5470.70,5540.80,5434.70,5528.20,879705700
2008-08-28,5528.10,5634.00,5496.90,5601.20,1096926400
2008-08-29,5601.20,5649.10,5587.40,5636.60,1109943000
2008-09-01,5636.60,5636.60,5573.80,5602.80,590551600
2008-09-02,5602.80,5646.50,5574.90,5620.70,1346424400
2008-09-03,5620.70,5620.70,5492.10,5499.70,1257405100
2008-09-04,5499.70,5541.70,5362.10,5362.10,1422706900
2008-09-05,5362.10,5362.10,5227.60,5240.70,1653449200
2008-09-08,5240.70,5447.60,5240.70,5446.30,808056600
2008-09-09,5446.30,5524.80,5386.90,5415.60,2008764300
2008-09-10,5415.60,5419.50,5327.80,5366.20,1580677400
2008-09-11,5366.20,5377.90,5258.10,5318.40,1448798000
2008-09-12,5318.40,5416.70,5318.40,5416.70,1375294800
2008-09-15,5416.70,5416.70,5124.90,5204.20,2087491500
2008-09-16,5204.20,5204.20,4961.20,5025.60,2146099200
2008-09-17,5025.60,5124.40,4903.30,4912.40,2146561800
2008-09-18,4912.40,5015.90,4860.70,4880.00,2145521500
2008-09-19,4880.00,5351.20,4857.10,5311.30,2147443000
2008-09-22,5311.30,5339.30,5236.30,5236.30,1294511600
2008-09-23,5236.30,5236.30,5076.30,5136.10,1502159100
2008-09-24,5136.10,5167.40,5087.30,5095.60,1257289700
2008-09-25,5095.60,5211.60,5060.70,5197.00,1427808500
2008-09-26,5197.00,5197.00,5057.30,5088.50,1124378400
2008-09-29,5088.50,5088.50,4818.80,4818.80,1511330500
2008-09-30,4818.80,4953.40,4671.00,4902.50,1767073100
2008-10-01,4902.50,5012.20,4891.50,4959.60,1532944200
2008-10-02,4959.60,5052.00,4862.10,4870.30,1320100800
2008-10-03,4870.30,5003.90,4832.10,4980.30,1565085200
2008-10-06,4980.30,4980.30,4549.70,4589.20,1787422600
2008-10-07,4589.20,4745.00,4517.50,4605.20,2142946900
2008-10-08,4605.20,4654.20,4245.30,4366.70,2146613600
2008-10-09,4366.70,4512.50,4274.40,4313.80,1899237600
2008-10-10,4313.80,4313.80,3874.00,3932.10,2146499000
2008-10-13,3932.10,4256.90,3932.10,4256.90,2075277200
2008-10-14,4256.90,4534.40,4256.90,4394.20,2146346200
2008-10-15,4394.20,4394.20,4052.00,4079.60,1647590200
2008-10-16,4079.60,4079.60,3808.10,3861.40,1996479500
2008-10-17,3861.40,4077.60,3861.30,4063.00,1843477100
2008-10-20,4063.00,4282.70,4063.00,4282.70,1455710000
2008-10-21,4282.70,4347.70,4212.40,4229.70,1277220500
2008-10-22,4229.70,4229.70,4031.80,4040.90,1446139800
2008-10-23,4040.90,4108.40,3927.60,4087.80,1459891500
2008-10-24,4087.80,4087.80,3715.20,3883.40,1831994500
2008-10-27,3883.40,3911.60,3665.20,3852.60,1399046900
2008-10-28,3852.60,4034.00,3847.60,3926.40,1592948500
2008-10-29,3926.40,4242.50,3926.40,4242.50,1667125900
2008-10-30,4242.50,4352.50,4200.20,4291.70,1362674800
2008-10-31,4291.70,4383.90,4195.20,4377.30,1679929300
2008-11-03,4377.30,4443.30,4348.30,4443.30,1234386600
2008-11-04,4443.30,4639.50,4404.20,4639.50,1491548400
2008-11-05,4639.50,4639.50,4495.70,4530.70,1154229400
2008-11-06,4530.70,4530.70,4260.30,4272.40,1680698800
2008-11-07,4272.40,4408.10,4263.80,4365.00,1296014000
2008-11-10,4365.00,4524.90,4365.00,4403.90,1094586600
2008-11-11,4403.90,4403.90,4231.50,4246.70,1320599800
2008-11-12,4246.70,4333.40,4134.50,4182.00,1441079400
2008-11-13,4182.00,4198.70,4079.60,4169.20,1418693100
2008-11-14,4169.20,4342.30,4169.20,4233.00,1228154100
2008-11-17,4233.00,4236.40,4110.70,4132.20,1089892900
2008-11-18,4132.20,4208.60,4033.40,4208.60,1316071900
2008-11-19,4208.60,4213.20,3999.10,4005.70,1387899700
2008-11-20,4005.70,4005.70,3812.20,3875.00,1571801800
2008-11-21,3875.00,3946.70,3734.10,3781.00,1618276800
2008-11-24,3781.00,4153.10,3781.00,4153.00,1635116900
2008-11-25,4153.00,4268.30,4069.30,4171.30,1901669700
2008-11-26,4171.30,4198.70,4050.70,4152.70,1167340700
2008-11-27,4152.70,4241.70,4152.70,4226.10,781558100
2008-11-28,4226.10,4288.00,4192.50,4288.00,941523500
2008-12-01,4288.00,4288.00,4038.50,4065.50,1041732400
2008-12-02,4065.50,4137.10,3973.30,4122.90,1586775900
2008-12-03,4122.90,4190.90,4042.30,4170.00,1201073200
2008-12-04,4170.00,4261.10,4090.00,4163.60,1270801100
2008-12-05,4163.60,4163.60,4002.20,4049.40,1116563100
2008-12-08,4049.40,4318.00,4049.40,4300.10,1243254600
2008-12-09,4300.10,4413.00,4232.60,4381.30,1106828700
2008-12-10,4381.30,4407.10,4330.00,4367.30,1097104600
2008-12-11,4367.30,4430.30,4307.80,4388.70,1054034600
2008-12-12,4388.70,4388.70,4201.90,4280.40,1101084700
2008-12-15,4280.40,4340.70,4238.90,4277.60,871526200
2008-12-16,4277.60,4330.10,4246.10,4309.10,929308900
2008-12-17,4309.10,4341.10,4231.10,4324.20,1135986200
2008-12-18,4324.20,4352.70,4282.60,4330.70,1089176000
2008-12-19,4330.70,4330.70,4200.70,4286.90,1576532200
2008-12-22,4286.90,4305.40,4219.80,4249.20,767254400
2008-12-23,4249.20,4307.10,4244.20,4256.00,607289600
2008-12-24,4256.00,4256.00,4205.20,4216.60,158371000
2008-12-29,4216.60,4326.30,4216.60,4319.40,441106800
2008-12-30,4319.40,4406.10,4319.40,4392.70,430343900
2008-12-31,4392.70,4456.20,4392.70,4434.20,241902200
2009-01-02,4434.20,4561.80,4430.00,4561.80,407295500
2009-01-05,4561.80,4618.10,4520.80,4579.60,836676100
2009-01-06,4579.60,4675.70,4562.00,4638.90,1036086000
2009-01-07,4638.90,4638.90,4478.00,4507.50,1059568400
2009-01-08,4507.50,4514.70,4410.50,4505.40,923008000
2009-01-09,4505.40,4534.80,4431.90,4448.50,979530100
2009-01-12,4448.50,4471.30,4402.30,4426.20,785473900
2009-01-13,4426.20,4426.20,4321.30,4399.20,928429000
2009-01-14,4399.20,4426.50,4115.40,4180.60,1309107200
2009-01-15,4180.60,4199.40,4090.90,4121.10,1247030300
2009-01-16,4121.10,4251.70,4121.10,4147.10,1380947500
2009-01-19,4147.10,4251.90,4032.40,4108.50,1879365100
2009-01-20,4108.50,4184.30,4060.60,4091.40,2078463800
2009-01-21,4091.40,4112.80,4001.40,4059.90,2068435600
2009-01-22,4059.90,4153.90,4046.40,4052.20,1614858900
2009-01-23,4052.20,4070.80,3956.70,4052.50,1508583500
2009-01-26,4052.50,4225.20,4039.40,4209.00,1524347800
2009-01-27,4209.00,4211.00,4130.80,4194.40,1264648400
2009-01-28,4194.40,4317.60,4194.40,4295.20,1714540500
2009-01-29,4295.20,4295.20,4147.70,4190.10,1387667200
2009-01-30,4190.10,4228.00,4125.20,4149.60,1496062700
2009-02-02,4149.60,4149.60,4036.90,4077.80,929235800
2009-02-03,4077.80,4173.20,4043.40,4164.50,1085343300
2009-02-04,4164.50,4262.70,4160.40,4228.60,1196794000
2009-02-05,4228.60,4235.30,4133.50,4228.90,1216188700
2009-02-06,4228.90,4330.70,4225.60,4291.90,1412522900
2009-02-09,4291.90,4334.00,4244.00,4307.60,1158075200
2009-02-10,4307.60,4309.50,4210.50,4213.10,1113424800
2009-02-11,4213.10,4244.50,4182.10,4234.30,977770500
2009-02-12,4234.30,4234.30,4135.10,4202.20,1326826700
2009-02-13,4202.20,4291.60,4168.00,4189.60,1461771800
2009-02-16,4189.60,4189.60,4127.30,4134.80,765927300
2009-02-17,4134.80,4134.80,3995.40,4034.10,1226667200
2009-02-18,4034.10,4056.50,3938.10,4006.80,1275963400
2009-02-19,4006.80,4045.20,3983.90,4018.40,1173914600
2009-02-20,4018.40,4018.40,3877.80,3889.10,1300936100
2009-02-23,3889.10,3960.00,3844.90,3850.70,985111800
2009-02-24,3850.70,3852.30,3772.50,3816.40,1082778200
2009-02-25,3816.40,3884.10,3803.90,3849.00,1190213600
2009-02-26,3849.00,3948.20,3849.00,3915.60,2078195900
2009-02-27,3915.60,3915.60,3760.70,3830.10,1662560900
2009-03-02,3830.10,3830.10,3625.80,3625.80,1489096600
2009-03-03,3625.80,3676.90,3497.30,3512.10,1550463500
2009-03-04,3512.10,3649.50,3512.10,3645.90,1282906500
2009-03-05,3645.90,3645.90,3526.40,3529.90,1517533900
2009-03-06,3529.90,3590.20,3492.10,3530.70,1594394000
2009-03-09,3530.70,3564.80,3460.70,3542.40,1567503300
2009-03-10,3542.40,3726.30,3516.30,3715.20,1622535500
2009-03-11,3715.20,3763.20,3652.00,3693.80,1596496900
2009-03-12,3693.80,3725.60,3616.50,3712.10,1414332600
2009-03-13,3712.10,3816.00,3712.10,3753.70,1333680700
2009-03-16,3753.70,3864.00,3753.70,3864.00,1178182100
2009-03-17,3864.00,3864.00,3793.10,3857.10,1176227300
2009-03-18,3857.10,3901.70,3768.50,3805.00,1211937900
2009-03-19,3805.00,3912.60,3793.70,3816.90,2067532600
2009-03-20,3816.90,3854.90,3777.70,3842.90,2098960900
2009-03-23,3842.90,3978.60,3842.90,3952.80,1437096700
2009-03-24,3952.80,3992.40,3878.40,3911.50,1405266400
2009-03-25,3911.50,3939.20,3853.00,3900.30,1320622600
2009-03-26,3900.30,3929.50,3877.80,3925.20,1425099300
2009-03-27,3925.20,3950.30,3877.60,3898.90,1489157700
2009-03-30,3898.90,3898.90,3762.90,3762.90,1236805000
2009-03-31,3762.90,3930.60,3762.90,3926.10,1504770600
2009-04-01,3926.10,3972.70,3838.20,3955.60,1290451600
2009-04-02,3955.60,4137.90,3955.60,4125.00,1638677500
2009-04-03,4125.00,4132.90,4015.60,4029.70,1372120500
2009-04-06,4029.70,4097.20,3959.60,3993.50,1210070400
2009-04-07,3993.50,4039.50,3909.90,3930.50,1084360400
2009-04-08,3930.50,3940.40,3876.10,3925.50,1093133700
2009-04-09,3925.50,3986.30,3912.00,3983.70,1119752000
2009-04-14,3983.70,4039.70,3939.60,3989.00,1385019700
2009-04-15,3989.00,4023.40,3941.60,3968.40,1214774200
2009-04-16,3968.40,4053.00,3963.60,4053.00,1235529000
2009-04-17,4053.00,4114.30,4043.20,4092.80,1554328000
2009-04-20,4092.80,4112.80,3962.90,3990.90,1222655500
2009-04-21,3990.90,4019.20,3897.30,3987.50,1470716700
2009-04-22,3987.50,4036.00,3948.20,4030.70,1289423600
2009-04-23,4030.70,4082.30,3999.10,4018.20,1098268000
2009-04-24,4018.20,4156.00,4018.20,4156.00,1272567300
2009-04-27,4156.00,4179.20,4088.70,4167.00,975338500
2009-04-28,4167.00,4167.00,4058.70,4096.40,976964600
2009-04-29,4096.40,4193.30,4089.50,4189.60,1154592800
2009-04-30,4189.60,4293.60,4189.60,4243.70,1479187400
2009-05-01,4243.70,4251.60,4210.80,4243.20,600337900
2009-05-05,4243.20,4375.40,4243.20,4336.90,1521395300
2009-05-06,4336.90,4437.60,4317.10,4396.50,1450005700
2009-05-07,4396.50,4520.80,4380.30,4398.70,2082793400
2009-05-08,4398.70,4487.50,4398.70,4462.10,1374720300
2009-05-11,4462.10,4470.10,4401.50,4435.50,1174313500
2009-05-12,4435.50,4457.50,4397.40,4425.50,1233368000
2009-05-13,4425.50,4448.00,4328.20,4331.40,1484087100
2009-05-14,4331.40,4371.30,4295.20,4362.60,1162939200
2009-05-15,4362.60,4400.70,4317.20,4348.10,1035803800
2009-05-18,4348.10,4446.50,4307.70,4446.50,959145100
2009-05-19,4446.50,4512.70,4445.50,4482.30,1385942800
2009-05-20,4482.30,4504.20,4445.10,4468.40,1326948700
2009-05-21,4468.40,4468.40,4325.80,4345.50,1220946400
2009-05-22,4345.50,4393.10,4335.00,4365.30,995791300
2009-05-26,4365.30,4423.60,4295.00,4411.70,981618600
2009-05-27,4411.70,4439.80,4390.20,4416.20,921207800
2009-05-28,4416.20,4416.20,4341.10,4387.50,899986300
2009-05-29,4387.50,4469.40,4387.50,4417.90,1114677900
2009-06-01,4417.90,4517.60,4417.90,4506.20,945032300
2009-06-02,4506.20,4506.20,4435.90,4477.00,1387225400
2009-06-03,4477.00,4477.20,4359.30,4383.40,1223091600
2009-06-04,4383.40,4436.30,4359.70,4386.90,1011577800
2009-06-05,4386.90,4495.90,4386.90,4438.60,1214146300
2009-06-08,4438.60,4438.60,4370.60,4405.20,1217751600
2009-06-09,4405.20,4445.50,4387.30,4404.80,984357200
2009-06-10,4404.80,4505.90,4404.80,4436.80,1183525400
2009-06-11,4436.80,4478.40,4409.20,4461.90,1081565400
2009-06-12,4461.90,4472.00,4427.20,4442.00,988502000
2009-06-15,4442.00,4442.00,4319.80,4326.00,975059400
2009-06-16,4326.00,4372.90,4321.60,4328.60,1170139200
2009-06-17,4328.60,4328.70,4254.60,4278.50,1167328700
2009-06-18,4278.50,4305.40,4239.70,4280.90,1222104700
2009-06-19,4280.90,4370.30,4279.90,4345.90,1830416700
2009-06-22,4345.90,4345.90,4234.10,4234.10,1126564100
2009-06-23,4234.10,4264.00,4214.90,4230.00,1057649000
2009-06-24,4230.00,4293.00,4218.40,4280.00,1121205000
2009-06-25,4280.00,4290.40,4213.40,4252.60,1082815700
2009-06-26,4252.60,4307.20,4216.50,4241.00,1021123100
2009-06-29,4241.00,4303.60,4235.20,4294.00,1086737200
2009-06-30,4294.00,4311.20,4230.60,4249.20,1281583500
2009-07-01,4249.20,4353.00,4249.20,4340.70,1191886800
2009-07-02,4340.70,4340.70,4230.80,4234.30,1271763500
2009-07-03,4234.30,4264.80,4221.20,4236.30,905300700
2009-07-06,4236.30,4236.30,4172.30,4194.90,874675400
2009-07-07,4194.90,4242.10,4184.40,4187.00,847664200
2009-07-08,4187.00,4197.60,4130.60,4140.20,1051898200
2009-07-09,4140.20,4186.40,4140.20,4158.70,900471600
2009-07-10,4158.70,4160.50,4123.50,4127.20,814402200
2009-07-13,4127.20,4209.30,4096.10,4202.10,833668500
2009-07-14,4202.10,4256.40,4198.70,4237.70,867775400
2009-07-15,4237.70,4346.50,4237.70,4346.50,916566200
2009-07-16,4346.50,4385.20,4329.40,4361.80,924481400
2009-07-17,4361.80,4411.90,4361.80,4388.80,1076386600
2009-07-20,4388.80,4464.80,4388.80,4443.60,953645400
2009-07-21,4443.60,4502.10,4437.80,4481.20,1080316400
2009-07-22,4481.20,4498.00,4449.20,4493.70,928783400
2009-07-23,4493.70,4566.80,4472.10,4559.80,1104970700
2009-07-24,4559.80,4603.20,4536.50,4576.60,1145016600
2009-07-27,4576.60,4615.10,4553.10,4586.10,874599400
2009-07-28,4586.10,4616.40,4520.30,4528.80,966741400
2009-07-29,4528.80,4581.80,4512.10,4547.50,895089400
2009-07-30,4547.50,4646.90,4547.50,4631.60,1158922100
2009-07-31,4631.60,4645.50,4599.70,4608.40,1120900900
2009-08-03,4608.40,4710.20,4595.60,4682.50,1178151400
2009-08-04,4682.50,4682.50,4627.70,4671.40,958905100
2009-08-05,4671.40,4696.60,4630.60,4647.10,1392568600
2009-08-06,4647.10,4729.60,4647.10,4690.50,1312467700
2009-08-07,4690.50,4743.60,4632.20,4731.60,1528840500
2009-08-10,4731.60,4731.60,4688.80,4722.20,892251700
2009-08-11,4722.20,4744.10,4657.80,4671.30,1051822100
2009-08-12,4671.30,4722.60,4631.70,4716.80,1010701400
2009-08-13,4716.80,4790.00,4716.80,4755.50,1013328800
2009-08-14,4755.50,4790.20,4699.50,4714.00,871182600
2009-08-17,4714.00,4714.00,4610.30,4645.00,800042900
2009-08-18,4645.00,4688.20,4645.00,4685.80,732863000
2009-08-19,4685.80,4698.50,4625.40,4689.70,773947300
2009-08-20,4689.70,4766.90,4689.70,4756.60,943369300
2009-08-21,4756.60,4858.50,4735.80,4850.90,1320141100
2009-08-24,4850.90,4911.40,4850.90,4896.20,900326900
2009-08-25,4896.20,4923.30,4858.90,4916.80,1044396100
2009-08-26,4916.80,4927.10,4872.40,4890.60,907787400
2009-08-27,4890.60,4906.20,4855.30,4869.40,912983500
2009-08-28,4869.40,4944.20,4869.40,4908.90,1070450000
2009-09-01,4908.90,4921.20,4819.70,4819.70,1150970500
2009-09-02,4819.70,4821.90,4776.50,4817.60,1274571700
2009-09-03,4817.60,4841.50,4788.90,4796.80,965052400
2009-09-04,4796.80,4873.80,4796.80,4851.70,938072800
2009-09-07,4851.70,4941.70,4851.70,4933.20,762580200
2009-09-08,4933.20,4972.00,4926.10,4947.30,1104404400
2009-09-09,4947.30,5004.30,4928.40,5004.30,913778900
2009-09-10,5004.30,5035.30,4956.60,4987.70,1108534200
2009-09-11,4987.70,5038.80,4987.70,5011.50,1012630100
2009-09-14,5011.50,5020.90,4953.70,5018.90,707999300
2009-09-15,5018.90,5062.70,4996.50,5042.10,880588100
2009-09-16,5042.10,5131.30,5042.10,5124.10,1133393000
2009-09-17,5124.10,5173.10,5124.10,5164.00,1020059900
2009-09-18,5164.00,5183.90,5147.10,5172.90,1596938600
2009-09-21,5172.90,5182.20,5107.70,5134.40,957357100
2009-09-22,5134.40,5189.90,5134.40,5142.60,796945500
2009-09-23,5142.60,5175.10,5126.60,5139.40,1012734000
2009-09-24,5139.40,5165.40,5073.40,5079.30,1161742300
2009-09-25,5079.30,5121.90,5079.00,5082.20,972278200
2009-09-28,5082.20,5170.80,5050.80,5165.70,925739600
2009-09-29,5165.70,5184.10,5136.50,5159.70,906053800
2009-09-30,5159.70,5190.00,5092.80,5133.90,1216010800
2009-10-01,5133.90,5164.40,5044.00,5047.80,1109157300
2009-10-02,5047.80,5047.80,4955.00,4988.70,1337511400
2009-10-05,4988.70,5024.30,4976.90,5024.30,934716900
2009-10-06,5024.30,5149.90,5024.30,5138.00,1041875400
2009-10-07,5138.00,5156.20,5104.50,5108.90,926710300
2009-10-08,5108.90,5172.80,5108.90,5154.60,1182270200
2009-10-09,5154.60,5171.50,5130.40,5161.90,930745000
2009-10-12,5161.90,5231.20,5161.90,5210.20,779456100
2009-10-13,5210.20,5221.70,5154.20,5154.20,1120979200
2009-10-14,5154.20,5261.30,5154.20,5256.10,1217384100
2009-10-15,5256.10,5267.90,5218.90,5223.00,1109682700
2009-10-16,5223.00,5272.90,5176.40,5190.20,1178422600
2009-10-19,5190.20,5281.50,5190.20,5281.50,827031100
2009-10-20,5281.50,5298.50,5243.40,5243.40,1072976900
2009-10-21,5243.40,5268.00,5174.50,5257.90,1133964200
2009-10-22,5257.90,5257.90,5166.50,5207.40,1018440500
2009-10-23,5207.40,5299.60,5207.40,5242.60,983285500
2009-10-26,5242.60,5281.10,5166.40,5191.70,934834000
2009-10-27,5191.70,5230.60,5181.90,5201.00,1445543900
2009-10-28,5201.00,5201.00,5074.10,5080.40,1417096300
2009-10-29,5080.40,5145.60,5042.70,5137.70,1347176900
2009-10-30,5137.70,5169.90,5024.40,5044.60,1400463200
2009-11-02,5044.60,5115.70,5022.50,5104.50,1039674900
2009-11-03,5104.50,5104.50,4985.10,5037.20,1355407200
2009-11-04,5037.20,5120.80,5037.20,5107.90,959549700
2009-11-05,5107.10,5154.60,5036.90,5125.60,1004107700
2009-11-06,5125.60,5159.00,5077.90,5142.70,1026864200
2009-11-09,5142.70,5240.00,5142.70,5235.20,866590200
2009-11-10,5235.20,5264.30,5221.50,5230.60,1093802700
2009-11-11,5230.60,5301.10,5230.60,5266.80,1048756700
2009-11-12,5266.80,5304.90,5254.10,5276.50,1021883100
2009-11-13,5276.50,5297.40,5251.30,5296.40,825549600
2009-11-16,5296.40,5397.00,5296.40,5382.70,786345500
2009-11-17,5382.70,5382.70,5337.00,5345.90,861148200
2009-11-18,5345.90,5372.10,5331.60,5342.10,1023292500
2009-11-19,5342.10,5343.80,5254.20,5267.70,969706000
2009-11-20,5267.70,5309.40,5224.00,5251.40,1164314900
2009-11-23,5251.40,5379.50,5251.40,5355.50,721784600
2009-11-24,5355.50,5374.90,5309.10,5324.00,1133815900
2009-11-25,5324.00,5372.20,5324.00,5364.80,1022719500
2009-11-26,5364.80,5364.80,5189.40,5194.10,1110331200
2009-11-27,5194.10,5271.00,5103.80,5245.70,1511711600
2009-11-30,5245.70,5270.40,5190.70,5190.70,1274511100
2009-12-01,5190.70,5312.20,5190.70,5312.20,1351286000
2009-12-02,5312.20,5348.50,5283.00,5327.40,1535114100
2009-12-03,5327.40,5372.40,5311.90,5313.00,1471991200
2009-12-04,5313.00,5373.90,5272.80,5322.40,1344174000
2009-12-07,5322.40,5328.80,5251.00,5310.70,1072522900
2009-12-08,5310.70,5323.40,5206.40,5223.10,1303308500
2009-12-09,5223.10,5245.90,5175.70,5203.90,1211440700
2009-12-10,5203.90,5254.50,5194.50,5244.40,1108489400
2009-12-11,5244.40,5312.00,5244.40,5261.60,972486700
2009-12-14,5261.60,5331.00,5261.60,5315.30,1090034400
2009-12-15,5315.30,5328.10,5250.80,5285.80,822309600
2009-12-16,5285.80,5335.30,5283.90,5320.30,890712700
2009-12-17,5320.30,5320.30,5217.60,5217.60,1163068400
2009-12-18,5217.60,5287.60,5196.80,5196.80,2130863400
2009-12-21,5196.80,5320.00,5196.80,5294.00,791039900
2009-12-22,5294.00,5361.90,5294.00,5328.70,555721800
2009-12-23,5328.70,5386.60,5328.70,5372.40,482896200
2009-12-24,5372.40,5402.40,5367.80,5402.40,231029600
2009-12-29,5402.40,5445.20,5402.40,5437.60,387897900
2009-12-30,5437.60,5442.80,5390.60,5397.90,345719700
2009-12-31,5397.90,5431.90,5390.40,5412.90,173847600
2010-01-04,5412.90,5500.30,5410.80,5500.30,750942000
2010-01-05,5500.30,5536.40,5480.70,5522.50,1149301200
2010-01-06,5522.50,5536.50,5497.70,5530.00,998295300
2010-01-07,5530.00,5551.70,5499.80,5526.70,1162933700
2010-01-08,5526.70,5549.30,5494.80,5534.20,1006420600
2010-01-11,5534.20,5600.50,5527.90,5538.10,901194900
2010-01-12,5538.10,5549.60,5459.90,5498.70,957401700
2010-01-13,5498.70,5509.70,5450.90,5473.50,849923000
2010-01-14,5473.50,5521.90,5473.50,5498.20,928036100
2010-01-15,5498.20,5527.00,5450.40,5455.40,1743437800
2010-01-18,5455.40,5504.00,5454.30,5494.40,776795200
2010-01-19,5494.40,5531.90,5431.30,5513.10,1107801600
2010-01-20,5513.10,5513.10,5404.00,5420.80,1199200900
2010-01-21,5420.80,5468.40,5331.60,5335.10,1345500500
2010-01-22,5335.10,5345.60,5253.00,5303.00,1645842400
2010-01-25,5303.00,5330.60,5252.90,5260.30,1024448800
2010-01-26,5260.30,5276.90,5215.70,5276.90,1015919800
2010-01-27,5276.90,5276.90,5192.60,5217.50,1271716800
2010-01-28,5217.50,5280.40,5145.70,5145.70,1294378400
2010-01-29,5145.70,5230.20,5145.70,5188.50,1281845800
2010-02-01,5188.50,5250.10,5163.60,5247.40,934766100
2010-02-02,5247.40,5289.10,5208.20,5283.30,1105691000
2010-02-03,5283.30,5305.40,5237.70,5253.20,1140388100
2010-02-04,5253.20,5262.20,5123.90,5139.30,1725801600
2010-02-05,5139.30,5139.30,5033.80,5060.90,1930760100
2010-02-08,5060.90,5118.10,5033.00,5092.30,1326821100
2010-02-09,5092.30,5132.90,5084.80,5111.80,1284674100
2010-02-10,5111.80,5181.20,5105.30,5132.00,1191910000
2010-02-11,5132.00,5201.80,5114.50,5161.50,1565807200
2010-02-12,5161.50,5207.70,5117.40,5142.50,1285903300
2010-02-15,5142.50,5194.30,5142.50,5167.50,591532800
2010-02-16,5167.50,5248.10,5167.50,5244.10,1098282000
2010-02-17,5244.10,5304.50,5244.10,5276.60,1205018000
2010-02-18,5276.60,5326.40,5261.70,5325.10,966085200
2010-02-19,5325.10,5366.10,5281.40,5358.20,1469031000
2010-02-22,5358.20,5387.00,5348.20,5352.10,961342400
2010-02-23,5352.10,5395.50,5302.00,5315.10,1063966500
2010-02-24,5315.10,5357.90,5298.20,5342.90,953221200
2010-02-25,5342.90,5370.40,5259.70,5278.20,1951587200
2010-02-26,5278.20,5367.80,5278.20,5354.50,1700847600
2010-03-01,5354.50,5420.80,5354.50,5405.90,1423330600
2010-03-02,5405.90,5485.00,5403.70,5484.10,1218498700
2010-03-03,5484.10,5541.80,5465.30,5533.20,1108893100
2010-03-04,5533.20,5544.20,5501.10,5527.20,1075263000
2010-03-05,5527.20,5605.40,5527.20,5599.80,1001732100
2010-03-08,5599.80,5621.20,5579.20,5606.70,837350700
2010-03-09,5606.70,5618.40,5563.10,5602.30,993738400
2010-03-10,5602.30,5645.30,5585.40,5640.60,997893900
2010-03-11,5640.60,5642.90,5594.70,5617.30,889812900
2010-03-12,5617.30,5646.70,5612.40,5625.70,1292880400
2010-03-15,5625.70,5627.00,5588.20,5593.90,818311200
2010-03-16,5593.90,5637.70,5593.90,5620.40,878179400
2010-03-17,5620.40,5657.80,5620.40,5644.60,930653500
2010-03-18,5644.60,5661.00,5619.20,5642.60,919829700
2010-03-19,5642.60,5691.20,5633.50,5650.10,2488301900
2010-03-22,5650.10,5650.10,5583.50,5644.50,886165700
2010-03-23,5644.50,5695.90,5644.50,5673.60,969327600
2010-03-24,5673.60,5698.90,5636.00,5677.90,1118840000
2010-03-25,5677.90,5737.10,5673.10,5727.70,1098678300
2010-03-26,5727.70,5727.70,5695.50,5703.00,1031531100
2010-03-29,5703.00,5733.10,5684.60,5710.70,1015977100
2010-03-30,5710.70,5742.80,5662.80,5672.30,930757400
2010-03-31,5672.30,5698.50,5646.30,5679.60,1105283700
2010-04-01,5679.60,5744.90,5679.50,5744.90,807719900
2010-04-06,5744.90,5790.40,5744.60,5780.40,845433900
2010-04-07,5780.40,5782.30,5753.40,5762.10,828676900
2010-04-08,5762.10,5762.10,5684.50,5712.70,820356600
2010-04-09,5712.70,5773.60,5712.70,5771.00,704070300
2010-04-12,5771.00,5803.70,5755.80,5777.70,595469500
2010-04-13,5777.70,5778.90,5741.90,5761.70,668939800
2010-04-14,5761.70,5812.80,5761.70,5796.30,868022000
2010-04-15,5796.30,5832.30,5778.40,5825.00,1030545900
2010-04-16,5825.00,5833.70,5726.40,5744.00,1634478500
2010-04-19,5744.00,5748.30,5697.20,5727.90,889516800
2010-04-20,5727.90,5796.60,5727.90,5783.70,1081126000
2010-04-21,5783.70,5797.00,5721.30,5723.40,1148842800
2010-04-22,5723.40,5761.40,5652.40,5665.30,1139851500
2010-04-23,5665.30,5740.90,5665.30,5723.70,1002800100
2010-04-26,5723.70,5800.70,5723.70,5753.90,1036747900
2010-04-27,5753.90,5758.60,5603.50,5603.50,1515371800
2010-04-28,5603.50,5640.00,5533.60,5586.60,1832667100
2010-04-29,5586.60,5638.80,5579.70,5617.80,1206691700
2010-04-30,5617.80,5643.90,5540.60,5553.30,1439125200
2010-05-04,5553.30,5566.00,5398.90,5411.10,1735870600
2010-05-05,5411.10,5428.80,5304.60,5341.90,1997069700
2010-05-06,5341.90,5371.50,5251.30,5261.00,1701801200
2010-05-07,5261.00,5264.50,5045.30,5123.00,2757309100
2010-05-10,5123.00,5399.80,5123.00,5387.40,2324686400
2010-05-11,5387.40,5387.40,5257.20,5334.20,1450249400
2010-05-12,5334.20,5401.00,5284.70,5383.50,1513656500
2010-05-13,5383.50,5436.00,5381.60,5433.70,956026300
2010-05-14,5433.70,5433.70,5245.40,5262.90,1335859200
2010-05-17,5262.90,5327.50,5231.60,5262.50,1200727700
2010-05-18,5262.50,5341.40,5262.50,5307.30,1111259100
2010-05-19,5307.30,5307.30,5158.10,5158.10,1381919600
2010-05-20,5158.10,5230.20,5000.80,5073.10,1700662800
2010-05-21,5073.10,5084.00,4957.10,5062.90,2015042600
2010-05-24,5062.90,5109.40,5021.60,5069.60,963073600
2010-05-25,5069.60,5069.60,4898.50,4940.70,1728679200
2010-05-26,4940.70,5097.90,4940.50,5038.10,1832110200
2010-05-27,5038.10,5195.40,5038.10,5195.20,1582638200
2010-05-28,5195.20,5240.30,5186.00,5188.40,1335686900
2010-06-01,5188.40,5192.10,5063.20,5163.30,1325107200
2010-06-02,5163.30,5163.30,5072.50,5151.30,1173782500
2010-06-03,5151.30,5262.50,5151.30,5211.20,1214853200
2010-06-04,5211.20,5261.70,5102.10,5126.00,1209543600
2010-06-07,5126.00,5126.00,5040.30,5069.10,900731500
2010-06-08,5069.10,5084.10,4984.70,5028.20,1199075300
2010-06-09,5028.20,5085.90,4998.10,5085.90,1094116800
2010-06-10,5085.90,5149.70,5030.90,5132.50,1364944200
2010-06-11,5132.50,5184.40,5116.70,5163.70,1102533300
2010-06-14,5163.70,5215.20,5163.70,5202.10,947984800
2010-06-15,5202.10,5242.10,5149.10,5217.80,1005269000
2010-06-16,5217.80,5257.30,5209.40,5237.90,1026163200
2010-06-17,5237.90,5293.80,5233.20,5253.90,1139301600
2010-06-18,5253.90,5289.10,5239.40,5250.80,1528137800
2010-06-21,5250.80,5331.50,5250.80,5299.10,797902600
2010-06-22,5299.10,5299.10,5210.00,5247.00,1124430700
2010-06-23,5247.00,5247.90,5165.80,5178.50,941044800
2010-06-24,5178.50,5211.80,5091.00,5100.20,979497900
2010-06-25,5100.20,5130.50,5031.70,5046.50,1188668800
2010-06-28,5046.50,5085.70,5024.70,5071.70,845187300
2010-06-29,5071.70,5071.70,4899.00,4914.20,1016390800
2010-06-30,4914.20,4961.90,4898.50,4916.90,1277285100
2010-07-01,4916.90,4916.90,4790.00,4805.80,1342920500
2010-07-02,4805.80,4880.90,4805.80,4838.10,1038891400
2010-07-05,4838.10,4863.40,4821.10,4823.50,539451500
2010-07-06,4823.50,4967.70,4823.50,4965.00,921871900
2010-07-07,4965.00,5014.80,4892.00,5014.80,1061086600
2010-07-08,5014.80,5123.50,5014.80,5105.50,1130033500
2010-07-09,5105.50,5150.60,5098.80,5132.90,859246500
2010-07-12,5132.90,5193.20,5128.60,5167.00,622994300
2010-07-13,5167.00,5272.30,5167.00,5271.00,891506900
2010-07-14,5271.00,5287.30,5205.80,5253.50,839649300
2010-07-15,5253.50,5268.40,5187.50,5211.30,833731400
2010-07-16,5211.30,5273.60,5153.30,5158.90,1068185900
2010-07-19,5158.90,5196.80,5111.90,5148.30,687707400
2010-07-20,5148.30,5180.00,5090.60,5139.50,830736400
2010-07-21,5139.50,5244.90,5139.50,5214.60,966423900
2010-07-22,5214.60,5319.50,5181.00,5313.80,1022077600
2010-07-23,5313.80,5328.50,5272.70,5312.60,872202700
2010-07-26,5312.60,5351.90,5301.30,5351.10,772356100
2010-07-27,5351.10,5411.50,5351.10,5365.70,1810362700
2010-07-28,5365.70,5398.10,5314.60,5319.70,1184814900
2010-07-29,5319.70,5375.20,5314.00,5314.00,792887400
2010-07-30,5314.00,5322.70,5245.50,5258.00,838262600
2010-08-02,5258.00,5401.70,5258.00,5397.10,955430600
2010-08-03,5397.10,5397.30,5353.50,5396.50,849018700
2010-08-04,5396.50,5406.80,5318.80,5386.20,1157313500
2010-08-05,5386.20,5416.80,5356.80,5365.80,1082479100
2010-08-06,5365.80,5408.10,5307.60,5332.40,1147370800
2010-08-09,5332.40,5418.60,5332.40,5410.50,635528400
2010-08-10,5410.50,5411.60,5348.10,5376.40,853612000
2010-08-11,5376.40,5376.40,5245.00,5245.20,1046900300
2010-08-12,5245.20,5272.50,5210.60,5266.10,1058661400
2010-08-13,5266.10,5308.80,5225.90,5275.40,862502000
2010-08-16,5275.40,5304.60,5228.60,5276.10,602793800
2010-08-17,5276.10,5351.50,5276.10,5350.60,722264800
2010-08-18,5350.60,5350.60,5296.90,5302.90,653515300
2010-08-19,5302.90,5336.40,5205.60,5211.30,825504500
2010-08-20,5211.30,5233.00,5160.40,5195.30,808561300
2010-08-23,5195.30,5268.40,5186.90,5234.80,582331200
2010-08-24,5234.80,5234.80,5109.90,5156.00,863053600
2010-08-25,5156.00,5168.50,5070.90,5109.40,852400800
2010-08-26,5109.40,5167.80,5109.40,5155.80,699881200
2010-08-27,5155.80,5211.60,5121.00,5201.60,791004500
2010-08-31,5201.60,5225.20,5129.70,5225.20,1162231100
2010-09-01,5225.20,5366.40,5225.20,5366.40,990584200
2010-09-02,5366.40,5383.70,5347.00,5371.00,836275200
2010-09-03,5371.00,5454.00,5371.00,5428.20,733985200
2010-09-06,5428.20,5459.40,5428.20,5439.20,482717500
2010-09-07,5439.20,5439.20,5381.10,5407.80,698426500
2010-09-08,5407.80,5445.60,5361.40,5429.70,851371400
2010-09-09,5429.70,5505.70,5412.50,5494.20,936215800
2010-09-10,5494.20,5511.50,5475.90,5501.60,792428300
2010-09-13,5501.60,5571.40,5501.60,5565.50,882318800
2010-09-14,5565.50,5582.50,5541.50,5567.40,736346400
2010-09-15,5567.40,5578.70,5536.00,5555.60,764665800
2010-09-16,5555.60,5564.50,5534.00,5540.10,700521300
2010-09-17,5540.10,5612.90,5508.50,5508.50,1391565500
2010-09-20,5508.50,5607.30,5508.50,5602.50,676518800
2010-09-21,5602.50,5635.70,5576.20,5576.20,730333600
2010-09-22,5576.20,5597.60,5516.90,5551.90,783222600
2010-09-23,5551.90,5588.80,5471.70,5547.10,795945500
2010-09-24,5547.10,5612.50,5516.50,5598.50,818644700
2010-09-27,5598.50,5615.80,5569.90,5573.40,600635600
2010-09-28,5573.40,5582.10,5506.10,5578.40,854163200
2010-09-29,5578.40,5624.50,5544.70,5569.30,799992400
2010-09-30,5569.30,5650.30,5539.10,5548.60,1012633600
2010-10-01,5548.60,5615.10,5547.60,5592.90,823630700
2010-10-04,5592.90,5601.20,5550.80,5556.00,604252100
2010-10-05,5556.00,5646.10,5550.60,5635.80,830075100
2010-10-06,5635.80,5695.50,5635.80,5681.40,756640400
2010-10-07,5681.40,5707.30,5650.80,5662.10,947272600
2010-10-08,5662.10,5663.70,5606.60,5657.60,1047049700
2010-10-11,5657.60,5686.00,5655.70,5672.40,475637900
2010-10-12,5672.40,5677.00,5597.50,5661.60,637397400
2010-10-13,5661.60,5760.50,5661.60,5747.40,971374300
2010-10-14,5747.40,5770.90,5712.90,5727.20,1129485800
2010-10-15,5727.20,5743.90,5666.00,5703.40,996353400
2010-10-18,5703.40,5748.80,5670.10,5742.50,610917600
2010-10-19,5742.50,5761.90,5690.60,5703.90,777665300
2010-10-20,5703.90,5730.00,5680.40,5728.90,671501800
2010-10-21,5728.90,5786.70,5698.00,5757.90,1023125900
2010-10-22,5757.90,5758.00,5724.30,5741.40,656563500
2010-10-25,5741.40,5794.30,5741.40,5752.00,772475900
2010-10-26,5752.00,5754.20,5677.20,5707.30,812401800
2010-10-27,5707.30,5707.30,5630.90,5646.00,787759900
2010-10-28,5646.00,5711.80,5646.00,5677.90,767341000
2010-10-29,5677.90,5699.20,5647.10,5675.20,836504200
2010-11-01,5675.20,5733.00,5667.40,5694.60,641764000
2010-11-02,5694.60,5771.60,5690.40,5757.40,805488200
2010-11-03,5757.40,5773.70,5730.50,5749.00,825699300
2010-11-04,5749.00,5876.00,5749.00,5862.80,1079039900
2010-11-05,5862.80,5899.40,5834.00,5875.40,1106801400
2010-11-08,5875.40,5881.00,5841.30,5850.00,772245200
2010-11-09,5850.00,5902.10,5847.40,5875.20,951025400
2010-11-10,5875.20,5877.00,5796.20,5816.90,942150500
2010-11-11,5816.90,5846.50,5792.60,5815.20,1091041700
2010-11-12,5815.20,5831.80,5711.70,5796.90,983021500
2010-11-15,5796.90,5832.90,5755.70,5820.40,620872900
2010-11-16,5820.40,5820.40,5680.90,5681.90,871717200
2010-11-17,5681.90,5704.40,5659.70,5692.60,761486100
2010-11-18,5692.60,5783.00,5692.60,5768.70,729396200
2010-11-19,5768.70,5774.10,5684.50,5732.80,732494100
2010-11-22,5732.80,5783.10,5668.50,5680.80,772790500
2010-11-23,5680.80,5681.10,5581.30,5581.30,1029344700
2010-11-24,5581.30,5671.90,5573.30,5657.10,907509900
2010-11-25,5657.10,5707.90,5654.70,5698.90,556473500
2010-11-26,5698.90,5699.00,5599.30,5668.70,862384300
2010-11-29,5668.70,5722.70,5551.00,5551.00,1016586000
2010-11-30,5551.00,5597.00,5519.20,5528.30,1312071800
2010-12-01,5528.30,5656.20,5528.30,5642.50,1141747400
2010-12-02,5642.50,5770.90,5642.50,5767.60,1070087500
2010-12-03,5767.60,5784.30,5720.20,5745.30,758341000
2010-12-06,5745.30,5785.70,5728.50,5770.30,760501400
2010-12-07,5770.30,5850.40,5769.70,5808.50,915796600
2010-12-08,5808.50,5826.60,5774.30,5794.50,795433900
2010-12-09,5794.50,5838.00,5794.50,5808.00,910240700
2010-12-10,5808.00,5827.60,5794.50,5813.00,611914600
2010-12-13,5813.00,5873.70,5812.90,5860.80,562916600
2010-12-14,5860.80,5891.20,5847.20,5891.20,665056300
2010-12-15,5891.20,5898.00,5858.10,5882.20,781046600
2010-12-16,5882.20,5907.10,5862.90,5881.10,635565900
2010-12-17,5881.10,5902.50,5857.30,5871.80,1431434300
2010-12-20,5871.80,5913.80,5865.50,5891.60,536148500
2010-12-21,5891.60,5953.90,5891.10,5951.80,541859600
2010-12-22,5951.80,5991.90,5936.30,5983.50,527260100
2010-12-23,5983.50,6000.60,5982.20,5996.10,314131700
2010-12-24,5996.10,6008.90,5978.20,6008.90,66767100
2010-12-29,6008.90,6021.50,5977.00,5996.40,329122200
2010-12-30,5996.40,6009.80,5969.70,5971.00,252316600
2010-12-31,5971.00,5985.70,5899.90,5899.90,197447000
2011-01-04,5899.90,6049.50,5899.90,6013.90,950390700
2011-01-05,6013.90,6043.90,5964.40,6043.90,884510500
2011-01-06,6043.90,6090.50,6004.60,6019.50,843815800
2011-01-07,6019.50,6023.70,5973.40,5984.30,780033100
2011-01-10,5984.30,5984.30,5939.90,5956.30,662691000
2011-01-11,5956.30,6035.90,5956.30,6014.00,861069300
2011-01-12,6014.00,6050.70,6013.90,6050.70,1021020800
2011-01-13,6050.70,6055.50,6005.50,6023.90,921442500
2011-01-14,6023.90,6031.70,5948.50,6002.10,852945600
2011-01-17,6002.10,6013.40,5975.60,5985.70,599125200
2011-01-18,5985.70,6065.70,5985.50,6056.40,869099100
2011-01-19,6056.40,6077.10,5974.80,5976.70,882393000
2011-01-20,5976.70,5977.50,5867.30,5867.90,999116500
2011-01-21,5867.90,5939.30,5867.90,5896.30,1161650600
2011-01-24,5896.30,5960.60,5887.60,5943.90,918501600
2011-01-25,5943.90,5964.70,5904.30,5917.70,1034224500
2011-01-26,5917.70,6003.30,5917.70,5969.20,880021300
2011-01-27,5969.20,5997.30,5950.70,5965.10,819346500
2011-01-28,5965.10,5965.80,5877.90,5881.40,968312100
2011-01-31,5881.40,5881.70,5815.40,5862.90,931414900
2011-02-01,5862.90,5963.70,5862.90,5957.80,963349500
2011-02-02,5957.80,6020.50,5957.80,6000.10,878318400
2011-02-03,6000.10,6000.30,5951.80,5983.30,1033274600
2011-02-04,5983.30,6023.40,5983.30,5997.40,763863300
2011-02-07,5997.40,6054.10,5996.60,6051.00,694875000
2011-02-08,6051.00,6091.30,6032.90,6091.30,858439600
2011-02-09,6091.30,6091.30,6049.50,6052.30,923551800
2011-02-10,6052.30,6052.30,5986.50,6020.00,821798100
2011-02-11,6020.00,6071.40,5973.40,6062.90,822602600
2011-02-14,6062.90,6091.50,6042.10,6060.10,635408300
2011-02-15,6060.10,6072.10,6023.80,6037.10,873268200
2011-02-16,6037.10,6095.80,6033.50,6085.30,858245200
2011-02-17,6085.30,6101.40,6066.70,6087.40,1021989100
2011-02-18,6087.40,6096.80,6048.80,6083.00,802223000
2011-02-21,6083.00,6105.80,6013.10,6014.80,629790600
2011-02-22,6014.80,6028.60,5926.60,5996.80,769147500
2011-02-23,5996.80,5996.80,5915.50,5923.50,895634900
2011-02-24,5923.50,5936.70,5861.00,5920.00,939695100
2011-02-25,5920.00,6011.50,5920.00,6001.20,836550300
2011-02-28,6001.20,6022.30,5963.60,5994.00,955595700
2011-03-01,5994.00,6040.40,5927.40,5935.80,895639800
2011-03-02,5935.80,5941.80,5865.90,5914.90,891083600
2011-03-03,5914.90,6017.10,5914.90,6005.10,811030200
2011-03-04,6005.10,6052.10,5983.20,5990.40,728615500
2011-03-07,5990.40,6043.10,5967.70,5973.80,651065500
2011-03-08,5973.80,5999.90,5911.00,5974.80,813024200
2011-03-09,5974.80,5979.30,5922.70,5937.30,729979100
2011-03-10,5937.30,5937.30,5833.20,5845.30,950808500
2011-03-11,5845.30,5845.30,5796.40,5828.70,777919800
2011-03-14,5828.70,5842.00,5769.00,5775.20,830598200
2011-03-15,5775.20,5775.20,5591.60,5695.30,1270223400
2011-03-16,5695.30,5720.90,5598.20,5598.20,1124024300
2011-03-17,5598.20,5707.70,5598.20,5696.10,931686000
2011-03-18,5696.10,5758.20,5696.10,5718.10,1379187400
2011-03-21,5718.10,5798.80,5718.10,5786.10,764087000
2011-03-22,5786.10,5813.80,5742.60,5762.70,686659100
2011-03-23,5762.70,5802.40,5731.40,5795.90,906624900
2011-03-24,5795.90,5888.70,5780.40,5880.90,828355800
2011-03-25,5880.90,5918.70,5878.20,5900.80,663222900
2011-03-28,5900.80,5923.00,5900.60,5904.50,526577800
2011-03-29,5904.50,5932.70,5879.90,5932.20,669291100
2011-03-30,5932.20,5971.00,5932.20,5948.30,872031100
2011-03-31,5948.30,5972.80,5908.80,5908.80,1033616700
2011-04-01,5908.80,6014.80,5908.80,6009.90,921016700
2011-04-04,6009.90,6035.10,5987.70,6017.00,683415100
2011-04-05,6017.00,6026.30,5989.10,6007.10,713905900
2011-04-06,6007.10,6056.40,6007.10,6041.10,810707000
2011-04-07,6041.10,6053.10,6007.40,6007.40,710450000
2011-04-08,6007.40,6066.40,6007.40,6055.80,606794600
2011-04-11,6055.80,6070.80,6044.50,6053.40,659149200
2011-04-12,6053.40,6053.60,5958.30,5964.50,759467900
2011-04-13,5964.50,6043.40,5964.50,6010.40,700979400
2011-04-14,6010.40,6010.50,5943.80,5963.80,667918300
2011-04-15,5963.80,5996.80,5963.60,5996.00,771907100
2011-04-18,5996.00,5997.50,5858.30,5870.10,872742500
2011-04-19,5870.10,5922.20,5870.10,5896.90,624888900
2011-04-20,5896.90,6033.80,5896.90,6022.30,704737200
2011-04-21,6022.30,6049.40,6005.80,6018.30,739317000
2011-04-26,6018.30,6070.60,6007.00,6069.40,553389400
2011-04-27,6069.40,6089.40,6045.90,6068.20,707283900
2011-04-28,6068.20,6091.80,6051.00,6069.90,741068000
2011-05-03,6069.90,6103.70,6050.70,6082.90,809170900
2011-05-04,6082.90,6083.80,5972.80,5984.10,1002077100
2011-05-05,5984.10,6009.10,5912.60,5920.00,1597409800
2011-05-06,5920.00,5984.90,5871.60,5976.80,1162112200
2011-05-09,5976.80,5999.90,5922.20,5942.70,803357200
2011-05-10,5942.70,6023.10,5940.10,6018.90,835132700
2011-05-11,6018.90,6040.20,5965.30,5976.00,823139400
2011-05-12,5976.00,5976.40,5882.40,5945.00,868796500
2011-05-13,5945.00,6001.30,5919.90,5925.90,705255100
2011-05-16,5925.90,5936.20,5862.20,5923.70,686694200
2011-05-17,5923.70,5942.80,5861.00,5861.00,756848900
2011-05-18,5861.00,5934.50,5860.70,5923.50,702325400
2011-05-19,5923.50,6003.90,5923.50,5956.00,849895900
2011-05-20,5956.00,6017.60,5927.70,5948.50,897899600
2011-05-23,5948.50,5948.50,5833.40,5835.90,852749200
2011-05-24,5835.90,5884.70,5835.90,5858.40,985312300
2011-05-25,5858.40,5881.20,5810.50,5870.10,916829300
2011-05-26,5870.10,5910.80,5866.70,5881.00,863336800
2011-05-27,5881.00,5951.40,5881.00,5938.90,799337700
2011-05-31,5938.90,6010.00,5938.90,5990.00,966550600
2011-06-01,5990.00,5995.20,5911.70,5928.60,830972100
2011-06-02,5928.60,5928.60,5847.90,5847.90,980195300
2011-06-03,5847.90,5868.20,5802.70,5855.00,840497300
2011-06-06,5855.00,5881.10,5827.50,5863.20,650699800
2011-06-07,5863.20,5890.60,5849.20,5864.70,792266800
2011-06-08,5864.70,5864.70,5791.80,5808.90,848359000
2011-06-09,5808.90,5861.20,5795.00,5856.30,854520000
2011-06-10,5856.30,5867.00,5758.30,5765.80,786839200
2011-06-13,5765.80,5793.80,5763.40,5773.50,643227300
2011-06-14,5773.50,5822.60,5773.50,5803.10,811563100
2011-06-15,5803.10,5803.40,5742.60,5742.60,806612100
2011-06-16,5742.60,5742.60,5644.40,5698.80,1039826800
2011-06-17,5698.80,5733.20,5645.00,5714.90,1215422800
2011-06-20,5714.90,5714.90,5647.20,5693.40,746206400
2011-06-21,5693.40,5778.10,5693.00,5775.30,745714800
2011-06-22,5775.30,5789.10,5741.80,5773.00,744333700
2011-06-23,5773.00,5773.00,5663.30,5674.40,893970700
2011-06-24,5674.40,5768.50,5674.40,5697.70,1037392600
2011-06-27,5697.70,5728.40,5679.60,5722.30,835562500
2011-06-28,5722.30,5795.10,5722.30,5766.90,798684500
2011-06-29,5766.90,5860.90,5766.90,5856.00,908814900
2011-06-30,5856.00,5945.70,5856.00,5945.70,1221084500
2011-07-01,5945.70,5999.00,5937.00,5989.80,871319600
2011-07-04,5989.80,6030.80,5985.70,6017.50,466358000
2011-07-05,6017.50,6036.30,6011.10,6024.00,654940400
2011-07-06,6024.00,6026.50,5973.80,6002.90,817116300
2011-07-07,6002.90,6071.70,6002.90,6054.60,833720400
2011-07-08,6054.60,6084.10,5981.70,5990.60,781326500
2011-07-11,5990.60,5998.60,5900.80,5929.20,850417100
2011-07-12,5929.20,5929.20,5793.00,5869.00,1086509700
2011-07-13,5869.00,5911.00,5851.00,5906.40,830813000
2011-07-14,5906.40,5906.40,5841.20,5847.00,715477400
2011-07-15,5847.00,5863.60,5806.00,5843.70,693411600
2011-07-18,5843.70,5843.70,5752.80,5752.80,848623100
2011-07-19,5752.80,5802.00,5752.80,5790.00,912096000
2011-07-20,5790.00,5856.40,5790.00,5853.80,900376300
2011-07-21,5853.80,5934.30,5797.50,5899.90,1051054200
2011-07-22,5899.90,5966.80,5899.90,5935.00,874525300
2011-07-25,5935.00,5938.60,5892.60,5925.30,645911000
2011-07-26,5925.30,5951.30,5895.60,5929.70,631694600
2011-07-27,5929.70,5932.00,5841.00,5856.60,777353400
2011-07-28,5856.60,5882.60,5801.60,5873.20,753182900
2011-07-29,5873.20,5873.20,5772.40,5815.20,1014403400
2011-08-01,5815.20,5913.50,5767.10,5774.40,864009700
2011-08-02,5774.40,5778.90,5705.30,5718.40,995746800
2011-08-03,5718.40,5718.40,5557.70,5584.50,1094346800
2011-08-04,5584.50,5644.10,5393.10,5393.10,1428457100
2011-08-05,5393.10,5393.10,5202.60,5247.00,2044242400
2011-08-08,5247.00,5295.80,5062.40,5069.00,1576389600
2011-08-09,5069.00,5175.60,4791.00,5164.90,2039085100
2011-08-10,5164.90,5262.70,4990.80,5007.20,1649746300
2011-08-11,5007.20,5172.70,4943.00,5162.80,1455126400
2011-08-12,5162.80,5320.00,5099.30,5320.00,1024505200
2011-08-15,5320.00,5377.20,5319.40,5350.60,695636400
2011-08-16,5350.60,5362.20,5265.80,5357.60,716380800
2011-08-17,5357.60,5371.10,5279.90,5331.60,671941800
2011-08-18,5331.60,5331.60,5041.60,5092.20,1183381000
2011-08-19,5092.20,5107.90,4929.60,5040.80,1546098700
2011-08-22,5040.80,5183.00,4993.30,5095.30,857260000
2011-08-23,5095.30,5193.20,5076.70,5129.40,904652300
2011-08-24,5129.40,5250.60,5098.10,5205.90,908821500
2011-08-25,5205.90,5254.20,5102.10,5131.10,1128589300
2011-08-26,5131.10,5149.50,5014.80,5129.90,1037445400
2011-08-30,5129.90,5283.60,5129.90,5268.70,910283100
2011-08-31,5268.70,5411.60,5258.60,5394.50,1178142500
2011-09-01,5394.50,5449.70,5346.70,5418.70,975363800
2011-09-02,5418.70,5418.70,5258.50,5292.00,823930000
2011-09-05,5292.00,5292.00,5097.70,5102.60,788821300
2011-09-06,5102.60,5190.30,5086.80,5156.80,946079100
2011-09-07,5156.80,5322.20,5156.80,5318.60,837910500
2011-09-08,5318.60,5369.80,5269.70,5340.40,922652100
2011-09-09,5340.40,5352.00,5202.20,5214.70,1048626000
2011-09-12,5214.70,5214.70,5059.20,5129.60,1009065300
2011-09-13,5129.60,5203.10,5069.50,5174.30,885954000
2011-09-14,5174.30,5270.40,5146.40,5227.00,1116783000
2011-09-15,5227.00,5366.70,5227.00,5337.50,1124040000
2011-09-16,5337.50,5406.10,5337.50,5368.40,1464013700
2011-09-19,5368.40,5368.40,5231.60,5259.60,721392700
2011-09-20,5259.60,5377.40,5219.10,5363.70,708695000
2011-09-21,5363.70,5366.10,5268.80,5288.40,770544200
2011-09-22,5288.40,5288.40,5013.60,5041.60,1191994800
2011-09-23,5041.60,5105.40,4928.10,5066.80,1013630400
2011-09-26,5066.80,5148.80,4974.00,5089.40,1039397000
2011-09-27,5089.40,5294.10,5089.40,5294.10,960705900
2011-09-28,5294.10,5314.30,5191.40,5217.60,726670200
2011-09-29,5217.60,5250.20,5160.80,5196.80,736900100
2011-09-30,5196.80,5197.30,5068.60,5128.50,889500800
2011-10-03,5128.50,5128.50,4983.30,5075.50,774952000
2011-10-04,5075.50,5075.50,4868.60,4944.40,1168273100
2011-10-05,4944.40,5121.40,4944.40,5102.20,932393600
2011-10-06,5102.20,5291.30,5102.20,5291.30,1147794400
2011-10-07,5291.30,5370.90,5261.40,5303.40,864877000
2011-10-10,5303.40,5413.40,5303.40,5399.00,611583700
2011-10-11,5399.00,5399.00,5330.40,5395.70,636003500
2011-10-12,5395.70,5458.00,5348.20,5441.80,833336600
2011-10-13,5441.80,5456.10,5368.40,5403.40,895898200
2011-10-14,5403.40,5501.40,5395.60,5466.40,673341300
2011-10-17,5466.40,5543.70,5405.20,5436.70,720599700
2011-10-18,5436.70,5436.70,5348.60,5410.40,754537000
2011-10-19,5410.40,5483.80,5410.40,5450.50,723007500
2011-10-20,5450.50,5450.50,5363.20,5384.70,796890500
2011-10-21,5384.70,5500.50,5384.70,5488.70,730196100
2011-10-24,5488.70,5552.80,5487.20,5548.10,677461300
2011-10-25,5548.10,5574.10,5465.50,5525.50,777723200
2011-10-26,5525.50,5576.60,5498.50,5553.20,705184200
2011-10-27,5553.20,5747.30,5553.20,5713.80,1454155000
2011-10-28,5713.80,5746.90,5685.00,5702.20,997001700
2011-10-31,5702.20,5702.20,5544.20,5544.20,1079784300
2011-11-01,5544.20,5544.20,5338.40,5421.60,1331043600
2011-11-02,5421.60,5493.30,5383.40,5484.10,1363052800
2011-11-03,5484.10,5564.50,5402.60,5545.60,1217183500
2011-11-04,5545.60,5599.50,5495.40,5527.20,873169300
2011-11-07,5527.20,5557.80,5432.20,5510.80,730611300
2011-11-08,5510.80,5616.00,5509.60,5567.30,885001700
2011-11-09,5567.30,5615.80,5426.30,5460.40,1074260600
2011-11-10,5460.40,5497.20,5360.20,5444.80,799967700
2011-11-11,5444.80,5548.80,5439.80,5545.40,715717500
2011-11-14,5545.40,5575.20,5489.30,5519.00,687675200
2011-11-15,5519.00,5551.40,5428.60,5517.40,841524400
2011-11-16,5517.40,5562.90,5450.20,5509.00,941320000
2011-11-17,5509.00,5509.00,5366.10,5423.10,1059574700
2011-11-18,5423.10,5423.10,5347.90,5362.90,826014000
2011-11-21,5362.90,5362.90,5221.70,5222.60,952410000
2011-11-22,5222.60,5282.00,5206.80,5206.80,914555700
2011-11-23,5206.80,5206.80,5139.80,5139.80,1009698000
2011-11-24,5139.80,5184.30,5099.00,5127.60,856420500
2011-11-25,5127.60,5200.30,5075.20,5164.70,733865300
2011-11-28,5164.70,5327.80,5164.70,5312.80,897909200
2011-11-29,5312.80,5344.20,5272.40,5337.00,794447300
2011-11-30,5337.00,5539.00,5275.00,5505.40,1647245500
2011-12-01,5505.40,5553.90,5486.90,5489.30,939174800
2011-12-02,5489.30,5595.50,5489.10,5552.30,984099700
2011-12-05,5552.30,5602.80,5545.90,5568.00,900658000
2011-12-06,5568.00,5593.00,5521.90,5568.70,857312600
2011-12-07,5568.70,5631.90,5498.00,5546.90,932154800
2011-12-08,5546.90,5605.30,5483.80,5483.80,907438000
2011-12-09,5483.80,5540.50,5440.90,5529.20,841432700
2011-12-12,5529.20,5529.20,5427.90,5427.90,801332300
2011-12-13,5427.90,5526.00,5413.70,5490.20,757732000
2011-12-14,5490.20,5490.20,5366.80,5366.80,860719700
2011-12-15,5366.80,5434.00,5366.80,5400.90,803271700
2011-12-16,5400.90,5452.70,5387.30,5387.30,1273215100
2011-12-19,5387.30,5410.10,5343.10,5365.00,632321300
2011-12-20,5365.00,5426.30,5328.70,5419.60,779731400
2011-12-21,5419.60,5479.20,5371.70,5389.70,803794200
2011-12-22,5389.70,5469.00,5389.70,5457.00,610838400
2011-12-23,5457.00,5516.60,5457.00,5512.70,204750100
2011-12-28,5512.70,5567.90,5491.00,5507.40,449839700
2011-12-29,5507.40,5566.80,5496.90,5566.80,325749000
2011-12-30,5566.80,5588.40,5535.20,5572.30,188110800
2012-01-03,5572.30,5699.90,5572.30,5699.90,778529200
2012-01-04,5699.90,5719.80,5646.40,5668.50,696937800
2012-01-05,5668.50,5689.30,5614.40,5624.30,794279400
2012-01-06,5624.30,5682.80,5623.40,5649.70,705018100
2012-01-09,5649.70,5673.80,5604.60,5612.30,785646100
2012-01-10,5612.30,5711.90,5612.30,5696.70,865034500
2012-01-11,5696.70,5700.80,5644.80,5670.80,893410000
2012-01-12,5670.80,5699.60,5640.30,5662.40,1382096100
2012-01-13,5662.40,5709.20,5583.50,5636.60,1318584400
2012-01-16,5636.60,5662.90,5609.90,5657.40,672822900
2012-01-17,5657.40,5724.40,5657.40,5694.00,1232187300
2012-01-18,5694.00,5709.90,5647.90,5702.40,792321000
2012-01-19,5702.40,5743.90,5693.20,5741.20,1404271200
2012-01-20,5741.20,5749.80,5721.60,5728.60,1315166200
2012-01-23,5728.60,5789.90,5723.10,5782.60,852459600
2012-01-24,5782.60,5782.60,5719.90,5751.90,916105000
2012-01-25,5751.90,5777.70,5694.10,5723.00,884691100
2012-01-26,5723.00,5806.20,5722.80,5795.20,874328700
2012-01-27,5795.20,5795.20,5729.00,5733.50,790045200
2012-01-30,5733.50,5733.50,5651.60,5671.10,778100000
2012-01-31,5671.10,5730.30,5671.10,5681.60,1018319100
2012-02-01,5681.60,5790.70,5680.70,5790.70,985247100
2012-02-02,5790.70,5809.80,5765.70,5796.10,967388600
2012-02-03,5796.10,5901.10,5784.20,5901.10,1156774200
2012-02-06,5901.10,5901.10,5863.60,5892.20,828464600
2012-02-07,5892.20,5906.70,5850.50,5890.30,785340700
2012-02-08,5890.30,5916.20,5871.30,5875.90,809267800
2012-02-09,5875.90,5916.30,5870.60,5895.50,973462200
2012-02-10,5895.50,5895.50,5839.90,5852.40,948790300
2012-02-13,5852.40,5920.10,5852.40,5905.70,641643100
2012-02-14,5905.70,5920.60,5877.20,5899.90,832567200
2012-02-15,5899.90,5923.80,5880.60,5892.20,801550200
2012-02-16,5892.20,5892.40,5829.40,5885.40,751180400
2012-02-17,5885.40,5923.60,5885.40,5905.10,1101911000
2012-02-20,5905.10,5956.30,5905.10,5945.30,723669700
2012-02-21,5945.30,5948.80,5916.60,5928.20,846269200
2012-02-22,5928.20,5938.00,5894.60,5916.60,872089000
2012-02-23,5916.60,5952.50,5900.50,5937.90,1071356900
2012-02-24,5937.90,5964.00,5925.50,5935.10,1010948400
2012-02-27,5935.10,5935.10,5865.90,5915.60,966771100
2012-02-28,5915.60,5937.00,5900.00,5927.90,804670300
2012-02-29,5927.90,5944.80,5871.50,5871.50,1201161000
2012-03-01,5871.50,5936.10,5858.90,5931.30,900749900
2012-03-02,5931.30,5940.00,5908.50,5911.10,736456500
2012-03-05,5911.10,5911.10,5865.40,5874.80,873447200
2012-03-06,5874.80,5874.80,5758.40,5765.80,989886600
2012-03-07,5765.80,5801.10,5755.70,5791.40,859928000
2012-03-08,5791.40,5874.30,5791.40,5859.70,828107700
2012-03-09,5859.70,5897.60,5842.90,5887.50,854778900
2012-03-12,5887.50,5894.10,5860.40,5892.80,800492000
2012-03-13,5892.80,5957.90,5892.80,5955.90,761933800
2012-03-14,5955.90,5989.10,5945.40,5945.40,1165018000
2012-03-15,5945.40,5958.20,5919.20,5940.70,1034944400
2012-03-16,5940.70,5974.10,5940.70,5965.60,1830036200
2012-03-19,5965.60,5968.90,5928.50,5961.10,951065300
2012-03-20,5961.10,5961.10,5876.40,5891.40,978545300
2012-03-21,5891.40,5921.70,5880.80,5892.00,907211300
2012-03-22,5892.00,5892.00,5825.90,5845.70,883155700
2012-03-23,5845.70,5875.70,5801.70,5854.90,848516900
2012-03-26,5854.90,5913.10,5854.50,5902.70,722858600
2012-03-27,5902.70,5941.90,5863.80,5869.60,1257297400
2012-03-28,5869.60,5877.90,5809.00,5809.00,931498400
2012-03-29,5809.00,5812.20,5726.50,5742.00,1084172100
2012-03-30,5742.00,5782.70,5742.00,5768.50,990170000
2012-04-02,5768.50,5874.90,5748.60,5874.90,886248600
2012-04-03,5874.90,5890.20,5838.30,5838.30,896434000
2012-04-04,5838.30,5838.30,5685.70,5703.80,1174203100
2012-04-05,5703.80,5731.70,5663.30,5723.70,905682000
2012-04-10,5723.70,5723.70,5595.60,5595.60,1008933700
2012-04-11,5595.60,5655.90,5576.40,5634.70,1132327600
2012-04-12,5634.70,5727.90,5602.60,5710.50,1115210000
2012-04-13,5710.50,5710.80,5643.50,5651.80,830223000
2012-04-16,5651.80,5708.00,5641.10,5666.30,1101926600
2012-04-17,5666.30,5773.70,5651.50,5767.00,856433000
2012-04-18,5767.00,5783.90,5730.90,5745.30,873962600
2012-04-19,5745.30,5792.10,5738.10,5744.60,958392100
2012-04-20,5744.60,5775.70,5724.20,5772.20,847833800
2012-04-23,5772.20,5772.20,5637.70,5665.60,777185500
2012-04-24,5665.60,5714.20,5658.50,5709.50,807899200
2012-04-25,5709.50,5745.00,5703.20,5718.90,859133200
2012-04-26,5718.90,5761.10,5691.70,5748.70,879956100
2012-04-27,5748.70,5789.00,5708.00,5777.10,812249700
2012-04-30,5777.10,5793.00,5728.90,5737.80,784967000
2012-05-01,5737.80,5819.00,5732.20,5812.20,653605400
2012-05-02,5812.20,5819.90,5736.70,5758.10,962324800
2012-05-03,5758.10,5800.80,5745.20,5766.60,788566200
2012-05-04,5766.60,5766.60,5639.80,5655.10,1013188100
2012-05-08,5655.10,5668.10,5550.10,5554.60,1052975800
2012-05-09,5554.60,5571.70,5464.40,5530.10,1006218000
2012-05-10,5530.10,5566.10,5490.50,5544.00,847647600
2012-05-11,5544.00,5585.50,5499.30,5575.50,772576800
2012-05-14,5575.50,5575.70,5436.70,5465.50,883929300
2012-05-15,5465.50,5507.70,5411.80,5437.60,876368200
2012-05-16,5437.60,5448.40,5354.00,5405.30,1026459500
2012-05-17,5405.30,5413.30,5309.80,5338.40,894671500
2012-05-18,5338.40,5338.40,5256.60,5267.60,1225450800
2012-05-21,5267.60,5324.40,5253.90,5304.50,914314900
2012-05-22,5304.50,5408.70,5304.50,5403.30,931864300
2012-05-23,5403.30,5403.70,5262.90,5266.40,997826100
2012-05-24,5266.40,5371.80,5266.40,5350.10,737282500
2012-05-25,5350.10,5385.20,5312.20,5351.50,734363700
2012-05-29,5356.30,5404.70,5342.50,5391.10,729588100
2012-05-30,5391.10,5391.10,5284.40,5297.30,863484700
2012-05-31,5297.30,5352.10,5272.70,5320.90,1398519800
2012-06-01,5320.90,5354.50,5229.80,5260.20,1056087800
2012-06-06,5260.20,5388.00,5260.20,5384.10,1098347700
2012-06-07,5384.10,5494.50,5384.10,5447.80,1030125200
2012-06-08,5447.80,5447.80,5381.80,5435.10,916402400
2012-06-11,5435.10,5536.30,5419.60,5432.40,950512200
2012-06-12,5432.40,5478.60,5414.60,5473.70,890749100
2012-06-13,5473.70,5507.70,5436.70,5483.80,831010500
2012-06-14,5483.80,5483.80,5424.40,5467.10,985630700
2012-06-15,5467.10,5522.90,5465.10,5478.80,2307095100
2012-06-18,5478.80,5555.30,5461.10,5491.10,879532400
2012-06-19,5491.10,5603.10,5491.00,5586.30,816800600
2012-06-20,5586.30,5623.90,5566.00,5622.30,903447000
2012-06-21,5622.30,5622.30,5564.80,5566.40,785237400
2012-06-22,5566.40,5566.40,5500.00,5513.70,677911200
2012-06-25,5513.70,5513.70,5435.50,5450.70,716161000
2012-06-26,5450.70,5476.50,5436.30,5447.00,631700600
2012-06-27,5447.00,5525.10,5447.00,5523.90,678486600
2012-06-28,5523.90,5533.80,5436.50,5493.10,1027922600
2012-06-29,5493.10,5619.70,5493.10,5571.20,1061581800
2012-07-02,5571.20,5640.60,5571.20,5640.60,696936400
2012-07-03,5640.60,5689.00,5636.10,5687.70,795293400
2012-07-04,5687.70,5699.90,5669.70,5684.50,445463400
2012-07-05,5684.50,5727.50,5662.50,5692.60,766719300
2012-07-06,5692.60,5695.10,5647.50,5662.60,602832000
2012-07-09,5662.60,5669.80,5610.70,5627.30,682352500
2012-07-10,5627.30,5688.70,5622.30,5664.10,607970100
2012-07-11,5664.10,5674.70,5625.60,5664.50,606669000
2012-07-12,5664.50,5664.50,5588.80,5608.30,667049300
2012-07-13,5608.30,5675.60,5608.30,5666.10,609268500
2012-07-16,5666.10,5670.60,5640.90,5662.40,569289800
2012-07-17,5662.40,5676.50,5621.20,5629.10,602763200
2012-07-18,5629.10,5688.30,5624.50,5685.80,669962500
2012-07-19,5685.80,5718.60,5685.80,5714.20,711475200
2012-07-20,5714.20,5714.20,5644.90,5651.80,961834500
2012-07-23,5651.80,5651.80,5510.90,5533.90,691607200
2012-07-24,5533.90,5556.60,5487.00,5499.20,551196900
2012-07-25,5499.20,5526.10,5478.00,5498.30,621394800
2012-07-26,5498.30,5594.50,5478.00,5573.20,817687800
2012-07-27,5573.20,5631.00,5550.90,5627.20,732786100
2012-07-30,5627.20,5706.50,5625.70,5693.60,648632900
2012-07-31,5693.60,5695.50,5635.30,5635.30,645790800
2012-08-01,5635.30,5712.80,5633.00,5712.80,554180400
2012-08-02,5712.80,5765.80,5657.30,5662.30,805200700
2012-08-03,5662.30,5794.00,5662.30,5787.30,748571600
2012-08-06,5787.30,5837.60,5767.10,5808.80,613098000
2012-08-07,5808.80,5841.20,5785.00,5841.20,779689000
2012-08-08,5841.20,5845.90,5801.10,5845.90,588922600
2012-08-09,5845.90,5860.20,5828.40,5851.50,741075800
2012-08-10,5851.50,5858.60,5827.70,5847.10,466836800
2012-08-13,5847.10,5852.80,5813.60,5831.90,410230200
2012-08-14,5831.90,5876.20,5831.90,5864.80,627904000
2012-08-15,5864.80,5864.80,5822.30,5833.00,560382800
2012-08-16,5833.00,5846.70,5811.30,5834.50,587033800
2012-08-17,5834.50,5854.70,5834.40,5852.40,731769500
2012-08-20,5852.40,5857.50,5802.90,5824.40,692842000
2012-08-21,5824.40,5872.60,5824.40,5857.50,501843600
2012-08-22,5857.50,5857.50,5771.20,5774.20,535193100
2012-08-23,5774.20,5809.30,5764.00,5776.60,636105200
2012-08-24,5776.60,5791.40,5739.40,5776.60,487763900
2012-08-28,5776.60,5779.50,5749.80,5775.70,524544700
2012-08-29,5775.70,5775.80,5739.20,5743.50,523480600
2012-08-30,5743.50,5743.50,5705.70,5719.50,479116800
2012-08-31,5719.50,5763.80,5708.00,5711.50,851664900
2012-09-03,5711.50,5758.40,5701.10,5758.40,394561500
2012-09-04,5758.40,5758.40,5658.30,5672.00,628708300
2012-09-05,5672.00,5675.90,5634.90,5657.90,737252900
2012-09-06,5657.90,5786.00,5657.90,5777.30,1097422200
2012-09-07,5777.30,5807.60,5772.90,5794.80,1271438400
2012-09-10,5794.80,5806.80,5777.10,5793.20,672891000
2012-09-11,5793.20,5796.60,5764.20,5792.20,779957800
2012-09-12,5792.20,5821.20,5757.60,5782.10,1101683900
2012-09-13,5782.10,5826.60,5770.30,5819.90,819530100
2012-09-14,5819.90,5932.60,5819.90,5915.60,1506216700
2012-09-17,5915.60,5915.70,5883.20,5893.50,691683900
2012-09-18,5893.50,5893.50,5837.50,5868.20,802597700
2012-09-19,5868.20,5894.40,5861.00,5888.50,704137700
2012-09-20,5888.50,5888.50,5824.40,5854.60,656511300
2012-09-21,5854.60,5887.60,5838.90,5852.60,1202461200
2012-09-24,5852.60,5852.60,5806.10,5838.80,736974100
2012-09-25,5838.80,5869.20,5828.30,5859.70,737347700
2012-09-26,5859.70,5859.70,5751.40,5768.10,685626300
2012-09-27,5768.10,5804.10,5763.00,5779.40,545045200
2012-09-28,5779.40,5807.80,5740.50,5742.10,745469400
2012-10-01,5742.10,5843.50,5738.60,5820.50,690293800
2012-10-02,5820.50,5840.40,5781.40,5809.50,704898700
2012-10-03,5809.50,5832.50,5785.00,5825.80,606196800
2012-10-04,5825.80,5854.20,5803.20,5827.80,817156300
2012-10-05,5827.80,5885.60,5827.60,5871.00,883077400
2012-10-08,5871.00,5871.00,5818.80,5841.70,492224100
2012-10-09,5841.70,5856.40,5795.20,5810.30,574468400
2012-10-10,5810.30,5810.50,5776.70,5776.70,681615400
2012-10-11,5776.70,5846.30,5766.70,5829.80,693356400
2012-10-12,5829.80,5829.80,5793.30,5793.30,888088200
2012-10-15,5793.30,5827.90,5786.00,5805.60,695435700
2012-10-16,5805.60,5878.10,5805.60,5870.50,877624500
2012-10-17,5870.50,5915.60,5868.70,5910.90,903398900
2012-10-18,5910.90,5928.30,5896.50,5917.10,869993300
2012-10-19,5917.10,5919.70,5892.20,5896.20,829321100
2012-10-22,5896.20,5911.00,5869.90,5882.90,540270400
2012-10-23,5882.90,5893.40,5789.00,5797.90,654156800
2012-10-24,5797.90,5823.20,5776.60,5804.80,953707400
2012-10-25,5804.80,5840.60,5802.20,5805.10,654435200
2012-10-26,5805.10,5817.90,5753.30,5806.70,622849800
2012-10-29,5806.70,5812.70,5763.50,5795.10,432888800
2012-10-30,5795.10,5852.20,5794.90,5849.90,403992400
2012-10-31,5849.90,5866.70,5782.70,5782.70,874664200
2012-11-01,5782.70,5866.80,5778.00,5861.90,1042591700
2012-11-02,5861.90,5890.10,5844.30,5868.60,855128600
2012-11-05,5868.60,5868.60,5825.60,5839.10,565871300
2012-11-06,5839.10,5885.20,5839.10,5884.90,774672800
2012-11-07,5884.90,5921.80,5789.40,5791.60,922666000
2012-11-08,5791.60,5824.40,5770.70,5776.10,729278400
2012-11-09,5776.10,5786.40,5715.20,5769.70,708900000
2012-11-12,5769.70,5795.30,5762.00,5767.30,654357700
2012-11-13,5767.30,5786.30,5711.00,5786.30,950283500
2012-11-14,5786.30,5786.30,5719.60,5722.00,865457700
2012-11-15,5722.00,5722.00,5674.30,5677.80,799767400
2012-11-16,5677.80,5682.70,5605.60,5605.60,939385600
2012-11-19,5605.60,5739.70,5605.60,5737.70,745281500
2012-11-20,5737.70,5751.80,5706.70,5748.10,803266300
2012-11-21,5748.10,5760.10,5727.90,5752.00,640008800
2012-11-22,5752.00,5796.50,5752.00,5791.00,511821700
2012-11-23,5791.00,5830.50,5781.40,5819.10,427505000
2012-11-26,5819.10,5819.10,5773.90,5786.70,601954400
2012-11-27,5786.70,5823.20,5786.70,5799.70,659091000
2012-11-28,5799.70,5808.30,5755.20,5803.30,610194800
2012-11-29,5803.30,5884.00,5803.30,5870.30,652938200
2012-11-30,5870.30,5904.40,5860.30,5866.80,699163600
2012-12-03,5866.80,5902.00,5859.60,5871.20,512045500
2012-12-04,5871.20,5885.40,5852.90,5869.00,596025500
2012-12-05,5869.00,5902.70,5869.00,5892.10,610548500
2012-12-06,5892.10,5923.90,5889.70,5901.40,637068600
2012-12-07,5901.40,5923.10,5889.90,5914.40,584102500
2012-12-10,5914.40,5924.00,5891.30,5921.60,463904100
2012-12-11,5921.60,5937.90,5908.30,5925.00,514655800
2012-12-12,5925.00,5948.50,5915.90,5945.90,629912400
2012-12-13,5945.90,5947.90,5918.60,5929.60,557270400
2012-12-14,5929.60,5944.50,5915.30,5921.80,529958300
2012-12-17,5921.80,5923.90,5881.00,5912.20,533505800
2012-12-18,5912.20,5946.40,5911.10,5935.90,664063300
2012-12-19,5935.90,5977.80,5935.90,5961.60,743375800
2012-12-20,5961.60,5970.90,5950.10,5958.30,596569500
2012-12-21,5958.30,5958.30,5894.10,5940.00,933059900
2012-12-24,5940.00,5957.70,5937.10,5954.20,149881300
2012-12-27,5954.20,5997.00,5942.40,5954.30,340703400
2012-12-28,5954.30,5976.00,5915.30,5925.40,306906200
2012-12-31,5925.40,5925.40,5873.40,5897.80,164636500
2013-01-02,5897.80,6044.60,5897.80,6027.40,652659400
2013-01-03,6027.40,6051.30,6016.80,6047.30,470665900
2013-01-04,6047.30,6089.80,6038.00,6089.80,548929200
2013-01-07,6089.80,6091.50,6060.80,6064.60,571661700
2013-01-08,6064.60,6088.20,6053.60,6053.60,663115700
2013-01-09,6053.60,6112.30,6053.60,6098.70,812116200
2013-01-10,6098.70,6118.30,6090.60,6101.50,764650200
2013-01-11,6101.50,6121.60,6095.10,6121.60,685724400
2013-01-14,6121.60,6134.20,6104.90,6107.90,628350000
2013-01-15,6107.90,6117.30,6086.20,6117.30,700998500
2013-01-16,6117.30,6117.30,6076.10,6104.00,818412100
2013-01-17,6104.00,6135.90,6087.50,6132.40,622925200
2013-01-18,6132.40,6172.50,6131.90,6154.40,713504600
2013-01-21,6154.40,6182.20,6154.40,6181.00,401154800
2013-01-22,6181.00,6188.60,6149.20,6179.20,558352800
2013-01-23,6179.20,6200.50,6178.50,6197.60,685179700
2013-01-24,6197.60,6271.40,6186.50,6264.90,655654900
2013-01-25,6264.90,6284.50,6247.30,6284.50,585517400
2013-01-28,6284.50,6311.30,6277.00,6294.40,533448800
2013-01-29,6294.40,6346.40,6285.80,6339.20,641748600
2013-01-30,6339.20,6354.50,6316.30,6323.10,691737600
2013-01-31,6323.10,6323.10,6276.90,6276.90,809378600
2013-02-01,6276.90,6354.00,6275.50,6347.20,686175200
2013-02-04,6347.20,6347.30,6236.70,6246.80,765896900
2013-02-05,6246.80,6296.50,6244.10,6282.80,612214600
2013-02-06,6282.80,6321.50,6265.60,6295.30,673857000
2013-02-07,6295.30,6313.00,6216.70,6228.40,721694500
2013-02-08,6228.40,6278.10,6228.40,6263.90,589359300
2013-02-11,6263.90,6294.80,6252.30,6277.10,448134200
2013-02-12,6277.10,6338.40,6259.80,6338.40,813154300
2013-02-13,6338.40,6384.70,6311.60,6359.10,756377700
2013-02-14,6359.10,6364.70,6302.00,6327.40,713898900
2013-02-15,6327.40,6352.20,6309.80,6328.30,636564400
2013-02-18,6328.30,6330.20,6306.80,6318.20,459974900
2013-02-19,6318.20,6385.10,6304.40,6379.10,672871900
2013-02-20,6379.10,6412.40,6368.20,6395.40,756333900
2013-02-21,6395.40,6395.40,6278.00,6291.50,733017000
2013-02-22,6291.50,6347.30,6291.50,6335.70,702828200
2013-02-25,6335.70,6390.10,6324.00,6355.40,994472400
2013-02-26,6355.40,6355.40,6258.60,6270.40,772273300
2013-02-27,6270.40,6335.90,6269.30,6325.90,707922300
2013-02-28,6325.90,6372.00,6325.90,6360.80,909994200
2013-03-01,6360.80,6391.70,6308.60,6378.60,1106390100
2013-03-04,6378.60,6379.30,6333.20,6345.60,704235700
2013-03-05,6345.60,6437.30,6344.80,6432.00,683437100
2013-03-06,6432.00,6461.00,6418.70,6427.60,1098361600
2013-03-07,6427.60,6459.70,6427.30,6439.20,923031500
2013-03-08,6439.20,6489.50,6439.20,6483.60,844774800
2013-03-11,6483.60,6505.30,6473.60,6503.60,625234000
2013-03-12,6503.60,6534.00,6491.80,6510.60,616794400
2013-03-13,6510.60,6510.60,6437.60,6481.50,666282400
2013-03-14,6481.50,6532.60,6478.50,6529.40,791452600
2013-03-15,6529.40,6533.80,6470.10,6489.70,1262249400
2013-03-18,6489.70,6489.70,6386.20,6457.90,748775900
2013-03-19,6457.90,6474.60,6414.50,6441.30,679522800
2013-03-20,6441.30,6475.60,6421.30,6432.70,724526500
2013-03-21,6432.70,6435.60,6364.00,6388.60,641944200
2013-03-22,6388.60,6426.50,6374.50,6392.80,768806500
2013-03-25,6392.80,6458.50,6366.60,6378.40,768298200
2013-03-26,6378.40,6404.50,6369.60,6399.40,650359300
2013-03-27,6399.40,6420.90,6344.20,6387.60,755244900
2013-03-28,6387.60,6447.90,6382.00,6411.70,731507000
2013-04-02,6411.70,6501.80,6408.80,6490.70,913557400
2013-04-03,6490.70,6491.80,6416.70,6420.30,676016200
2013-04-04,6420.30,6426.40,6341.40,6344.10,680161200
2013-04-05,6344.10,6346.80,6214.40,6249.80,668684100
2013-04-08,6249.80,6289.60,6249.80,6276.90,650412500
2013-04-09,6276.90,6326.50,6276.90,6313.20,613230800
2013-04-10,6313.20,6405.20,6313.20,6387.40,678441400
2013-04-11,6387.40,6423.60,6377.50,6416.10,556826000
2013-04-12,6416.10,6416.10,6368.20,6384.40,521445800
2013-04-15,6384.40,6384.40,6300.10,6343.60,576452100
2013-04-16,6343.60,6343.60,6297.50,6304.60,609897600
2013-04-17,6304.60,6334.40,6225.20,6244.20,738341700
2013-04-18,6244.20,6277.80,6225.90,6243.70,668152700
2013-04-19,6243.70,6288.70,6243.70,6286.60,694202900
2013-04-22,6286.60,6342.00,6259.00,6280.60,603305900
2013-04-23,6280.60,6406.10,6278.50,6406.10,719139100
2013-04-24,6406.10,6438.90,6396.20,6431.80,735699100
2013-04-25,6431.80,6467.10,6411.90,6442.60,739178900
2013-04-26,6442.60,6442.60,6399.40,6426.40,560270500
2013-04-29,6426.40,6458.00,6419.30,6458.00,636101000
2013-04-30,6458.00,6483.10,6412.70,6430.10,1079343900
2013-05-01,6430.10,6475.90,6429.80,6451.30,409459900
2013-05-02,6451.30,6470.30,6409.80,6460.70,744888400
2013-05-03,6460.70,6541.70,6451.50,6521.50,768857600
2013-05-07,6521.50,6563.90,6521.40,6557.30,795845400
2013-05-08,6557.30,6587.40,6547.00,6583.50,703446800
2013-05-09,6583.50,6597.30,6571.70,6592.70,750085400
2013-05-10,6592.70,6637.80,6591.60,6625.00,807522700
2013-05-13,6625.00,6633.30,6602.80,6631.80,560542000
2013-05-14,6631.80,6686.10,6618.40,6686.10,618403700
2013-05-15,6686.10,6701.70,6669.00,6693.60,690863200
2013-05-16,6693.60,6714.50,6677.20,6687.80,766342800
2013-05-17,6687.80,6726.90,6669.90,6723.10,855145300
2013-05-20,6723.10,6755.60,6709.10,6755.60,736130700
2013-05-21,6755.60,6803.90,6744.20,6803.90,763672400
2013-05-22,6803.90,6875.60,6781.50,6840.30,964619800
2013-05-23,6840.30,6840.30,6658.80,6696.80,987091200
2013-05-24,6696.80,6720.10,6640.10,6654.30,787892200
2013-05-28,6654.30,6790.70,6654.30,6762.00,658595500
2013-05-29,6762.00,6762.00,6620.80,6627.20,613718300
2013-05-30,6627.20,6657.00,6611.00,6657.00,594003700
2013-05-31,6657.00,6657.10,6577.80,6583.10,1182587300
2013-06-03,6583.10,6583.10,6514.10,6525.10,780013000
2013-06-04,6525.10,6577.00,6525.10,6558.60,806462900
2013-06-05,6558.60,6558.60,6419.30,6419.30,800986600
2013-06-06,6419.30,6435.40,6336.10,6336.10,680974000
2013-06-07,6336.10,6421.40,6313.60,6412.00,786639400
2013-06-10,6412.00,6421.20,6379.60,6400.50,597227000
2013-06-11,6400.50,6401.20,6280.10,6340.10,736368300
2013-06-12,6340.10,6364.30,6295.90,6299.50,693795800
2013-06-13,6299.50,6311.00,6205.70,6304.60,824350700
2013-06-14,6304.60,6343.50,6290.60,6308.30,734161700
2013-06-17,6308.30,6370.80,6308.30,6330.50,575444200
2013-06-18,6330.50,6397.30,6311.40,6374.20,654137300
2013-06-19,6374.20,6383.60,6327.00,6348.80,723618600
2013-06-20,6348.80,6348.80,6145.00,6159.50,874375000
2013-06-21,6159.50,6244.20,6116.20,6116.20,1508289800
2013-06-24,6116.20,6136.10,6023.40,6029.10,864109800
2013-06-25,6029.10,6114.60,6029.10,6101.90,786471900
2013-06-26,6101.90,6177.90,6089.20,6165.50,754668000
2013-06-27,6165.50,6271.80,6165.50,6243.40,803972700
2013-06-28,6243.40,6268.80,6207.70,6215.50,920725800
2013-07-01,6215.50,6317.00,6215.40,6307.80,657027100
2013-07-02,6307.80,6314.10,6266.50,6303.90,560698900
2013-07-03,6303.90,6303.90,6185.20,6229.90,663008700
2013-07-04,6229.90,6431.40,6229.90,6421.70,824171700
2013-07-05,6421.70,6498.60,6364.40,6375.50,725870000
2013-07-08,6375.50,6476.10,6375.50,6450.10,622004000
2013-07-09,6450.10,6530.90,6450.10,6513.10,658607000
2013-07-10,6513.10,6535.90,6472.40,6505.00,606500700
2013-07-11,6505.00,6585.70,6505.00,6543.40,646067300
2013-07-12,6543.40,6583.90,6540.20,6544.90,595530200
2013-07-15,6544.90,6605.90,6544.90,6586.10,585046200
2013-07-16,6586.10,6606.40,6556.40,6556.40,746494800
2013-07-17,6556.40,6595.60,6517.40,6571.90,694630900
2013-07-18,6571.90,6657.40,6555.80,6634.40,657400600
2013-07-19,6634.40,6635.20,6592.10,6630.70,756017500
2013-07-22,6630.70,6645.00,6608.20,6623.20,502867700
2013-07-23,6623.20,6657.70,6597.40,6597.40,673295800
2013-07-24,6597.40,6662.20,6581.60,6620.40,595811200
2013-07-25,6620.40,6625.40,6540.40,6588.00,505142900
2013-07-26,6588.00,6629.90,6535.20,6554.80,455317800
2013-07-29,6554.80,6606.40,6544.10,6560.30,487601100
2013-07-30,6560.30,6600.70,6560.30,6571.00,696264300
2013-07-31,6571.00,6659.40,6556.70,6621.10,751660600
2013-08-01,6621.10,6682.00,6607.30,6682.00,977036100
2013-08-02,6682.00,6696.60,6623.90,6647.90,660354400
2013-08-05,6647.90,6685.00,6590.10,6619.60,604089200
2013-08-06,6619.60,6630.10,6562.30,6604.20,698361800
2013-08-07,6604.20,6625.00,6511.20,6511.20,641422000
2013-08-08,6511.20,6558.60,6507.20,6529.70,566013400
2013-08-09,6529.70,6601.20,6529.50,6583.40,632934600
2013-08-12,6583.40,6598.40,6547.00,6574.30,478927500
2013-08-13,6574.30,6620.40,6568.40,6611.90,568866800
2013-08-14,6611.90,6628.00,6582.60,6587.40,678146300
2013-08-15,6587.40,6587.90,6460.10,6483.30,667125400
2013-08-16,6483.30,6502.30,6461.30,6500.00,637579900
2013-08-19,6500.00,6506.60,6457.70,6465.70,467686900
2013-08-20,6465.70,6465.70,6398.60,6453.50,620943400
2013-08-21,6453.50,6453.60,6386.70,6390.80,607065300
2013-08-22,6390.80,6468.90,6390.60,6446.90,501840600
2013-08-23,6446.90,6516.70,6422.40,6492.10,485422600
2013-08-27,6492.10,6494.20,6424.00,6441.00,760395800
2013-08-28,6441.00,6441.00,6393.70,6430.10,748560000
2013-08-29,6430.10,6500.50,6430.00,6483.10,876297500
2013-08-30,6483.10,6502.20,6409.60,6412.90,797043300
2013-09-02,6412.90,6532.30,6412.90,6506.20,596599000
2013-09-03,6506.20,6523.20,6457.00,6468.40,737860300
2013-09-04,6468.40,6486.40,6423.50,6474.70,717066000
2013-09-05,6474.70,6543.20,6461.70,6532.40,758348500
2013-09-06,6532.40,6568.20,6492.50,6547.30,606304300
2013-09-09,6547.30,6555.90,6508.80,6530.70,586569100
2013-09-10,6530.70,6599.50,6530.70,6584.00,730044200
2013-09-11,6584.00,6589.90,6559.70,6588.40,709330400
2013-09-12,6588.40,6606.10,6558.60,6589.00,616038700
2013-09-13,6589.00,6589.00,6561.80,6583.80,495637800
2013-09-16,6583.80,6652.70,6583.80,6622.90,565475200
2013-09-17,6622.90,6623.00,6570.20,6570.20,1200508900
2013-09-18,6570.20,6587.60,6532.50,6558.80,793615500
2013-09-19,6558.80,6659.10,6558.80,6625.40,799392100
2013-09-20,6625.40,6629.90,6594.20,6596.40,1534434000
2013-09-23,6596.40,6601.50,6542.70,6557.40,592407000
2013-09-24,6557.40,6585.40,6549.90,6571.50,663765500
2013-09-25,6571.50,6588.00,6526.40,6551.50,828370800
2013-09-26,6551.50,6580.90,6535.80,6565.60,552698700
2013-09-27,6565.60,6568.90,6487.30,6512.70,556754000
2013-09-30,6512.70,6512.70,6438.70,6462.20,667902900
2013-10-01,6462.20,6466.30,6424.40,6460.00,599067900
2013-10-02,6460.00,6460.00,6386.20,6437.50,575169900
2013-10-03,6437.50,6472.40,6436.20,6449.00,617408100
2013-10-04,6449.00,6473.60,6429.00,6453.90,528846400
2013-10-07,6453.90,6453.90,6391.50,6437.30,484159000
2013-10-08,6437.30,6437.70,6365.00,6365.80,718013100
2013-10-09,6365.80,6372.60,6316.90,6337.90,605274000
2013-10-10,6337.90,6446.20,6337.90,6430.50,631265600
2013-10-11,6430.50,6489.20,6430.50,6487.20,545658000
2013-10-14,6487.20,6507.80,6464.40,6507.70,434972100
2013-10-15,6507.70,6569.30,6507.70,6549.10,603859700
2013-10-16,6549.10,6584.40,6504.30,6571.60,663774300
2013-10-17,6571.60,6576.20,6529.20,6576.20,669589600
2013-10-18,6576.20,6622.70,6576.20,6622.60,710029000
2013-10-21,6622.60,6654.20,6617.80,6654.20,494967200
2013-10-22,6654.20,6719.30,6653.70,6695.70,575007300
2013-10-23,6695.70,6695.90,6655.20,6674.50,643936600
2013-10-24,6674.50,6719.30,6674.20,6713.20,601321000
2013-10-25,6713.20,6729.70,6700.40,6721.30,569150500
2013-10-28,6721.30,6739.70,6704.20,6725.80,590265200
2013-10-29,6725.80,6777.20,6718.90,6774.70,781277300
2013-10-30,6774.70,6819.90,6763.70,6777.70,656351600
2013-10-31,6777.70,6778.30,6719.50,6731.40,742779000
2013-11-01,6731.40,6760.90,6715.30,6734.70,675463600
2013-11-04,6734.70,6780.10,6734.60,6763.60,510147600
2013-11-05,6763.60,6773.90,6708.50,6746.80,723671000
2013-11-06,6746.80,6768.20,6735.60,6741.70,636589100
2013-11-07,6741.70,6779.20,6680.00,6697.20,641427800
2013-11-08,6697.20,6713.90,6643.90,6708.40,598943100
2013-11-11,6708.40,6744.80,6702.00,6728.40,633862400
2013-11-12,6728.40,6728.40,6693.30,6726.80,589417300
2013-11-13,6726.80,6726.80,6614.00,6630.00,723057300
2013-11-14,6630.00,6696.20,6630.00,6666.10,624125200
2013-11-15,6666.10,6703.10,6665.50,6693.40,587733600
2013-11-18,6693.40,6732.10,6671.60,6723.50,538915700
2013-11-19,6723.50,6723.50,6677.90,6698.00,532008000
2013-11-20,6698.00,6711.40,6661.70,6681.10,558048100
2013-11-21,6681.10,6697.70,6643.50,6681.30,483785600
2013-11-22,6681.30,6711.00,6661.00,6674.30,495703600
2013-11-25,6674.30,6709.10,6674.30,6694.60,465826500
2013-11-26,6694.60,6697.00,6636.20,6636.20,985378000
2013-11-27,6636.20,6664.10,6635.70,6649.50,580621900
2013-11-28,6649.50,6679.50,6642.60,6654.50,462672900
2013-11-29,6654.50,6681.60,6648.50,6650.60,535923900
2013-12-02,6650.60,6657.40,6595.20,6595.30,559055100
2013-12-03,6595.30,6595.50,6531.30,6532.40,685375800
2013-12-04,6532.40,6544.70,6479.70,6510.00,780322600
2013-12-05,6510.00,6518.90,6487.20,6498.30,558155700
2013-12-06,6498.30,6555.70,6496.30,6552.00,564649300
2013-12-09,6552.00,6568.40,6534.70,6559.50,506215400
2013-12-10,6559.50,6571.90,6519.00,6523.30,553693100
2013-12-11,6523.30,6555.60,6507.70,6507.70,524482100
2013-12-12,6507.70,6507.70,6436.00,6445.30,663531400
2013-12-13,6445.30,6462.80,6433.50,6440.00,694450900
2013-12-16,6440.00,6531.20,6422.20,6522.20,653797800
2013-12-17,6522.20,6522.20,6482.60,6486.20,584054600
2013-12-18,6486.20,6524.50,6486.20,6492.10,529477900
2013-12-19,6492.10,6584.70,6492.10,6584.70,648648400
2013-12-20,6584.70,6616.80,6576.80,6606.60,1096668200
2013-12-23,6606.60,6678.60,6606.20,6678.60,351999300
2013-12-24,6678.60,6712.10,6672.20,6694.20,101669600
2013-12-27,6694.20,6754.10,6694.20,6750.90,291262200
2013-12-30,6750.90,6768.40,6718.20,6731.30,295360600
2013-12-31,6731.30,6757.00,6731.30,6749.10,153445200
2014-01-02,6749.10,6759.40,6707.50,6717.90,459529100
2014-01-03,6717.90,6747.30,6699.30,6730.70,374841500
2014-01-06,6730.70,6752.00,6714.60,6730.70,524387000
2014-01-07,6730.70,6768.90,6718.10,6755.50,672375600
2014-01-08,6755.50,6755.50,6713.40,6721.80,720025300
2014-01-09,6721.80,6746.40,6679.30,6691.30,782896500
2014-01-10,6691.30,6769.90,6691.30,6739.90,811611800
2014-01-13,6739.90,6765.60,6731.00,6757.20,598026900
2014-01-14,6757.20,6772.60,6694.10,6766.90,568346600
2014-01-15,6766.90,6825.20,6766.90,6819.90,693715800
2014-01-16,6819.90,6831.70,6811.20,6815.40,714152700
2014-01-17,6815.40,6840.50,6800.00,6829.30,999744600
2014-01-20,6829.30,6837.50,6810.60,6836.70,424810700
2014-01-21,6836.70,6867.40,6822.30,6834.30,618281400
2014-01-22,6834.30,6864.90,6821.80,6826.30,548735700
2014-01-23,6826.30,6837.20,6760.60,6773.30,668664300
2014-01-24,6773.30,6784.40,6654.90,6663.70,844748200
2014-01-27,6663.70,6665.40,6539.30,6550.70,985294600
2014-01-28,6550.70,6590.70,6550.70,6572.30,675704400
2014-01-29,6572.30,6645.20,6482.70,6544.30,990211400
2014-01-30,6544.30,6573.90,6503.30,6538.50,755894300
2014-01-31,6538.50,6548.50,6421.30,6510.40,751205000
2014-02-03,6510.40,6538.30,6460.00,6465.70,829888700
2014-02-04,6465.70,6478.20,6416.70,6449.30,922887700
2014-02-05,6449.30,6483.70,6423.80,6457.90,810173800
2014-02-06,6457.90,6566.00,6457.90,6558.30,815148900
2014-02-07,6558.30,6596.30,6540.80,6571.70,708467800
2014-02-10,6571.70,6597.00,6565.30,6591.60,593694900
2014-02-11,6591.60,6672.70,6591.60,6672.70,934913300
2014-02-12,6672.70,6708.20,6669.10,6675.00,820072000
2014-02-13,6675.00,6675.20,6608.10,6659.40,1170917600
2014-02-14,6659.40,6672.20,6646.50,6663.60,912852700
2014-02-17,6663.60,6745.60,6661.50,6736.00,630547500
2014-02-18,6736.00,6802.90,6716.60,6796.40,828311700
2014-02-19,6796.40,6810.50,6759.90,6796.70,793947100
2014-02-20,6796.70,6813.00,6732.00,6813.00,745785700
2014-02-21,6813.00,6859.90,6813.00,6838.10,1024984200
2014-02-24,6838.10,6865.90,6797.80,6865.90,1068068300
2014-02-25,6862.70,6866.40,6790.90,6830.50,1163984100
2014-02-26,6830.50,6834.10,6785.30,6799.20,739193300
2014-02-27,6799.20,6819.20,6733.50,6810.30,860420000
2014-02-28,6810.30,6833.80,6785.50,6809.70,924578400
2014-03-03,6809.70,6809.70,6671.90,6708.40,829082600
2014-03-04,6708.40,6827.20,6708.40,6823.80,734136300
2014-03-05,6823.80,6824.20,6771.50,6775.40,630136500
2014-03-06,6775.40,6806.60,6771.00,6788.50,666186300
2014-03-07,6788.50,6800.70,6706.40,6712.70,793752600
2014-03-10,6712.70,6757.00,6671.60,6689.50,820416900
2014-03-11,6689.50,6718.30,6660.60,6685.50,868947800
2014-03-12,6685.50,6685.50,6598.40,6620.90,891943200
2014-03-13,6620.90,6631.40,6552.50,6553.80,895818900
2014-03-14,6553.80,6553.80,6500.40,6527.90,847299400
2014-03-17,6527.90,6592.40,6527.90,6568.40,692708400
2014-03-18,6568.40,6628.20,6534.90,6605.30,723690100
2014-03-19,6605.30,6609.50,6566.90,6573.10,1051188400
2014-03-20,6573.10,6573.10,6492.60,6542.40,795074200
2014-03-21,6542.40,6572.10,6537.90,6557.20,1501522000
2014-03-24,6557.20,6569.00,6506.40,6520.40,762850300
2014-03-25,6520.40,6604.90,6520.40,6604.90,674287000
2014-03-26,6604.90,6643.60,6601.80,6605.30,1429765600
2014-03-27,6605.30,6605.30,6561.40,6588.30,850226700
2014-03-28,6588.30,6631.50,6585.70,6615.60,1001322600
2014-03-31,6615.60,6658.40,6583.10,6598.40,868366300
2014-04-01,6598.40,6660.30,6598.40,6652.60,857737300
2014-04-02,6652.60,6672.70,6639.60,6659.00,973749400
2014-04-03,6659.00,6680.80,6638.50,6649.10,670678000
2014-04-04,6649.10,6706.30,6649.10,6695.60,876352600
2014-04-07,6695.60,6695.60,6614.70,6622.80,667468200
2014-04-08,6622.80,6625.20,6549.80,6590.70,1056680100
2014-04-09,6590.70,6654.10,6590.40,6635.60,758993600
2014-04-10,6635.60,6688.30,6620.40,6642.00,671373100
2014-04-11,6642.00,6642.00,6538.80,6561.70,817952500
2014-04-14,6561.70,6583.80,6507.10,6583.80,983152200
2014-04-15,6583.80,6594.20,6534.20,6541.60,858936000
2014-04-16,6541.60,6597.00,6541.60,6584.20,686337200
2014-04-17,6584.20,6627.30,6559.40,6625.30,842349900
2014-04-22,6625.30,6706.20,6625.30,6681.80,843999800
2014-04-23,6681.80,6694.80,6661.40,6674.70,637850100
2014-04-24,6674.70,6724.60,6667.70,6703.00,616106700
2014-04-25,6703.00,6704.40,6657.30,6685.70,578697500
2014-04-28,6685.70,6720.30,6682.90,6700.20,652775300
2014-04-29,6700.20,6769.90,6700.10,6769.90,674490500
2014-04-30,6769.90,6794.90,6748.80,6780.00,773112200
2014-05-01,6780.00,6811.60,6773.70,6808.90,649344400
2014-05-02,6808.90,6838.20,6798.60,6822.40,746449000
2014-05-06,6822.40,6828.60,6785.30,6798.60,732623500
2014-05-07,6798.60,6799.30,6766.80,6796.40,768894900
2014-05-08,6796.40,6840.40,6796.40,6839.30,818478900
2014-05-09,6839.30,6839.40,6805.40,6814.60,617677000
2014-05-12,6814.60,6851.80,6814.60,6851.80,565733200
2014-05-13,6851.80,6877.40,6846.00,6873.10,631554800
2014-05-14,6873.10,6880.10,6854.00,6878.50,529825700
2014-05-15,6878.50,6894.90,6821.70,6840.90,896969900
2014-05-16,6840.90,6855.90,6813.50,6855.80,985979600
2014-05-19,6855.80,6862.20,6804.30,6844.60,745674100
2014-05-20,6844.60,6848.40,6792.50,6802.00,680773300
2014-05-21,6802.00,6821.00,6782.80,6821.00,733746900
2014-05-22,6821.00,6846.60,6810.20,6820.60,564880200
2014-05-23,6820.60,6825.50,6793.50,6815.80,485846000
2014-05-27,6815.80,6857.10,6815.40,6844.90,585487200
2014-05-28,6844.90,6855.80,6833.60,6851.20,577490600
2014-05-29,6851.20,6882.10,6848.10,6871.30,403366600
2014-05-30,6871.30,6874.30,6832.00,6844.50,1174009700
2014-06-02,6844.50,6874.40,6844.50,6864.10,573724300
2014-06-03,6864.10,6865.40,6818.00,6836.30,505128700
2014-06-04,6836.30,6840.60,6800.10,6818.60,575435900
2014-06-05,6818.60,6847.00,6795.30,6813.50,627405700
2014-06-06,6813.50,6862.90,6813.50,6858.20,774866500
2014-06-09,6858.20,6879.00,6857.70,6875.00,388132800
2014-06-10,6875.00,6875.20,6835.80,6873.60,535388800
2014-06-11,6873.60,6873.60,6825.20,6838.90,676538600
2014-06-12,6838.90,6853.20,6827.00,6843.10,527380800
2014-06-13,6843.10,6843.10,6758.20,6777.90,640614600
2014-06-16,6777.90,6779.40,6748.00,6754.60,604240100
2014-06-17,6754.60,6774.90,6736.10,6766.80,577374400
2014-06-18,6766.80,6799.60,6766.80,6778.60,511450700
2014-06-19,6778.60,6837.60,6778.60,6808.10,564148400
2014-06-20,6808.10,6840.60,6791.20,6825.20,1020446400
2014-06-23,6825.20,6829.80,6785.80,6800.60,466639400
2014-06-24,6800.60,6824.50,6776.80,6787.10,570127000
2014-06-25,6787.10,6787.10,6716.40,6733.60,585547600
2014-06-26,6733.60,6753.30,6701.60,6735.10,902551300
2014-06-27,6735.10,6767.60,6735.10,6757.80,516986900
2014-06-30,6757.80,6777.10,6730.50,6743.90,614336500
2014-07-01,6743.90,6805.90,6743.90,6802.90,514345100
2014-07-02,6802.90,6829.50,6796.60,6816.40,479498000
2014-07-03,6816.40,6866.60,6815.50,6865.20,523958700
2014-07-04,6865.20,6875.30,6856.40,6866.10,329363500
2014-07-07,6866.10,6866.40,6817.60,6823.50,389059700
2014-07-08,6823.50,6831.00,6738.50,6738.50,660675300
2014-07-09,6738.50,6740.80,6692.80,6718.00,602260300
2014-07-10,6718.00,6724.80,6643.60,6672.40,764873500
2014-07-11,6672.40,6696.10,6663.70,6690.20,533174800
2014-07-14,6690.20,6760.70,6690.20,6746.10,468494700
2014-07-15,6746.10,6764.00,6709.20,6710.50,604327700
2014-07-16,6710.50,6792.60,6710.50,6784.70,610714400
2014-07-17,6784.70,6784.70,6727.70,6738.30,631724300
2014-07-18,6738.30,6749.90,6690.90,6749.50,585590200
2014-07-21,6749.50,6753.40,6715.80,6728.40,470701900
2014-07-22,6728.40,6801.80,6728.40,6795.30,538472400
2014-07-23,6795.30,6822.70,6773.10,6798.20,589203600
2014-07-24,6798.20,6821.50,6767.30,6821.50,541591300
2014-07-25,6821.50,6830.80,6780.70,6791.60,661620000
2014-07-28,6791.60,6809.60,6761.80,6788.10,528691400
2014-07-29,6788.10,6833.70,6784.00,6807.80,527703100
2014-07-30,6807.80,6815.30,6758.20,6773.40,692780400
2014-07-31,6773.40,6797.10,6716.30,6730.10,919865400
2014-08-01,6730.10,6730.10,6624.70,6679.20,695334800
2014-08-04,6679.20,6715.60,6669.90,6677.50,522832700
2014-08-05,6677.50,6713.50,6671.50,6682.50,512852200
2014-08-06,6682.50,6682.50,6588.40,6636.20,803798800
2014-08-07,6636.20,6649.10,6589.80,6597.40,565630100
2014-08-08,6597.40,6597.40,6528.70,6567.40,645423400
2014-08-11,6567.40,6645.80,6567.40,6632.80,494367000
2014-08-12,6632.80,6643.70,6612.50,6632.40,448281800
2014-08-13,6632.40,6664.30,6626.00,6656.70,527733500
2014-08-14,6656.70,6694.60,6641.80,6685.30,512629300
2014-08-15,6685.30,6742.80,6685.30,6689.10,545581000
2014-08-18,6689.10,6745.70,6689.10,6741.30,413053500
2014-08-19,6741.30,6782.90,6740.70,6779.30,463536900
2014-08-20,6779.30,6781.20,6739.80,6755.50,466211000
2014-08-21,6755.50,6780.70,6752.70,6777.70,423431000
2014-08-22,6777.70,6784.60,6746.40,6775.30,571522600
2014-08-26,6775.30,6827.30,6775.30,6822.80,538317700
2014-08-27,6822.80,6830.70,6813.20,6830.70,481233300
2014-08-28,6830.70,6831.20,6796.90,6805.80,498070100
2014-08-29,6805.80,6828.90,6782.60,6819.80,720978600
2014-09-01,6819.80,6825.30,6798.30,6825.30,404272400
2014-09-02,6825.30,6849.30,6812.30,6829.20,820230900
2014-09-03,6829.20,6898.60,6826.70,6873.60,674899700
2014-09-04,6873.60,6904.90,6866.30,6878.00,689038700
2014-09-05,6878.00,6885.00,6829.10,6855.10,596549800
2014-09-08,6855.10,6855.10,6773.80,6834.80,754127500
2014-09-09,6834.80,6846.20,6812.50,6829.00,580798600
2014-09-10,6829.00,6847.80,6800.00,6830.10,585612100
2014-09-11,6830.10,6857.50,6764.90,6799.60,648015500
2014-09-12,6799.60,6832.20,6799.40,6807.00,552974800
2014-09-15,6807.00,6813.90,6771.70,6804.20,529231800
2014-09-16,6804.20,6804.30,6748.10,6792.20,592887700
2014-09-17,6792.20,6816.90,6780.90,6780.90,596526700
2014-09-18,6780.90,6822.60,6769.60,6819.30,644480400
2014-09-19,6819.30,6876.00,6819.30,6837.90,1551957500
2014-09-22,6837.90,6838.40,6766.90,6773.60,675055200
2014-09-23,6773.60,6777.30,6647.20,6676.10,762840800
2014-09-24,6676.10,6707.30,6652.00,6706.30,793646000
2014-09-25,6706.30,6726.40,6621.50,6639.70,927894000
2014-09-26,6639.70,6664.00,6615.10,6649.40,589221500
2014-09-29,6649.40,6653.90,6608.70,6646.60,564786600
2014-09-30,6646.60,6658.90,6601.60,6622.70,882273900
2014-10-01,6622.70,6622.80,6539.70,6557.50,789707300
2014-10-02,6557.50,6557.70,6446.40,6446.40,807089800
2014-10-03,6446.40,6542.90,6446.40,6527.90,750613100
2014-10-06,6527.90,6588.30,6527.90,6563.70,722223000
2014-10-07,6563.70,6563.80,6495.60,6495.60,858099000
2014-10-08,6495.60,6502.40,6453.80,6482.20,822967200
2014-10-09,6482.20,6544.20,6425.20,6431.90,864389000
2014-10-10,6431.90,6431.90,6328.40,6340.00,897708400
2014-10-13,6340.00,6387.40,6294.60,6366.20,846365400
2014-10-14,6366.20,6403.40,6304.30,6392.70,831098100
2014-10-15,6392.70,6405.00,6211.60,6211.60,1137435900
2014-10-16,6211.60,6283.00,6072.70,6195.90,1697447000
2014-10-17,6195.90,6313.00,6188.00,6310.30,1106053200
2014-10-20,6310.30,6320.30,6238.60,6267.10,723302900
2014-10-21,6267.10,6372.30,6229.40,6372.30,856658100
2014-10-22,6372.30,6401.50,6341.40,6399.70,727170300
2014-10-23,6399.70,6430.30,6313.30,6419.20,840402100
2014-10-24,6419.20,6419.20,6372.40,6388.70,717827900
2014-10-27,6388.70,6443.80,6336.10,6363.50,781565600
2014-10-28,6363.50,6412.00,6363.50,6402.20,800681500
2014-10-29,6402.20,6475.40,6402.20,6453.90,700842900
2014-10-30,6453.90,6483.20,6378.20,6463.60,815851600
2014-10-31,6463.60,6553.40,6463.60,6546.50,1062914700
2014-11-03,6546.50,6559.60,6478.50,6488.00,712567500
2014-11-04,6488.00,6510.30,6444.90,6454.00,816651600
2014-11-05,6454.00,6539.10,6454.00,6539.10,769396700
2014-11-06,6539.10,6580.20,6503.80,6551.20,799914900
2014-11-07,6551.20,6608.20,6551.20,6567.20,764955100
2014-11-10,6567.20,6611.30,6566.80,6611.30,575418400
2014-11-11,6611.30,6632.60,6605.30,6627.40,764945500
2014-11-12,6627.40,6629.30,6588.90,6611.00,703040700
2014-11-13,6611.00,6645.90,6596.90,6635.50,721388700
2014-11-14,6635.50,6654.40,6610.10,6654.40,627535100
2014-11-17,6654.40,6681.60,6616.10,6672.00,537365300
2014-11-18,6672.00,6714.10,6671.80,6709.10,653233800
2014-11-19,6709.10,6718.90,6678.10,6696.60,802689100
2014-11-20,6696.60,6696.80,6641.10,6678.90,640496600
2014-11-21,6678.90,6773.10,6678.90,6750.80,845575400
2014-11-24,6750.80,6764.00,6720.10,6729.80,680406300
2014-11-25,6729.80,6750.90,6709.30,6731.10,907288200
2014-11-26,6731.10,6765.00,6718.50,6729.20,586890500
2014-11-27,6729.20,6749.90,6713.80,6723.40,517208400
2014-11-28,6723.40,6734.70,6667.10,6722.60,839390500
2014-12-01,6722.60,6722.60,6637.40,6656.40,728046400
2014-12-02,6656.40,6744.30,6656.40,6742.10,654954300
2014-12-03,6742.10,6753.20,6713.80,6716.60,707002000
2014-12-04,6716.60,6734.00,6672.70,6679.40,699897800
2014-12-05,6679.40,6751.30,6679.40,6742.80,678464700
2014-12-08,6742.80,6742.80,6672.20,6672.20,513903800
2014-12-09,6672.20,6672.20,6529.50,6529.50,951132300
2014-12-10,6529.50,6565.80,6500.00,6500.00,692354700
2014-12-11,6500.00,6521.70,6441.30,6461.70,757393100
2014-12-12,6461.70,6461.70,6297.40,6300.60,793966500
2014-12-15,6300.60,6356.30,6182.70,6182.70,985776000
2014-12-16,6182.70,6331.80,6144.70,6331.80,1037451400
2014-12-17,6331.80,6359.70,6240.30,6336.50,745851900
2014-12-18,6336.50,6466.00,6336.50,6466.00,967411900
2014-12-19,6466.00,6566.90,6466.00,6545.30,1144608500
2014-12-22,6545.30,6621.00,6545.30,6576.70,483625300
2014-12-23,6576.70,6620.50,6576.70,6598.20,380283900
2014-12-24,6598.20,6618.10,6586.10,6609.90,253486900
2014-12-29,6609.90,6652.00,6587.90,6633.50,350346200
2014-12-30,6633.50,6633.50,6528.90,6547.00,337948000
2014-12-31,6547.00,6578.20,6547.00,6566.10,125563600
2015-01-02,6566.10,6607.90,6510.60,6547.80,367562200
2015-01-05,6547.80,6576.70,6404.50,6417.20,728001100
2015-01-06,6417.20,6452.70,6328.60,6366.50,769463100
2015-01-07,6366.50,6459.70,6366.50,6419.80,688211500
2015-01-08,6419.80,6580.80,6419.80,6570.00,882740200
2015-01-09,6570.00,6570.20,6471.40,6501.10,738488500
2015-01-12,6501.10,6542.40,6447.90,6501.40,602313100
2015-01-13,6501.40,6558.80,6465.20,6542.20,673572900
2015-01-14,6542.20,6542.20,6353.70,6388.50,971256900
2015-01-15,6388.50,6498.80,6298.20,6498.80,980049600
2015-01-16,6498.80,6553.20,6443.30,6550.30,805741900
2015-01-19,6550.30,6598.90,6548.00,6585.50,537915700
2015-01-20,6585.50,6640.40,6585.50,6620.10,677002900
2015-01-21,6620.10,6728.00,6620.10,6728.00,847589600
2015-01-22,6728.00,6808.20,6726.20,6796.60,926018400
2015-01-23,6796.60,6841.70,6796.60,6832.80,839368300
2015-01-26,6832.80,6855.90,6790.10,6852.40,611915000
2015-01-27,6852.40,6865.00,6773.50,6811.60,713907000
2015-01-28,6811.60,6863.00,6777.10,6825.90,779603800
2015-01-29,6825.90,6825.90,6750.20,6810.60,704517100
2015-01-30,6810.60,6844.00,6749.40,6749.40,799357300
2015-02-02,6749.40,6795.50,6732.00,6782.60,757554400
2015-02-03,6782.60,6886.30,6782.40,6871.80,855708500
2015-02-04,6871.80,6883.50,6804.10,6860.00,817845800
2015-02-05,6860.00,6870.10,6808.20,6865.90,731200400
2015-02-06,6865.90,6886.20,6835.50,6853.40,648533700
2015-02-09,6853.40,6853.40,6778.00,6837.20,620697200
2015-02-10,6837.20,6843.90,6788.90,6829.10,773108400
2015-02-11,6829.10,6838.30,6786.10,6818.20,623275800
2015-02-12,6818.20,6854.60,6817.20,6828.10,809863300
2015-02-13,6828.10,6887.60,6828.10,6873.50,734854200
2015-02-16,6873.50,6878.70,6851.80,6857.10,415979100
2015-02-17,6857.10,6898.10,6819.80,6898.10,612932700
2015-02-18,6898.10,6921.30,6876.30,6898.10,677405400
2015-02-19,6898.10,6907.30,6858.70,6888.90,641759700
2015-02-20,6888.90,6920.50,6884.80,6915.20,764028800
2015-02-23,6915.20,6943.60,6885.90,6912.20,680805600
2015-02-24,6912.20,6958.90,6899.60,6949.60,831640000
2015-02-25,6949.60,6955.40,6904.90,6935.40,697704800
2015-02-26,6935.40,6950.00,6920.50,6949.70,782087000
2015-02-27,6949.70,6967.20,6929.80,6946.70,881579100
2015-03-02,6946.70,6974.30,6924.30,6940.60,778879400
2015-03-03,6940.60,6963.60,6889.10,6889.10,784037600
2015-03-04,6889.10,6919.20,6862.90,6919.20,741168200
2015-03-05,6919.20,6968.60,6914.10,6961.10,798406800
2015-03-06,6961.10,6961.20,6911.80,6911.80,748637900
2015-03-09,6911.80,6911.80,6859.80,6876.50,670579200
2015-03-10,6876.50,6876.90,6702.80,6702.80,887272000
2015-03-11,6702.80,6739.00,6693.80,6721.50,746833900
2015-03-12,6721.50,6799.80,6721.50,6761.10,845927100
2015-03-13,6761.10,6777.80,6713.50,6740.60,710321200
2015-03-16,6740.60,6809.10,6740.60,6804.10,685731900
2015-03-17,6804.10,6846.90,6798.50,6837.60,757362800
2015-03-18,6837.60,6945.20,6837.30,6945.20,772632700
2015-03-19,6945.20,6982.80,6929.70,6962.30,809174400
2015-03-20,6962.30,7024.20,6960.80,7022.50,1419421400
2015-03-23,7022.50,7037.70,6991.40,7037.70,673591200
2015-03-24,7037.70,7065.10,7012.50,7019.70,702620900
2015-03-25,7019.70,7035.10,6983.90,6991.00,645837600
2015-03-26,6991.00,6991.00,6876.80,6895.30,936518300
2015-03-27,6895.30,6910.60,6839.90,6855.00,736697300
2015-03-30,6855.00,6914.60,6855.00,6891.40,639393900
2015-03-31,6891.40,6910.10,6765.10,6773.00,900335700
2015-04-01,6773.00,6856.40,6765.40,6809.50,800482200
2015-04-02,6809.50,6849.90,6801.30,6833.50,575894800
2015-04-07,6833.50,6967.70,6833.50,6961.80,704104300
2015-04-08,6961.80,7012.10,6931.60,6937.40,865524000
2015-04-09,6937.40,7017.00,6937.40,7015.40,698600800
2015-04-10,7015.40,7095.40,7015.40,7089.80,801926500
2015-04-13,7089.80,7089.80,7046.70,7064.30,592637100
2015-04-14,7064.30,7086.10,7044.60,7075.30,669927300
2015-04-15,7075.30,7111.70,7058.30,7096.80,722590500
2015-04-16,7096.80,7119.40,7057.70,7060.50,750900800
2015-04-17,7060.50,7093.50,6979.30,6994.60,776519900
2015-04-20,6994.60,7067.80,6994.60,7052.10,583888000
2015-04-21,7052.10,7105.10,7030.00,7062.90,655787700
2015-04-22,7062.90,7092.30,6997.20,7028.20,785146300
2015-04-23,7028.20,7055.20,6995.80,7053.70,714656500
2015-04-24,7053.70,7102.60,7051.20,7070.70,796682000
2015-04-27,7070.70,7122.70,7025.30,7104.00,679761700
2015-04-28,7104.00,7104.00,6984.00,7030.50,796371600
2015-04-29,7030.50,7058.20,6945.60,6946.30,767322400
2015-04-30,6946.30,6970.30,6906.20,6960.60,906266700
2015-05-01,6960.60,6995.40,6919.40,6986.00,838058900
2015-05-05,6986.00,7053.20,6927.60,6927.60,1019856100
2015-05-06,6927.60,6974.80,6913.50,6933.70,883946300
2015-05-07,6933.70,6933.70,6810.10,6887.00,945024800
2015-05-08,6887.00,7046.80,6885.80,7046.80,1385914100
2015-05-11,7046.80,7083.70,7025.20,7029.90,792210200
2015-05-12,7029.90,7029.90,6887.50,6933.80,839991900
2015-05-13,6933.80,6989.90,6920.70,6949.60,795743700
2015-05-14,6949.60,6977.90,6884.60,6973.00,603503300
2015-05-15,6973.00,7009.40,6937.10,6960.50,703827400
2015-05-18,6960.50,7015.50,6931.60,6968.90,614216300
2015-05-19,6968.90,7011.40,6968.90,6995.10,778022500
2015-05-20,6995.10,7018.70,6962.10,7007.30,825148300
2015-05-21,7007.30,7026.00,6994.30,7013.50,565597600
2015-05-22,7013.50,7061.70,7013.50,7031.70,621811200
2015-05-26,7031.70,7039.60,6930.30,6949.00,672679700
2015-05-27,6949.00,7054.10,6948.60,7033.30,648739500
2015-05-28,7033.30,7049.60,7005.90,7040.90,606689900
2015-05-29,7040.90,7069.90,6967.90,6984.40,1177305700
2015-06-01,6984.40,7037.60,6942.70,6953.60,694968900
2015-06-02,6953.60,6972.30,6872.10,6928.30,864607700
2015-06-03,6928.30,6985.70,6901.80,6950.50,701168000
2015-06-04,6950.50,6950.50,6839.00,6859.20,783604900
2015-06-05,6859.20,6859.20,6785.20,6804.60,754508500
2015-06-08,6804.60,6827.20,6781.70,6790.00,539187300
2015-06-09,6790.00,6803.80,6736.90,6753.80,682109200
2015-06-10,6753.80,6843.60,6734.20,6830.30,818584900
2015-06-11,6830.30,6870.20,6807.30,6846.70,678574100
2015-06-12,6846.70,6846.70,6760.10,6784.90,592427400
2015-06-15,6784.90,6784.90,6708.50,6710.50,557004700
2015-06-16,6710.50,6723.50,6656.90,6710.10,718299200
2015-06-17,6710.10,6731.50,6666.00,6680.60,685273800
2015-06-18,6680.60,6707.90,6625.20,6707.90,773442100
2015-06-19,6707.90,6759.30,6691.80,6710.50,1273130400
2015-06-22,6710.50,6825.70,6710.50,6825.70,749484400
2015-06-23,6825.70,6856.50,6825.70,6834.90,580137000
2015-06-24,6834.90,6873.40,6834.30,6844.80,668257700
2015-06-25,6844.80,6869.00,6798.80,6807.80,655333800
2015-06-26,6807.80,6807.80,6731.10,6753.70,597278600
2015-06-29,6753.70,6753.70,6598.60,6620.50,762752000
2015-06-30,6620.50,6620.80,6521.00,6521.00,882243000
2015-07-01,6521.00,6637.30,6521.00,6608.60,789588400
2015-07-02,6608.60,6647.70,6600.40,6630.50,590421700
2015-07-03,6630.50,6630.80,6572.50,6585.80,448998200
2015-07-06,6585.80,6585.80,6506.70,6535.70,610644900
2015-07-07,6535.70,6543.80,6432.20,6432.20,767758000
2015-07-08,6432.20,6515.10,6430.40,6490.70,913111000
2015-07-09,6490.70,6594.20,6490.70,6581.60,764973200
2015-07-10,6581.60,6687.60,6581.60,6673.40,699409100
2015-07-13,6673.40,6743.10,6673.40,6738.00,643184300
2015-07-14,6738.00,6753.80,6710.60,6753.80,595318500
2015-07-15,6753.80,6775.90,6728.50,6753.80,549549300
2015-07-16,6753.80,6805.10,6752.10,6796.50,587458400
2015-07-17,6796.50,6799.80,6764.80,6775.10,584213200
2015-07-20,6775.10,6813.40,6772.10,6788.70,419532500
2015-07-21,6788.70,6800.10,6758.80,6769.10,556304800
2015-07-22,6769.10,6769.10,6653.40,6667.30,693476700
2015-07-23,6667.30,6711.50,6644.90,6655.00,632287000
2015-07-24,6655.00,6684.80,6574.00,6579.80,644793200
2015-07-27,6579.80,6589.50,6495.70,6505.10,678322600
2015-07-28,6505.10,6569.50,6505.10,6555.30,709236100
2015-07-29,6555.30,6634.00,6555.30,6631.00,820041700
2015-07-30,6631.00,6697.40,6631.00,6668.90,778087100
2015-07-31,6668.90,6705.40,6646.30,6696.30,958422600
2015-08-03,6696.30,6710.80,6668.20,6688.60,679885300
2015-08-04,6688.60,6715.50,6644.70,6686.60,1399430100
2015-08-05,6686.60,6764.80,6686.60,6752.40,847270800
2015-08-06,6752.40,6763.30,6717.50,6747.10,691613500
2015-08-07,6747.10,6754.80,6718.50,6718.50,595585900
2015-08-10,6718.50,6751.50,6653.70,6736.20,765478700
2015-08-11,6736.20,6736.20,6664.00,6664.50,727572100
2015-08-12,6664.50,6664.50,6536.40,6571.20,1085554700
2015-08-13,6571.20,6634.70,6553.50,6568.30,668900300
2015-08-14,6568.30,6603.20,6544.40,6550.70,577612000
2015-08-17,6550.70,6585.90,6507.80,6550.30,471278500
2015-08-18,6550.30,6564.60,6505.70,6526.30,538348700
2015-08-19,6526.30,6526.50,6403.50,6403.50,699446800
2015-08-20,6403.50,6408.60,6359.70,6367.90,728564100
2015-08-21,6367.90,6367.90,6187.70,6187.70,807243600
2015-08-24,6187.70,6187.70,5768.20,5898.90,1657266300
2015-08-25,5898.90,6115.70,5898.90,6081.30,1335924300
2015-08-26,6081.30,6095.10,5949.90,5979.20,991933700
2015-08-27,5979.20,6212.50,5979.20,6192.00,1028065800
2015-08-28,6192.00,6247.90,6152.00,6247.90,868831700
2015-09-01,6247.90,6247.90,6028.70,6058.50,1001128800
2015-09-02,6058.50,6161.70,6021.40,6083.30,769181300
2015-09-03,6083.30,6215.70,6083.30,6194.10,735720100
2015-09-04,6194.10,6194.10,6040.50,6042.90,743172100
2015-09-07,6042.90,6125.70,6042.90,6074.50,464760500
2015-09-08,6074.50,6196.50,6074.50,6146.10,664577700
2015-09-09,6146.10,6284.20,6146.10,6229.00,734267900
2015-09-10,6229.00,6229.00,6127.50,6155.80,749536800
2015-09-11,6155.80,6174.30,6113.10,6117.80,584620900
2015-09-14,6117.80,6191.80,6065.40,6084.60,598665000
2015-09-15,6084.60,6158.10,6019.90,6137.60,706522000
2015-09-16,6137.60,6244.90,6137.60,6229.20,818994800
2015-09-17,6229.20,6239.90,6182.60,6187.00,836839300
2015-09-18,6187.00,6188.70,6053.90,6104.10,1508172800
2015-09-21,6104.10,6168.70,6083.60,6108.70,697537600
2015-09-22,6108.70,6111.60,5935.80,5935.80,941657100
2015-09-23,5935.80,6067.60,5933.20,6032.20,725707700
2015-09-24,6032.20,6055.60,5947.20,5961.50,867489200
2015-09-25,5961.50,6120.70,5961.50,6109.00,837519200
2015-09-28,6109.00,6110.30,5958.90,5958.90,968395200
2015-09-29,5958.90,5958.90,5877.10,5909.20,1000021900
2015-09-30,5909.20,6061.60,5909.20,6061.60,1018944000
2015-10-01,6061.60,6172.80,6053.30,6072.50,847372200
2015-10-02,6072.50,6176.20,6051.60,6130.00,861807200
2015-10-05,6130.00,6301.10,6130.00,6298.90,863396300
2015-10-06,6298.90,6343.70,6255.10,6326.20,737901800
2015-10-07,6326.20,6396.30,6319.80,6336.40,985472100
2015-10-08,6336.40,6380.30,6303.50,6374.80,720040900
2015-10-09,6374.80,6453.20,6374.80,6416.20,745150000
2015-10-12,6416.20,6416.20,6351.30,6371.20,535951300
2015-10-13,6371.20,6371.20,6303.00,6342.30,700891400
2015-10-14,6342.30,6342.30,6268.30,6269.60,638445300
2015-10-15,6269.60,6351.40,6269.60,6338.70,644982700
2015-10-16,6338.70,6398.20,6338.70,6378.00,592309300
2015-10-19,6378.00,6408.10,6336.30,6352.30,476841500
2015-10-20,6352.30,6367.80,6319.30,6345.10,574547000
2015-10-21,6345.10,6387.30,6316.30,6348.40,596747600
2015-10-22,6348.40,6387.30,6321.70,6376.30,718398200
2015-10-23,6376.30,6487.90,6376.30,6444.10,749535500
2015-10-26,6444.10,6453.00,6405.40,6417.00,441044400
2015-10-27,6417.00,6419.60,6365.30,6365.30,564355600
2015-10-28,6365.30,6448.50,6355.80,6437.80,819718100
2015-10-29,6437.80,6437.90,6358.20,6395.80,826622300
2015-10-30,6395.80,6410.30,6337.70,6361.10,716340400
2015-11-02,6361.10,6364.40,6317.30,6361.80,506603500
2015-11-03,6361.80,6383.60,6344.70,6383.60,608961200
2015-11-04,6383.60,6459.50,6383.00,6412.90,759872100
2015-11-05,6412.90,6421.80,6358.10,6364.90,722038900
2015-11-06,6364.90,6395.20,6332.70,6353.80,711572600
2015-11-09,6353.80,6380.40,6292.10,6295.20,658685600
2015-11-10,6295.20,6329.70,6250.30,6275.30,725649900
2015-11-11,6275.30,6327.20,6272.70,6297.20,618113900
2015-11-12,6297.20,6300.90,6178.70,6178.70,826908500
2015-11-13,6178.70,6179.00,6088.80,6118.30,681574100
2015-11-16,6118.30,6161.90,6079.80,6146.40,602945000
2015-11-17,6146.40,6269.40,6146.40,6268.80,697486200
2015-11-18,6268.80,6283.90,6228.20,6279.00,615094500
2015-11-19,6279.00,6366.90,6279.00,6329.90,752196900
2015-11-20,6329.90,6360.70,6311.80,6334.60,808632500
2015-11-23,6334.60,6334.60,6267.10,6305.50,585321500
2015-11-24,6305.50,6305.50,6221.30,6277.20,854059000
2015-11-25,6277.20,6348.10,6277.20,6337.60,673258600
2015-11-26,6337.60,6395.30,6333.90,6393.10,453793700
2015-11-27,6393.10,6393.10,6345.30,6375.20,471764000
2015-11-30,6375.20,6387.10,6329.90,6356.10,834458200
2015-12-01,6356.10,6402.40,6356.10,6395.70,784743400
2015-12-02,6395.70,6447.30,6395.20,6420.90,566098900
2015-12-03,6420.90,6444.70,6275.00,6275.00,793356800
2015-12-04,6275.00,6277.60,6219.50,6238.30,662790200
2015-12-07,6238.30,6287.20,6215.20,6223.50,542255600
2015-12-08,6223.50,6224.90,6120.70,6135.20,790574400
2015-12-09,6135.20,6175.80,6101.20,6126.70,751852900
2015-12-10,6126.70,6127.10,6080.00,6088.10,838093600
2015-12-11,6088.10,6088.10,5949.80,5952.80,805984900
2015-12-14,5952.80,6009.90,5871.90,5874.10,781019600
2015-12-15,5874.10,6036.70,5874.10,6017.80,811231700
2015-12-16,6017.80,6089.30,6016.30,6061.20,750664600
2015-12-17,6061.20,6160.80,6061.20,6102.50,725125100
2015-12-18,6102.50,6105.60,6051.70,6052.40,1234966800
2015-12-21,6052.40,6114.00,6034.80,6034.80,545001400
2015-12-22,6034.80,6090.60,6031.80,6083.10,424323400
2015-12-23,6083.10,6248.50,6083.10,6241.00,578630000
2015-12-24,6241.00,6259.90,6236.90,6254.60,108851800
2015-12-29,6254.60,6314.60,6245.20,6314.60,448441700
2015-12-30,6314.60,6314.60,6261.50,6274.10,327817500
2015-12-31,6274.10,6278.30,6233.00,6242.30,161427100
2016-01-04,6242.30,6242.30,6071.00,6093.40,686232700
2016-01-05,6093.40,6166.30,6079.20,6137.20,624070800
2016-01-06,6137.20,6137.20,6018.70,6073.40,699957700
2016-01-07,6073.40,6073.40,5888.00,5954.10,1054315500
2016-01-08,5954.10,6013.40,5912.40,5912.40,809964200
2016-01-11,5912.40,5941.90,5871.80,5871.80,817313600
2016-01-12,5871.80,5985.80,5866.70,5929.20,806737100
2016-01-13,5929.20,6011.10,5929.20,5961.00,809502200
2016-01-14,5961.00,5961.00,5829.30,5918.20,1067078800
2016-01-15,5918.20,5934.60,5769.20,5804.10,1084338100
2016-01-18,5804.10,5852.10,5766.50,5779.90,718879400
2016-01-19,5779.90,5915.70,5779.90,5876.80,808697900
2016-01-20,5876.80,5876.80,5639.90,5673.60,1035052400
2016-01-21,5673.60,5781.20,5659.20,5773.80,1089335700
2016-01-22,5773.80,5926.90,5773.80,5900.00,879968100
2016-01-25,5900.00,5933.50,5851.80,5877.00,803777200
2016-01-26,5877.00,5919.20,5771.40,5911.50,852296000
2016-01-27,5911.50,5990.40,5870.80,5990.40,875026000
2016-01-28,5990.40,6020.50,5889.40,5931.80,892436800
2016-01-29,5931.80,6083.80,5931.80,6083.80,988153400
2016-02-01,6083.80,6115.10,5993.80,6060.10,808643200
2016-02-02,6060.10,6060.50,5889.60,5922.00,986962800
2016-02-03,5922.00,5924.60,5791.00,5837.10,996202200
2016-02-04,5837.10,5938.10,5831.10,5898.80,1021666600
2016-02-05,5898.80,5945.90,5839.40,5848.10,954158300
2016-02-08,5848.10,5882.40,5666.10,5689.40,995838800
2016-02-09,5689.40,5739.30,5596.30,5632.20,1146904600
2016-02-10,5632.20,5712.80,5616.90,5672.30,994634100
2016-02-11,5672.30,5672.30,5499.50,5537.00,1068310100
2016-02-12,5537.00,5707.60,5537.00,5707.60,1083597100
2016-02-15,5707.60,5844.50,5707.60,5824.30,724655800
2016-02-16,5824.30,5880.70,5812.50,5862.20,771095900
2016-02-17,5862.20,6030.30,5862.20,6030.30,948753000
2016-02-18,6030.30,6036.50,5948.30,5972.00,809867000
2016-02-19,5972.00,6001.20,5916.30,5950.20,692901300
2016-02-22,5950.20,6065.80,5950.20,6037.70,822107000
2016-02-23,6037.70,6037.70,5954.20,5962.30,747386200
2016-02-24,5962.30,5966.70,5845.60,5867.20,834682500
2016-02-25,5867.20,6029.00,5867.20,6012.80,999956900
2016-02-26,6012.80,6115.40,6012.80,6096.00,858937600
2016-02-29,6096.00,6105.00,6033.20,6097.10,941705500
2016-03-01,6097.10,6153.80,6070.50,6152.90,933626200
2016-03-02,6152.90,6194.00,6097.80,6147.10,904552300
2016-03-03,6147.10,6173.70,6108.40,6130.50,902840400
2016-03-04,6130.50,6204.10,6130.50,6199.40,866051300
2016-03-07,6199.40,6216.10,6125.60,6182.40,817955900
2016-03-08,6182.40,6182.50,6101.90,6125.40,913517000
2016-03-09,6125.40,6174.80,6118.20,6146.30,758331300
2016-03-10,6146.30,6203.40,6036.70,6036.70,1056246900
2016-03-11,6036.70,6150.90,6036.70,6139.80,721703700
2016-03-14,6139.80,6197.80,6139.80,6174.60,688585100
2016-03-15,6174.60,6174.60,6114.80,6140.00,700313300
2016-03-16,6140.00,6186.20,6134.30,6175.50,700761300
2016-03-17,6175.50,6220.00,6125.70,6201.10,832614900
2016-03-18,6201.10,6237.00,6186.20,6189.60,1129194800
2016-03-21,6189.60,6215.30,6154.10,6184.60,532073700
2016-03-22,6184.60,6193.50,6110.40,6192.70,738984400
2016-03-23,6192.70,6216.80,6171.10,6199.10,621495500
2016-03-24,6199.10,6199.10,6090.00,6106.50,625282200
2016-03-29,6106.50,6156.70,6070.80,6105.90,596325500
2016-03-30,6105.90,6221.80,6105.90,6203.20,803811000
2016-03-31,6203.20,6203.40,6149.80,6174.90,746399600
2016-04-01,6174.90,6174.90,6076.90,6146.10,747479000
2016-04-04,6146.10,6202.00,6132.90,6164.70,546684700
2016-04-05,6164.70,6164.70,6061.90,6091.20,826023000
2016-04-06,6091.20,6161.60,6091.20,6161.60,738661300
2016-04-07,6161.60,6204.10,6119.40,6136.90,761729900
2016-04-08,6136.90,6216.30,6136.90,6204.40,622127800
2016-04-11,6204.40,6229.70,6165.50,6200.10,552586500
2016-04-12,6200.10,6248.30,6176.30,6242.40,690137700
2016-04-13,6242.40,6362.90,6242.40,6362.90,957136100
2016-04-14,6362.90,6373.90,6335.40,6365.10,853106400
2016-04-15,6365.10,6372.50,6328.20,6343.80,780841700
2016-04-18,6343.80,6354.90,6261.70,6353.50,594992600
2016-04-19,6353.50,6418.30,6353.50,6405.40,808478400
2016-04-20,6405.40,6421.90,6367.40,6410.30,814753100
2016-04-21,6410.30,6427.30,6352.90,6381.40,831612200
2016-04-22,6381.40,6381.60,6289.30,6310.40,675930800
2016-04-25,6310.40,6324.60,6249.30,6260.90,688678400
2016-04-26,6260.90,6297.90,6260.90,6284.50,776825800
2016-04-27,6284.50,6319.90,6255.20,6319.90,822361600
2016-04-28,6319.90,6322.40,6224.50,6322.40,861757000
2016-04-29,6322.40,6322.40,6241.90,6241.90,865553800
2016-05-03,6241.90,6270.00,6159.90,6185.60,869478400
2016-05-04,6185.60,6185.60,6100.80,6112.00,775563200
2016-05-05,6112.00,6152.60,6102.30,6117.30,713231200
2016-05-06,6117.30,6129.90,6054.70,6125.70,698735000
2016-05-09,6125.70,6177.60,6108.40,6114.80,669494900
2016-05-10,6114.80,6180.20,6114.80,6156.70,652991800
2016-05-11,6156.70,6172.70,6131.20,6162.50,573062300
2016-05-12,6162.50,6193.20,6094.10,6104.20,698762400
2016-05-13,6104.20,6138.50,6060.10,6138.50,646363000
2016-05-16,6138.50,6157.20,6092.20,6151.40,445329500
2016-05-17,6151.40,6215.90,6147.20,6167.80,758810700
2016-05-18,6167.80,6169.30,6116.00,6165.80,887529400
2016-05-19,6165.80,6165.80,6050.20,6053.40,936494700
2016-05-20,6053.40,6156.50,6053.40,6156.30,780582600
2016-05-23,6156.30,6173.10,6122.60,6136.40,653011400
2016-05-24,6136.40,6231.90,6109.60,6219.30,833810600
2016-05-25,6219.30,6270.30,6219.30,6262.90,870436700
2016-05-26,6262.90,6281.70,6243.50,6265.70,665573200
2016-05-27,6265.70,6275.90,6250.30,6270.80,559788200
2016-05-31,6270.80,6290.10,6230.10,6230.80,1329032900
2016-06-01,6230.80,6233.20,6151.90,6191.90,887239300
2016-06-02,6191.90,6220.30,6173.10,6185.60,892214700
2016-06-03,6185.60,6251.70,6168.20,6209.60,640902800
2016-06-06,6209.60,6301.60,6209.60,6273.40,732583800
2016-06-07,6273.40,6322.60,6273.40,6284.50,690004500
2016-06-08,6284.50,6304.50,6263.80,6301.50,643216300
2016-06-09,6301.50,6301.70,6229.10,6231.90,668485600
2016-06-10,6231.90,6231.90,6097.20,6115.80,725887400
2016-06-13,6115.80,6115.80,6045.00,6045.00,827452100
2016-06-14,6045.00,6045.00,5921.70,5923.50,954027400
2016-06-15,5923.50,6007.50,5923.40,5966.80,856010000
2016-06-16,5966.80,5966.80,5900.00,5950.50,791476800
2016-06-17,5950.50,6046.10,5950.50,6021.10,1274460400
2016-06-20,6021.10,6236.50,6021.10,6204.00,979119000
2016-06-21,6204.00,6250.20,6156.20,6226.60,816749300
2016-06-22,6226.60,6315.60,6222.00,6261.20,858110900
2016-06-23,6261.20,6380.60,6261.20,6338.10,887921000
2016-06-24,6338.10,6338.60,5788.70,6138.70,3761301300
2016-06-27,6138.70,6138.70,5958.70,5982.20,2430429000
2016-06-28,5982.20,6170.30,5982.20,6140.40,1545515100
2016-06-29,6140.40,6360.10,6140.40,6360.10,1458617500
2016-06-30,6360.10,6504.30,6310.00,6504.30,1515147700
2016-07-01,6504.30,6587.40,6498.60,6577.80,1066211600
2016-07-04,6577.80,6612.10,6514.80,6522.30,748239600
2016-07-05,6522.30,6561.60,6472.30,6545.40,1142087300
2016-07-06,6545.40,6580.30,6432.50,6463.60,1566032200
2016-07-07,6463.60,6579.30,6463.60,6533.80,1017465800
2016-07-08,6533.80,6605.80,6515.20,6590.60,909700100
2016-07-11,6590.60,6695.10,6590.60,6682.90,939285500
2016-07-12,6682.90,6703.10,6663.70,6680.70,1130427300
2016-07-13,6680.70,6717.20,6654.60,6670.40,1028320400
2016-07-14,6670.40,6743.40,6648.40,6654.50,896411400
2016-07-15,6654.50,6669.20,6616.50,6669.20,814067900
2016-07-18,6669.20,6715.60,6653.70,6695.40,851731500
2016-07-19,6695.40,6711.70,6660.90,6697.40,615693000
2016-07-20,6697.40,6736.60,6694.40,6729.00,744699200
2016-07-21,6729.00,6732.10,6694.50,6699.90,785375100
2016-07-22,6699.90,6735.90,6663.70,6730.50,694731500
2016-07-25,6730.50,6756.10,6691.00,6710.10,661596700
2016-07-26,6710.10,6744.80,6708.60,6724.00,715629500
2016-07-27,6724.00,6780.10,6723.70,6750.40,762916700
2016-07-28,6750.40,6762.70,6718.90,6721.10,1204906600
2016-07-29,6721.10,6740.50,6691.10,6724.40,896711900
2016-08-01,6724.40,6769.40,6678.50,6694.00,705878400
2016-08-02,6694.00,6694.10,6630.80,6645.40,797367100
2016-08-03,6645.40,6673.60,6621.40,6634.40,773167000
2016-08-04,6634.40,6749.70,6615.80,6740.20,975076700
2016-08-05,6740.20,6802.40,6738.60,6793.50,854685300
2016-08-08,6793.50,6829.50,6781.50,6809.10,731849100
2016-08-09,6809.10,6863.10,6807.80,6851.30,843228100
2016-08-10,6851.30,6866.40,6820.00,6866.40,714543400
2016-08-11,6866.40,6914.70,6812.70,6914.70,735360000
2016-08-12,6914.70,6931.00,6896.00,6916.00,666188200
2016-08-15,6916.00,6955.30,6907.20,6941.20,534981000
2016-08-16,6941.20,6941.20,6893.90,6893.90,624313400
2016-08-17,6893.90,6920.80,6849.90,6859.20,694905300
2016-08-18,6859.20,6893.40,6850.60,6869.00,562282600
2016-08-19,6869.00,6871.50,6840.90,6859.00,682389000
2016-08-22,6859.00,6884.60,6812.10,6828.50,598174100
2016-08-23,6828.50,6885.40,6828.50,6868.50,714675900
2016-08-24,6868.50,6868.50,6825.20,6835.80,725713700
2016-08-25,6835.80,6836.20,6779.20,6816.90,637936600
2016-08-26,6816.90,6857.30,6798.80,6838.10,516535900
2016-08-30,6838.10,6851.80,6808.10,6820.80,721583800
2016-08-31,6820.80,6832.90,6779.50,6781.50,914533800
2016-09-01,6781.50,6826.20,6723.20,6746.00,962003800
2016-09-02,6746.00,6928.30,6746.00,6894.60,1148353400
2016-09-05,6894.60,6910.70,6867.10,6879.40,556659100
2016-09-06,6879.40,6887.90,6819.00,6826.10,666479900
2016-09-07,6826.10,6856.10,6814.90,6846.60,910691300
2016-09-08,6846.60,6889.60,6819.80,6858.70,784127900
2016-09-09,6858.70,6862.40,6762.30,6777.00,768674900
2016-09-12,6777.00,6777.00,6654.50,6700.90,861327100
2016-09-13,6700.90,6724.70,6665.60,6665.60,839927300
2016-09-14,6665.60,6720.30,6665.60,6673.30,676448700
2016-09-15,6673.30,6736.80,6654.80,6730.30,747305800
2016-09-16,6730.30,6746.30,6692.70,6710.30,1346126200
2016-09-19,6710.30,6814.00,6710.30,6813.60,685155700
2016-09-20,6813.60,6869.10,6798.00,6830.80,695070600
2016-09-21,6830.80,6879.80,6830.50,6834.80,700988900
2016-09-22,6834.80,6937.30,6834.80,6911.40,733328200
2016-09-23,6911.40,6920.20,6882.60,6909.40,738083700
2016-09-26,6909.40,6909.60,6806.50,6818.00,772058900
2016-09-27,6818.00,6865.50,6768.90,6807.70,822515600
2016-09-28,6807.70,6878.20,6807.70,6849.40,735753900
2016-09-29,6849.40,6941.10,6849.40,6919.40,833301000
2016-09-30,6919.40,6919.40,6809.50,6899.30,1148617200
2016-10-03,6899.30,6996.40,6898.10,6983.50,723046300
2016-10-04,6983.50,7121.90,6983.50,7074.30,1411305400
2016-10-05,7074.30,7076.70,7024.10,7033.30,941050600
2016-10-06,7033.30,7049.30,7000.00,7000.00,796980200
2016-10-07,7000.00,7079.30,7000.00,7044.40,1359993500
2016-10-10,7044.40,7104.50,7024.10,7097.50,848672800
2016-10-11,7097.50,7129.80,7061.40,7070.90,954215200
2016-10-12,7070.90,7079.40,7015.80,7024.00,910363500
2016-10-13,7024.00,7024.00,6930.00,6977.70,1010365100
2016-10-14,6977.70,7055.20,6977.70,7013.60,846003100
2016-10-17,7013.60,7013.60,6937.40,6947.60,705888600
2016-10-18,6947.60,7033.00,6946.40,7000.10,795838600
2016-10-19,7000.10,7031.20,6975.90,7021.90,798401200
2016-10-20,7021.90,7047.60,6998.80,7026.90,819201600
2016-10-21,7026.90,7058.40,7011.10,7020.50,735110600
2016-10-24,7020.50,7067.30,6983.40,6986.40,657275100
2016-10-25,6986.40,7067.20,6985.90,7017.60,836098700
2016-10-26,7017.60,7017.60,6917.80,6958.10,911701300
2016-10-27,6958.10,7003.90,6924.10,6986.60,932928900
2016-10-28,6986.60,7006.40,6927.20,6996.30,927919200
2016-10-31,6996.30,6996.30,6945.30,6954.20,786510100
2016-11-01,6954.20,6993.80,6903.60,6917.10,757445500
2016-11-02,6917.10,6917.10,6845.40,6845.40,773904700
2016-11-03,6845.40,6873.20,6790.50,6790.50,1051387600
2016-11-04,6790.50,6790.50,6676.60,6693.30,875842600
2016-11-07,6693.30,6806.90,6693.30,6806.90,862189600
2016-11-08,6806.90,6849.30,6795.10,6843.10,807294400
2016-11-09,6843.10,6911.80,6696.30,6911.80,1364332200
2016-11-10,6911.80,6997.30,6799.10,6828.00,1691621700
2016-11-11,6828.00,6849.00,6709.70,6730.40,1079211900
2016-11-14,6730.40,6814.20,6730.40,6753.20,1053182100
2016-11-15,6753.20,6820.50,6753.20,6792.70,1123112200
2016-11-16,6792.70,6810.50,6735.70,6749.70,850998000
2016-11-17,6749.70,6798.80,6745.10,6794.70,826252500
2016-11-18,6794.70,6811.60,6740.30,6775.80,866734900
2016-11-21,6775.80,6820.90,6754.20,6778.00,781736600
2016-11-22,6778.00,6851.40,6778.00,6819.70,896754300
2016-11-23,6819.70,6880.70,6779.50,6817.70,773975400
2016-11-24,6817.70,6831.20,6790.70,6829.20,491417000
2016-11-25,6829.20,6852.10,6818.10,6840.80,477578100
2016-11-28,6840.80,6841.00,6769.80,6799.50,688383900
2016-11-29,6799.50,6800.90,6729.40,6772.00,772231500
2016-11-30,6772.00,6845.70,6765.20,6783.80,1331987200
2016-12-01,6783.80,6789.30,6688.40,6752.90,938011500
2016-12-02,6752.90,6752.90,6678.70,6730.70,687199300
2016-12-05,6730.70,6799.50,6697.70,6746.80,790521700
2016-12-06,6746.80,6785.30,6723.10,6779.80,845397500
2016-12-07,6779.80,6902.20,6779.80,6902.20,1161379200
2016-12-08,6902.20,6937.50,6892.20,6931.60,1019417900
2016-12-09,6931.60,6962.30,6929.50,6954.20,803052200
2016-12-12,6954.20,6976.80,6875.40,6890.40,917840600
2016-12-13,6890.40,6978.00,6877.50,6968.60,905452400
2016-12-14,6968.60,6970.50,6942.00,6949.20,971286400
2016-12-15,6949.20,7010.50,6925.90,6999.00,1064458500
2016-12-16,6999.00,7038.40,6990.40,7011.60,1113082800
2016-12-19,7011.60,7025.70,6986.40,7017.20,626061400
2016-12-20,7017.20,7045.20,6992.60,7044.00,721985200
2016-12-21,7044.00,7057.00,7025.70,7041.40,600551300
2016-12-22,7041.40,7063.70,7020.10,7063.70,468663000
2016-12-23,7063.70,7071.10,7054.60,7068.20,186159300
2016-12-28,7068.20,7109.40,7060.90,7106.10,470755300
2016-12-29,7106.10,7120.30,7074.50,7120.30,383620400
2016-12-30,7120.30,7142.80,7087.50,7142.80,316700000
2017-01-03,7142.80,7205.50,7142.80,7177.90,795658400
2017-01-04,7177.90,7189.70,7168.80,7189.70,742050400
2017-01-05,7189.70,7212.00,7172.80,7195.30,768721000
2017-01-06,7195.30,7210.10,7180.60,7210.10,694323700
2017-01-09,7210.10,7243.80,7207.40,7237.80,705536400
2017-01-10,7237.80,7284.80,7237.30,7275.50,933682800
2017-01-11,7275.50,7328.50,7257.20,7290.50,878535700
2017-01-12,7290.50,7302.30,7263.40,7292.40,831909900
2017-01-13,7292.40,7338.50,7292.40,7337.80,811899400
2017-01-16,7337.80,7354.10,7320.50,7327.10,633737000
2017-01-17,7327.10,7329.30,7220.40,7220.40,879279000
2017-01-18,7220.40,7260.50,7218.40,7247.60,795536000
2017-01-19,7247.60,7249.60,7191.70,7208.40,748413500
2017-01-20,7208.40,7221.00,7193.70,7198.40,819057000
2017-01-23,7198.40,7198.40,7131.50,7151.20,714162600
2017-01-24,7151.20,7190.20,7144.40,7150.30,1071108500
2017-01-25,7150.30,7205.70,7150.30,7164.40,989914700
2017-01-26,7164.40,7184.80,7151.30,7161.50,905662800
2017-01-27,7161.50,7184.70,7150.80,7184.50,876491800
2017-01-30,7184.50,7184.70,7105.70,7118.50,890006700
2017-01-31,7118.50,7162.50,7099.20,7099.20,959011000
2017-02-01,7099.20,7170.20,7099.20,7107.70,785299200
2017-02-02,7107.70,7163.90,7093.60,7140.80,880030800
2017-02-03,7140.80,7202.40,7133.60,7188.30,786535500
2017-02-06,7188.30,7208.70,7165.20,7172.20,614802900
2017-02-07,7172.20,7227.20,7159.60,7186.20,770251300
2017-02-08,7186.20,7195.90,7147.20,7188.80,935233800
2017-02-09,7188.80,7238.70,7183.10,7229.50,781741400
2017-02-10,7229.50,7274.80,7229.50,7258.80,875649700
2017-02-13,7258.80,7298.50,7257.70,7278.90,645414300
2017-02-14,7278.90,7292.70,7251.80,7268.60,756312200
2017-02-15,7268.60,7313.40,7268.60,7302.40,716447200
2017-02-16,7302.40,7302.40,7260.70,7277.90,684054500
2017-02-17,7277.90,7307.10,7253.20,7300.00,801785200
2017-02-20,7300.00,7329.60,7283.30,7299.90,635938500
2017-02-21,7299.90,7319.00,7267.50,7274.80,896954200
2017-02-22,7274.80,7314.30,7274.70,7302.30,1146291800
2017-02-23,7302.30,7310.10,7262.90,7271.40,1065322800
2017-02-24,7271.40,7271.90,7192.50,7243.70,855350300
2017-02-27,7243.70,7285.20,7239.70,7253.00,831112100
2017-02-28,7253.00,7284.20,7246.60,7263.40,981918400
2017-03-01,7263.40,7383.10,7263.40,7382.90,1035866400
2017-03-02,7382.90,7394.60,7372.70,7382.40,927106800
2017-03-03,7382.40,7382.40,7353.60,7374.30,850603100
2017-03-06,7374.30,7374.30,7338.90,7350.10,738066600
2017-03-07,7350.10,7363.70,7335.30,7339.00,844760300
2017-03-08,7339.00,7354.50,7315.90,7334.60,866234700
2017-03-09,7334.60,7336.30,7263.60,7315.00,1045803400
2017-03-10,7315.00,7373.00,7315.00,7343.10,919722100
2017-03-13,7343.10,7377.40,7342.00,7367.10,687295500
2017-03-14,7367.10,7386.20,7339.30,7357.90,842511400
2017-03-15,7357.90,7383.30,7357.60,7368.60,833084500
2017-03-16,7368.60,7444.60,7368.60,7416.00,1082219200
2017-03-17,7416.00,7447.00,7402.60,7425.00,1516668800
2017-03-20,7425.00,7433.70,7400.00,7429.80,611042100
2017-03-21,7429.80,7440.90,7360.70,7378.30,846963600
2017-03-22,7378.30,7378.40,7301.80,7324.70,904591800
2017-03-23,7324.70,7346.40,7307.70,7340.70,786539600
2017-03-24,7340.70,7351.60,7322.90,7336.80,633190500
2017-03-27,7336.80,7336.80,7255.80,7293.50,779235000
2017-03-28,7293.50,7349.60,7285.80,7343.40,791143500
2017-03-29,7343.40,7373.70,7313.90,7373.70,779343400
2017-03-30,7373.70,7384.80,7340.30,7369.50,760967600
2017-03-31,7369.50,7369.60,7322.90,7322.90,957012600
2017-04-03,7322.90,7350.30,7280.80,7282.70,746218600
2017-04-04,7282.70,7324.60,7282.70,7321.80,786153000
2017-04-05,7321.80,7362.60,7321.80,7331.70,749886800
2017-04-06,7331.70,7331.70,7258.10,7303.20,887193100
2017-04-07,7303.20,7349.40,7284.70,7349.40,780587700
2017-04-10,7349.40,7359.30,7337.00,7348.90,668786200
2017-04-11,7348.90,7406.40,7332.60,7365.50,796050600
2017-04-12,7365.50,7402.40,7348.80,7349.00,888411200
2017-04-13,7349.00,7349.00,7298.90,7327.60,715928200
2017-04-18,7327.60,7327.60,7147.50,7147.50,1039110900
2017-04-19,7147.50,7151.20,7114.40,7114.40,1018754400
2017-04-20,7114.40,7127.60,7096.80,7118.50,830708700
2017-04-21,7118.50,7134.50,7104.20,7114.60,896918700
2017-04-24,7114.60,7273.90,7114.60,7264.70,1027266000
2017-04-25,7264.70,7290.80,7258.70,7275.60,835369300
2017-04-26,7275.60,7302.60,7262.30,7288.70,860455200
2017-04-27,7288.70,7289.40,7224.40,7237.20,1094741200
2017-04-28,7237.20,7243.30,7197.30,7203.90,1148718800
2017-05-02,7203.90,7254.30,7203.90,7250.10,910924000
2017-05-03,7250.10,7250.10,7218.60,7234.50,766336200
2017-05-04,7234.50,7280.70,7226.10,7248.10,918713600
2017-05-05,7248.10,7297.40,7222.80,7297.40,881277700
2017-05-08,7297.40,7322.30,7285.80,7300.90,716672700
2017-05-09,7300.90,7359.60,7300.90,7342.20,707206200
2017-05-10,7342.20,7398.60,7331.30,7385.20,822815300
2017-05-11,7385.20,7396.20,7369.20,7386.60,956757900
2017-05-12,7386.60,7435.40,7381.70,7435.40,852716600
2017-05-15,7435.40,7460.20,7434.20,7454.40,831966500
2017-05-16,7454.40,7533.70,7452.40,7522.00,1010009800
2017-05-17,7522.00,7533.00,7478.90,7503.50,989995900
2017-05-18,7503.50,7503.70,7389.30,7436.40,981827100
2017-05-19,7436.40,7480.30,7436.40,7470.70,820231400
2017-05-22,7470.70,7518.10,7470.70,7496.30,672758000
2017-05-23,7496.30,7521.90,7485.30,7485.30,678940100
2017-05-24,7485.30,7519.60,7475.10,7514.90,823078300
2017-05-25,7514.90,7529.70,7497.10,7517.70,620554600
2017-05-26,7517.70,7554.20,7514.40,7547.60,773534000
2017-05-30,7547.60,7547.70,7497.10,7526.50,737736400
2017-05-31,7526.50,7586.50,7519.70,7520.00,1864745500
2017-06-01,7520.00,7558.60,7518.30,7543.80,859764100
2017-06-02,7543.80,7599.00,7540.00,7547.60,799553200
2017-06-05,7547.60,7562.00,7519.10,7525.80,606693000
2017-06-06,7525.80,7527.60,7502.80,7525.00,842102100
2017-06-07,7525.00,7555.60,7476.30,7478.60,874514700
2017-06-08,7478.60,7489.70,7450.00,7450.00,867765500
2017-06-09,7450.00,7545.10,7449.70,7527.30,1079740000
2017-06-12,7527.30,7540.50,7483.60,7511.90,691742100
2017-06-13,7511.90,7540.10,7491.90,7500.40,759155200
2017-06-14,7500.40,7545.10,7474.40,7474.40,943048700
2017-06-15,7474.40,7474.50,7377.90,7419.40,985057200
2017-06-16,7419.40,7479.00,7419.40,7463.50,1889237700
2017-06-19,7463.50,7537.80,7463.50,7523.80,551165300
2017-06-20,7523.80,7561.10,7472.70,7472.70,1005340300
2017-06-21,7472.70,7477.20,7417.50,7447.80,843652400
2017-06-22,7447.80,7448.50,7398.80,7439.30,789287000
2017-06-23,7439.30,7441.80,7396.80,7424.10,608960600
2017-06-26,7424.10,7481.00,7424.10,7446.80,702710000
2017-06-27,7446.80,7451.70,7411.40,7434.40,704817400
2017-06-28,7434.40,7445.30,7381.40,7387.80,833666400
2017-06-29,7387.80,7452.00,7341.80,7350.30,930392000
2017-06-30,7350.30,7377.40,7302.70,7312.70,978353300
2017-07-03,7312.70,7386.10,7312.30,7377.10,704804300
2017-07-04,7377.10,7383.50,7336.80,7357.20,597565700
2017-07-05,7357.20,7386.90,7347.50,7367.60,924489500
2017-07-06,7367.60,7373.90,7303.50,7337.30,767506100
2017-07-07,7337.30,7359.50,7314.70,7350.90,670643200
2017-07-10,7350.90,7388.00,7344.30,7370.00,597132300
2017-07-11,7370.00,7386.90,7304.80,7329.80,662989700
2017-07-12,7329.80,7439.10,7329.80,7416.90,796874200
2017-07-13,7416.90,7428.20,7403.80,7413.40,941748000
2017-07-14,7413.40,7419.80,7363.80,7378.40,827118400
2017-07-17,7378.40,7426.40,7378.30,7404.10,595711600
2017-07-18,7404.10,7418.50,7357.80,7390.20,615471900
2017-07-19,7390.20,7442.80,7379.30,7430.90,640610900
2017-07-20,7430.90,7502.70,7430.90,7487.90,706242700
2017-07-21,7487.90,7515.10,7433.90,7452.90,701091300
2017-07-24,7452.90,7453.20,7357.50,7377.70,1074177600
2017-07-25,7377.70,7453.70,7377.70,7434.80,774939600
2017-07-26,7434.80,7487.10,7434.70,7452.30,751804200
2017-07-27,7452.30,7461.90,7410.90,7443.00,982531200
2017-07-28,7443.00,7443.00,7339.40,7368.40,798028700
2017-07-31,7368.40,7425.50,7367.90,7372.00,898503100
2017-08-01,7372.00,7440.10,7372.00,7423.70,718389600
2017-08-02,7423.70,7434.70,7388.90,7411.40,709413000
2017-08-03,7411.40,7484.50,7384.20,7474.80,795756800
2017-08-04,7474.80,7519.10,7465.10,7511.70,753461700
2017-08-07,7511.70,7533.70,7511.70,7531.90,613223700
2017-08-08,7531.90,7551.90,7518.50,7542.70,597542000
2017-08-09,7542.70,7542.70,7475.80,7498.10,779812300
2017-08-10,7498.10,7498.10,7376.70,7389.90,713176100
2017-08-11,7389.90,7390.00,7296.50,7310.00,744594900
2017-08-14,7310.00,7377.70,7310.00,7353.90,536696000
2017-08-15,7353.90,7399.40,7353.90,7383.90,495314400
2017-08-16,7383.90,7445.00,7383.90,7433.00,568676900
2017-08-17,7433.00,7433.70,7382.20,7387.90,576511200
2017-08-18,7387.90,7387.90,7302.50,7324.00,719309100
2017-08-21,7324.00,7332.00,7296.80,7318.90,536324300
2017-08-22,7318.90,7387.60,7318.90,7381.70,656086900
2017-08-23,7381.70,7394.50,7360.30,7382.70,593602900
2017-08-24,7382.70,7437.90,7382.20,7407.10,734674100
2017-08-25,7407.10,7439.50,7401.50,7401.50,498099600
2017-08-29,7401.50,7401.60,7289.20,7337.40,734574500
2017-08-30,7337.40,7381.30,7337.40,7365.30,666133700
2017-08-31,7365.30,7443.70,7365.00,7430.60,761338600
2017-09-01,7430.60,7460.50,7430.10,7438.50,536515100
2017-09-04,7438.50,7438.50,7404.10,7411.50,389133300
2017-09-05,7411.50,7437.50,7369.60,7372.90,541337100
2017-09-06,7372.90,7372.90,7322.40,7354.10,676234700
2017-09-07,7354.10,7412.70,7348.40,7397.00,643758300
2017-09-08,7397.00,7397.00,7358.40,7377.60,600535800
2017-09-11,7377.60,7434.10,7377.60,7413.60,614926800
2017-09-12,7413.60,7435.80,7387.00,7400.70,745693800
2017-09-13,7400.70,7401.30,7336.20,7379.70,844049500
2017-09-14,7379.70,7390.70,7287.70,7295.40,1221676900
2017-09-15,7295.40,7295.40,7196.60,7215.50,1416161300
2017-09-18,7215.50,7257.50,7215.50,7253.30,712298700
2017-09-19,7253.30,7285.70,7243.60,7275.30,773526900
2017-09-20,7275.30,7289.90,7249.60,7272.00,770407100
2017-09-21,7272.00,7289.20,7260.10,7263.90,786845200
2017-09-22,7263.90,7320.30,7242.20,7310.60,625557800
2017-09-25,7310.60,7312.50,7272.50,7301.30,584594700
2017-09-26,7301.30,7311.80,7273.30,7285.70,686442500
2017-09-27,7285.70,7327.50,7285.70,7313.50,832249800
2017-09-28,7313.50,7323.30,7289.80,7322.80,725911000
2017-09-29,7322.80,7382.70,7321.60,7372.80,728387400
2017-10-02,7372.80,7438.80,7372.70,7438.80,864401100
2017-10-03,7438.80,7469.80,7426.70,7468.10,697184200
2017-10-04,7468.10,7476.30,7456.60,7467.60,916914900
2017-10-05,7467.60,7508.00,7464.40,7508.00,756132200
2017-10-06,7508.00,7527.70,7508.00,7522.90,673882500
2017-10-09,7522.90,7523.70,7493.70,7507.90,675841500
2017-10-10,7507.90,7543.90,7504.60,7538.30,797063500
2017-10-11,7538.30,7550.20,7519.60,7533.80,1212434400
2017-10-12,7533.80,7565.10,7526.30,7556.20,701114100
2017-10-13,7556.20,7556.20,7521.10,7535.40,666480800
2017-10-16,7535.40,7557.00,7526.70,7527.00,715914400
2017-10-17,7527.00,7550.40,7506.30,7516.20,1003303400
2017-10-18,7516.20,7555.20,7516.20,7542.90,626374800
2017-10-19,7542.90,7542.90,7485.40,7523.00,806162200
2017-10-20,7523.00,7560.00,7517.10,7523.20,732296700
2017-10-23,7523.20,7542.00,7511.80,7524.50,548853900
2017-10-24,7524.50,7535.20,7508.50,7526.50,657035000
2017-10-25,7526.50,7528.50,7437.40,7447.20,894719200
2017-10-26,7447.20,7488.30,7440.10,7486.50,988569400
2017-10-27,7486.50,7520.80,7485.20,7505.00,844552500
2017-10-30,7505.00,7507.00,7478.40,7487.80,727471900
2017-10-31,7487.80,7516.90,7484.00,7493.10,708732700
2017-11-01,7493.10,7532.40,7488.00,7488.00,1172721000
2017-11-02,7488.00,7562.30,7478.90,7555.30,1002706700
2017-11-03,7555.30,7581.00,7541.90,7560.40,652248400
2017-11-06,7560.40,7572.90,7544.20,7562.30,615052400
2017-11-07,7562.30,7582.90,7507.80,7513.10,731355900
2017-11-08,7513.10,7534.50,7504.80,7529.70,784072500
2017-11-09,7529.70,7532.20,7476.90,7484.10,834887900
2017-11-10,7484.10,7500.30,7421.70,7433.00,673856600
2017-11-13,7433.00,7469.30,7403.00,7415.20,745139300
2017-11-14,7415.20,7436.60,7396.90,7414.40,1141147200
2017-11-15,7414.40,7415.10,7357.10,7372.60,891890700
2017-11-16,7372.60,7393.30,7368.10,7386.90,898881100
2017-11-17,7386.90,7406.50,7356.20,7380.70,710733600
2017-11-20,7380.70,7397.40,7350.40,7389.50,716131100
2017-11-21,7389.50,7422.20,7367.90,7411.30,730690300
2017-11-22,7411.30,7460.90,7410.40,7419.00,834065800
2017-11-23,7419.00,7422.70,7373.30,7417.20,560163700
2017-11-24,7417.20,7425.20,7389.50,7409.60,545037100
2017-11-27,7409.60,7438.40,7383.90,7383.90,636742900
2017-11-28,7383.90,7469.60,7374.00,7460.70,917737600
2017-11-29,7460.70,7460.70,7386.70,7393.60,1085338600
2017-11-30,7393.60,7416.30,7326.70,7326.70,1338402400
2017-12-01,7326.70,7355.40,7288.70,7300.50,839825500
2017-12-04,7300.50,7369.70,7300.50,7339.00,745259400
2017-12-05,7339.00,7373.90,7326.60,7327.50,881831300
2017-12-06,7327.50,7369.70,7289.40,7348.00,672957500
2017-12-07,7348.00,7371.70,7314.60,7320.80,803178700
2017-12-08,7320.80,7412.20,7314.20,7394.00,1004623500
2017-12-11,7394.00,7458.40,7393.60,7453.50,906705100
2017-12-12,7453.50,7501.50,7448.30,7500.40,991599100
2017-12-13,7500.40,7510.80,7492.60,7496.50,998682800
2017-12-14,7496.50,7496.70,7448.10,7448.10,948434600
2017-12-15,7448.10,7490.60,7433.80,7490.60,1182118000
2017-12-18,7490.60,7544.30,7490.60,7537.00,568259400
2017-12-19,7537.00,7563.50,7534.10,7544.10,675779500
2017-12-20,7544.10,7550.60,7511.50,7525.20,659315600
2017-12-21,7525.20,7609.70,7517.90,7604.00,621347000
2017-12-22,7604.00,7614.40,7585.50,7592.70,243831300
2017-12-27,7592.70,7632.70,7586.40,7620.70,458380900
2017-12-28,7620.70,7633.60,7609.80,7622.90,311875400
2017-12-29,7622.90,7697.60,7620.00,7687.80,289238900
2018-01-02,7687.80,7691.30,7624.10,7648.10,576251800
2018-01-03,7648.10,7689.90,7640.50,7671.10,571662800
2018-01-04,7671.10,7702.50,7671.10,7695.90,705864000
2018-01-05,7695.90,7727.70,7689.80,7724.20,636035700
2018-01-08,7724.20,7733.40,7691.80,7696.50,635135400
2018-01-09,7696.50,7733.10,7696.50,7731.00,709674500
2018-01-10,7731.00,7756.10,7716.20,7748.50,861758600
2018-01-11,7748.50,7769.00,7734.60,7762.90,982791800
2018-01-12,7762.90,7792.60,7752.60,7778.60,1133867000
2018-01-15,7778.60,7783.60,7763.40,7769.10,551904700
2018-01-16,7769.10,7791.80,7740.60,7755.90,824367900
2018-01-17,7755.90,7755.90,7711.10,7725.40,822508200
2018-01-18,7725.40,7739.50,7683.70,7701.00,765527900
2018-01-19,7701.00,7731.80,7694.70,7730.80,795594100
2018-01-22,7730.80,7739.40,7703.70,7715.40,730171300
2018-01-23,7715.40,7745.20,7710.00,7731.80,742420200
2018-01-24,7731.80,7732.00,7643.40,7643.40,746643300
2018-01-25,7643.40,7662.40,7608.50,7615.80,713251600
2018-01-26,7615.80,7667.40,7615.80,7665.50,713831300
2018-01-29,7665.50,7689.20,7663.90,7671.50,612924000
2018-01-30,7671.50,7671.70,7587.10,7588.00,798999000
2018-01-31,7588.00,7599.00,7521.80,7533.60,880751700
2018-02-01,7533.60,7554.70,7476.50,7490.40,872509100
2018-02-02,7490.40,7494.80,7432.30,7443.40,871574000
2018-02-05,7443.40,7443.40,7334.80,7335.00,888994600
2018-02-06,7335.00,7335.00,7079.40,7141.40,1354591000
2018-02-07,7141.40,7311.50,7141.40,7279.40,1027400300
2018-02-08,7279.40,7279.40,7161.30,7170.70,973611300
2018-02-09,7170.70,7170.70,7073.00,7092.40,927291900
2018-02-12,7092.40,7199.90,7092.40,7177.10,718740600
2018-02-13,7177.10,7203.00,7165.80,7168.00,718988800
2018-02-14,7168.00,7243.20,7145.70,7214.00,940537000
2018-02-15,7214.00,7268.00,7206.70,7234.80,747830200
2018-02-16,7234.80,7308.00,7234.80,7294.70,651756200
2018-02-19,7294.70,7306.20,7240.00,7247.70,511199000
2018-02-20,7247.70,7264.80,7202.10,7246.80,679057900
2018-02-21,7246.80,7291.80,7220.60,7281.60,902872700
2018-02-22,7281.60,7281.60,7187.80,7252.40,926221400
2018-02-23,7252.40,7262.10,7220.80,7244.40,674864300
2018-02-26,7244.40,7313.00,7244.30,7289.60,585774600
2018-02-27,7289.60,7326.00,7272.90,7282.50,718147000
2018-02-28,7282.50,7293.40,7231.90,7231.90,919954800
2018-03-01,7231.90,7231.90,7153.40,7175.60,859756500
2018-03-02,7175.60,7175.60,7063.40,7069.90,910442200
2018-03-05,7069.90,7119.20,7062.10,7116.00,941867700
2018-03-06,7116.00,7197.80,7115.60,7146.80,786141900
2018-03-07,7146.80,7180.70,7109.60,7157.80,862383600
2018-03-08,7157.80,7212.10,7145.70,7203.20,712676800
2018-03-09,7203.20,7225.30,7189.70,7224.50,651119000
2018-03-12,7224.50,7254.90,7198.20,7214.80,613077900
2018-03-13,7214.80,7224.10,7125.60,7138.80,766738500
2018-03-14,7138.80,7176.50,7122.80,7132.70,752181500
2018-03-15,7132.70,7162.60,7127.10,7139.80,808062300
2018-03-16,7139.80,7187.30,7131.30,7164.10,1380663300
2018-03-19,7164.10,7164.20,7034.90,7042.90,728214400
2018-03-20,7042.90,7081.50,7042.60,7061.30,742142200
2018-03-21,7061.30,7065.70,7016.80,7039.00,762202300
2018-03-22,7039.00,7039.00,6914.50,6952.60,861231600
2018-03-23,6952.60,6952.80,6877.00,6921.90,879273700
2018-03-26,6921.90,6958.50,6866.90,6888.70,765318100
2018-03-27,6888.70,7042.40,6888.70,7000.10,690975500
2018-03-28,7000.10,7044.70,6923.30,7044.70,763193100
2018-03-29,7044.70,7109.90,7042.70,7056.60,876227900
2018-04-03,7056.60,7065.00,6996.80,7030.50,790532700
2018-04-04,7030.50,7046.30,6971.80,7034.00,794337900
2018-04-05,7034.00,7199.50,7034.00,7199.50,794899100
2018-04-06,7199.50,7214.00,7163.10,7183.60,656250500
2018-04-09,7183.60,7209.70,7145.60,7194.80,671088200
2018-04-10,7194.80,7266.80,7194.80,7266.80,755081700
2018-04-11,7266.80,7270.30,7243.30,7257.10,766200800
2018-04-12,7257.10,7266.60,7240.80,7258.30,666773400
2018-04-13,7258.30,7275.00,7249.10,7264.60,662868400
2018-04-16,7264.60,7265.80,7195.50,7198.20,862881700
2018-04-17,7198.20,7240.40,7189.90,7226.10,714046100
2018-04-18,7226.10,7325.60,7226.10,7317.30,877056200
2018-04-19,7317.30,7340.70,7309.40,7328.90,788416300
2018-04-20,7328.90,7368.20,7323.30,7368.20,769512800
2018-04-23,7368.20,7404.10,7359.70,7398.90,777571800
2018-04-24,7398.90,7439.60,7397.30,7425.40,836399400
2018-04-25,7425.40,7427.10,7334.60,7379.30,879795200
2018-04-26,7379.30,7421.40,7355.00,7421.40,814899700
2018-04-27,7421.40,7507.10,7421.30,7502.20,750485000
2018-04-30,7502.20,7546.20,7497.10,7509.30,991178200
2018-05-01,7509.30,7549.10,7506.60,7520.40,567569600
2018-05-02,7520.40,7573.00,7519.60,7543.20,829699300
2018-05-03,7543.20,7555.20,7492.40,7502.70,723643100
2018-05-04,7502.70,7570.20,7502.70,7567.10,880646600
2018-05-08,7567.10,7598.50,7550.40,7565.80,876829900
2018-05-09,7565.80,7662.50,7565.80,7662.50,891351200
2018-05-10,7662.50,7706.90,7631.60,7701.00,878774100
2018-05-11,7701.00,7728.90,7691.70,7724.60,731924200
2018-05-14,7724.60,7728.00,7688.60,7711.00,749899600
2018-05-15,7711.00,7752.00,7687.50,7723.00,1027698700
2018-05-16,7723.00,7745.50,7717.80,7734.20,933498300
2018-05-17,7734.20,7788.20,7713.90,7788.00,781296600
2018-05-18,7788.00,7791.40,7753.30,7778.80,899946200
2018-05-21,7778.80,7868.10,7778.10,7859.20,691927400
2018-05-22,7859.20,7903.50,7854.60,7877.50,807636300
2018-05-23,7877.50,7877.50,7765.30,7788.40,918822700
2018-05-24,7788.40,7803.50,7716.70,7716.70,890463600
2018-05-25,7716.70,7753.30,7703.30,7730.30,844360200
2018-05-29,7730.30,7730.30,7610.70,7632.60,1288493000
2018-05-30,7632.60,7689.60,7618.10,7689.60,923820700
2018-05-31,7689.60,7727.50,7651.10,7678.20,1549063100
2018-06-01,7678.20,7746.70,7678.20,7701.80,783469400
2018-06-04,7701.80,7772.10,7701.70,7741.30,722966000
2018-06-05,7741.30,7744.50,7686.60,7686.80,933666200
2018-06-06,7686.80,7730.50,7671.60,7712.40,884617800
2018-06-07,7712.40,7756.70,7698.20,7704.40,1056744900
2018-06-08,7704.40,7714.30,7637.50,7681.10,755489900
2018-06-11,7681.10,7756.00,7681.10,7737.40,736070400
2018-06-12,7737.40,7762.80,7701.30,7703.80,773837800
2018-06-13,7703.80,7746.70,7677.20,7703.70,852427100
2018-06-14,7703.70,7793.50,7650.20,7765.80,1119081700
2018-06-15,7765.80,7781.00,7633.90,7633.90,1711560200
2018-06-18,7633.90,7645.50,7601.60,7631.30,664167900
2018-06-19,7631.30,7631.30,7548.80,7603.90,897872000
2018-06-20,7603.90,7705.20,7603.90,7627.40,844000100
2018-06-21,7627.40,7670.80,7548.10,7556.40,777562300
2018-06-22,7556.40,7689.40,7556.20,7682.30,716273100
2018-06-25,7682.30,7682.30,7508.30,7509.80,791358000
2018-06-26,7509.80,7564.10,7509.80,7537.90,1088107300
2018-06-27,7537.90,7633.90,7512.00,7621.70,1643638600
2018-06-28,7621.70,7632.20,7576.00,7615.60,790762300
2018-06-29,7615.60,7706.60,7615.60,7636.90,898931000
2018-07-02,7636.90,7636.90,7540.70,7547.90,778437000
2018-07-03,7547.90,7632.10,7545.00,7593.30,1015952400
2018-07-04,7593.30,7593.30,7560.80,7573.10,574163100
2018-07-05,7573.10,7624.80,7572.70,7603.20,614456600
2018-07-06,7603.20,7631.20,7569.70,7617.70,663475300
2018-07-09,7617.70,7697.50,7617.70,7688.00,676761100
2018-07-10,7688.00,7715.10,7677.10,7692.00,701511200
2018-07-11,7692.00,7692.00,7578.20,7592.00,793208100
2018-07-12,7592.00,7663.00,7592.00,7651.30,746183900
2018-07-13,7651.30,7716.20,7651.30,7661.90,574401200
2018-07-16,7661.90,7667.70,7565.00,7600.50,591161000
2018-07-17,7600.50,7641.10,7581.80,7626.30,724367500
2018-07-18,7626.30,7685.70,7625.80,7676.30,651377100
2018-07-19,7676.30,7702.90,7660.00,7684.00,695398600
2018-07-20,7684.00,7705.80,7631.70,7678.80,685061200
2018-07-23,7678.80,7678.80,7621.80,7655.80,573514400
2018-07-24,7655.80,7740.60,7648.60,7709.10,852532800
2018-07-25,7709.10,7710.30,7640.60,7658.30,677528100
2018-07-26,7658.30,7684.70,7640.90,7663.20,588851200
2018-07-27,7663.20,7717.20,7663.20,7701.30,765238000
2018-07-30,7701.30,7718.10,7659.90,7700.90,732990700
2018-07-31,7700.90,7782.90,7695.80,7748.80,915075400
2018-08-01,7748.80,7751.10,7634.70,7652.90,975009600
2018-08-02,7652.90,7652.90,7549.30,7575.90,1006803400
2018-08-03,7575.90,7665.20,7575.90,7659.10,649947700
2018-08-06,7659.10,7681.90,7636.60,7663.80,813731500
2018-08-07,7663.80,7752.10,7663.20,7718.50,675716300
2018-08-08,7718.50,7790.20,7707.30,7776.70,604063500
2018-08-09,7776.70,7776.80,7714.50,7741.80,565689200
2018-08-10,7741.80,7741.80,7657.70,7667.00,664153400
2018-08-13,7667.00,7667.30,7614.50,7642.50,595242100
2018-08-14,7642.50,7665.20,7599.70,7611.60,763645300
2018-08-15,7611.60,7632.10,7477.10,7497.90,967014400
2018-08-16,7497.90,7565.20,7497.90,7556.40,771423800
2018-08-17,7556.40,7577.70,7514.30,7558.60,602739600
2018-08-20,7558.60,7616.20,7558.60,7591.30,559541000
2018-08-21,7591.30,7601.70,7557.30,7565.70,543548500
2018-08-22,7565.70,7607.20,7531.20,7574.20,611259200
2018-08-23,7574.20,7602.10,7560.90,7563.20,574932100
2018-08-24,7563.20,7587.20,7557.70,7577.50,507869800
2018-08-28,7577.50,7636.70,7577.50,7617.20,585715100
2018-08-29,7617.20,7635.70,7545.10,7563.20,688677800
2018-08-30,7563.20,7563.20,7497.50,7516.00,623166000
2018-08-31,7516.00,7516.50,7428.70,7432.40,812932000
2018-09-03,7432.40,7516.10,7432.20,7504.60,455166900
2018-09-04,7504.60,7535.10,7437.70,7457.90,652803100
2018-09-05,7457.90,7457.90,7358.00,7383.30,769494800
2018-09-06,7383.30,7397.70,7313.10,7319.00,723693100
2018-09-07,7319.00,7328.30,7227.10,7277.70,863004900
2018-09-10,7277.70,7307.90,7256.50,7279.30,696321800
2018-09-11,7279.30,7280.50,7220.50,7273.50,644115800
2018-09-12,7273.50,7325.30,7250.80,7313.40,677165600
2018-09-13,7313.40,7319.60,7275.10,7281.60,660719700
2018-09-14,7281.60,7323.80,7281.60,7304.00,577288900
2018-09-17,7304.00,7318.80,7267.80,7302.10,620997300
2018-09-18,7302.10,7320.10,7282.00,7300.20,700366200
2018-09-19,7300.20,7346.10,7279.90,7331.10,762448100
2018-09-20,7331.10,7368.40,7324.00,7367.30,864910500
2018-09-21,7367.30,7495.30,7367.30,7490.20,1504423700
2018-09-24,7490.20,7491.30,7450.50,7458.40,689612600
2018-09-25,7458.40,7515.90,7455.20,7507.60,767955100
2018-09-26,7507.60,7522.10,7490.20,7511.50,672358800
2018-09-27,7511.50,7552.00,7490.90,7545.40,646428000
2018-09-28,7545.40,7548.40,7474.70,7510.20,915815000
2018-10-01,7510.20,7526.20,7466.70,7495.70,728276800
2018-10-02,7495.70,7495.70,7444.80,7474.60,817840400
2018-10-03,7474.60,7524.10,7474.60,7510.30,824628100
2018-10-04,7510.30,7510.30,7411.30,7418.30,801963200
2018-10-05,7418.30,7421.10,7318.50,7318.50,743757800
2018-10-08,7318.50,7319.80,7233.30,7233.30,675287300
2018-10-09,7233.30,7247.60,7184.30,7237.60,765996800
2018-10-10,7237.60,7242.30,7145.70,7145.70,1029488500
2018-10-11,7145.70,7145.70,6998.00,7006.90,1172373200
2018-10-12,7006.90,7074.00,6994.80,6995.90,876577500
2018-10-15,6995.90,7038.20,6961.30,7029.20,657640100
2018-10-16,7029.20,7062.10,6998.90,7059.40,766800500
2018-10-17,7059.40,7089.00,7019.40,7054.60,685937100
2018-10-18,7054.60,7078.80,7026.70,7027.00,672072000
2018-10-19,7027.00,7070.40,7012.60,7049.80,793925800
2018-10-22,7049.80,7114.10,7042.10,7042.80,784032400
2018-10-23,7042.80,7042.80,6928.70,6955.20,983305900
2018-10-24,6955.20,7049.80,6955.20,6963.00,778187100
2018-10-25,6963.00,7004.10,6886.00,7004.10,831568200
2018-10-26,7004.10,7004.20,6851.60,6939.60,779028300
2018-10-29,6939.60,7085.90,6939.60,7026.30,780563900
2018-10-30,7026.30,7060.10,6983.70,7035.90,751498500
2018-10-31,7035.90,7161.50,7035.90,7128.10,895391200
2018-11-01,7128.10,7165.60,7085.70,7114.70,1024684600
2018-11-02,7114.70,7196.40,7094.10,7094.10,800219300
2018-11-05,7094.10,7140.40,7077.40,7103.80,553382600
2018-11-06,7103.80,7117.50,7027.50,7040.70,646543100
2018-11-07,7040.70,7136.80,7040.70,7117.30,678581300
2018-11-08,7117.30,7171.70,7115.00,7140.70,676867200
2018-11-09,7140.70,7140.70,7070.80,7105.30,652724100
2018-11-12,7105.30,7186.30,7053.10,7053.10,708713400
2018-11-13,7053.10,7104.00,7016.60,7053.80,1048825300
2018-11-14,7053.80,7113.60,6979.70,7033.80,925587100
2018-11-15,7033.80,7081.90,6979.60,7038.00,1257540400
2018-11-16,7038.00,7092.40,6969.00,7013.90,1010040200
2018-11-19,7013.90,7070.50,6997.80,7000.90,776442400
2018-11-20,7000.90,7010.10,6904.20,6947.90,826183700
2018-11-21,6947.90,7058.60,6947.90,7050.20,841306700
2018-11-22,7050.20,7050.40,6945.00,6960.30,763217400
2018-11-23,6960.30,6987.50,6912.30,6952.90,686823000
2018-11-26,6952.90,7051.00,6952.90,7036.00,802145500
2018-11-27,7036.00,7043.70,6984.00,7016.90,829960500
2018-11-28,7016.90,7057.00,6987.30,7004.50,800840600
2018-11-29,7004.50,7078.40,7004.50,7039.00,777115000
2018-11-30,7039.00,7042.10,6965.60,6980.20,1189062500
2018-12-03,6980.20,7145.50,6980.20,7062.40,864783000
2018-12-04,7062.40,7095.00,7002.70,7022.80,822570700
2018-12-05,7022.80,7028.70,6921.80,6921.80,789059300
2018-12-06,6921.80,6921.80,6673.60,6704.10,1029779500
2018-12-07,6704.10,6868.30,6704.10,6778.10,819982500
2018-12-10,6778.10,6815.80,6719.20,6721.50,864359000
2018-12-11,6721.50,6857.60,6721.50,6806.90,841263500
2018-12-12,6806.90,6902.20,6806.90,6880.20,1063865300
2018-12-13,6880.20,6908.50,6849.00,6877.50,735372600
2018-12-14,6877.50,6877.50,6788.70,6845.20,714141000
2018-12-17,6845.20,6845.20,6761.40,6773.20,734851100
2018-12-18,6773.20,6773.20,6701.60,6701.60,855040800
2018-12-19,6701.60,6785.20,6698.20,6765.90,754065600
2018-12-20,6765.90,6765.90,6646.50,6711.90,903273100
2018-12-21,6711.90,6733.00,6653.70,6721.20,1596669300
2018-12-24,6721.20,6721.20,6661.00,6686.00,192808000
2018-12-27,6686.00,6728.50,6536.50,6584.70,590127000
2018-12-28,6584.70,6742.50,6584.70,6734.00,499812000
2018-12-31,6734.00,6752.50,6718.30,6728.10,225303900
2019-01-02,6728.10,6753.30,6599.50,6734.20,614252000
2019-01-03,6734.20,6753.10,6685.10,6692.70,674099100
2019-01-04,6692.70,6850.40,6692.50,6837.40,639136700
2019-01-07,6837.40,6874.10,6778.00,6810.90,736559900
2019-01-08,6810.90,6901.50,6804.90,6861.60,651977000
2019-01-09,6861.60,6938.30,6861.60,6906.60,860684900
2019-01-10,6906.60,6948.20,6860.80,6942.90,611434300
2019-01-11,6942.90,7001.90,6902.70,6918.20,680478600
2019-01-14,6918.20,6918.20,6841.70,6855.00,683449700
2019-01-15,6855.00,6910.50,6849.60,6895.00,687341200
2019-01-16,6895.00,6912.40,6848.60,6862.70,787626400
2019-01-17,6862.70,6862.70,6799.00,6834.90,582654200
2019-01-18,6834.90,6984.40,6834.90,6968.30,795742900
2019-01-21,6968.30,6987.90,6954.50,6970.60,474827100
2019-01-22,6970.60,6970.60,6880.70,6901.40,565967800
2019-01-23,6901.40,6901.60,6834.30,6842.90,646039700
2019-01-24,6842.90,6854.60,6802.00,6819.00,599978600
2019-01-25,6819.00,6858.20,6806.80,6809.20,727497200
2019-01-28,6809.20,6812.50,6734.00,6747.10,648213700
2019-01-29,6747.10,6860.30,6747.10,6833.90,697035900
2019-01-30,6833.90,6967.70,6833.90,6941.60,748772100
2019-01-31,6941.60,6994.90,6941.10,6968.90,866316300
2019-02-01,6968.90,7024.50,6968.90,7020.20,630712300
2019-02-04,7020.20,7046.60,7002.40,7034.10,611990600
2019-02-05,7034.10,7180.70,7033.60,7177.40,662979300
2019-02-06,7177.40,7184.20,7146.70,7173.10,599487700
2019-02-07,7173.10,7187.50,7093.60,7093.60,649638500
2019-02-08,7093.60,7115.80,7064.90,7071.20,532300500
2019-02-11,7071.20,7149.20,7071.20,7129.10,548318300
2019-02-12,7129.10,7168.60,7121.70,7133.10,526735100
2019-02-13,7133.10,7205.10,7133.10,7190.80,561646800
2019-02-14,7190.80,7232.80,7183.00,7197.00,519107200
2019-02-15,7197.00,7261.60,7185.20,7236.70,688422300
2019-02-18,7236.70,7242.10,7209.70,7219.50,440062500
2019-02-19,7219.50,7219.50,7162.80,7179.20,624124300
2019-02-20,7179.20,7234.20,7178.00,7228.60,861254900
2019-02-21,7228.60,7228.80,7141.90,7167.40,798796000
2019-02-22,7167.40,7220.50,7162.40,7178.60,646718000
2019-02-25,7178.60,7210.70,7158.20,7183.70,644937500
2019-02-26,7183.70,7183.80,7091.60,7151.10,865719700
2019-02-27,7151.10,7151.10,7082.60,7107.20,870721000
2019-02-28,7107.20,7107.20,7041.00,7074.70,979616900
2019-03-01,7074.70,7129.70,7074.70,7106.70,700825200
2019-03-04,7106.70,7166.20,7106.70,7134.40,634698800
2019-03-05,7134.40,7191.70,7127.20,7183.40,795291200
2019-03-06,7183.40,7211.80,7170.30,7196.00,791979200
2019-03-07,7196.00,7196.00,7126.60,7157.60,691317400
2019-03-08,7157.60,7157.60,7077.90,7104.30,622101900
2019-03-11,7104.30,7181.60,7104.30,7130.60,674285200
2019-03-12,7130.60,7166.60,7083.20,7151.20,752033900
2019-03-13,7151.20,7181.90,7128.70,7159.20,744627600
2019-03-14,7159.20,7215.50,7148.10,7185.40,791259700
2019-03-15,7185.40,7243.80,7185.40,7228.30,1335709200
2019-03-18,7228.30,7299.20,7228.20,7299.20,642988100
2019-03-19,7299.20,7350.10,7294.50,7324.00,598904100
2019-03-20,7324.00,7341.60,7291.00,7291.00,748851100
2019-03-21,7291.00,7370.60,7290.60,7355.30,709429100
2019-03-22,7355.30,7356.40,7192.80,7207.60,694767600
2019-03-25,7207.60,7208.10,7146.80,7177.60,586169600
2019-03-26,7177.60,7221.00,7169.40,7196.30,629605500
2019-03-27,7196.30,7222.60,7160.10,7194.20,678742500
2019-03-28,7194.20,7265.50,7190.90,7234.30,568044400
2019-03-29,7234.30,7287.70,7223.30,7279.20,794400900
2019-04-01,7279.20,7352.20,7279.20,7317.40,697005200
2019-04-02,7317.40,7403.60,7316.80,7391.10,720842000
2019-04-03,7391.10,7418.30,7380.90,7418.30,880770400
2019-04-04,7418.30,7418.40,7367.40,7401.90,675670900
2019-04-05,7401.90,7461.40,7400.80,7446.90,679960600
2019-04-08,7446.90,7459.90,7420.40,7451.90,571379100
2019-04-09,7451.90,7477.60,7413.30,7425.60,652297100
2019-04-10,7425.60,7441.40,7409.40,7421.90,569746800
2019-04-11,7421.90,7441.90,7383.50,7418.00,629602900
2019-04-12,7418.00,7454.80,7415.00,7437.10,696895600
2019-04-15,7437.10,7447.10,7420.30,7436.90,511603500
2019-04-16,7436.90,7485.90,7436.90,7469.90,623807300
2019-04-17,7469.90,7479.00,7445.10,7471.30,646326400
2019-04-18,7471.30,7475.90,7437.90,7459.90,520513300
2019-04-23,7459.90,7528.90,7459.90,7523.10,772087000
2019-04-24,7523.10,7523.80,7456.70,7471.80,682647400
2019-04-25,7471.80,7473.30,7406.00,7434.10,674377600
2019-04-26,7434.10,7442.20,7398.60,7428.20,839779200
2019-04-29,7428.20,7456.50,7406.50,7440.70,491223900
2019-04-30,7440.70,7451.30,7394.10,7418.20,751088200
2019-05-01,7418.20,7446.50,7379.70,7385.30,336726900
2019-05-02,7385.30,7393.90,7339.50,7351.30,618376400
2019-05-03,7351.30,7418.20,7350.00,7380.60,462290200
2019-05-07,7380.60,7380.60,7251.00,7260.50,880585900
2019-05-08,7260.50,7278.30,7222.90,7271.00,809211600
2019-05-09,7271.00,7271.00,7192.20,7207.40,854458400
2019-05-10,7207.40,7268.20,7189.90,7203.30,618170400
2019-05-13,7203.30,7217.10,7150.90,7163.70,773553600
2019-05-14,7163.70,7241.60,7163.70,7241.60,721546200
2019-05-15,7241.60,7303.70,7223.10,7297.00,811266000
2019-05-16,7297.00,7353.50,7265.80,7353.50,655973100
2019-05-17,7353.50,7354.20,7307.30,7348.60,741020200
2019-05-20,7348.60,7360.30,7268.60,7310.90,732464200
2019-05-21,7310.90,7370.00,7310.90,7328.90,749358400
2019-05-22,7328.90,7373.30,7313.60,7334.20,800943900
2019-05-23,7334.20,7334.20,7211.30,7231.00,795078400
2019-05-24,7231.00,7303.00,7231.00,7277.70,633553800
2019-05-28,7277.70,7314.90,7262.80,7269.00,1155168300
2019-05-29,7269.00,7269.00,7151.40,7185.30,652877900
2019-05-30,7185.30,7236.70,7180.60,7218.20,638457200
2019-05-31,7218.20,7218.20,7130.90,7161.70,853980400
2019-06-03,7161.70,7186.70,7079.70,7184.80,711561100
2019-06-04,7184.80,7224.00,7138.10,7214.30,829550400
2019-06-05,7216.70,7259.20,7201.40,7220.20,744999500
2019-06-06,7220.20,7275.70,7218.70,7259.90,621265600
2019-06-07,7259.90,7347.40,7258.20,7331.90,592558500
2019-06-10,7331.90,7380.10,7331.90,7375.50,447077300
2019-06-11,7375.50,7420.70,7375.50,7398.50,669773500
2019-06-12,7398.50,7398.50,7329.30,7367.60,800128100
2019-06-13,7367.60,7398.60,7351.00,7368.60,608751100
2019-06-14,7368.60,7368.80,7316.40,7345.80,610719800
2019-06-17,7345.80,7370.70,7324.50,7357.30,531721100
2019-06-18,7357.30,7469.20,7345.60,7443.00,798973400
2019-06-19,7443.00,7454.90,7399.20,7403.50,751391800
2019-06-20,7403.50,7460.80,7403.50,7424.40,698596800
2019-06-21,7424.40,7456.80,7382.90,7407.50,1451918700
2019-06-24,7407.50,7435.50,7399.60,7416.70,627473100
2019-06-25,7416.70,7429.70,7373.20,7422.40,607355800
2019-06-26,7422.40,7435.90,7405.50,7416.40,654431900
2019-06-27,7416.40,7439.40,7375.50,7402.30,645884500
2019-06-28,7402.30,7436.20,7398.90,7425.60,708530400
2019-07-01,7425.60,7530.20,7425.60,7497.50,634652500
2019-07-02,7497.50,7565.30,7497.50,7559.20,556375200
2019-07-03,7559.20,7621.00,7558.50,7609.30,682521500
2019-07-04,7609.30,7622.60,7601.30,7603.60,487717900
2019-07-05,7603.60,7603.60,7541.90,7553.10,550648200
2019-07-08,7553.10,7571.30,7538.70,7549.30,538297100
2019-07-09,7549.30,7553.30,7517.90,7536.50,542926500
2019-07-10,7536.50,7559.10,7515.60,7530.70,542296300
2019-07-11,7530.70,7558.30,7501.70,7509.80,593132000
2019-07-12,7509.80,7537.10,7493.80,7506.00,501138900
2019-07-15,7506.00,7548.30,7487.40,7531.70,482521800
2019-07-16,7531.70,7590.10,7524.50,7577.20,607182100
2019-07-17,7577.20,7577.20,7519.20,7535.50,576654300
2019-07-18,7535.50,7535.50,7482.60,7493.10,504046800
2019-07-19,7493.10,7546.70,7475.50,7508.70,575615700
2019-07-22,7508.70,7549.70,7491.80,7514.90,513122700
2019-07-23,7514.90,7598.60,7514.90,7556.90,634924300
2019-07-24,7556.90,7558.00,7479.10,7501.50,637416200
2019-07-25,7501.50,7542.60,7462.70,7489.10,633546500
2019-07-26,7489.10,7553.60,7486.70,7549.10,775744000
2019-07-29,7549.10,7711.30,7548.90,7686.60,759258200
2019-07-30,7686.60,7727.50,7643.70,7646.80,822322600
2019-07-31,7646.80,7648.20,7576.10,7586.80,1092686800
2019-08-01,7586.80,7610.00,7535.90,7584.90,817813900
2019-08-02,7584.90,7585.20,7397.90,7407.10,1031592200
2019-08-05,7407.10,7407.10,7200.50,7223.90,1243484900
2019-08-06,7223.90,7241.60,7167.00,7171.70,791750700
2019-08-07,7171.70,7237.90,7153.90,7198.70,735519300
2019-08-08,7198.70,7285.90,7191.30,7285.90,726060600
2019-08-09,7285.90,7297.30,7237.10,7253.90,794807200
2019-08-12,7253.90,7305.60,7207.50,7226.70,585461200
2019-08-13,7226.70,7281.10,7166.90,7250.90,698409600
2019-08-14,7250.90,7268.70,7112.10,7147.90,811517700
2019-08-15,7147.90,7148.80,7020.20,7067.00,877816600
2019-08-16,7067.00,7125.90,7067.00,7117.20,651943200
2019-08-19,7117.20,7214.20,7117.20,7189.70,612867100
2019-08-20,7189.70,7231.70,7121.20,7125.00,766076800
2019-08-21,7125.00,7215.50,7122.10,7204.00,605372900
2019-08-22,7204.00,7204.00,7103.70,7128.20,653343400
2019-08-23,7128.20,7188.60,7095.00,7095.00,643009300
2019-08-27,7095.00,7110.80,7044.70,7089.60,851399100
2019-08-28,7089.60,7131.20,7050.00,7114.70,675638900
2019-08-29,7114.70,7199.20,7103.10,7184.30,635681800
2019-08-30,7184.30,7240.40,7179.70,7207.20,727868800
2019-09-02,7207.20,7315.30,7206.90,7281.90,497764900
2019-09-03,7281.90,7301.50,7239.10,7268.20,626095300
2019-09-04,7268.20,7334.60,7268.20,7311.30,677444300
2019-09-05,7311.30,7330.70,7250.60,7271.20,711302800
2019-09-06,7271.20,7284.10,7244.10,7282.30,692287900
2019-09-09,7282.30,7325.20,7206.00,7235.80,794831900
2019-09-10,7235.80,7270.50,7199.40,7268.00,1031549500
2019-09-11,7268.00,7346.70,7268.00,7338.00,829121400
2019-09-12,7338.00,7369.30,7303.20,7344.70,725259800
2019-09-13,7344.70,7380.30,7318.20,7367.50,1003827600
2019-09-16,7367.50,7378.30,7321.40,7321.40,908260500
2019-09-17,7321.40,7350.20,7292.20,7320.40,698421800
2019-09-18,7320.40,7350.50,7300.40,7314.10,642716000
2019-09-19,7314.10,7373.10,7290.70,7356.40,632737400
2019-09-20,7356.40,7376.30,7322.00,7344.90,1656288000
2019-09-23,7344.90,7362.30,7284.80,7326.10,489660300
2019-09-24,7326.10,7349.00,7281.90,7291.40,588772200
2019-09-25,7291.40,7292.00,7213.00,7290.00,704553100
2019-09-26,7290.00,7387.10,7277.20,7351.10,704707500
2019-09-27,7351.10,7440.80,7351.00,7426.20,584318800
2019-09-30,7426.20,7439.60,7402.20,7408.20,655556100
2019-10-01,7408.20,7433.20,7352.80,7360.30,734563400
2019-10-02,7360.30,7360.30,7119.70,7122.50,747799600
2019-10-03,7122.50,7129.00,7004.40,7077.60,635551800
2019-10-04,7077.60,7157.80,7077.40,7155.40,588776100
2019-10-07,7155.40,7206.90,7133.00,7197.90,551391300
2019-10-08,7197.90,7223.90,7143.20,7143.20,692866200
2019-10-09,7143.20,7196.40,7139.90,7166.50,582025200
2019-10-10,7166.50,7212.90,7130.50,7186.40,700021400
2019-10-11,7186.40,7250.10,7144.70,7247.10,1507692000
2019-10-14,7247.10,7251.80,7194.20,7213.50,780579200
2019-10-15,7213.50,7242.40,7176.70,7211.60,1123687400
2019-10-16,7211.60,7217.60,7149.80,7168.00,1000484300
2019-10-17,7168.00,7237.80,7162.00,7182.30,1126096700
2019-10-18,7182.30,7197.10,7146.10,7150.60,869346100
2019-10-21,7150.60,7197.50,7139.40,7163.60,853632700
2019-10-22,7163.60,7230.20,7146.70,7212.50,800741400
2019-10-23,7212.50,7265.90,7194.10,7260.70,764933300
2019-10-24,7260.70,7338.90,7255.50,7328.30,733646100
2019-10-25,7328.30,7331.20,7279.80,7324.50,580305100
2019-10-28,7324.50,7346.90,7291.60,7331.30,676041800
2019-10-29,7331.30,7335.70,7264.70,7306.30,710020700
2019-10-30,7306.30,7334.00,7278.20,7330.80,672191900
2019-10-31,7330.80,7335.20,7245.20,7248.40,847657500
2019-11-01,7248.40,7307.20,7248.40,7302.40,582078600
2019-11-04,7302.40,7392.70,7302.40,7369.70,582661700
2019-11-05,7369.70,7402.80,7369.60,7388.10,673186900
2019-11-06,7388.10,7398.80,7363.60,7396.70,618514700
2019-11-07,7396.70,7431.90,7396.00,7406.40,668773400
2019-11-08,7406.40,7406.80,7349.10,7359.40,551986100
2019-11-11,7359.40,7359.40,7258.50,7328.50,828425100
2019-11-12,7328.50,7390.00,7328.20,7365.40,754644000
2019-11-13,7365.40,7365.40,7301.70,7351.20,695720800
2019-11-14,7351.20,7351.30,7292.80,7292.80,675226500
2019-11-15,7292.80,7335.60,7243.20,7302.90,770473200
2019-11-18,7302.90,7335.40,7293.40,7307.70,764459700
2019-11-19,7307.70,7404.50,7307.70,7323.80,605672300
2019-11-20,7323.80,7323.80,7219.10,7262.50,814232500
2019-11-21,7262.50,7262.50,7197.30,7238.60,608185000
2019-11-22,7238.60,7343.30,7238.50,7326.80,611242800
2019-11-25,7326.80,7401.80,7326.80,7396.30,570982800
2019-11-26,7396.30,7421.30,7385.00,7403.10,1058651500
2019-11-27,7403.10,7446.00,7400.40,7429.80,626246700
2019-11-28,7429.80,7429.80,7385.30,7416.40,605369500
2019-11-29,7416.40,7421.40,7346.50,7346.50,627336500
2019-12-02,7346.50,7400.30,7277.00,7285.90,928558400
2019-12-03,7285.90,7285.90,7134.90,7158.80,824932200
2019-12-04,7158.80,7190.00,7139.90,7188.50,688011100
2019-12-05,7188.50,7194.80,7131.20,7137.90,650618500
2019-12-06,7137.90,7241.50,7137.90,7239.70,516373000
2019-12-09,7239.70,7255.70,7217.80,7233.90,619399300
2019-12-10,7233.90,7234.40,7137.80,7213.80,703527300
2019-12-11,7213.80,7250.70,7195.50,7216.30,820837400
2019-12-12,7216.30,7307.40,7216.10,7273.50,727087300
2019-12-13,7273.50,7429.00,7223.40,7353.40,1906667700
2019-12-16,7353.40,7552.70,7353.20,7519.10,1045291600
2019-12-17,7519.10,7537.70,7497.20,7525.30,1096514900
2019-12-18,7525.30,7557.10,7515.20,7540.80,679287600
2019-12-19,7540.80,7575.90,7526.10,7573.80,661933000
2019-12-20,7573.80,7599.50,7564.60,7582.50,1159724000
2019-12-23,7582.50,7628.20,7559.60,7623.60,539145700
2019-12-24,7623.60,7636.20,7608.20,7632.20,185671600
2019-12-27,7632.20,7665.40,7622.50,7644.90,311117100
2019-12-30,7644.90,7644.90,7587.10,7587.10,304247900
2019-12-31,7587.10,7587.40,7532.40,7542.40,212142200
2020-01-02,7542.40,7624.80,7542.40,7604.30,482206700
2020-01-03,7604.30,7626.40,7551.00,7622.40,475628900
2020-01-06,7622.40,7622.40,7528.10,7575.30,516783400
2020-01-07,7575.30,7604.60,7562.10,7573.90,511576100
2020-01-08,7573.90,7579.50,7525.00,7574.90,606225000
2020-01-09,7574.90,7627.80,7574.90,7598.10,653838100
2020-01-10,7598.10,7632.00,7585.10,7587.90,651315600
2020-01-13,7587.90,7635.80,7582.50,7617.60,659019400
2020-01-14,7617.60,7650.70,7588.80,7622.40,697648200
2020-01-15,7622.40,7642.80,7609.40,7642.80,730575200
2020-01-16,7642.80,7653.60,7595.30,7609.80,573564200
2020-01-17,7609.80,7689.70,7609.80,7674.60,631970100
2020-01-20,7674.60,7682.80,7639.60,7651.40,358980900
2020-01-21,7651.40,7651.40,7550.50,7610.70,656519300
2020-01-22,7610.70,7637.40,7563.50,7571.90,604636000
2020-01-23,7571.90,7572.10,7503.20,7507.70,668616300
2020-01-24,7507.70,7642.20,7507.60,7586.00,605760000
2020-01-27,7586.00,7586.00,7392.80,7412.10,679457100
2020-01-28,7412.10,7491.40,7410.40,7480.70,535852000
2020-01-29,7480.70,7514.70,7462.20,7483.60,525036700
2020-01-30,7483.60,7483.60,7357.60,7382.00,685501900
2020-01-31,7382.00,7398.30,7275.00,7286.00,714049600
2020-02-03,7286.00,7360.00,7285.20,7326.30,645846700
2020-02-04,7326.30,7442.10,7326.30,7439.80,696703600
2020-02-05,7439.80,7512.40,7408.50,7482.50,818911400
2020-02-06,7482.50,7533.60,7482.50,7504.80,673947900
2020-02-07,7504.80,7506.30,7441.10,7466.70,705974200
2020-02-10,7466.70,7466.70,7427.90,7446.90,612817500
2020-02-11,7446.90,7529.50,7446.90,7499.40,700689800
2020-02-12,7499.40,7547.70,7499.00,7534.40,573044200
2020-02-13,7534.40,7534.40,7406.90,7452.00,823565400
2020-02-14,7452.00,7472.90,7403.70,7409.10,629855000
2020-02-17,7409.10,7450.00,7409.10,7433.30,394565700
2020-02-18,7433.30,7433.30,7353.40,7382.00,786827200
2020-02-19,7382.00,7462.00,7382.00,7457.00,602975900
2020-02-20,7457.00,7480.50,7436.60,7436.60,780481500
2020-02-21,7436.60,7436.70,7370.60,7403.90,872594700
2020-02-24,7403.90,7403.90,7114.50,7156.80,1081479400
2020-02-25,7156.80,7198.20,7004.90,7017.90,976469000
2020-02-26,7017.90,7044.70,6871.90,7042.50,982409600
2020-02-27,7042.50,7042.50,6730.00,6796.40,1224827000
2020-02-28,6796.40,6796.40,6460.10,6580.60,1979835300
2020-03-02,6580.60,6775.20,6496.00,6654.90,1770844200
2020-03-03,6654.90,6846.30,6654.90,6718.20,1277190200
2020-03-04,6718.20,6856.30,6700.20,6815.60,1115783100
2020-03-05,6815.60,6834.10,6662.60,6705.40,1146893100
2020-03-06,6705.40,6705.40,6431.40,6462.60,1377953500
2020-03-09,6462.60,6462.60,5891.60,5965.80,2098798700
2020-03-10,5965.80,6231.10,5927.90,5960.20,1729622400
2020-03-11,5960.20,6088.50,5860.80,5876.50,1507518600
2020-03-12,5876.50,5876.50,5237.50,5237.50,2209275500
2020-03-13,5237.50,5696.50,5237.50,5366.10,1935105000
2020-03-16,5366.10,5366.10,4898.80,5151.10,2111567500
2020-03-17,5151.10,5309.00,4978.80,5294.90,1941164900
2020-03-18,5294.90,5294.90,5006.20,5080.60,1837075100
2020-03-19,5080.60,5181.00,4942.40,5151.60,1963412200
2020-03-20,5151.60,5419.30,5151.60,5190.80,2585565700
2020-03-23,5190.80,5194.80,4922.80,4993.90,1629604900
2020-03-24,4993.90,5446.00,4993.90,5446.00,1582421000
2020-03-25,5446.00,5741.40,5400.50,5688.20,1860995600
2020-03-26,5688.20,5815.70,5503.40,5815.70,1536739000
2020-03-27,5815.70,5815.70,5407.10,5510.30,1457210400
2020-03-30,5510.30,5567.20,5351.80,5563.70,1136875400
2020-03-31,5563.70,5702.70,5545.90,5672.00,1602112800
2020-04-01,5672.00,5672.00,5414.70,5454.60,1670362100
2020-04-02,5454.60,5552.40,5395.10,5480.20,1554286900
2020-04-03,5480.20,5486.30,5396.70,5415.50,1180517400
2020-04-06,5415.50,5590.60,5415.50,5582.40,1207951800
2020-04-07,5582.40,5780.20,5582.40,5704.50,1563928500
2020-04-08,5704.50,5704.50,5589.70,5677.70,1133735000
2020-04-09,5677.70,5842.70,5677.70,5842.70,1290301300
2020-04-14,5842.70,5894.70,5779.00,5791.30,1056846100
2020-04-15,5791.30,5791.70,5576.40,5597.70,1375971300
2020-04-16,5597.70,5657.60,5577.80,5628.40,1073687700
2020-04-17,5628.40,5839.30,5628.40,5787.00,1204085900
2020-04-20,5787.00,5823.90,5707.70,5812.80,822613800
2020-04-21,5812.80,5812.80,5641.00,5641.00,888662400
2020-04-22,5641.00,5777.10,5641.00,5770.60,866999300
2020-04-23,5770.60,5843.60,5735.90,5826.60,882116400
2020-04-24,5826.60,5827.20,5728.80,5752.20,808821600
2020-04-27,5752.20,5855.60,5752.20,5846.80,792246400
2020-04-28,5846.80,5977.80,5835.90,5958.50,1196850700
2020-04-29,5958.50,6129.60,5950.80,6115.30,1288097400
2020-04-30,6115.30,6151.60,5897.90,5901.20,1933348900
2020-05-01,5901.20,5901.20,5746.10,5763.10,781328900
2020-05-04,5763.10,5792.90,5702.00,5753.80,1038977200
2020-05-05,5753.80,5869.50,5753.80,5849.40,969041200
2020-05-06,5849.40,5897.40,5839.60,5853.80,973242800
2020-05-07,5853.80,5941.90,5853.60,5936.00,967707400
2020-05-11,5936.00,5999.10,5898.30,5939.70,1041393600
2020-05-12,5939.70,6013.00,5911.40,5994.80,939767700
2020-05-13,5994.80,5994.80,5893.40,5904.10,1055705500
2020-05-14,5904.10,5904.10,5661.10,5741.50,1152459900
2020-05-15,5741.50,5837.90,5741.50,5799.80,927433300
2020-05-18,5799.80,6058.20,5799.60,6048.60,930325200
2020-05-19,6048.60,6112.00,5965.10,6002.20,1001641500
2020-05-20,6002.20,6074.50,5961.60,6067.20,925383600
2020-05-21,6067.20,6093.70,6004.10,6015.30,1135941900
2020-05-22,6015.30,6015.30,5888.60,5993.30,986007000
2020-05-26,5993.30,6130.10,5993.30,6067.80,1252539600
2020-05-27,6067.80,6168.00,6067.80,6144.30,1559401400
2020-05-28,6144.30,6234.00,6144.30,6218.80,1210102000
2020-05-29,6218.80,6218.80,6060.20,6076.60,2246313300
2020-06-01,6076.60,6179.30,6076.60,6166.40,742112200
2020-06-02,6166.40,6238.30,6165.10,6220.10,1192259900
2020-06-03,6220.10,6394.70,6220.10,6382.40,1232836600
2020-06-04,6382.40,6402.60,6314.60,6341.40,1041769100
2020-06-05,6341.40,6490.00,6341.40,6484.30,1398374600
2020-06-08,6484.30,6511.80,6423.10,6472.60,1305560800
2020-06-09,6472.60,6475.00,6325.10,6335.70,1322614400
2020-06-10,6335.70,6387.40,6293.80,6329.10,1115769600
2020-06-11,6329.10,6329.10,6076.70,6076.70,1117426600
2020-06-12,6076.70,6184.30,5993.20,6105.20,1059920700
2020-06-15,6105.20,6105.20,5952.40,6064.70,907815700
2020-06-16,6064.70,6299.00,6064.70,6242.80,1028926100
2020-06-17,6242.80,6309.70,6233.20,6253.30,863307200
2020-06-18,6253.30,6285.00,6184.90,6224.10,782893800
2020-06-19,6224.10,6319.80,6224.10,6292.60,1685754500
2020-06-22,6292.60,6309.00,6225.50,6244.60,793214300
2020-06-23,6244.60,6342.20,6244.60,6320.10,685327800
2020-06-24,6320.10,6320.10,6123.70,6123.70,768655700
2020-06-25,6123.70,6162.40,6029.30,6147.10,813511600
2020-06-26,6147.10,6262.10,6147.10,6159.30,698906500
2020-06-29,6159.30,6252.00,6123.00,6225.80,720430800
2020-06-30,6225.80,6237.50,6147.00,6169.70,827284200
2020-07-01,6169.70,6202.00,6084.50,6158.00,724502100
2020-07-02,6158.00,6258.60,6158.00,6240.40,806189500
2020-07-03,6240.40,6262.70,6137.10,6157.30,504568000
2020-07-06,6157.30,6304.20,6157.30,6285.90,697122600
2020-07-07,6285.90,6285.90,6180.00,6189.90,600362300
2020-07-08,6189.90,6208.40,6144.50,6156.20,625796600
2020-07-09,6156.20,6176.80,6040.30,6049.60,670967000
2020-07-10,6049.60,6108.20,6003.20,6095.40,685330800
2020-07-13,6095.40,6187.30,6095.40,6176.20,614241100
2020-07-14,6176.20,6179.80,6093.20,6179.80,717546900
2020-07-15,6179.80,6323.60,6179.80,6292.70,747302000
2020-07-16,6292.70,6296.80,6227.30,6250.70,521796200
2020-07-17,6250.70,6293.70,6230.00,6290.30,687096800
2020-07-20,6290.30,6297.60,6222.20,6261.50,494263500
2020-07-21,6261.50,6315.70,6253.90,6269.70,753531600
2020-07-22,6269.70,6271.00,6197.50,6207.10,745230100
2020-07-23,6207.10,6273.60,6202.90,6211.40,605739200
2020-07-24,6211.40,6211.40,6099.10,6123.80,679819200
2020-07-27,6123.80,6127.60,6086.60,6104.90,704383900
2020-07-28,6104.90,6149.90,6083.70,6129.30,612575200
2020-07-29,6129.30,6155.10,6116.70,6131.50,718093000
2020-07-30,6131.50,6145.80,5924.70,5990.00,1229813400
2020-07-31,5990.00,6046.30,5897.80,5897.80,1007598800
2020-08-03,5897.80,6038.80,5857.10,6032.90,948540800
2020-08-04,6032.90,6056.50,5986.80,6036.00,766666900
2020-08-05,6036.00,6111.50,6036.00,6104.70,715558400
2020-08-06,6104.70,6104.70,5980.40,6026.90,629266500
2020-08-07,6026.90,6046.00,5996.70,6032.20,540972400
2020-08-10,6032.20,6099.50,6028.50,6050.60,558064500
2020-08-11,6050.60,6206.00,6050.60,6154.30,758790700
2020-08-12,6154.30,6297.20,6151.60,6280.10,680848000
2020-08-13,6280.10,6280.10,6185.60,6185.60,515765800
2020-08-14,6185.60,6185.60,6036.10,6090.00,513442300
2020-08-17,6090.00,6140.20,6061.50,6127.40,500314600
2020-08-18,6127.40,6162.70,6062.60,6076.60,502242600
2020-08-19,6076.60,6114.80,6045.00,6112.00,425040900
2020-08-20,6112.00,6112.00,6009.60,6013.30,505170900
2020-08-21,6013.30,6036.50,5948.80,6001.90,545211700
2020-08-24,6001.90,6119.80,6001.90,6104.70,452722200
2020-08-25,6104.70,6173.50,6032.10,6037.00,538992400
2020-08-26,6037.00,6050.80,5992.20,6045.60,405657200
2020-08-27,6045.60,6062.50,6000.00,6000.00,496427000
2020-08-28,6000.00,6033.00,5962.50,5963.60,928308900
2020-09-01,5963.60,5972.50,5824.00,5862.10,1041226100
2020-09-02,5862.10,5974.70,5862.10,5941.00,670603500
2020-09-03,5941.00,5996.20,5838.00,5850.90,698951400
2020-09-04,5850.90,5904.20,5778.40,5799.10,672211400
2020-09-07,5799.10,5946.90,5798.50,5937.40,542562600
2020-09-08,5937.40,5985.30,5868.90,5930.30,741088100
2020-09-09,5930.30,6031.30,5923.40,6012.80,670411100
2020-09-10,6012.80,6028.80,5950.60,6003.30,602947200
2020-09-11,6003.30,6057.70,5992.90,6032.10,532206600
2020-09-14,6032.10,6080.00,6011.80,6026.30,599027600
2020-09-15,6026.30,6123.70,6026.20,6105.50,696475100
2020-09-16,6105.50,6119.20,6057.60,6078.50,712218600
2020-09-17,6078.50,6078.50,5998.70,6049.90,614989900
2020-09-18,6049.90,6055.20,6006.30,6007.10,1606438900
2020-09-21,6007.10,6007.10,5779.20,5804.30,989724600
2020-09-22,5804.30,5871.30,5794.50,5829.50,793986600
2020-09-23,5829.50,5974.90,5829.50,5899.30,745841800
2020-09-24,5899.30,5899.30,5805.30,5822.80,707125700
2020-09-25,5822.80,5843.70,5771.50,5842.70,742745800
2020-09-28,5842.70,5954.40,5842.70,5927.90,915339300
2020-09-29,5927.90,5927.90,5862.90,5897.50,677894800
2020-09-30,5897.50,5931.40,5854.50,5866.10,831982500
2020-10-01,5866.10,5925.80,5849.80,5879.50,729252500
2020-10-02,5879.50,5902.10,5809.60,5902.10,708115400
2020-10-05,5902.10,5974.20,5902.10,5942.90,637260500
2020-10-06,5942.90,5971.50,5903.40,5949.90,911383000
2020-10-07,5949.90,5977.20,5929.20,5946.30,762006800
2020-10-08,5946.30,6004.20,5929.40,5978.00,741665900
2020-10-09,5978.00,6040.50,5978.00,6016.70,676779000
2020-10-12,6016.70,6037.10,5995.10,6001.40,600961600
2020-10-13,6001.40,6008.00,5950.00,5969.70,786877800
2020-10-14,5969.70,6009.80,5926.50,5935.10,613220800
2020-10-15,5935.10,5935.10,5786.20,5832.50,667215200
2020-10-16,5832.50,5933.80,5832.50,5919.60,669807200
2020-10-19,5919.60,5959.70,5872.00,5884.70,522720700
2020-10-20,5884.70,5915.50,5861.80,5889.20,576524900
2020-10-21,5889.20,5903.40,5769.60,5776.50,632347400
2020-10-22,5776.50,5796.40,5716.40,5785.70,664916300
2020-10-23,5785.70,5885.40,5781.80,5860.30,852798000
2020-10-26,5860.30,5868.40,5782.40,5792.00,870052100
2020-10-27,5792.00,5806.20,5728.20,5729.00,756732600
2020-10-28,5729.00,5729.00,5525.50,5582.80,1107558600
2020-10-29,5582.80,5616.60,5534.70,5581.80,964959700
2020-10-30,5581.80,5593.40,5534.10,5577.30,823613300
2020-11-02,5577.30,5665.30,5554.70,5655.00,755064600
2020-11-03,5655.00,5787.60,5655.00,5786.80,803790300
2020-11-04,5786.80,5885.70,5711.20,5883.30,781517600
2020-11-05,5883.30,5933.10,5881.90,5906.20,900001200
2020-11-06,5906.20,5950.20,5858.50,5910.00,848478100
2020-11-09,5910.00,6258.30,5910.00,6186.30,2067706200
2020-11-10,6186.30,6307.00,6180.50,6296.90,1717346100
2020-11-11,6296.90,6397.30,6293.20,6382.10,1283397300
2020-11-12,6382.10,6382.10,6295.80,6338.90,1014492200
2020-11-13,6338.90,6339.00,6280.40,6316.40,1010712500
2020-11-16,6316.40,6463.50,6316.40,6421.30,1293581100
2020-11-17,6421.30,6424.50,6309.00,6365.30,1225248200
2020-11-18,6365.30,6395.90,6326.70,6385.20,979740000
2020-11-19,6385.20,6385.20,6314.30,6334.40,929024200
2020-11-20,6334.40,6386.70,6324.60,6351.50,821112500
2020-11-23,6351.50,6392.10,6325.20,6333.80,943708400
2020-11-24,6333.80,6432.40,6333.70,6432.20,1301560700
2020-11-25,6432.20,6468.70,6375.30,6391.10,1129314000
2020-11-26,6391.10,6412.70,6349.50,6362.90,736272500
2020-11-27,6362.90,6375.90,6302.20,6367.60,1448127900
2020-11-30,6367.60,6404.00,6266.20,6266.20,1355075300
2020-12-01,6266.20,6400.20,6263.60,6384.70,839858300
2020-12-02,6384.70,6468.60,6367.50,6463.40,936842800
2020-12-03,6463.40,6491.50,6430.30,6490.30,943214500
2020-12-04,6490.30,6559.20,6489.80,6550.20,1073110600
2020-12-07,6550.20,6601.10,6519.80,6555.40,1058250500
2020-12-08,6555.40,6567.60,6518.40,6558.80,758186800
2020-12-09,6558.80,6623.00,6558.80,6564.30,769345300
2020-12-10,6564.30,6640.70,6561.10,6599.80,1109877200
2020-12-11,6599.80,6607.40,6520.50,6546.80,1069085700
2020-12-14,6546.80,6583.70,6524.70,6531.80,870265400
2020-12-15,6531.80,6558.20,6484.00,6513.30,737394700
2020-12-16,6513.30,6598.40,6513.30,6570.90,860333700
2020-12-17,6570.90,6601.60,6551.10,6551.10,725533900
2020-12-18,6551.10,6604.50,6518.30,6529.20,1200513100
2020-12-21,6529.20,6529.20,6315.30,6416.30,1118314800
2020-12-23,6453.20,6497.30,6431.20,6495.80,807695400
2020-12-24,6495.80,6530.30,6479.60,6502.10,477470700
2020-12-29,6502.10,6676.60,6502.10,6602.70,824116800
2020-12-30,6602.70,6623.00,6552.50,6555.80,425493000
2020-12-31,6555.80,6555.80,6439.40,6460.50,316943900
2021-01-04,6460.50,6662.70,6460.50,6571.90,965097800
2021-01-05,6571.90,6622.80,6544.30,6612.30,718950800
2021-01-06,6612.30,6859.10,6611.90,6841.90,1249709500
2021-01-07,6841.90,6903.60,6795.10,6857.00,939652600
2021-01-08,6857.00,6886.30,6836.10,6873.30,850778500
2021-01-11,6873.30,6873.30,6768.70,6798.50,707799500
2021-01-12,6798.50,6816.70,6738.20,6754.10,648158800
2021-01-13,6754.10,6772.60,6736.00,6745.50,619448200
2021-01-14,6745.50,6802.00,6736.80,6802.00,685978100
2021-01-15,6802.00,6802.10,6676.60,6735.70,740665600
2021-01-18,6735.70,6741.50,6709.30,6720.70,359826900
2021-01-19,6720.70,6770.70,6697.70,6713.00,618144700
2021-01-20,6713.00,6751.80,6697.50,6740.40,687499600
2021-01-21,6740.40,6776.90,6715.40,6715.40,621554400
2021-01-22,6715.40,6715.70,6651.70,6695.10,693954900
2021-01-25,6695.10,6714.60,6610.30,6638.90,761260500
2021-01-26,6638.90,6702.40,6636.30,6654.00,683485900
2021-01-27,6654.00,6661.30,6505.80,6567.40,982451100
2021-01-28,6567.40,6567.40,6439.60,6526.20,869048100
2021-01-29,6526.20,6526.20,6397.20,6407.50,870670500
2021-02-01,6407.50,6495.60,6407.50,6466.40,746038100
2021-02-02,6466.40,6523.50,6466.40,6516.70,719054200
2021-02-03,6516.70,6573.10,6489.50,6507.80,717525200
2021-02-04,6507.80,6553.40,6478.20,6503.70,989919900
2021-02-05,6503.70,6518.70,6457.60,6489.30,984403300
2021-02-08,6489.30,6567.70,6489.30,6523.50,818871300
2021-02-09,6523.50,6541.00,6501.00,6531.60,544655300
2021-02-10,6531.60,6577.00,6481.00,6524.40,782043000
2021-02-11,6524.40,6554.20,6514.90,6528.70,673184700
2021-02-12,6528.70,6589.80,6485.10,6589.80,495851300
2021-02-15,6589.80,6775.40,6589.80,6756.10,825488200
2021-02-16,6756.10,6799.90,6736.90,6748.90,817289800
2021-02-17,6748.90,6760.30,6701.60,6710.90,755390100
2021-02-18,6710.90,6721.80,6591.40,6617.20,847018200
2021-02-19,6617.20,6646.20,6600.60,6624.00,976444700
2021-02-22,6624.00,6624.70,6545.90,6612.20,846468100
2021-02-23,6612.20,6675.40,6555.90,6625.90,1154639900
2021-02-24,6625.90,6669.90,6572.30,6659.00,1141083000
2021-02-25,6659.00,6702.90,6644.70,6652.00,852469800
2021-02-26,6652.00,6652.00,6465.60,6483.40,1279039900
2021-03-01,6483.40,6612.70,6483.40,6588.50,708419900
2021-03-02,6588.50,6660.80,6560.90,6613.80,682614300
2021-03-03,6613.80,6705.30,6613.80,6675.50,937329300
2021-03-04,6675.50,6675.50,6581.20,6650.90,938807000
2021-03-05,6650.90,6710.80,6560.80,6630.50,1027477500
2021-03-08,6630.50,6726.40,6612.70,6719.10,972755300
2021-03-09,6719.10,6786.80,6689.90,6730.30,952946800
2021-03-10,6730.30,6740.80,6677.00,6725.60,725796800
2021-03-11,6725.60,6755.30,6699.30,6737.00,714706900
2021-03-12,6737.00,6766.40,6709.00,6761.50,706134500
2021-03-15,6761.50,6804.90,6723.70,6749.70,670767900
2021-03-16,6749.70,6812.80,6749.60,6803.60,8494800
2021-03-17,6803.60,6805.70,6753.80,6762.70,8378200
2021-03-18,6762.70,6791.80,6740.50,6779.70,825204500
2021-03-19,6779.70,6779.70,6664.60,6708.70,1819149000
2021-03-22,6708.70,6732.70,6651.00,6726.10,811558900
2021-03-23,6726.10,6726.10,6664.80,6699.20,861618700
2021-03-24,6699.20,6722.60,6649.40,6712.90,942724200
2021-03-25,6712.90,6729.90,6618.60,6674.80,768539700
2021-03-26,6674.80,6742.10,6674.80,6740.60,748208300
2021-03-29,6740.60,6758.80,6705.40,6736.20,624496600
2021-03-30,6736.20,6792.20,6729.50,6772.10,664395600
2021-03-31,6772.10,6775.70,6713.60,6713.60,854819600
2021-04-01,6713.60,6766.50,6713.60,6737.30,592371100
2021-04-06,6737.30,6843.70,6737.30,6823.60,773873100
2021-04-07,6823.60,6898.40,6823.60,6885.30,708769700
2021-04-08,6885.30,6942.20,6884.80,6942.20,792318200
2021-04-09,6942.20,6949.60,6906.40,6915.80,615052100
2021-04-12,6915.80,6916.10,6853.80,6889.10,639363600
2021-04-13,6889.10,6895.10,6859.70,6890.50,572405700
2021-04-14,6890.50,6942.30,6880.70,6939.60,596867000
2021-04-15,6939.60,6994.90,6939.30,6983.50,651402900
2021-04-16,6983.50,7037.70,6983.50,7019.50,742505700
2021-04-19,7019.50,7040.30,6979.20,7000.10,529712700
2021-04-20,7000.10,7001.30,6857.10,6859.90,825253600
2021-04-21,6859.90,6914.90,6859.60,6895.30,662064600
2021-04-22,6895.30,6941.10,6889.30,6938.20,647196400
2021-04-23,6938.20,6938.60,6891.80,6938.60,582223700
2021-04-26,6938.60,6971.50,6913.40,6963.10,511633400
2021-04-27,6963.10,6975.10,6929.80,6945.00,658634400
2021-04-28,6945.00,6986.70,6944.10,6963.70,990231900
2021-04-29,6963.70,7019.80,6953.90,6961.50,657930300
2021-04-30,6961.50,7009.50,6946.00,6969.80,831625600
2021-05-04,6969.80,7034.30,6912.30,6923.20,911981600
2021-05-05,6923.20,7047.80,6923.20,7039.30,734979800
2021-05-06,7039.30,7076.20,7026.80,7076.20,764405400
2021-05-07,7076.20,7143.50,7076.20,7129.70,624763100
2021-05-10,7129.70,7164.20,7104.40,7123.70,744129400
2021-05-11,7123.70,7123.70,6912.40,6948.00,933225500
2021-05-12,6948.00,7028.10,6945.30,7004.60,743459700
2021-05-13,7004.60,7004.60,6823.60,6963.30,660813600
2021-05-14,6963.30,7048.70,6963.30,7043.60,845954300
2021-05-17,7043.60,7066.80,6989.10,7032.90,582188300
2021-05-18,7032.90,7102.60,7030.40,7034.20,736327300
2021-05-19,7034.20,7034.20,6897.10,6950.20,729532000
2021-05-20,6950.20,7019.80,6926.90,7019.80,626003200
2021-05-21,7019.80,7028.20,6973.30,7018.10,803607300
2021-05-24,7018.10,7054.60,7013.50,7051.60,422927700
2021-05-25,7051.60,7067.60,7029.80,7029.80,619367600
2021-05-26,7029.80,7050.90,6998.20,7026.90,619965100
2021-05-27,7026.90,7044.00,7008.50,7019.70,1422973500
2021-05-28,7019.70,7054.90,7019.60,7022.60,786614400
2021-06-01,7022.60,7118.00,7022.60,7080.50,726701500
2021-06-02,7080.50,7122.50,7074.10,7108.00,570341500
2021-06-03,7108.00,7108.00,7013.90,7064.40,617182900
2021-06-04,7064.40,7071.80,7039.70,7069.00,425216000
2021-06-07,7069.00,7098.30,7042.20,7077.20,963131300
2021-06-08,7077.20,7120.70,7074.90,7095.10,550005100
2021-06-09,7095.10,7095.70,7046.00,7081.00,575133700
2021-06-10,7081.00,7117.70,7080.00,7088.20,574917100
2021-06-11,7088.20,7140.70,7088.20,7134.10,509040600
2021-06-14,7134.10,7188.30,7131.80,7146.70,551244200
2021-06-15,7146.70,7189.60,7142.70,7172.50,779379400
2021-06-16,7172.50,7217.50,7169.20,7185.00,723106300
2021-06-17,7185.00,7185.00,7133.00,7153.40,724679900
2021-06-18,7153.40,7154.60,7008.70,7017.50,1553511000
2021-06-21,7017.50,7065.10,6948.60,7062.30,820495800
2021-06-22,7062.30,7098.70,7061.10,7090.00,522524500
2021-06-23,7090.00,7129.40,7074.10,7074.10,567367400
2021-06-24,7074.10,7119.40,7070.90,7110.00,726332500
2021-06-25,7110.00,7139.10,7109.80,7136.10,609038400
2021-06-28,7136.10,7136.20,7072.00,7073.00,682531900
2021-06-29,7073.00,7120.80,7071.90,7087.60,531015400
2021-06-30,7087.60,7100.70,7010.60,7037.50,659209600
2021-07-01,7037.50,7134.20,7037.50,7125.20,631273700
2021-07-02,7125.20,7162.20,7110.30,7123.30,520006400
2021-07-05,7123.30,7168.00,7111.50,7164.90,384449600
2021-07-06,7164.90,7170.60,7075.70,7100.90,635763200
2021-07-07,7100.90,7153.70,7100.90,7151.00,600040700
2021-07-08,7151.00,7151.00,6981.60,7030.70,741526200
2021-07-09,7030.70,7121.90,7030.20,7121.90,577541200
2021-07-12,7121.90,7134.90,7066.20,7125.40,484702100
2021-07-13,7125.40,7152.40,7116.30,7124.70,613836900
2021-07-14,7124.70,7124.70,7073.60,7091.20,565377200
2021-07-15,7091.20,7111.80,7005.00,7012.00,612974400
2021-07-16,7012.00,7056.70,6978.10,7008.10,617556700
2021-07-19,7008.10,7008.10,6813.00,6844.40,817237100
2021-07-20,6844.40,6929.90,6827.30,6881.10,941993900
2021-07-21,6881.10,7007.80,6881.10,6998.30,784895600
2021-07-22,6998.30,7019.00,6956.20,6968.30,497512000
2021-07-23,6968.30,7033.30,6968.30,7027.60,461681400
2021-07-26,7027.60,7038.70,6980.70,7025.40,524700700
2021-07-27,7025.40,7028.40,6929.60,6996.10,516983900
2021-07-28,6996.10,7023.40,6974.80,7016.60,595315800
2021-07-29,7016.60,7093.90,7008.70,7078.40,789496800
2021-07-30,7078.40,7078.40,6996.90,7032.30,674951500
2021-08-02,7032.30,7111.70,7032.30,7081.70,526271100
2021-08-03,7081.70,7119.20,7074.30,7105.70,613947100
2021-08-04,7105.70,7142.50,7105.70,7123.90,618704700
2021-08-05,7123.90,7130.40,7099.00,7120.40,814802900
2021-08-06,7120.40,7135.40,7103.70,7123.00,677358200
2021-08-09,7123.00,7138.80,7089.70,7132.30,525136800
2021-08-10,7132.30,7166.70,7115.90,7161.00,559144000
2021-08-11,7161.00,7220.10,7157.70,7220.10,536436100
2021-08-12,7220.10,7220.70,7182.90,7193.20,574940100
2021-08-13,7193.20,7224.50,7193.10,7218.70,501180000
2021-08-16,7218.70,7218.70,7117.80,7154.00,522255500
2021-08-17,7154.00,7188.60,7118.70,7181.10,573595700
2021-08-18,7181.10,7198.80,7143.60,7169.30,792002500
2021-08-19,7169.30,7169.30,6993.10,7058.90,602767800
2021-08-20,7058.90,7095.60,7032.50,7087.90,549551400
2021-08-23,7087.90,7147.80,7087.90,7109.00,493195600
2021-08-24,7109.00,7129.70,7076.10,7125.80,582751900
2021-08-25,7125.80,7151.80,7121.30,7150.10,510382500
2021-08-26,7150.10,7150.10,7095.40,7125.00,391705500
2021-08-27,7125.00,7157.60,7108.50,7148.00,425583800
2021-08-31,7148.00,7160.50,7092.00,7119.70,1002276600
2021-09-01,7119.70,7187.30,7119.70,7149.80,522902700
2021-09-02,7149.80,7168.80,7129.70,7163.90,538705600
2021-09-03,7163.90,7182.20,7123.90,7138.40,499092300
2021-09-06,7138.40,7195.60,7138.40,7187.20,306418900
2021-09-07,7187.20,7187.20,7147.90,7149.40,466824500
2021-09-08,7149.40,7149.40,7061.10,7095.50,567994400
2021-09-09,7095.50,7095.50,6998.60,7024.20,695389400
2021-09-10,7024.20,7055.20,7014.40,7029.20,492655900
2021-09-13,7029.20,7090.80,7029.20,7068.40,545721200
2021-09-14,7068.40,7068.50,7020.10,7034.10,678394800
2021-09-15,7034.10,7047.30,7016.50,7016.50,772561700
2021-09-16,7016.50,7059.00,7016.30,7027.50,667606300
2021-09-17,7027.50,7092.70,6941.70,6963.60,1627774500
2021-09-20,6963.60,6963.60,6828.30,6903.90,905908000
2021-09-21,6903.90,7004.90,6903.90,6981.00,811822000
2021-09-22,6981.00,7090.50,6981.00,7083.40,623048700
2021-09-23,7083.40,7131.40,7070.70,7078.40,731206400
2021-09-24,7078.40,7080.20,7041.30,7051.50,836348200
2021-09-27,7051.50,7122.10,7043.20,7063.40,900413700
2021-09-28,7063.40,7071.40,7015.60,7028.10,819400500
2021-09-29,7028.10,7117.50,7026.90,7108.20,810850000
2021-09-30,7108.20,7159.60,7072.60,7086.40,868050200
2021-10-01,7086.40,7086.40,6989.60,7027.10,815417000
2021-10-04,7027.10,7072.50,7002.70,7011.00,792854800
2021-10-05,7011.00,7084.50,7011.00,7077.10,846145500
2021-10-06,7077.10,7077.10,6945.50,6995.90,944014100
2021-10-07,6995.90,7094.90,6995.90,7078.00,709629100
2021-10-08,7078.00,7109.30,7070.50,7095.60,707356500
2021-10-11,7095.60,7146.90,7085.90,7146.90,709511700
2021-10-12,7146.90,7146.90,7063.40,7130.20,815613600
2021-10-13,7130.20,7152.90,7087.90,7141.80,1041234500
2021-10-14,7141.80,7216.20,7141.80,7207.70,785955800
2021-10-15,7207.70,7243.90,7206.30,7234.00,813605700
2021-10-18,7234.00,7234.00,7180.20,7203.80,580835500
2021-10-19,7203.80,7223.30,7189.50,7217.50,677316100
2021-10-20,7217.50,7229.30,7199.30,7223.10,655710900
2021-10-21,7223.10,7227.10,7181.70,7190.30,615511300
2021-10-22,7190.30,7235.20,7190.30,7204.60,482745100
2021-10-25,7204.60,7247.50,7204.60,7222.80,590620500
2021-10-26,7222.80,7281.20,7222.80,7277.60,683335400
2021-10-27,7277.60,7280.50,7247.30,7253.30,606503800
2021-10-28,7253.30,7257.90,7219.70,7249.50,677063000
2021-10-29,7249.50,7249.50,7192.10,7237.60,875049200
2021-11-01,7237.60,7303.40,7237.60,7288.60,644379600
2021-11-02,7288.60,7288.60,7240.00,7274.80,788360700
2021-11-03,7274.80,7277.60,7235.30,7248.90,729024900
2021-11-04,7248.90,7293.00,7247.60,7279.90,988387200
2021-11-05,7279.90,7331.30,7270.00,7304.00,829628100
2021-11-08,7304.00,7316.50,7293.50,7300.40,617444100
2021-11-09,7300.40,7314.10,7268.80,7274.00,780375900
2021-11-10,7274.00,7340.20,7270.10,7340.20,908302100
2021-11-11,7340.20,7394.40,7329.70,7384.20,672658500
2021-11-12,7384.20,7402.70,7340.50,7347.90,766415500
2021-11-15,7347.90,7363.50,7324.10,7351.90,604752800
2021-11-16,7351.90,7368.30,7324.10,7327.00,849713500
2021-11-17,7327.00,7327.00,7290.00,7291.20,980280900
2021-11-18,7291.20,7291.30,7242.00,7256.00,590225200
2021-11-19,7256.00,7289.50,7198.80,7223.60,1174484200
2021-11-22,7223.60,7272.60,7207.80,7255.50,638191500
2021-11-23,7255.50,7293.10,7204.40,7266.70,624614500
2021-11-24,7266.70,7307.90,7246.00,7286.30,661514300
2021-11-25,7286.30,7311.90,7286.30,7310.40,487924100
2021-11-26,7310.40,7310.40,7042.10,7044.00,1714871800
2021-11-29,7044.00,7161.90,7044.00,7110.00,945061900
2021-11-30,7110.00,7110.00,6989.70,7059.50,1459578100
2021-12-01,7059.50,7182.00,7059.40,7168.70,779578300
2021-12-02,7168.70,7168.70,7083.20,7129.20,724509800
2021-12-03,7129.20,7196.10,7105.30,7122.30,867111100
2021-12-06,7122.30,7246.30,7122.30,7232.30,637274000
2021-12-07,7232.30,7344.70,7232.30,7339.90,783615400
2021-12-08,7339.90,7378.90,7333.60,7337.40,776663000
2021-12-09,7337.10,7366.10,7303.00,7321.30,615185100
2021-12-10,7321.30,7331.60,7284.80,7291.80,533854300
2021-12-13,7291.80,7309.20,7226.60,7231.40,1173948800
2021-12-14,7231.40,7284.50,7218.60,7218.60,662325900
2021-12-15,7218.60,7224.90,7166.80,7170.80,813609300
2021-12-16,7170.80,7273.30,7170.80,7260.60,1155236100
2021-12-17,7260.60,7286.50,7236.20,7269.90,1477578800
2021-12-20,7269.90,7269.90,7101.00,7198.00,925062200
2021-12-21,7198.00,7297.40,7198.00,7297.40,683669700
2021-12-22,7297.40,7341.70,7273.50,7341.70,514772900
2021-12-23,7341.70,7385.40,7331.10,7373.30,422671500
2021-12-24,7373.30,7403.70,7368.80,7372.10,126005500
2021-12-29,7372.10,7457.10,7372.10,7420.70,445975700
2021-12-30,7420.70,7433.40,7403.00,7403.00,266402700
2021-12-31,7403.00,7403.00,7357.10,7384.50,179343800
2022-01-04,7384.50,7520.80,7384.50,7505.20,934179500
2022-01-05,7505.20,7530.00,7484.30,7516.90,707511200
2022-01-06,7516.90,7516.90,7420.00,7450.40,843728700
2022-01-07,7450.40,7485.30,7431.90,7485.30,705191000
2022-01-10,7485.30,7496.10,7422.90,7445.30,1047171300
2022-01-11,7445.30,7497.10,7445.30,7491.40,727102400
2022-01-12,7491.40,7564.20,7491.40,7551.70,873805500
2022-01-13,7551.70,7566.50,7530.10,7563.90,776326000
2022-01-14,7563.90,7568.20,7523.00,7543.00,790074900
2022-01-17,7543.00,7616.10,7543.00,7611.20,812336800
2022-01-18,7611.20,7613.10,7532.00,7563.60,953228000
2022-01-19,7563.60,7614.90,7525.20,7589.70,867104400
2022-01-20,7589.70,7619.00,7549.90,7585.00,786613700
2022-01-21,7585.00,7585.00,7450.50,7494.10,819199800
2022-01-24,7494.10,7494.10,7283.40,7297.20,1332106600
2022-01-25,7297.20,7382.60,7297.20,7371.50,851981700
2022-01-26,7371.50,7525.60,7371.50,7469.80,783181000
2022-01-27,7469.80,7596.70,7388.80,7554.30,1022547800
2022-01-28,7554.30,7554.30,7420.20,7466.10,1529106100
2022-01-31,7466.10,7524.00,7450.90,7464.40,761419500
2022-02-01,7464.40,7549.30,7463.00,7535.80,746456700
2022-02-02,7535.80,7605.60,7535.80,7583.00,719672400
2022-02-03,7583.00,7605.80,7528.70,7528.80,911775100
2022-02-04,7528.80,7599.70,7497.20,7516.40,885041900
2022-02-07,7516.40,7591.70,7508.50,7573.50,1073651000
2022-02-08,7573.50,7631.30,7548.20,7567.10,804533800
2022-02-09,7567.10,7657.90,7567.10,7643.40,992005300
2022-02-10,7643.40,7687.30,7622.70,7672.40,831756900
2022-02-11,7672.40,7672.40,7596.10,7661.00,909140800
2022-02-14,7661.00,7661.00,7483.40,7531.60,925229500
2022-02-15,7531.60,7608.90,7513.20,7608.90,808114200
2022-02-16,7608.90,7630.70,7560.90,7603.80,1128096000
2022-02-17,7603.80,7607.20,7499.90,7537.40,776929900
2022-02-18,7537.40,7570.60,7508.70,7513.60,768986400
2022-02-21,7513.60,7571.10,7446.40,7484.30,622636900
2022-02-22,7484.30,7531.30,7365.00,7494.20,1018787100
2022-02-23,7494.20,7550.00,7490.50,7498.20,862648700
2022-02-24,7498.20,7498.20,7204.70,7207.00,1966584700
2022-02-25,7207.40,7497.90,7207.40,7489.50,1381725400
2022-02-28,7489.50,7489.50,7361.60,7458.30,1584580200
2022-03-01,7458.30,7499.30,7327.80,7330.20,1349616800
2022-03-02,7330.20,7462.20,7320.80,7429.60,1325548600
2022-03-03,7429.60,7468.80,7231.50,7238.90,1226956300
2022-03-04,7238.90,7238.90,6980.90,6987.10,1560387400
2022-03-07,6987.10,7030.70,6788.00,6959.50,2177431900
2022-03-08,6959.50,7013.50,6893.60,6964.10,1443985900
2022-03-09,6964.10,7190.70,6964.10,7190.70,1239463500
2022-03-10,7190.70,7192.80,7066.00,7099.10,1139094000
2022-03-11,7099.10,7260.40,7099.00,7155.60,973207200
2022-03-14,7155.60,7222.90,7144.00,7193.50,916048600
2022-03-15,7193.50,7193.50,7075.80,7175.70,870528100
2022-03-16,7175.70,7312.20,7175.70,7291.70,1914129400
2022-03-17,7291.70,7385.30,7260.50,7385.30,1095585500
2022-03-18,7385.30,7406.10,7318.90,7404.70,2316358900
2022-03-21,7404.70,7465.00,7402.60,7442.40,811977600
2022-03-22,7442.40,7490.50,7442.40,7476.70,1017354500
2022-03-23,7476.70,7521.10,7459.40,7460.60,859391300
2022-03-24,7460.60,7492.00,7453.30,7467.40,737167300
2022-03-25,7467.40,7502.70,7441.30,7483.40,870705400
2022-03-28,7483.40,7539.30,7471.50,7473.10,775526800
2022-03-29,7473.10,7584.10,7473.10,7537.30,1172893900
2022-03-30,7537.30,7578.80,7523.80,7578.80,1036020900
2022-03-31,7578.80,7595.40,7515.70,7515.70,925410900
2022-04-01,7515.70,7552.50,7508.90,7537.90,811395500
2022-04-04,7537.90,7574.30,7532.20,7558.90,837403600
2022-04-05,7558.90,7613.70,7536.20,7613.70,1212100600
2022-04-06,7613.70,7614.10,7536.20,7587.70,1102885900
2022-04-07,7587.70,7601.50,7537.30,7551.80,1153908000
2022-04-08,7551.80,7669.60,7551.80,7669.60,919254100
2022-04-11,7669.60,7669.60,7611.70,7618.30,835767000
2022-04-12,7618.30,7618.30,7543.00,7576.70,772543400
2022-04-13,7576.70,7597.90,7550.90,7580.80,742706800
2022-04-14,7580.80,7622.40,7551.40,7616.40,1005764400
2022-04-19,7616.40,7624.90,7565.80,7601.30,846777100
2022-04-20,7601.30,7637.90,7590.60,7629.20,1212543400
2022-04-21,7629.20,7656.50,7596.30,7628.00,764750300
2022-04-22,7628.00,7628.00,7521.70,7521.70,694792900
2022-04-25,7521.70,7521.70,7339.50,7380.50,755160100
2022-04-26,7380.50,7463.20,7380.50,7386.20,847986700
2022-04-27,7386.20,7458.20,7344.90,7425.60,958503900
2022-04-28,7425.60,7519.70,7425.60,7509.20,917004000
2022-04-29,7509.20,7569.80,7509.20,7544.60,983441700
2022-05-03,7544.60,7561.30,7475.70,7561.30,1342876200
2022-05-04,7561.30,7572.70,7493.50,7493.50,699267900
2022-05-05,7493.50,7619.40,7493.50,7503.30,931632400
2022-05-06,7503.30,7503.30,7354.10,7387.90,1089227300
2022-05-09,7387.90,7391.60,7216.60,7216.60,803955700
2022-05-10,7216.60,7311.70,7216.60,7243.20,919988500
2022-05-11,7243.20,7349.70,7239.00,7347.70,1206944700
2022-05-12,7347.70,7347.70,7158.50,7233.30,966343100
2022-05-13,7233.30,7422.00,7233.30,7418.20,871946000
2022-05-16,7418.20,7464.80,7361.70,7464.80,814978400
2022-05-17,7464.80,7538.70,7464.80,7518.40,821412200
2022-05-18,7518.40,7526.10,7438.10,7438.10,830397600
2022-05-19,7438.10,7438.10,7228.70,7302.70,1037438100
2022-05-20,7302.70,7453.50,7302.70,7390.00,790841400
2022-05-23,7390.00,7513.40,7390.00,7513.40,819767300
2022-05-24,7513.40,7529.70,7434.50,7484.40,1113802600
2022-05-25,7484.40,7546.40,7484.40,7522.80,898078000
2022-05-26,7522.80,7575.50,7512.50,7564.90,709669900
2022-05-27,7564.90,7597.60,7542.80,7585.50,713185000
2022-05-30,7585.50,7625.60,7576.40,7600.10,1009169800
2022-05-31,7600.10,7648.30,7591.80,7607.70,1620576000
2022-06-01,7607.70,7639.20,7529.20,7533.00,734829800
2022-06-06,7533.00,7646.70,7532.80,7608.20,696171700
2022-06-07,7608.20,7617.50,7570.70,7598.90,750124500
2022-06-08,7598.90,7616.20,7550.70,7593.00,776478300
2022-06-09,7593.00,7593.00,7472.30,7476.20,771939100
2022-06-10,7476.20,7476.20,7294.20,7317.50,911375600
2022-06-13,7317.50,7317.50,7174.00,7205.80,980090400
2022-06-14,7205.80,7271.90,7135.20,7187.50,864847700
2022-06-15,7187.50,7313.70,7186.50,7273.40,1089092800
2022-06-16,7273.40,7273.40,7039.50,7045.00,1162889200
2022-06-17,7045.00,7130.60,6998.20,7016.30,1908921300
2022-06-20,7016.30,7129.60,7016.20,7121.80,666757200
2022-06-21,7121.80,7193.90,7119.30,7152.10,580244500
2022-06-22,7152.10,7152.10,7030.00,7089.20,1204359700
2022-06-23,7089.20,7115.80,7014.20,7020.50,763870700
2022-06-24,7020.50,7211.10,7016.00,7208.80,772223900
2022-06-27,7208.80,7284.50,7208.50,7258.30,802411400
2022-06-28,7258.30,7362.40,7258.30,7323.40,735789800
2022-06-29,7323.40,7345.50,7263.50,7312.30,718640800
2022-06-30,7312.30,7312.30,7110.70,7169.30,903650800
2022-07-01,7169.30,7214.80,7101.40,7168.70,677216200
2022-07-04,7168.70,7258.50,7168.70,7232.70,420674600
2022-07-05,7232.70,7260.30,7016.80,7025.50,1105144500
2022-07-06,7025.50,7198.70,7025.40,7107.80,933905000
2022-07-07,7107.80,7213.10,7107.80,7189.10,1108987400
2022-07-08,7189.10,7210.60,7129.20,7196.20,604222100
2022-07-11,7196.20,7204.10,7097.40,7196.60,676893400
2022-07-12,7196.60,7216.90,7143.30,7209.90,855143900
2022-07-13,7209.90,7209.90,7104.10,7156.40,805881600
2022-07-14,7156.40,7157.60,7007.10,7039.80,848278400
2022-07-15,7039.80,7167.90,7038.20,7159.00,782905500
2022-07-18,7159.00,7268.90,7159.00,7223.20,670662200
2022-07-19,7223.20,7309.00,7174.40,7296.30,665883200
2022-07-20,7296.30,7347.60,7253.60,7264.30,1059158500
2022-07-21,7264.30,7274.70,7200.10,7270.50,798169600
2022-07-22,7270.50,7315.30,7254.00,7276.40,606877600
2022-07-25,7276.40,7309.70,7242.90,7306.30,711402100
2022-07-26,7306.30,7365.40,7301.20,7306.30,730984300
2022-07-27,7306.30,7365.20,7306.30,7348.20,1188866700
2022-07-28,7348.20,7396.20,7309.00,7345.30,745838600
2022-07-29,7345.30,7441.20,7345.30,7423.40,883363000
2022-08-01,7446.00,7471.90,7408.90,7413.40,558506400
2022-08-02,7413.40,7433.30,7386.80,7409.10,623919300
2022-08-03,7409.10,7445.90,7372.70,7445.70,947917500
2022-08-04,7445.70,7491.70,7417.50,7448.10,858684300
2022-08-05,7448.10,7470.60,7420.20,7439.70,609722300
2022-08-08,7439.70,7513.80,7439.70,7482.40,626255900
2022-08-09,7482.40,7504.60,7475.00,7488.20,648601100
2022-08-10,7488.20,7520.70,7468.60,7507.10,766193200
2022-08-11,7507.10,7515.00,7460.10,7465.90,630220500
2022-08-12,7465.90,7516.80,7464.10,7500.90,497719500
2022-08-15,7500.90,7539.20,7463.50,7509.20,460509300
2022-08-16,7509.20,7563.70,7509.20,7536.10,514362800
2022-08-17,7536.10,7554.00,7501.50,7515.80,505660900
2022-08-18,7515.80,7541.90,7493.70,7541.90,606626300
2022-08-19,7541.90,7578.90,7513.30,7550.40,726312000
2022-08-22,7550.40,7550.40,7491.30,7533.80,575411700
2022-08-23,7533.80,7533.80,7467.60,7488.10,673045500
2022-08-24,7488.10,7488.10,7410.40,7471.50,579010600
2022-08-25,7471.50,7535.70,7469.20,7479.70,438562000
2022-08-26,7479.70,7530.70,7422.00,7427.30,627296800
2022-08-30,7427.30,7486.40,7351.10,7361.60,1120430700
2022-08-31,7361.60,7378.40,7263.60,7284.20,1154010300
2022-09-01,7284.20,7284.20,7131.70,7148.50,746248100
2022-09-02,7148.50,7288.70,7148.50,7281.20,820948300
2022-09-05,7281.20,7288.50,7191.20,7287.40,670793100
2022-09-06,7287.40,7324.20,7256.50,7300.40,836364000
2022-09-07,7300.40,7300.40,7186.60,7237.80,1176357500
2022-09-08,7237.80,7273.00,7175.80,7262.10,676276000
2022-09-09,7262.10,7386.60,7262.10,7351.10,703941600
2022-09-12,7351.10,7483.00,7351.10,7473.00,903301500
2022-09-13,7473.00,7514.00,7385.90,7385.90,712367700
2022-09-14,7385.90,7385.90,7259.20,7277.30,1021172400
2022-09-15,7277.30,7329.00,7258.70,7282.10,843763100
2022-09-16,7282.10,7297.10,7236.20,7236.70,2140678300
2022-09-20,7236.70,7326.50,7171.20,7192.70,1046871600
2022-09-21,7192.70,7258.90,7170.70,7237.60,1446128700
2022-09-22,7237.60,7243.90,7149.60,7159.50,906687400
2022-09-23,7159.50,7169.10,6981.50,7018.60,982104000
2022-09-26,7018.60,7071.10,6937.40,7021.00,1161459400
2022-09-27,7021.00,7074.00,6984.60,6984.60,1223459100
2022-09-28,6984.60,7011.50,6836.30,7005.40,1525149400
2022-09-29,7005.40,7005.40,6829.30,6881.60,1165954500
2022-09-30,6881.60,6954.90,6840.10,6893.80,1171310300
2022-10-03,6893.80,6923.80,6797.40,6908.80,1216065800
2022-10-04,6908.80,7088.20,6908.70,7086.50,1121827800
2022-10-05,7086.50,7086.50,6978.00,7052.60,868625500
2022-10-06,7052.60,7079.70,6961.10,6997.30,995714800
2022-10-07,6997.30,7022.40,6960.40,6991.10,807923600
2022-10-10,6991.10,6999.20,6922.90,6959.30,918512600
2022-10-11,6959.30,6959.40,6860.30,6885.20,813949300
2022-10-12,6885.20,6916.90,6793.80,6826.20,973810400
2022-10-13,6826.20,6872.90,6707.60,6850.30,1116625200
2022-10-14,6850.30,6976.30,6850.30,6858.80,881210300
2022-10-17,6858.80,6959.70,6850.40,6920.20,951222700
2022-10-18,6920.20,7017.40,6920.20,6936.70,932599200
2022-10-19,6936.70,6968.30,6890.70,6925.00,699543100
2022-10-20,6925.00,6954.20,6894.90,6943.90,814484300
2022-10-21,6943.90,6976.20,6864.10,6969.70,668448000
2022-10-24,6969.70,7047.40,6914.70,7014.00,620033900
2022-10-25,7014.00,7025.20,6949.20,7013.50,621328900
2022-10-26,7013.50,7057.40,6960.10,7056.10,1054624200
2022-10-27,7056.10,7093.10,7034.20,7073.70,920365100
2022-10-28,7073.70,7073.70,6997.50,7047.70,683640200
2022-10-31,7047.70,7132.90,7030.10,7094.50,881761300
2022-11-01,7094.50,7221.30,7094.50,7186.20,879817800
2022-11-02,7186.20,7205.10,7130.50,7144.10,688038000
2022-11-03,7144.10,7188.60,7076.50,7188.60,721711200
2022-11-04,7188.60,7376.20,7188.60,7334.80,960620800
2022-11-07,7334.80,7346.70,7288.00,7300.00,718412900
2022-11-08,7300.00,7313.50,7244.80,7306.10,959888700
2022-11-09,7306.10,7307.80,7263.50,7296.30,529922700
2022-11-10,7296.30,7405.10,7253.40,7375.30,769446200
2022-11-11,7375.30,7408.60,7316.80,7318.00,931267700
2022-11-14,7318.00,7413.80,7317.60,7385.20,732981800
2022-11-15,7385.20,7413.00,7344.90,7369.40,939772400
2022-11-16,7369.40,7394.40,7341.60,7351.20,765409500
2022-11-17,7351.20,7354.10,7294.80,7346.50,752043800
2022-11-18,7346.50,7423.50,7343.50,7385.50,844911100
2022-11-21,7385.50,7402.80,7343.40,7376.90,666262800
2022-11-22,7376.90,7458.90,7373.60,7452.80,575525600
2022-11-23,7452.80,7498.30,7452.80,7465.20,872545100
2022-11-24,7465.20,7488.10,7443.50,7466.60,418286100
2022-11-25,7466.60,7497.20,7461.80,7486.70,522719700
2022-11-28,7486.70,7496.80,7420.00,7474.00,662622600
2022-11-29,7474.00,7543.10,7474.00,7512.00,714685200
2022-11-30,7512.00,7599.30,7512.00,7573.10,1394738300
2022-12-01,7573.10,7599.70,7552.30,7558.50,642843000
2022-12-02,7558.50,7570.50,7508.00,7556.20,540219900
2022-12-05,7556.20,7598.20,7547.80,7567.50,509145400
2022-12-06,7567.50,7567.60,7521.40,7521.40,805368600
2022-12-07,7521.40,7567.20,7489.20,7489.20,727846100
2022-12-08,7489.20,7508.00,7469.10,7472.20,637244700
2022-12-09,7472.20,7498.00,7431.40,7476.60,741398100
2022-12-12,7476.60,7476.60,7438.90,7446.00,606464000
2022-12-13,7446.00,7553.40,7429.00,7502.90,688121300
2022-12-14,7502.90,7504.50,7461.70,7495.90,745004400
2022-12-15,7495.90,7495.90,7411.10,7426.20,616549200
2022-12-16,7426.20,7429.30,7305.70,7332.10,1834745500
2022-12-19,7332.10,7385.40,7332.10,7361.30,517840400
2022-12-20,7361.30,7389.90,7302.80,7370.60,799491300
2022-12-21,7370.60,7498.50,7368.70,7497.30,499178500
2022-12-22,7497.30,7540.30,7463.50,7469.30,402305900
2022-12-23,7469.30,7496.40,7462.80,7473.00,222853700
2022-12-28,7473.00,7547.00,7473.00,7497.20,416900400
2022-12-29,7497.20,7516.40,7434.60,7512.70,351759900
2022-12-30,7512.70,7512.90,7451.70,7451.70,254135300
2023-01-03,7451.70,7626.40,7448.70,7554.10,914070400
2023-01-04,7554.10,7609.30,7545.20,7585.20,753877000
2023-01-05,7585.20,7658.80,7564.70,7633.50,883850800
2023-01-06,7633.50,7700.80,7633.50,7699.50,813538800
2023-01-09,7699.50,7725.70,7688.70,7724.90,847858600
2023-01-10,7724.90,7724.90,7684.40,7694.50,933139900
2023-01-11,7694.50,7772.40,7694.40,7725.00,1041280000
2023-01-12,7725.00,7809.10,7724.60,7794.00,738395600
2023-01-13,7794.00,7865.00,7793.60,7844.10,754267100
2023-01-16,7844.10,7867.20,7841.90,7860.10,662559400
2023-01-17,7860.10,7875.60,7830.40,7851.00,992753700
2023-01-18,7851.00,7867.40,7824.70,7830.70,963849600
2023-01-19,7830.70,7830.80,7726.20,7747.30,732044900
2023-01-20,7747.30,7790.90,7747.30,7770.60,801110300
2023-01-23,7770.60,7811.20,7768.50,7784.70,562127700
2023-01-24,7784.70,7800.90,7741.80,7757.40,754271900
2023-01-25,7757.40,7773.60,7710.80,7744.90,717266400
2023-01-26,7744.90,7787.60,7744.90,7761.10,828610300
2023-01-27,7761.10,7777.40,7742.10,7765.20,709941200
2023-01-30,7765.20,7790.70,7718.30,7784.90,1123538000
2023-01-31,7784.90,7784.90,7708.30,7771.70,838335600
2023-02-01,7771.70,7798.50,7745.40,7761.10,924663100
2023-02-02,7761.10,7837.80,7758.50,7820.20,726760200
2023-02-03,7820.20,7906.60,7806.90,7901.80,713859100
2023-02-06,7901.80,7901.80,7808.40,7836.70,665926500
2023-02-07,7836.70,7890.80,7835.40,7864.70,777311900
2023-02-08,7864.70,7934.30,7864.70,7885.20,587150400
2023-02-09,7885.20,7949.60,7874.20,7911.20,1061015400
2023-02-10,7911.20,7913.30,7850.90,7882.50,974265500
2023-02-13,7882.50,7947.60,7881.90,7947.60,570125100
2023-02-14,7947.60,7996.40,7947.60,7953.90,697856100
2023-02-15,7953.90,8003.70,7921.30,7997.80,841595900
2023-02-16,7997.80,8047.10,7978.60,8012.50,731954200
2023-02-17,8012.50,8012.50,7957.70,8004.40,1270492000
2023-02-20,8004.40,8020.10,7995.50,8014.30,696068100
2023-02-21,8014.30,8014.40,7952.50,7977.80,889518400
2023-02-22,7977.80,7977.80,7879.00,7930.60,682684900
2023-02-23,7930.60,7935.60,7888.90,7907.70,974842600
2023-02-24,7907.70,7939.20,7870.40,7878.70,879172000
2023-02-27,7878.70,7950.00,7878.70,7935.10,755879000
2023-02-28,7935.10,7935.10,7854.80,7876.30,1246757900
2023-03-01,7876.30,7950.70,7874.30,7914.90,1202133000
2023-03-02,7914.90,7945.80,7875.00,7944.00,889732700
2023-03-03,7944.00,7974.40,7920.10,7947.10,644050800
2023-03-06,7947.10,7948.70,7897.50,7929.80,629550100
2023-03-07,7929.80,7959.80,7909.80,7919.50,869427500
2023-03-08,7919.50,7946.60,7891.40,7929.90,770649400
2023-03-09,7929.90,7930.30,7862.00,7880.00,839666000
2023-03-10,7880.00,7880.00,7708.30,7748.40,987132200
2023-03-13,7748.40,7752.40,7546.00,7548.60,1201999000
2023-03-14,7548.60,7641.60,7503.30,7637.10,875583300
2023-03-15,7637.10,7637.40,7333.40,7344.50,1340604500
2023-03-16,7344.50,7458.60,7331.50,7410.00,1196884100
2023-03-17,7410.00,7510.50,7309.30,7335.40,2095306400
2023-03-20,7335.40,7426.20,7206.80,7403.90,1084762200
2023-03-21,7403.90,7557.60,7403.90,7536.20,801743800
2023-03-22,7536.20,7585.60,7505.50,7566.80,892439300
2023-03-23,7566.80,7566.80,7476.10,7499.60,1227843700
2023-03-24,7499.60,7499.60,7335.70,7405.50,862536800
2023-03-27,7405.50,7491.70,7405.50,7471.80,703755400
2023-03-28,7471.80,7524.60,7464.60,7484.30,1159788800
2023-03-29,7484.30,7566.80,7484.20,7564.30,637649500
2023-03-30,7564.30,7638.50,7564.30,7620.40,792010000
2023-03-31,7620.40,7654.40,7616.10,7631.70,816288100
2023-04-03,7631.70,7698.20,7631.70,7673.00,921588900
2023-04-04,7673.00,7726.90,7634.50,7634.50,791013200
2023-04-05,7634.50,7678.50,7634.30,7662.90,660285800
2023-04-06,7662.90,7742.10,7654.50,7741.60,589778800
2023-04-11,7741.60,7806.40,7741.60,7785.70,999467200
2023-04-12,7785.70,7859.70,7783.40,7824.80,797796300
2023-04-13,7824.80,7851.60,7814.10,7843.40,724768300
2023-04-14,7843.40,7904.00,7843.40,7871.90,860530500
2023-04-17,7871.90,7916.70,7871.90,7879.50,665446000
2023-04-18,7879.50,7912.70,7879.50,7909.40,531338200
2023-04-19,7909.40,7909.40,7871.40,7898.80,506763800
2023-04-20,7898.80,7903.00,7876.40,7902.60,918927800
2023-04-21,7902.60,7936.10,7886.50,7914.10,631165500
2023-04-24,7914.10,7927.10,7877.60,7912.20,724845900
2023-04-25,7912.20,7912.50,7863.90,7891.10,657900800
2023-04-26,7891.10,7894.00,7825.90,7852.60,902747300
2023-04-27,7852.60,7865.70,7816.80,7831.60,669734300
2023-04-28,7831.60,7870.60,7791.60,7870.60,945273500
2023-05-02,7870.60,7898.70,7773.00,7773.00,1020657900
2023-05-03,7773.00,7819.70,7773.00,7788.40,967192800
2023-05-04,7788.40,7788.40,7691.30,7702.60,776321800
2023-05-05,7702.60,7781.50,7702.60,7778.40,608277200
2023-05-09,7778.40,7792.40,7735.10,7764.10,951320100
2023-05-10,7764.10,7779.00,7727.10,7741.30,712870600
2023-05-11,7741.30,7784.30,7679.60,7730.60,883996400
2023-05-12,7730.60,7772.80,7729.00,7754.60,748114500
2023-05-15,7754.60,7794.90,7754.60,7777.70,735218600
2023-05-16,7777.70,7804.90,7741.30,7751.10,1082316100
2023-05-17,7751.10,7758.20,7713.00,7723.20,701763700
2023-05-18,7723.20,7776.60,7723.20,7742.30,757218800
2023-05-19,7742.30,7790.90,7742.10,7756.90,631941000
2023-05-22,7756.90,7783.40,7750.50,7771.00,1205325000
2023-05-23,7771.00,7800.90,7747.10,7763.00,698476000
2023-05-24,7763.00,7763.00,7590.20,7627.10,989739200
2023-05-25,7627.10,7629.10,7569.20,7570.90,725330600
2023-05-26,7570.90,7643.60,7556.90,7627.20,817609400
2023-05-30,7627.20,7628.10,7516.50,7522.10,856682400
2023-05-31,7522.10,7522.10,7446.10,7446.10,2295618500
2023-06-01,7446.10,7498.60,7445.30,7490.30,967347300
2023-06-02,7490.30,7614.90,7490.00,7607.30,638696900
2023-06-05,7607.30,7654.80,7594.10,7600.00,548992900
2023-06-06,7600.00,7636.10,7556.20,7628.10,686044700
2023-06-07,7628.10,7642.40,7604.40,7624.30,617864100
2023-06-08,7624.30,7638.60,7588.00,7599.70,531758500
2023-06-09,7599.70,7621.70,7546.50,7562.40,564539300
2023-06-12,7562.40,7599.90,7556.80,7570.70,542917600
2023-06-13,7570.70,7610.80,7556.30,7594.80,1003241900
2023-06-14,7594.80,7639.80,7579.30,7602.70,698184100
2023-06-15,7602.70,7632.70,7584.80,7628.30,837993200
2023-06-16,7628.30,7687.60,7627.80,7642.70,2009880700
2023-06-19,7642.70,7642.70,7581.80,7588.50,439722500
2023-06-20,7588.50,7607.50,7566.30,7569.30,584448300
2023-06-21,7569.30,7577.60,7520.90,7559.20,611718700
2023-06-22,7559.20,7559.20,7458.40,7502.00,677771300
2023-06-23,7502.00,7502.00,7439.70,7461.90,621489600
2023-06-26,7461.90,7476.50,7401.20,7453.60,850546800
2023-06-27,7453.60,7495.90,7428.10,7461.50,674737200
2023-06-28,7461.50,7518.30,7461.50,7500.50,642762300
2023-06-29,7500.50,7505.60,7460.50,7471.70,609425000
2023-06-30,7471.70,7551.60,7471.70,7531.50,729525300
2023-07-03,7531.50,7561.30,7513.90,7527.30,533889900
2023-07-04,7527.30,7547.40,7518.40,7519.70,664948700
2023-07-05,7519.70,7519.70,7434.70,7442.10,765061200
2023-07-06,7442.10,7442.10,7267.60,7280.50,744552600
2023-07-07,7280.50,7280.50,7229.60,7256.90,494690600
2023-07-10,7256.90,7306.10,7238.70,7273.80,428066100
2023-07-11,7273.80,7285.30,7239.20,7282.50,790355100
2023-07-12,7282.50,7425.10,7282.50,7416.10,994258000
2023-07-13,7416.10,7457.20,7409.30,7440.20,584537900
2023-07-14,7440.20,7480.40,7421.30,7434.60,620458500
2023-07-17,7434.60,7437.60,7395.70,7406.40,439714200
2023-07-18,7406.40,7459.20,7398.50,7453.70,464666400
2023-07-19,7453.70,7625.10,7453.70,7588.20,888485400
2023-07-20,7588.20,7661.90,7585.90,7646.10,637548700
2023-07-21,7646.10,7674.20,7639.50,7663.70,506950300
2023-07-24,7663.70,7685.00,7633.30,7678.60,521826500
2023-07-25,7678.60,7702.40,7676.50,7691.80,444691500
2023-07-26,7691.80,7702.70,7630.00,7676.90,807357200
2023-07-27,7676.90,7709.70,7662.40,7692.80,963946300
2023-07-28,7692.80,7716.80,7680.20,7694.30,713370800
2023-07-31,7694.30,7722.90,7667.80,7699.40,594121300
2023-08-01,7699.40,7715.20,7650.20,7666.30,557045700
2023-08-02,7666.30,7666.30,7522.20,7561.60,746909700
2023-08-03,7561.60,7562.10,7437.90,7529.20,1245242400
2023-08-04,7529.20,7569.60,7487.40,7564.40,524386200
2023-08-07,7564.40,7565.00,7505.20,7554.50,487016200
2023-08-08,7554.50,7554.50,7487.50,7527.40,862447700
2023-08-09,7527.40,7600.80,7527.40,7587.30,1098862000
2023-08-10,7587.30,7622.90,7572.60,7618.60,636901200
2023-08-11,7618.60,7618.60,7507.80,7524.20,494679400
2023-08-14,7524.20,7530.30,7476.50,7507.20,1154816600
2023-08-15,7507.20,7508.60,7369.70,7389.60,463377300
2023-08-16,7389.60,7398.20,7338.50,7356.90,687073100
2023-08-17,7356.90,7357.00,7305.00,7310.20,438920000
2023-08-18,7310.20,7310.20,7215.80,7262.40,571961300
2023-08-21,7262.40,7316.00,7250.90,7257.80,469504000
2023-08-22,7257.80,7310.50,7257.60,7270.80,747925500
2023-08-23,7270.80,7348.80,7270.80,7320.50,909639000
2023-08-24,7320.50,7386.10,7320.50,7333.60,377395800
2023-08-25,7333.60,7389.40,7327.00,7338.60,372649700
2023-08-29,7338.60,7471.10,7338.60,7465.00,1139311100
2023-08-30,7465.00,7509.40,7464.70,7473.70,536689700
2023-08-31,7473.70,7500.40,7439.10,7439.10,1143207100
2023-09-01,7439.10,7492.60,7439.10,7464.50,683056600
2023-09-04,7464.50,7523.40,7448.30,7452.80,391662300
2023-09-05,7452.80,7481.40,7389.80,7437.90,484546800
2023-09-06,7437.90,7447.90,7369.60,7426.10,448751100
2023-09-07,7426.10,7462.20,7385.90,7441.70,456225400
2023-09-08,7441.70,7480.60,7402.10,7478.20,651366100
2023-09-11,7478.20,7549.30,7467.40,7496.90,568717300
2023-09-12,7496.90,7550.20,7496.30,7527.50,670632100
2023-09-13,7527.50,7545.20,7490.40,7526.00,684595300
2023-09-14,7526.00,7687.00,7526.00,7673.10,746569800
2023-09-15,7673.10,7745.80,7673.10,7711.40,1804599000
2023-09-18,7711.40,7720.10,7641.80,7652.90,463379300
2023-09-19,7652.90,7682.40,7642.40,7660.20,595546000
2023-09-20,7660.20,7741.90,7659.60,7731.70,806482700
2023-09-21,7731.70,7746.50,7674.70,7678.60,1000693700
2023-09-22,7678.60,7735.20,7640.80,7683.90,989687600
2023-09-25,7683.90,7684.80,7580.80,7624.00,541205000
2023-09-26,7624.00,7656.90,7593.50,7625.70,546325000
2023-09-27,7625.70,7645.60,7577.20,7593.20,711885200
2023-09-28,7593.20,7605.60,7524.10,7601.90,642160800
2023-09-29,7601.90,7674.20,7601.90,7608.10,634751900
2023-10-02,7608.10,7630.40,7491.30,7510.70,570804100
2023-10-03,7510.70,7545.70,7466.60,7470.20,540181100
2023-10-04,7470.20,7490.20,7384.20,7412.50,1085406900
2023-10-05,7412.50,7488.60,7409.70,7451.50,615457100
2023-10-06,7451.50,7496.40,7423.40,7494.60,613195400
2023-10-09,7494.60,7540.60,7473.20,7492.20,738697000
2023-10-10,7492.20,7637.40,7492.20,7628.20,719653800
2023-10-11,7628.20,7652.00,7608.70,7620.00,630293300
2023-10-12,7620.00,7687.90,7620.00,7644.80,668028900
2023-10-13,7644.80,7660.10,7590.70,7599.60,567783300
2023-10-16,7599.60,7651.30,7584.60,7630.60,558336100
2023-10-17,7630.60,7682.60,7616.80,7675.20,668852200
2023-10-18,7675.20,7681.50,7579.30,7588.00,613430800
2023-10-19,7588.00,7588.00,7490.50,7499.50,727252500
2023-10-20,7499.50,7499.60,7395.60,7402.10,832451800
2023-10-23,7402.10,7402.20,7338.60,7374.80,502765900
2023-10-24,7374.80,7405.30,7325.00,7389.70,699266600
2023-10-25,7389.70,7428.10,7368.40,7414.30,681751000
2023-10-26,7414.30,7414.30,7342.50,7354.60,796762900
2023-10-27,7354.60,7380.30,7279.90,7291.30,642603800
2023-10-30,7291.30,7361.50,7291.30,7327.40,1011063900
2023-10-31,7327.40,7373.50,7309.00,7321.70,809030400
2023-11-01,7321.70,7385.40,7304.90,7342.40,764584800
2023-11-02,7342.40,7469.80,7342.40,7446.50,978092600
2023-11-03,7446.50,7482.70,7396.60,7417.70,750991900
2023-11-06,7417.70,7448.40,7403.50,7417.80,781306000
2023-11-07,7417.80,7431.10,7397.40,7410.00,592558500
2023-11-08,7410.00,7442.10,7384.50,7401.70,686578900
2023-11-09,7401.70,7465.30,7367.20,7455.70,657728700
2023-11-10,7455.70,7455.70,7320.00,7360.60,837842200
2023-11-13,7360.60,7426.10,7360.60,7425.80,649108100
2023-11-14,7425.80,7456.60,7386.70,7440.50,934829500
2023-11-15,7440.50,7533.80,7440.50,7486.90,741908600
2023-11-16,7486.90,7492.80,7409.40,7411.00,798697800
2023-11-17,7411.00,7509.00,7410.00,7504.30,668943200
2023-11-20,7504.30,7506.00,7472.70,7496.40,466773500
2023-11-21,7496.40,7496.90,7446.70,7482.00,533104500
2023-11-22,7482.00,7504.50,7452.00,7469.50,637243500
2023-11-23,7469.50,7494.80,7450.60,7483.60,610558000
2023-11-24,7483.60,7494.70,7450.10,7488.20,530714100
2023-11-27,7488.20,7488.30,7452.20,7460.70,399628100
2023-11-28,7460.70,7461.10,7403.30,7455.20,610114900
2023-11-29,7455.20,7457.50,7408.80,7423.50,532425900
2023-11-30,7423.50,7497.70,7387.10,7453.80,1276856800
2023-12-01,7453.80,7538.70,7453.80,7529.40,549661500
2023-12-04,7529.40,7533.80,7476.90,7513.00,851332900
2023-12-05,7513.00,7513.00,7460.20,7489.80,689771600
2023-12-06,7489.80,7542.60,7486.80,7515.40,1489645900
2023-12-07,7515.40,7523.60,7480.50,7513.70,811058900
2023-12-08,7513.70,7581.30,7509.80,7554.50,863626100
2023-12-11,7554.50,7557.40,7493.60,7544.90,872408400
2023-12-12,7544.90,7607.50,7542.40,7542.80,812300300
2023-12-13,7542.80,7584.90,7542.70,7548.40,998797500
2023-12-14,7548.40,7724.80,7548.40,7649.00,1517185300
2023-12-15,7649.00,7668.20,7569.00,7576.40,1645000000
2023-12-18,7576.40,7630.60,7557.20,7614.50,710048700
2023-12-19,7614.50,7642.20,7605.40,7638.00,961867300
2023-12-20,7638.00,7762.90,7637.90,7715.70,980983700
2023-12-21,7715.70,7715.70,7668.40,7694.70,603350200
2023-12-22,7694.70,7715.20,7676.40,7697.50,329604400
2023-12-27,7697.50,7759.70,7697.50,7725.00,432594200
2023-12-28,7725.00,7746.00,7708.70,7722.70,327536200
2023-12-29,7722.70,7746.90,7719.00,7733.20,235460600
2024-01-02,7733.20,7764.40,7689.00,7721.50,678041300
2024-01-03,7721.50,7744.60,7650.30,7682.30,857615300
2024-01-04,7682.30,7728.20,7678.80,7723.10,963235800
2024-01-05,7723.10,7723.10,7642.90,7689.60,701524000
2024-01-08,7689.60,7694.20,7636.10,7694.20,1055586300
2024-01-09,7694.20,7717.50,7675.10,7684.00,703141300
2024-01-10,7684.00,7684.00,7647.40,7651.80,668838800
2024-01-11,7651.80,7693.90,7576.60,7576.60,1306895000
2024-01-12,7576.60,7655.20,7576.60,7624.90,794125500
2024-01-15,7624.90,7637.80,7578.30,7594.90,740769500
2024-01-16,7594.90,7594.90,7538.90,7558.30,1128049600
2024-01-17,7558.30,7558.30,7404.10,7446.30,838880100
2024-01-18,7446.30,7471.70,7426.60,7459.10,883212400
2024-01-19,7459.10,7521.10,7450.90,7461.90,1242202400
2024-01-22,7461.90,7503.60,7456.00,7487.70,787927500
2024-01-23,7487.70,7525.10,7465.10,7485.70,1048392200
2024-01-24,7485.70,7538.90,7485.70,7527.70,869218500
2024-01-25,7527.70,7544.50,7507.00,7529.70,735927500
2024-01-26,7529.70,7651.80,7529.70,7635.10,1046240900
2024-01-29,7635.10,7664.90,7630.80,7632.70,636218800
2024-01-30,7632.70,7684.20,7632.70,7666.30,748149200
2024-01-31,7666.30,7689.70,7630.60,7630.60,952428700
2024-02-01,7630.60,7673.70,7607.90,7622.20,936217800
2024-02-02,7622.20,7670.90,7609.30,7615.50,859451400
2024-02-05,7615.50,7667.80,7598.70,7612.90,1350635500
2024-02-06,7612.90,7693.60,7612.90,7681.00,1499137700
2024-02-07,7681.00,7694.90,7626.20,7628.80,985234500
2024-02-08,7628.80,7653.40,7593.60,7595.50,709573100
2024-02-09,7595.50,7608.70,7557.40,7572.60,1091499500
2024-02-12,7572.60,7590.50,7555.50,7573.70,839183300
2024-02-13,7573.70,7585.30,7493.00,7512.30,1188999800
2024-02-14,7512.30,7590.10,7512.30,7568.40,1209576400
2024-02-15,7568.40,7612.30,7562.10,7597.50,850537300
2024-02-16,7597.50,7720.70,7597.50,7711.70,1074369500
2024-02-19,7711.70,7733.50,7692.50,7728.50,619639600
2024-02-20,7728.50,7748.70,7706.00,7719.20,889469600
2024-02-21,7719.20,7719.20,7642.80,7662.50,1271802800
2024-02-22,7662.50,7702.90,7651.70,7684.50,1408725800
2024-02-23,7684.50,7713.40,7675.20,7706.30,1080901500
2024-02-26,7706.30,7710.80,7676.80,7684.30,1210391900
2024-02-27,7684.30,7698.30,7669.70,7683.00,1132154000
2024-02-28,7683.00,7693.20,7620.40,7625.00,1227847900
2024-02-29,7625.00,7677.70,7622.90,7630.00,2026489200
2024-03-01,7630.00,7695.60,7630.00,7682.50,1307043500
2024-03-04,7682.50,7682.60,7623.20,7640.30,1075053400
2024-03-05,7640.30,7654.80,7598.50,7646.20,906735400
2024-03-06,7646.20,7701.30,7639.00,7679.30,1392688900
2024-03-07,7679.30,7711.80,7645.10,7692.50,1470190800
2024-03-08,7692.50,7693.90,7646.20,7659.70,927297500
2024-03-11,7659.70,7669.20,7612.60,7669.20,1203377500
2024-03-12,7669.20,7764.60,7669.20,7747.80,1136566100
2024-03-13,7747.80,7785.70,7738.70,7772.20,1336746300
2024-03-14,7772.20,7778.40,7719.10,7743.20,973121100
2024-03-15,7743.20,7761.10,7727.40,7727.40,2813498300
2024-03-18,7727.40,7750.20,7714.90,7722.60,1034442400
2024-03-19,7722.60,7739.70,7699.60,7738.30,1085005200
2024-03-20,7738.30,7749.40,7711.50,7737.40,1032409800
2024-03-21,7737.40,7901.80,7737.40,7882.60,1352537800
2024-03-22,7882.60,7961.40,7882.20,7930.90,1056237300
2024-03-25,7930.90,7939.40,7891.70,7917.60,1070739800
2024-03-26,7917.60,7934.40,7892.10,7931.00,1278455500
2024-03-27,7931.00,7938.10,7893.00,7932.00,1017867800
2024-03-28,7932.00,7975.40,7931.40,7952.60,1051189700
2024-04-02,7952.60,8015.60,7928.60,7935.10,1126449500
2024-04-03,7935.10,7937.40,7882.70,7937.40,1131676800
2024-04-04,7937.40,7990.40,7937.40,7975.90,1138495500
2024-04-05,7975.90,7975.90,7884.50,7911.20,951509100
2024-04-08,7911.20,7953.20,7887.90,7943.50,847327700
2024-04-09,7943.50,7962.80,7917.50,7934.80,1000931200
2024-04-10,7934.80,7999.80,7916.50,7961.20,1207706000
2024-04-11,7961.20,7970.10,7886.90,7923.80,1197883800
2024-04-12,7923.80,8045.00,7923.80,7995.60,937766700
2024-04-15,7995.60,8009.50,7952.10,7965.50,820441500
2024-04-16,7965.50,7965.50,7793.90,7820.40,1058250300
2024-04-17,7820.40,7893.60,7798.60,7848.00,939573900
2024-04-18,7848.00,7898.80,7845.90,7877.10,1222486300
2024-04-19,7877.10,7900.50,7809.70,7895.90,982567400
2024-04-22,7895.90,8042.80,7895.90,8023.90,1085332800
2024-04-23,8023.90,8076.50,8021.70,8044.80,1082600700
2024-04-24,8044.80,8092.20,8031.80,8040.40,1420290700
2024-04-25,8040.40,8105.60,8030.10,8078.90,1224259900
2024-04-26,8078.90,8146.80,8078.90,8139.80,904872200
2024-04-29,8139.80,8189.10,8136.70,8147.00,759963000
2024-04-30,8147.00,8200.00,8138.10,8144.10,868339500
2024-05-01,8144.10,8179.00,8111.40,8121.20,562235500
2024-05-02,8121.20,8178.80,8119.90,8172.20,919730600
2024-05-03,8172.20,8248.70,8172.20,8213.50,658456400
2024-05-07,8213.50,8335.70,8213.50,8313.70,1220562500
2024-05-08,8313.70,8365.30,8313.70,8354.10,1272316300
2024-05-09,8354.10,8396.30,8349.80,8381.40,1079046000
2024-05-10,8381.40,8455.80,8381.40,8433.80,698222200
2024-05-13,8433.80,8446.50,8409.20,8415.00,974791500
2024-05-14,8415.00,8448.70,8407.00,8428.10,1160778700
2024-05-15,8428.10,8474.40,8427.90,8445.80,1112620600
2024-05-16,8445.80,8455.70,8406.70,8438.70,889766900
2024-05-17,8438.70,8441.70,8401.40,8420.30,1034395100
2024-05-20,8420.30,8451.60,8418.00,8424.20,739021000
2024-05-21,8424.20,8424.20,8379.10,8416.50,1001396500
2024-05-22,8416.50,8416.50,8343.40,8370.30,1286558300
2024-05-23,8370.30,8385.20,8332.30,8339.20,1229161600
2024-05-24,8339.20,8339.20,8263.80,8317.60,779070900
2024-05-28,8317.60,8335.50,8241.30,8254.20,1202410100
2024-05-29,8254.20,8255.40,8180.00,8183.10,1014436000
2024-05-30,8183.10,8236.30,8148.50,8231.10,985401500
2024-05-31,8231.10,8289.20,8231.10,8275.40,2232006600
2024-06-03,8275.40,8371.70,8258.90,8262.80,1095687900
2024-06-04,8262.80,8263.40,8200.30,8232.00,1127695300
2024-06-05,8232.00,8276.60,8232.00,8247.00,879057500
2024-06-06,8247.00,8287.10,8247.00,8285.30,857611200
2024-06-07,8285.30,8297.00,8210.20,8245.40,779890300
2024-06-10,8245.40,8245.40,8183.50,8228.50,654032500
2024-06-11,8228.50,8261.70,8114.80,8147.80,1117142300
2024-06-12,8147.80,8243.20,8147.80,8215.50,1301184800
2024-06-13,8215.50,8215.50,8147.40,8163.70,834387100
2024-06-14,8163.70,8178.20,8112.90,8146.90,805001800
2024-06-17,8146.90,8187.30,8120.90,8142.20,834637300
2024-06-18,8142.20,8200.00,8142.20,8191.30,756939400
2024-06-19,8191.30,8212.70,8164.50,8205.10,697498200
2024-06-20,8205.10,8272.50,8203.60,8272.50,927926100
2024-06-21,8272.50,8282.70,8188.10,8237.70,1819197400
2024-06-24,8237.70,8307.90,8217.40,8281.60,895710300
2024-06-25,8281.60,8294.20,8245.70,8247.80,859380400
2024-06-26,8247.80,8302.00,8205.00,8225.30,1093912900
2024-06-27,8225.30,8232.90,8179.70,8179.70,754106600
2024-06-28,8179.70,8237.40,8162.70,8164.10,819548300
2024-07-01,8164.10,8225.10,8164.10,8166.80,0
2024-07-02,8166.80,8166.80,8106.80,8121.20,757009000
2024-07-03,8121.20,8178.00,8121.20,8171.10,859717100
2024-07-04,8171.10,8258.00,8171.00,8241.30,559314100
2024-07-05,8241.30,8279.80,8182.70,8203.90,1000832900
2024-07-08,8203.90,8232.80,8175.30,8193.50,704970200
2024-07-09,8193.50,8217.10,8132.50,8139.80,1039860100
2024-07-10,8139.80,8194.90,8138.20,8193.50,685247000
2024-07-11,8193.50,8231.80,8190.80,8223.30,582695700
2024-07-12,8223.30,8276.30,8223.30,8252.90,517847100
2024-07-15,8252.90,8252.90,8174.60,8183.00,549833100
2024-07-16,8183.00,8183.00,8126.10,8164.90,565898400
2024-07-17,8164.90,8204.30,8132.00,8187.50,746457300
2024-07-18,8187.50,8267.80,8187.50,8204.90,541507400
2024-07-19,8150.10,8184.30,8135.10,8155.70,665426100
2024-07-22,8155.70,8240.40,8155.70,8198.80,782317000
2024-07-23,8198.80,8228.10,8151.50,8167.40,882774300
2024-07-24,8167.40,8170.70,8112.00,8153.70,614501800
2024-07-25,8153.70,8187.50,8056.00,8186.40,1025703700
2024-07-26,8186.40,8290.30,8181.20,8285.70,659245500
2024-07-29,8285.70,8368.40,8285.70,8292.40,780780900
2024-07-30,8292.40,8297.90,8235.60,8274.40,706783100
2024-07-31,8274.40,8399.90,8274.40,8368.00,839006300
2024-08-01,8368.00,8405.20,8268.10,8283.40,911054200
2024-08-02,8283.40,8283.40,8158.00,8174.70,1234144400
2024-08-05,8174.70,8174.70,7915.90,8008.20,1648338500
2024-08-06,8008.20,8058.30,7949.90,8026.70,1282405500
2024-08-07,8026.70,8177.00,8026.70,8166.90,816442600
2024-08-08,8166.90,8166.90,8064.30,8145.00,755462800
2024-08-09,8145.00,8203.50,8144.40,8168.10,873989200
2024-08-12,8168.10,8223.50,8168.10,8210.30,1655696200
2024-08-13,8210.30,8244.40,8188.00,8235.20,532750100
2024-08-14,8235.20,8288.70,8230.70,8281.10,610726800
2024-08-15,8281.10,8367.00,8277.10,8347.40,863763000
2024-08-16,8347.40,8350.40,8292.00,8311.40,515420800
2024-08-19,8311.40,8374.00,8286.50,8356.90,637975500
2024-08-20,8356.90,8356.90,8270.70,8273.30,492210300
2024-08-21,8273.30,8295.90,8263.00,8283.40,825049200
2024-08-22,8283.40,8318.60,8277.00,8288.00,797295800
2024-08-23,8288.00,8331.90,8288.00,8327.80,615482100
2024-08-27,8327.80,8400.40,8327.80,8345.50,785508100
2024-08-28,8345.50,8362.70,8322.30,8343.90,624469700
2024-08-29,8343.90,8392.40,8336.60,8379.60,613890100
2024-08-30,8379.60,8414.40,8363.70,8376.60,1081528600
2024-09-02,8376.60,8380.10,8353.20,8363.80,510920500
2024-09-03,8363.80,8381.00,8286.60,8298.50,1022494600
2024-09-04,8298.50,8298.50,8219.30,8269.60,724921200
2024-09-05,8269.60,8285.60,8241.70,8241.70,738779600
2024-09-06,8241.70,8260.70,8168.40,8181.50,704014000
2024-09-09,8181.50,8274.70,8181.50,8270.80,626820000
2024-09-10,8270.80,8271.10,8195.10,8206.00,815663300
2024-09-11,8206.00,8232.80,8170.00,8193.90,867081200
2024-09-12,8193.90,8301.40,8193.90,8241.00,1071633400
2024-09-13,8241.00,8287.90,8230.80,8273.10,535984000
2024-09-16,8273.10,8290.00,8247.90,8278.40,451756300
2024-09-17,8278.40,8351.70,8278.40,8309.90,746474800
2024-09-18,8309.90,8310.00,8245.70,8253.70,800042600
2024-09-19,8253.70,8370.50,8253.70,8328.70,861254500
2024-09-20,8328.70,8328.70,8223.80,8230.00,1575731600
2024-09-23,8230.00,8262.50,8210.10,8259.70,653474700
2024-09-24,8259.70,8309.80,8259.50,8282.80,1018907500
2024-09-25,8282.80,8319.40,8243.00,8268.70,712916300
2024-09-26,8268.70,8332.90,8262.00,8284.90,835609300
2024-09-27,8284.90,8334.60,8283.50,8320.80,801571600
2024-09-30,8320.80,8324.60,8234.00,8237.00,831097600
2024-10-01,8237.00,8291.10,8226.20,8276.70,928541100
2024-10-02,8276.70,8322.60,8267.60,8290.90,804855900
2024-10-03,8290.90,8332.70,8262.00,8282.50,918547500
2024-10-04,8282.50,8300.70,8234.20,8280.60,721509500
2024-10-07,8280.60,8323.40,8260.10,8303.60,645451200
2024-10-08,8303.60,8303.60,8184.00,8190.60,754710600
2024-10-09,8190.60,8244.40,8188.70,8243.70,501110700
2024-10-10,8243.70,8272.50,8218.40,8237.70,675185500
2024-10-11,8237.70,8265.70,8211.90,8253.70,519343300
2024-10-14,8253.70,8292.70,8237.70,8292.70,652695500
2024-10-15,8292.70,8306.20,8242.00,8249.30,836071600
2024-10-16,8249.30,8346.60,8249.30,8329.10,983516200
2024-10-17,8329.10,8395.60,8322.10,8385.10,910215100
2024-10-18,8385.10,8385.10,8315.90,8358.30,790396700
2024-10-21,8358.30,8391.80,8318.20,8318.20,641070600
2024-10-22,8318.20,8318.20,8252.40,8306.50,628688300
2024-10-23,8306.50,8323.20,8252.40,8258.60,750920700
2024-10-24,8258.60,8337.70,8256.80,8269.40,1021483500
2024-10-25,8269.40,8278.10,8246.20,8248.80,963757400
2024-10-28,8248.80,8293.60,8208.90,8285.60,1029866000
2024-10-29,8285.60,8325.50,8215.30,8219.60,1071605800
2024-10-30,8219.60,8219.60,8153.80,8159.60,1059873900
2024-10-31,8159.60,8159.60,8071.70,8110.10,1073856200
2024-11-01,8110.10,8202.60,8105.30,8177.20,865735500
2024-11-04,8177.20,8239.90,8175.80,8184.20,933157300
2024-11-05,8184.20,8215.80,8148.30,8172.40,841056500
2024-11-06,8172.40,8301.80,8144.30,8166.70,1036073800
2024-11-07,8166.70,8195.30,8140.70,8140.70,961904700
2024-11-08,8140.70,8156.50,8060.90,8072.40,833664800
2024-11-11,8072.40,8148.20,8072.40,8125.20,648655300
2024-11-12,8125.20,8125.20,8018.60,8025.80,973035400
2024-11-13,8025.80,8062.70,7995.90,8030.30,1001024100
2024-11-14,8030.30,8083.10,8012.80,8071.20,662893000
2024-11-15,8071.20,8091.90,8030.00,8063.60,740001000
2024-11-18,8063.60,8109.30,8054.10,8109.30,800777400
2024-11-19,8109.30,8145.90,8052.00,8099.00,740741000
2024-11-20,8099.00,8128.40,8074.20,8085.10,744104500
2024-11-21,8085.10,8152.90,8065.20,8149.30,856150000
2024-11-22,8149.30,8274.80,8149.30,8262.10,791049500
2024-11-25,8262.10,8307.30,8261.80,8291.70,1952081800
2024-11-26,8291.70,8291.70,8245.80,8258.60,771580100
2024-11-27,8258.60,8280.00,8237.70,8274.80,658162500
2024-11-28,8274.80,8303.80,8271.90,8281.20,515831900
2024-11-29,8281.20,8292.50,8252.90,8287.30,588369200
2024-12-02,8287.30,8332.00,8274.70,8312.90,822818500
2024-12-03,8312.90,8388.40,8311.90,8359.40,815525800
2024-12-04,8359.40,8362.80,8322.80,8335.80,760035100
2024-12-05,8335.80,8350.70,8321.60,8349.40,855079400
2024-12-06,8349.40,8357.60,8303.50,8308.60,1058504800
2024-12-09,8308.60,8372.10,8308.60,8352.10,731046000
2024-12-10,8352.10,8352.10,8274.50,8280.40,605634700
2024-12-11,8280.40,8318.90,8248.40,8301.60,1274444500
2024-12-12,8301.60,8331.10,8300.20,8311.80,584951900
2024-12-13,8311.80,8331.90,8282.40,8300.30,653230000
2024-12-16,8300.30,8305.20,8254.10,8262.10,621726000
2024-12-17,8262.10,8262.10,8190.20,8195.20,1176055700
2024-12-18,8195.20,8231.80,8191.60,8199.10,836400800
2024-12-19,8199.10,8199.10,8079.00,8105.30,802810600
2024-12-20,8105.30,8105.80,8002.30,8084.60,1608807700
2024-12-23,8084.60,8111.40,8051.90,8102.70,573891100
2024-12-24,8102.70,8152.00,8102.70,8137.00,243246600
2024-12-27,8137.00,8151.30,8112.30,8149.80,356239100
2024-12-30,8149.80,8149.80,8094.90,8121.00,325039700
2024-12-31,8121.00,8180.40,8096.70,8173.00,203355200
2025-01-02,8173.00,8270.60,8160.60,8260.10,422219900
2025-01-03,8260.10,8269.00,8219.70,8224.00,742503900
2025-01-06,8224.00,8249.70,8197.50,8249.70,766244700
2025-01-07,8249.70,8251.80,8190.50,8245.30,741506800
2025-01-08,8245.30,8267.40,8189.50,8251.00,899645300
2025-01-09,8251.00,8322.60,8243.20,8319.70,837818000
2025-01-10,8319.70,8326.30,8247.60,8248.50,912377200
2025-01-13,8248.50,8254.00,8192.30,8224.20,896847800
2025-01-14,8224.20,8244.30,8193.50,8201.50,955210200
2025-01-15,8201.50,8307.60,8199.60,8301.10,1038434200
2025-01-16,8301.10,8391.90,8301.10,8391.90,801801600
2025-01-17,8391.90,8533.40,8391.80,8505.20,1066188700
2025-01-20,8505.20,8548.60,8501.80,8520.50,731489400
2025-01-21,8520.50,8550.40,8513.40,8548.30,793665300
2025-01-22,8548.30,8584.70,8527.80,8545.10,993162800
2025-01-23,8545.10,8572.50,8532.10,8565.20,1052013500
2025-01-24,8565.20,8586.70,8492.70,8502.40,699240800
2025-01-27,8502.40,8514.20,8462.20,8503.70,684095200
2025-01-28,8503.70,8573.00,8503.60,8533.90,762856300
2025-01-29,8533.90,8584.10,8518.30,8557.80,769283700
2025-01-30,8557.80,8655.20,8547.90,8646.90,641234300
2025-01-31,8646.90,8692.80,8646.90,8674.00,1136186800
2025-02-03,8674.00,8674.00,8520.20,8583.60,776851300
2025-02-04,8583.60,8583.60,8524.70,8570.80,1132804200
2025-02-05,8570.80,8623.30,8550.20,8623.30,794984000
2025-02-06,8623.30,8767.50,8623.30,8727.30,776192500
2025-02-07,8727.30,8728.90,8685.80,8700.50,993507700
2025-02-10,8700.50,8785.90,8694.60,8767.80,835975800
2025-02-11,8767.80,8789.60,8750.50,8777.40,900729100
2025-02-12,8777.40,8810.60,8759.40,8807.40,853097300
2025-02-13,8807.40,8820.90,8729.60,8764.70,873981500
2025-02-14,8764.70,8767.70,8717.50,8732.50,900486200
2025-02-17,8732.50,8769.10,8725.30,8768.00,628962700
2025-02-18,8768.00,8787.70,8757.80,8766.70,681039100
2025-02-19,8766.70,8771.20,8696.90,8712.50,763343900
2025-02-20,8712.50,8712.70,8650.80,8663.00,1295365000
2025-02-21,8663.00,8684.80,8638.60,8659.40,987174200
2025-02-24,8659.40,8688.30,8614.10,8659.00,793153400
2025-02-25,8659.00,8712.20,8628.10,8668.70,918642700
2025-02-26,8668.70,8738.30,8668.70,8731.50,983507000
2025-02-27,8731.50,8768.10,8680.60,8756.20,1169088400
2025-02-28,8756.20,8810.50,8715.40,8809.70,2236877400
2025-03-03,8809.70,8908.80,8809.70,8871.30,1257576300
2025-03-04,8871.30,8873.70,8746.00,8759.00,1075235300
2025-03-05,8759.00,8835.70,8752.50,8755.80,1274923200
2025-03-06,8755.80,8778.20,8645.80,8682.80,1027583200
2025-03-07,8682.80,8701.30,8627.30,8679.90,916305900
2025-03-10,8679.90,8700.80,8591.60,8600.20,1518951000
2025-03-11,8600.20,8603.90,8481.10,8496.00,1065664100
2025-03-12,8496.00,8565.50,8496.00,8541.00,974845500
2025-03-13,8541.00,8581.60,8513.70,8542.60,772709400
2025-03-14,8542.60,8642.80,8538.10,8632.30,770290500
2025-03-17,8632.30,8688.40,8625.00,8680.30,845612500
2025-03-18,8680.30,8727.00,8680.30,8705.20,1112954700
2025-03-19,8705.20,8718.70,8662.60,8706.70,824383600
2025-03-20,8706.70,8742.80,8665.30,8702.00,918761900
2025-03-21,8702.00,8702.00,8616.00,8646.80,1930845700
2025-03-24,8646.80,8695.60,8616.40,8638.00,617343400
2025-03-25,8638.00,8717.00,8638.00,8663.80,1090882500
2025-03-26,8663.80,8714.80,8656.40,8689.60,704514600
2025-03-27,8689.60,8689.70,8611.40,8666.10,702932000
2025-03-28,8666.10,8694.20,8636.90,8658.90,747545800
2025-03-31,8658.90,8658.90,8531.00,8582.80,925075000
2025-04-01,8582.80,8671.90,8581.90,8634.80,682410100
2025-04-02,8634.80,8634.80,8548.30,8608.50,601417800
2025-04-03,8608.50,8608.50,8453.20,8474.70,1403210800
2025-04-04,8474.70,8474.70,8023.50,8055.00,1572146400
2025-04-07,8055.00,8055.00,7544.80,7702.10,2001791200
2025-04-08,7702.10,7984.20,7702.10,7910.50,1346508600
2025-04-09,7910.50,7910.50,7599.60,7679.50,1348496400
2025-04-10,7679.50,8166.50,7679.50,7913.30,1430098700
2025-04-11,7913.30,8000.80,7862.70,7964.20,1328746600
2025-04-14,7964.20,8160.20,7964.20,8134.30,712694800
2025-04-15,8134.30,8257.80,8134.00,8249.10,830488500
2025-04-16,8249.10,8281.10,8177.00,8275.60,804660100
2025-04-17,8275.60,8295.10,8195.70,8275.70,735769800
2025-04-22,8275.70,8337.70,8262.50,8328.60,1042190300
2025-04-23,8328.60,8467.80,8328.30,8403.20,1043916400
2025-04-24,8403.20,8415.10,8361.80,8407.40,1126605500
2025-04-25,8407.40,8442.70,8397.10,8415.30,802734000
2025-04-28,8415.30,8452.60,8415.20,8417.30,738741700
2025-04-29,8417.30,8470.40,8404.10,8463.50,655924800
2025-04-30,8463.50,8494.90,8430.50,8494.90,1589592400
2025-05-01,8494.90,8505.30,8468.30,8496.80,527568800
2025-05-02,8496.80,8622.10,8496.80,8596.40,908575200
2025-05-06,8596.40,8641.70,8569.10,8597.40,980036200
2025-05-07,8597.40,8600.00,8533.60,8559.30,1265512400
2025-05-08,8559.30,8607.70,8514.00,8531.60,894696500
2025-05-09,8531.60,8581.50,8531.60,8554.80,697106500
2025-05-12,8554.80,8646.30,8546.30,8605.00,804071800
2025-05-13,8605.00,8623.80,8583.90,8602.90,694005000
2025-05-14,8602.90,8616.10,8558.20,8585.00,857059700
2025-05-15,8585.00,8634.60,8531.10,8633.80,1229933100
2025-05-16,8633.80,8697.00,8633.60,8684.60,950109800
2025-05-19,8684.60,8699.30,8613.50,8699.30,890111700
2025-05-20,8699.30,8789.40,8698.10,8781.10,950651400
2025-05-21,8781.10,8798.50,8762.00,8786.50,923718700
2025-05-22,8786.50,8786.50,8689.40,8739.30,815431200
2025-05-23,8739.30,8779.40,8604.80,8718.00,1051526200
2025-05-27,8718.00,8824.00,8718.00,8778.10,840001900
2025-05-28,8778.10,8799.80,8726.00,8726.00,816619700
2025-05-29,8726.00,8776.30,8709.10,8716.50,973200900
2025-05-30,8716.50,8790.50,8715.60,8772.40,1740609200
2025-06-02,8772.40,8792.10,8730.60,8774.30,669303400
2025-06-03,8774.30,8801.50,8738.50,8787.00,690088000
2025-06-04,8787.00,8821.40,8780.40,8801.30,741650200
2025-06-05,8801.30,8838.80,8782.10,8811.00,722917300
2025-06-06,8811.00,8851.40,8805.60,8837.90,718102200
2025-06-09,8837.90,8850.90,8812.10,8832.30,573091300
2025-06-10,8832.30,8886.10,8832.30,8853.10,734467300
2025-06-11,8853.10,8885.40,8847.30,8864.40,805983200
2025-06-12,8864.40,8896.90,8843.60,8884.90,767509300
2025-06-13,8884.90,8898.60,8822.20,8850.60,711772600
2025-06-16,8850.60,8902.40,8850.60,8875.20,842787400
2025-06-17,8875.20,8875.20,8809.90,8834.00,851103300
2025-06-18,8834.00,8858.60,8820.40,8843.50,657935000
2025-06-19,8843.50,8844.10,8788.80,8791.80,481335200
2025-06-20,8791.80,8847.30,8772.30,8774.70,1831139500
2025-06-23,8774.70,8787.10,8741.40,8758.00,611232900
2025-06-24,8758.00,8831.90,8758.00,8759.00,1063635300
2025-06-25,8759.00,8792.40,8716.20,8718.80,699302400
2025-06-26,8718.80,8757.10,8707.70,8735.60,768435000
2025-06-27,8735.60,8798.90,8735.60,8798.90,711522100
2025-06-30,8798.90,8818.40,8761.00,8761.00,713304300
2025-07-01,8761.00,8790.80,8726.90,8785.30,766020100
2025-07-02,8785.30,8828.20,8739.00,8774.70,1097788200
2025-07-03,8774.70,8837.80,8774.70,8823.20,651280900
2025-07-04,8823.20,8830.90,8782.10,8822.90,444807000
2025-07-07,8822.90,8836.90,8798.70,8806.50,580213300
2025-07-08,8806.50,8854.20,8803.30,8854.20,698144300
2025-07-09,8854.20,8887.70,8854.20,8867.00,707584400
2025-07-10,8867.00,8979.40,8867.00,8975.70,750104900
2025-07-11,8975.70,8984.10,8918.50,8941.10,685521300
2025-07-14,8941.10,8999.20,8931.10,8998.10,514090200
2025-07-15,8998.10,9017.00,8938.30,8938.30,688056100
2025-07-16,8938.30,8972.30,8926.60,8926.60,633643300
2025-07-17,8926.60,8982.80,8926.60,8972.60,566360500
2025-07-18,8972.60,9016.40,8969.10,8992.10,678409600
2025-07-21,8992.10,9013.00,8975.20,9013.00,770772700
2025-07-22,9013.00,9035.40,8995.10,9023.80,637414800
2025-07-23,9023.80,9080.10,9023.30,9061.50,716780800
2025-07-24,9061.50,9158.20,9060.70,9138.40,800722200
2025-07-25,9138.40,9145.00,9094.70,9120.30,1064163700
2025-07-28,9120.30,9169.00,9058.40,9081.40,543629900
2025-07-29,9081.40,9163.20,9076.40,9136.30,717674800
2025-07-30,9136.30,9146.80,9091.50,9136.90,774736700
2025-07-31,9136.90,9190.70,9115.80,9132.80,926035400
2025-08-01,9132.80,9132.80,9027.90,9068.60,750993500
2025-08-04,9068.60,9129.10,9068.10,9128.30,1259903600
2025-08-05,9128.30,9178.00,9126.60,9142.70,815463500
2025-08-06,9142.70,9184.20,9142.70,9164.30,902688800
2025-08-07,9164.30,9164.30,9084.50,9100.80,857875100
2025-08-08,9100.80,9127.10,9079.90,9095.70,874135800
2025-08-11,9095.70,9137.70,9093.20,9129.70,574794700
2025-08-12,9129.70,9165.00,9119.40,9147.80,620578300
2025-08-13,9147.80,9182.70,9142.40,9165.20,668377900
2025-08-14,9165.20,9177.20,9133.70,9177.20,558589800
2025-08-15,9177.20,9222.10,9129.50,9138.90,637843000
2025-08-18,9138.90,9165.70,9126.90,9157.70,904487300
2025-08-19,9157.70,9197.10,9154.80,9189.20,638477900
2025-08-20,9189.20,9301.20,9166.80,9288.10,738157900
2025-08-21,9288.10,9309.20,9257.50,9309.20,471872700
2025-08-22,9309.20,9357.50,9285.60,9321.40,503779500
2025-08-26,9321.40,9325.90,9249.60,9265.80,1238002200
2025-08-27,9265.80,9301.90,9230.60,9255.50,580184000
2025-08-28,9255.50,9270.00,9207.40,9216.80,545856600
2025-08-29,9216.80,9223.10,9179.20,9187.30,786259500
2025-09-01,9187.30,9226.60,9179.80,9196.30,432004700
2025-09-02,9196.30,9196.50,9108.20,9116.70,704169000
2025-09-03,9116.70,9179.60,9107.40,9178.00,705659700
2025-09-04,9178.00,9231.40,9155.50,9216.90,487597700
2025-09-05,9216.90,9253.50,9197.60,9208.20,524336500
2025-09-08,9208.20,9234.90,9190.60,9221.40,478762300
2025-09-09,9221.40,9254.30,9221.40,9242.50,679753900
2025-09-10,9242.50,9290.60,9222.40,9225.40,1101672800
2025-09-11,9225.40,9297.60,9225.40,9297.60,628343100
2025-09-12,9297.60,9340.70,9283.30,9283.30,640038400
2025-09-15,9283.30,9314.40,9262.70,9277.00,896734100
2025-09-16,9277.00,9282.10,9195.70,9195.70,1160022600
2025-09-17,9195.70,9245.70,9195.70,9208.40,550017700
2025-09-18,9208.40,9245.20,9208.30,9228.10,641326900
2025-09-19,9228.10,9251.00,9207.70,9216.70,1741545500
2025-09-22,9216.70,9234.60,9194.30,9226.70,608280800
2025-09-23,9226.70,9266.90,9223.30,9223.30,690489000
2025-09-24,9223.30,9266.40,9177.10,9250.40,631425700
2025-09-25,9250.40,9251.20,9203.20,9214.00,652023200
2025-09-26,9214.00,9292.10,9208.50,9284.80,687681900
2025-09-29,9284.80,9354.60,9284.80,9299.80,546230500
2025-09-30,9299.80,9363.60,9266.30,9350.40,770556700
2025-10-01,9350.50,9457.90,9347.60,9446.40,853312200
2025-10-02,9446.40,9475.10,9417.60,9427.70,650916500
2025-10-03,9427.70,9494.60,9425.00,9491.30,596685900
2025-10-06,9491.20,9516.80,9465.40,9479.10,608049100
2025-10-07,9479.10,9507.10,9473.10,9483.60,647484600
2025-10-08,9483.60,9577.10,9483.60,9548.90,800211500
2025-10-09,9548.90,9565.50,9501.10,9509.40,963047900
2025-10-10,9509.40,9520.00,9414.60,9427.50,633596500
2025-10-13,9427.50,9459.90,9409.70,9442.90,866346000
2025-10-14,9442.90,9454.30,9384.20,9452.80,715453800
2025-10-15,9452.80,9474.30,9395.10,9424.80,610965100
2025-10-16,9424.80,9436.10,9389.70,9436.10,451574500
2025-10-17,9436.10,9436.10,9276.90,9354.60,751531100
2025-10-20,9354.50,9416.40,9354.50,9403.60,612224700
2025-10-21,9403.60,9441.20,9403.50,9427.00,612553400
2025-10-22,9427.10,9545.20,9427.10,9515.00,1047120500
2025-10-23,9515.00,9594.80,9505.70,9578.60,814894500
2025-10-24,9578.60,9645.60,9560.50,9645.60,779192300
2025-10-27,9645.60,9672.70,9632.80,9653.80,729163900
2025-10-28,9653.80,9727.10,9645.40,9696.70,708743000
2025-10-29,9696.80,9787.60,9696.80,9756.10,752470200
2025-10-30,9756.10,9763.40,9690.00,9760.10,893377000
2025-10-31,9760.10,9761.80,9697.00,9717.30,596284500
2025-11-03,9717.30,9745.60,9695.90,9701.40,848988200
2025-11-04,9701.40,9715.00,9574.20,9715.00,1023130000
2025-11-05,9715.00,9786.80,9680.50,9777.10,862811200
2025-11-06,9777.10,9786.10,9723.90,9735.80,938291200
2025-11-07,9735.80,9735.80,9639.00,9682.60,747990900
2025-11-10,9682.60,9800.40,9682.60,9787.20,761287500
2025-11-11,9787.20,9912.90,9787.20,9899.60,924385900
2025-11-12,9899.60,9930.10,9878.30,9911.40,814638100
2025-11-13,9911.40,9913.20,9804.80,9807.70,626791500
2025-11-14,9807.70,9807.70,9610.50,9698.40,715744700
2025-11-17,9698.40,9707.70,9667.90,9675.40,812453900
2025-11-18,9675.40,9675.60,9511.70,9552.30,804147700
2025-11-19,9552.30,9568.50,9507.40,9507.40,866995100
2025-11-20,9507.40,9593.80,9507.40,9527.70,808216600
2025-11-21,9527.70,9541.20,9423.90,9539.70,805279800
2025-11-24,9539.70,9592.60,9524.70,9534.90,1668886000
2025-11-25,9534.90,9615.60,9521.50,9609.50,785920000
2025-11-26,9609.60,9704.30,9593.30,9691.60,1115421300
2025-11-27,9691.60,9699.80,9658.90,9693.90,768475200
2025-11-28,9694.00,9740.20,9694.00,9720.50,537586900
2025-12-01,9720.60,9735.40,9686.90,9702.50,823282000
2025-12-02,9702.50,9744.80,9682.30,9701.80,654140300
2025-12-03,9701.80,9711.30,9677.70,9692.10,750194100
2025-12-04,9692.10,9727.60,9674.80,9710.90,899242300
2025-12-05,9710.90,9738.30,9667.00,9667.00,592674800
2025-12-08,9667.10,9692.40,9629.20,9645.10,777520000
2025-12-09,9645.10,9673.20,9630.90,9642.00,787104800
2025-12-10,9642.00,9689.50,9622.70,9655.50,932473800
2025-12-11,9655.60,9715.30,9635.30,9703.20,637684000
2025-12-12,9703.20,9761.50,9639.30,9649.00,601108600
2025-12-15,9649.00,9769.00,9649.00,9751.30,656861100
2025-12-16,9751.30,9764.80,9655.70,9684.80,760319300
2025-12-17,9684.80,9853.10,9684.80,9774.30,842799500
2025-12-18,9774.30,9845.10,9748.30,9837.80,702927400
2025-12-19,9837.80,9903.10,9819.40,9897.40,1611302500
2025-12-22,9897.40,9898.00,9829.40,9866.00,466411600
2025-12-23,9865.90,9901.50,9846.30,9889.20,534194000
2025-12-24,9889.20,9893.20,9862.00,9870.70,163408500
2025-12-29,9870.70,9892.80,9858.50,9866.50,347896700
2025-12-30,9866.50,9954.30,9859.80,9940.70,364742100
2025-12-31,9940.70,9950.10,9916.70,9931.40,176045300
2026-01-02,9931.30,10046.30,9930.80,9951.10,627469100
2026-01-05,9951.50,10022.10,9951.50,10004.60,713151500
2026-01-06,10004.40,10158.40,10003.80,10122.70,718171700
2026-01-07,10122.80,10124.80,10032.70,10048.20,705731900
2026-01-08,10048.40,10059.40,9995.90,10044.70,751003900
2026-01-09,10044.70,10135.70,10032.90,10124.60,714290200
2026-01-12,10124.50,10149.70,10089.90,10140.70,652275500
2026-01-13,10140.70,10152.50,10097.10,10137.40,956031500
2026-01-14,10137.30,10184.40,10135.40,10184.40,717891900
2026-01-15,10184.40,10250.50,10173.50,10238.90,1132107400
2026-01-16,10238.90,10257.80,10212.80,10235.30,870108800
2026-01-19,10235.30,10235.30,10166.30,10195.40,628321300
2026-01-20,10195.20,10195.20,10050.20,10126.80,986370500
2026-01-21,10126.90,10161.50,10093.70,10138.10,758651200
2026-01-22,10138.10,10226.50,10138.10,10150.10,790113900
2026-01-23,10150.10,10184.10,10131.80,10143.40,630823700
2026-01-26,10143.10,10184.90,10125.30,10148.90,659600800
2026-01-27,10149.00,10228.20,10147.50,10207.80,763839700
2026-01-28,10207.60,10225.50,10144.70,10154.40,785126300
2026-01-29,10154.20,10277.70,10154.20,10171.80,794022100
2026-01-30,10171.80,10234.00,10141.60,10223.50,832508200
2026-02-02,10223.70,10345.50,10145.40,10341.60,951139400
2026-02-03,10341.30,10373.30,10232.20,10314.60,874101200
2026-02-04,10314.50,10481.50,10308.00,10402.30,930136600
2026-02-05,10402.60,10404.00,10289.30,10309.20,1277189600
2026-02-06,10309.10,10380.50,10253.20,10369.80,758885000
2026-02-09,10369.80,10420.30,10316.00,10386.20,1018460900
2026-02-10,10386.20,10402.20,10330.80,10353.80,993226600
2026-02-11,10353.80,10493.80,10353.80,10472.10,961824500
2026-02-12,10472.20,10535.80,10392.00,10402.40,1022354000
2026-02-13,10402.50,10454.50,10380.90,10446.40,1406698800
2026-02-16,10446.30,10490.10,10446.30,10473.70,540732700
2026-02-17,10474.00,10556.20,10472.70,10556.20,650471900
2026-02-18,10556.00,10715.80,10554.00,10686.20,1080504800
2026-02-19,10686.40,10687.40,10597.60,10627.00,1134090700
2026-02-20,10627.00,10745.80,10626.70,10686.90,798124100
2026-02-23,10686.80,10738.70,10660.00,10684.70,702118900
2026-02-24,10684.90,10717.70,10645.80,10680.60,999959100
2026-02-25,10680.70,10806.40,10680.70,10806.40,1270688000
2026-02-26,10806.40,10856.80,10770.80,10846.70,853819000
2026-02-27,10846.90,10934.90,10845.50,10910.60,1531094400
2026-03-02,10911.00,10911.00,10731.90,10780.10,1305516300
2026-03-03,10780.30,10780.30,10406.10,10484.10,1502778100
2026-03-04,10483.90,10588.80,10443.50,10567.70,1040017600
2026-03-05,10567.70,10636.10,10402.00,10413.90,978325000
2026-03-06,10413.60,10481.10,10234.50,10284.80,1060629000
2026-03-09,10285.00,10285.00,10082.00,10249.50,1073211800
2026-03-10,10249.20,10447.50,10235.40,10412.20,1224090500
2026-03-11,10412.30,10412.30,10293.80,10353.80,1036944800
2026-03-12,10353.80,10355.30,10258.40,10305.20,1083987200
2026-03-13,10305.50,10367.40,10200.20,10261.20,816906000
2026-03-16,10261.10,10376.50,10255.30,10317.70,896903000
2026-03-17,10317.60,10436.10,10317.60,10403.60,886665000
2026-03-18,10403.50,10447.70,10279.10,10305.30,861491600
2026-03-19,10305.60,10305.60,9997.40,10063.50,1157510300
2026-03-20,10063.30,10127.60,9915.70,9918.30,2623375100
2026-03-23,9918.50,10036.70,9670.50,9894.20,1660414200
2026-03-24,9894.00,9972.70,9839.20,9965.20,1214990300
2026-03-25,9965.20,10118.20,9965.20,10106.80,816852200
2026-03-26,10107.00,10107.00,9956.30,9972.20,791260400
2026-03-27,9972.30,10024.10,9883.20,9967.40,1115045000
2026-03-30,9967.50,10135.10,9958.10,10128.00,954019300
2026-03-31,10127.90,10245.80,10118.70,10176.50,973401800
2026-04-01,10174.90,10396.60,10169.30,10364.80,1154225300
2026-04-02,10366.30,10465.20,10287.90,10436.30,1340450500
2026-04-07,10436.20,10487.70,10330.90,10348.80,844673500
2026-04-08,10345.90,10687.90,10345.90,10608.90,1387131200
2026-04-09,10609.60,10643.60,10552.90,10603.50,696338500
2026-04-10,10603.60,10657.60,10576.00,10600.50,1100435500
2026-04-13,10601.50,10607.70,10528.60,10583.00,1076503400
2026-04-14,10581.90,10630.40,10569.80,10609.10,866212200
2026-04-15,10609.20,10640.00,10559.60,10559.60,808554800
2026-04-16,10559.60,10645.90,10555.50,10590.00,649656900
2026-04-17,10590.40,10667.60,10548.90,10667.60,939622000
2026-04-20,10668.40,10683.70,10583.20,10609.10,923835300
2026-04-21,10609.40,10635.00,10487.90,10498.10,734873800
2026-04-22,10497.90,10523.20,10468.00,10476.50,842843100
2026-04-23,10476.80,10477.20,10361.50,10457.00,799001700
2026-04-24,10457.70,10462.50,10365.90,10379.10,649201500
2026-04-27,10378.50,10410.80,10318.30,10321.10,939012800
2026-04-28,10321.80,10381.90,10288.70,10332.80,931577500
2026-04-29,10332.90,10338.30,10188.70,10213.10,947569000
2026-04-30,10213.30,10387.60,10205.20,10378.80,1148625600
2026-05-01,10378.40,10378.50,10294.20,10363.90,857577100
2026-05-05,10365.40,10365.40,10164.30,10219.10,1130541900
2026-05-06,10218.80,10488.20,10218.80,10438.70,1075796500
2026-05-07,10438.60,10440.60,10277.00,10277.00,1003984800
2026-05-08,10277.40,10278.70,10185.00,10233.10,747839300
2026-05-11,10233.60,10286.60,10226.50,10269.40,1001278500
2026-05-12,10271.20,10271.20,10152.10,10265.30,1448117500
2026-05-13,10264.90,10360.50,10240.40,10325.40,747664500
2026-05-14,10325.20,10375.40,10310.20,10372.90,661031600
2026-05-15,10375.40,10375.70,10163.60,10195.40,1284799300
2026-05-18,10194.80,10337.40,10151.50,10323.80,656424500
2026-05-19,10323.70,10408.40,10315.40,10330.60,894090100
2026-05-20,10330.70,10458.30,10279.10,10432.30,847563300
2026-05-21,10432.50,10471.60,10353.50,10443.50,867561100
2026-05-22,10443.10,10497.20,10435.50,10466.30,669982200
2026-05-26,10465.60,10557.20,10461.10,10491.40,799422100
2026-05-27,10491.20,10522.30,10462.10,10505.00,1071673900
2026-05-28,10505.40,10505.40,10381.20,10426.00,890072300
2026-05-29,10425.90,10462.20,10409.30,10409.30,2180912300
2026-06-01,10409.30,10409.80,10288.90,10339.00,936795500
2026-06-02,10338.40,10395.70,10333.30,10373.50,918011300
2026-06-03,10373.90,10383.10,10322.40,10332.30,778446200
2026-06-04,10332.50,10360.30,10238.60,10360.30,659929000
2026-06-05,10360.30,10415.70,10331.50,10368.10,884830800
2026-06-08,10369.10,10409.30,10319.20,10373.20,751153000
2026-06-09,10372.80,10372.80,10227.30,10227.30,852767500
2026-06-10,10227.40,10263.80,10127.60,10254.80,746689500
2026-06-11,10255.20,10370.20,10252.30,10303.90,895653600
2026-06-12,10302.70,10471.70,10302.70,10471.70,752480600
2026-06-15,10471.40,10570.10,10419.20,10430.60,812693000
2026-06-16,10431.30,10523.50,10428.60,10494.20,737349600
2026-06-17,10494.40,10508.60,10468.40,10508.60,705672600
2026-06-18,10510.20,10510.20,10376.60,10399.70,966474600
2026-06-19,10400.50,10418.60,10352.90,10363.30,1815005600
2026-06-22,10363.60,10443.20,10346.60,10437.90,1097667700
2026-06-23,10438.20,10462.20,10332.40,10428.90,896192800
2026-06-24,10429.00,10469.30,10407.00,10461.60,960306000
2026-06-25,10461.50,10575.30,10415.50,10529.90,1004841900
2026-06-26,10530.20,10530.20,10404.70,10508.00,763639200
2026-06-29,10507.80,10521.00,10472.00,10484.20,724560800
2026-06-30,10484.30,10613.20,10483.90,10497.10,832111200
2026-07-01,10497.60,10508.30,10429.20,10478.30,885709000
2026-07-02,10477.80,10694.90,10436.80,10652.90,891213100
2026-07-03,10652.80,10701.30,10604.30,10679.00,423999600
2026-07-06,10679.40,10733.40,10618.40,10651.80,575233300
2026-07-07,10651.30,10747.00,10651.20,10665.90,640931200
2026-07-08,10666.10,10666.10,10467.00,10489.00,736774600
2026-07-09,10487.90,10539.50,10397.50,10472.50,550303900
2026-07-10,10471.90,10513.90,10462.80,10497.30,740632000
2026-07-13,10498.10,10532.10,10465.00,10498.30,596311300
2026-07-14,10498.70,10552.60,10423.00,10529.40,726921500
2026-07-15,10529.10,10546.20,10443.60,10515.90,935873100
2026-07-16,10515.00,10572.20,10447.60,10572.20,778679400
2026-07-17,10572.40,10623.70,10527.70,10600.40,776616200
2026-07-20,10600.30,10600.30,10512.80,10524.80,868888600
2026-07-21,10524.30,10585.90,10483.10,10585.90,722295200
2026-07-22,10585.90,10763.40,10568.70,10717.00,727194500
2026-07-23,10717.00,10720.30,10610.40,10639.20,853019700
2026-07-24,10638.90,10738.80,10599.10,10736.20,717428900
2026-07-27,10736.10,10820.90,10736.10,10781.80,1189032700
2026-07-28,10781.90,10884.30,10770.30,10871.00,848931800
2026-07-29,10871.20,10951.10,10864.10,10908.40,771519600
2026-07-30,10907.40,10979.60,10865.40,10897.30,964211500
2026-07-31,10897.10,10989.50,10829.30,10868.10,770876200
2026-08-03,10868.10,10917.40,10832.50,10857.70,1298395800
2026-08-04,10857.60,10932.50,10855.20,10879.40,1054581500
2026-08-05,10879.00,10952.30,10836.90,10888.30,1043852700
2026-08-06,10888.50,10944.80,10865.30,10867.90,664069100
2026-08-07,10867.90,10959.90,10855.20,10901.10,1068510800
2026-08-10,10901.10,10910.90,10829.00,10862.50,607992100
2026-08-11,10862.90,10893.20,10825.40,10844.20,722874700
2026-08-12,10844.20,10863.80,10809.60,10833.20,548656200
2026-08-13,10833.60,10837.00,10756.40,10772.70,844441300
2026-08-14,10772.50,10789.70,10723.70,10750.10,742965900
2026-08-17,10750.00,10793.60,10717.60,10720.30,600227600
2026-08-18,10720.90,10779.90,10701.70,10728.00,772638300
2026-08-19,10727.80,10766.00,10701.10,10743.40,702126300
2026-08-20,10743.20,10766.90,10684.40,10748.20,773005500
2026-08-21,10748.10,10831.60,10734.90,10816.60,673086200
2026-08-24,10816.30,10864.80,10799.00,10854.30,664816800
2026-08-25,10854.60,10887.00,10825.80,10886.20,618073600
2026-08-26,10886.20,10920.50,10855.60,10878.10,587582300
2026-08-27,10878.20,10878.50,10772.60,10792.50,605676800
2026-08-28,10792.50,10845.00,10792.40,10824.30,968083200
2026-09-01,10824.60,10829.19,10689.55,10789.95,0