Date,Open,High,Low,Close,Volume
2005-01-03,82.23612243847411,82.37142682532111,81.11312441498436,81.38372802734375,55748000.0
2005-01-04,81.49194747969898,81.5460692218884,80.12540703808317,80.38924407958984,69167600.0
2005-01-05,80.32834216423448,80.67336176033228,79.82772903747764,79.8344955444336,65667300.0
2005-01-06,80.12544311511267,80.60576218031059,80.00367172102477,80.24044799804688,47814700.0
2005-01-07,80.48398250972738,80.6598756522856,79.91571434197591,80.12543487548828,55847700.0
2005-01-10,80.05777569925961,80.81546482756076,80.05777569925961,80.5042724609375,56563300.0
2005-01-11,80.26071624017383,80.32836584567934,79.82098606238695,79.94952392578125,63099700.0
2005-01-12,80.09838165354064,80.3960410447898,79.50305254837092,80.21338653564453,72720500.0
2005-01-13,80.26070522109815,80.32159347062753,79.48948846928157,79.57067108154297,55537500.0
2005-01-14,79.8074502425202,80.18629212461691,79.66538453673392,79.99010467529297,42032500.0
2005-01-18,79.86156692888244,80.92368156221758,79.79391217307774,80.82220458984375,57391700.0
2005-01-19,80.79518832181618,80.85607144205035,79.96984939417923,79.97661590576172,54378900.0
2005-01-20,79.75336200021543,79.96307739285018,79.3474590758461,79.4895248413086,72049300.0
2005-01-21,79.68567605336267,79.82774175407347,78.91445930017066,79.00240325927734,63160400.0
2005-01-24,79.21212590297714,79.3812524901759,78.72504566736508,78.84681701660156,58441900.0
2005-01-25,79.09036788745681,79.46920983030085,78.96183001627715,79.070068359375,68245000.0
2005-01-26,79.3677602575085,79.55718129437719,79.17833922063978,79.30687713623047,57195100.0
2005-01-27,79.27979382517942,79.65863579175515,79.13772808771353,79.44215393066406,55878800.0
2005-01-28,79.48274266670155,79.52333656407373,78.88741883903474,79.44215393066406,60738900.0
2005-01-31,79.79389566297172,79.99684956572631,79.63153563756735,79.93596649169922,52532700.0
2005-02-01,79.99688554086381,80.5583871178413,79.89540854385164,80.4433822631836,49841200.0
2005-02-02,80.54483920221813,80.90338671885847,80.43660087706893,80.68690490722656,52468900.0
2005-02-03,80.54489879394383,80.61255360371719,80.2134119036712,80.47724914550781,48837100.0
2005-02-04,80.504274726221,81.47167924240966,80.49074686700234,81.33638000488281,50024600.0
2005-02-07,81.34991317091985,81.53256766962997,81.15372565077318,81.22814178466797,45412000.0
2005-02-08,81.29575407229642,81.62047934028128,81.22810448018838,81.32281494140625,39263500.0
2005-02-09,81.46493499051279,81.5122902527194,80.67342339591512,80.7140121459961,55279400.0
2005-02-10,80.95075859352421,81.19429614997546,80.68015500028099,81.00487518310547,45858600.0
2005-02-11,80.97780621383676,81.88432738639376,80.81544613865256,81.70166778564453,53133000.0
2005-02-14,81.64755172585029,81.7625565647888,81.50548601398499,81.64078521728516,32432100.0
2005-02-15,81.72197775086907,82.14817493817273,81.64079512223935,81.94522094726562,43852700.0
2005-02-16,81.80990767368631,82.16845518953866,81.63401458920524,81.99932861328125,55523000.0
2005-02-17,82.01288651518719,82.08053613395062,81.32961349460595,81.33638000488281,58124000.0
2005-02-18,81.34313359656777,81.50549885971816,81.1131238824399,81.44461059570312,47723300.0
2005-02-22,81.11311050655321,81.49871891061149,80.22012235182176,80.23365020751953,80697600.0
2005-02-23,80.45688146637328,80.8898450155145,80.2471661988828,80.80866241455078,68292600.0
2005-02-24,80.66661045448687,81.3972385034353,80.49072253114757,81.3431167602539,68563600.0
2005-02-25,81.36342814429173,82.31053820276128,81.30254504147645,82.14817810058594,60899900.0
2005-02-28,81.95872733824619,82.06020430073062,81.20780504172721,81.60694122314453,69381300.0
2005-03-01,81.73553110946321,82.20908368754709,81.70847022481041,82.01290130615234,47294400.0
2005-03-02,81.69492506244752,82.48643641591173,81.6205089357456,81.9722900390625,64226500.0
2005-03-03,82.3037679719336,82.46612805658646,81.6543173106541,82.006103515625,61230800.0
2005-03-04,82.56760910341926,83.09528327547821,82.39171599228817,83.02763366699219,56168500.0
2005-03-07,82.98029331400939,83.37942968862764,82.80440017131794,83.0682373046875,43442400.0
2005-03-08,82.98704401463385,83.2102923792497,82.60820205868058,82.75703430175781,44362000.0
2005-03-09,82.51351991916651,82.7300018485651,81.83024673270936,81.8370132446289,73263600.0
2005-03-10,81.99257718498524,82.19553117835447,81.45137513822473,82.01963806152344,65149000.0
2005-03-11,82.06699528710925,82.34436540732358,81.28901700351888,81.44461059570312,57976500.0
2005-03-14,81.5934406394281,81.96552123911307,81.37019227961711,81.95198822021484,36336400.0
2005-03-15,82.14141729396428,82.16847817309475,81.23490106910067,81.2754898071289,62438500.0
2005-03-16,80.97781903244525,81.28901653769961,80.43661697571562,80.58544921875,74874200.0
2005-03-17,80.71397535050427,81.0048733032565,80.49073216549351,80.747802734375,62584200.0
2005-03-18,80.89517969918434,81.18042717778445,80.24318324169529,80.508056640625,60232000.0
2005-03-21,80.62350343189644,80.67104467256208,79.97830013977618,80.20921325683594,61244300.0
2005-03-22,80.39258194709821,80.77291183283627,79.39421081542969,79.39421081542969,92472400.0
2005-03-23,79.42820556934934,79.95116460516165,79.29237487988594,79.46216583251953,70817300.0
2005-03-24,79.77455259489514,80.1345084592217,79.50288612960497,79.55722045898438,51932500.0
2005-03-28,79.74740740268845,80.1005754593547,79.67269897460938,79.67269897460938,46765500.0
2005-03-29,79.55723460329926,80.07340046095796,78.95277933090739,79.1429443359375,71160300.0
2005-03-30,79.31272732247251,80.27713842667896,79.30593423537042,80.26355743408203,62002100.0
2005-03-31,80.27033035786418,80.45370221070088,80.05299825965486,80.11412048339844,64575400.0
2005-04-01,80.56915973218833,80.81365899334182,79.40100292864015,79.75416564941406,95255300.0
2005-04-04,79.70667319872076,80.0462551379854,79.28558972865333,79.89004516601562,71581200.0
2005-04-05,79.99188803185926,80.39938515580741,79.91717962128126,80.27034759521484,46853900.0
2005-04-06,80.44695251553999,80.78653442600087,80.26358056379895,80.548828125,53268200.0
2005-04-07,80.4197879747505,80.99707616792328,80.35866053836757,80.98348999023438,46734600.0
2005-04-08,80.93594729188055,80.96311446516656,80.14132690429688,80.14132690429688,63772900.0
2005-04-11,80.33827420262472,80.42656361770503,80.02585952433158,80.20243835449219,44945000.0
2005-04-12,80.06661637055109,80.86123673726743,79.5097022868343,80.61673736572266,86144800.0
2005-04-13,80.5216436841891,80.68464669701603,79.55043942126105,79.66590118408203,65949000.0
2005-04-14,79.73381003652936,79.80172536221832,78.62677001953125,78.62677001953125,96119800.0
2005-04-15,78.60637185451756,78.91878640224682,77.4925442733591,77.52650451660156,128677300.0
2005-04-18,77.5061409253196,78.07663578138683,77.39747227753175,77.76422119140625,100035200.0
2005-04-19,78.17172658088282,78.46376712590033,77.98835469522385,78.38227081298828,64930100.0
2005-04-20,78.36191609597168,78.5317070431925,77.11905030033778,77.2888412475586,107735900.0
2005-04-21,77.96121424595398,78.92562561101246,77.68275459713094,78.789794921875,86952200.0
2005-04-22,78.60639284658525,79.1225586284016,77.60802153526419,78.49093627929688,88845800.0
2005-04-25,78.68792563898693,79.12259009709459,78.59284311262643,79.00713348388672,52284100.0
2005-04-26,78.75582807286393,79.30594905395827,78.2057070917696,78.23966217041016,72626000.0
2005-04-27,78.00874810600187,78.83053561503496,77.7235005769044,78.5452880859375,84131900.0
2005-04-28,78.2871907294828,78.56565030986029,77.56048583984375,77.56048583984375,72481500.0
2005-04-29,78.1513582243932,78.69469119775155,77.40427927223092,78.61318969726562,103993800.0
2005-05-02,78.83052410648183,79.06144244033074,78.45698202890598,79.05464935302734,56026400.0
2005-05-03,78.83051958155983,79.36026636545421,78.57243927652611,79.19047546386719,86000300.0
2005-05-04,79.22446953698676,79.97154878656916,78.97317702998507,79.8017578125,81055700.0
2005-05-05,79.91716747483144,80.14129267250105,79.28554521514833,79.77454376220703,96906700.0
2005-05-06,80.09375444809746,80.13450260134987,79.50288031790504,79.52325439453125,67415400.0
2005-05-09,79.60477559094375,80.19564986742297,79.49611209483258,80.0190658569336,43750500.0
2005-05-10,79.70664125554173,79.8017237459019,79.04785172832693,79.19047546386719,74613500.0
2005-05-11,79.41463632177583,79.7338441890085,78.68113805429773,79.62517547607422,91647400.0
2005-05-12,79.67947950683639,79.86285141311056,78.7490234375,78.7490234375,95086800.0
2005-05-13,78.9867047079611,79.20403678653783,77.96795961808166,78.59278869628906,85267000.0
2005-05-16,78.57924022660022,79.3534864518394,78.55207823765144,79.32632446289062,49207000.0
2005-05-17,79.0614360560915,79.93755252800922,78.89164515846903,79.8560562133789,61071800.0
2005-05-18,80.20244633137014,80.87482218788269,80.14811716832138,80.67786407470703,77944900.0
2005-05-19,80.83407130188928,81.09894994476221,80.61673909824641,81.01744842529297,61768100.0
2005-05-20,81.05138154914074,81.08534180178872,80.64388442540024,80.90196990966797,46345500.0
2005-05-23,80.96311943945102,81.52682666114998,80.94953844277786,81.3502426147461,51047900.0
2005-05-24,81.11932415766525,81.3841976193491,80.95632111846867,81.16007232666016,50654100.0
2005-05-25,81.05819226931135,81.41136031989278,80.70502940033809,81.09894561767578,47608800.0
2005-05-26,81.35702346307474,81.64227098477254,81.24156687309343,81.53360748291016,43256200.0
2005-05-27,81.54039845207856,81.66944122314453,81.36381960721887,81.66944122314453,24596100.0
2005-05-31,81.5539815748439,81.61510382309687,81.09215003325866,81.146484375,43377200.0
2005-06-01,81.17362036175555,82.12445031121544,81.12607912336287,81.83920288085938,69611000.0
2005-06-02,81.6558521812389,82.07013726228267,81.56755758590181,82.01580810546875,39704500.0
2005-06-03,81.87317557561312,82.10408871673708,81.31626162051792,81.60150909423828,60999400.0
2005-06-06,81.46572038442518,81.63551138579466,81.19405892752216,81.52684783935547,36046400.0
2005-06-07,81.76450512886528,82.34858623753222,81.50642482706638,81.58792114257812,66501300.0
2005-06-08,81.79166986053563,81.90033333851991,81.27550409069138,81.43850708007812,46881200.0
2005-06-09,81.32308332199159,81.893583688127,81.11933726249339,81.82566833496094,56653300.0
2005-06-10,81.87995920220224,81.94108661858066,81.22796278993813,81.63545989990234,36465300.0
2005-06-13,81.45887518543154,82.23312119262339,81.37058061058613,81.89353942871094,49383200.0
2005-06-14,81.80525016513833,82.31462284407844,81.75770892236821,82.08370971679688,33857100.0
2005-06-15,82.28747563213061,82.34180478961544,81.65585318960044,82.23992919921875,53195600.0
2005-06-16,82.21955163015774,82.6134677994597,82.12446913158244,82.45046997070312,46564500.0
2005-06-17,82.87874746105247,83.12423371616521,82.66053803456593,82.7560043334961,51529400.0
2005-06-20,82.56503195063304,83.08327583723926,82.4695656977045,82.78324127197266,41019400.0
2005-06-21,82.85143470552309,82.95372146788593,82.53093861129592,82.83097839355469,39879800.0
2005-06-22,82.97417986932861,83.15147658172087,82.5582175070935,82.899169921875,46310100.0
2005-06-23,82.72866572231808,82.91959817758824,81.7126293267623,81.73308563232422,62185600.0
2005-06-24,81.74675927222466,81.83541024071795,81.03757753688656,81.13304901123047,58572500.0
2005-06-27,81.12621932353262,81.42625911674229,80.97619942692779,81.24896240234375,48183800.0
2005-06-28,81.41942624707077,81.99222372618866,81.39896993746231,81.93085479736328,41174200.0
2005-06-29,82.08088333314161,82.10133964490882,81.66492098547246,81.71265411376953,42316500.0
2005-06-30,81.97858305558108,82.04677248440265,81.11256118173542,81.26940155029297,62288800.0
2005-07-01,81.45352589645981,81.69219673735554,81.2898702019342,81.5080795288086,49737500.0
2005-07-05,81.31712890599648,82.27179644938002,81.2762162921079,82.16268920898438,51549000.0
2005-07-06,82.0945297716603,82.2718265008046,81.42626588895882,81.4739990234375,52363600.0
2005-07-07,80.66254266929595,81.79450225830078,80.64208635180222,81.79450225830078,103268800.0
2005-07-08,81.8081281952471,82.72869873046875,81.63765197752006,82.72869873046875,64491200.0
2005-07-11,82.73549646725067,83.26056078424395,82.72185546017457,83.15145874023438,49688300.0
2005-07-12,83.18557271512941,83.62199141090389,82.94690705377168,83.36968994140625,51871100.0
2005-07-13,83.37651130816901,83.54698753618341,83.18557876519635,83.4856185913086,41182300.0
2005-07-14,83.86066801102488,84.17434364491127,83.52653085974715,83.81293487548828,63638800.0
2005-07-15,83.73109800317937,83.90157421740463,83.43787870661109,83.76519012451172,56075900.0
2005-07-18,83.53331700823719,83.62196273705322,83.22646200635756,83.4310302734375,56598400.0
2005-07-19,83.67654298638325,83.94930596515064,83.47197465419853,83.88793182373047,59165700.0
2005-07-20,83.59471598963314,84.37209233215637,83.39696815443168,84.1743392944336,69477000.0
2005-07-21,84.24933178598577,84.29024440513153,83.51287342624069,83.683349609375,101110900.0
2005-07-22,83.79243315449911,84.25612847831142,83.62195700901691,84.24249267578125,52607100.0
2005-07-25,84.15385744457973,84.52208138651129,83.77198729337852,84.00383758544922,57301600.0
2005-07-26,84.03114301352464,84.235711361762,83.84020527163966,84.10614776611328,42758800.0
2005-07-27,84.21522614877424,84.48116855198984,83.90837113045461,84.41297912597656,43181600.0
2005-07-28,84.52890011143782,84.99259548330356,84.31069083070804,84.94486236572266,47880700.0
2005-07-29,84.8357557790852,84.98577042449836,84.21522008127704,84.37887573242188,62358100.0
2005-08-01,84.44024027848859,84.58343960731786,84.18111322416242,84.31749725341797,40418200.0
2005-08-02,84.46758571314034,84.96537351744256,84.37893472146676,84.82217407226562,45147400.0
2005-08-03,84.7266916402097,85.06082361532408,84.63804586794073,85.04718780517578,36837200.0
2005-08-04,84.71303780637004,84.76758623787943,84.26297812940156,84.36526489257812,50855600.0
2005-08-05,84.18115076225426,84.54256469905427,83.64926581727615,83.79246520996094,53595500.0
2005-08-08,83.97657249825836,84.15386919312094,83.45150291799777,83.6356201171875,47616000.0
2005-08-09,83.91519845113997,84.27660714304558,83.78564008391297,84.14022827148438,47170000.0
2005-08-10,84.43345135022449,84.89714681805444,83.75154655650516,84.09931945800781,72863700.0
2005-08-11,84.0584142763259,84.57666345421089,83.88112274910647,84.43346405029297,58570200.0
2005-08-12,84.26299515201697,84.34482561959359,83.70383329654824,83.91522216796875,54776900.0
2005-08-15,84.0243221530244,84.46756137611597,83.75837965967375,84.43346405029297,36208500.0
2005-08-16,84.17433175670338,84.22888018781146,83.25375609740819,83.33558654785156,71942100.0
2005-08-17,83.32193530930078,83.78563070422749,83.21282806224986,83.32875061035156,62275100.0
2005-08-18,83.22650180115816,83.57426958223526,83.08329718245356,83.32196807861328,53388600.0
2005-08-19,83.62198047638543,83.75154404811826,83.32876121576732,83.51287841796875,39842100.0
2005-08-22,83.58788835923296,84.03112750237949,83.11055189641341,83.51287841796875,69912000.0
2005-08-23,83.53333001294888,83.60833994997846,82.61275966147349,83.35603332519531,55168600.0
2005-08-24,83.15149087159118,83.69019640382687,82.57186750483555,82.61278533935547,79104600.0
2005-08-25,82.7491631802884,82.967372552333,82.6536969051765,82.9128189086914,35631100.0
2005-08-26,82.83779693166447,82.84461223381156,82.292271013695,82.3468246459961,61956800.0
2005-08-29,82.10818053087448,83.04238701694109,82.08771901150745,82.98101806640625,56179200.0
2005-08-30,82.68099564194877,82.71509297889287,82.09455682366794,82.54461669921875,74160200.0
2005-08-31,82.64006600926982,83.64246716006893,82.33320564743137,83.5879135131836,102945200.0
2005-09-01,83.54699135007179,83.97659479389311,82.60596440138261,83.52653503417969,74578700.0
2005-09-02,83.77205504237912,83.79251136652789,83.21971348026668,83.37654876708984,47653400.0
2005-09-06,83.64243197526645,84.41980290754834,83.63561147164434,84.35160827636719,57251300.0
2005-09-07,84.30391239058054,84.6448648869952,84.18798979040488,84.4948501586914,41749700.0
2005-09-08,84.32434774071793,84.55619286911691,84.08567690528055,84.21524047851562,39068700.0
2005-09-09,84.44026765530883,85.06079828142111,84.41981134491793,84.96533203125,43093900.0
2005-09-12,84.86302737275031,85.01304722066024,84.7402843337803,84.79483795166016,33017600.0
2005-09-13,84.64486996301561,84.84262304709772,84.22890747624332,84.32437896728516,58427500.0
2005-09-14,84.37889527004805,84.50163833745722,83.88792300041135,84.01748657226562,57694600.0
2005-09-15,84.27661233521252,84.31753016121814,83.80610155757451,83.97657775878906,73156900.0
2005-09-16,84.43677105178476,84.73808281404166,84.14230360310931,84.57373046875,75424100.0
2005-09-19,84.55317603459349,84.60796188409037,83.98478460156227,84.2929458618164,53355300.0
2005-09-20,84.36831238845394,84.64908607272429,83.45752205517465,83.5807876586914,84480300.0
2005-09-21,83.402708079473,83.45749393472482,82.71105102475224,82.80007934570312,94469100.0
2005-09-22,82.8274841471675,83.31370218206652,82.47823600334016,83.09455871582031,84597200.0
2005-09-23,83.02606026683488,83.47118618907216,82.7932282234697,83.16302490234375,59368100.0
2005-09-26,83.56023058781452,83.71088911295223,82.91651492313693,83.25891876220703,70415400.0
2005-09-27,83.21783943932452,83.53969993308048,82.8754355480384,83.23838806152344,66150800.0
2005-09-28,83.49859282489649,83.62870794382546,82.99868096638059,83.32054138183594,58620500.0
2005-09-29,83.23833752595833,84.13543350459007,82.91647722760983,83.99847412109375,66607700.0
2005-09-30,83.97108727819764,84.25870513916016,83.36845340799127,84.25870513916016,47824200.0
2005-10-03,84.2039438795864,84.46416889291957,83.85469053234038,83.95741271972656,50994800.0
2005-10-04,84.08750710269328,84.25185942718129,82.97127284418517,83.01235961914062,60776300.0
2005-10-05,83.03290529620807,83.07399207229648,81.88242854373581,81.92351531982422,106052100.0
2005-10-06,82.02623314248451,82.3549430077898,80.92369276203608,81.62904357910156,140941800.0
2005-10-07,81.9714507200865,82.21113751037494,81.58111067759718,81.90982055664062,75661400.0
2005-10-10,81.95774813777646,81.978291523403,81.01271582629542,81.21815490722656,52677000.0
2005-10-11,81.48524376675692,81.75916781439524,81.02642399114609,81.10175323486328,75629800.0
2005-10-12,81.07435247171671,81.58110851483578,80.4032441057661,80.46487426757812,100510400.0
2005-10-13,80.43749743190705,80.86208001086742,80.0403077830087,80.41695404052734,99052900.0
2005-10-14,80.88949503371278,81.36200883850206,80.50599913277027,81.2661361694336,88651000.0
2005-10-17,81.35513991794326,81.67699508123638,81.11545309309325,81.56742858886719,68109300.0
2005-10-18,81.45102269559627,81.46471654959664,80.67034240088243,80.68403625488281,74996900.0
2005-10-19,80.46487730037904,82.03993656293385,80.20465234403217,82.02623748779297,116563800.0
2005-10-20,81.82764829322112,82.0467864884688,80.32792339201573,80.581298828125,131966700.0
2005-10-21,81.00589588731249,81.3414501660369,80.47174676719308,80.89632415771484,96579500.0
2005-10-24,81.10860806528285,82.2385363454369,81.08806467468615,82.1495132446289,71308400.0
2005-10-25,81.98516845703125,82.34126611777467,81.45101935358241,81.98516845703125,76594500.0
2005-10-26,81.84135604247685,82.54670701990936,81.6222178240059,81.7454833984375,80855800.0
2005-10-27,81.62905012807465,81.74547137127965,80.75934692091461,80.87576293945312,66623100.0
2005-10-28,81.10175927475142,82.1426644636963,80.87577152676984,82.03994750976562,72322000.0
2005-10-31,82.37550189305342,83.06715899049968,82.26593017578125,82.26593017578125,77698900.0
2005-11-01,82.5740941965242,82.79323239972555,82.32756306483931,82.51245880126953,66365100.0
2005-11-02,82.29332323579091,83.37532043457031,82.26593030642937,83.37532043457031,74012300.0
2005-11-03,83.64924123471543,83.9984945395934,83.37531717647127,83.73141479492188,84897600.0
2005-11-04,83.82043622594506,83.86152300266994,83.23835091545465,83.62184143066406,59156000.0
2005-11-07,83.79992845568464,83.97113039769413,83.44382549049045,83.70405578613281,46765400.0
2005-11-08,83.49861136585398,83.83416570928534,83.40273869630215,83.70405578613281,42152800.0
2005-11-09,83.60130234652111,84.19708153837142,83.45064385788463,83.81359100341797,57666800.0
2005-11-10,83.77936471879347,84.58743794827575,83.37533071638619,84.46417236328125,79048100.0
2005-11-11,84.47103448260879,84.80658881547377,83.84101260977333,84.7518081665039,34867000.0
2005-11-14,84.77230659768729,84.92980937001867,84.49153306272117,84.70382690429688,45092200.0
2005-11-15,84.60800013336474,84.97779172297726,84.1354811110053,84.39570617675781,69592500.0
2005-11-16,84.48470571375965,84.60797127647832,84.21763119864696,84.56687927246094,51133000.0
2005-11-17,84.69697853536043,85.3612425422043,84.32718191635459,85.3543930053711,55717500.0
2005-11-18,85.64202797635025,85.79268646880273,85.14212140557629,85.6899642944336,72437200.0
2005-11-21,85.70365071765367,86.22410582619554,85.58723470873403,86.12138366699219,50021200.0
2005-11-22,85.98443432981101,86.64184895103222,85.88856169075794,86.49119567871094,66438800.0
2005-11-23,86.4569474787983,87.25132669218605,86.429554551647,86.99109649658203,50854700.0
2005-11-25,86.95684575307176,87.12119806579152,86.84042452459053,87.05956268310547,15270000.0
2005-11-28,87.14174621985964,87.1554400697248,86.31312984936551,86.44324493408203,54498500.0
2005-11-29,86.73086970982493,86.95685743559183,86.34737396240234,86.34737396240234,51738900.0
2005-11-30,86.39533485888145,86.64186080398152,85.79955032783141,85.88172912597656,56007200.0
2005-12-01,86.29943005589757,86.99108702331365,86.2720423563954,86.75825500488281,65468200.0
2005-12-02,86.81307301478864,87.02536696235074,86.62817722785992,86.86785888671875,46699400.0
2005-12-05,86.76509590789077,86.785644518709,86.40899835702919,86.68292236328125,59273400.0
2005-12-06,87.00478278207177,87.47729633813505,86.71715970159941,86.84727478027344,57935200.0
2005-12-07,86.81304401522578,86.88152894459546,86.06660635202886,86.34053039550781,66816500.0
2005-12-08,86.43641748251062,86.84730100411126,85.92966131335874,86.28575897216797,62608600.0
2005-12-09,86.39531036685887,86.81988764191041,86.16247311712132,86.51172637939453,50744500.0
2005-12-12,86.77194634811329,86.87466850461037,86.25834079029383,86.5938949584961,48389900.0
2005-12-13,86.57338293005871,87.4499358969555,86.48435981533781,87.182861328125,88630900.0
2005-12-14,87.10066076420235,87.71698328612109,87.0664183020219,87.52523803710938,64375000.0
2005-12-15,87.54579230694955,87.6553640198144,87.09382205304914,87.2718734741211,55900300.0
2005-12-16,87.62436648924556,87.67944277641855,86.99100494384766,86.99100494384766,46238300.0
2005-12-19,87.24571220432703,87.34209306232835,86.52973636462964,86.54350280761719,48733000.0
2005-12-20,86.64676618147014,87.1493227428146,86.38516175586362,86.62611389160156,46603200.0
2005-12-21,86.89461405797888,87.26637107502768,86.60547146217313,86.76380920410156,51806900.0
2005-12-22,86.95654527666417,87.21815490722656,86.79820758145591,87.21815490722656,32247900.0
2005-12-23,87.28012386374675,87.33520013595854,87.03228589115608,87.266357421875,27977300.0
2005-12-27,87.4040590807492,87.46602121158428,86.31632613820788,86.37828826904297,44499500.0
2005-12-28,86.56416670267126,86.73627615108332,86.39894310285746,86.57105255126953,30764300.0
2005-12-29,86.55037983217413,86.71560339299559,86.09600847446224,86.18550872802734,32788900.0
2005-12-30,85.91704720726602,86.0960372695354,85.61413286748083,85.71739959716797,44645600.0
2006-01-03,86.18549968874308,87.43156998973073,85.63474754061897,87.22503662109375,73256700.0
2006-01-04,87.33520828552525,87.76892215184914,87.22505573082293,87.63812255859375,51899600.0
2006-01-05,87.53483856886231,87.83774752976188,87.34895748259302,87.69317626953125,47307500.0
2006-01-06,88.13378532229258,88.51930870116288,87.67941398088506,88.42292785644531,62885900.0
2006-01-09,88.40917381332427,88.84977354924244,88.38164092564715,88.65013122558594,43527400.0
2006-01-10,88.38850174610937,88.79467740301219,88.29900149791168,88.7396011352539,44960800.0
2006-01-11,88.82225400864846,89.11139664397535,88.62260115026433,89.02189636230469,49598900.0
2006-01-12,88.86355337152237,89.00123883195118,88.42295359531379,88.67079162597656,40509200.0
2006-01-13,88.51241672318609,88.73959185994856,88.25768769833854,88.588134765625,44856700.0
2006-01-17,88.25773634512622,88.40919352293147,87.98924598533122,88.34723663330078,52066600.0
2006-01-18,87.8308701967964,88.73960236559728,87.54172766559955,87.99609375,75067600.0
2006-01-19,88.20953655862559,88.65013631986281,87.98923142564351,88.33345031738281,81530400.0
2006-01-20,88.31280094314494,88.33345323695374,86.7225112915039,86.7225112915039,114957800.0
2006-01-23,86.88770870281621,87.30765605821784,86.83263243435258,87.03227996826172,67017400.0
2006-01-24,87.1768819485906,87.5348725673724,87.03231063220854,87.12181091308594,53008800.0
2006-01-25,87.45912946982774,87.55551033142032,86.6330010459961,87.19752502441406,87747700.0
2006-01-26,87.60369190868448,87.89283446424045,87.26635892720252,87.6794204711914,71294000.0
2006-01-27,87.88596506955402,88.57440281472417,87.7413885209887,88.49178314208984,65771200.0
2006-01-30,88.42292785644531,88.67764640932943,88.36097099299634,88.42292785644531,33709600.0
2006-01-31,88.34036493427394,88.49181162260527,87.76895490894779,87.77584075927734,72937000.0
2006-02-01,87.99610239756709,88.41604454231945,87.92725968133043,88.38851165771484,63561000.0
2006-02-02,88.18888330436612,88.21641619332534,87.29391209465247,87.36275482177734,83626900.0
2006-02-03,87.1424429955737,88.38851351848616,86.83952873492032,86.92902374267578,86040400.0
2006-02-06,87.04611027066588,87.29394839326233,86.86022905253574,87.15625762939453,45511900.0
2006-02-07,87.00475206331045,87.19751902559707,86.33008607857658,86.38516235351562,71208100.0
2006-02-08,86.63989052620478,88.18888072928335,86.4677810872364,87.16999053955078,59422200.0
2006-02-09,87.37652062404347,87.84465851836062,86.9978830014579,87.02542114257812,62023300.0
2006-02-10,87.03916744035074,87.5210716675019,86.36449626997697,87.1837387084961,64508700.0
2006-02-13,87.156220747445,87.28702560467525,86.70873514587717,87.02542114257812,52308700.0
2006-02-14,87.059821328613,88.14066818854434,86.88771192255793,87.94790649414062,90964400.0
2006-02-15,87.89973561411621,88.34034062375432,87.59682131135358,88.25772094726562,85471300.0
2006-02-16,88.35409328340776,88.95304123502049,88.24394072854498,88.91861724853516,61017900.0
2006-02-17,88.84289455366685,88.9186231270508,88.5193279678197,88.67766571044922,40342600.0
2006-02-21,88.88420263695888,89.08384497206951,88.31967861228928,88.4573745727539,46456300.0
2006-02-22,88.65010496049449,89.25592285243741,88.56748531248888,88.99432373046875,42326700.0
2006-02-23,88.99432257287495,89.24904109783124,88.3127656354909,88.86351776123047,43423200.0
2006-02-24,88.88418011733367,89.13889867114948,88.64322275229625,89.09071350097656,36777400.0
2006-02-27,89.08382987452246,89.52442956104832,89.00122071602547,89.1251449584961,35858600.0
2006-02-28,88.94615920622466,89.43495465282533,88.20953624299632,88.27837371826172,74394800.0
2006-03-01,88.53311231956258,89.14582159007895,88.46426433219885,89.06320190429688,48641600.0
2006-03-02,88.73961135235513,89.09760188163945,88.53996905037889,89.0562973022461,60642300.0
2006-03-03,88.58126213309178,89.54508104765469,88.56749044017299,88.64321899414062,73402500.0
2006-03-06,88.90484596986381,88.9323788563457,88.01676068847938,88.237060546875,57478400.0
2006-03-07,88.02365954263644,88.16134500484198,87.70697877767273,88.0993881225586,61780800.0
2006-03-08,87.91348558999364,88.42293323145415,87.55550032390478,88.28524780273438,66692400.0
2006-03-09,88.31277113649243,88.58814196415351,87.69317626953125,87.69317626953125,56313600.0
2006-03-10,87.92038364641135,88.69831640619616,87.73450776659132,88.52620697021484,60490800.0
2006-03-13,88.69829447343092,88.91859953927997,88.484880506342,88.69141387939453,45479100.0
2006-03-14,88.60882528804635,89.65524307941213,88.53997731281584,89.62081909179688,69877300.0
2006-03-15,89.60016366113346,90.08895905680288,89.39364075212956,90.02011108398438,53398900.0
2006-03-16,90.19219907192496,90.50888496499525,90.0751659497338,90.20597076416016,65526400.0
2006-03-17,90.3227798642118,90.474839268414,90.11543571893402,90.28131103515624,47286800.0
2006-03-20,90.29514443542163,90.47484622397684,89.99794410667671,90.13617706298828,45538500.0
2006-03-21,90.10849746642135,90.53703321456356,89.4726176184471,89.56938171386719,87102700.0
2006-03-22,89.51411067682658,90.20528598740928,89.47264184563133,90.11544036865234,51605700.0
2006-03-23,90.03250510070204,90.12236127887284,89.61780618264409,89.9288330078125,46704200.0
2006-03-24,89.84588065441562,90.24676359225828,89.67308683016438,89.99794006347656,43209200.0
2006-03-27,89.87355377158224,90.04634765494627,89.67311750734069,89.86664581298828,32523000.0
2006-03-28,89.8043958223887,90.21910519399948,89.19616876958962,89.31366729736328,82079900.0
2006-03-29,89.44503256819797,90.1984114043226,89.3620843286185,89.8735580444336,61505700.0
2006-03-30,89.92882413089059,90.53014330329296,89.54176762697648,89.71456146240234,70571700.0
2006-03-31,89.86660788131537,90.01866727821331,89.41733764629974,89.73528289794922,62925600.0
2006-04-03,89.90119112769172,90.45412302148516,89.5003081221416,89.66618347167969,61624700.0
2006-04-04,89.66618367438555,90.35735908968968,89.41045214560297,90.23986053466795,54809300.0
2006-04-05,90.27443732406836,90.73752366835323,90.11546990355306,90.5509033203125,50607200.0
2006-04-06,90.44030090744111,90.68912446119243,89.98412263448053,90.45411682128906,57906200.0
2006-04-07,90.58544056951352,90.82043765965214,89.40353661549351,89.53485107421875,80180900.0
2006-04-10,89.67304229736328,89.90803925048289,89.34127072608437,89.67304229736328,41496500.0
2006-04-11,89.74913823131187,89.89427917273144,88.64325327015993,88.91281127929688,72799400.0
2006-04-12,89.00265223589923,89.25147578225896,88.89206164940629,89.07868194580078,43033700.0
2006-04-13,88.87824105142957,89.33441934092609,88.68471278555216,88.96118927001953,51051800.0
2006-04-17,89.04413430286172,89.3758955651478,88.48428387697261,88.9266357421875,64167700.0
2006-04-18,89.11323318844185,90.50250239755142,89.11323318844185,90.33661651611328,92531800.0
2006-04-19,90.371212175943,90.59239343632407,90.01871640702647,90.50944519042967,87269000.0
2006-04-20,90.54399390439734,91.13840527860688,90.26752791260286,90.63385009765624,86005500.0
2006-04-21,91.02087698176622,91.0899881838957,90.28131434814384,90.64763641357422,72342600.0
2006-04-24,90.46793928733372,90.59235633196572,90.11544366279055,90.48176574707033,52546400.0
2006-04-25,90.57162203055132,90.626917329508,89.79750893815769,90.10853576660156,84359800.0
2006-04-26,90.19838658775782,90.64073840663474,90.0601536218274,90.12926483154295,67262400.0
2006-04-27,89.78366581424746,90.97940665758604,89.56940316211681,90.564697265625,124478600.0
2006-04-28,90.39882307844712,91.06235608200912,90.343538329108,90.86882781982422,55854400.0
2006-05-01,90.86882754634462,91.0969166860545,90.0739800823702,90.12926483154295,64990300.0
2006-05-02,90.55088330239472,90.86192066253608,90.3642735421092,90.80662536621094,49063500.0
2006-05-03,90.64766601237494,90.76517513271122,90.1638452534962,90.46796417236328,60821300.0
2006-05-04,90.59924218264484,90.97247213247655,90.52321249239256,90.7927703857422,42921400.0
2006-05-05,91.26969786100732,91.7880793211647,91.13146491426492,91.59455108642578,62588200.0
2006-05-08,91.58762745092292,91.76733976346426,91.48395538330078,91.48395538330078,30016700.0
2006-05-09,91.52542520159749,91.76734075733212,91.44939550235206,91.66365814208984,29864000.0
2006-05-10,91.51855414632992,91.75355129456808,91.15913991893528,91.61531829833984,64378200.0
2006-05-11,91.5876774685301,91.61533039932922,90.21224473660844,90.50944519042967,80626900.0
2006-05-12,90.10163543574984,90.3504590288664,89.29296139474624,89.32752227783203,91726500.0
2006-05-15,89.01649339086086,89.67311859279368,88.89208685565366,89.50723266601562,84029300.0
2006-05-16,89.68692712747195,89.85281304059492,89.16854551377621,89.37590026855469,62137600.0
2006-05-17,88.93356037400399,89.23077135678645,87.62032572088317,87.67562103271484,144789500.0
2006-05-18,88.02118537696052,88.29765658922841,87.16412936485484,87.23324584960938,87906300.0
2006-05-19,87.68939844266778,88.11792368651253,86.94984119870372,87.8483657836914,124309400.0
2006-05-22,87.28162535876564,87.89677101958077,86.74250941092761,87.17794799804688,110852800.0
2006-05-23,87.90366026626727,88.21468699031367,86.51439666748047,86.51439666748047,92006500.0
2006-05-24,86.86693006198115,87.70325171690415,86.23104991872154,87.20560455322266,168405000.0
2006-05-25,87.72397312263955,88.28382873535156,87.38529868164049,88.28382873535156,78977900.0
2006-05-26,88.47735882246126,88.73310089111328,88.13177639701875,88.73310089111328,62989700.0
2006-05-30,88.44971111730783,88.47044553426001,87.1226556998738,87.15721130371094,72419900.0
2006-05-31,87.51662165482146,88.13176727294922,87.2263240103039,88.13176727294922,86926200.0
2006-06-01,88.0418977219566,89.12013465215014,87.9658680258132,88.97498321533203,73721700.0
2006-06-02,89.33442257725916,89.45882908990174,88.69163450227272,89.16162872314453,91702600.0
2006-06-05,89.05792562095223,89.06483357597163,87.62027471645212,87.86219024658203,86105100.0
2006-06-06,87.92438981461369,88.0418883240209,86.92218796079096,87.64791870117188,130498600.0
2006-06-07,87.71708464601919,88.22855303606799,86.94296619285709,86.99134826660156,108599400.0
2006-06-08,86.79780753950864,87.43368763857285,85.61589824453608,86.9153060913086,204957200.0
2006-06-09,87.33693607840034,87.75164032126466,86.59737850876294,86.63884735107422,94972200.0
2006-06-12,87.00515837829666,87.0397192579639,85.58133872660464,85.69883728027344,95815900.0
2006-06-13,85.52603202658564,86.286323818658,84.70353698730469,84.70353698730469,185688800.0
2006-06-14,84.90396736096403,85.4499964552874,84.55837972708206,85.36014556884766,163566400.0
2006-06-15,85.6712112638446,87.33694694731885,85.60900799263662,87.17106628417969,134057000.0
2006-06-16,86.98011936891764,87.16755922901434,86.40390691928863,86.53581237792969,94253500.0
2006-06-19,87.05648962286926,87.11202932374867,85.77216449523831,85.85546875,95804400.0
2006-06-20,86.09150691835727,86.64688801869289,85.89017948189755,86.14704132080078,65494700.0
2006-06-21,86.08454682367639,87.26473607279786,86.05677697943685,86.78572082519531,75008200.0
2006-06-22,86.7440715011732,86.82043725581552,86.11232469960825,86.40390014648438,74566100.0
2006-06-23,86.31363365134328,86.98703772736746,86.1053624929555,86.38999938964844,54107000.0
2006-06-26,86.45947945252612,86.82047703359308,86.25815194318832,86.77188110351562,37899600.0
2006-06-27,86.78572404535473,86.98010766568788,85.92487473165592,86.0220718383789,69780200.0
2006-06-28,86.2164953358673,86.61914503712529,85.84161019616458,86.60526275634766,62368100.0
2006-06-29,86.91762649500659,88.41022261437624,86.89680043464088,88.35468292236328,110634800.0
2006-06-30,88.54212702003298,88.62543655707506,88.13947220249766,88.36162567138672,54227800.0
2006-07-03,88.46576624723139,88.86841579087054,88.3824567055008,88.7226333618164,23914000.0
2006-07-05,88.36858235533659,88.47965645771538,87.834022016932,88.21585083007812,69653400.0
2006-07-06,88.30611341809002,88.757364281638,88.22280915172053,88.47273254394531,50100300.0
2006-07-07,88.29920046927884,88.5560624269649,87.67439180797821,87.89654541015625,81626500.0
2006-07-10,88.12560146605855,88.46577285121121,87.75766023158937,88.06311798095703,60964100.0
2006-07-11,87.8964723285592,88.45185852050781,87.43133943832153,88.45185852050781,73640800.0
2006-07-12,88.2714039103385,88.44496152506723,87.27865414222791,87.50775146484375,82561300.0
2006-07-13,87.09120382593039,87.25087915256765,86.0845718383789,86.0845718383789,102405700.0
2006-07-14,86.17480843712244,86.26506176927539,85.27231219149228,85.75132751464844,103242500.0
2006-07-17,85.75135025345061,86.15400522037174,85.49448835458176,85.62638854980469,81159000.0
2006-07-18,85.88325743094212,86.11929856315452,84.96687335173812,86.06375885009766,122771000.0
2006-07-19,86.20954582433839,87.65354657106366,85.89020042206313,87.2578353881836,133565300.0
2006-07-20,87.5563474176663,87.68130911217978,86.54277158286061,86.6607894897461,112259800.0
2006-07-21,86.8829146620635,86.91068450695197,85.95958718160783,86.04983520507812,101560000.0
2006-07-24,86.39002716187912,87.69517832388999,86.39002716187912,87.61881256103516,92884000.0
2006-07-25,87.45912138059914,88.37550501653934,87.2786200487539,87.93119812011719,95480700.0
2006-07-26,87.8826286230216,88.47966722355497,87.59799689759033,88.04924774169922,84525800.0
2006-07-27,88.43107552740942,88.64629057517192,87.61188335941331,87.9659423828125,87257100.0
2006-07-28,88.19503219134133,88.95868458536204,88.07007050529737,88.84761047363281,82137000.0
2006-07-31,88.62545456324209,88.83372050332626,88.47966151965834,88.75735473632812,49593100.0
2006-08-01,88.40330395996878,88.43107381386965,87.88957490419779,88.31999969482422,65225600.0
2006-08-02,88.5698999374711,89.18082597052135,88.54907387662743,88.9170150756836,64770900.0
2006-08-03,88.4032908585529,89.24331424902769,88.271390692769,89.15306091308594,63693800.0
2006-08-04,89.6112772023381,89.85425152957838,88.5005094245731,89.00035095214844,96294200.0
2006-08-07,88.79207611083984,88.91703780440095,88.44496088389876,88.79207611083984,45377300.0
2006-08-08,88.92392989814228,89.18080223537095,88.13250801737644,88.45185852050781,90901300.0
2006-08-09,88.98644273768006,89.27802881173048,87.89650657749984,88.15337371826172,78910600.0
2006-08-10,87.87566028774052,88.51435080275162,87.66738910840573,88.42410278320312,69322300.0
2006-08-11,88.28525315480336,88.3060792133289,87.74375444691489,88.17417907714844,47482200.0
2006-08-14,88.60459630247193,88.97254274837353,88.11169350839043,88.24359893798828,57839000.0
2006-08-15,89.03504770402861,89.46546715693351,88.79206812633107,89.29885864257812,68143000.0
2006-08-16,89.77790185880961,90.1736077729158,89.58350755470676,90.04170227050781,71737600.0
2006-08-17,89.95837329108637,90.50681062653295,89.8958950996649,90.2707748413086,70992800.0
2006-08-18,90.38185058572016,90.72896575927734,89.96530814020575,90.72896575927734,58288400.0
2006-08-21,90.37488247891864,90.44430973626154,90.11108220586242,90.34017944335938,42133600.0
2006-08-22,90.24299396519856,90.6109351500627,90.02777368959298,90.33323669433594,60839900.0
2006-08-23,90.37491903704468,90.55542574190926,89.6876376396495,90.08334350585938,66592100.0
2006-08-24,90.24301202007872,90.31937778654292,89.83340804007157,90.00696563720703,57983000.0
2006-08-25,90.00002410130284,90.42350504770766,89.9375459107959,90.1180419921875,41756000.0
2006-08-28,90.006985825178,90.81924488389758,90.00004733325775,90.5484848022461,52681500.0
2006-08-29,90.59013258248515,90.82616838622864,90.11805038188248,90.6526107788086,61817800.0
2006-08-30,90.85394287441532,90.97196078918854,90.63179462105302,90.70816040039062,50052200.0
2006-08-31,90.84003740619012,90.93722922276862,90.65259226239104,90.69424438476562,37510300.0
2006-09-01,91.04137226007026,91.34683532435152,90.83310102595894,91.23575592041016,48794500.0
2006-09-05,91.29819950779014,91.53424579997528,91.0829898649219,91.4092788696289,52348300.0
2006-09-06,91.02056170423305,91.05527534801868,90.47906275915096,90.60401916503906,53795600.0
2006-09-07,90.29157688557314,90.64564106233568,89.7986793824388,90.18744659423828,86269400.0
2006-09-08,90.30548435802164,90.56929527836098,90.13192677213824,90.44432830810548,45096300.0
2006-09-11,90.1527780193627,90.7289906366355,89.88896702532719,90.53460693359376,68496600.0
2006-09-12,90.63869608583984,91.52730992251573,90.50679064876704,91.42317962646484,69875600.0
2006-09-13,91.38846003348525,91.95078478169236,91.3051558020803,91.7911148071289,62898400.0
2006-09-14,91.6106534820584,91.80503715772149,91.46486042875316,91.79808807373048,57805400.0
2006-09-15,92.25758503459689,92.31336899550416,91.81829299226617,92.01354217529295,76703100.0
2006-09-18,91.89496939510344,92.31334366726638,91.79735015022538,92.13902282714844,64154100.0
2006-09-19,92.12510702211496,92.13208666761564,91.39296774438216,91.90895080566406,92089100.0
2006-09-20,92.21572858101086,92.57831892392372,92.08324303419462,92.3970184326172,75204100.0
2006-09-21,92.46676111368345,92.5643803736118,91.6369920844416,91.95076751708984,88932500.0
2006-09-22,91.81134487293006,91.81831387974034,91.34416606371992,91.67189025878906,65966800.0
2006-09-25,91.85313610104208,92.6341007168152,91.3789885126262,92.3760986328125,92299100.0
2006-09-26,92.39009028592696,93.15710661210716,92.32035766001788,93.14315795898438,73962700.0
2006-09-27,93.08040929146613,93.41510250398366,92.92700601912362,93.25473022460938,82432200.0
2006-09-28,93.25469204492391,93.42901290669792,92.93393697779123,93.2198257446289,58597500.0
2006-09-29,93.29656122422044,93.3941805166702,93.0734253330753,93.14315795898438,47966600.0
2006-10-02,93.11523909855076,93.31745728305494,92.70384436414903,92.79449462890624,51687400.0
2006-10-03,92.66201433124895,93.34534925913565,92.49466244209783,92.98973846435548,73108100.0
2006-10-04,92.89911103792156,94.13330625459945,92.79452273129873,94.07752227783205,80890500.0
2006-10-05,94.07747631816711,94.4191490190605,93.95893941533484,94.2587661743164,60505900.0
2006-10-06,94.09844635174598,94.20304530520266,93.71493813515092,94.1402816772461,64983600.0
2006-10-09,94.02868080919012,94.3424562448315,93.88224659805005,94.1960220336914,41176800.0
2006-10-10,94.20301915539412,94.44706203296975,94.02171860894563,94.3215560913086,56403700.0
2006-10-11,94.02170666800448,94.43310138858384,93.64517825113738,94.20997619628906,104071800.0
2006-10-12,94.44704839838036,95.10249659386474,94.41218209527338,95.02579498291016,59158600.0
2006-10-13,94.94208956000404,95.3255974741772,94.85840833528572,95.26981353759766,53944000.0
2006-10-16,95.19313460591228,95.5626939639525,95.12340200867052,95.416259765625,42273000.0
2006-10-17,95.1582903902984,95.3186626335308,94.6004614020127,95.116455078125,90500600.0
2006-10-18,95.55573409127236,95.78583894213918,94.90029648420952,95.24195861816406,86848600.0
2006-10-19,95.1024670035163,95.44413964413305,94.99089912416817,95.39532470703124,64063200.0
2006-10-20,95.416259765625,95.49296136671072,95.06064905497324,95.416259765625,48094500.0
2006-10-23,95.22105252267912,96.08568806972008,95.1025155802121,95.85558319091795,66219900.0
2006-10-24,95.7230746335682,96.17630463661158,95.68123932740436,96.14144897460938,53234900.0
2006-10-25,96.04390224393288,96.51108124840152,95.88351926291853,96.46924591064452,78105400.0
2006-10-26,96.68532658235,96.92240040391042,96.21116829952798,96.7689971923828,66843700.0
2006-10-27,96.65046509005737,96.74808435318604,95.96713024815676,96.16236877441406,80238000.0
2006-10-30,95.98806308290172,96.36459154603388,95.80676253720188,96.0926513671875,49717800.0
2006-10-31,96.27397696982398,96.40645195116367,95.70219916103788,96.07872772216795,71274100.0
2006-11-01,96.37854296676068,96.44129593913544,95.33261753503317,95.43023681640624,83005600.0
2006-11-02,95.18615828803992,95.53480000702878,95.08157002822364,95.37442779541016,60693100.0
2006-11-03,95.7161399534092,95.79981059574158,94.56561542281266,95.20711517333984,71346400.0
2006-11-06,95.49996769923982,96.42037652979096,95.49298805374475,96.28092193603516,63303300.0
2006-11-07,96.3646009492464,96.90848136001075,96.22514634335631,96.6504898071289,63318900.0
2006-11-08,96.22511156568066,96.95726128162052,95.43020889572612,96.8596420288086,87517800.0
2006-11-09,96.92934761150838,97.0199978451267,96.15536272364866,96.35060119628906,95916300.0
2006-11-10,96.32273871016892,96.46219327708276,96.02988092773938,96.39247131347656,48991500.0
2006-11-13,96.35065016201936,96.95031452979458,96.27395917422774,96.62957000732422,59398200.0
2006-11-14,96.90149103995589,97.43840232622767,96.30879579565696,97.35472106933594,96704000.0
2006-11-15,97.3198610345382,97.93346326587472,97.29196373692648,97.63363647460938,76509600.0
2006-11-16,97.92653228340863,98.09387357524628,97.26411484390458,97.88469696044922,76728800.0
2006-11-17,97.57089432587196,97.91953614475614,97.43143972625909,97.91256713867188,56353800.0
2006-11-20,97.8288910502553,98.13569753611333,97.57786852907176,97.96834564208984,69174200.0
2006-11-21,97.96135259864738,98.08685850859084,97.82188740133144,98.0659408569336,51367900.0
2006-11-22,98.14267064057138,98.42855948157904,97.96834973357214,98.2612075805664,45505300.0
2006-11-24,97.7870297831701,98.20539344763648,97.75913248838536,97.86373138427734,30998000.0
2006-11-27,97.81493797311651,97.86375292988664,96.49010345108096,96.51799011230467,84545100.0
2006-11-28,96.39248289610651,97.03398249275472,96.30183262885424,96.93636322021484,106652900.0
2006-11-29,97.25008923309674,97.98920772637746,96.97814920934822,97.94737243652344,90034900.0
2006-11-30,97.92648197211764,98.35182526985427,97.45232372953728,97.9892349243164,83994300.0
2006-12-01,97.98926565453058,98.07991592926876,96.9015049164868,97.77310943603516,126080000.0
2006-12-04,97.79404043768288,98.7005113896452,97.78009178434974,98.51921081542967,87813200.0
2006-12-05,98.70746044154728,98.98638025329753,98.49827324266032,98.9445343017578,73374400.0
2006-12-06,98.92363860180032,99.06310385848104,98.66564702841052,98.8608856201172,53253200.0
2006-12-07,99.0351609886214,99.22343048675984,98.39366153390183,98.42852783203124,62857400.0
2006-12-08,98.40758715837627,98.94448759309832,98.16353376826778,98.60979461669922,79625500.0
2006-12-11,98.60985546512308,99.07703424787675,98.55407149468476,98.89574432373048,39779400.0
2006-12-12,98.79811310529328,98.9236190438461,98.24028410797337,98.81903076171876,77451600.0
2006-12-13,99.17460641221903,99.25130800516304,98.70742785145084,98.923583984375,55520200.0
2006-12-14,98.91666865523598,99.8789235907249,98.90272000175936,99.79524230957033,64755200.0
2006-12-15,100.01466633247132,100.18995844331054,99.73420323472112,99.80431365966795,70857400.0
2006-12-18,99.94454772512049,100.18295313309066,99.3906293484728,99.5308609008789,48954600.0
2006-12-19,99.25043309168504,99.95860963751691,98.99801192799492,99.72021484375,65023600.0
2006-12-20,99.76228673006749,100.0287342729633,99.57296817595802,99.66412353515624,41469600.0
2006-12-21,99.75528854098154,99.8674674181668,99.08918031831315,99.29952239990234,48698400.0
2006-12-22,99.3135309664435,99.3205388015778,98.63339649394344,98.68949127197266,62069100.0
2006-12-26,98.73156620362184,99.29250332198843,98.71053199784434,99.27146911621094,32696900.0
2006-12-27,99.47477551981684,99.98663624788698,99.44673348628412,99.92352294921876,39727100.0
2006-12-28,99.853419747171,100.05675392721066,99.558930228329,99.71318817138672,37288800.0
2006-12-29,99.60803838488226,99.9445964144118,99.16629861557128,99.29952239990234,45461200.0
2007-01-03,99.74123068878588,100.16894395133332,98.5632726077274,99.12419891357422,94807600.0
2007-01-04,99.02603307090553,99.60099642757888,98.59131198589712,99.33454895019533,69620600.0
2007-01-05,99.09615787495538,99.1452341126682,98.43004985582247,98.54222869873048,76645300.0
2007-01-08,98.73856451845135,99.15225141267469,98.33889329255244,98.99799346923828,71655000.0
2007-01-09,99.0821301178414,99.2854749970409,98.44406414363849,98.91385650634766,75680100.0
2007-01-10,98.57025438746314,99.26441495109324,98.37392809251372,99.24337005615234,72428000.0
2007-01-11,99.2714368336354,100.0006473610864,99.21534207014192,99.67811584472656,54476800.0
2007-01-12,99.67105180987902,100.43533325195312,99.64300979042532,100.43533325195312,55370600.0
2007-01-16,100.31619605106827,100.57562500761826,100.077790597472,100.23906707763672,44871300.0
2007-01-17,100.16196866298748,100.58968206451271,100.07782113058144,100.28116607666016,50241400.0
2007-01-18,100.38630444900151,100.44940705352992,99.7832990414356,99.94456481933594,68177300.0
2007-01-19,99.9445702312388,100.33723364497249,99.88848615683231,100.14090728759766,56973000.0
2007-01-22,100.31621321564066,100.33724742117708,99.51687060931474,99.83240509033205,60253600.0
2007-01-23,99.74825500196226,100.3232184691211,99.60802340233349,100.12689208984376,54064400.0
2007-01-24,100.24609281813557,100.95426937415156,100.20402440674648,100.93323516845705,55834700.0
2007-01-25,100.87012703965968,100.91219544875008,99.572960698119,99.74825286865234,73583800.0
2007-01-26,99.96559745359764,100.02168151808546,99.27143679201174,99.6570816040039,67255600.0
2007-01-29,99.69916873396964,100.12688202418022,99.38364499177789,99.60100555419922,66114600.0
2007-01-30,99.81137541473872,100.16896762407266,99.60803048667718,100.11988067626952,70407600.0
2007-01-31,100.0076861878776,101.05943914410211,99.84640969798778,100.7929916381836,91868600.0
2007-02-01,101.07344621101242,101.4310490330424,100.90517259968858,101.39598846435548,69312400.0
2007-02-02,101.48009909202412,101.63435699526728,101.2346965724869,101.53619384765624,49607000.0
2007-02-05,101.45911118080387,101.62739552447007,101.20669001479736,101.56429290771484,45705300.0
2007-02-06,101.6484104444074,101.69047884759595,101.1996629787568,101.59231567382812,57081300.0
2007-02-07,101.75358286235128,101.92186717642092,101.36794869512342,101.8166961669922,55669700.0
2007-02-08,101.5152178339191,101.75361265775328,101.15762559816784,101.68350219726562,70641000.0
2007-02-09,101.71154464778444,101.90086321993186,100.54059403299632,100.92623901367188,79084400.0
2007-02-12,100.92619512840082,100.9963055586826,100.40031875586766,100.5826187133789,65657000.0
2007-02-13,100.80704385975665,101.59935734800086,100.80002532423184,101.43108367919922,64081800.0
2007-02-14,101.52922307178292,102.3005021705219,101.51519670301032,102.09716796875,66039400.0
2007-02-15,102.13922948426593,102.33555583789672,101.97094516730355,102.23038482666016,38715200.0
2007-02-16,101.97796311536123,102.20233150437268,101.8307130014914,102.1812973022461,39841800.0
2007-02-20,102.06212362944493,102.51087121068043,101.66947083323711,102.398681640625,56911800.0
2007-02-21,102.09717653015296,102.4197188450619,101.9148765167608,102.35660552978516,63971600.0
2007-02-22,102.40567299984971,102.66510195014436,101.788641227275,102.27945709228516,79067400.0
2007-02-23,102.18829947748596,102.22334934276368,101.69046514255388,101.8797836303711,71966200.0
2007-02-26,102.25140905617984,102.33554585696312,101.494145752182,101.78863525390624,69192800.0
2007-02-27,100.88413279326666,101.10850116222726,97.4624269000091,97.8130111694336,274466500.0
2007-02-28,98.43710833831427,99.55196439964996,98.02342122609372,98.81573486328124,177536300.0
2007-03-01,97.700858757309,99.04009374311435,96.79635570607658,98.52122497558594,212828600.0
2007-03-02,98.19865697139258,98.62637021225638,97.22403312076624,97.23104095458984,162574000.0
2007-03-05,96.71220283227368,97.86913771644362,96.29150799174616,96.30553436279295,143750400.0
2007-03-06,97.30815053246208,98.2477136287824,96.56491373391071,97.9532241821289,143333300.0
2007-03-07,97.8761367442466,98.48616079154203,97.74291297875698,97.8551025390625,115144900.0
2007-03-08,98.54226042457452,98.97699236462115,98.21272092502056,98.68250274658205,117891600.0
2007-03-09,99.0821440556639,99.15927303810936,98.2197095784901,98.71052551269533,107765100.0
2007-03-12,98.45809395849469,99.10316778943634,98.275793973332,98.8577651977539,80366900.0
2007-03-13,98.28981188373812,98.70350950020897,96.78931146691794,96.93656158447266,190605200.0
2007-03-14,97.0627624914679,97.71485484171312,95.88480439925968,97.65876007080078,231853800.0
2007-03-15,97.4414002614747,98.1565952223169,97.32220288449828,97.79198455810548,132435900.0
2007-03-16,98.06724557674583,98.2925146701382,97.22954359050304,97.5181655883789,121531600.0
2007-03-19,98.0320340195091,98.78526537486285,97.9545991207477,98.6937484741211,96161200.0
2007-03-20,98.60925649511049,99.29208843344988,98.52478598444348,99.23577117919922,82147400.0
2007-03-21,99.32728649941284,101.1223492713903,99.13018148334146,100.86892700195312,152368700.0
2007-03-22,101.00271388185112,101.14350169298896,100.51698680321726,100.7915267944336,118942200.0
2007-03-23,100.86191141738736,101.23500389633904,100.77039451980376,100.93934631347656,74416800.0
2007-03-26,101.0167977480499,101.12238592299488,100.02422593788047,100.80561065673828,113787500.0
2007-03-27,100.74927671554288,100.77744071848336,100.23539644678814,100.56625366210938,99864600.0
2007-03-28,100.0594028949128,100.2917075685539,99.43992376520316,99.83414459228516,152907900.0
2007-03-29,100.34100411864844,100.39028576266864,99.39067829227544,99.93975830078124,139432700.0
2007-03-30,100.12979772281965,100.55216104957655,98.94715677677902,99.96084594726562,128194100.0
2007-04-02,100.07347869873048,100.2846657290924,99.59478738048224,100.07347869873048,79416400.0
2007-04-03,100.64366815931167,101.35465333886556,100.60143290488122,101.1505126953125,82417800.0
2007-04-04,101.15049570081922,101.33351868640705,100.7774033608106,101.26313018798828,63995200.0
2007-04-05,101.13643280071204,101.6784769738207,101.09419754540296,101.53768920898438,46822800.0
2007-04-09,101.82632837809322,101.93192728683238,101.47435349847116,101.67850494384766,50967400.0
2007-04-10,101.60104408596392,101.9671008748569,101.55880882982592,101.79814910888672,56620000.0
2007-04-11,101.9459665904094,101.97411984276224,101.04490139387326,101.38280487060548,106365700.0
2007-04-12,101.1857415385254,102.01639709262328,100.90415519198484,101.8333740234375,115534400.0
2007-04-13,102.002282489902,102.2979507446289,101.62215447033756,102.2979507446289,84287000.0
2007-04-16,102.6569991876886,103.38206661223748,102.64996355669872,103.2694320678711,83064600.0
2007-04-17,103.45947479675338,103.76216797245782,103.2342057662043,103.5439453125,108424100.0
2007-04-18,103.19902457188904,103.97336275393276,103.17790694137818,103.67066955566406,88345300.0
2007-04-19,103.1638516114078,103.76220253293906,103.03009942264724,103.6425323486328,102947700.0
2007-04-20,104.3394342194096,104.62100982666016,103.50876791760496,104.62100982666016,124114100.0
2007-04-23,104.44499878055744,104.69842106637384,104.16342323694738,104.22677612304688,77270800.0
2007-04-24,104.34647787791444,104.46614805727371,103.70589171092328,104.26904296875,114471000.0
2007-04-25,104.69846276031592,105.35314173497808,104.19866436016125,105.22642517089844,108418800.0
2007-04-26,105.23343792508012,105.4516605997772,104.95889798894196,105.34606170654295,88741600.0
2007-04-27,104.9518494893585,105.409423201255,104.77586207895656,105.26158905029295,108191100.0
2007-04-30,105.33900034547628,105.40939959043584,104.33235773933784,104.38866424560548,100874100.0
2007-05-01,104.48020917599112,105.21935848091304,103.95224692124972,104.65619659423828,134342700.0
2007-05-02,104.8181188069881,105.5572682303478,104.71253063568868,105.26864624023438,87129800.0
2007-05-03,105.5713780200284,105.87407135170304,105.40242616005996,105.83888244628906,86569700.0
2007-05-04,106.12042687504302,106.3808848503506,105.7473343596053,106.24009704589844,96409000.0
2007-05-07,106.21193668593918,106.4371950097298,106.16265504989173,106.2612075805664,63461400.0
2007-05-08,106.00072933514068,106.2400696150546,105.68395417155836,106.12039947509766,80584000.0
2007-05-09,106.0430159086335,107.57763232541022,105.85294642193686,106.40907287597656,102070100.0
2007-05-10,106.10638270271563,106.3105342221661,105.07862169650396,105.29684448242188,153617800.0
2007-05-11,105.41646848497705,106.24712398226583,105.39535085310834,106.1978530883789,113408900.0
2007-05-14,106.19782740190055,106.5075669162836,105.44459624270384,105.96552276611328,108027500.0
2007-05-15,106.08526535326251,106.76106209542496,105.72625471170969,105.99375915527344,180673300.0
2007-05-16,106.15557306551544,106.73985236417565,105.85991560259382,106.71873474121094,114166500.0
2007-05-17,106.56396957968832,106.97226192667644,106.37390004508111,106.50765228271484,101132800.0
2007-05-18,107.00735796016156,107.436767578125,106.8665702106394,107.436767578125,99182000.0
2007-05-21,107.40867243284276,107.86623555168543,107.35235515428292,107.38050842285156,174664600.0
2007-05-22,107.49311793674556,107.8169395276666,107.26785961640836,107.29601287841795,82148800.0
2007-05-23,107.66910723002542,108.05628172324616,107.2537794743069,107.31009674072266,133786600.0
2007-05-24,107.37339128238004,107.85208241604607,106.11332669808228,106.33858489990234,187593000.0
2007-05-25,106.64835998449276,107.01441676893424,106.42309096593858,106.78211212158205,83309200.0
2007-05-29,106.95813968337336,107.35234987247426,106.61320039719904,107.16932678222656,82020000.0
2007-05-30,106.62020491780378,108.08441054787612,106.5357236665712,108.04217529296876,129013600.0
2007-05-31,108.175979596242,108.3308494332011,107.78880500384425,107.92960357666016,114866700.0
2007-06-01,108.3237279662014,108.68977388948625,108.06325940602376,108.46451568603516,107771700.0
2007-06-04,108.08443970138612,108.68280128441704,108.04220443508667,108.4786605834961,78008800.0
2007-06-05,108.22524281572235,108.33786661680458,107.60576357337489,108.04925537109376,126917900.0
2007-06-06,107.60574989106696,107.66910278513672,106.82436530661384,106.8877182006836,164096800.0
2007-06-07,106.6906183858448,107.3523328446291,104.93074407691644,104.95890808105467,232414600.0
2007-06-08,105.2967788192708,106.43013806577324,104.9518396602768,106.32453918457033,175886000.0
2007-06-11,106.24718344153428,106.96521555116344,106.08527792612684,106.50765228271484,102015600.0
2007-06-12,106.06409336314252,106.67652612650784,105.2756731858061,105.34606170654295,233898000.0
2007-06-13,105.94445324581037,107.0496596747557,105.39537321787012,106.92294311523438,193208200.0
2007-06-14,107.04255118478078,107.78873587992253,107.02143356068552,107.605712890625,146396500.0
2007-06-15,108.26747030395568,108.63510480409268,108.1189989983016,108.21798706054688,154030800.0
2007-06-18,108.43711635922249,108.44418230958247,107.92808745282872,108.09069061279295,88537500.0
2007-06-19,107.85035355917208,108.43715125922613,107.71602494512533,108.35938262939452,110851700.0
2007-06-20,108.57854206807173,108.57854206807173,106.7262484969164,106.85350036621094,177119700.0
2007-06-21,106.81111421729904,107.53930667113671,106.22431636647238,107.44739532470705,205262000.0
2007-06-22,107.1221841182102,107.29893006115115,105.94152251389065,106.43640899658205,204964700.0
2007-06-25,106.21723406764733,106.93128371499316,105.35471309797032,105.9273681640625,232014400.0
2007-06-26,106.1960259808948,106.37277190532444,104.8315418346862,104.83860778808594,198445700.0
2007-06-27,104.7254999070381,106.45054187711578,104.67600586947452,106.3303451538086,213638000.0
2007-06-28,106.31621551513672,107.04440788542816,105.81425232616408,106.31621551513672,157705000.0
2007-06-29,106.68385338551516,107.21409124685016,105.44663170906682,106.35157012939452,199701800.0
2007-07-02,106.66265595021068,107.40499119168348,106.59196403389588,107.31307983398438,103357000.0
2007-07-03,107.58879954805364,107.8150395632745,107.45448167519864,107.70191955566406,54048400.0
2007-07-05,107.74427471160958,107.8573946539692,107.19990521596291,107.58873748779295,89279000.0
2007-07-06,107.73017418433795,108.28868653236547,107.412022905331,108.15435791015624,81109000.0
2007-07-09,108.2815759066818,108.42297042362088,107.89979884446512,108.2391586303711,72348100.0
2007-07-10,107.6665470420412,107.89278701279268,106.59193954411842,106.69798278808594,180362600.0
2007-07-11,106.57779644229988,107.4968774414681,106.415193206265,107.45446014404295,175607600.0
2007-07-12,107.72308942512409,109.40571387245218,107.70188077979758,109.15119934082033,133882500.0
2007-07-13,109.27849345391522,109.90770861770622,109.1512307576126,109.47644805908205,111794300.0
2007-07-16,109.57538497239568,109.95715134515136,109.28551912606076,109.46226501464844,98378700.0
2007-07-17,109.53299836982312,109.92184162948594,109.3562524143143,109.40574645996094,126201300.0
2007-07-18,109.03806847971316,109.44105427608122,108.38057896485508,109.20774841308594,237887400.0
2007-07-19,109.72382800201822,109.95713383232098,109.40568761077309,109.63192749023438,145212700.0
2007-07-20,109.50474862503084,109.57545133837324,108.04836334702134,108.52204132080078,245502500.0
2007-07-23,109.00272381720389,109.38450099373308,108.380585598848,108.85426330566406,121183900.0
2007-07-24,108.25340315975497,109.07350731404918,106.58492023344525,106.9666976928711,256732400.0
2007-07-25,107.47571044976304,107.73729107708232,106.22434575212162,107.18584442138672,265214500.0
2007-07-26,106.18187352540748,106.61313397287994,103.4953335634994,104.64772033691406,467592500.0
2007-07-27,104.78207776312382,105.24867889035391,102.54800628039229,102.59042358398438,422987600.0
2007-07-30,103.17011656503934,104.49924924945972,102.71764747064088,104.19525146484376,283017500.0
2007-07-31,104.86690316821978,105.6657982748246,102.54092053999936,103.02167510986328,316976700.0
2007-08-01,102.63989852260345,103.9336801158778,101.77031150630027,103.52362823486328,467670000.0
2007-08-02,103.756909875529,104.46389347977474,102.69643446916037,104.3507843017578,294758400.0
2007-08-03,104.12456899777648,104.33666628675807,101.24007391568917,101.66426849365234,359398200.0
2007-08-06,101.9541204199197,103.8064141945628,100.76638223745464,103.36808776855467,324980000.0
2007-08-07,103.17720393415472,105.34057235171936,102.67524075554849,104.47098541259766,232568700.0
2007-08-08,104.92345261313184,106.46467188791247,104.16697488246636,105.9273681640625,274930600.0
2007-08-09,104.23062581884682,105.30524431193956,102.71768078244888,102.78838348388672,357622100.0
2007-08-10,102.08139244775856,103.57312872645372,101.18351998363065,102.30763244628906,411018400.0
2007-08-13,103.5730964888604,103.84881965892627,102.52676379062488,102.67522430419922,181917200.0
2007-08-14,103.0075547630979,103.26206940525476,100.90074570662742,101.10576629638672,264134500.0
2007-08-15,100.90068959225214,102.13084480983134,99.4160198740604,99.71295166015624,323834000.0
2007-08-16,98.82924569253848,101.05625079799724,96.85676593576962,100.46238708496094,546743700.0
2007-08-17,102.86614491262128,103.08530816887462,99.96044100626123,102.30763244628906,388218100.0
2007-08-20,102.63280284345042,102.84490007050736,101.30367028909254,102.2581024169922,187320400.0
2007-08-21,102.22988532748042,103.19844990436587,101.90466795802298,102.4631805419922,157066400.0
2007-08-22,103.22666912175652,103.78519219372468,102.74592546317908,103.67913818359376,173156700.0
2007-08-23,104.1669630802364,104.38612627450544,102.94388444878145,103.58724212646484,203915300.0
2007-08-24,103.55895830371324,104.86688232421876,103.4175637363458,104.86688232421876,128901900.0
2007-08-27,104.5275500771769,104.86689925117724,103.73572095422185,103.8912582397461,113024300.0
2007-08-28,103.33274621740324,103.3963721650684,101.42389227343745,101.60770416259766,219790700.0
2007-08-29,102.06724871676862,103.74280767422212,101.77739355469896,103.60140228271484,207654200.0
2007-08-30,102.83081984332348,104.0609758773426,102.73184251560144,103.3257064819336,191817300.0
2007-08-31,104.3861902049604,104.98713095988631,103.80646889614331,104.3437728881836,185477500.0
2007-09-04,104.24477615706434,106.03344459981804,104.20942480375442,105.39716339111328,120062000.0
2007-09-05,104.77501920672356,104.88813922774833,103.92664062447572,104.4851531982422,166261800.0
2007-09-06,104.59823171468086,105.0648435254672,104.01143397464008,104.72549438476562,127878400.0
2007-09-07,103.55895909352026,103.84882497084836,102.69643820197244,103.26910400390624,235447600.0
2007-09-10,103.58726528345612,103.7286598802985,102.03896909689914,103.07115936279295,192305900.0
2007-09-11,103.38931105347038,104.4215013229896,103.3115424067765,104.27304077148438,162081900.0
2007-09-12,104.13162752957868,104.94466528143668,103.91246430208191,104.54167938232422,149554600.0
2007-09-13,105.02242484299956,105.65870582186804,104.7749762469315,105.27693939208984,154079000.0
2007-09-14,104.60533408128576,105.40421848765068,104.44979677292076,105.26988983154295,121911000.0
2007-09-17,104.85274519588374,105.09311705193676,104.37200148377768,104.70428466796876,109870800.0
2007-09-18,105.22038879729192,107.81501776639,104.72550234869422,107.7867431640625,263759500.0
2007-09-19,108.45836311943164,109.15120406810294,107.96347672752356,108.42301177978516,193779900.0
2007-09-20,108.40890896167468,108.4725349238129,107.53932178263103,107.65950775146484,175186800.0
2007-09-21,108.47565063046284,108.76688078464944,107.78662234873886,107.9499969482422,141457500.0
2007-09-24,108.26968031080726,108.55382191875329,107.51672401781497,107.75113677978516,139450200.0
2007-09-25,107.12599733144258,107.72978854589138,106.8844851812191,107.53799438476562,142289900.0
2007-09-26,108.14895704539155,108.51833582848384,107.53806595134938,108.10633850097656,135547000.0
2007-09-27,108.61775749458305,108.75272341316118,108.1063134025474,108.74561309814452,102713300.0
2007-09-28,108.57511023353172,108.8166224245124,107.95710912980915,108.38331604003906,133372100.0
2007-10-01,108.39755332709832,109.9247752715654,108.32651521107417,109.6051254272461,148162300.0
2007-10-02,109.8253265630716,109.85373530566604,109.25705416113182,109.45594787597656,112978800.0
2007-10-03,109.25698888040208,109.68319563692329,108.6887168180032,109.23567962646484,119055900.0
2007-10-04,109.47018544562512,109.57673180600943,109.10080666479736,109.40625762939452,76864400.0
2007-10-05,110.1236412960395,110.88370775855782,109.83951058118502,110.70612335205078,134579700.0
2007-10-08,110.37938339073057,110.4504215018363,109.93897745077804,110.11656188964844,71280400.0
2007-10-09,110.52853576580588,111.16783527528275,110.12363812794992,111.15362548828124,94054300.0
2007-10-10,110.84103622762758,111.12517767327442,110.3935310639266,110.96890258789062,101711100.0
2007-10-11,111.47330537645006,111.89241291460056,109.77559847371518,110.43621826171876,233529100.0
2007-10-12,110.42907556128333,111.06127552014397,110.29410969834278,111.04706573486328,124546700.0
2007-10-15,111.00446072622624,111.06838850943322,109.34937280355363,110.10942840576172,161151900.0
2007-10-16,109.68319563692329,109.76133318098924,109.01547677652118,109.23567962646484,166525700.0
2007-10-17,110.08813118171535,110.1662687604758,108.30518749768196,109.56958770751952,216687300.0
2007-10-18,109.00135184992166,109.5270058136585,108.73853028750148,109.17183685302734,148367500.0
2007-10-19,108.7456153597496,111.15366016029188,106.30916181523446,106.3162612915039,297169900.0
2007-10-22,105.74084983039558,107.0904868615864,105.5987844858846,106.93421173095705,261989800.0
2007-10-23,107.58768873802023,107.93574706684495,106.72817586378412,107.80078125,180085100.0
2007-10-24,107.41017584020922,107.78665398022476,105.7266680039291,107.60195922851562,326694200.0
2007-10-25,107.72269250825364,108.17730813787,106.4654027625454,107.85765838623048,237374500.0
2007-10-26,108.72425254185428,109.12203979492188,107.90025846684864,109.12203979492188,176484000.0
2007-10-29,109.34230638005027,109.70458564142363,109.07238535186752,109.48438262939452,106841000.0
2007-10-30,109.001327864601,109.21443136186636,108.58933066025966,108.72429656982422,132981600.0
2007-10-31,109.377773868483,110.29411538575737,108.56798948797288,109.85369873046876,220954400.0
2007-11-01,108.88763119556046,108.97287906646736,106.9697221029522,107.2822723388672,333040800.0
2007-11-02,107.63745836886127,107.97131791637194,105.98948073162464,107.40304565429688,331228200.0
2007-11-05,106.2949025188192,107.37461854814576,105.81897769693792,106.58614349365234,226841000.0
2007-11-06,107.16155132829248,108.04947349863863,106.47962233235342,108.02106475830078,177800500.0
2007-11-07,106.86317783184734,107.35331245298391,104.81030284050176,105.06602478027344,306639700.0
2007-11-08,105.12287624765548,105.41410645635496,103.04869154082677,104.53329467773438,374509900.0
2007-11-09,103.48907648115777,104.80319440833914,102.92080428937288,103.098388671875,277745100.0
2007-11-12,103.14813251034556,104.1426008615026,102.07551574707033,102.07551574707033,243087800.0
2007-11-13,103.26176335978474,105.35015743407048,103.15521706574587,105.18678283691406,191117400.0
2007-11-14,105.99658676183992,106.12444233829662,104.26336113280986,104.89556121826172,230558800.0
2007-11-15,104.11420328375593,104.76771267582666,102.65800881150685,103.3825454711914,263111100.0
2007-11-16,103.92949823610536,104.04315485968849,102.69351768103836,103.56011962890624,308770600.0
2007-11-19,103.19781893460744,103.25464722855696,101.71321633642538,102.11810302734376,267746000.0
2007-11-20,102.3027888884804,103.37539439238913,100.94604193927644,102.74319458007812,414767500.0
2007-11-21,101.63510413379603,102.22468563680783,100.63352552606908,100.640625,259012400.0
2007-11-23,101.62802517873428,102.53014630021907,101.36519284574275,102.3809814453125,77688400.0
2007-11-26,102.59404964117786,102.9137102175717,99.91608481649222,100.12207794189452,214232000.0
2007-11-27,100.68328362105284,101.74168000560368,100.12211068956697,101.27286529541016,293897900.0
2007-11-28,102.42361370716084,104.7535209284828,102.38809464778984,104.5120086669922,258596900.0
2007-11-29,104.14968281921328,104.93105842005669,103.78031511598756,104.54747009277344,199409900.0
2007-11-30,105.8687292523198,106.45831086188254,104.65405781823104,105.59880828857422,222908000.0
2007-12-03,105.26493568529874,105.44961956808253,104.62562531155406,104.90265655517578,146430400.0
2007-12-04,104.17812268954656,104.8032124531351,103.92950017568008,103.96501922607422,136533900.0
2007-12-05,105.08023696203956,105.9823687574861,105.0092097047008,105.70533752441406,171130000.0
2007-12-06,105.57753533964326,107.41020859232388,105.53491679591303,107.21841430664062,154457400.0
2007-12-07,107.55933559369052,107.6161639116048,106.94134524957472,107.1970672607422,148980100.0
2007-12-10,107.45986499240212,108.14889329132016,107.16152451847228,108.02813720703124,123914300.0
2007-12-11,108.07074944342293,108.60350258137304,105.00919647822523,105.06602478027344,250346400.0
2007-12-12,107.30359111873489,107.80793556033206,104.56168767702076,106.10311889648438,322435600.0
2007-12-13,105.3572612493693,106.11731672405524,104.632713977913,105.88290405273438,237551300.0
2007-12-14,105.08021204819435,105.91131638925266,104.49064151261018,104.54035949707033,159152900.0
2007-12-17,104.14259061576074,104.32727448026549,102.89949987966594,103.04867553710938,177269400.0
2007-12-18,103.78032145539834,104.0502423567221,102.26019951635668,103.6240463256836,245569300.0
2007-12-19,103.66666484489836,104.3414833565442,102.95632728760992,103.6240463256836,198917200.0
2007-12-20,104.30594321229638,104.32015299545732,103.12678050438024,104.27753448486328,214813800.0
2007-12-21,105.2380177913953,105.98783283857664,105.03806856500236,105.78074645996094,146084400.0
2007-12-24,106.27353114256536,106.74483402310608,106.03072620216614,106.5663070678711,45601400.0
2007-12-26,106.15208880697526,106.88761875235244,106.04497702713086,106.79479217529295,67093100.0
2007-12-27,106.41633554773392,106.42347270222722,105.2023546023066,105.45228576660156,122981700.0
2007-12-28,106.0735896023148,106.12358238886377,104.9024530056508,105.18810272216795,116398100.0
2007-12-31,105.0452385936485,105.40942956869397,104.30256054328954,104.40968322753906,108126800.0
2008-01-02,104.63822051381771,104.96671491335682,102.74583910379492,103.49564361572266,204935600.0
2008-01-03,103.48131759968972,103.89550124589071,102.88146993129467,103.44561004638672,125133300.0
2008-01-04,102.36024484806155,102.43166001133552,100.6249675240296,100.91060638427734,232330900.0
2008-01-07,101.26761053279222,101.56753445726493,100.04649247575465,100.82486724853516,234991000.0
2008-01-08,101.4603976911568,102.04596019108568,98.86104675569972,99.1966781616211,326365700.0
2008-01-09,99.32523896062054,100.53921989068174,98.33262967765992,100.23929595947266,301824900.0
2008-01-10,99.74659464718457,101.974618892503,99.52522292295744,100.89630889892578,335701200.0
2008-01-11,100.53207514895968,101.33187223848856,99.26096439035064,100.08218383789062,267076600.0
2008-01-14,100.80343258315158,101.30330572958084,100.26070382724208,100.88912200927734,170365500.0
2008-01-15,99.82511736202876,101.039109251537,98.47545415330656,98.66826629638672,239940100.0
2008-01-16,98.0898152885249,99.34664067668194,97.31857781292284,97.81845092773438,378802600.0
2008-01-17,98.41115783826552,98.46115059608844,94.92630957411995,95.28336334228516,397892600.0
2008-01-18,96.21884451007236,96.41879373012448,93.61949375297958,94.3050308227539,348561500.0
2008-01-22,90.84164022748932,94.56927785994124,89.97757056080953,93.34815979003906,435923700.0
2008-01-23,90.75595656320998,95.82612623900434,90.57742961542031,95.59046936035156,511913000.0
2008-01-24,96.0331980108671,96.73303138455006,95.19769333061474,96.39739990234376,259949300.0
2008-01-25,97.48284521070693,97.66137214853823,94.6906921843038,95.00489044189452,269603900.0
2008-01-28,95.16194907697302,96.77583878952916,94.3050223683704,96.57588958740234,217934600.0
2008-01-29,97.19006453372424,97.43999569654372,96.31885224824372,97.05438232421876,168968300.0
2008-01-30,96.81872184044138,98.9324744991587,96.11889935579754,96.34027099609376,334939200.0
2008-01-31,95.26196862058956,98.93248198617856,95.11914925117904,98.09697723388672,343680800.0
2008-02-01,98.50401942910452,99.69657799927153,98.2040954979624,99.67515563964844,206843600.0
2008-02-04,99.41093658746357,99.47520366459644,98.28978228085856,98.41832733154295,124694300.0
2008-02-05,97.07578955218602,97.29716116627516,95.45476223808866,95.78325653076172,286882500.0
2008-02-06,96.104592311823,96.5830430474456,94.5549802854709,95.0120086669922,250792900.0
2008-02-07,94.11935480919952,96.25452890046772,94.06936206234958,95.64039611816406,297368100.0
2008-02-08,95.04058808985296,95.84753325148816,94.33362846353111,95.02631378173828,221643500.0
2008-02-11,95.04774381602792,95.85467814640968,94.29078046450148,95.51190948486328,188576300.0
2008-02-12,96.34026998022156,97.34001637631368,95.67614416991728,96.39739990234376,256654400.0
2008-02-13,97.12573342694124,97.87554829806368,96.50446354055474,97.3828125,181967800.0
2008-02-14,97.7969967119519,97.83270425775196,96.25452226325989,96.52588653564452,215207200.0
2008-02-15,96.04748050450884,96.56163889267764,95.62615959922049,96.50450897216795,154110300.0
2008-02-19,97.63279827312552,97.75419526542548,96.12603070358698,96.77587127685548,145190000.0
2008-02-20,95.68329319823592,97.51140713915362,95.51904058429918,97.06151580810548,220085700.0
2008-02-21,97.58994331653268,97.8398744286569,95.74040732186292,96.25455474853516,201051200.0
2008-02-22,96.38310157938729,97.01151974078137,94.8763341398024,96.8472671508789,205491000.0
2008-02-25,96.79013129246246,98.2968986395138,96.24741348412591,98.06838989257812,190107000.0
2008-02-26,97.65423355023474,99.22526840064384,97.47570661504234,98.80394744873048,212420700.0
2008-02-27,98.23265814322382,99.36094967048668,98.12554634169412,98.70397186279295,168395800.0
2008-02-28,98.00414883962873,98.5183072772136,97.51141276224163,97.73992156982422,170831100.0
2008-02-29,96.83300037636778,96.89011939874,94.81921160058428,95.5618896484375,252715200.0
2008-03-03,95.0763024349901,95.55475330500327,94.43360983859486,95.33338165283205,189483500.0
2008-03-04,94.426448475817,95.261953091913,93.5409619919636,94.96917724609376,282513100.0
2008-03-05,95.27626682000862,96.24031676373836,94.505029044309,95.56905364990234,270681400.0
2008-03-06,94.96204317989768,95.13343295834191,93.22676662087922,93.59095764160156,247911700.0
2008-03-07,92.66975969679304,94.0765527438338,91.81996978654398,92.62691497802734,326434600.0
2008-03-10,92.71974788458463,92.78401496711012,91.11300544293044,91.40579223632812,235683600.0
2008-03-11,93.3481405078085,94.77635561851986,92.08416708383228,94.69066619873048,341440600.0
2008-03-12,94.79065547625298,95.52618550027668,93.66236405677532,93.80518341064452,229161100.0
2008-03-13,92.55549325014316,94.71923856489131,91.83424844403314,94.01226806640624,351504200.0
2008-03-14,94.8120790845267,94.84063859710976,91.24867786267237,92.55549621582033,484687800.0
2008-03-17,90.38460178873912,92.30554759330325,90.02754797659303,91.62001037597656,405311100.0
2008-03-18,93.27670021403472,95.46901504745004,92.81967193783672,95.4261703491211,334416600.0
2008-03-19,95.79044796550632,96.1546391276656,92.86260076777197,93.06256103515624,345971600.0
2008-03-20,93.3294860622332,95.38194573803617,92.76254188882176,94.78630065917967,245320700.0
2008-03-24,95.66898320435268,97.46309064108682,95.61875389031276,96.6808624267578,208977300.0
2008-03-25,96.78132715034248,97.27650253009958,95.99909897525252,96.77415466308594,192947200.0
2008-03-26,96.4942561666196,96.94636368653217,95.52543400185245,95.59001922607422,196934300.0
2008-03-27,96.30767927379684,96.47991751958835,94.98721890714812,95.28862762451172,225153200.0
2008-03-28,95.43933188590408,95.70485625109583,94.05427541397732,94.37721252441406,180896100.0
2008-03-31,94.21934113918051,95.2527487727114,94.07581473460408,94.70734405517578,166692100.0
2008-04-01,95.8842721416341,98.20225573523402,95.81250346861924,98.03720092773438,254547300.0
2008-04-02,98.3529784493163,98.79791361926588,97.5850951588668,98.10179901123048,210910800.0
2008-04-03,97.57073471364023,98.6328431527266,97.3913239864126,98.34577941894533,175884800.0
2008-04-04,98.4031910926522,99.0060194518384,97.68554819156724,98.2381362915039,204446800.0
2008-04-07,98.94145328792128,99.4438122313889,98.1305240099002,98.28840637207033,154245500.0
2008-04-08,97.73580102672476,98.25967734582396,97.56356276617186,98.18791961669922,148937300.0
2008-04-09,98.03719281300116,98.17354671022584,96.80284620177736,97.47743225097656,195610600.0
2008-04-10,97.18320988578614,98.08026360015468,96.81003247450728,97.61380004882812,192967800.0
2008-04-11,96.51581485155836,96.9679225132964,95.45369528504546,95.71923065185548,222973300.0
2008-04-14,95.58286492457307,95.83403338333974,95.1235738810168,95.39627075195312,160522000.0
2008-04-15,95.86274750315422,95.941688666433,94.96569380696926,95.6187515258789,172389200.0
2008-04-16,96.55166272378372,98.25248369815746,96.53731775126596,98.2094268798828,189268900.0
2008-04-17,97.613787390443,98.49648506481338,97.35543551619295,98.35295867919922,179665700.0
2008-04-18,99.70930909909676,100.1542442055694,99.22130621910182,99.37918853759766,218530600.0
2008-04-21,99.1997999468452,99.7380322571954,98.92710302251554,99.42945098876952,118587400.0
2008-04-22,99.17105650615366,99.25717013475794,98.24529119721886,98.99164581298828,162166000.0
2008-04-23,99.09932569269913,99.59450114699024,98.40321106135708,98.83380126953124,193309000.0
2008-04-24,99.09213553666378,100.28342540989512,98.3457807689489,99.26437377929688,229381300.0
2008-04-25,100.03940030412916,100.39104921250906,98.97011955784326,100.18293762207033,190788100.0
2008-04-28,100.3838861166806,100.64941046906104,100.02506468898343,100.20447540283205,105610200.0
2008-04-29,100.03226679331944,100.27626280831012,99.47250607640476,99.80979919433594,125514100.0
2008-04-30,99.96047717628134,100.8934151592518,99.22130584716795,99.22130584716795,208395900.0
2008-05-01,99.3074534113442,101.27378845214844,99.2285122341347,101.27378845214844,187279500.0
2008-05-02,102.14929486482843,102.17082327729732,100.87189128998352,101.55364990234376,181585500.0
2008-05-05,101.22354853662584,101.62542686931828,100.76425744921112,101.06566619873048,118504500.0
2008-05-06,100.48442330249028,102.04888052392614,100.24759968678912,101.94123840332033,179339800.0
2008-05-07,101.82636739448614,101.93400946704972,99.84567660677202,100.12555694580078,199267300.0
2008-05-08,100.28344467507044,100.6996789619573,99.7380289438016,99.8672103881836,178321200.0
2008-05-09,99.46531128614768,100.0322443644946,99.3576582798852,99.68059539794922,152588200.0
2008-05-12,99.93178753457154,100.87189811048678,99.55861010927433,100.80014038085938,147865900.0
2008-05-13,101.04415759467486,101.1087428500134,100.2762741688764,100.81450653076172,159132200.0
2008-05-14,101.23790862686344,102.04883781355632,100.80014593566877,101.02261352539062,181910800.0
2008-05-15,101.216375287025,102.35743610765168,101.0656763722772,102.2856674194336,166927000.0
2008-05-16,102.52248607500856,102.52965856334356,101.62543226676102,102.37895965576172,204236800.0
2008-05-19,102.48658286435236,103.55587474905283,102.12058892009956,102.65882110595705,165664400.0
2008-05-20,102.09905514837364,102.14928445556176,101.18764562873706,101.82634735107422,178552100.0
2008-05-21,101.7689683858286,101.99143599941964,99.7523929847422,100.10404205322266,252724800.0
2008-05-22,100.06096492766252,100.59202472531987,99.7523836731935,100.11837768554688,170820400.0
2008-05-23,99.78824629300594,100.22600889501024,98.69025354460128,98.7763671875,181376400.0
2008-05-27,98.89116577119694,99.75233481695508,98.69739917703484,99.50833892822266,168322900.0
2008-05-28,99.8743619146856,100.47000684071324,99.03472102870306,99.96765899658205,181288100.0
2008-05-29,99.84567817746928,101.13742687000692,99.8097938359291,100.47002410888672,173927200.0
2008-05-30,100.80729741935616,101.00106406534417,100.42694756449616,100.72118377685548,117362000.0
2008-06-02,100.34800899561915,100.36953740679932,99.03472116182115,99.68059539794922,181069900.0
2008-06-03,99.96767230806113,100.19731237437304,98.48214603864749,99.0993194580078,271965700.0
2008-06-04,98.81945934892424,99.8672231637948,98.64723200153458,99.04911041259766,246637700.0
2008-06-05,99.45095765578397,101.10871105706288,99.26437443779844,101.02976989746094,237867100.0
2008-06-06,100.14707925686942,100.3264900004502,97.75732683832976,97.80755615234376,384276300.0
2008-06-09,98.21661080210782,98.67590183445006,97.1760307546533,98.04437255859376,228263900.0
2008-06-10,97.362629797722,98.38886503779324,97.13298971940604,97.556396484375,260234900.0
2008-06-11,97.57791573588376,97.78602737951248,96.11391794144556,96.12110137939452,283890100.0
2008-06-12,96.5947211619182,97.506119594991,95.81966565675827,96.48706817626952,252791800.0
2008-06-13,97.00379762083357,97.97261999729496,96.4655654006578,97.70708465576172,244726900.0
2008-06-16,97.27645835272163,98.2667977121184,97.21187314565698,97.7644500732422,185832500.0
2008-06-17,98.36734292346785,98.4032163174286,97.1473409185976,97.29087829589844,191707700.0
2008-06-18,96.65932389299836,97.25496881367168,95.95603691753662,96.34355926513672,265893000.0
2008-06-19,96.27180948487448,97.05404872114926,95.80534588878248,96.465576171875,304204900.0
2008-06-20,95.8085447297223,95.98885289625905,94.6401513322082,94.89979553222656,289275700.0
2008-06-23,95.26761106576863,95.36858318911062,94.71226988995572,94.80602264404295,165096400.0
2008-06-24,94.51753526057315,95.5200481431664,93.89727477892392,94.6185073852539,267300600.0
2008-06-25,95.00073503412146,96.21240021459576,94.65454655471927,95.06564331054688,287853900.0
2008-06-26,94.17132726327246,94.78436824909988,92.37545448215326,92.48363494873048,297775000.0
2008-06-27,92.51968402254124,92.93800010183897,91.62535745849156,91.978759765625,303423400.0
2008-06-30,92.23843093533598,92.97409122220868,91.81290636950328,92.3033447265625,258842600.0
2008-07-01,91.25031402698436,92.65672040372024,90.82478958392598,92.59181213378906,388622000.0
2008-07-02,92.887523345778,93.15438683850562,90.83922580800538,91.00511169433594,288064600.0
2008-07-03,91.67584980909956,91.67584980909956,90.14683515677248,91.09886169433594,239352500.0
2008-07-07,91.44507993259988,91.8417545520289,89.37514043679666,90.16849517822266,372427300.0
2008-07-08,90.14681218686766,91.87777058753431,89.57703808192593,91.76958465576172,375973700.0
2008-07-09,91.95712538918072,92.13021961390066,89.71409232183542,90.0025863647461,336729400.0
2008-07-10,89.74298607339115,90.7238629964422,89.12993937212646,90.3704605102539,436475700.0
2008-07-11,89.41117705905475,90.80315574188856,88.34375073904367,89.31741333007812,481124600.0
2008-07-14,90.34155120178468,90.51464539728433,88.2788265716493,88.5096206665039,322720800.0
2008-07-15,87.8461191708273,89.06499833284977,86.56232072103337,87.26191711425781,502502500.0
2008-07-16,87.5936739226796,89.84392102098491,87.34124367989693,89.40396881103516,371642900.0
2008-07-17,90.25505238725918,91.06283492729168,89.49775591206819,90.29832458496094,375490600.0
2008-07-18,90.99790843184876,91.17821656720672,90.26225366071796,90.86087799072266,267030100.0
2008-07-21,91.24312033725852,91.45227841161284,90.29109370721945,90.9113540649414,222863000.0
2008-07-22,90.2622604952527,92.17352797527936,90.0458885154127,91.94273376464844,296904200.0
2008-07-23,92.2384244317759,93.1471734243312,91.9932080218199,92.44036865234376,311698400.0
2008-07-24,92.5629646369878,92.61345618803112,90.26945086113211,90.52188110351562,248634500.0
2008-07-25,90.79596187248364,91.22870028573308,90.27667357555735,90.50025939941406,219131000.0
2008-07-28,90.52190952247028,90.91858417001671,89.01453045460254,89.17320251464844,205201300.0
2008-07-29,89.41839354686488,91.149346869459,89.17317167453865,91.07722473144533,261505600.0
2008-07-30,91.6758709242722,92.750511397971,91.07724658027638,92.70001983642578,354710000.0
2008-07-31,91.88504037718717,92.728886756578,91.32968815726348,91.47393798828124,277402100.0
2008-08-01,91.68305159545058,91.79844590166142,90.48580334093931,90.99066925048828,248690900.0
2008-08-04,90.9041623153332,90.976284478589,89.98098541949507,90.14686584472656,188239600.0
2008-08-05,90.88971336787743,92.72164450036512,90.1324225765875,92.57740020751952,251577600.0
2008-08-06,92.3321968558801,93.2553736666994,91.94273060708424,92.98851013183594,209555400.0
2008-08-07,92.28889014492326,92.63508409142364,91.2647415363157,91.60372161865234,246312500.0
2008-08-08,91.29362075340497,93.7097432789366,91.14937093672316,93.30585479736328,260811700.0
2008-08-11,93.37799116923291,94.84930091868662,93.2048913730644,94.27232360839844,249425800.0
2008-08-12,93.96215318156496,94.26506945924524,92.84424079635004,93.29141235351562,213200800.0
2008-08-13,92.88755052766528,93.50781106273944,92.079773460643,92.72888946533205,256393200.0
2008-08-14,92.20235098175289,93.96215986741844,92.1374427044456,93.4284439086914,239555300.0
2008-08-15,93.70970516099842,94.12081284439095,93.2553363066182,93.88280487060548,181000800.0
2008-08-18,94.07033882884257,94.10640265070468,92.07253295825564,92.59902954101562,172275100.0
2008-08-19,91.89943221890948,92.09416805074444,91.25753581521136,91.58930206298828,194673700.0
2008-08-20,91.87784133340202,92.28172992027764,91.12054473044095,92.01487731933594,225498200.0
2008-08-21,91.41621899692926,92.63510367770984,91.30803302186322,92.17351531982422,180609800.0
2008-08-22,92.8009848403147,93.5077896118164,92.17351608434832,93.5077896118164,167715300.0
2008-08-25,92.89473734804808,93.50777829834516,91.41620869475904,91.6109390258789,171936900.0
2008-08-26,91.61092678989974,92.2239786634481,91.29358831110564,91.8777847290039,159117200.0
2008-08-27,91.99319294738928,92.91636952017618,91.81288485106164,92.77212524414062,171032800.0
2008-08-28,93.24091561736512,94.00542013352144,93.1183074407299,93.8972396850586,167537100.0
2008-08-29,93.56548776666509,93.86119572854577,92.68558324920286,92.88752746582033,189195800.0
2008-09-02,93.78184634511908,94.27229009065488,91.97155151411302,92.31053161621094,252364900.0
2008-09-03,92.231201171875,92.67836725942036,91.54603256436904,92.231201171875,251947000.0
2008-09-04,91.57487750357156,91.762399465823,89.40396646741533,89.45445251464844,340042500.0
2008-09-05,88.92075752912407,90.11800064396093,87.99036692347757,89.73574829101562,289503400.0
2008-09-08,92.34659279077262,92.49084807665524,89.73573499226863,91.58930206298828,364075300.0
2008-09-09,91.66864990218042,91.8561718934162,88.56735344517176,88.87026977539062,377326800.0
2008-09-10,89.35351185439227,90.0819583657914,88.3870627523467,89.23090362548828,298916600.0
2008-09-11,88.07690367966326,90.68776147598196,87.70185974592212,90.52188110351562,375369400.0
2008-09-12,89.64197060161807,91.02673541091862,89.31020437663352,90.940185546875,297851200.0
2008-09-15,87.72351466435785,90.62287264930674,86.46857154534823,86.6128158569336,483607000.0
2008-09-16,84.52845913378191,88.22117205356497,84.38421481375998,88.0625,581744300.0
2008-09-17,86.28823059887496,87.88215329694528,83.66294550763378,84.10289764404297,624095600.0
2008-09-18,85.14148639689495,87.83889401240292,82.07624871936476,86.59837341308594,776114700.0
2008-09-19,91.90910620864256,92.85213794844896,89.46448705624651,90.03755950927734,501087800.0
2008-09-22,90.27690801534531,90.49453235099818,87.30999574348394,87.99913024902344,249966500.0
2008-09-23,87.6654499740579,88.51417498228685,85.80115388365951,85.99701690673828,327470400.0
2008-09-24,86.57738252400087,87.04889849774764,85.44574861454451,86.27271270751953,311818400.0
2008-09-25,86.61362499851651,88.43439870868956,85.91723471678431,87.62194061279297,328253000.0
2008-09-26,86.20013107405451,88.13696679385691,85.96800101251735,87.66545104980469,285917400.0
2008-09-29,86.42499781087012,86.57007701099235,80.49842338176818,80.79583740234375,459562300.0
2008-09-30,82.34097727679584,84.72756775805536,80.17926126868977,84.13998413085938,328154400.0
2008-10-01,83.6176778226177,84.64776015808874,82.66014062801239,84.19075012207031,332783000.0
2008-10-02,83.38556412093712,83.50163194156015,80.56373026145482,81.13680267333984,365337800.0
2008-10-03,81.86946465512527,83.7482668214828,79.56266932303312,80.04143524169922,461798000.0
2008-10-06,77.72736174220957,78.06830392028363,73.00496058701096,75.9646224975586,610637500.0
2008-10-07,77.50248993679682,77.85794339153878,72.28681678382111,72.56246948242188,540012100.0
2008-10-08,70.7417090106925,74.1221092814214,70.22667055334455,70.73445892333984,725414800.0
2008-10-09,72.2940872494331,72.9904775265953,65.46800255378639,65.79443359375,534485200.0
2008-10-10,62.93631774691883,68.14474063192489,60.62952308677595,64.19852447509766,871026300.0
2008-10-13,68.0939908393977,73.52003479003906,65.25038978355073,73.52003479003906,455584000.0
2008-10-14,75.95010745925923,76.5521965719375,70.44427121971141,72.431884765625,546268300.0
2008-10-15,70.69818654352237,70.9448278746374,65.07628062458838,65.30115509033203,484627500.0
2008-10-16,66.2223944951657,68.74680732898555,62.77671182787005,68.02140045166016,708811200.0
2008-10-17,66.73020619564325,71.51789256695136,66.4835704063175,67.61520385742188,476649000.0
2008-10-20,69.16755966961165,71.88783605043866,68.25354525601716,71.6774673461914,321294200.0
2008-10-21,70.34273907884779,71.55416780919201,69.07327644258557,69.53753662109375,356502000.0
2008-10-22,67.60794070651022,69.53752628328724,63.49488370474917,65.75090026855469,516168000.0
2008-10-23,65.49703984421969,67.06391707075154,62.24721200729409,66.51261138916016,634666400.0
2008-10-24,60.9777155315224,65.2286013346476,60.93419287905069,63.13943099975586,545812600.0
2008-10-27,62.36326745792479,64.93121000487878,60.716589761472434,60.89794158935547,397288600.0
2008-10-28,63.35705023440285,68.36236007665792,61.31865815811262,68.01416778564453,639939500.0
2008-10-29,68.02146249709952,70.48784923659136,66.81003323522657,67.52093505859375,531270100.0
2008-10-30,69.47951269188351,70.03082380843259,67.3903415886083,69.85672760009766,414582100.0
2008-10-31,68.97172531295527,71.5033951632612,68.53648205308656,70.2411880493164,411394000.0
2008-11-03,70.2048968652086,70.86501996968437,69.60280765584612,70.44428253173828,205419400.0
2008-11-04,71.85883068320325,73.16456577015401,70.15412498343005,72.838134765625,346793400.0
2008-11-05,71.9604116755213,73.05577839625572,68.91370281736344,69.77693939208984,387844100.0
2008-11-06,68.52195649135358,69.23285791032492,65.33016402850859,65.91049194335938,477721900.0
2008-11-07,66.48355910743251,68.18826461594786,65.64933986960938,68.08670806884766,380391000.0
2008-11-10,69.06597829560891,69.29810824193653,65.95398257069482,67.19442749023438,301773000.0
2008-11-11,65.83797694944971,66.83903716565003,64.30736689790811,65.11981964111328,418498200.0
2008-11-12,64.00267808701825,64.52496660901703,61.74666130880832,62.25444412231445,454330600.0
2008-11-13,62.479301242282766,66.54158476088918,59.54865637673549,66.1353530883789,753141900.0
2008-11-14,64.85865684352261,66.78098139032663,62.76222505909004,62.83477020263672,540352300.0
2008-11-17,62.66065151652471,64.24203891837638,61.77565966993888,62.00053405761719,415254900.0
2008-11-18,61.7684508276156,63.27004415787607,60.14353954842834,63.168487548828125,523811800.0
2008-11-19,62.31976608865597,63.01615668159511,58.69997838223024,59.1207160949707,558327600.0
2008-11-20,58.12686959978823,59.85334205969088,54.44180569552128,54.731964111328125,814180400.0
2008-11-21,56.19002761509706,58.68542955756062,53.926755699763845,57.684364318847656,718536500.0
2008-11-24,59.42534205102623,63.10315543967131,58.29370886510971,61.68135833740234,523305300.0
2008-11-25,63.32804152002095,63.48037634563105,60.80362239775535,62.13837432861328,454112400.0
2008-11-26,61.15181722414785,64.69905729623157,61.1082890372496,64.53946685791016,370134200.0
2008-11-28,64.29284992773714,65.38096092717517,64.18404325532833,65.35194396972656,118308100.0
2008-12-01,63.48040296115435,63.50941992121039,59.38185005476106,59.56320190429688,369927100.0
2008-12-02,60.54974286084104,62.01506304208834,59.51241029221708,61.85547256469727,469508400.0
2008-12-03,60.49897205603302,63.71252672950487,60.31036460175815,63.342567443847656,519863500.0
2008-12-04,62.42851779914354,63.87208155553108,60.74557396517781,61.87721252441406,444173800.0
2008-12-05,60.680315052172496,64.14050505598891,59.65748821558189,63.78505706787109,471905300.0
2008-12-08,65.53326789220631,67.01309888530906,63.89385200273195,66.01203918457031,412859300.0
2008-12-09,65.55504880447978,66.83176145563228,64.54673326771783,64.92394256591797,370790000.0
2008-12-10,65.51878230642092,66.27320650718649,64.56124496206809,65.36644744873047,396187400.0
2008-12-11,64.95293976119274,66.01203325701047,63.37880798870845,63.79228973388672,365061000.0
2008-12-12,62.05858124050162,64.61201186408523,61.804684321333134,64.5539779663086,415060400.0
2008-12-15,64.575760142619,64.67006664055711,62.595401167783336,63.65449523925781,256694200.0
2008-12-16,66.65040588378906,66.75196244041166,63.96640168547648,66.65040588378906,377699500.0
2008-12-17,65.89600193704699,67.04940251754032,65.33018508165813,66.00481414794922,281819800.0
2008-12-18,66.30223162601666,66.4980891716182,63.98818045285787,64.77162170410156,374673300.0
2008-12-19,65.15845726028734,66.27003004500929,64.41984691064198,64.49298095703125,301451300.0
2008-12-22,64.77817181701789,64.84398574926301,62.51846529443471,63.66659927368164,243759500.0
2008-12-23,64.01034061832848,64.3028601462211,62.74520161076094,63.00846862792969,221625200.0
2008-12-24,63.220518890838,63.52766736331398,62.89143801667444,63.37409591674805,62061600.0
2008-12-26,63.79824933701212,63.842130882616566,63.25709196221087,63.73974990844727,74767700.0
2008-12-29,63.7982807574978,63.864100318648106,62.5989554014117,63.55695724487305,127795900.0
2008-12-30,63.99569386394551,65.12189000992275,63.53497396188797,65.06338500976562,168256300.0
2008-12-31,65.14384136456881,66.52599019581713,64.99026989213512,65.99214172363281,193987200.0
2009-01-02,66.13843621490568,68.33232501730001,65.70696851584063,67.9813003540039,227566300.0
2009-01-05,67.73994711565744,68.4931866894713,67.19878963272771,67.90083312988281,240349700.0
2009-01-06,68.47855175954074,69.07089968887439,67.77650832272242,68.35423278808594,328260900.0
2009-01-07,67.27920420709746,67.46934265076845,65.96286971913429,66.30657958984375,280899200.0
2009-01-08,65.93364813164473,66.61374803580807,65.57530908487703,66.57718658447266,263834400.0
2009-01-09,66.66494153844994,66.78194598929281,62.423422792998416,65.15115356445312,330953600.0
2009-01-12,64.96830717625032,65.01950323131467,63.19126398507606,63.586158752441406,277858500.0
2009-01-13,63.42529940091198,64.2662852693613,63.03770786563543,63.70318984985352,356432300.0
2009-01-14,62.55505490676511,62.70862638348896,60.81457259121622,61.699440002441406,435491600.0
2009-01-15,61.51659734611781,62.34295949270674,59.7614865201905,61.72135925292969,532647300.0
2009-01-16,62.78906034902568,62.88412679826915,60.73412085411626,62.20402145385742,399237200.0
2009-01-20,61.59707490035554,62.20404644219286,58.54025688278595,58.920528411865234,419855200.0
2009-01-21,59.92238876460596,61.60436601319367,58.84738288216891,61.465423583984375,364360700.0
2009-01-22,60.2733691928527,61.45806982143103,59.35924988728526,60.51469802856445,427940300.0
2009-01-23,59.16185896292785,61.42156136206526,58.92052989719082,60.77802276611328,386800600.0
2009-01-26,61.129000894091206,62.42339732301848,60.55859117802552,61.194820404052734,317978800.0
2009-01-27,61.52392490755733,62.26984988453366,60.91695352275115,61.816444396972656,273789700.0
2009-01-28,63.18397371255743,64.31747913259903,62.94264470040216,63.90795516967773,330007000.0
2009-01-29,62.97186644278241,63.98105239235487,61.77254206931618,61.83104705810547,294392500.0
2009-01-30,62.145517784900406,62.45266067318892,60.119825351641325,60.5732307434082,383383600.0
2009-02-02,59.65180102158714,60.82918776196516,59.46166254232229,60.390411376953125,288233300.0
2009-02-03,60.770690988855385,61.69212542775017,60.12715257561271,61.23871994018555,278385800.0
2009-02-04,61.64826190032269,62.43074848433016,60.72682727544361,60.93890380859375,322989300.0
2009-02-05,60.47818131289253,62.37224099021772,56.84364461844511,61.84570693969727,417679400.0
2009-02-06,62.0577780883631,63.87138901710182,61.92614458713645,63.60812759399414,366101700.0
2009-02-09,63.59352274698252,64.16393294288937,63.12549358216931,63.69590377807617,240075200.0
2009-02-10,63.08891567198157,63.644702301735926,60.2953646346392,60.77802276611328,536212800.0
2009-02-11,61.02666081659323,61.465442965259385,60.25880321512103,61.136356353759766,324442500.0
2009-02-12,60.09057159326031,61.29721071981791,59.271523908300125,61.180206298828125,469302200.0
2009-02-13,61.09978877278995,61.60437926624715,60.50743516317621,60.522064208984375,293998400.0
2009-02-17,58.62068180012544,60.668306964765385,57.89669484473837,57.93326187133789,478910100.0
2009-02-18,58.3500863908818,58.459781865168914,57.24582828725371,57.7943000793457,362964800.0
2009-02-19,58.38665864208479,58.61336415208688,57.05570040330078,57.17271041870117,316867500.0
2009-02-20,56.112330154462725,57.28971127972584,55.410281264559366,56.616920471191406,477176600.0
2009-02-23,57.23854750893335,57.23854750893335,54.54737743949713,54.59125900268555,379641400.0
2009-02-24,55.05927617691115,57.004520623900255,54.627808638257854,56.66081619262695,426260900.0
2009-02-25,56.41216530316074,57.34822316285563,55.30790693148399,56.21471786499024,461985800.0
2009-02-26,56.90943512093846,58.26233114445042,55.23476718158918,55.30058670043945,363353900.0
2009-02-27,54.12321754239789,55.35179502333018,53.97695499743833,54.06471252441406,470510900.0
2009-03-02,53.03358453742376,54.05740007399439,51.46130256910888,51.62949752807617,426452600.0
2009-03-03,52.368109402856206,52.4339233677821,50.92745532423261,51.24191284179688,443761000.0
2009-03-04,52.09023110912192,53.28955643833082,51.24192483369025,52.45587921142578,462753100.0
2009-03-05,51.26382182718356,52.455837258122365,49.85242105793152,50.31314086914063,485549400.0
2009-03-06,50.75193005091294,51.51978729958589,49.06994746542019,50.40090560913086,490470000.0
2009-03-09,49.69154179539101,51.19070024869743,49.53066142411512,49.80855178833008,379905300.0
2009-03-10,50.83238910925178,52.92389622204342,50.73000811038891,52.77763366699219,406227900.0
2009-03-11,53.384604881594186,53.933076849555775,52.52898995061701,53.121337890625,356648300.0
2009-03-12,53.106707159042,55.39566118354039,52.63136373598758,55.21283721923828,409702700.0
2009-03-13,55.58579150438968,56.2951492743891,54.64973383734279,55.644290924072266,337474700.0
2009-03-16,56.28055229161069,57.01916298182607,55.43956058445618,55.47612762451172,360644900.0
2009-03-17,55.629675711512434,57.3043438963543,55.17627027085285,57.17271041870117,356814300.0
2009-03-18,56.90211989070961,59.1618266343941,56.360962603930695,58.45246887207031,473273200.0
2009-03-19,59.18376591832813,59.23495639821456,57.54566498261848,57.72848892211914,428520400.0
2009-03-20,58.00913029772615,58.11961097095565,56.36666519122483,56.49924087524414,371078200.0
2009-03-23,57.9943683455202,60.60905199038851,57.677660233206105,60.5574951171875,419933300.0
2009-03-24,59.83572837366978,60.66064444807226,59.298064326211126,59.364349365234375,330271000.0
2009-03-25,59.82835122275159,60.91104590749209,58.23007640195655,59.99038314819336,441775100.0
2009-03-26,60.57961528105933,61.35297431959339,59.89464189870289,61.21303176879883,422025200.0
2009-03-27,60.43230951505375,60.78584088974786,59.88727308187384,60.10823440551758,322332300.0
2009-03-30,58.77510502279118,58.826661905717465,57.41988669843354,58.03120803833008,324108500.0
2009-03-31,58.5983286058617,59.71785742151284,58.22270232863932,58.56886672973633,364238300.0
2009-04-01,57.83970484308445,59.96827627173992,57.6924010784638,59.703125,377018300.0
2009-04-02,61.19091176867133,62.317801733124064,59.7546749435769,61.44869613647461,476230700.0
2009-04-03,61.49291942886801,62.07477909937036,60.88896474620292,62.06005096435547,284646300.0
2009-04-06,61.38244079982236,62.07478117355327,60.60908725188135,61.57394027709961,264866600.0
2009-04-07,60.57958159149074,60.87419466229563,60.034551063031714,60.13766479492188,258947800.0
2009-04-08,60.439638629284566,61.08778850366417,60.056645573832256,60.78580856323242,230402800.0
2009-04-09,62.36200104875106,63.20901177172081,62.11158351670152,63.20164489746094,269653500.0
2009-04-13,62.54609822905941,63.739278317423086,62.29568083850647,63.21634292602539,224847500.0
2009-04-14,62.627164480504085,63.164834020223424,61.92746301057973,62.12632369995117,276598800.0
2009-04-15,61.75066703560972,62.91438568120582,61.58126829740321,62.78917694091797,250726100.0
2009-04-16,63.29003219061122,64.18859981840902,62.43565457097438,63.70985412597656,335202900.0
2009-04-17,63.95294470641976,64.55689949205261,63.44473686290954,64.13707733154297,262649000.0
2009-04-20,63.00277483573149,64.11493667314308,61.38240551659504,61.44869613647461,293690100.0
2009-04-21,60.99942413981669,62.70080691399952,60.947867256334746,62.64925003051758,114090900.0
2009-04-22,62.08212190271995,63.59200521424961,61.92008438398594,62.26625442504883,340395200.0
2009-04-23,62.39145858564162,62.914394236137205,61.59600479927725,62.87757110595703,324903700.0
2009-04-24,63.363680219353306,64.30643779791144,63.11326269598311,63.82769775390625,287703000.0
2009-04-27,63.10588631001341,64.08547249166259,63.00277256660588,63.22372817993164,289581600.0
2009-04-28,62.5829625262703,63.77613767344193,62.42829188198059,63.024879455566406,247926300.0
2009-04-29,63.724603534195886,65.07982230287334,63.562571577074586,64.36538696289062,311505700.0
2009-04-30,65.2197491232119,65.5659135846264,64.01920134384588,64.38746643066406,301419800.0
2009-05-01,64.40217585531042,64.9693014023161,63.87187343151035,64.73361206054688,236110300.0
2009-05-04,65.21976352606565,66.98007058025291,65.0945490982434,66.93587493896484,287120000.0
2009-05-05,66.70751953125,66.97267077147531,66.16985017766041,66.70751953125,243036300.0
2009-05-06,67.52507320414493,67.9080663462925,66.73698629881211,67.86387634277344,291941000.0
2009-05-07,68.50465258527913,68.60776632928238,66.49392333866048,66.92111206054688,317728000.0
2009-05-08,67.782837256913,68.65930952564146,67.34828736792167,68.4825439453125,299081700.0
2009-05-11,67.53982253208375,67.84180263565999,67.05371548295702,67.20101928710938,247923600.0
2009-05-12,67.48827385636409,67.6355832977334,66.17725073422054,67.00216674804688,282431300.0
2009-05-13,66.09622628636627,66.29509261036547,65.18293030520589,65.31550598144531,269619100.0
2009-05-14,65.34493408046673,66.37607707147654,65.18289660225811,65.87523651123047,260098700.0
2009-05-15,65.82366727493005,66.28767900502581,64.9251000604444,65.33755493164062,271502700.0
2009-05-18,65.95626341467984,67.27464716305835,65.23446154584211,67.19363403320312,241447400.0
2009-05-19,67.15679986131988,67.7386591856976,66.88428176176754,67.11260986328125,206102200.0
2009-05-20,67.72392942845357,68.34998440701601,66.58967820396407,66.663330078125,285722200.0
2009-05-21,65.88994296258285,66.14036596996871,65.00610961489534,65.705810546875,258988400.0
2009-05-22,65.89000073209357,66.28772777304548,65.3155079904787,65.56592559814453,166811900.0
2009-05-26,65.0798303299273,67.43672549752976,65.05036843792212,67.24523162841797,236318500.0
2009-05-27,67.34830075200499,67.5766232394408,65.94152584344567,66.04463958740234,246015800.0
2009-05-28,66.62653636592759,67.27468106634947,65.6248546166424,66.96533966064453,289095000.0
2009-05-29,67.33355918505022,69.01284638503377,66.78852865611873,68.15110778808594,258641500.0
2009-06-01,68.9907747211085,70.09556989677417,68.81400906640006,69.80095672607422,276246800.0
2009-06-02,69.52846502386913,70.24290035074017,69.4032562150494,69.85990142822266,230874500.0
2009-06-03,69.2633053076004,69.32959033277265,68.32054748772934,68.97605895996094,235310500.0
2009-06-04,69.23380846014555,69.72728212926692,68.71823979379145,69.6241683959961,210102300.0
2009-06-05,70.33126582755159,70.4638414856893,69.08653363538681,69.63893127441406,284257900.0
2009-06-08,69.11598191431638,70.04401141408461,68.52676120564857,69.35167694091797,238565100.0
2009-06-09,69.7420060435105,70.07344219383997,69.24852682466774,69.7051773071289,225125500.0
2009-06-10,70.32390395404826,70.33126520995617,68.6372491700491,69.52845001220703,296100400.0
2009-06-11,69.66100294281763,70.78789284981393,69.64626919724995,69.8377685546875,275414200.0
2009-06-12,69.52845608483194,70.07348689142431,69.23384286368372,70.029296875,184361800.0
2009-06-15,69.20437281648923,69.248562827701,68.05538757074994,68.42365264892578,224190500.0
2009-06-16,68.66672208090986,68.7109121005725,67.45144596666549,67.49563598632812,227319000.0
2009-06-17,67.46616731683588,68.00383685221965,66.89904151749217,67.4293441772461,223445200.0
2009-06-18,67.53243815204314,68.25423441223619,67.20836315073639,67.92279815673828,211725100.0
2009-06-19,68.57313030072012,68.66200954724859,67.7879944999237,68.17315673828125,215655600.0
2009-06-22,67.50656111443254,67.54359791596866,66.1066559119092,66.12887573242188,251913600.0
2009-06-23,66.26958711346249,66.57326731280827,65.81035691937933,66.18070220947266,188309800.0
2009-06-24,66.78065826641692,67.46209217092647,66.3658677432641,66.75102996826172,211577700.0
2009-06-25,66.41770002438756,68.2694258351557,66.34363212216057,68.20276641845703,279411000.0
2009-06-26,67.97319154341582,68.32131712006534,67.60284614715415,68.02503967285156,167579000.0
2009-06-29,68.22502823311963,68.75091800906858,67.84727435283831,68.66203308105469,168481300.0
2009-06-30,68.67683364741822,68.92866574006958,67.60282888193817,68.10649871826172,228888200.0
2009-07-01,68.39538043878568,69.05460039844313,68.29909267664429,68.38797760009766,173041100.0
2009-07-02,67.49915022357942,68.4102023893585,66.48440744943608,66.52143859863281,212309900.0
2009-07-06,65.8770208578536,66.61030293712655,65.66962840319219,66.5140151977539,174499600.0
2009-07-07,66.44733716648268,66.5288135650909,65.18075722132696,65.2251968383789,197088900.0
2009-07-08,65.61776024152906,65.77331019941695,64.4400652105158,65.18075561523438,248050500.0
2009-07-09,65.6326150638999,65.84741608326432,65.11413374200139,65.30670928955078,163777600.0
2009-07-10,64.95856479252458,65.54371105755493,64.69932420701011,65.1511459350586,173520300.0
2009-07-13,65.41039195142105,66.7880770642788,64.8770937592153,66.7362289428711,217413500.0
2009-07-14,66.94363703102805,67.17325503736892,66.46219249904132,67.11399841308594,181487400.0
2009-07-15,68.00282291480455,69.2620007093972,67.16584431593948,69.07682800292969,220877900.0
2009-07-16,68.88423706956523,70.00268164083028,68.7509125137123,68.96571350097656,231174500.0
2009-07-17,69.66935092348392,69.86193204766066,69.28419432615082,69.72119903564453,138561700.0
2009-07-20,70.12857508830388,70.58039673457621,69.76563833427228,70.46188354492188,164179400.0
2009-07-21,71.01001310046232,71.0322329153141,69.93600829078387,70.78780364990234,217718300.0
2009-07-22,70.33598456612586,71.2025912841833,70.28413644584091,70.77299499511719,196068100.0
2009-07-23,70.81742797283634,72.6469346397469,70.75817136921492,72.33584594726562,258795500.0
2009-07-24,71.99513142127623,72.69138246479632,71.61738324538551,72.63212585449219,154003100.0
2009-07-27,72.4988059136384,72.8839682540684,72.0988322452019,72.84693145751953,159259400.0
2009-07-28,72.3358470235835,72.86173667375176,71.89142814083097,72.5062026977539,186685200.0
2009-07-29,72.17289345819081,72.65433782461157,71.83217646226838,72.32843780517578,194399300.0
2009-07-30,73.20246708814676,73.94315782711166,73.0321057317352,73.08395385742188,225575400.0
2009-07-31,73.06912215305101,73.6764881635914,72.86913254472731,73.18762969970703,207358000.0
2009-08-03,73.95797848402948,74.46164847609622,73.55800475641567,74.39498901367188,175776900.0
2009-08-04,74.06164245985408,74.69122826270154,73.9060981309873,74.58753204345703,176714600.0
2009-08-05,74.63937744461998,74.70604252658387,73.75795961302583,74.37273406982422,184726400.0
2009-08-06,74.7134662828367,74.82456535711522,73.63946147296878,73.98758697509766,193203800.0
2009-08-07,74.76530264697185,75.57265259858086,74.3579206019268,74.95787811279297,220640900.0
2009-08-10,74.61721067058615,74.97274484138627,74.26908499216333,74.80238342285156,130898700.0
2009-08-11,74.46901412239565,74.52086222479231,73.6690671274021,73.86905670166016,157301000.0
2009-08-12,73.74315306731803,75.22453424199952,73.70612192856342,74.66161346435547,219052400.0
2009-08-13,75.0023365601042,75.26157715656633,74.261645912486,75.23194885253906,176449500.0
2009-08-14,75.19492165826375,75.2541782738823,73.84686473356213,74.65422058105469,199616100.0
2009-08-17,73.21723417768209,73.29130207662142,72.66912494430883,72.8172607421875,237667500.0
2009-08-18,72.9802346561927,73.65426572918092,72.84691013906426,73.39501953125,173461500.0
2009-08-19,72.81731065041471,74.29128940934402,72.74324270070997,74.0394515991211,192812800.0
2009-08-20,74.13576038449126,74.97274484138627,73.9728131093578,74.80238342285156,174131300.0
2009-08-21,75.4171179345112,76.3874208285055,75.26898207242782,76.26891326904297,224605000.0
2009-08-24,76.5799946565398,76.99477955157751,75.98743996275418,76.2614974975586,191279000.0
2009-08-25,76.56518178366522,77.22439590038378,76.24668463112545,76.40963745117188,215310600.0
2009-08-26,76.17262395121259,76.76517873331458,75.9133833531759,76.41705322265625,194620700.0
2009-08-27,76.37260141077333,76.82442308858283,75.50599484226144,76.58740234375,196230100.0
2009-08-28,77.2021698478272,77.29104908719837,76.04668887682374,76.57257843017578,147024400.0
2009-08-31,75.82449961535202,75.98004396499162,75.39489770624024,75.89115905761719,176051600.0
2009-09-01,75.51339435147065,76.46888577632502,74.06164164696155,74.2171859741211,321276800.0
2009-09-02,73.90608642787006,74.39494479920016,73.7505421236339,73.93571472167969,171805000.0
2009-09-03,74.36533395031255,74.6393858430562,73.76537074920932,74.55050659179688,143572300.0
2009-09-04,74.69864422239858,75.61709896373428,74.47644043794128,75.59487915039062,142687900.0
2009-09-08,76.29114373618867,76.32818053239163,75.83932194741689,76.2467041015625,132909100.0
2009-09-09,76.38000361570307,77.09106579171261,76.14298289036657,76.83182525634766,154612500.0
2009-09-10,76.88372194514261,77.66885253436634,76.45411984306708,77.61700439453125,162902400.0
2009-09-11,77.76510279594694,77.99472071957493,77.23921315967237,77.6021499633789,152360100.0
2009-09-14,76.94294374968163,78.11323634908035,76.40224273229016,77.97991180419922,149593800.0
2009-09-15,78.10583461964526,78.5946932101901,77.59476186255591,78.30582427978516,196795900.0
2009-09-16,78.58725488752368,79.5057094547385,78.31320304021244,79.49089813232422,206406300.0
2009-09-17,79.37981647309967,80.03903070673334,78.93540320843962,79.3724136352539,229170900.0
2009-09-18,79.74301835233967,79.75046212762321,79.15508501955249,79.42300415039062,153799100.0
2009-09-21,78.80533094961508,79.63141429985808,78.63416379945751,79.22209167480469,151892000.0
2009-09-22,79.69093834456167,79.90676244508437,79.33371087660804,79.6834945678711,143126700.0
2009-09-23,79.8695499080567,80.3979444987501,78.87973768363166,79.0211410522461,225947400.0
2009-09-24,79.19230544969444,79.36347255128794,77.80805837327009,78.15039825439453,228636800.0
2009-09-25,77.97925907749065,78.41090742236703,77.46574619555359,77.7336654663086,204059000.0
2009-09-28,78.03131067250095,79.29648556303742,78.01642880039576,79.12531280517578,118285800.0
2009-09-29,79.26672961313567,79.64627703466181,78.72344750300365,78.88717651367188,133733900.0
2009-09-30,79.15511343344045,79.22953417917948,77.8601742881767,78.58206176757812,254383000.0
2009-10-01,76.65452780146295,78.68624739585279,76.61731459446172,76.6322021484375,281840600.0
2009-10-02,75.92517972543381,76.72893718303806,75.90285407571214,76.27496337890625,224748800.0
2009-10-05,76.58007611518431,77.63686490282981,76.35680831928809,77.4135971069336,149875000.0
2009-10-06,77.97179600904727,78.96905208746851,77.92714470094758,78.52252197265625,202491100.0
2009-10-07,78.34389400572859,78.82019916068013,78.19505254838836,78.73833465576172,159200300.0
2009-10-08,79.29650470083072,79.75791666062831,78.77554820443147,79.34115600585938,183305800.0
2009-10-09,79.36349530780915,79.82491302490234,79.1551149445861,79.82491302490234,135008300.0
2009-10-12,80.19702055695961,80.44260844903073,79.83979302985963,80.13748168945312,118031000.0
2009-10-13,79.921629294071,80.15977900195172,79.45277365360054,79.97372436523438,157692700.0
2009-10-14,80.91144628755966,81.43239703115077,79.94395984610497,81.35053253173828,191421600.0
2009-10-15,80.95608520584425,81.64820861816406,80.91887768867048,81.64820861816406,173873600.0
2009-10-16,80.97099454088678,81.3207725505252,80.54679012100304,81.03797149658203,192069400.0
2009-10-19,81.17193293177075,81.96080293245616,80.91890130058414,81.70777130126953,159530400.0
2009-10-20,81.82683561058202,81.85660503695745,80.88168045439676,81.27611541748047,180921100.0
2009-10-21,81.14960639682134,82.0947616320085,80.4872522189327,80.54679107666016,225379300.0
2009-10-22,80.51699366668352,81.62587753629501,80.00348113363046,81.36540222167969,238444000.0
2009-10-23,81.63334258389744,81.68543766039637,80.1002483593305,80.43515014648438,240033200.0
2009-10-26,80.52445971772818,81.35054291510261,79.34115472999278,79.56442260742188,242028200.0
2009-10-27,79.653726669519,79.92164585614755,79.00626003344843,79.19975280761719,253266300.0
2009-10-28,78.99881155365293,79.2444050730981,77.6592157002591,77.70387268066406,248821400.0
2009-10-29,78.28435222712083,79.52719586094607,78.09829758692172,79.37091064453125,198110600.0
2009-10-30,79.11046811217433,79.34861792333633,76.98200169081541,77.07130432128906,325608100.0
2009-11-02,77.49549085673654,78.44809555814551,76.71406463182902,77.63689422607422,254222900.0
2009-11-03,77.20524272540372,77.99411837138447,77.05640126356319,77.88248443603516,228362600.0
2009-11-04,78.52248106891723,79.13273989945178,77.88245282251083,78.08338928222656,247996700.0
2009-11-05,78.63413627144745,79.54207815091243,78.47040727874386,79.5197525024414,180015300.0
2009-11-06,79.08067519423192,79.92908399944567,78.92438995937019,79.72814178466797,170954100.0
2009-11-09,80.33841564710204,81.58870343422613,80.27888245947803,81.54405212402344,159495700.0
2009-11-10,81.3505719331793,81.8119897280846,81.09754021457768,81.55895233154297,171899800.0
2009-11-11,82.09474951016955,82.47430257471615,81.58124255242231,81.97567749023438,169466200.0
2009-11-12,81.86407459914714,82.28827912222516,80.93380102415684,81.14218139648438,157144500.0
2009-11-13,81.3505566175596,81.93104638312569,80.93379589929451,81.58126831054688,150963000.0
2009-11-16,82.14684645891487,83.12177667920642,82.10219516016193,82.7645492553711,210922200.0
2009-11-17,82.54872715281242,82.89851080922952,82.23615669820296,82.86129760742188,147134100.0
2009-11-18,82.80173548857292,82.92825124579281,82.28822300841105,82.80917358398438,156486800.0
2009-11-19,82.24359225925757,82.83896368314923,81.21656704250023,81.7300796508789,208734600.0
2009-11-20,81.30586741432828,81.68542042182831,81.12725657230202,81.43982696533203,134196000.0
2009-11-23,82.39986823053097,83.15896855619589,82.31055997189077,82.47428894042969,148010200.0
2009-11-24,82.60825096453517,82.75709238879222,81.87147626197097,82.6008071899414,138420100.0
2009-11-25,82.73478989169875,82.98038342058138,82.47431448740112,82.89107513427734,109564800.0
2009-11-27,80.67331750743845,82.10221621331208,80.59145298677436,81.54405212402344,126001800.0
2009-11-30,81.47706468597609,82.01289737335081,80.46492681326052,81.81940460205078,160874800.0
2009-12-01,82.5487362309606,83.09946215300415,82.40733854000393,82.83154296875,159613700.0
2009-12-02,82.81663717088405,83.35991919647608,82.54871804565191,82.7943115234375,132315100.0
2009-12-03,83.01761383172003,83.48646965662782,82.07989650396533,82.1468734741211,167324900.0
2009-12-04,83.23341988578885,83.63529868060753,81.8938295809982,82.61572265625,274907800.0
2009-12-07,82.54126699954982,83.00267878222452,82.22869095052413,82.48916625976562,127973800.0
2009-12-08,81.89383632828368,82.437112865307,81.32078468037065,81.57382202148438,169863700.0
2009-12-09,81.55149960677262,81.99802976290266,81.13473320683747,81.87895202636719,155063400.0
2009-12-10,82.3850214906924,82.69759771179764,82.19896678481645,82.34037017822266,138014600.0
2009-12-11,82.69010925292969,82.8761638582728,82.31800004224345,82.69010925292969,124854000.0
2009-12-14,83.25575256347656,83.35249895570662,82.70502660726072,83.25575256347656,107141500.0
2009-12-15,82.95061603752538,83.29295595989328,82.60827611515748,82.8687515258789,120408800.0
2009-12-16,83.20364049091255,83.44922830996033,82.80919986941969,82.99525451660156,155358200.0
2009-12-17,82.39990280240607,82.55618806214562,81.92360324569356,81.9980239868164,183390100.0
2009-12-18,82.45443021071586,82.52925731154461,81.76606426773932,82.4619140625,174591200.0
2009-12-21,82.8734613221286,83.5767894387211,82.8734613221286,83.2999496459961,118039600.0
2009-12-22,83.4795014806427,83.77879276022685,83.3747503890642,83.5992202758789,91707500.0
2009-12-23,83.80121511485663,83.88352033638196,83.42710254737959,83.76380157470703,111783100.0
2009-12-24,83.94340671728052,84.25017615286039,83.80124206919103,84.16039276123047,39677500.0
2009-12-28,84.47463897559214,84.54197651367618,84.04066692403025,84.33995819091797,87508500.0
2009-12-29,84.55695020109641,84.57191219667196,84.21276721779361,84.22024536132812,80572500.0
2009-12-30,83.97333491502052,84.28758819711632,83.9284375115022,84.19031524658203,73138400.0
2009-12-31,84.37736801721582,84.3998195722783,83.34481911608437,83.38223266601562,90637900.0
2010-01-04,84.07808344850892,84.84127078300016,83.43460919990564,84.79637908935547,118944600.0
2010-01-05,84.74402659658446,85.05827995459525,84.43725138387785,85.02086639404297,111579900.0
2010-01-06,84.93852385905105,85.29019062331284,84.87118632981218,85.0806884765625,116074400.0
2010-01-07,84.92356498033823,85.5445933013371,84.68413313120084,85.4398422241211,131091100.0
2010-01-08,85.21538105466682,85.76158804883364,85.04329242820074,85.72417449951172,126402800.0
2010-01-11,86.10575737798148,86.14316521287482,85.47724524161757,85.84387969970703,106375700.0
2010-01-12,85.27524484790531,85.45481733519773,84.71407583017339,85.04329681396484,163333500.0
2010-01-13,85.26029649704533,86.00104387871671,84.82633002995914,85.76161193847656,161822000.0
2010-01-14,85.66433212937676,86.15067982469026,85.61195657502037,85.9935531616211,115718800.0
2010-01-15,85.84388113306966,85.92618065461131,84.69909176291749,85.02831268310547,212283100.0
2010-01-19,85.01334185342184,86.1431576966123,84.9908903042385,86.09078216552734,139172700.0
2010-01-20,85.50716990294892,85.63436680941084,84.53448062538122,85.21536254882812,216490200.0
2010-01-21,85.237835892578,85.49971363993842,83.4720234982238,83.57677459716797,344859600.0
2010-01-22,83.20266636299894,83.60670878425232,81.62391023326165,81.71369934082031,345942400.0
2010-01-25,82.46190373548971,82.61155220989988,81.86332696336589,82.13268280029297,186937500.0
2010-01-26,81.81095139979378,82.65644964056212,81.5864872353422,81.78850555419922,211168800.0
2010-01-27,81.68375795830504,82.36464574912354,81.05525142078604,82.1775894165039,271863600.0
2010-01-28,82.44692127016695,82.49181294709028,80.74096904502997,81.23479461669922,316104000.0
2010-01-29,81.58647082935745,82.15512354026353,80.22470128823053,80.35189819335938,310677600.0
2010-02-01,80.9205811470908,81.60894717053002,80.43423347738661,81.6014633178711,187865000.0
2010-02-02,81.75110259717724,82.74623796517771,81.46677331331452,82.589111328125,216327900.0
2010-02-03,82.21499725792408,82.66393702301623,81.93815753909101,82.1775894165039,172730700.0
2010-02-04,81.54159866791566,81.57900650917098,79.62613794854836,79.64110565185547,356715700.0
2010-02-05,79.73088274524953,79.97031460271101,78.24939991111465,79.80570983886719,493585800.0
2010-02-08,79.8655587798935,80.30701463030229,79.1697090935076,79.22956848144531,224166900.0
2010-02-09,80.15738818824984,80.92058132292264,79.51391386235198,80.2247314453125,337820500.0
2010-02-10,80.09750323787829,80.50902363832388,79.3941697820376,80.06757354736328,240511500.0
2010-02-11,79.96284171182765,80.99539059459958,79.49893996005733,80.90560150146484,223591600.0
2010-02-12,80.05261048341862,80.88314089066262,79.69346559345128,80.83824920654297,304622100.0
2010-02-16,81.45180852658338,82.19254999258898,80.67365351129718,82.11024475097656,159317500.0
2010-02-17,82.50676860621927,82.61152535850988,82.11021026781131,82.4992904663086,168845100.0
2010-02-18,82.36465119109374,83.15776826708161,82.33472149087635,82.98567962646484,193708600.0
2010-02-19,82.76867078268556,83.47948241440959,82.57413063911176,83.15774536132812,222684900.0
2010-02-22,83.46452159861794,83.48696744078788,82.92579855251883,83.17271423339844,132346900.0
2010-02-23,82.94824400896994,83.20263783038648,81.9456192981689,82.16260528564453,207497000.0
2010-02-24,82.40954906550468,83.05302339715418,82.20004685678289,82.91834259033203,176350700.0
2010-02-25,81.73614397931978,82.86596597153485,81.51167977651009,82.80610656738281,259634700.0
2010-02-26,82.8809129474131,83.14279636598911,82.38708722392462,82.85846710205078,173589300.0
2010-03-01,83.20263304544757,83.80121543912898,83.18018720467285,83.71891021728516,147709700.0
2010-03-02,84.07805404211089,84.35489366743656,83.80120870828091,83.95085144042969,160992400.0
2010-03-03,84.16784707071392,84.52699766105123,83.8161803303954,84.02568817138672,150785000.0
2010-03-04,84.13792571012254,84.39980911016605,83.823672480277,84.28009033203125,135770400.0
2010-03-05,84.8263049967163,85.55207874839493,84.62428096733188,85.4847412109375,176118800.0
2010-03-08,85.49223193947059,85.68676642455578,85.35006729317203,85.49971008300781,114631200.0
2010-03-09,85.24532527714382,86.0384424230515,85.20043357711346,85.64188385009766,154556700.0
2010-03-10,85.67928504714145,86.25541604562089,85.60446365504762,86.02346801757812,186088800.0
2010-03-11,85.82145270462217,86.40507332270309,85.55957495141676,86.38262176513672,160791100.0
2010-03-12,86.75670441104488,86.77167211090283,86.15064386241067,86.39007568359375,162074800.0
2010-03-15,86.24045561639863,86.47240364865269,85.74662414430193,86.41254425048828,146816800.0
2010-03-16,86.65195905344602,87.18319826329561,86.41252721649262,87.10089874267578,168673000.0
2010-03-17,87.3628012278709,87.90152444110552,87.10840161784037,87.61719512939453,177468100.0
2010-03-18,87.6246793229906,87.74439242167152,87.22063691149204,87.57230377197266,196509100.0
2010-03-19,87.12901306152344,88.12073738195929,86.79092170763928,87.12901306152344,226641100.0
2010-03-22,86.63315430155838,87.7526051603953,86.58056307364089,87.5948257446289,184477800.0
2010-03-23,87.72253380489333,88.28601358521149,87.43703371437732,88.21088409423828,182941600.0
2010-03-24,87.88031205198999,88.22591231415304,86.83599659640667,87.78263854980469,196072600.0
2010-03-25,88.37618502610071,88.78189123998504,87.53472538131597,87.63990783691406,223396300.0
2010-03-26,87.80520565474623,88.21842085141644,87.2417256967295,87.58732604980469,205808500.0
2010-03-29,88.03058290574796,88.30105370945982,87.669958988808,88.14328002929688,134513500.0
2010-03-30,88.24843805536722,88.52642345223903,87.83522302608516,88.20336151123047,145772500.0
2010-03-31,87.86530255628092,88.29354707915067,87.60986106952306,87.90287017822266,161078700.0
2010-04-01,88.50391387939453,88.84199953407587,87.97799585520636,88.50391387939453,161215200.0
2010-04-05,88.84199078369672,89.28525885315375,88.59405827094268,89.22515869140625,105847600.0
2010-04-06,88.96972708542522,89.59331294534043,88.8720592899744,89.43553924560547,110384200.0
2010-04-07,89.25523650477454,89.67596641428983,88.5114387592906,88.9246597290039,184576300.0
2010-04-08,88.61659494574815,89.38293074731047,88.35363883031536,89.232666015625,158704000.0
2010-04-09,89.42051299650365,89.85627221961435,89.25523035202708,89.81871032714844,133006500.0
2010-04-12,89.93137283772575,90.19433466055982,89.82619040139726,89.96142578125,110279000.0
2010-04-13,89.87127145264715,90.1868187573138,89.40545943241584,90.02904510498047,125043600.0
2010-04-14,90.35962076248089,91.0508270263672,90.21687644021098,91.0508270263672,161609000.0
2010-04-15,90.90058229374904,91.33634148959324,90.87052934244794,91.1259765625,144615300.0
2010-04-16,90.80291663225108,91.12597870130234,89.21765923900114,89.67595672607422,366786700.0
2010-04-19,89.41297353533734,90.10417402652214,89.00726740389946,90.0140151977539,217947800.0
2010-04-20,90.57749904795192,90.8930520968044,90.05910152229083,90.8179168701172,157708000.0
2010-04-21,90.87052277594496,91.08089341985074,90.14926919288128,90.65264892578124,192910100.0
2010-04-22,90.01402322310388,91.03580044552432,89.49562567450306,90.92310333251952,115360300.0
2010-04-23,90.86297644635404,91.5541767958502,90.63006761944976,91.51660919189452,177335500.0
2010-04-26,91.54670430998804,91.7495602935986,91.08089790557636,91.17105102539062,143457300.0
2010-04-27,90.64513483498892,91.16353244774676,88.84199799979535,89.01480102539062,355853300.0
2010-04-28,89.44305979286588,89.91638092316695,88.85703578561682,89.69098663330078,300674100.0
2010-04-29,90.23191526962252,90.99073648807678,90.20937699030448,90.80290985107422,193775000.0
2010-04-30,90.81791457296094,90.91558807237855,89.24017229665819,89.26271057128906,270000900.0
2010-05-03,89.69096295822071,90.66766364714157,89.5557275664011,90.41973114013672,182747900.0
2010-05-04,89.41299181224103,89.428015420767,87.84275818262975,88.29354095458984,360353400.0
2010-05-05,87.57226738424458,88.50389139659676,87.12899938373258,87.76760864257812,328973200.0
2010-05-06,87.34692298018464,87.90288836143793,78.88720750385455,84.85258483886719,647356600.0
2010-05-07,84.62715572822566,85.47612992971396,82.20043917178832,83.5903549194336,637558800.0
2010-05-10,87.00880479936156,87.63990524630893,86.33263352822232,87.27176666259766,396159600.0
2010-05-11,86.45283209793178,88.17332453887423,86.33262604779434,87.0238265991211,317849800.0
2010-05-12,87.36942381725623,88.36866272636547,87.21915909482642,88.24093627929688,235607100.0
2010-05-13,88.00053966033123,88.413760581568,87.0689210848327,87.14405059814453,234452500.0
2010-05-14,86.49040127198099,86.64817493988797,84.79996174610342,85.56629180908203,345601400.0
2010-05-17,85.79921581977223,86.03963371480009,83.97354045902433,85.61138916015625,325739800.0
2010-05-18,86.31010618495642,86.56555342748163,84.16888337150414,84.44686889648438,360556800.0
2010-05-19,83.97351235478968,84.72481874180654,82.91417332974257,83.96600341796875,394742700.0
2010-05-20,82.17791067774098,82.56107863393963,80.7429181076861,80.7955093383789,530418300.0
2010-05-21,79.57088080160376,82.17790975910654,79.15765989934071,81.97505950927734,500909400.0
2010-05-24,81.53180491627187,82.18544384370615,80.84811876340625,80.92324829101562,269823000.0
2010-05-25,78.96983450472372,81.04344225532,78.42137818324919,81.00587463378906,396505200.0
2010-05-26,81.5017479584385,82.2455399373791,80.27711444978257,80.51753234863281,349719300.0
2010-05-27,82.03514044696301,83.24474410331206,81.7271020986448,83.21469116210938,300870500.0
2010-05-28,83.12455164116164,83.18465753752443,81.7797123031166,82.17039489746094,297933500.0
2010-06-01,81.40407322916164,82.6061627057481,80.6677959325089,80.78800201416016,277909400.0
2010-06-02,81.20123013899155,82.89917916705784,80.77298554596382,82.89167022705078,240243700.0
2010-06-03,83.13204747738453,83.44008009543396,82.32814992470253,83.1771240234375,226618300.0
2010-06-04,81.59940949617251,82.14035116006842,79.98409917537626,80.25457000732422,398475600.0
2010-06-07,80.54003555402642,80.84807389790355,79.19520227967277,79.25530242919922,264609100.0
2010-06-08,79.3154046685159,80.26205219723815,78.62420425859709,80.10427856445312,357774300.0
2010-06-09,80.57011445247583,81.35147396817783,79.33797214402651,79.67606353759766,268023300.0
2010-06-10,81.0358953928178,82.1027489291194,79.66851819969565,82.00508117675781,317890600.0
2010-06-11,81.28386739204299,82.45590391873888,81.23127615640958,82.40331268310547,214128200.0
2010-06-14,83.03438914361406,83.48517761448926,82.1929295596092,82.27557373046875,207196100.0
2010-06-15,82.85406109514172,84.22143838546877,82.71131105830136,84.14630889892578,238268700.0
2010-06-16,83.71056578966754,84.46187226216216,83.54527744859656,84.11627197265625,216374000.0
2010-06-17,84.35668543284734,84.3942530473261,83.4325817296071,84.25150299072266,263185800.0
2010-06-18,84.41833667338359,84.64479749919846,84.07109213303988,84.34284973144531,174006600.0
2010-06-21,85.39214129770144,85.45252740100152,83.63326717508446,84.1012954711914,213140700.0
2010-06-22,84.10128706583356,84.47117710845046,82.59152520780687,82.7123031616211,239355400.0
2010-06-23,82.76511789824264,83.05952090484776,81.88945929788149,82.45561981201172,254639900.0
2010-06-24,82.04804259567241,82.15372550695429,80.87797438739717,81.08934020996094,268523600.0
2010-06-25,81.33090075725075,81.84422021549949,80.59866505482229,81.42903900146484,238726500.0
2010-06-28,81.54979616414664,81.76871235238976,80.87795251301117,81.17235565185547,169218600.0
2010-06-29,80.03248580163827,81.15726270459827,78.1679344595734,78.66615295410156,373649500.0
2010-06-30,78.44723767577709,79.17192279582224,77.66216068924015,77.9188232421875,284101700.0
2010-07-01,77.86598978913793,78.12264660913704,76.3411266798146,77.57158660888672,382924800.0
2010-07-02,77.8357940827779,78.06980539103158,76.71102280723102,77.14884948730469,233385200.0
2010-07-06,78.23587319613111,78.78693890823213,76.90728090776797,77.65461730957031,256935300.0
2010-07-07,77.85085549475698,80.19853526352631,77.76781814530597,80.10040283203125,253769400.0
2010-07-08,80.77225980436968,80.98362554405449,79.9494423521275,80.8930435180664,210842100.0
2010-07-09,80.87040323011831,81.50450629453412,80.71942932678778,81.49695587158203,144999900.0
2010-07-12,81.225205582632,81.7083290281166,80.88551138978013,81.5498046875,131283600.0
2010-07-13,82.39527482698217,83.1048591585342,82.2292000602511,82.78026580810547,213025900.0
2010-07-14,82.51608056492462,83.09734244399168,82.17638625274408,82.77274322509766,184426800.0
2010-07-15,82.74253055452368,83.08222479804196,81.65549976040658,82.79537200927734,232337900.0
2010-07-16,82.3499884409238,82.4405762594741,80.35710250710987,80.51563262939453,282693400.0
2010-07-19,80.81001821102647,81.24784484028669,80.18346556113738,80.9911880493164,186709000.0
2010-07-20,79.91926336610179,81.94988958936929,79.88151700774846,81.8895034790039,258162400.0
2010-07-21,82.31222793491474,82.33487344425555,80.49296189406792,80.82511138916016,264527000.0
2010-07-22,81.78380367893152,82.99161787016432,81.77625901571787,82.6292724609375,274781300.0
2010-07-23,82.46321262267081,83.46720590285723,82.22920131649425,83.34642791748047,222020800.0
2010-07-26,83.48985336715718,84.29757596079429,83.25584205550942,84.21453857421875,184445700.0
2010-07-27,84.67501572184067,84.7656035315881,83.87484355990613,84.20699310302734,204855600.0
2010-07-28,84.0333498427009,84.29001236883373,83.38415174395199,83.66345977783203,163056200.0
2010-07-29,84.18436786447157,84.41083457923015,82.59157347201062,83.25586700439453,220149100.0
2010-07-30,82.410354734838,83.68610542674054,82.26693126576883,83.24072265625,220070600.0
2010-08-02,84.53914534586887,85.25628595306638,84.19945110407667,85.12040710449219,188263200.0
2010-08-03,84.90901633661308,85.12792675566438,84.43343762670565,84.7127456665039,146657300.0
2010-08-04,84.94676589147915,85.38459829433789,84.66746358150259,85.27891540527344,158171700.0
2010-08-05,84.73536614840643,85.23359021939197,84.60703780016465,85.18829345703125,140473800.0
2010-08-06,84.3503831277425,84.97693560478432,83.7313810716714,84.84105682373047,239728300.0
2010-08-09,85.24118777969578,85.4374585136395,84.78826018999136,85.29402923583984,120800400.0
2010-08-10,84.56930419598639,85.2864444886683,84.07108580924192,84.83351135253906,242916300.0
2010-08-11,83.52757966376905,83.55777559338729,82.37261271247353,82.50849151611328,273406900.0
2010-08-12,81.26293595378729,82.29711917614652,81.22518960232522,82.00271606445312,239542600.0
2010-08-13,81.74605908983021,82.25182794610168,81.66302172425912,81.76115417480469,158698500.0
2010-08-16,81.20255703395581,81.98763404332702,80.9081538753523,81.72342681884766,147895300.0
2010-08-17,82.42546155804028,83.33131649086876,82.19144452228618,82.72740936279297,172270300.0
2010-08-18,82.68966719714132,83.32376448622713,82.21409423032696,82.87838745117188,182922100.0
2010-08-19,82.44811286057615,82.65192821903355,81.09687503000964,81.43656921386719,265847600.0
2010-08-20,81.19500116110731,81.4818596363911,80.58354937416685,81.17235565185547,209714200.0
2010-08-23,81.55735852473669,81.95744460484127,80.82512290222711,80.86286926269531,163490300.0
2010-08-24,79.97966163999631,80.31181121430573,79.23988128176273,79.66261291503906,280677800.0
2010-08-25,79.22476292713232,80.27404711308675,78.72654443503967,79.97209930419922,272234800.0
2010-08-26,80.34954742238529,80.45523031734626,79.17192897108515,79.43614196777344,224439500.0
2010-08-27,79.93436742471822,80.7496404786468,78.7416537820397,80.6666030883789,272649000.0
2010-08-30,80.45523859112942,80.7043507659922,79.48899158967103,79.49653625488281,167238600.0
2010-08-31,79.20213305160367,80.0023110291066,78.87753390961814,79.49653625488281,273933100.0
2010-09-01,80.56846380562294,81.98763822614764,80.51562235803121,81.87440490722656,256828100.0
2010-09-02,82.07065722364273,82.65191301693666,81.89703207228843,82.6368179321289,156112200.0
2010-09-03,83.44454828913807,83.7842424429879,82.99916549439274,83.70875549316406,212197300.0
2010-09-07,83.31620227856483,83.42188513782513,82.69720020606147,82.76513671875,141973700.0
2010-09-08,82.93124099430986,83.67857169673103,82.89349463428128,83.34642791748047,149924400.0
2010-09-09,84.28244984362746,84.3050953481228,83.50492347310642,83.73138427734375,147017900.0
2010-09-10,83.88238664094234,84.25227675294755,83.69366637328666,84.15414428710938,127819000.0
2010-09-13,84.98453467338125,85.26383705705672,84.64483464665058,85.09021759033203,178503500.0
2010-09-14,84.92409734579023,85.52045392048807,84.6070487645941,85.0373306274414,209823600.0
2010-09-15,84.78821219064439,85.4600556495483,84.5315554801793,85.36192321777344,168608400.0
2010-09-16,85.09771754229457,85.39212060193866,84.81085914418132,85.33927917480469,199962900.0
2010-09-17,85.78859496884131,85.8720769020627,85.13592119462983,85.37118530273438,195836900.0
2010-09-20,85.66715318145303,86.86625188965077,85.3939406709746,86.67652130126953,214555200.0
2010-09-21,86.7448462464723,87.15465931146854,86.14529676158769,86.50199127197266,268389100.0
2010-09-22,86.36535950988277,86.85106931560179,85.83411042917174,86.07696533203125,191322400.0
2010-09-23,85.37118570447744,86.2667144367875,85.13592159526578,85.37877655029297,202354300.0
2010-09-24,86.32741107838322,87.20017287588051,86.25152000688729,87.13945770263672,209671800.0
2010-09-27,87.1698207207581,87.26847854083836,86.63857739706748,86.72205352783203,128761800.0
2010-09-28,86.83588131742773,87.30641519070383,85.89481936099276,87.0256118774414,209207500.0
2010-09-29,86.80554955803312,87.2077833286268,86.53233700712217,86.87385559082031,179665800.0
2010-09-30,87.31402723989554,87.87562821269665,86.20599540500997,86.61581420898438,287106700.0
2010-10-01,87.26849098588946,87.36715461015777,86.46403504097506,86.9801025390625,174638700.0
2010-10-04,86.7979724106256,87.1622519849513,85.89485274115577,86.32743835449219,166153200.0
2010-10-05,87.12429126654203,88.27785073286869,87.02562765177608,88.06535339355469,229634100.0
2010-10-06,88.0501560435478,88.28542587604619,87.70105250674705,88.05774688720703,148626600.0
2010-10-07,88.41445831825207,88.43722506350308,87.42027184150272,87.9515151977539,164860000.0
2010-10-08,88.07295383443386,88.68767917444282,87.73902609906166,88.44482421875,177760100.0
2010-10-11,88.58140649174969,88.77113705541773,88.22471210563502,88.52828216552734,103098300.0
2010-10-12,88.23988417074065,89.05952155981711,87.76935609895445,88.8014907836914,182210000.0
2010-10-13,89.29482603830019,89.97026661453097,89.08232287005696,89.49214172363281,194347200.0
2010-10-14,89.40863464846981,89.56042258311474,88.58141211759622,89.14301300048828,217764300.0
2010-10-15,89.76535651364088,89.81848085948626,88.61179680809009,89.32518005371094,243705000.0
2010-10-18,89.35551631713268,90.06131433778684,89.02917947338683,89.76533508300781,141204800.0
2010-10-19,88.9381080872352,89.43899380505987,88.05016457680247,88.58900451660156,280604700.0
2010-10-20,88.74836471374573,89.88674802391644,88.69524039087578,89.45416259765625,200051800.0
2010-10-21,89.85642446187529,90.38007704553736,88.95330484103394,89.6515121459961,221585500.0
2010-10-22,89.78812384890009,89.95508773410867,89.55285971435315,89.8184814453125,108212400.0
2010-10-25,90.41800359714546,90.8885375140322,90.01577569905542,90.08407592773438,151145700.0
2010-10-26,89.62873209130409,90.19033303234448,89.45418318603666,90.0992660522461,158982900.0
2010-10-27,89.46936194225528,89.93989591821872,88.99124291112032,89.84123229980469,190024000.0
2010-10-28,90.35728523244698,90.39523366267392,89.42381406608615,89.85639953613281,168576000.0
2010-10-29,89.7653325104512,90.09926018939836,89.60595951553131,89.9247055053711,144305500.0
2010-11-01,90.36488161930583,90.88094903541229,89.4389954501045,89.95506286621094,174074800.0
2010-11-02,90.63050859646796,90.88095436974572,90.38765366817024,90.66845703125,158345900.0
2010-11-03,90.82780839904504,91.0858391657192,89.89433155288135,91.03271484375,226702800.0
2010-11-04,92.04208891859273,92.83136874796162,91.04790263078904,92.78583526611328,215039400.0
2010-11-05,92.8465469352755,93.28672323772392,92.72512238397924,93.13494110107422,180654100.0
2010-11-08,92.84655630395535,93.1121837550715,92.54299200002482,92.96039581298828,156107100.0
2010-11-09,93.21085990937937,93.30951774855096,91.9206939935456,92.29256439208984,186621600.0
2010-11-10,92.26979918692678,92.70997562773512,91.57159187468406,92.66443634033205,221387400.0
2010-11-11,91.86755383421772,92.45192150274907,91.58675047706376,92.31531524658205,158017600.0
2010-11-12,91.69297645735736,92.0952042815193,90.80503890702435,91.22244262695312,239068800.0
2010-11-15,91.51083908609624,91.8675334419173,91.05548692998887,91.09342956542967,163940800.0
2010-11-16,90.53184312703094,90.6836252731051,89.24167172492972,89.67426300048828,299566200.0
2010-11-17,89.7122043828183,90.0916655327956,89.44658273585772,89.71979522705078,172308900.0
2010-11-18,90.58496911343175,91.3666581812298,90.57737826895396,91.04032135009766,197723700.0
2010-11-19,90.9947922268435,91.32871412834784,90.50149153425164,91.290771484375,156852900.0
2010-11-22,90.8353903197117,91.25279401129306,90.13717756940694,91.21485137939452,181361000.0
2010-11-23,90.13720305980188,90.32693364329825,89.54524456571208,89.89434814453125,222309000.0
2010-11-24,90.46352045604633,91.24521515577833,90.44834456027952,91.22244262695312,140046100.0
2010-11-26,90.43320094558216,90.92649590066502,90.15998840332033,90.15998840332033,76007800.0
2010-11-29,89.93228269095574,90.67602901107252,89.35550018495398,90.43317413330078,223642300.0
2010-11-30,89.53765928490188,90.44077292278128,89.40863808796091,89.9247055053711,233930700.0
2010-12-01,91.22246530158372,92.0117452503275,91.21488024687328,91.83719635009766,221037200.0
2010-12-02,91.9813919956712,93.08183294294346,91.92826765960416,93.0135269165039,191213600.0
2010-12-03,92.6947928105563,93.3702333659619,92.67202606219055,93.26398468017578,151288900.0
2010-12-06,93.0666653474834,93.37782635594304,92.96800750559386,93.1653289794922,103050500.0
2010-12-07,94.06085689533802,94.11398123895492,93.16532810999637,93.21845245361328,206581000.0
2010-12-08,93.33228614898398,93.6358504991668,92.89970058084278,93.5599594116211,138019200.0
2010-12-09,94.08362841001788,94.12157106302676,93.46131215750108,93.92425537109376,123705100.0
2010-12-10,94.21262834548892,94.56173196235504,93.901473165505,94.47066497802734,117571700.0
2010-12-13,94.90326353314444,95.01709727915824,94.5010297334581,94.53138732910156,133812700.0
2010-12-14,94.67558335463998,95.03986870798566,94.32647969399832,94.6148681640625,147249600.0
2010-12-15,94.44032580640166,94.8121962418802,94.02291607975864,94.18228912353516,160823100.0
2010-12-16,94.2429660612445,94.79698185624382,93.91662925928432,94.72867584228516,185035200.0
2010-12-17,94.66230489461157,94.95220991823612,94.46394576235905,94.83014678955078,141075300.0
2010-12-20,95.08953823458124,95.28789737446594,94.58601835095772,95.05902099609376,119085500.0
2010-12-21,95.35656132646666,95.72276238514849,95.2650154272225,95.66172790527344,94965500.0
2010-12-22,95.73041130929364,95.98979916711302,95.67700758441498,95.95928192138672,78878100.0
2010-12-23,95.85249295962028,95.95930042997858,95.5854742837245,95.8219757080078,70053700.0
2010-12-27,95.46339663678556,95.9516609772504,95.3947371922999,95.86011505126952,58126000.0
2010-12-28,96.05084025198208,96.08898244633112,95.74567359434032,95.9974365234375,55309100.0
2010-12-29,96.11185695957926,96.27969306067833,96.05082247523298,96.06607818603516,58033100.0
2010-12-30,95.97454004348258,96.22629712578026,95.76855009729351,95.91350555419922,76616900.0
2010-12-31,95.76854418351816,96.02793783667008,95.61596379030097,95.93638610839844,91218900.0
2011-01-03,96.66880605164496,97.34779886204386,95.89826149064376,96.9281997680664,138725200.0
2011-01-04,97.14177441218072,97.17229164972537,96.27205351414612,96.874755859375,137409700.0
2011-01-05,96.56959417590926,97.43931511781658,96.47804245865704,97.37828063964844,133975300.0
2011-01-06,97.41643743866626,97.52324487481928,96.89765596853648,97.18756103515624,122519000.0
2011-01-07,97.31721784057922,97.4774289337204,96.24151312361234,96.99679565429688,156034600.0
2011-01-10,96.56958930449647,97.01208051804193,96.27967845810636,96.874755859375,122401700.0
2011-01-11,97.225717008903,97.45458761059707,96.85188513116836,97.21808624267578,110287000.0
2011-01-12,97.81315417037231,98.20223590121188,97.24096317090807,98.09542846679688,107929200.0
2011-01-13,98.13358380486603,98.17935676001528,97.69109250319318,97.93521881103516,129048400.0
2011-01-14,97.79789506286215,98.6676160906898,97.72923563356623,98.6447296142578,117677900.0
2011-01-18,98.5531768133287,98.90412220408167,98.4387444256582,98.81257629394533,114401300.0
2011-01-19,98.72862552307896,98.82779634874096,97.5842554273073,97.84364318847656,151958400.0
2011-01-20,97.62242989506974,97.95810794287478,96.98921016902533,97.71398162841795,175745700.0
2011-01-21,98.32431221207996,98.5455520423473,97.82841136864089,97.93521881103516,151462900.0
2011-01-24,97.87417956514396,98.60658173533672,97.85129308868208,98.49214935302734,113715500.0
2011-01-25,98.23277293364544,98.62949135396556,97.7368836391005,98.54557037353516,167552200.0
2011-01-26,98.78969833486872,99.2169281405286,98.59133332428442,98.92701721191406,141281500.0
2011-01-27,98.94989111615138,99.33898450060926,98.77442424851334,99.171142578125,123302700.0
2011-01-28,99.28558844093294,99.44580544001576,97.27912750556882,97.43933868408205,295637300.0
2011-01-31,97.70633348370173,98.24799552721846,97.46219558607366,98.17169952392578,149249200.0
2011-02-01,98.76681850609212,99.91881406972192,98.70578400958232,99.74334716796876,167194300.0
2011-02-02,99.48393360070315,99.81961746353952,99.43053569950916,99.55260467529295,118323600.0
2011-02-03,99.37713111677748,99.92642989408012,98.85073045957304,99.77384948730467,145886700.0
2011-02-04,99.81198028686909,100.09425457278284,99.35422750434265,100.0561065673828,134634800.0
2011-02-07,100.2773584118132,101.00974889739662,100.2697218260208,100.68170166015624,112439100.0
2011-02-08,100.77324320514109,101.19284796579667,100.49859387463346,101.1394500732422,99072800.0
2011-02-09,100.86478766561606,101.1852099028095,100.40703496040553,100.91056060791016,146436700.0
2011-02-10,100.39943175999284,101.06316284926716,100.17055535782112,100.94873046875,162708500.0
2011-02-11,100.55202234955632,101.68113130272012,100.52913587113086,101.55143737792967,137710300.0
2011-02-14,101.49037912098903,101.8794608042436,101.37594675566,101.79553985595705,101690700.0
2011-02-15,101.48275712976827,101.63533750169178,100.94872000746795,101.4751205444336,119575400.0
2011-02-16,101.81845384766967,102.23804701339785,101.61246391681964,102.1159896850586,130183500.0
2011-02-17,101.81846117360598,102.55847670660256,101.72690361934184,102.42115783691406,109810500.0
2011-02-18,102.51266617390652,102.75680404093724,102.27616489092937,102.63473510742188,130002400.0
2011-02-22,101.55905115358004,102.65764856172534,100.30024841407696,100.57489776611328,233116400.0
2011-02-23,100.51388636232087,100.75802434958186,99.33900431176232,99.95696258544922,227584000.0
2011-02-24,99.85010064580771,100.27733024926825,98.94985686040144,99.88823699951172,260431400.0
2011-02-25,100.30789379617924,101.01740961730688,100.24685930094267,100.95637512207033,141686900.0
2011-02-28,101.3301656256906,101.71162233416052,100.99448185965552,101.58191680908205,141585500.0
2011-03-01,101.90233937205456,101.99388524675793,99.8577255883218,99.88823699951172,258565500.0
2011-03-02,99.7509680219012,100.567291282944,99.44580719301273,100.10191345214844,200277400.0
2011-03-03,101.00976474113848,101.94052034512642,101.00213979528696,101.82608795166016,176480100.0
2011-03-04,101.74977364764304,101.94813861553013,100.39942508279766,101.06315612792967,277202300.0
2011-03-07,101.36068669904282,101.58956307416162,99.7433138261723,100.26971435546876,216790400.0
2011-03-08,100.42992372034055,101.4674864534802,99.99506911750164,101.14706420898438,174615000.0
2011-03-09,100.94870782767131,101.31490300433228,100.39940924211248,101.00210571289062,153806000.0
2011-03-10,99.94165908854984,100.07897791787325,99.03379024646154,99.13297271728516,301291800.0
2011-03-11,98.81254050792064,100.17815028448328,98.78965403867514,99.819580078125,225621800.0
2011-03-14,99.17112311291524,99.54494325141722,98.46160755419706,99.2168960571289,234974100.0
2011-03-15,96.5772064304076,98.66759337873673,96.50854701691615,98.08014678955078,359585400.0
2011-03-16,97.7673619145474,98.08779583381428,95.57780386008736,96.2644271850586,468670300.0
2011-03-17,97.65295903847549,97.95049493240025,96.96633550612222,97.53852081298828,254303700.0
2011-03-18,98.72079404052268,98.75144970208244,97.70171543613618,97.89327239990234,230435400.0
2011-03-21,99.11154919267447,99.61725054571446,98.99660803248362,99.4103775024414,153992600.0
2011-03-22,99.39509691205112,99.52535426880554,98.97366917448596,99.06561279296876,129538600.0
2011-03-23,98.7897510864419,99.60962049794536,98.3223633219923,99.34910583496094,148603100.0
2011-03-24,99.91611091336972,100.4448100214446,99.35676783443536,100.29922485351562,159129800.0
2011-03-25,100.55974109310996,101.04245665872644,100.29155668532758,100.605712890625,155642800.0
2011-03-28,100.82025312643388,101.0807677667377,100.32986781280567,100.36051177978516,109762400.0
2011-03-29,100.27621279702416,101.06542637253445,99.94674050645678,101.03478240966795,129798800.0
2011-03-30,101.56348463363004,102.030884001337,101.41789949901046,101.7320556640625,135835000.0
2011-03-31,101.60181648962666,101.87765898031658,101.48687529834226,101.59414672851562,132537100.0
2011-04-01,102.22243529317046,102.49827771942786,101.77802184577207,102.02320861816406,153850100.0
2011-04-04,102.23777075201622,102.42166963484804,101.81635481121964,102.10751342773438,100768900.0
2011-04-05,101.90830234297528,102.5442728508275,101.8623305434188,102.09220123291016,120791500.0
2011-04-06,102.58261071098154,102.67455433172192,102.00026993506135,102.4140396118164,120411600.0
2011-04-07,102.23008864810971,102.65917424879513,101.6477598602804,102.15347290039062,170731500.0
2011-04-08,102.60558998341376,102.66688962384862,101.3796205581382,101.8010482788086,147945400.0
2011-04-11,101.9082952122816,102.25309537653791,101.2493388507594,101.49453735351562,121385400.0
2011-04-12,100.92752649296663,101.12674151144164,100.36818347407689,100.73596954345705,161187400.0
2011-04-13,101.2033517853392,101.27996753711,100.34518053858548,100.7282943725586,162059000.0
2011-04-14,100.14596765835056,100.95816722758924,99.81649532776458,100.80492401123048,161220400.0
2011-04-15,100.98880419629874,101.42554786668028,100.68997588760428,101.17269134521484,170006700.0
2011-04-18,100.06168218694272,101.16505205202483,99.23415478813112,100.0386962890625,210759300.0
2011-04-19,100.19196035982206,100.64404372621648,99.9467735008297,100.61338806152344,124258800.0
2011-04-20,101.8163608827465,102.2071328788946,101.74739149025396,101.98493194580078,156133800.0
2011-04-21,102.51362425640777,102.55193798924884,101.98493683335602,102.50596618652344,135935400.0
2011-04-25,102.42933323962671,102.56726033213184,102.06154714579486,102.39868927001952,65757100.0
2011-04-26,102.71283748069644,103.4867233387742,102.60556605787669,103.27983856201172,146600000.0
2011-04-27,103.47905936046062,104.1073600320362,103.0576317621253,103.95411682128906,143031000.0
2011-04-28,103.77021881471072,104.42917514892991,103.75490267770417,104.291259765625,124791100.0
2011-04-29,104.32958015889236,104.6437363632182,104.19165307506536,104.53645324707033,115094100.0
2011-05-02,105.02684760727176,105.111121439185,104.16866454175243,104.37554931640624,126278700.0
2011-05-03,104.17635528416392,104.35258443569948,103.47141529460094,104.00011444091795,138375000.0
2011-05-04,103.95410664762188,104.00007843717614,102.85073693149369,103.31047821044922,182678500.0
2011-05-05,102.73582992349868,103.40244440122126,101.92363028588063,102.37570190429688,226900000.0
2011-05-06,103.39479453135506,103.9234936521833,102.4293398962044,102.8277816772461,222787200.0
2011-05-09,102.82012694245408,103.52505522918754,102.65921393413944,103.22622680664062,114104500.0
2011-05-10,103.57099616212496,104.29125206632044,103.44073885693956,104.10735321044922,114806900.0
2011-05-11,103.95410684824996,103.96943467536644,102.53659267019634,103.01165008544922,193564200.0
2011-05-12,102.7358623740668,103.71663338117428,102.2071631281688,103.50209045410156,171550700.0
2011-05-13,103.55567531505235,103.70126045763404,102.33737600351236,102.70516204833984,157444900.0
2011-05-16,102.33737931836431,103.14192081699709,101.88530773906776,102.05387878417967,141675400.0
2011-05-17,101.67081088384398,102.17652424791298,101.23405524440804,102.0385971069336,192686200.0
2011-05-18,102.09216910478204,103.05761166677284,101.8699565545768,102.9503402709961,135217900.0
2011-05-19,103.287542473673,103.4637716497794,102.62858588941413,103.19558715820312,119489500.0
2011-05-20,102.9273868830014,103.19555961127982,102.18414494479416,102.37570190429688,182594900.0
2011-05-23,101.12672681028592,101.69373950742072,100.827898480161,101.18802642822266,168700000.0
2011-05-24,101.47922326882735,101.70142421180115,100.9122104231867,101.10376739501952,147199600.0
2011-05-25,100.69763805344164,101.86230737470576,100.666994091277,101.44087982177734,151050100.0
2011-05-26,101.16503007499732,102.0921706243504,100.97347317313726,101.90827178955078,164850000.0
2011-05-27,102.1917855954673,102.5748994491706,101.8776411211279,102.29905700683594,120921900.0
2011-05-31,103.2645416907644,103.37947120390412,102.55194363416702,103.36414337158205,164731200.0
2011-06-01,103.06529853164268,103.37945473980623,100.95817205378373,101.0424575805664,233094300.0
2011-06-02,101.11142911155144,101.32597196759708,100.34520128518588,100.93518829345705,200466800.0
2011-06-03,99.7245422249062,100.69765479220736,99.67091235927666,99.93142700195312,234690200.0
2011-06-06,99.67861105992934,99.88549592130828,98.74381183943244,98.8740692138672,179951200.0
2011-06-07,99.37974524088158,99.66325748271846,98.72845861332894,98.812744140625,161660500.0
2011-06-08,98.65949385024778,98.988977905748,98.2150802938226,98.39897918701172,198696400.0
2011-06-09,98.66717145101283,99.5559869427746,98.429642669089,99.14988708496094,160964400.0
2011-06-10,98.7284432361693,98.7897311631038,97.51013816055074,97.7706527709961,238629400.0
2011-06-13,97.9928675544377,98.2610519465617,97.3492390433894,97.84728240966795,207599800.0
2011-06-14,98.74381865294094,99.43343100788434,98.70551659853892,99.08863067626952,160570400.0
2011-06-15,98.26106822907944,99.07326791689988,97.06574875271832,97.32626342773438,300958000.0
2011-06-16,97.35691073458428,98.05418089830572,96.78990375086724,97.54080963134766,308032800.0
2011-06-17,98.50951529735757,98.51721720925978,97.50078220715235,97.83189392089844,233284900.0
2011-06-20,97.50075047790688,98.54028500259231,97.46994871515912,98.3323745727539,159479000.0
2011-06-21,98.84059798037008,99.8724306283822,98.37088136453302,99.67992401123048,193157300.0
2011-06-22,99.37192138371752,99.95713728917605,99.0177040266822,99.07930755615234,176703000.0
2011-06-23,97.9165657676574,99.05620161869514,97.16963917449635,98.79439544677734,334286500.0
2011-06-24,98.77128498188722,98.84828056847104,97.50074030655564,97.64704132080078,226129300.0
2011-06-27,97.70864374417246,98.89447916136017,97.51613715536688,98.51717376708984,168904700.0
2011-06-28,98.90990514078764,99.81854255337362,98.77130600563363,99.80313873291016,165556300.0
2011-06-29,100.25741995595968,100.81953585409626,99.81851108334224,100.6578369140625,244295500.0
2011-06-30,100.98127606177144,101.78209846239788,100.65017030228007,101.62039947509766,223322700.0
2011-07-01,101.71279832667555,103.2605591230548,101.4740919898357,103.1219482421875,202385700.0
2011-07-05,103.01416210385636,103.245172443873,102.71385218673691,103.03726196289062,165936000.0
2011-07-06,102.79087476503314,103.29138745109324,102.49826084105452,103.16048431396484,143331600.0
2011-07-07,104.07680146827438,104.49261067597124,103.86119495322065,104.23080444335938,170464200.0
2011-07-08,103.05265287331724,104.23079253514376,102.71383931703492,103.49156188964844,194100500.0
2011-07-11,102.2210192129855,102.55212497247686,101.3816931369207,101.62039947509766,195918600.0
2011-07-12,101.40479467916906,102.24412076919648,101.1506845166551,101.18148040771484,214675700.0
2011-07-13,101.7128084644764,102.5829422626137,101.27389942227296,101.52030181884766,204062600.0
2011-07-14,101.77438651362743,102.24410308131712,100.62704296312766,100.81954956054688,226111800.0
2011-07-15,101.38170055801956,101.54339955715608,100.69637738387075,101.40480041503906,220012800.0
2011-07-18,100.935056333306,101.08905925484495,99.81852046506135,100.5731430053711,196872100.0
2011-07-19,101.1352984857031,102.32884215605613,101.11219862592702,102.20563507080078,166554900.0
2011-07-20,102.46741861987826,102.52901039212745,101.966894410408,102.1439971923828,137145400.0
2011-07-21,102.72151436703705,103.81496216607958,102.15939839968198,103.56085205078124,245246300.0
2011-07-22,103.58399589521288,103.7379988866476,102.99876807821568,103.63019561767578,126019400.0
2011-07-25,102.64454493572867,103.56087844116097,102.53674168507035,103.05265808105467,136653800.0
2011-07-26,102.9833543895026,103.15276116942792,102.43663037253036,102.66764068603516,131278200.0
2011-07-27,102.09781308373192,102.12862072423276,100.43455298685237,100.56546783447266,249020100.0
2011-07-28,100.56547916477476,101.46640888133724,100.11115453874191,100.27286529541016,207939900.0
2011-07-29,99.26412991703168,100.52697304675976,98.54030304700342,99.58753967285156,307038400.0
2011-08-01,100.75031602218188,100.84272723927144,98.20152888220244,99.1640625,325790900.0
2011-08-02,98.41709963161348,98.9484198750929,96.6306381225586,96.6306381225586,346653800.0
2011-08-03,96.7615341785655,97.26204671077622,95.12137395047122,97.15424346923828,370830800.0
2011-08-04,95.8066772334894,95.96068602867396,92.44936187131935,92.6033706665039,520721800.0
2011-08-05,93.75843519456808,93.99714154721224,89.98530389153649,92.46479034423828,655619200.0
2011-08-08,90.0238086039213,92.49559317450878,86.25837329330012,86.44318389892578,702263900.0
2011-08-09,87.83693679892947,90.58593161268767,84.91083327665397,90.46273040771484,717828700.0
2011-08-10,88.75328125930628,89.53870592760207,86.20448882503177,86.46630096435547,662607400.0
2011-08-11,87.21320601791778,91.57155310207216,86.48937920321315,90.3472137451172,487979700.0
2011-08-12,91.1711194347778,91.79483888752026,90.30868782278505,90.95551300048828,313731600.0
2011-08-15,91.77945428968673,92.97299176012974,91.63314738450356,92.8805923461914,258810600.0
2011-08-16,91.9950487182688,92.93448180262608,91.10181533483572,92.0874481201172,294095200.0
2011-08-17,92.5956721912996,93.32719490233634,91.41753276992029,92.14905548095705,238201100.0
2011-08-18,89.70810207571363,92.1798868442357,87.3133187949501,88.17575073242188,512956300.0
2011-08-19,86.98220233959779,89.23067855791398,86.62799081546605,86.73579406738281,428281300.0
2011-08-22,88.68392918116312,88.73013475489465,86.55866078421843,86.80506896972656,275090600.0
2011-08-23,87.12851504377012,89.76200472909254,86.6896000962164,89.66190338134766,331136600.0
2011-08-24,89.46941634912577,91.04796777440625,89.26150582187509,90.92476654052734,246869700.0
2011-08-25,91.42526507205844,91.94118150818848,89.22298842323552,89.5386962890625,312365400.0
2011-08-26,89.08436738103775,91.25584186912388,87.66751557063851,90.84002685546876,314495900.0
2011-08-29,92.06439657913548,93.50434872016014,90.9093564512614,93.45044708251952,190977200.0
2011-08-30,93.04232450980253,94.27436601429996,91.83338286557104,93.69684600830078,241315700.0
2011-08-31,94.2974527414809,95.10598298720828,93.4042249781867,94.1126480102539,301828400.0
2011-09-01,94.16656427157535,95.02129436425368,93.00382232908588,93.12702941894533,254585900.0
2011-09-02,91.18652682187472,93.07309506699208,90.424202314578,90.74761199951172,255517200.0
2011-09-06,88.08332814967311,90.21630477882807,88.07562623995646,90.08539581298828,285130500.0
2011-09-07,91.44833307056852,92.66497026662752,91.14032134852974,92.62647247314452,209803200.0
2011-09-08,92.07205346866294,93.12699171786808,91.45603001842848,91.6639404296875,250568200.0
2011-09-09,90.61675393809976,91.67938880574032,88.76868844559766,89.26150512695312,380195100.0
2011-09-12,88.14494081377853,89.90830233216863,87.82153107018813,89.83899688720703,305793500.0
2011-09-13,90.13161897226944,91.00174694518152,89.49249546238086,90.66293334960938,272514700.0
2011-09-14,91.12495080771556,93.01922153379992,89.87751139643694,91.91808319091795,319389500.0
2011-09-15,92.90369850658912,93.53512000232035,91.94116538048446,93.50431823730467,326777200.0
2011-09-16,93.87970494652656,94.40603215842847,93.1289140510693,94.05772399902344,284528300.0
2011-09-19,92.5174354219151,93.60105084970608,91.89048906882869,93.12116241455078,241517000.0
2011-09-20,93.51593293519495,94.42152365343496,92.88898642337196,93.01282501220705,218932200.0
2011-09-21,93.05929279377432,93.34567292336976,90.12579204488333,90.2728500366211,316251300.0
2011-09-22,87.65668385590112,88.39973318260817,86.14736583371977,87.35482025146484,513911300.0
2011-09-23,86.77427641943184,88.36099955301005,86.704612436794,87.88111114501953,307242500.0
2011-09-26,88.70931271963805,90.09479173663765,87.4476781736511,89.970947265625,260673700.0
2011-09-27,91.74344910122574,92.54067884522244,90.43536967356287,90.97718048095705,311753900.0
2011-09-28,91.16292388700715,91.71247044133268,88.98795703175375,89.11953735351562,286696800.0
2011-09-29,90.59791631606706,91.04683784341272,88.18300183190641,89.82390594482422,298108900.0
2011-09-30,88.58547928801751,89.35948961261435,87.5173471659567,87.57926940917969,288392300.0
2011-10-03,87.06841668067923,88.1984710059911,84.99406884792363,85.08695220947266,365136800.0
2011-10-04,83.86403884427723,87.13810594933614,83.15195058157623,86.95233917236328,459177500.0
2011-10-05,87.16907091965898,88.79449190578477,86.36409923300305,88.56228637695312,284108000.0
2011-10-06,88.51581939647399,90.29604546900084,87.85791181496799,90.16445922851562,257800800.0
2011-10-07,90.69077656999976,90.75269880520293,89.05761452419992,89.56072235107422,312657900.0
2011-10-10,91.0855391127525,92.59485694788384,91.07779735571248,92.55615997314452,230666300.0
2011-10-11,92.0066312470472,92.91222212449811,91.9137478601683,92.64905548095705,209088000.0
2011-10-12,93.34562824684626,94.53760465463589,93.13664809269656,93.46173095703124,281544900.0
2011-10-13,92.91220752061136,93.55463755877598,92.20011938216008,93.27599334716795,212538800.0
2011-10-14,94.3596015079407,94.89366461636638,93.83327425099544,94.87044525146484,211397600.0
2011-10-17,94.42152681506536,94.85497665357803,92.8270672845804,93.05927276611328,202311600.0
2011-10-18,92.98959448628094,95.59026949724792,92.26202293403723,94.87818145751952,318857900.0
2011-10-19,94.72337989478376,95.26519065653974,93.43078409047897,93.75586700439452,226601300.0
2011-10-20,93.9880974191153,94.50668304882132,92.74194001295322,94.16612243652344,262075600.0
2011-10-21,95.2729381078096,96.07017378695062,94.98655803673356,95.95407104492188,278999400.0
2011-10-24,96.10886835379898,97.3705090641832,96.02372673879523,97.13056182861328,203215600.0
2011-10-25,96.66615779922768,96.71259653327311,95.0329953926818,95.24198150634766,268596800.0
2011-10-26,96.24819252148112,96.57327547378796,94.59181072993972,96.2094955444336,289053800.0
2011-10-27,98.78694257782392,100.17242186530947,97.99745458929011,99.56095886230467,393220200.0
2011-10-28,99.07332405466111,99.73123757139582,98.91852434791782,99.53773498535156,225906500.0
2011-10-31,98.4231271171642,99.55317524892548,96.9989454629279,97.13826751708984,228146700.0
2011-11-01,94.45248725023846,95.59802522941932,94.05774029660596,94.42926788330078,416565800.0
2011-11-02,95.84570486941026,96.28689054104024,95.0407333815672,95.96954345703124,244717600.0
2011-11-03,96.96027826010663,97.91231363126548,95.6676823353524,97.71881103515624,291174800.0
2011-11-04,96.92931541228492,97.2930953039444,95.98502187275784,97.12281799316406,249401600.0
2011-11-07,97.05315611911912,97.82716645958917,96.1320819242861,97.72654724121094,196617200.0
2011-11-08,98.23738902906972,99.08880511073066,97.30083724447285,98.98043823242188,224426300.0
2011-11-09,96.66615252382238,97.37050477963632,95.09491245190551,95.32711791992188,337982000.0
2011-11-10,96.58875377147793,96.70485650681064,95.21875212396674,96.22496795654295,231866500.0
2011-11-11,97.39374841844467,98.29159758106576,97.3627872879775,98.0361785888672,189924400.0
2011-11-14,97.67237578011718,98.64762464747264,96.68937924994628,97.10734558105467,159258300.0
2011-11-15,96.88288218522266,98.10582005763436,96.53457986071984,97.58723449707033,184709400.0
2011-11-16,96.60421636917432,97.78845109404384,95.899870120003,96.03919219970705,235782500.0
2011-11-17,95.86118839031946,96.10113563370945,93.83328488927172,94.51441192626952,331219600.0
2011-11-18,94.8162782991392,95.00978090791294,94.01904849582829,94.4137954711914,215580400.0
2011-11-21,93.03605585389676,93.15215860509608,91.83634317212052,92.61809539794922,229611600.0
2011-11-22,92.41682152804346,92.95862632041484,91.73568875451444,92.25428009033205,216494900.0
2011-11-23,91.38741590983108,92.25430976166982,90.21865844726562,90.21865844726562,224329100.0
2011-11-25,90.07933911909436,91.10103273443494,89.94001699403739,90.04837799072266,99557000.0
2011-11-28,92.52518847006148,93.02055457090157,91.96790013030892,92.65676879882812,210686000.0
2011-11-29,92.91993713378906,93.65524454290173,92.57937071850496,92.91993713378906,199241500.0
2011-11-30,95.582522546928,96.92156285570496,92.88122847232222,96.74353790283205,324439500.0
2011-12-01,96.63519737551664,97.24666630088188,96.31011442437988,96.72808074951172,176954800.0
2011-12-02,97.61816061515712,97.91228234136744,96.58098396074308,96.64290618896484,221109700.0
2011-12-05,98.17546212818168,98.43862869690903,97.09185244880383,97.6955795288086,225263900.0
2011-12-06,97.68784436209532,98.38445484956442,97.33954207097592,97.72654724121094,178842100.0
2011-12-07,97.40146497836112,98.5005642239197,96.72807971609085,98.09033966064452,237802500.0
2011-12-08,97.44789164571206,97.66461357085234,95.70636858339674,95.93856811523438,240862800.0
2011-12-09,96.37201885564524,97.81167840762392,96.28687725486576,97.56399536132812,209111400.0
2011-12-12,96.71259758828992,96.72808110329444,95.3271241621544,96.13983154296876,215826100.0
2011-12-13,96.64293843220494,97.1924851042552,94.77757054497047,95.24198150634766,245159800.0
2011-12-14,94.86272333586597,95.22650920935835,94.01905474009112,94.22803497314452,238618800.0
2011-12-15,95.22649589734436,95.35807624439994,94.42152439528526,94.56858825683594,199109200.0
2011-12-16,95.20730745311798,95.76812435019208,94.48291227554604,94.70879364013672,220481400.0
2011-12-19,95.07487422897984,95.2773948819031,93.49366922744784,93.6961898803711,183903000.0
2011-12-20,95.16833236021613,96.69501302669924,93.7584907429532,96.53144073486328,225418100.0
2011-12-21,96.53147532650802,96.8664108848656,95.6123502553884,96.71841430664062,194230900.0
2011-12-22,97.07674068522954,97.67651206235809,96.7651776215978,97.57524871826172,119465400.0
2011-12-23,97.88679369200597,98.47877406439892,97.68427893890244,98.44761657714844,92187200.0
2011-12-27,98.27624350621625,98.78254222353216,98.19056191054668,98.52549743652344,86075700.0
2011-12-28,98.54106737355424,98.55664314241344,97.15459218049672,97.23248291015624,119107100.0
2011-12-29,97.55185189716788,98.33856205757968,97.25586470123164,98.2373046875,123507200.0
2011-12-30,98.15938407916714,98.40085304540165,97.7543487548828,97.7543487548828,95599000.0
2012-01-03,99.51473840855144,99.99767054777372,99.25769359528717,99.31221771240234,193697900.0
2012-01-04,99.07851983127676,99.55366101853951,98.6968510873496,99.46797943115234,127186500.0
2012-01-05,98.93053864488678,99.88081516721934,98.47876403976775,99.73281860351562,173895000.0
2012-01-06,99.85743012345542,99.87301183396237,99.14861680510462,99.47576141357422,148050000.0
2012-01-09,99.7016424115656,99.84184214123312,99.24208300606166,99.71722412109376,99530200.0
2012-01-10,100.7843628739988,100.98687760346633,100.44163649692702,100.58184814453124,115282000.0
2012-01-11,100.27027478833652,100.76878264815372,100.1067083966429,100.63636779785156,111540700.0
2012-01-12,100.9245603794764,101.02581178733988,100.12226271719108,100.87781524658205,118983700.0
2012-01-13,100.20017555255812,100.51953530936372,99.48357124228345,100.35595703125,179836200.0
2012-01-17,101.32184228700312,101.50878723153014,100.40271116645448,100.74543762207033,132209200.0
2012-01-18,100.72202582646749,101.9137710857076,100.54287776331276,101.8592529296875,163395200.0
2012-01-19,102.20976077290491,102.48238720010042,101.88261619148736,102.3967056274414,126328900.0
2012-01-20,102.22537057351688,102.77839660644533,101.97611069897194,102.77839660644533,138230200.0
2012-01-23,102.4356607591412,103.01206525175726,102.02283452975531,102.51355743408205,129295800.0
2012-01-24,101.88261619148736,102.42785716051662,101.7268347553878,102.3967056274414,103083300.0
2012-01-25,102.240904803703,103.49496488313022,101.84366038799408,103.25350189208984,198613200.0
2012-01-26,103.71307275825608,103.90780253203076,102.31881280758864,102.7238540649414,184880500.0
2012-01-27,102.22536469959682,102.85628737840868,102.1552529355566,102.67713928222656,135259100.0
2012-01-30,101.65675853251878,102.38115969731226,101.30624720746138,102.32662963867188,147311800.0
2012-01-31,102.8329073372028,102.95752536569272,101.78914666539008,102.28766632080078,157212000.0
2012-02-01,103.0431990308762,103.7052849976702,102.9185810119584,103.18341064453124,166234500.0
2012-02-02,103.38597135835356,103.61186464611136,102.980941817145,103.3470230102539,113090400.0
2012-02-03,104.37520325300068,104.85812949458511,104.19605511263345,104.79581451416016,160598500.0
2012-02-06,104.35958453838164,104.77241073764314,104.24275141985972,104.72567749023438,107694500.0
2012-02-07,104.5075981427653,105.1696842834631,104.09477187609748,104.9905242919922,135528100.0
2012-02-08,105.04507156383056,105.32548302539256,104.61666351347652,105.30211639404295,139361400.0
2012-02-09,105.47346524880518,105.61366501780766,104.8113790897638,105.43451690673828,148602900.0
2012-02-10,104.499774304537,104.74123728921008,104.25051452335154,104.65555572509766,167907500.0
2012-02-13,105.40336536430394,105.55914684720624,104.95159074413156,105.43451690673828,115841900.0
2012-02-14,105.15411980525094,105.36443137276416,104.56993025077732,105.30211639404295,165329500.0
2012-02-15,105.64482013992804,105.80060161058296,104.6010593272748,104.81137084960938,195195100.0
2012-02-16,104.81919504607598,106.06545902242596,104.63225010120811,105.97199249267578,186567800.0
2012-02-17,106.338061966126,106.42374356115828,105.90186907700352,106.25238037109376,129869400.0
2012-02-21,106.50162513775052,106.75088500135202,105.97196575564404,106.29911041259766,134042300.0
2012-02-22,106.13552320559812,106.36141642363896,105.7694302401086,105.95637512207033,124455300.0
2012-02-23,105.90185453040064,106.50161372787916,105.54354648620132,106.4237289428711,137704300.0
2012-02-24,106.6574249267578,106.86773648711912,106.42375862120804,106.6574249267578,105539100.0
2012-02-27,105.94861080657785,107.12477471850046,105.77724760280556,106.83657836914062,145728900.0
2012-02-28,106.86772091305748,107.2727622592604,106.65740938334532,107.14813232421876,129355900.0
2012-02-29,107.30390112702524,107.63884255222018,106.35361878395588,106.72750854492188,185934700.0
2012-03-01,106.95338821517085,107.48305942563356,106.65739513034276,107.28053283691406,145023500.0
2012-03-02,107.21040619671376,107.350617791232,106.71189853299592,106.95336151123048,120638300.0
2012-03-05,106.78981547040092,106.86770025071972,106.15109609082933,106.5171890258789,140765000.0
2012-03-06,105.42673746183348,105.48904054993434,104.65560303621878,104.95938110351562,202129900.0
2012-03-07,105.20083588894906,105.8629220300491,105.09957257939224,105.69155883789062,143692200.0
2012-03-08,106.33805071944931,106.96118844601835,106.11995429795468,106.74308013916016,116968900.0
2012-03-09,106.94561803485018,107.43632909238258,106.81320318533416,107.15592956542967,122836800.0
2012-03-12,107.14035254897568,107.30391894686863,106.78204443988692,107.1637191772461,104003500.0
2012-03-13,107.7401165757784,109.14995851937854,107.56095659046538,109.09542846679688,184090500.0
2012-03-14,109.12657319424552,109.39918775434872,108.64363525900228,108.97857666015624,145163600.0
2012-03-15,109.14219403264936,109.6562837433431,108.86178254366808,109.60955047607422,165118500.0
2012-03-16,109.80826009137796,109.90213623116507,109.52661973456232,109.76132202148438,152893500.0
2012-03-19,109.69087401270592,110.52796380104866,109.61263596708896,110.19156646728516,125291100.0
2012-03-20,109.5657097807667,110.0038142337894,109.24495047142828,109.87081909179688,121729700.0
2012-03-21,109.93343929491763,110.03513447003192,109.46403470801256,109.69091796875,122388400.0
2012-03-22,108.88507631944972,109.17454758074692,108.54085990559736,108.90072631835938,135216700.0
2012-03-23,108.99460254281756,109.37793794360664,108.39220299342736,109.25276184082033,120521000.0
2012-03-26,110.03510333226272,110.78614807128906,109.99599624229928,110.78614807128906,120164000.0
2012-03-27,110.8878145342185,110.9582215953023,110.37147221137714,110.44187927246094,119868500.0
2012-03-28,110.38715291960386,110.55926707510883,109.24494188192983,109.89427947998048,148562100.0
2012-03-29,109.2449921988704,109.90998010028426,108.8147066119235,109.7065658569336,164963700.0
2012-03-30,110.24632776941093,110.3480348451163,109.5657021087985,110.16027069091795,135486800.0
2012-04-02,110.02731301381483,111.25558155793794,109.80826072807194,110.9661102294922,151741100.0
2012-04-03,110.80961174119976,110.99737590123836,109.86298384833304,110.51232147216795,155806700.0
2012-04-04,109.6987011245927,109.7925772362898,109.01024447227898,109.41706085205078,146896000.0
2012-04-05,109.04154207496757,109.68304871990466,108.94765402788016,109.36228942871094,137439400.0
2012-04-09,107.98538807126096,109.40140843278616,107.83674293939691,108.134033203125,127555900.0
2012-04-10,107.92281551013804,108.22792484764594,106.20950463895826,106.31903076171876,235360300.0
2012-04-11,107.40647485729964,107.6020580755052,106.98402035845456,107.17960357666016,154133000.0
2012-04-12,107.28131538932269,108.66603604016522,107.2030773236179,108.5799789428711,154321500.0
2012-04-13,108.3296276287036,108.60344889343509,107.18741644755,107.28912353515624,169246700.0
2012-04-16,107.83671881459492,107.99318294144024,106.8509840717665,107.21868133544922,147825300.0
2012-04-17,107.836726970739,109.02587591210956,107.72720087991858,108.80682373046876,147877600.0
2012-04-18,108.32181042743306,108.80685296891367,108.25922236765302,108.43915557861328,123884200.0
2012-04-19,108.45476913910048,108.86157348481429,107.23433222706356,107.74284362792967,198666700.0
2012-04-20,108.22009606574728,108.61126245999743,107.86021773055866,107.9228057861328,143199600.0
2012-04-23,106.8196985079177,107.10916971598924,106.35030606399914,107.0152816772461,171844900.0
2012-04-24,107.10918317596034,107.69593275767994,107.02312609314345,107.42211151123048,137484200.0
2012-04-25,108.47043978482655,108.9398442477688,108.37656366721868,108.89290618896484,150252200.0
2012-04-26,108.6582130760861,109.77695530042092,108.595625013278,109.65177917480467,136291600.0
2012-04-27,109.9803330511201,110.14461623412316,109.370114496495,109.8316879272461,130725000.0
2012-04-30,109.61265278666228,109.69089084428452,109.1276102542688,109.42488861083984,115092200.0
2012-05-01,109.36228887069826,110.8252592172963,109.23712470430428,110.1055145263672,138832200.0
2012-05-02,109.4639839081081,109.88645022775596,109.10411757094778,109.77692413330078,121081000.0
2012-05-03,109.79260517709972,109.87866228053936,108.73646283938082,108.93986511230467,143759700.0
2012-05-04,108.36875288583674,108.97897157164198,107.1170155143401,107.17960357666016,193927300.0
2012-05-07,106.79624235109348,107.61769414874408,106.757135262475,107.25782775878906,127765900.0
2012-05-08,106.61630435531949,106.99965169361496,105.5523313563801,106.8275375366211,213377700.0
2012-05-09,105.69313241293446,106.87445026743944,105.21590907933626,106.1938247680664,220752500.0
2012-05-10,106.92924103532744,107.06224811586316,106.17038920418616,106.41291046142578,150600000.0
2012-05-11,105.74790428774604,107.07786742311195,105.70096623810768,106.09213256835938,153032400.0
2012-05-14,105.07510429111116,106.0921392008365,104.76217598232634,104.91864013671876,163910000.0
2012-05-15,104.84825384685976,105.46629155735988,104.15197807492572,104.3162612915039,207629300.0
2012-05-16,104.78564903461842,105.2628724831932,103.89379018912052,103.9172592163086,207265500.0
2012-05-17,103.94070269195792,104.0658787644894,102.32126858938098,102.37603759765624,247992900.0
2012-05-18,102.7750493035101,102.95499443054716,101.35120990936475,101.4998550415039,319615900.0
2012-05-21,101.8284255453502,103.2835648226751,101.66413042837584,103.24444580078124,177861100.0
2012-05-22,103.51044978480112,104.23019452084458,102.751586021673,103.42439270019533,197531200.0
2012-05-23,102.6811510325898,103.62777870601492,101.69541628015816,103.47913360595705,204958400.0
2012-05-24,103.76078656547436,103.92506974234814,102.81415877569708,103.68254852294922,167357600.0
2012-05-25,103.6434468670823,103.93291812296658,103.09581628999904,103.3461685180664,135465600.0
2012-05-29,104.1754383025623,104.77782596238067,102.6185917362246,104.59789276123048,152883500.0
2012-05-30,103.70603833101232,104.59007825142182,102.86894840799626,103.08016967773438,162370400.0
2012-05-31,103.04107382905376,103.61999254810496,101.96926961447916,102.85330963134766,196186000.0
2012-06-01,101.2416870234224,102.87675965407698,100.2637710571289,100.2637710571289,253240900.0
2012-06-04,100.44370627825008,100.71752752931516,99.46579029223338,100.21683502197266,202545800.0
2012-06-05,100.02123232269702,101.12431830193384,99.9664692736388,100.9756851196289,164149400.0
2012-06-06,101.67978042462326,103.29138385207408,101.6484804321284,103.24444580078124,184202800.0
2012-06-07,104.41797922153548,104.46491728828671,103.0958346332598,103.30706787109376,184772700.0
2012-06-08,103.04109751117326,104.15200907698808,102.7125071053038,104.1285400390625,143915400.0
2012-06-11,104.96556924573672,105.02815728965084,102.7046283856772,102.80633544921876,169756100.0
2012-06-12,103.103631043741,104.05807798311666,102.6107695135361,103.9876708984375,181931800.0
2012-06-13,103.68256691004444,104.33190457831904,102.97064118414018,103.32270050048828,172223900.0
2012-06-14,103.53392122519482,104.83259655496856,103.25228093605656,104.41796112060548,230615500.0
2012-06-15,104.88822860808892,105.58024052500564,104.668041361892,105.48587799072266,169444500.0
2012-06-18,105.04546954643428,105.94980887249989,104.80955128767336,105.69029998779295,131360900.0
2012-06-19,106.22508309580446,107.14515380230029,105.66674343666344,106.71263885498048,137382600.0
2012-06-20,106.72053515771856,107.02722546436796,105.5881364872262,106.53965759277344,206451800.0
2012-06-21,106.66548268351424,106.77557633243376,104.0625448417466,104.1490478515625,205272200.0
2012-06-22,104.69164760892524,105.14775325815704,104.29058277979884,104.95115661621094,130029200.0
2012-06-25,103.84233113762498,103.88165285923442,102.89866981552215,103.26827239990234,146375700.0
2012-06-26,103.56706714255282,104.10181603434503,102.9615463678078,103.7872543334961,141634000.0
2012-06-27,104.13332399647436,104.92757023321592,103.7794523860176,104.72311401367188,108088000.0
2012-06-28,104.03105453053348,104.58153462560914,103.23680856372836,104.42424774169922,169242100.0
2012-06-29,106.319443799176,107.16088304577252,106.04421574602463,107.0271987915039,212250900.0
2012-07-02,107.32599585842132,107.45968008576102,106.57107175117322,107.3495864868164,129524500.0
2012-07-03,107.32601219858476,108.13598922827366,107.21591858287864,108.05735778808594,80450000.0
2012-07-05,107.65628141675823,108.36403629782156,107.17658528600414,107.5697784423828,126177500.0
2012-07-06,106.53176952211015,106.76768784851308,106.0442137803674,106.54750061035156,151192100.0
2012-07-09,106.46097672735014,106.61039203805426,105.92622782584604,106.4137954711914,103780500.0
2012-07-10,106.95641681338878,107.1294227924442,105.12413494379634,105.48587799072266,167884800.0
2012-07-11,105.54091626042548,105.84760645389412,104.88821415651977,105.50159454345705,141733400.0
2012-07-12,104.8882106776942,105.55663184677516,104.27483031110091,104.9904327392578,143583200.0
2012-07-13,105.26569084154312,106.86205437759445,105.24995975271312,106.75196075439452,129642600.0
2012-07-16,106.50817671939384,106.81486693767778,106.08352134065962,106.50030517578124,97525200.0
2012-07-17,106.924961086343,107.45183854092296,105.80829382449085,107.23165130615234,138860300.0
2012-07-18,106.97999883019352,108.23822184937866,106.91709847860788,108.02589416503906,113349700.0
2012-07-19,108.246078129523,108.66286194220854,107.90007820901891,108.30899047851562,129847300.0
2012-07-20,107.69559252631002,107.86073891541858,107.20017735758772,107.31813049316406,142904500.0
2012-07-23,105.74536214054008,107.24736278831293,105.24993495322283,106.23291778564452,145210900.0
2012-07-24,106.31154052213132,106.35872176901702,104.61294363844668,105.32068634033205,173301200.0
2012-07-25,105.54093408211526,105.81616214876291,104.78599778647332,105.3443374633789,129122300.0
2012-07-26,106.86205000625957,107.31029602479062,106.36662272247354,107.08223724365234,156526500.0
2012-07-27,107.64844946882036,109.36277830973324,107.05865958306104,109.05607604980467,236768900.0
2012-07-30,108.93026332698189,109.57509402910632,108.73366669839544,109.05607604980467,106782000.0
2012-07-31,108.90663899847269,109.20545762194894,108.2932586669922,108.2932586669922,120575900.0
2012-08-01,109.07180305240304,109.09539368700486,108.04949822220348,108.19891357421876,138293800.0
2012-08-02,107.38103323972224,108.18315048789448,106.61823769966344,107.4518051147461,199556600.0
2012-08-03,108.96170240410258,109.8110011929648,107.48329206801225,109.58295440673828,157825000.0
2012-08-06,109.87392390710068,110.2277954359986,109.7480991859307,109.79528045654295,86326200.0
2012-08-07,110.23562041720383,110.8175505706727,110.11766727765708,110.3457260131836,109545100.0
2012-08-08,109.97609116702536,110.60519039199728,109.94462900619764,110.47937774658205,89754700.0
2012-08-09,110.32212687372562,110.79396344543358,110.21203327356744,110.5737762451172,90291700.0
2012-08-10,110.12555001824998,110.79398328129125,109.9446844997453,110.7546615600586,99792700.0
2012-08-13,110.56591599177194,110.75464101980086,110.12552959466557,110.69960021972656,79426900.0
2012-08-14,111.10853287372906,111.17931677155576,110.3850588015701,110.71533966064452,102379400.0
2012-08-15,110.59738576464326,111.0299006960353,110.52661386658944,110.8411636352539,71085900.0
2012-08-16,110.99846846709228,111.79272664611422,110.72324034508014,111.65904235839844,112014200.0
2012-08-17,111.84776289201788,111.90281571375122,111.55680368944806,111.80844116210938,90813700.0
2012-08-20,111.65116061030798,111.83989770476488,111.3444703313822,111.8163070678711,78255700.0
2012-08-21,112.09149925784844,112.52401412786227,111.23434106046824,111.47811889648438,105581100.0
2012-08-22,111.19502151528678,111.70617982593478,110.9355245875168,111.52531433105467,133243500.0
2012-08-23,111.25007679122064,111.25793633489346,110.44009981869712,110.61310577392578,111466400.0
2012-08-24,110.33787103168277,111.5331816888037,110.26709913733252,111.28153228759766,99481200.0
2012-08-27,111.58032416549617,111.72973944561132,111.14780940708376,111.30508422851562,68785900.0
2012-08-28,111.0220318650128,111.54104979536504,110.8568974321856,111.19503784179688,75689600.0
2012-08-29,111.28940383095028,111.58036295170386,110.97484207944272,111.28153228759766,65421300.0
2012-08-30,110.80178689962564,110.83324906045335,110.24345953756828,110.47937774658205,96589900.0
2012-08-31,111.10847812902423,111.525273768893,110.3771448726914,111.00625610351562,151970400.0
2012-09-04,110.9119580567983,111.24225098006625,110.19635538786964,110.9040985107422,120226200.0
2012-09-05,110.95125906941946,111.25008975405284,110.58952802946771,110.8097152709961,100660300.0
2012-09-06,111.4781550693716,113.06665928954732,111.47029552347664,113.05879974365234,158272500.0
2012-09-07,113.24752656124502,113.5463573000912,113.1453044658294,113.49917602539062,107272100.0
2012-09-10,113.38904274796936,113.58563932337002,112.81498410760422,112.8542938232422,86458500.0
2012-09-11,112.92509115591952,113.53060004075392,112.89362898049968,113.16886901855467,88760000.0
2012-09-12,113.54635620117188,113.67218093202692,113.16102246266831,113.54635620117188,87640900.0
2012-09-13,113.53062617522556,115.63027689392936,113.23180743577451,115.27640533447266,225470200.0
2012-09-14,115.50444465088104,116.47169661649544,115.41007011814204,115.78754425048828,169777000.0
2012-09-17,115.55163830901118,115.74823494095128,115.10339222852076,115.39436340332033,119427800.0
2012-09-18,115.19775808220398,115.44939551246752,115.00902101002738,115.29998016357422,98326600.0
2012-09-19,115.43364878482872,115.73247944213104,115.13483012683,115.36287689208984,128318300.0
2012-09-20,114.83601664034146,115.4336660450058,114.52146684826664,115.37076568603516,154009800.0
2012-09-21,115.93126295821344,115.95497951839872,115.27507664525449,115.322509765625,108737500.0
2012-09-24,114.75326755384955,115.40945374878063,114.66630282769351,115.1485595703125,95682000.0
2012-09-25,115.39366661233076,115.61502920690351,113.89154950532208,113.92317962646484,133165200.0
2012-09-26,113.89948085087914,113.93109891360191,113.01401827098044,113.2828140258789,146502200.0
2012-09-27,113.75714432943,114.61097659499724,113.4567185146871,114.35008239746094,111830300.0
2012-09-28,113.9152855644776,114.2868611396931,113.41722567310946,113.82041931152344,150696100.0
2012-10-01,114.25524749404266,115.18022968618544,113.85204177668048,114.120849609375,135911200.0
2012-10-02,114.5714542978962,114.75328527581088,113.70972046413004,114.23941040039062,113422200.0
2012-10-03,114.54774189916618,114.97465205050712,113.94690226233443,114.7058563232422,121283100.0
2012-10-04,115.14069316426288,115.69409974330192,114.9825787221601,115.52808380126952,124311600.0
2012-10-05,116.14471812729651,116.34236416097716,115.18810601640534,115.53596496582033,124842100.0
2012-10-08,115.1091061105342,115.520201358075,114.87982985386536,115.1407241821289,78415400.0
2012-10-09,115.05376770935592,115.14863399434836,113.9627571784916,114.00228881835938,148872900.0
2012-10-10,113.98643864759498,114.09713203048184,113.12470465531726,113.27491760253906,124247500.0
2012-10-11,114.06549371037394,114.23152170942042,113.31444109156742,113.3381576538086,123601500.0
2012-10-12,113.41726036501636,113.80463905864256,112.72154212825718,112.96662139892578,124181900.0
2012-10-15,113.23541564058934,114.02600014815292,112.87175352259295,113.90741729736328,107689100.0
2012-10-16,114.4449830671688,115.14070113662304,114.36593187232324,115.06163787841795,108815500.0
2012-10-17,115.14072493200206,115.6783286595087,114.96679537869362,115.5834503173828,128834100.0
2012-10-18,115.28298950195312,115.836396008484,114.89559891570296,115.28298950195312,148108500.0
2012-10-19,115.06950362989429,115.07740512708784,113.09304362959844,113.3618392944336,185645200.0
2012-10-22,113.17212592973976,113.58323310065244,112.48432152066796,113.377685546875,125578600.0
2012-10-23,112.15226415661375,112.31037856852176,111.33796347509902,111.80440521240234,192056300.0
2012-10-24,112.20762752408264,112.34203747516952,111.31427543938167,111.48820495605467,120179400.0
2012-10-25,112.27880138256496,112.48434898653198,111.1324563997506,111.81234741210938,134457400.0
2012-10-26,111.70957572901833,112.13648598795383,110.99014104529184,111.74910736083984,146023500.0
2012-10-31,112.14439955233432,112.2866989508594,111.21940520848013,111.74910736083984,103438500.0
2012-11-01,111.98626317274656,113.06145832155276,111.8834954150843,112.91915893554688,100995600.0
2012-11-02,113.59115026875828,113.62278039730728,111.79653253278524,111.91511535644533,137702200.0
2012-11-05,111.7490865442498,112.39735934459333,111.4170305494926,112.14437866210938,98378500.0
2012-11-06,112.48430814408444,113.4646368001859,112.36572535088348,113.02191162109376,107068100.0
2012-11-07,111.99420803374508,112.01001103881131,109.93868341904384,110.4604721069336,264304500.0
2012-11-08,110.4446207154487,111.00594085812229,109.04528317209072,109.13224792480467,181517300.0
2012-11-09,108.80022760702214,110.23909708927164,108.74489296874556,109.2271499633789,201055300.0
2012-11-12,109.56707524652124,109.74100475759748,109.0690153405839,109.31409454345705,97677500.0
2012-11-13,108.73695476334986,110.08885916764902,108.59465538571762,108.93460083007812,123018300.0
2012-11-14,109.26666227404938,109.44057972313291,107.21903975272092,107.46411895751952,191505000.0
2012-11-15,107.50365788275664,107.9068636268609,106.87118798215702,107.28229522705078,178128400.0
2012-11-16,107.44038279177516,108.02541941447085,106.49168421003492,107.81195831298828,239483900.0
2012-11-19,109.02154562242993,110.00977577514722,107.84358300093896,109.99397277832033,151495800.0
2012-11-20,109.82005736543135,110.2232509765482,109.16387101241996,110.04141998291016,119807400.0
2012-11-21,110.13626695282012,110.34182653547084,109.91490437408537,110.2469482421875,81710800.0
2012-11-23,110.78459344852442,111.78862692930102,110.71343168590155,111.74910736083984,65409200.0
2012-11-26,111.19565333527504,111.75697337684576,110.83199139005166,111.51189422607422,100124400.0
2012-11-27,111.40124361752456,111.78072072766057,110.8715535507998,110.94270324707033,128646200.0
2012-11-28,110.492049081719,111.8992880643869,109.89120940189883,111.83605194091795,177086500.0
2012-11-29,112.25508897637576,112.66618419954824,111.76491842049904,112.35785675048828,151085900.0
2012-11-30,112.3736445208373,112.59500714519416,111.99416745956243,112.3815460205078,136568300.0
2012-12-03,112.89545693311956,112.9903232026932,111.7411983787432,111.82816314697266,124656300.0
2012-12-04,111.82019579075606,112.16014109876303,111.36955714895662,111.66998291015624,127512200.0
2012-12-05,111.76491120919692,112.38947963196942,110.97432682022136,111.86769104003906,147300500.0
2012-12-06,111.76489733589258,112.29458736315286,111.598881390297,112.24715423583984,103220600.0
2012-12-07,112.68196341030468,112.80845977565752,112.00206052572996,112.58709716796876,108726400.0
2012-12-10,112.42900441614894,112.90334778262624,112.38155922247748,112.63455200195312,98840700.0
2012-12-11,113.10093380785312,113.9310493375718,113.04559920632695,113.40135955810548,152570400.0
2012-12-12,113.84411664728528,114.27894033881778,113.2986116582133,113.45672607421876,145880100.0
2012-12-13,113.3855960073042,113.70973845735978,112.47642891050891,112.76103973388672,135715000.0
2012-12-14,112.51598582019233,112.7215334364023,112.16812672863584,112.34205627441406,137701700.0
2012-12-17,112.63456842187344,113.72557883153068,112.6029382881481,113.6623306274414,143238200.0
2012-12-18,113.844111578836,115.02998774111552,113.67808360824016,114.92720794677734,177762800.0
2012-12-19,115.05373127156489,115.0932628989129,114.0338828407961,114.07340240478516,150895400.0
2012-12-20,114.14455910945811,114.74539880314568,113.8283181680238,114.72958374023438,168487000.0
2012-12-21,113.19451378836374,114.7231996011753,113.01139319409286,113.68814849853516,245883800.0
2012-12-24,113.4413338277108,113.50503059003285,113.2104436945942,113.33783721923828,53874600.0
2012-12-26,113.56873248878708,113.62447171418302,112.54165100356532,112.86012268066406,106947700.0
2012-12-27,112.89196001532244,113.12286229762492,111.40308615965928,112.7088394165039,167920600.0
2012-12-28,111.97636942815254,112.5973978115648,111.3632985859417,111.49069213867188,148806700.0
2012-12-31,111.19610125065608,113.50505160497464,111.10055001502454,113.38562774658205,243935200.0
2013-01-02,115.53532294619244,116.36335657357743,115.23276635690014,116.2917022705078,192059000.0
2013-01-03,116.23597106341954,116.53851549304116,115.71843943440088,116.0289535522461,144761800.0
2013-01-04,116.22007957547729,116.72964167297113,115.98121968470107,116.5385513305664,116817700.0
2013-01-07,116.12452317335402,116.33152856842123,115.7901120867515,116.22006225585938,110002500.0
2013-01-08,116.0130594390042,116.17229529635752,115.43183094373472,115.88566589355467,121265100.0
2013-01-09,116.14046295422916,116.49875888765726,115.9573422908438,116.1802749633789,90745600.0
2013-01-10,116.82512614550488,117.1117554506326,116.22002523419656,117.10379791259766,130735400.0
2013-01-11,117.07195116999192,117.15953268979442,116.72959477825464,117.0958480834961,113917300.0
2013-01-14,116.9525843416761,117.0959051479766,116.58633085794791,117.01628112792967,89567200.0
2013-01-15,116.474807757406,117.20731436788893,116.403153463635,117.0958480834961,93172600.0
2013-01-16,116.85705387835203,117.26310725321164,116.7296602964241,117.07998657226562,104849500.0
2013-01-17,117.59741345305008,118.17067197022796,117.15950595396822,117.83627319335938,133833500.0
2013-01-18,117.812392642793,118.22641539752505,117.3824426650951,118.0990219116211,169906000.0
2013-01-22,118.09905224621492,118.73600769042967,117.82038044283514,118.73600769042967,111797300.0
2013-01-23,118.73596966166647,119.03055644883824,118.52099468645184,118.9270477294922,104596100.0
2013-01-24,118.75189063208178,119.54012414773968,118.64042437067766,118.95890808105467,146426400.0
2013-01-25,119.3332053430738,119.62779235839844,118.92713983663158,119.62779235839844,147211600.0
2013-01-28,119.65957166565478,119.69142611746253,119.03854349345504,119.4844207763672,113357700.0
2013-01-29,119.24562879732132,120.10551725143452,119.1660047714343,119.95423889160156,105694400.0
2013-01-30,119.93824344886065,120.17710324176372,119.37294234395384,119.4844207763672,137447700.0
2013-01-31,119.34115108019948,119.73128931375705,119.1102608759594,119.18987274169922,108975800.0
2013-02-01,119.94623057363248,120.55930135855893,119.7392251814766,120.4159927368164,131173000.0
2013-02-04,119.68350234937624,120.4398817828978,118.9748803092143,119.06246185302734,159073600.0
2013-02-05,119.70738553467704,120.60707358311,119.65960384411616,120.26471710205078,113912400.0
2013-02-06,119.84276330027645,120.4319373102784,119.75518173812485,120.35232543945312,138762800.0
2013-02-07,120.39213260923738,120.5035989430473,119.31726913049098,120.19308471679688,162490000.0
2013-02-08,120.40010009372912,120.93354703165036,120.40010009372912,120.86189270019533,103133700.0
2013-02-11,120.81412791721752,120.94150935075044,120.53545597421534,120.8380126953125,73775000.0
2013-02-12,120.84595036818897,121.25997336862685,120.71059926493244,121.03704071044922,65392700.0
2013-02-13,121.28388479025786,121.50681749741636,120.798207360608,121.14056396484376,82322600.0
2013-02-14,120.77426848990444,121.39529677440848,120.63891741752956,121.2519760131836,80834300.0
2013-02-15,121.36344037820456,121.4908339086104,120.66280025880388,121.1086654663086,215226500.0
2013-02-19,121.31565944302288,122.04019641160028,121.14846608037551,122.0163116455078,95105400.0
2013-02-20,121.92876016136924,121.96857216430392,120.43191632323258,120.49561309814452,160574800.0
2013-02-21,120.19303448299284,120.55927564862075,119.38091601955722,119.7630844116211,183257000.0
2013-02-22,120.3443541929306,120.93354034423828,119.81887697573136,120.93354034423828,106356600.0
2013-02-25,121.52272479549276,121.70584545727436,118.6325454711914,118.6325454711914,245824800.0
2013-02-26,119.20576602745646,119.58793446136433,118.41753224291324,119.4446258544922,186596200.0
2013-02-27,119.34116006440424,121.2838695387063,119.23765126733934,120.94947052001952,150781900.0
2013-02-28,120.9414920114296,121.71379878956344,120.55136592586354,120.71060180664062,126866000.0
2013-03-01,120.29654689611598,121.29178607319469,119.75514261526472,121.1086654663086,170634800.0
2013-03-04,120.829993316418,121.75357818603514,120.63891517023217,121.75357818603516,99010200.0
2013-03-05,122.34276805291124,123.17080172692908,122.32684082391587,122.8443603515625,121431900.0
2013-03-06,123.28227595724678,123.3459727284069,122.74087162576105,123.0115737915039,94469900.0
2013-03-07,123.17084605668953,123.39377874719486,123.02753739090204,123.23454284667967,86101400.0
2013-03-08,123.77592936708233,123.92719553896382,123.13897377110015,123.76000213623048,123477800.0
2013-03-11,123.66445486332977,124.23770149796,123.5131765525442,124.22974395751952,83746800.0
2013-03-12,124.14217828690968,124.2854990755764,123.5768891204553,123.95108795166016,105755800.0
2013-03-13,124.01478489555508,124.3014143243527,123.59280436828608,124.12625122070312,92550900.0
2013-03-14,124.45263426250771,124.84277229193546,124.13416266834275,124.78703308105467,126329900.0
2013-03-15,124.63832778037958,124.79026672047422,124.2064653524662,124.62232971191406,138601100.0
2013-03-18,123.4307272373769,124.47038206371232,123.31876516087624,123.93456268310548,126704300.0
2013-03-19,124.19845431648524,124.36639130056685,122.83090643136168,123.64663696289062,167567300.0
2013-03-20,124.37440765075036,124.71828678446462,124.16646938110908,124.51036071777344,113759300.0
2013-03-21,123.7665814983714,124.4703499134237,123.23876739003016,123.44669342041016,128605000.0
2013-03-22,123.83858561968567,124.43838500976564,123.742609419267,124.43838500976562,111163600.0
2013-03-25,124.76629380888151,124.97423212022944,123.43874680458416,123.9185791015625,151322300.0
2013-03-26,124.43036531865064,124.94219358352652,124.29441227049048,124.91020965576172,86856600.0
2013-03-27,124.1664521535344,124.95019871767904,123.95852611569208,124.91020965576172,99950600.0
2013-03-28,124.83024395308688,125.43804846763328,124.55833782971068,125.2940902709961,102932800.0
2013-04-01,125.23017499238549,125.48609538415997,124.4944221704677,124.79832458496094,99194100.0
2013-04-02,125.24612091685476,125.72596535015336,125.05418070294516,125.41407012939452,101504300.0
2013-04-03,125.48607451733048,125.58203854681028,123.8146359214698,124.14251708984376,154167400.0
2013-04-04,124.30244800912328,124.89425460164088,124.03054181916352,124.6463394165039,131885000.0
2013-04-05,123.1188052064276,124.23843793063789,122.97485922638612,124.08648681640624,159666000.0
2013-04-08,124.17441255709352,124.93415564805144,123.7585484282647,124.92616271972656,86571200.0
2013-04-09,125.1581753330748,125.81396204527272,124.74231088638716,125.3581085205078,101922200.0
2013-04-10,125.69401639209272,127.05355985947364,125.66203244591142,126.89361572265624,135711100.0
2013-04-11,126.91754440932668,127.725282038486,126.78958428152626,127.30941772460938,110142500.0
2013-04-12,126.90155187466291,127.1894560732898,126.29375954553952,126.99752807617188,116359900.0
2013-04-15,126.35776126644018,126.46173041799648,124.03854141551548,124.05452728271484,217259000.0
2013-04-16,124.99017850923636,125.94986720597528,124.68628847802115,125.8858871459961,147507800.0
2013-04-17,124.99023340797451,125.01423661858962,123.38277487991496,124.04655456542967,226834800.0
2013-04-18,124.25441939073532,124.28641552046544,122.79891276466417,123.270751953125,167583200.0
2013-04-19,123.55869552757892,124.39841725816255,123.25479321292246,124.3424301147461,149687600.0
2013-04-22,124.58239937288756,125.1901920286442,123.75867540137985,124.89429473876952,106553500.0
2013-04-23,125.5180061824926,126.30174057038576,124.89421584476862,126.1817855834961,166141300.0
2013-04-24,126.22178308980732,126.59765834446922,125.98985382904168,126.26177215576172,96781200.0
2013-04-25,126.62968524795345,127.37344307766458,126.43775719095994,126.77364349365234,131060600.0
2013-04-26,126.6216785189028,126.83760976245046,126.14183402278638,126.5497055053711,95918800.0
2013-04-29,126.89361007734342,127.6773448549502,126.69367686447758,127.39744567871094,88572800.0
2013-04-30,127.37337480905984,127.73325192599223,126.84554852932044,127.70125579833984,116010700.0
2013-05-01,127.42136360387352,127.48534365964862,126.4376961775959,126.5816421508789,138874200.0
2013-05-02,126.90159662395236,127.86927869480544,126.78164158345392,127.75731658935548,96407600.0
2013-05-03,128.8689518229875,129.46075852901032,127.78131465159323,129.05288696289062,144202300.0
2013-05-06,129.14883545455507,129.5646876638593,129.0928483092916,129.38075256347656,66882100.0
2013-05-07,129.66063901682395,130.07649114637366,129.29275668366077,130.03651428222656,90359200.0
2013-05-08,129.89260419767083,130.66834601550408,129.82063117200494,130.62835693359375,97419200.0
2013-05-09,130.57231691167271,130.91619599823238,129.9325285288041,130.2604217529297,106738600.0
2013-05-10,130.34847033433832,130.79631880782475,129.96458975453078,130.68435668945312,103203000.0
2013-05-13,130.51630196899953,131.00413913413848,130.21241200918624,130.7882080078125,81843200.0
2013-05-14,130.89223535985246,132.23579249578648,130.89223535985246,132.1398162841797,119000900.0
2013-05-15,131.92389720200666,133.1154909854177,131.88390813076876,132.85157775878906,120718500.0
2013-05-16,132.5796827937978,133.04352921283066,132.02786529179397,132.22779846191406,109913600.0
2013-05-17,132.7156454501062,133.58735120594616,132.53970327148397,133.50738525390625,129801000.0
2013-05-20,133.37938887510117,134.01917733248615,133.2434358108862,133.4993438720703,85071200.0
2013-05-21,133.61932643202152,134.19513488956432,133.15548005217033,133.69129943847656,95804200.0
2013-05-22,133.82727207380174,135.21081848245896,132.09185351451893,132.69964599609375,244031800.0
2013-05-23,131.2840853451688,132.68361716917468,131.10814322534355,132.31573486328125,211064400.0
2013-05-24,131.53205428258732,132.25981405758304,131.1401808184464,132.20382690429688,151573900.0
2013-05-28,133.58730814155695,134.17911457004752,132.6036406076024,132.99551391601562,143679800.0
2013-05-29,132.29173420303306,132.5956364247073,131.4280217332339,132.1317901611328,160363400.0
2013-05-30,132.2357303315554,133.22739049601842,132.13176123575374,132.61959838867188,107793800.0
2013-05-31,132.25179392771892,133.00354462520377,130.4604004728982,130.71630859375,176850100.0
2013-06-03,131.0201860692345,131.52402148428712,130.08450044338707,131.43605041503906,168390700.0
2013-06-04,131.5079981551266,132.03582446922547,130.14045037822464,130.80422973632812,157631500.0
2013-06-05,130.4283767472705,130.6922899492729,128.86090780579892,128.97286987304688,211737800.0
2013-06-06,128.91691283660543,130.14850806682784,128.1571691884036,130.1405029296875,200225500.0
2013-06-07,131.0361854600568,131.91588395846816,130.46836997045952,131.79592895507812,188337800.0
2013-06-10,132.2037881695547,132.27576117158873,131.45203760710922,131.79592895507812,105667100.0
2013-06-11,130.5963149031562,131.58797535691596,130.14846667204546,130.43637084960938,159505400.0
2013-06-12,131.33207553195288,131.46802859612447,129.2367802325613,129.3567352294922,177361500.0
2013-06-13,129.28480613624177,131.55604433774062,128.99690184288602,131.32412719726562,163587800.0
2013-06-14,131.18008248236848,131.69191064397023,130.28438625030188,130.50030517578125,141197500.0
2013-06-17,131.3880589154483,132.13181655311735,130.53235140874162,131.50802612304688,136295600.0
2013-06-18,131.5800625032331,132.7476779903242,131.57206956672354,132.54774475097656,114695600.0
2013-06-19,132.43574123656066,132.6676583524249,130.6603336497632,130.71630859375,206149500.0
2013-06-20,129.44472652296363,130.73229657067702,127.14149259837026,127.47737884521484,321255900.0
2013-06-21,128.34488819793916,128.44136000925593,126.60028676065627,127.88663482666016,271956800.0
2013-06-24,126.55204523153184,127.37208012633404,125.20137859549357,126.2706527709961,222329000.0
2013-06-25,127.41226065866393,128.71469118528083,126.56006045123026,127.48462677001952,162262200.0
2013-06-26,128.52976763658,129.0362690669356,128.0313137003707,128.74684143066406,134848000.0
2013-06-27,129.5186309358606,130.09748611180456,129.3980289514859,129.50254821777344,129483700.0
2013-06-28,129.14082280762247,129.7598666459823,128.5217667017378,128.97198486328125,160402900.0
2013-07-01,129.64727505679127,130.6281124573743,129.50256737515838,129.72767639160156,131954800.0
2013-07-02,129.5347200735682,130.4834042972611,129.036266148632,129.60708618164062,154863700.0
2013-07-03,129.02020188890478,130.0573228219512,128.81117556378615,129.6633758544922,75216400.0
2013-07-05,130.6200882743652,131.11050701611987,129.67945146165982,131.06227111816406,122416900.0
2013-07-08,131.7375674346254,132.16366745700927,131.11047637272011,131.80992126464844,108092500.0
2013-07-09,132.63801921718303,132.91941161314907,132.06721146653786,132.7586212158203,119298000.0
2013-07-10,132.63002684994012,133.25711818942958,132.35668185939858,132.80690002441406,121410100.0
2013-07-11,134.35047400161113,134.75245614963012,132.79881653114654,134.61578369140625,135592200.0
2013-07-12,134.57560156105106,135.00973694300475,134.36657523159533,134.6720733642578,104212700.0
2013-07-15,135.04186155281624,135.3795250294547,134.80870507554138,135.1865692138672,69450600.0
2013-07-16,135.2750711812789,135.35547254353548,134.3183636685682,134.68014526367188,88702100.0
2013-07-17,135.19465579198445,135.45191801962366,134.8489447225504,135.02581787109375,92873900.0
2013-07-18,135.3152238676427,136.08703496196676,135.22678730753807,135.76544189453125,103620100.0
2013-07-19,135.4840048906996,136.05481241107347,135.3151670677272,136.00657653808594,103831700.0
2013-07-22,136.19960355012785,136.4649132578716,135.8780104494434,136.27195739746094,79428600.0
2013-07-23,136.5131480978978,136.5372660468219,135.91017483975122,135.98252868652344,80829700.0
2013-07-24,136.50503417672002,136.56131754183562,135.21065172174096,135.4840087890625,112914000.0
2013-07-25,135.24288237346445,135.9342921971648,135.01777333947103,135.81369018554688,111088600.0
2013-07-26,135.24284644102528,135.99857468329597,134.68007400556382,135.9583740234375,107814600.0
2013-07-29,135.612682817262,135.91819315565118,135.15442957719904,135.5403289794922,79695000.0
2013-07-30,135.95035859522943,136.09506627076905,135.2187481888347,135.5403289794922,85209600.0
2013-07-31,135.82171864026745,136.55332903194778,135.45993719117385,135.63681030273438,142388700.0
2013-08-01,136.66590468216114,137.32514907202412,136.59353856712735,137.20455932617188,110438400.0
2013-08-02,136.89904374073075,137.4537810856007,136.71413538161477,137.4376983642578,91116700.0
2013-08-05,137.13220257304312,137.44574817313784,136.9553294378592,137.23670959472656,54072700.0
2013-08-06,136.9713541390191,137.2688291856559,136.15131962347272,136.45681762695312,87495000.0
2013-08-07,136.02272644956236,136.21567003683057,135.50818977097708,136.01467895507812,84854700.0
2013-08-08,136.65783022506585,136.8186206103193,135.81366536808514,136.51312255859375,102181300.0
2013-08-09,136.3362601856814,136.75432503426262,135.64485043390215,136.1191864013672,91757700.0
2013-08-12,135.43580224783452,136.11916439535233,135.37148364556475,135.9583740234375,68593300.0
2013-08-13,136.19963739990294,136.5935721783029,135.39567284966566,136.3604278564453,80806000.0
2013-08-14,136.29606081967611,136.51313460606136,135.62876900784082,135.6609344482422,79829200.0
2013-08-15,134.59172395911125,134.60779441936742,133.5304847409111,133.76364135742188,152931800.0
2013-08-16,133.50633478043895,133.96460040595542,133.05611665064845,133.32142639160156,130868200.0
2013-08-19,133.16862213529444,133.62688759202553,132.4611297533318,132.46917724609375,96437600.0
2013-08-20,132.68630515006708,133.61890698081845,132.5415974181534,133.12045288085938,89294400.0
2013-08-21,132.7506026390841,133.48221321394547,132.0029216082539,132.30038452148438,159530500.0
2013-08-22,132.5737004022711,133.69925771689518,132.5656651760493,133.5063018798828,101471400.0
2013-08-23,133.90022608332637,134.12533505458984,133.27313505373263,133.9564971923828,90888900.0
2013-08-26,134.09319522337853,134.50322485237706,133.36963228723707,133.45806884765625,89702100.0
2013-08-27,132.13963660226506,133.45813819980296,131.21508211813287,131.31155395507812,158619400.0
2013-08-28,131.25518692132573,132.24407169014776,131.08636131422327,131.77777099609375,108113000.0
2013-08-29,131.48830166593328,132.68620005640162,131.3676997173353,131.98675537109375,119200500.0
2013-08-30,132.2601505706641,132.27623329011027,131.18284145066298,131.56874084472656,134928900.0
2013-09-03,132.8390233849752,133.1204158086999,131.608958936162,132.1636962890625,142375100.0
2013-09-04,132.1958413347939,133.48218909625194,131.95466186360176,133.257080078125,97389400.0
2013-09-05,133.33751251410786,133.7796831594427,133.24102843560496,133.4259490966797,63090500.0
2013-09-06,133.86808329636918,134.24594747652745,132.2360368448435,133.49021911621094,159756500.0
2013-09-09,133.81984002496816,134.84891323024388,133.81984002496816,134.76852416992188,87559300.0
2013-09-10,135.58053354795655,135.78955984114876,135.27502320077312,135.76544189453125,105847200.0
2013-09-11,135.5804895740618,136.19149780273438,135.34734540986958,136.19149780273438,94545900.0
2013-09-12,136.14331855148657,136.32019168789634,135.64486458570755,135.82977294921875,83209000.0
2013-09-13,135.97446352631135,136.23977317359396,135.66091799179915,136.13525390625,72727800.0
2013-09-16,137.60651595919683,137.67083456755304,136.70606770972998,136.9231414794922,106299200.0
2013-09-17,137.04379137899883,137.5663633867364,137.04379137899883,137.53421020507812,82523300.0
2013-09-18,137.48597356006945,139.50393243590838,137.14027469127544,139.12606811523438,203460600.0
2013-09-19,139.50393473891103,139.56825337620728,138.75624131442694,138.89291381835938,146616900.0
2013-09-20,139.22242933117923,139.22242933117923,137.80863458423542,137.92173767089844,132867100.0
2013-09-23,137.73597891804016,137.86523083097848,136.84730267543415,137.28355407714844,104616500.0
2013-09-24,137.2593162064163,137.76828643907112,136.701887293647,136.9604034423828,106333100.0
2013-09-25,137.04932537513218,137.3240027442997,136.44341288750445,136.56459045410156,117306500.0
2013-09-26,136.7907478958389,137.47744101139097,136.57261604627976,137.08966064453125,77146900.0
2013-09-27,136.40294545389267,136.64531278860304,136.10403272656154,136.45950317382812,99141800.0
2013-09-30,135.30427528150685,136.1606295036494,135.03767234544597,135.73245239257812,143937000.0
2013-10-01,135.83747322122315,136.9361948053797,135.7001345641184,136.8069305419922,127160000.0
2013-10-02,136.00709558263998,136.80689179024884,135.5869930092876,136.67762756347656,113350000.0
2013-10-03,136.362580126065,136.48376998487933,134.78721058001915,135.4173583984375,176698000.0
2013-10-04,135.52234293651958,136.58066745742417,135.34460773008988,136.44332885742188,96878000.0
2013-10-07,135.2557958455715,136.08791450605065,135.1184571889925,135.2638702392578,96295000.0
2013-10-08,135.23962589267592,135.41736116070837,133.5915497941142,133.68849182128906,178015000.0
2013-10-09,133.94703559859622,134.27018394422615,132.9210204938764,133.78546142578125,168973000.0
2013-10-10,135.15073179008186,136.74226217020444,135.10226078598726,136.6695556640625,195955000.0
2013-10-11,136.45953611989586,137.59865423893692,136.34643298003263,137.5501708984375,105040000.0
2013-10-14,136.70188372611767,138.21262094575766,136.59685499454793,138.09951782226562,112106000.0
2013-10-15,137.75214641665318,138.269191120598,136.91195339548716,137.09776306152344,155485000.0
2013-10-16,137.92184947130295,139.0852034927523,137.85721732263113,139.0124969482422,161676000.0
2013-10-17,138.44696966711857,140.02235210610826,138.42273415211767,139.94155883789062,129389000.0
2013-10-18,140.45854173745352,140.98366076723573,140.17577775076063,140.88671875,138316000.0
2013-10-21,140.93520252815037,141.17756992051605,140.579731996323,140.89480590820312,104104000.0
2013-10-22,141.30678247988797,142.13081405423543,140.91898986303997,141.71072387695312,126663000.0
2013-10-23,141.22601903173592,141.2906511481646,140.53932590839827,141.03213500976562,105484000.0
2013-10-24,141.3149227442571,141.6784677056204,140.9836876857026,141.500732421875,70350000.0
2013-10-25,141.79156314325232,142.18743031320886,141.51688583870362,142.14703369140625,93625000.0
2013-10-28,142.09850700716137,142.56708051640172,141.94500730083791,142.37318420410156,84979000.0
2013-10-29,142.69645406068065,143.18926344564198,142.4944832033575,143.13270568847656,87401000.0
2013-10-30,143.30235516591787,143.4073716207432,141.91279479253842,142.4217529296875,140002000.0
2013-10-31,142.30858434236748,142.906422195258,141.80770083125034,142.0177459716797,133795000.0
2013-11-01,142.2035864205861,142.68023449004755,141.55727747645452,142.35708618164062,142805000.0
2013-11-04,142.7448528028887,142.91450133382315,142.171250434562,142.8579559326172,85677000.0
2013-11-05,142.30051935488905,142.79332850647648,141.84003242846762,142.40554809570312,85825000.0
2013-11-06,143.0196025014685,143.39930869942182,142.62373518327897,143.13270568847656,87348000.0
2013-11-07,143.39923276017575,143.51233588728832,141.18562889832563,141.32296752929688,157000000.0
2013-11-08,141.2745533459489,143.2457906347799,141.25840455509186,143.22962951660156,136713000.0
2013-11-11,143.09225872395925,143.42349377202655,142.92261016677642,143.25384521484375,62614000.0
2013-11-12,142.94680580890028,143.28611515595537,142.48630662748013,142.9629669189453,83990000.0
2013-11-13,142.2601547369778,144.1505985329645,142.2601547369778,144.11021423339844,103844000.0
2013-11-14,144.23942963224547,144.9503706378668,144.0051489793839,144.82919311523438,103435000.0
2013-11-15,145.06348344008305,145.5158959911639,144.87767378388574,145.4593505859375,102818000.0
2013-11-18,145.70168540480392,145.82286290842796,144.62719967251667,144.95034790039062,104796000.0
2013-11-19,144.8776823444685,145.31393380812597,144.38487314492528,144.63531494140625,93891000.0
2013-11-20,144.92609677516788,145.36234806849689,143.7869790546513,144.18284606933594,124909000.0
2013-11-21,144.58685552907409,145.4593708537249,144.49798788506374,145.3462677001953,92841000.0
2013-11-22,145.40280451158054,146.08951011351994,145.23315595498178,146.07334899902344,81296000.0
2013-11-25,146.33182839847206,146.36413828930029,145.7178295269071,145.92788696289062,79486000.0
2013-11-26,146.00061445911894,146.40455595279127,145.75017270541264,145.96829223632812,86994000.0
2013-11-27,146.12179024188924,146.42071532623362,145.9440550005978,146.32376098632812,58800000.0
2013-11-29,146.4853656603466,146.8327494668697,146.0652630080222,146.22683715820312,55870900.0
2013-12-02,146.29955002222823,146.57422732218132,145.6209311656437,145.84713745117188,99726000.0
2013-12-03,145.37047973418186,145.73402464558188,144.74840632656662,145.21697998046875,116563000.0
2013-12-04,144.69187817591836,145.8067485486632,144.08596580889576,145.20083618164062,123033000.0
2013-12-05,144.94228226465688,145.20888511604898,144.42523767243705,144.5625762939453,106934000.0
2013-12-06,145.9602585838145,146.31572916983347,145.54015586149026,146.1783905029297,127728000.0
2013-12-09,146.60657605581332,146.76815024221418,146.35613421779394,146.55001831054688,70124000.0
2013-12-10,146.21069676763818,146.51769632561567,145.93601944066845,146.02488708496094,80976000.0
2013-12-11,146.08143192231702,146.10566742977252,144.2071371636377,144.38487243652344,130591000.0
2013-12-12,144.32024962323484,144.49798490759318,143.6093084858015,143.90823364257812,115565000.0
2013-12-13,144.20708736524122,144.33635157857773,143.61733634195002,143.8920135498047,107808000.0
2013-12-16,144.57067122258468,145.26545114776297,144.530274604093,144.78880310058594,96195000.0
2013-12-17,144.91807163278347,144.94230713913146,144.0051598026171,144.32830810546875,89886000.0
2013-12-18,144.5464293169058,146.81657864420694,143.25382387362504,146.79234313964844,234906000.0
2013-12-19,146.37227229342236,146.79237500917088,145.99257853046657,146.6227264404297,136531200.0
2013-12-20,146.7688853667983,147.82483752962924,146.671417054434,147.47555541992188,197087000.0
2013-12-23,148.1984904973268,148.35282360490805,147.8898366764068,148.2634735107422,85598000.0
2013-12-24,148.2715183251572,148.65328559354472,148.26340010034082,148.5883026123047,45368800.0
2013-12-26,148.92141237806717,149.42502764327816,148.90517592007916,149.3437957763672,63365000.0
2013-12-27,149.5387759334489,149.60374656740416,149.18137547546834,149.33570861816406,61814000.0
2013-12-30,149.35192861642716,149.47377642871393,149.1163760101297,149.3113250732422,56857000.0
2013-12-31,149.51441762457034,150.0180206298828,149.4006880228587,150.0180206298828,86119900.0
2014-01-02,149.44126448728082,149.51437812538663,148.22286084592577,148.58026123046875,119636900.0
2014-01-03,148.83204617236285,149.13259413200743,148.34469220637726,148.55587768554688,81390600.0
2014-01-06,149.04331085725755,149.10016326803242,147.89800807328947,148.1254425048828,108028200.0
2014-01-07,148.71838696944943,149.2869730151556,148.60466976030824,149.03517150878906,86144200.0
2014-01-08,149.0107926734923,149.319458957219,148.5559238727868,149.06765747070312,96582300.0
2014-01-09,149.54686757405145,149.56311642677383,148.48279701423454,149.16510009765625,90683400.0
2014-01-10,149.41689491892882,149.63621104111016,148.65335999997663,149.57122802734375,102026400.0
2014-01-13,149.18949697732162,149.60374984765738,147.2969080700601,147.58120727539062,149892000.0
2014-01-14,148.06854817166,149.27071552091067,147.79237961612046,149.18948364257812,105016100.0
2014-01-15,149.53876830500644,150.2210714749382,149.2219838050921,149.99363708496094,98525800.0
2014-01-16,149.68491260997277,149.9935787595926,149.31939408208817,149.7986297607422,72290600.0
2014-01-17,149.53874934481183,149.823036099116,148.9051804253141,149.16510009765625,107848700.0
2014-01-21,150.02608208158955,150.08294686092412,148.68584318695952,149.60369873046875,88621200.0
2014-01-22,149.85553550958872,149.9205185269744,149.38441792922492,149.70120239257812,61270900.0
2014-01-23,148.94577269070757,148.97013977082497,147.68676557050037,148.4746551513672,132496900.0
2014-01-24,147.50812498941232,147.55685916933882,145.2581353269094,145.30686950683594,208677100.0
2014-01-27,145.4449108362672,145.81856009570387,143.86910671496904,144.59202575683594,180843100.0
2014-01-28,144.69767745866793,145.63991298311987,144.68142859948827,145.45309448242188,110463200.0
2014-01-29,144.24280299056065,145.03070530802765,143.6742168836895,144.0559844970703,216597300.0
2014-01-30,145.25812030920463,146.05414075228362,144.7951208592761,145.58302307128906,118938100.0
2014-01-31,143.77976433632207,145.6317370912376,143.70666308410694,144.73011779785156,194677900.0
2014-02-03,144.5595564742827,144.88445920997742,141.1967623434381,141.47293090820312,254837100.0
2014-02-04,142.1064363839021,142.82935518271867,141.42413350744948,142.46383666992188,165012400.0
2014-02-05,141.96841751688305,142.60198653585132,141.09929587055274,142.2852020263672,164230500.0
2014-02-06,142.6182230680074,144.16152954101562,142.3258056695776,144.16152954101562,132877600.0
2014-02-07,144.83572720414566,146.10286524423998,144.3646095543743,145.9485321044922,170787200.0
2014-02-10,145.96478176749554,146.26532981812616,145.56677776725422,146.21658325195312,92218800.0
2014-02-11,146.3384486927629,148.19042181444124,146.24096794292686,147.8167724609375,117814100.0
2014-02-12,148.0360492962704,148.50716688010547,147.59742941848927,147.8898468017578,94717700.0
2014-02-13,146.89074359882417,148.80769920360365,146.8826253696118,148.6533660888672,100542200.0
2014-02-14,148.51527095347518,149.74992338673053,148.37718670151617,149.4737548828125,96498400.0
2014-02-18,149.60367350091872,149.85548726005206,149.1731719943116,149.6524200439453,80460900.0
2014-02-19,149.26260088578422,150.22920332796116,148.53968171046424,148.66152954101562,126524300.0
2014-02-20,148.86460281405385,149.87993947133316,148.32038385306168,149.53878784179688,104998100.0
2014-02-21,149.82303277468804,150.1804331611909,149.2950628182361,149.3681640625,118116400.0
2014-02-24,149.6849522798125,151.20389156640826,149.61996926297374,150.19668579101562,114063900.0
2014-02-25,150.318501199358,150.7490027836681,149.64431643288864,150.13980102539062,117085000.0
2014-02-26,150.35913472440637,150.75715104831878,149.7255658131943,150.14794921875,98677200.0
2014-02-27,149.9285884210165,150.97640980222715,149.75800650609236,150.93580627441406,93880800.0
2014-02-28,150.91144669119706,152.01613298769192,150.3103755848813,151.3175811767578,150842000.0
2014-03-03,149.9854745075675,150.63529222374171,149.25443732327275,150.25352478027344,167748500.0
2014-03-04,151.7237332369668,152.69033540764457,151.69124792782506,152.3654327392578,167545900.0
2014-03-05,152.4954370670876,152.76348741324284,152.2598720382336,152.50355529785156,88376900.0
2014-03-06,152.87719319966538,153.2020959253982,152.5279109949703,152.85281372070312,82516500.0
2014-03-07,153.48635333360397,153.48635333360397,152.2435703800098,152.91775512695312,114513500.0
2014-03-10,152.68219950516976,152.8933849757511,151.9592806165848,152.83653259277344,74939200.0
2014-03-11,153.06399734423744,153.28331348044767,151.7318764624212,152.08114624023438,99009100.0
2014-03-12,151.34196333380365,152.17859939736368,151.0007994529475,152.12173461914062,104824400.0
2014-03-13,152.57660839740743,152.69845618587848,149.99359888580946,150.4159698486328,155014300.0
2014-03-14,150.14797021978364,150.9196234996525,149.8149368650867,149.99363708496094,153919600.0
2014-03-17,150.749074873866,151.70755921025466,150.68409183459835,151.35015869140625,98359500.0
2014-03-18,151.65878194920833,152.63350247284944,151.49631820006488,152.43043518066406,101804600.0
2014-03-19,152.4466543379388,152.6578522301574,150.65154661953594,151.61814880371094,176267300.0
2014-03-20,151.28515139400722,152.6172724997739,151.01710104785198,152.50355529785156,117241000.0
2014-03-21,153.14404228695008,154.21280961065963,151.7734003553964,151.91209411621094,163128000.0
2014-03-24,152.43417069732124,152.6218260957339,150.62297367496134,151.2838134765625,121411000.0
2014-03-25,152.05068874456825,152.51573144729736,151.1532569157579,152.00173950195312,103852000.0
2014-03-26,152.59733495770234,152.84209366076425,150.8677283675692,150.9085235595703,119843000.0
2014-03-27,150.72904098949832,151.21039190802372,150.03556004325674,150.59034729003906,142383000.0
2014-03-28,151.02275039424595,152.0915172553353,150.93300594680622,151.33277893066406,101642000.0
2014-03-31,152.2954428676815,152.8094347977071,151.35721588167323,152.5728302001953,99745000.0
2014-04-01,153.07055683458745,153.6742934076991,152.56473122808248,153.5845489501953,89193000.0
2014-04-02,153.78029771889294,154.30244368850305,153.49474388986502,154.09848022460938,78774000.0
2014-04-03,154.3350562910134,154.37585146933165,153.42130405159952,153.89450073242188,77435000.0
2014-04-04,154.73491862808862,154.76754732025324,151.83047951647404,152.07522583007812,169381000.0
2014-04-07,151.70805675676095,151.9609695181776,150.08451517904317,150.39453125,140803000.0
2014-04-08,150.32930611790303,151.25937950512613,149.7826852406617,151.01463317871094,112660000.0
2014-04-09,151.42253833498717,152.68710233434754,150.98197011351283,152.63815307617188,100254000.0
2014-04-10,152.62993879088137,152.70336264917304,149.24413786533404,149.43179321289062,172959000.0
2014-04-11,148.59971611947833,149.64400872886768,147.92255549091414,148.08572387695312,167251000.0
2014-04-14,149.244213861164,149.60319172752764,148.02859898064392,149.25238037109375,132382000.0
2014-04-15,149.5623609020567,150.38636895848958,148.08565470843334,150.28030395507812,157093000.0
2014-04-16,151.31645276886337,151.8630734925339,150.64744646742048,151.85491943359375,105197000.0
2014-04-17,151.65098122155126,152.4913100435558,151.38990190456687,152.0670623779297,105255000.0
2014-04-21,152.107876485024,152.64634330652788,151.9202334832085,152.59738159179688,68329000.0
2014-04-22,152.75232018854825,153.706867745035,152.67074226899402,153.29078674316406,85790000.0
2014-04-23,153.23371345265846,153.31529138818834,152.80946586149057,152.9318389892578,73869000.0
2014-04-24,153.68239216774094,153.69871273112716,152.50756058277952,153.24183654785156,88170000.0
2014-04-25,152.7441938432955,152.83393828534693,151.64278591347747,151.98544311523438,100380000.0
2014-04-28,152.6054905587355,153.1276366117755,150.90035871588006,152.466796875,135121000.0
2014-04-29,152.9563363716986,153.41321271526368,152.62999968313687,153.17662048339844,84098000.0
2014-04-30,152.92366442537403,153.7884676094904,152.71153443376144,153.63345336914062,101508000.0
2014-05-01,153.56006633817708,154.06589191838742,153.1602933302696,153.64981079101562,93019000.0
2014-05-02,153.63352901500804,154.31068961214612,153.20112721004443,153.4295654296875,98122000.0
2014-05-05,152.67894377717394,153.8293011062053,152.2546961372365,153.72323608398438,75883000.0
2014-05-06,153.38058171621594,153.48664674042726,152.3526099586748,152.38523864746094,85454000.0
2014-05-07,152.8992014319154,153.35607768099322,151.7569983602767,153.28265380859375,106500000.0
2014-05-08,153.1439023470424,154.237143309034,152.6299105362666,153.11941528320312,93618000.0
2014-05-09,153.143967398107,153.41318827636255,152.42601185890635,153.34793090820312,83679000.0
2014-05-12,154.03323962122002,154.91436344614178,153.3805539232471,154.84092712402344,86940000.0
2014-05-13,155.04490214598653,155.35493067657038,154.8246305100987,154.97964477539062,66454000.0
2014-05-14,154.84091596819042,154.91435228501788,154.02506201674026,154.24534606933594,72367000.0
2014-05-15,153.93535985357812,153.9680009920074,152.14048315731722,152.8910675048828,154956000.0
2014-05-16,152.98083368880066,153.4866718147206,152.3363142761741,153.42140197753906,97458000.0
2014-05-19,153.12769498086547,154.10671764738052,152.9890012442628,153.98434448242188,63839000.0
2014-05-20,153.91084436097526,153.9271649258568,152.6218060610332,153.01341247558594,111644000.0
2014-05-21,153.4540556967479,154.37597517997867,153.4295810599321,154.30255126953125,89093000.0
2014-05-22,154.34327697327765,154.99596276129614,154.08221012743783,154.6777801513672,61549000.0
2014-05-23,154.81647291300726,155.40388887374235,154.67777920685396,155.29783630371094,61092800.0
2014-05-27,155.87706678625082,156.3013143615847,155.78732234625605,156.2523651123047,72010000.0
2014-05-28,156.25241795580197,156.49717673392203,155.8771195028247,156.13819885253906,66723000.0
2014-05-29,156.49712155425956,156.97030592311572,156.09734860932198,156.94583129882812,64377000.0
2014-05-30,156.79901566724848,157.29668721126495,156.6684760116826,157.1987762451172,76316000.0
2014-06-02,157.4190453166551,157.4516864519011,156.61951178836495,157.3782501220703,64656000.0
2014-06-03,156.9947869169184,157.37823931157342,156.84793916523503,157.29666137695312,65047000.0
2014-06-04,157.02742176537112,157.70458208523624,156.86425345371617,157.61483764648438,55529000.0
2014-06-05,157.7943091514889,158.8059600417377,157.21504739260223,158.64279174804688,92103000.0
2014-06-06,158.98548724499392,159.4423635570988,158.91206336246546,159.40158081054688,78696000.0
2014-06-09,159.37713057030325,159.94822604782112,159.2302703338285,159.5647735595703,65119000.0
2014-06-10,159.36893990896706,159.61369863336776,159.02628267438445,159.58106994628906,57129000.0
2014-06-11,159.00995506747583,159.18944396082782,158.6672978480616,159.02627563476562,68772000.0
2014-06-12,158.83861492181427,158.92835935845557,157.5495641268502,157.90037536621094,106350000.0
2014-06-13,158.2104095635726,158.53675863990588,157.70458405643643,158.38174438476562,82017000.0
2014-06-16,158.18599235572313,158.8468323578646,157.99834934931295,158.5123291015625,87424000.0
2014-06-17,158.2920105353074,159.06706941391917,158.12067570265137,158.95285034179688,84834000.0
2014-06-18,158.95284155297722,160.20925127685325,158.6020178479631,160.1195068359375,105267000.0
2014-06-19,160.25821603538742,160.3969221884531,159.74423641398897,160.29901123046875,85929000.0
2014-06-20,160.69821112544705,160.75560056501084,160.42768771449548,160.6244354248047,100587000.0
2014-06-23,160.66546135534182,160.71464516656425,160.28017148930078,160.57528686523438,70611000.0
2014-06-24,160.28837648373406,161.08354818027377,159.42762219784467,159.60797119140625,96237000.0
2014-06-25,159.2718437907494,160.49329590025198,159.2390587547633,160.329345703125,82782000.0
2014-06-26,160.35392737589297,160.3703261471388,159.1406809842467,160.21456909179688,84312000.0
2014-06-27,159.83751207820035,160.57530686422305,159.76373635217826,160.526123046875,71445100.0
2014-06-30,160.42769302665718,160.812982820898,160.2883347512972,160.444091796875,70201200.0
2014-07-01,160.8375849538412,162.009853181357,160.78020801732367,161.5179901123047,90470000.0
2014-07-02,161.5343943802032,161.8868866684271,161.46061866991417,161.68194580078125,52475000.0
2014-07-03,162.14099057566344,162.5508722584569,162.0180310742639,162.4770965576172,52938800.0
2014-07-07,162.16562095590217,162.29677360886745,161.67375785433796,161.91148376464844,61696000.0
2014-07-08,161.61636711536997,161.6737565638203,160.47689636415342,160.87039184570312,108143000.0
2014-07-09,161.2720286568545,161.73929973662078,160.92772957583492,161.59173583984375,72992000.0
2014-07-10,160.0342157745594,161.37862728235584,159.90305062536046,160.9523468017578,99040000.0
2014-07-11,160.85395309689102,161.2884266381002,160.4932552494128,161.1736602783203,64243000.0
2014-07-14,161.99345314103326,162.19839400009997,161.85409485789958,161.98526000976562,58658000.0
2014-07-15,162.0836344044624,162.39514852603546,160.9687555841249,161.68194580078125,111307000.0
2014-07-16,162.40332449438804,162.5262839985417,161.8376857580881,162.28036499023438,79986400.0
2014-07-17,161.78030928025774,162.3951318199467,160.20635257108904,160.43589782714844,145398000.0
2014-07-18,160.96056064530495,162.2393896436813,160.8703861642093,162.075439453125,124330000.0
2014-07-21,161.5671843702096,161.90329040552007,161.02613746096807,161.77212524414062,67592000.0
2014-07-22,162.32133951678026,162.77221186957237,162.20657314594197,162.4770965576172,67678000.0
2014-07-23,162.72306319423208,163.00998543756074,162.3951627806556,162.83782958984375,65612000.0
2014-07-24,162.99354168461008,163.18208374495657,162.68202762165856,162.84597778320312,56888000.0
2014-07-25,162.38689604035036,162.52625428911566,161.76388048553005,162.08358764648438,76837000.0
2014-07-28,162.11641815486394,162.38694159904455,161.181888306148,162.1492156982422,69259000.0
2014-07-29,162.45255094616562,162.68208375324477,161.42784644720513,161.4524383544922,80466000.0
2014-07-30,162.02626034007565,162.239406868166,160.80482065844603,161.47702026367188,104222000.0
2014-07-31,160.3539547007428,160.493313008586,158.18977934561389,158.28814697265625,183479000.0
2014-08-01,157.85364242207208,158.83735602602434,157.04208464039513,157.80445861816406,189261000.0
2014-08-04,158.10777696448858,159.2800452348285,157.43557742139825,158.94393920898438,91340000.0
2014-08-05,158.29632263738165,158.70620435057154,156.82893909934734,157.40277099609375,152690000.0
2014-08-06,156.66495658375987,158.12413418088758,156.64036468673146,157.45193481445312,94818000.0
2014-08-07,158.16514679253137,158.32090383438734,156.20591283630395,156.59939575195312,135733000.0
2014-08-08,156.9519393925789,158.5176783124906,156.53385196430662,158.41111755371094,117014000.0
2014-08-11,159.00956706923597,159.57520602780815,158.79643300875142,158.87020874023438,74544000.0
2014-08-12,158.7143710163547,159.157037689003,158.1651311132968,158.64878845214844,73632000.0
2014-08-13,159.27184485858558,159.90306625578452,159.00133391124152,159.72271728515625,69047000.0
2014-08-14,159.98500196264737,160.4768524169922,159.83743807032755,160.4768524169922,57371000.0
2014-08-15,161.05891433977885,161.20646574594937,159.2882224141526,160.444091796875,139951000.0
2014-08-18,161.32944765810157,161.86228889120554,161.2392731792658,161.78851318359375,75424000.0
2014-08-19,162.182001127093,162.75583305162905,161.85410074410035,162.63287353515625,59135000.0
2014-08-20,162.4115693945783,163.2641305904567,162.37878435255243,163.0673828125,72763000.0
2014-08-21,163.20674058419644,163.75598072364255,163.07557539933157,163.5428466796875,67791000.0
2014-08-22,163.41168635323186,163.6986086400792,162.91983565826607,163.28872680664062,76107000.0
2014-08-25,164.06745437857015,164.43634542484463,163.25588406988837,164.11663818359375,63855000.0
2014-08-26,164.22323608398438,164.62492473296763,164.1822454041127,164.22323608398438,47298000.0
2014-08-27,164.30517470108325,164.41995358704293,163.9034986346123,164.15762329101562,47874000.0
2014-08-28,163.6166019165971,164.17404762816653,163.45265171034686,164.06747436523438,58330000.0
2014-08-29,164.32156726050255,164.55110000655176,163.80512483619003,164.5347137451172,65907000.0
2014-09-02,164.74787415398916,164.77246605868316,163.83793615451518,164.4527587890625,72426000.0
2014-09-03,165.08394456638064,165.108536465767,164.13301609478833,164.362548828125,57462000.0
2014-09-04,164.64132049835283,165.24795007309945,163.67400544228124,164.1248779296875,85236000.0
2014-09-05,164.09210624069203,164.9282687574212,163.46909030174592,164.86268615722656,102177000.0
2014-09-08,164.70683319209573,164.94457154302168,163.95265249166545,164.43630981445312,64146000.0
2014-09-09,164.28878752534018,164.40355390206463,163.05914241389408,163.39524841308594,88591000.0
2014-09-10,163.48541021218205,164.11663153781817,162.9443758702337,164.01007080078125,67251000.0
2014-09-11,163.3542379328619,164.22318503820762,163.2312659314706,164.19859313964844,66774400.0
2014-09-12,164.03468884391262,164.0510751084701,162.7722459914494,163.23951721191406,117409300.0
2014-09-15,163.26404948301297,163.39521460315632,162.62463515805712,163.11648559570312,76401000.0
2014-09-16,162.81317711953704,164.64124563697254,162.72300266305757,164.34613037109375,116201000.0
2014-09-17,164.58390365345207,165.32987885149302,163.74774147119203,164.5675048828125,151266000.0
2014-09-18,165.06757492606397,165.46926353458537,164.85444092423927,165.44467163085938,94990000.0
2014-09-19,165.970947517806,166.28390522229688,164.95791613367513,165.29559326171875,121649000.0
2014-09-22,165.00735229680302,165.03205915476718,163.67311913139386,164.01902770996094,125553000.0
2014-09-23,163.426063050567,164.1096488822495,163.03074069543808,163.0801544189453,111393000.0
2014-09-24,163.104881546578,164.46382194723134,162.67662084492298,164.35675048828125,107276000.0
2014-09-25,163.92840143081136,163.93664542665618,161.6470515196939,161.70469665527344,150300000.0
2014-09-26,162.00123562285782,163.39311405682392,161.77062988354547,162.9895477294922,103547000.0
2014-09-29,161.5893937478665,162.98127180182635,161.4658594809155,162.69300842285156,95112000.0
2014-09-30,162.81659323279968,163.31898698069193,161.92710860208533,162.26478576660156,131302000.0
2014-10-01,162.00120696247075,162.05886467063348,159.70338140688807,160.06576538085938,177798000.0
2014-10-02,159.92574023545657,160.65050817037758,158.41857179262334,160.09046936035156,157285000.0
2014-10-03,161.16113664392648,162.19887485739335,160.6669869600991,161.85296630859375,121569000.0
2014-10-06,162.52832142826043,162.74246428599938,161.07879797519814,161.66354370117188,104778000.0
2014-10-07,160.83168046096915,161.19406438405736,159.13507624566202,159.1680145263672,147913000.0
2014-10-08,159.25857701280526,162.18234206783066,158.4267505039823,161.9517364501953,186461000.0
2014-10-09,161.6964809823491,161.9188552516913,158.60799833563885,158.73977661132812,210705000.0
2014-10-10,158.69860946399393,159.4892540593955,156.88670198520697,156.92787170410156,221909000.0
2014-10-13,156.86194339649592,157.43021351394165,154.2593796135218,154.3499755859375,230939000.0
2014-10-14,155.18187224851667,156.33491356043513,154.04530636640197,154.58888244628906,215847000.0
2014-10-15,152.4968898268638,154.5805846717429,149.8284368620911,153.5428466796875,380715000.0
2014-10-16,150.7673858053878,154.4900408751826,150.62737608253514,153.4111328125,270391000.0
2014-10-17,155.18185543321502,156.2772389056614,154.52297655023838,155.22303771972656,214625000.0
2014-10-20,154.94302390014417,156.8537589063221,154.89361018136532,156.730224609375,130011000.0
2014-10-21,157.86681458886218,159.9422792301648,157.70209796556864,159.83522033691406,154949000.0
2014-10-22,160.11519357001225,160.52699129274748,158.63271925475155,158.6986083984375,151822000.0
2014-10-23,160.2881596838315,161.58944214272964,159.99166478728418,160.54347229003906,154944000.0
2014-10-24,160.80698740006008,161.8282501284352,160.18105947644997,161.77882385253906,117927000.0
2014-10-27,161.20235068067757,161.7953404717358,160.62583631911278,161.55650329589844,82954000.0
2014-10-28,162.10004752877677,163.41779258682135,162.02591439415147,163.40956115722656,106736000.0
2014-10-29,163.524859551323,163.99430236679584,162.08356768621928,163.1624755859375,142557000.0
2014-10-30,162.72600636716678,164.67792375230465,162.57775263685213,164.20848083496094,113330000.0
2014-10-31,166.18505482927137,166.2180056780755,165.35322811943288,166.0862274169922,146903000.0
2014-11-03,166.30039892001747,166.73690352195615,165.79800517119207,166.17686462402344,93600000.0
2014-11-04,165.7321075168148,166.03684637640666,164.76850235631645,165.600341796875,93343000.0
2014-11-05,166.81100257316808,166.8521848555416,165.9132866259391,166.6462860107422,91709000.0
2014-11-06,166.68742668438676,167.40395046396728,166.06973030417873,167.3133544921875,107089000.0
2014-11-07,167.32989993791207,167.68405254564271,166.86868845841477,167.46990966796875,89540000.0
2014-11-10,167.50284429571937,168.04640773413132,167.29694543610404,167.9969940185547,66319000.0
2014-11-11,168.0629004639458,168.26879934475863,167.72522328331584,168.16172790527344,54499400.0
2014-11-12,167.4781360691182,168.2111355006751,167.44518521429038,167.98052978515625,90120300.0
2014-11-13,168.14524553511268,168.6970529636227,167.36283239221245,168.16995239257812,85357900.0
2014-11-14,168.09581775791943,168.41701944516876,167.78284750011372,168.21112060546875,80417500.0
2014-11-17,167.88993095931818,168.49115209558295,167.7252018220895,168.3181915283203,80441000.0
2014-11-18,168.3758628309792,169.59478062903574,168.3758628309792,169.29005432128906,76068100.0
2014-11-19,169.09235481636904,169.2900222192747,168.26052805905906,169.0182342529297,82373000.0
2014-11-20,168.22757592610955,169.421799196511,168.1616867923099,169.31472778320312,72840300.0
2014-11-21,171.0113602937156,171.17607687180276,169.64418881816016,170.220703125,142327300.0
2014-11-24,170.62425894607415,170.80545094096468,170.41012866441648,170.69837951660156,65880800.0
2014-11-25,170.92898435132895,171.13488320200935,170.31953179623883,170.57484436035156,79108300.0
2014-11-26,170.72308911517945,171.11017996801954,170.50895883008295,171.0113525390625,62167800.0
2014-11-28,170.88779071094828,171.20074837456252,170.41010393619658,170.64894104003906,57890100.0
2014-12-01,169.9900368035851,170.1053396238495,169.14997878468662,169.4629364013672,103968400.0
2014-12-02,169.5041486186971,170.7642484367272,169.47944176478018,170.558349609375,74507200.0
2014-12-03,170.73133634766663,171.43138492782614,170.56661977392727,171.21725463867188,68952000.0
2014-12-04,170.92902253281642,171.5302563593939,170.23720525609116,171.02786254882812,91316600.0
2014-12-05,171.20080514258456,171.69496750572134,170.93726109809694,171.30787658691406,91025500.0
2014-12-08,170.9124843130951,171.40663390699493,169.60295835665593,170.1630096435547,108588200.0
2014-12-09,168.31817426522332,170.1548009069909,167.9393274494177,170.0477294921875,125180100.0
2014-12-10,169.58652730420354,169.6441724457895,167.13220402941477,167.32164001464844,159856400.0
2014-12-11,167.91463982072247,169.81714324797602,167.77463010606192,168.16995239257812,159012800.0
2014-12-12,166.8933948137371,167.86524405722682,165.41916437001277,165.4521026611328,202330200.0
2014-12-15,166.34978752888287,166.80276749093596,163.71428488657548,164.3155059814453,189965800.0
2014-12-16,163.54953370755393,166.69566078634762,162.95654416767545,162.9977264404297,259543800.0
2014-12-17,163.4342614875855,166.6462782908317,163.31071464618827,166.19329833984375,253910100.0
2014-12-18,168.6229559494232,175.40114374758215,167.9476015721637,170.30308532714844,257633900.0
2014-12-19,170.9531829075774,171.6985175740452,170.27411369032305,171.02772521972656,245084600.0
2014-12-22,171.21817525344653,171.81443786621094,170.97801989050862,171.81443786621094,148318900.0
2014-12-23,172.39412816416552,172.44381460744134,171.7564559904556,172.0463104248047,122167900.0
2014-12-24,172.2698709151854,172.5348694281806,172.02142612170877,172.06283569335938,42963400.0
2014-12-26,172.5100439287653,172.95724713023515,172.46035749225274,172.61770629882812,57326700.0
2014-12-29,172.4354474964431,173.05655298517686,172.36919472794068,172.84951782226562,79643900.0
2014-12-30,172.42720926279756,172.55970219305735,171.84750056765225,171.9220428466797,73540800.0
2014-12-31,172.2450814039278,172.41070710574377,170.09190937102704,170.21612548828125,130333800.0
2015-01-02,170.91174406115695,171.3258145622169,169.08982374735015,170.125,121465900.0
2015-01-05,169.0815244457335,169.24715009688967,166.7461737006491,167.05258178710938,169632600.0
2015-01-06,167.3589967812379,167.8807296085199,164.68410512720072,165.4791259765625,209151400.0
2015-01-07,166.80412338441016,167.88070898373894,166.35693289912726,167.54116821289062,125346700.0
2015-01-08,168.94902014003745,170.72953065352303,168.93246642029644,170.5142059326172,147217800.0
2015-01-09,170.92832553753288,170.94489189846533,168.53499815824603,169.1478271484375,158567300.0
2015-01-12,169.2803208086118,169.43766963528094,167.21824497501035,167.82278442382812,144396100.0
2015-01-13,169.04015605583254,170.16642844907784,166.0505662011731,167.3507537841797,214553300.0
2015-01-14,165.33836728251805,166.53918199916947,164.44398600526128,166.34042358398438,192991100.0
2015-01-15,166.9780219398798,167.2927068292344,164.70063489819643,164.8165740966797,176613900.0
2015-01-16,164.60952919593936,167.13536083856405,164.4273372324435,166.97801208496094,211879600.0
2015-01-20,167.61579352397143,167.8808048046034,165.7690419691384,167.334228515625,130991100.0
2015-01-21,166.87036904434433,168.65915618197872,166.40661222416333,168.1788330078125,122942700.0
2015-01-22,168.93246232905992,170.8123330247463,167.55774543821306,170.67984008789062,174356000.0
2015-01-23,170.42316402997878,170.67989840459322,169.61158923007656,169.7440948486328,117516800.0
2015-01-26,169.52870916229736,170.23262126224506,168.81650756701595,170.1415252685547,92009700.0
2015-01-27,168.0877772385284,169.04013431955212,167.0691673621353,167.89730834960938,134044600.0
2015-01-28,169.08154787208375,169.18092074926022,165.55367173160218,165.744140625,168514300.0
2015-01-29,165.94287673441366,167.53290573788595,164.53502710249373,167.27618408203125,173585400.0
2015-01-30,166.10025605869643,167.4252741536056,164.9077309277775,165.1727294921875,197729700.0
2015-02-02,165.66964179128243,167.30935775192052,163.85601062679834,167.21826171875,163107000.0
2015-02-03,168.11259167452923,169.64465729362138,167.7399308212552,169.63636779785156,124212900.0
2015-02-04,168.87450876517812,170.08360016774822,168.534967927338,168.99044799804688,134306700.0
2015-02-05,169.65297323477577,170.84549834910774,169.57844357423738,170.69642639160156,97953200.0
2015-02-06,171.0607829977601,171.6239253830581,169.70263242153572,170.224365234375,125672000.0
2015-02-09,169.57840259053336,170.29888107447147,169.05666981999815,169.46246337890625,87219000.0
2015-02-10,170.4976268923668,171.52451336660693,169.50384785269193,171.26779174804688,96164200.0
2015-02-11,171.10220422257584,171.79783959611729,170.45625528479763,171.36720275878906,91087800.0
2015-02-12,172.16218325865665,173.07314315540543,171.40029527066008,173.01516723632812,97545900.0
2015-02-13,173.1394439618939,173.77710343007948,172.88270963873737,173.7274169921875,93670400.0
2015-02-17,173.41273145538702,174.1746323442568,173.1642992486139,174.00071716308594,76968200.0
2015-02-18,173.62806089167654,174.09181787204656,173.36304968207656,174.0172882080078,80652900.0
2015-02-19,173.42101732802976,174.2574352250173,173.2802348683247,173.89305114746094,91462500.0
2015-02-20,173.47897194148132,175.01103783545233,172.8578661957788,174.93650817871094,140896400.0
2015-02-23,174.68806526102213,174.9116668701172,174.30711483946868,174.9116668701172,74411100.0
2015-02-24,174.83711952076607,175.60729720252223,174.538988262736,175.40853881835938,72472300.0
2015-02-25,175.28434944784004,175.76467280547013,174.9199653395393,175.25950622558594,73061700.0
2015-02-26,175.1684294964771,175.3257783457082,174.44793806244164,175.052490234375,72697900.0
2015-02-27,174.95303844711958,175.21804959524584,174.40647506785652,174.45616149902344,108076000.0
2015-03-02,174.55562169255631,175.61564154254137,174.50593523653097,175.55767822265625,87491400.0
2015-03-03,175.1269973805194,175.60732072927564,173.97588177043423,174.83714294433594,110325800.0
2015-03-04,174.2408495827965,174.3153918714502,173.1311437504533,174.10006713867188,114497200.0
2015-03-05,174.42303554530858,174.57210748101213,173.7853761387244,174.29054260253906,76873000.0
2015-03-06,173.42932397896894,173.85996092972624,171.50804301696908,171.83929443359375,188128000.0
2015-03-09,172.03800928010045,172.90754718755318,171.88066047431653,172.55145263671875,89818900.0
2015-03-10,171.18501220122667,171.26781870995185,169.71090976336123,169.7523193359375,157121300.0
2015-03-11,170.0090843207296,170.18299951530028,169.27203923217897,169.3548583984375,110145700.0
2015-03-12,169.98420665550796,171.5742357613371,169.93452022039267,171.50799560546875,93993500.0
2015-03-13,171.23472289413294,172.19535687729632,169.42109203161417,170.45626831054688,162410900.0
2015-03-16,171.18505327392148,172.8247691226568,170.48112828051322,172.73367309570312,136099200.0
2015-03-17,171.99661322656053,172.60115264266457,171.4086275328932,172.22021484375,94510400.0
2015-03-18,171.74814392695924,174.96133472213626,171.11047188394753,174.29054260253906,228808500.0
2015-03-19,173.8764489875753,174.29879624903566,173.10627146794067,173.49549865722656,117917300.0
2015-03-20,174.4446784661776,175.5343837524502,174.26167316848532,175.02696228027344,177715100.0
2015-03-23,175.0352680996626,175.60923808051962,174.68589782714844,174.68589782714844,71784500.0
2015-03-24,174.56113747478216,175.0186380320636,173.6377971673957,173.704345703125,77805300.0
2015-03-25,173.9122982280771,174.14521174748526,171.1173233023442,171.15890502929688,159521700.0
2015-03-26,170.49347509533237,171.66635670565452,169.7947217212742,170.7513427734375,153067200.0
2015-03-27,170.63489714450185,171.3169975608882,170.4435653058631,171.14231872558594,118939000.0
2015-03-30,172.17372636961676,173.52962558919126,172.15709875805342,173.23016357421875,96180400.0
2015-03-31,172.40670500191888,173.1054584294269,171.65805602803505,171.71627807617188,126768700.0
2015-04-01,171.68294820101997,171.70790231162297,170.11908957478775,171.10897827148438,137303600.0
2015-04-02,171.0424658427631,172.1737656359064,170.85946053116376,171.72457885742188,86900900.0
2015-04-06,170.83447239619846,173.39653355555777,170.7013880356757,172.88079833984375,114368200.0
2015-04-07,172.90579199409237,173.65444087797837,172.39005666043033,172.42332458496094,81236300.0
2015-04-08,172.64788540538498,173.44644234245783,172.2569207428978,173.0055694580078,89351900.0
2015-04-09,172.83920477224896,174.0037722627483,172.34842366502664,173.77085876464844,85548900.0
2015-04-10,174.02042145731085,174.76075640541168,173.82078855893224,174.7191619873047,72722900.0
2015-04-13,174.57775688738096,175.2099616006904,173.87901633430343,173.92892456054688,74436600.0
2015-04-14,173.72926696373247,174.44464772149354,173.1053888386908,174.2616424560547,75099900.0
2015-04-15,174.72748944644854,175.55100054245278,174.6443006097776,175.0435791015625,99529300.0
2015-04-16,174.71084587168448,175.5010890339354,174.5112002831102,174.99366760253906,68934900.0
2015-04-17,173.8041451072998,174.04537241941927,172.19869198583558,172.98062133789062,191113200.0
2015-04-20,173.90401349624491,174.8939025378961,173.82083732952773,174.56117248535156,92189500.0
2015-04-21,175.24317828756102,175.40122941968153,174.0536569337379,174.35311889648438,72559800.0
2015-04-22,174.6941673433691,175.3929204040762,173.77082732409357,175.2099151611328,78264600.0
2015-04-23,174.81069939027384,176.29969608187733,174.69424261211802,175.65086364746094,102585900.0
2015-04-24,176.066721883852,176.3245894686071,175.60920873694826,176.0583953857422,61327400.0
2015-04-27,176.62411139539643,176.74888198105475,175.13511471141135,175.32644653320312,79358100.0
2015-04-28,175.30142909109583,175.93362098478943,174.12853523825083,175.8837127685547,86863500.0
2015-04-29,174.99370225288143,175.75899145469907,174.35319632844374,175.1600799560547,125684900.0
2015-04-30,174.58608461209516,174.97704931085852,172.70612345816878,173.40487670898438,161304900.0
2015-05-01,174.1868343187524,175.3264607625486,174.08701784212474,175.2848663330078,103399700.0
2015-05-04,175.70901475612013,176.3661734262182,175.6008845225943,175.7838897705078,70927200.0
2015-05-05,175.54267680425372,175.90037355030017,173.62944790457593,173.77085876464844,113326200.0
2015-05-06,174.31987760631245,174.62765344280064,171.99072989221568,173.05548095703125,135060200.0
2015-05-07,172.95574343189597,174.1702324124474,172.6230133321272,173.74598693847656,88244900.0
2015-05-08,175.417941256813,176.23313866284923,175.33475240824686,176.0334930419922,155877300.0
2015-05-11,175.99186793361127,176.25804933631173,175.11843601028733,175.19329833984375,75708100.0
2015-05-12,174.3614594152587,175.2099372218434,173.53793571832358,174.6692352294922,119727600.0
2015-05-13,175.0768389834663,175.70071710612524,174.46960116473812,174.7025146484375,94667900.0
2015-05-14,175.71736280365437,176.61574885099893,175.44285489811853,176.5242462158203,95934000.0
2015-05-15,176.71554565429688,176.85695649425244,176.23307842177277,176.71554565429688,76510100.0
2015-05-18,176.5492065999346,177.51412851366834,176.48265807263678,177.26458740234375,74549700.0
2015-05-19,177.38106661495368,177.65557456500738,176.9235533648642,177.2063751220703,72114600.0
2015-05-20,177.3061757537048,177.83023749274426,176.7654864018446,177.0815887451172,76857500.0
2015-05-21,176.94017446354965,177.80527994839312,176.77379679588046,177.59732055664062,64764600.0
2015-05-22,177.214677429024,177.63059623069003,177.1065471717183,177.173095703125,57433500.0
2015-05-26,176.68227916434677,177.1065244109385,174.85223921076997,175.26815795898438,124308600.0
2015-05-27,175.72564680730818,177.16472192302737,175.31804192103414,176.9318084716797,93214000.0
2015-05-28,176.62409580961238,176.84036903661448,176.04181197319468,176.73223876953125,74974600.0
2015-05-29,176.66569965442963,176.7072813863063,175.36803483753582,175.63421630859375,124919600.0
2015-06-01,176.29968873706432,176.6324187485515,175.20165685205126,175.99191284179688,93338800.0
2015-06-02,175.53436272853165,176.5076111354182,174.9104845682582,175.8171844482422,91531000.0
2015-06-03,176.34958381422064,176.90691352294607,175.79225410549518,176.2830352783203,87820900.0
2015-06-04,175.5759815578114,176.23312772649365,174.4779497504916,174.79405212402344,151882800.0
2015-06-05,174.64429253878083,175.16835426135324,173.83740909313252,174.49456787109375,121704700.0
2015-06-08,174.38644350417422,174.53618088064647,173.34664644724396,173.4215087890625,89063300.0
2015-06-09,173.39659118652344,173.9372933856817,172.7643990122124,173.39659118652344,105034700.0
2015-06-10,174.1618757856882,175.858832002378,174.1036537400769,175.47618103027344,134551300.0
2015-06-11,175.9170105686235,176.424432007937,175.68409705806988,176.0417938232422,73876400.0
2015-06-12,175.21826032451227,175.9170008174416,174.4196906948547,174.69419860839844,135382400.0
2015-06-15,173.55459196309474,174.22837837118564,172.84752494385896,173.945556640625,124384200.0
2015-06-16,173.795828110699,174.977048702538,173.6211493182285,174.89385986328125,85308200.0
2015-06-17,175.1766815185547,175.78393212058168,174.15352479896114,175.1766815185547,126708600.0
2015-06-18,175.77558042562677,177.46420953838458,175.20993701711987,176.99838256835938,165867900.0
2015-06-19,176.75599386561865,176.83122034648056,175.83651658427985,176.21266174316406,130478700.0
2015-06-22,177.13215398794233,177.7005488974588,176.90646177171635,177.1154327392578,70696000.0
2015-06-23,177.3243924337279,177.57516012975066,176.84794529040192,177.2407989501953,68476800.0
2015-06-24,176.97333157401434,177.34947675949232,175.92847675070024,175.95355224609375,92307300.0
2015-06-25,176.45506428180593,176.5804417421602,175.34333736656086,175.41856384277344,97107400.0
2015-06-26,175.77801604409242,176.02042951258704,174.83347592995116,175.38516235351562,104174800.0
2015-06-29,173.9056696624012,175.39354216983332,171.63206415011842,171.70729064941406,202621300.0
2015-06-30,173.2452980690375,173.29546181848747,171.5902514653302,172.06671142578125,182925100.0
2015-07-01,173.63811148954892,173.88887914188476,172.66012912455452,173.44586181640625,135979900.0
2015-07-02,173.92238937564107,174.08956362412331,172.86916737650563,173.287109375,104373700.0
2015-07-06,171.9997821025657,173.571234690276,171.7991654350704,172.7938690185547,117975400.0
2015-07-07,172.99453457998248,174.0059469390205,170.6122604041344,173.8805694580078,173820200.0
2015-07-08,172.54313779167816,172.82733523135315,170.72927142023497,170.96331787109375,164020100.0
2015-07-09,173.0614046397183,173.32053937393576,171.16395728673342,171.27261352539062,144113100.0
2015-07-10,173.27033349229785,173.8470953091017,171.3143686171512,173.4291534423828,129456900.0
2015-07-13,174.6913649093545,175.45200949545605,174.64956816725388,175.34335327148438,106069400.0
2015-07-14,175.30153217196556,176.41325903358256,175.24301419024053,176.10397338867188,81709600.0
2015-07-15,176.14580369154305,176.60554236922965,175.56904178267948,176.04550170898438,97914100.0
2015-07-16,177.0987236791023,177.45816040039062,176.8563229520847,177.45816040039062,106683300.0
2015-07-17,177.44973109415943,177.6670690019798,177.04015627632327,177.60855102539062,89030000.0
2015-07-20,177.834306013265,178.1937299807778,177.38293430331788,177.7005615234375,70446800.0
2015-07-21,177.5667926991554,177.82592739564956,176.69747914356392,176.99839782714844,77965000.0
2015-07-22,176.31296470064828,177.01511678966472,176.27953496049258,176.68075561523438,88667900.0
2015-07-23,176.81449864335698,176.91480061758097,175.32662650435347,175.68605041503906,90509100.0
2015-07-24,175.78636585916124,175.84487109283845,173.52948214791607,173.86383056640625,117755000.0
2015-07-27,172.97782249320676,173.48771220062577,172.40941478849834,172.85243225097656,132361100.0
2015-07-28,173.6883175328786,175.11768467613908,172.86080059877006,174.9755859375,123544800.0
2015-07-29,175.10091734081814,176.40489389767507,174.95881863957842,176.17921447753906,105791300.0
2015-07-30,175.66935241801707,176.38821303691228,175.05079377933856,176.22103881835938,91304400.0
2015-07-31,176.72256386550384,176.74763936089735,175.66935479525043,175.95355224609375,103266900.0
2015-08-03,175.9201150310407,175.9786202662819,174.4071545973059,175.3600616455078,113965700.0
2015-08-04,175.28485598354138,175.7445946917955,174.53256555518115,175.0173797607422,81820800.0
2015-08-05,175.91174338222967,176.63060396132454,175.30990602510028,175.5941162109375,85786800.0
2015-08-06,175.77794491479978,175.8866138570189,173.57121286808126,174.15634155273438,116030800.0
2015-08-07,173.99757795629148,174.1480309207651,172.91928069259777,173.82203674316406,117858000.0
2015-08-10,174.93371172397278,176.09558937087436,174.93371172397278,176.0120086669922,80270700.0
2015-08-11,174.67462631570467,175.09256818605766,173.66320137743796,174.42385864257812,126081400.0
2015-08-12,173.119910497788,174.8167537499092,171.65711371116103,174.6328582763672,172123700.0
2015-08-13,174.47403258091833,175.15946346067116,173.87219518806353,174.41552734375,89383300.0
2015-08-14,174.2232365220622,175.12599246443173,174.0811378211207,175.05076599121094,72786500.0
2015-08-17,174.45737046858608,176.02882385253906,173.9976316775711,176.02882385253906,79072600.0
2015-08-18,175.75292156352995,176.1039912257194,175.28482868061067,175.5188751220703,71692700.0
2015-08-19,174.77495378843668,175.543965411561,173.32052403028706,174.13133239746094,172946000.0
2015-08-20,172.6183941900729,174.10626663748775,170.43673651645807,170.49525451660156,194327900.0
2015-08-21,168.6228727378114,170.47018195684026,165.10380830321083,165.36293029785156,346588500.0
2015-08-24,156.71984170991092,165.07031182748682,152.46518392356649,158.39996337890625,507244300.0
2015-08-25,163.35676717483423,163.37348842234678,156.2434005299375,156.5359649658203,369833100.0
2015-08-26,160.55656714024025,162.82180517053467,157.4554325277485,162.5459747314453,339257000.0
2015-08-27,164.68586565532422,166.69198210968912,163.17291768909226,166.5666046142578,274143900.0
2015-08-28,165.92290192031953,167.04298293263898,165.43808788038152,166.57489013671875,160414400.0
2015-08-31,165.59693213032023,166.44953713642272,164.67745489289854,165.22914123535156,163298800.0
2015-09-01,161.42590578259393,162.80512196514383,159.42814363445524,160.29747009277344,256000400.0
2015-09-02,162.6797172217289,163.38186937689952,160.84077523011493,163.34007263183594,160269300.0
2015-09-03,164.0505320581229,165.54677103907727,162.9638934406019,163.45706176757812,152087800.0
2015-09-04,161.20018706006013,162.04442505995004,160.16368661345783,160.98284912109375,207081000.0
2015-09-08,163.78313580025795,165.17906074402916,163.13950145937872,165.02859497070312,116025700.0
2015-09-09,166.60837339724293,166.73375087162827,162.4540296849394,162.82180786132812,149347700.0
2015-09-10,162.62960340291133,164.85305810093504,162.37048138069403,163.70790100097656,158611100.0
2015-09-11,163.3149646032064,164.51863919563894,162.60445834238698,164.45176696777344,119691200.0
2015-09-14,164.6273620807501,164.67751308331736,163.3568147458726,163.8416290283203,79452000.0
2015-09-15,164.34313603207536,166.33254381905883,163.7998165924826,165.8895263671875,113806200.0
2015-09-16,166.1904803932473,167.51953303122775,165.8477648562851,167.3272705078125,99581600.0
2015-09-17,167.19347850406095,169.59246088923587,166.57491991056307,166.95106506347656,276046600.0
2015-09-18,164.44132249149104,166.93679233260318,163.81115036110563,164.2228546142578,223657500.0
2015-09-21,165.0546487330284,166.09652487853594,164.02117026515552,165.0714569091797,105726200.0
2015-09-22,162.90367292897145,163.39100749780152,161.79456401627905,162.9288787841797,153890900.0
2015-09-23,163.09700011323812,163.56752673005434,162.0887269599336,162.66848754882812,92790600.0
2015-09-24,161.4501499196142,162.54245121687745,160.1141876230847,162.080322265625,159378800.0
2015-09-25,163.5423204529536,163.8448036802758,161.16446868667677,162.03831481933594,155054800.0
2015-09-28,161.1392111367556,161.2484450735252,157.66066154868136,157.97154235839844,178515900.0
2015-09-29,158.19002222857446,159.42516070258506,157.06410487873185,158.06398010253906,159045600.0
2015-09-30,159.95447105725466,161.1812116552828,159.17306384836056,161.01316833496094,163452000.0
2015-10-01,161.39128979229656,161.73578697688947,159.4923756684693,161.4333038330078,131079000.0
2015-10-02,159.4503602620859,163.86996294011195,158.90420337928794,163.84475708007812,211003300.0
2015-10-05,165.0715190328975,166.98724156689823,164.96228507812722,166.7603759765625,126320800.0
2015-10-06,166.62594891053877,167.18890126817698,165.52525006046352,166.18902587890625,110274500.0
2015-10-07,167.12161520029284,167.90303517487249,165.92849104313925,167.55014038085938,124307300.0
2015-10-08,167.16367967248007,169.34828180417875,166.8611964976431,169.06260681152344,153055200.0
2015-10-09,169.2054814614627,169.64239172702867,168.5332950563522,169.16346740722656,107069200.0
2015-10-12,169.23898524672592,169.52466013370486,168.81047291625748,169.32301330566406,56395600.0
2015-10-13,168.59208345430648,169.86083850123862,168.0879533289991,168.25599670410156,88038700.0
2015-10-14,168.19708329675498,168.77684352434247,167.15520724335673,167.44927978515625,99106200.0
2015-10-15,168.11312219642502,170.02884445694005,167.74341916003004,170.02044677734375,134142200.0
2015-10-16,170.4237387677061,170.81023713021614,169.65912690067984,170.79344177246094,114580100.0
2015-10-19,170.14647635033947,170.87747192382812,169.8355955332714,170.87747192382812,76523900.0
2015-10-20,170.4405110716624,171.27232983639405,170.18843972866935,170.65896606445312,78448500.0
2015-10-21,171.07909503129787,171.2303301572377,169.43223989717623,169.6002960205078,102038000.0
2015-10-22,170.54980785192444,172.6755878044173,169.60035708185666,172.4655303955078,174911700.0
2015-10-23,174.13757825267706,174.7257363870614,173.3393627259493,174.3560333251953,144442300.0
2015-10-26,174.17959218678527,174.2384015897442,173.5578176903174,173.92752075195312,69033000.0
2015-10-27,173.25536160904352,173.92754793334998,172.91086435496442,173.59146118164062,77905800.0
2015-10-28,173.92750355326413,175.5911543452303,173.2637279006993,175.56594848632812,135906700.0
2015-10-29,175.0618423075851,175.83485200116365,174.94421067640764,175.46514892578125,90525500.0
2015-10-30,175.65835614604768,175.97764742042747,174.54926000595893,174.70889282226562,131076900.0
2015-11-02,175.03661055814953,176.96912809584242,174.91056844424497,176.77587890625,86270800.0
2015-11-03,176.42297110123278,177.84296086237885,176.1961055695823,177.2884063720703,95246100.0
2015-11-04,177.58247251428708,177.7085017843629,176.2128946153471,176.75064086914062,96224500.0
2015-11-05,176.809481976939,177.2716107515993,175.68357755931885,176.57421875,78408700.0
2015-11-06,176.22978338559173,176.71711815422435,175.15429038615696,176.48184204101562,110471500.0
2015-11-09,175.86843966243862,176.01968764365785,173.885497472452,174.8349609375,131008700.0
2015-11-10,174.35602243429958,175.27188235158212,174.087155655755,175.23826599121094,75874600.0
2015-11-11,175.50714703296265,175.55755875304874,174.48206598826206,174.54928588867188,67846000.0
2015-11-12,173.5073939278004,173.9779204023647,172.0958145041074,172.11260986328125,121315200.0
2015-11-13,171.70087966477533,171.9697464006647,170.09603846510834,170.1800537109375,153577100.0
2015-11-16,169.99524294799596,172.8268123328359,169.8775985069335,172.7679901123047,117645200.0
2015-11-17,173.0788754346867,173.96110613317177,172.14622019779057,172.64195251464844,121123700.0
2015-11-18,173.1209141875527,175.52397153745966,173.07891296109688,175.38113403320312,121342500.0
2015-11-19,175.2634619360227,175.64997313311568,174.9357729558091,175.2298583984375,88220500.0
2015-11-20,175.98608560962322,176.54903789817084,175.4903532269914,175.8684539794922,94011500.0
2015-11-23,175.92724764453766,176.43137762573497,175.20464979935923,175.66677856445312,64931200.0
2015-11-24,174.65850492161297,176.30536040976253,174.27200652498112,175.9020538330078,98874400.0
2015-11-25,176.0280967424105,176.22975645682286,175.61637963331742,175.87686157226562,51980100.0
2015-11-27,175.9692420244015,176.2801356293235,175.4903179198256,176.07847595214844,37317800.0
2015-11-30,176.238144917622,176.35577653965413,175.23826971990624,175.34750366210938,112822700.0
2015-12-01,175.97763978675954,177.13716041004395,175.70036255854447,177.01951599121094,97858400.0
2015-12-02,176.9691504800534,177.2884418239364,174.96100229166035,175.21307373046875,108441300.0
2015-12-03,175.46515344475668,175.73402025684985,172.0370150495846,172.75961303710938,166224200.0
2015-12-04,172.75960548838586,176.42300699189977,172.75960548838586,176.12892150878906,192913900.0
2015-12-07,175.80117591561162,176.22129057293958,174.09551143253063,175.06178283691406,102027100.0
2015-12-08,173.49903009390036,175.01143325121097,172.9024613838463,173.88552856445312,103372400.0
2015-12-09,173.24694565951123,175.33910918693573,171.55807593490235,172.53274536132812,162401500.0
2015-12-10,172.59995711815694,174.28881394212735,172.36469386369993,172.97805786132812,116128900.0
2015-12-11,170.86071854701925,171.52449438407166,169.3146861196413,169.62557983398438,211173300.0
2015-12-14,169.78521039920295,170.60863186087278,168.00391483485856,170.4825897216797,182385200.0
2015-12-15,171.99495481644678,173.17968134195252,170.45733348308715,172.27223205566406,154069600.0
2015-12-16,173.39813907732147,175.09540607378608,172.07898557171094,174.7929229736328,197017000.0
2015-12-17,175.10387856341336,175.1710984833756,172.11266263998257,172.1294708251953,173092500.0
2015-12-18,171.3873100077972,171.5225370211609,168.90233146446238,169.06292724609375,251393500.0
2015-12-21,170.23776439102394,170.6350234924526,169.12205468560254,170.45751953125,99094300.0
2015-12-22,171.3450398183421,172.30015391894648,170.3561221898982,172.0043182373047,111026200.0
2015-12-23,173.01013512652764,174.17655668304212,172.9171593082955,174.13429260253906,110987200.0
2015-12-24,173.8807555169008,174.39634644809036,173.62718388075706,173.84693908691406,48539600.0
2015-12-28,173.15382558359133,173.49191243890718,172.3762154986154,173.4496612548828,65899900.0
2015-12-29,174.54845073711917,175.6303441554267,174.51464721031633,175.3007049560547,92640700.0
2015-12-30,175.05559041300234,175.14011857409662,173.91452472416242,174.05821228027344,63317700.0
2015-12-31,173.38204524222868,174.02441544079304,172.31704711914062,172.31704711914062,114877900.0
2016-01-04,169.46017121139246,169.91658974704953,167.85422643642048,169.90814208984375,222353500.0
2016-01-05,170.22932965082862,170.65194468263027,169.08827680327653,170.19552612304688,110845800.0
2016-01-06,167.64294053081133,169.0967373830813,167.01747849014774,168.0486602783203,152112600.0
2016-01-07,165.0987695370902,166.8822052675258,163.62806476457075,164.01687622070312,213436100.0
2016-01-08,164.98042762412047,165.5382824581096,161.92914714371818,162.21652221679688,209817200.0
2016-01-11,163.13788406435606,163.47598389884607,160.44161043099166,162.37718200683594,187941300.0
2016-01-12,163.82244994957026,164.43946410713409,161.55722732479154,163.6872100830078,172330500.0
2016-01-13,164.35500199302726,164.7015494538692,159.22446162959957,159.6048126220703,221168900.0
2016-01-14,160.21341245423557,163.34920977222254,158.61592763821417,162.2250518798828,240795600.0
2016-01-15,157.86364208133338,159.5456418613754,156.80710437138185,158.74267578125,324846400.0
2016-01-19,160.55990909796947,160.68668844906233,157.38183579391037,158.95396423339844,195244400.0
2016-01-20,156.39292313915038,158.4806425014782,153.00355510783967,156.91696166992188,286547800.0
2016-01-21,157.3902832034348,159.6385851905549,156.06326591928874,157.79598999023438,195772900.0
2016-01-22,160.40775875907423,161.23608060151886,159.6470568686722,161.03323364257812,168319600.0
2016-01-25,160.52606112933478,160.7204603952066,158.40453872240943,158.59893798828125,130371700.0
2016-01-26,159.2582176264747,161.04165324722055,158.92013082234232,160.76272583007812,141036800.0
2016-01-27,160.23874959702297,161.91230185213396,158.10876579230634,159.01316833496094,185681700.0
2016-01-28,160.5599272369545,160.7627742216194,158.19328020408372,159.8414764404297,143798800.0
2016-01-29,160.6105973476098,163.8731854428178,160.49226567150114,163.73794555664062,210529300.0
2016-02-01,162.7321489123667,164.4648731839327,162.14893808414905,163.67880249023438,136061600.0
2016-02-02,162.2503440754742,162.25879173184157,160.20487628226638,160.7289276123047,182564900.0
2016-02-03,161.78548070059944,162.09821167988892,158.14254138972404,161.6925048828125,205054900.0
2016-02-04,161.19380605683648,162.9180694438936,160.55988360763843,161.94606018066406,139531800.0
2016-02-05,161.4305301323109,162.00528051180856,158.2271002615545,158.86102294921875,180788300.0
2016-02-08,157.01838510563053,157.31420787559784,154.50805090359978,156.72254943847656,191526700.0
2016-02-09,154.9814134783294,158.00733921014103,154.84617354795813,156.7310333251953,184513100.0
2016-02-10,157.559341187404,159.19062903955063,156.46898716953467,156.5957794189453,148214100.0
2016-02-11,154.11922316074063,155.6068360996528,153.0626857426202,154.55874633789062,219058900.0
2016-02-12,156.33376755034035,157.7621956092723,155.48853743639367,157.74530029296875,127632400.0
2016-02-16,159.55406772031768,160.43310122907792,158.5905060542674,160.40774536132812,120250700.0
2016-02-17,161.57418782603054,163.3998879239624,161.44739557364798,163.02798461914062,136009500.0
2016-02-18,163.29849670683265,163.35766902041428,162.04755943324454,162.36029052734375,102343000.0
2016-02-19,161.58263715473004,162.43631491530687,160.97407044912688,162.2841796875,114793000.0
2016-02-22,163.86473349035154,164.77758342418423,163.79711354371364,164.63389587402344,103640300.0
2016-02-23,163.97463734194952,164.24511716120486,162.43631238860692,162.55465698242188,111455300.0
2016-02-24,161.12624219738512,163.57740469524649,160.0189926642714,163.29847717285156,150812200.0
2016-02-25,163.74642645005426,165.28475144889893,162.98572450597618,165.2762908935547,110728300.0
2016-02-26,166.1468695024317,166.23983242237043,164.735324034117,164.8959197998047,129833700.0
2016-02-29,164.91286205285977,165.8595157337722,163.40835335404287,163.60275268554688,125918100.0
2016-03-01,164.82829867071416,167.53304500509748,164.354971931353,167.44851684570312,141799700.0
2016-03-02,167.13578995688582,168.2514868844862,166.72162260122636,168.20077514648438,102415000.0
2016-03-03,168.02327923672547,168.87696985804945,167.4485289821829,168.8600616455078,95172200.0
2016-03-04,169.05445926898167,170.18707734864023,168.22613742329827,169.40945434570312,129293600.0
2016-03-07,168.48814026472485,169.9503974086945,168.41207266223464,169.544677734375,100219000.0
2016-03-08,168.47130300471764,168.97843342659024,167.53309689248437,167.6936798095703,123974900.0
2016-03-09,168.50506444392124,168.8685071772735,167.71899378547243,168.52197265625,94801200.0
2016-03-10,169.01221930118146,169.95042524378096,166.8315240589992,168.65721130371094,156838700.0
2016-03-11,170.11100010344728,171.42110929799443,168.64030802842734,171.37884521484375,137964500.0
2016-03-14,170.8717282412068,171.61552199450793,170.54208900241045,171.1591033935547,73612000.0
2016-03-15,170.19553839216928,171.18445609021217,169.9335191171137,170.8801727294922,93169100.0
2016-03-16,170.39840264831153,172.27481460482147,170.35613856156,171.8690948486328,129303200.0
2016-03-17,171.78452733214831,173.466526557538,171.3872682524307,172.9593963623047,134278500.0
2016-03-18,173.4606796292937,173.97892972183823,173.14633567541978,173.63909912109375,138372400.0
2016-03-21,173.3758129325577,174.11495197933635,173.1464200352526,173.88555908203125,72926700.0
2016-03-22,173.1123941227446,174.36129202979052,172.9509829678459,173.7920684814453,97471900.0
2016-03-23,173.4097058980052,173.596616617055,172.47515230275633,172.64508056640625,81052500.0
2016-03-24,171.6170826624935,172.60260961481538,171.396194054714,172.56861877441406,84360900.0
2016-03-28,172.98493726222043,173.19733466011797,172.22031181527262,172.67059326171875,62408200.0
2016-03-29,172.2628052861513,174.37828833532797,171.95695247137525,174.26783752441406,92922900.0
2016-03-30,175.27032421900458,175.7545835143622,174.66710994321056,175.03244018554688,86365300.0
2016-03-31,174.9389443048884,175.36373897535995,174.44618093149683,174.60760498046875,94584100.0
2016-04-01,173.61364996615114,175.98399938293173,173.29929298068524,175.79708862304688,114423500.0
2016-04-04,175.7205771282654,175.92448325116527,174.92196101820605,175.22781372070312,63497000.0
2016-04-05,173.88549100305198,175.23633527129175,173.2228121935869,173.47769165039062,99662200.0
2016-04-06,173.47771784853052,175.43177669417892,173.29929831271116,175.37229919433594,91839800.0
2016-04-07,174.28477140875094,174.64159740604313,172.5431105219133,173.2737579345703,113859000.0
2016-04-08,174.45471044132043,174.88800939705797,173.20581279897235,173.74105834960938,95040600.0
2016-04-11,174.37821269788202,175.07488218190852,173.23976608924343,173.33322143554688,83757500.0
2016-04-12,173.50316446745788,175.22783007301945,173.0613743084662,174.9474639892578,115350600.0
2016-04-13,175.8650557444646,176.7996095353536,175.72911829056997,176.7146453857422,96336400.0
2016-04-14,176.77405448556934,177.2243357841263,176.3747464715729,176.7230682373047,65212900.0
2016-04-15,176.72314247264745,176.85907993104766,176.20489225574252,176.52774047851562,75761600.0
2016-04-18,176.52770580484832,177.80209005868852,175.86502702994795,177.7681121826172,82531000.0
2016-04-19,178.1928871925741,178.58369106078013,177.51321307308314,178.3288116455078,88316100.0
2016-04-20,178.3713330792558,179.19543602443457,177.89556497971105,178.498779296875,81100300.0
2016-04-21,178.5157342471724,178.6261850260145,177.2668366964576,177.53871154785156,85695000.0
2016-04-22,177.18188552817682,177.81057343553908,176.63814878909537,177.53871154785156,99251700.0
2016-04-25,176.93545717274523,177.27530065986903,176.32375185962587,177.23281860351562,66166500.0
2016-04-26,177.59819293499154,178.0060052508106,177.02047826647606,177.49624633789062,75864200.0
2016-04-27,177.11389894585156,178.25234560286344,176.75707296217792,177.86154174804688,77329400.0
2016-04-28,177.10542335757836,178.20987927726677,175.8310391760552,176.24732971191406,97216200.0
2016-04-29,175.62710041549644,175.97543513836212,174.19129243017042,175.29576110839844,142424100.0
2016-05-02,175.79706110583365,176.86753922912456,175.36377511958173,176.6891326904297,62188000.0
2016-05-03,175.4572046279648,175.69508862030605,174.40370911637817,175.15135192871094,106422100.0
2016-05-04,174.15734920959673,174.88799666851617,173.67307699165534,174.17433166503906,92243800.0
2016-05-05,174.6415743998323,174.9984003501184,173.7155251743014,174.14031982421875,67619200.0
2016-05-06,173.36723565628523,174.82003944185675,173.21431576501837,174.77755737304688,89315000.0
2016-05-09,174.65011991237895,175.35526779002257,174.47170041316932,174.92198181152344,74374900.0
2016-05-10,175.62713766324902,177.1139192474971,175.55916894946716,177.096923828125,77472200.0
2016-05-11,176.63812490066258,177.17335737593692,175.44020080566406,175.44020080566406,81727000.0
2016-05-12,176.1113923507691,176.2813206126645,174.48018215348213,175.49119567871094,89586300.0
2016-05-13,175.19384438205137,175.74607233337468,173.63909414893814,173.96192932128906,96474600.0
2016-05-16,174.131869695222,176.15388389072794,174.07239220761835,175.67811584472656,77486800.0
2016-05-17,175.40626130233449,175.69511863327767,173.51166730323104,174.03842163085938,114924900.0
2016-05-18,173.6900778878326,175.27031486213005,173.00191247323167,174.08938598632812,120062100.0
2016-05-19,173.36720302747358,173.77500229114204,172.27972968188774,173.48614501953125,115430500.0
2016-05-20,174.0978962928205,175.1004187447686,174.0469229918874,174.58216857910156,104990400.0
2016-05-23,174.59913528049358,174.8795013740327,174.15735806980203,174.34426879882812,58682600.0
2016-05-24,175.15982674021586,176.9184828370356,175.13434009797535,176.6041259765625,93537800.0
2016-05-25,177.28382816638836,178.21838174260373,176.60415401675047,177.8020782470703,76621400.0
2016-05-26,177.93803726052116,178.16743006864576,177.53872913529634,177.8530731201172,55280700.0
2016-05-27,178.01444641062378,178.6261517485952,177.96347312641018,178.61766052246094,64211200.0
2016-05-31,178.88956804301242,179.00001882948405,177.71713035187463,178.27786254882812,109879400.0
2016-06-01,177.6661679449455,178.82161028659505,177.47076597234752,178.64320373535156,69936200.0
2016-06-02,178.2438905040564,179.20391788196574,177.76812242939198,179.1869354248047,63044700.0
2016-06-03,178.6262009729401,179.00002244512663,177.4452720296459,178.6516876220703,101757100.0
2016-06-06,179.00848907654503,179.9175559829688,178.84706501176282,179.56072998046875,64887000.0
2016-06-07,179.713707478069,180.401873058096,179.68822082426874,179.8411407470703,60974800.0
2016-06-08,179.97704097875845,180.55476859404237,179.84960773611868,180.4273223876953,66170900.0
2016-06-09,179.69665127608295,180.2998654606559,179.42478940626114,180.1809234619141,73786900.0
2016-06-10,178.80463655132135,179.14446721273947,177.9295473189376,178.47329711914062,113829200.0
2016-06-13,177.8700533632236,178.72813406776956,177.01197265867765,177.096923828125,117751200.0
2016-06-14,176.71463357084795,177.34333453029458,175.7970752639697,176.7486114501953,125059300.0
2016-06-15,176.74857248677887,177.87003671364448,176.3152865611474,176.502197265625,109124500.0
2016-06-16,176.5022502631861,177.19892000064414,174.66713350295012,177.02899169921875,149533100.0
2016-06-17,176.92480509140793,176.95042428447155,175.71211550560253,176.3697052001953,117055700.0
2016-06-20,178.33391227724638,179.00857269505818,177.42011769051902,177.50552368164062,82789600.0
2016-06-21,177.88980833850454,178.419288947969,177.44572068124083,178.00936889648438,72461700.0
2016-06-22,178.18870321431743,178.91461497918837,177.57381662154108,177.71900939941406,95560500.0
2016-06-23,179.17936322509908,180.08460935149466,178.71820477564012,180.0333709716797,102731400.0
2016-06-24,173.90158969879573,180.06752624940424,173.12443957515055,173.5685272216797,333444400.0
2016-06-27,172.15935105347774,172.16789946751368,169.648567177279,170.4598846435547,230775800.0
2016-06-28,172.06546850005265,173.55998198159097,171.75802520546267,173.53436279296875,159382400.0
2016-06-29,174.93495733745567,176.71983053966585,174.8324805698264,176.4892578125,137328600.0
2016-06-30,176.95893395597878,178.94876034756433,176.40382115518798,178.89752197265625,165021900.0
2016-07-01,178.89756514031532,179.7601214298107,178.7353015598706,179.27333068847656,106055300.0
2016-07-05,178.4449231161789,178.55594829759565,177.3859618083562,177.9837646484375,109803700.0
2016-07-06,177.48838839477244,179.17078428909844,176.8307989410261,179.0512237548828,96021500.0
2016-07-07,179.23057552857622,179.89670043150437,178.1716144168044,178.94021606445312,85593800.0
2016-07-08,180.2383317956827,181.85240586419408,180.00774606271716,181.604736328125,133971000.0
2016-07-11,182.06590493697192,182.8174358882521,181.8609383963164,182.2452392578125,73633900.0
2016-07-12,183.2102423357317,183.8678318111423,182.27082879943083,183.5689239501953,101275600.0
2016-07-13,183.98739202620555,183.99592741065825,183.05652690712836,183.54330444335935,87324100.0
2016-07-14,184.80726687297488,185.03785260793288,184.1753094950419,184.56814575195312,91230900.0
2016-07-15,185.13181569367885,185.32823384517283,183.87642314550487,184.3205108642578,107155400.0
2016-07-18,184.44007613637592,184.9781052510467,184.1838711755267,184.8158416748047,58725900.0
2016-07-19,184.3972982369181,184.66203847751407,184.1496417950729,184.6278839111328,54345700.0
2016-07-20,184.6278980357667,185.63562071011253,184.6278980357667,185.39649963378903,58159500.0
2016-07-21,185.28552597358495,185.50756329594216,184.2521708690835,184.69625854492188,67777300.0
2016-07-22,184.81581496856785,185.57588132287665,184.55107465869187,185.52464294433597,62787500.0
2016-07-25,185.31964455929952,185.37088292903692,184.44001779581652,185.02073669433597,55873100.0
2016-07-26,184.9183031594039,185.4648676161722,184.26071352151683,185.10618591308597,70080500.0
2016-07-27,185.4819125315626,185.55023470322453,184.1411143460512,184.90972900390625,84083900.0
2016-07-28,184.713312177542,185.4136047179644,184.2521537720152,185.1232452392578,65035700.0
2016-07-29,184.8584992613584,185.78081604403943,184.5766751767694,185.4221343994141,79519400.0
2016-08-01,185.48193454229607,185.87477078706675,184.8158095784472,185.2684326171875,73311400.0
2016-08-02,185.02076050196183,185.1744886620766,183.24443597726173,184.08135986328125,92295500.0
2016-08-03,184.0216123797757,184.67920208910888,183.722717443625,184.61941528320312,53993600.0
2016-08-04,184.73043567747973,185.13182040888088,182.97118159404107,184.8158416748047,46585500.0
2016-08-05,184.8158386108908,186.3701260936577,184.8158386108908,186.32742309570312,71892200.0
2016-08-08,186.5152644860316,186.61775426461165,185.9516293438926,186.21636962890625,39906500.0
2016-08-09,186.284733128874,186.82274920349985,186.00290897972457,186.32742309570312,51251700.0
2016-08-10,186.4383944577452,186.51525201319865,185.5160646989387,185.8662109375,57941100.0
2016-08-11,186.39572778023904,186.97645982940347,186.1309874613605,186.72879028320312,72504300.0
2016-08-12,186.4213660374062,186.78006079832292,186.16517410978776,186.56655883789065,61313500.0
2016-08-15,186.93372379061915,187.45466894994817,186.92518840578887,187.10452270507807,49813500.0
2016-08-16,186.68606017363055,186.754369311902,186.13949584960935,186.13949584960935,53213600.0
2016-08-17,186.1736454007436,186.62626835854013,185.33672165270184,186.4896240234375,75134300.0
2016-08-18,186.46403917575557,186.9422814055592,186.35302703527333,186.9081268310547,52989300.0
2016-08-19,186.43846951969988,186.81423509469928,185.9516917747248,186.6348876953125,75443000.0
2016-08-22,186.3957112750905,186.85688271905013,186.0284942281625,186.6262969970703,61368800.0
2016-08-23,187.24121159746008,187.54011954222076,186.94230365269945,187.0020904541016,53399200.0
2016-08-24,186.8569286673957,186.95087005640465,185.627155222598,186.04562377929688,71728900.0
2016-08-25,185.66129078093684,186.33596424136024,185.50757563165044,185.91749572753903,69224800.0
2016-08-26,186.10539669109303,187.13020354662345,184.6792050872182,185.5673675537109,122506300.0
2016-08-29,185.6954241505889,186.7458499037358,185.66125654740875,186.48110961914065,70502200.0
2016-08-30,186.3956975672648,186.6775216442648,185.618560540398,186.1736602783203,58114500.0
2016-08-31,185.8406136763452,185.9601742315293,184.86704543238255,185.64419555664065,85269500.0
2016-09-01,185.63567193253297,185.94311526279895,184.49130460420253,185.6527557373047,97844200.0
2016-09-02,186.5067078231056,186.9166277972924,185.91744053020645,186.4896240234375,79293900.0
2016-09-06,186.77147485531145,187.1301565130392,186.054111539856,187.0532989501953,56702100.0
2016-09-07,186.89107511177937,187.21560226533907,186.42991660562276,187.0362548828125,76554900.0
2016-09-08,186.70322484854017,186.97651366356723,186.30184004592417,186.6092834472656,74102900.0
2016-09-09,185.29402068317268,185.34525905161283,182.1171115286705,182.14273071289065,221589100.0
2016-09-12,181.38271431036316,185.1574271849525,181.31439212331009,184.75604248046875,168110900.0
2016-09-13,183.47503549824137,183.73977583540795,181.47666034241144,182.1000823974609,182828800.0
2016-09-14,182.1512988394755,183.35545283875425,181.4766384818725,182.03173828125,134185500.0
2016-09-15,181.8694780367378,184.23506988591947,181.6901306934286,183.85076904296875,134427900.0
2016-09-16,183.23446105020312,183.41471431890517,182.453398477684,183.1400451660156,155236400.0
2016-09-19,183.79243115282688,184.4361724325231,182.84827203715915,183.1744384765625,80250500.0
2016-09-20,184.0327111171964,184.18720269659795,183.148641043208,183.18296813964844,69665300.0
2016-09-21,183.8868160593742,185.42320589187503,183.20015619075212,185.2429656982422,110284400.0
2016-09-22,186.2558172115324,186.71072668507645,186.00690967008305,186.41030883789065,76678700.0
2016-09-23,186.01548721421128,186.15282183490007,185.2945001010202,185.388916015625,73630900.0
2016-09-26,184.55630005202167,184.7365402400121,183.6893869199581,183.8868103027344,89827300.0
2016-09-27,183.7237440860908,185.1227994109097,183.35465898167763,185.0283966064453,78494800.0
2016-09-28,185.2515541956856,186.1012973023667,184.2902381859078,185.94679260253903,87411000.0
2016-09-29,185.74079483696008,186.14420704939064,183.71515527343917,184.2644805908203,128070600.0
2016-09-30,185.0970361399101,186.35876986017536,184.8481286542488,185.6549530029297,117202900.0
2016-10-03,185.24295835945435,185.431777046321,184.57345551878453,185.2086181640625,83512100.0
2016-10-04,185.3202256217932,185.5433845299032,183.6722496696497,184.2644805908203,119948100.0
2016-10-05,184.89107845869023,185.50907112348864,184.82241115182936,185.0799102783203,72816000.0
2016-10-06,184.85670319450523,185.431777046321,184.3159695380813,185.2086181640625,62927400.0
2016-10-07,185.483272298604,185.6549339708018,183.8438751706804,184.5734405517578,89788300.0
2016-10-10,185.5348052978516,185.9982932119312,185.3888921934756,185.5348052978516,51855000.0
2016-10-11,185.10565612623503,185.17432343207392,182.46202378771093,183.19158935546875,130367400.0
2016-10-12,183.32892303528277,183.95550728652148,182.83109489319347,183.4319305419922,73866100.0
2016-10-13,182.10153487758865,183.3289286211248,181.28613188259507,182.8311004638672,101357000.0
2016-10-14,183.80956151455825,184.2730625030485,182.8482455339088,182.9254913330078,93346200.0
2016-10-17,182.899683996243,183.15718300749364,182.1100299661664,182.290283203125,58275700.0
2016-10-18,183.88683998103164,183.9469156877419,183.0542669102728,183.4319305419922,76869700.0
2016-10-19,183.6980141682805,184.2301694320305,183.33752062539023,183.92117309570312,66519200.0
2016-10-20,183.5692282265545,184.13572360059567,182.91690855450392,183.57781982421875,73639800.0
2016-10-21,183.57784146335865,183.74950317655933,182.61651229492608,183.6636657714844,89089100.0
2016-10-24,184.53917910143065,184.81384835221095,184.09284811738797,184.44476318359372,60146600.0
2016-10-25,184.26446045843156,184.5219595377776,183.6636380045888,183.82672119140625,66542300.0
2016-10-26,183.0027779184741,184.0413398553633,182.76243578999856,183.4576873779297,75705500.0
2016-10-27,184.17866626831315,184.21299337259487,182.89118375808377,182.9684295654297,77220200.0
2016-10-28,182.94265625436947,183.6207245221846,181.71526271359411,182.4276580810547,140623200.0
2016-10-31,182.76238677756908,182.9855587448149,182.273150343504,182.4362335205078,61272500.0
2016-11-01,182.762401464534,182.81391175900075,179.90420222663425,181.1144256591797,122781800.0
2016-11-02,180.80544627520823,181.1917014865972,179.58663113120068,180.02438354492188,103330800.0
2016-11-03,180.2389072507181,180.45348759089603,178.92567661658504,179.20033264160156,88939300.0
2016-11-04,179.31197176920767,180.15312328493232,178.85706236092147,179.0029754638672,109122100.0
2016-11-07,179.0029467138762,182.98555784474985,179.0029467138762,182.9512176513672,109794900.0
2016-11-08,182.5564380960772,184.34174874139197,182.29036047387703,183.77525329589844,106772100.0
2016-11-09,182.28170987134976,186.3415794862753,182.25596127733925,185.7235870361328,258429000.0
2016-11-10,186.51323907033756,187.380138951919,184.7279290227816,186.18707275390625,172113300.0
2016-11-11,185.46615411256928,185.99830937441175,184.81383433686068,185.7579803466797,100552700.0
2016-11-14,186.2815485129806,186.4875504259405,185.157149235758,185.9038848876953,94580000.0
2016-11-15,186.290077346994,187.3544006347656,186.08408858590283,187.3544006347656,91652600.0
2016-11-16,186.73645534404272,187.2342834707186,186.61629083739328,187.0025329589844,65617700.0
2016-11-17,187.1570123357797,188.0239123666414,187.04542634579707,187.96383666992188,69797200.0
2016-11-18,188.0325388341963,188.20420055273277,187.36303586708976,187.5432891845703,86265800.0
2016-11-21,188.11835163659336,188.9852517751859,187.9724385299163,188.95950317382807,72402600.0
2016-11-22,189.2685244721837,189.50885351454775,188.5990345546052,189.32861328125,67429000.0
2016-11-23,188.813556555466,189.4830462658412,188.61614628111087,189.4315490722656,56620200.0
2016-11-25,189.7749586795679,190.16977938047523,189.697699762476,190.1354522705078,37872300.0
2016-11-28,189.82643290837132,190.1010890457094,189.13977291960137,189.2427673339844,76572500.0
2016-11-29,189.277117221794,190.06677166535252,188.9766993685383,189.6118621826172,69886700.0
2016-11-30,190.22983874900223,190.3929219642453,189.0968478411764,189.1569366455078,113291800.0
2016-12-01,189.45732831036057,189.45732831036057,188.10117857343675,188.4616851806641,79040500.0
2016-12-02,188.5474822909184,189.04531033243995,188.1955673327304,188.5560607910156,74840300.0
2016-12-05,189.3886843288204,190.03242562578703,189.19127399823,189.6891021728516,67837800.0
2016-12-06,189.8778805688431,190.32421140962052,189.39722263121195,190.2898712158203,59877400.0
2016-12-07,190.1353903143872,192.83909791390192,190.0152258232298,192.77902221679688,110738100.0
2016-12-08,192.7532988608624,193.72319341759456,192.4872081484307,193.2511138916016,99714400.0
2016-12-09,193.47425021520783,194.43556609303977,193.4399100213158,194.41839599609372,88005800.0
2016-12-12,194.32404026579505,194.8047114504604,193.77471486598523,194.1952972412109,102016100.0
2016-12-13,194.85621379144956,195.98919172847613,194.839043688736,195.49136352539065,110477500.0
2016-12-14,195.1909011737838,195.89471801398045,193.43991792822192,193.87767028808597,142501800.0
2016-12-15,194.117999566894,195.53422484677,193.88624908760528,194.6759033203125,124972600.0
2016-12-16,195.1326462584023,195.1930892244848,193.9757194067393,194.295166015625,156420200.0
2016-12-19,194.47648568022888,195.14129244989357,194.32971255495227,194.71823120117188,90341100.0
2016-12-20,195.2535152040126,195.6161466451417,195.0204119300411,195.4693603515625,89838800.0
2016-12-21,195.33986456397216,195.5125380525151,194.92544555664065,194.92544555664065,67909000.0
2016-12-22,194.77865937651725,194.8995321278094,194.19155374585415,194.58871459960935,56219100.0
2016-12-23,194.6318680385307,194.8822557716593,194.4419364406924,194.8736267089844,36697800.0
2016-12-27,195.14127156618028,195.75426436649036,195.1240002667776,195.35711669921875,42672500.0
2016-12-28,195.6161623706865,195.63342049849544,193.6303842187624,193.74261474609372,64095000.0
2016-12-29,193.8116628865424,194.1656520751356,193.25909985948013,193.69943237304688,48696100.0
2016-12-30,194.0275397943176,194.11388313342871,192.30077840524552,192.99148559570312,108998300.0
2017-01-03,194.29519356381343,194.9772717176174,193.29368192997535,194.46788024902344,91366500.0
2017-01-04,194.79595036267492,195.77157477463183,194.7873212983205,195.6248016357422,78744400.0
2017-01-05,195.3571298332533,195.62477570835244,194.67505178947584,195.4693603515625,78379000.0
2017-01-06,195.5815955454964,196.63492087370184,195.0376615815804,196.168701171875,71559900.0
2017-01-09,195.90968255069856,196.04782659963823,195.486621341124,195.5211639404297,46939700.0
2017-01-10,195.5384220659409,196.3759022481929,195.1326321560192,195.5211639404297,63771900.0
2017-01-11,195.43482411158368,196.07373046875,194.77001739154568,196.07373046875,74650000.0
2017-01-12,195.5557494104421,195.77159460846687,194.22614878723348,195.58164978027344,72113200.0
2017-01-13,195.75427524526077,196.33273865305415,195.7197458186779,196.0305633544922,62717900.0
2017-01-17,195.3916749993,195.79746496331217,194.95135560552103,195.33987426757807,61240800.0
2017-01-18,195.59019920344295,195.81468654943316,195.0376362484626,195.77151489257807,54793300.0
2017-01-19,195.84924804240805,195.9873920973104,194.61462013384144,195.0463104248047,66608800.0
2017-01-20,195.72836633633,196.25502899418407,195.0981022291084,195.76290893554688,129168600.0
2017-01-23,195.76291406722495,195.82334385622627,194.4937435826371,195.2535095214844,75061600.0
2017-01-24,195.46941039248264,196.91989700590236,195.357179845442,196.50547790527344,95555300.0
2017-01-25,197.455133515812,198.20628356933597,197.2910890998224,198.20628356933597,84437700.0
2017-01-26,198.05954479401396,198.32720390092243,197.722826818256,197.9991149902344,59970700.0
2017-01-27,198.07678158622687,198.22355471171284,197.50694721141585,197.68826293945312,59711100.0
2017-01-30,196.99760269067824,197.02350306168475,195.47805717033015,196.4623107910156,79737300.0
2017-01-31,195.97008442231504,196.5053892421666,195.40026335635784,196.4449462890625,75880800.0
2017-02-01,196.4449887263935,197.36017006320677,195.9355973293586,196.52268981933597,79117700.0
2017-02-02,196.52269142412757,196.9371236048232,195.83199747125343,196.65220642089844,69657600.0
2017-02-03,197.5587115846424,198.1889755946884,197.2478941103209,198.00765991210935,80563200.0
2017-02-06,197.60193156698531,197.9990924755064,197.31701436233536,197.6537322998047,57790100.0
2017-02-07,198.0422583695369,198.2840038984072,197.47242397685267,197.6623687744141,57931200.0
2017-02-08,197.6623698866049,198.05088854775087,197.1184358565145,197.92138671875,51566200.0
2017-02-09,197.92138285613615,199.3977563745068,197.92138285613615,199.0955810546875,65955200.0
2017-02-10,199.44092147507035,200.10572823541384,199.1128326266152,199.88124084472656,66015900.0
2017-02-13,200.3733814586604,201.22813303898968,200.34748109326944,200.9691162109375,55182100.0
2017-02-14,200.78781075134617,201.7807064473189,200.44246374570403,201.7720642089844,71109000.0
2017-02-15,201.556207822924,203.0153232127471,201.50440709237407,202.82537841796875,86785800.0
2017-02-16,202.85128382436127,203.0325995599349,201.90157300101112,202.6527099609375,84722400.0
2017-02-17,201.9878689318468,202.9721221923828,201.97059763278023,202.9721221923828,77204100.0
2017-02-21,203.34338227454097,204.35353589466885,203.33474003795368,204.1808624267578,88946100.0
2017-02-22,203.77509853439167,204.22404697342083,203.61105410799365,203.99957275390625,62115200.0
2017-02-23,204.5176001420342,204.53485826860089,203.37793142979876,204.13771057128903,74615900.0
2017-02-24,203.2916327512732,204.43991753044463,203.2484610798872,204.39675903320312,82381600.0
2017-02-27,204.31036610677148,204.88882947535308,204.0599915521268,204.71615600585935,56515400.0
2017-02-28,204.3363087591375,204.57805430129,203.7751165736,204.16363525390625,96961900.0
2017-03-01,205.82132469295289,207.4876562956972,205.80405339018023,207.02142333984372,149158200.0
2017-03-02,206.8314523095236,206.84009454688623,205.66589641594808,205.7176971435547,70246000.0
2017-03-03,205.63130761067097,206.0111970932836,205.25141812805836,205.8471527099609,81974300.0
2017-03-06,205.05290667695087,205.5881984702343,204.62984541101,205.23422241210935,55391500.0
2017-03-07,204.9320486659343,205.28603792368855,204.41401496316493,204.6212310791016,65103700.0
2017-03-08,204.9147382708757,205.17375507284743,204.10315843929723,204.2413024902344,78168800.0
2017-03-09,204.3622068798244,204.8284398303821,203.5333687941676,204.50035095214844,90683900.0
2017-03-10,205.45866443820472,205.50183609925148,204.26719509884924,205.2169189453125,81991700.0
2017-03-13,205.1564817109755,205.3636977852985,204.82840606097443,205.32052612304688,57256800.0
2017-03-14,204.7765965790729,204.8284104793776,203.9218582491036,204.53485107421875,59880800.0
2017-03-15,205.1046806194753,206.72784026341827,204.87156418304605,206.3047790527344,96081800.0
2017-03-16,206.4429207705509,206.52062185710255,205.5709111706965,205.89898681640625,78344000.0
2017-03-17,206.1617540442583,206.35252518012385,205.53741455078125,205.53741455078125,89002100.0
2017-03-20,205.53746255403772,205.823619324668,204.92180275205763,205.31201171875,52537000.0
2017-03-21,205.91893806804308,206.04033666785944,202.54577708230124,202.67584228515625,131809300.0
2017-03-22,202.71056652408612,203.4389582356828,202.08622699087277,203.15280151367188,97569200.0
2017-03-23,203.152773542638,204.07193627568725,202.5631269710424,202.9359893798828,100410300.0
2017-03-24,203.2395042669833,203.8118044338847,202.00817173901973,202.78858947753903,112504900.0
2017-03-27,201.11498139327645,202.840587957192,200.8375045670048,202.5804443359375,87454500.0
2017-03-28,202.27699348014863,204.47951500442747,202.16426146852515,204.05462646484372,93483900.0
2017-03-29,203.7684163080479,204.47946137656947,203.5429523439323,204.24533081054688,61950400.0
2017-03-30,204.1846306168366,205.09512657877772,204.01120596490804,204.8956756591797,56737900.0
2017-03-31,204.55752452869268,205.0864783991589,204.36675341269145,204.41879272460935,73733100.0
2017-04-03,204.47084878902996,204.67028653720263,202.83196085683875,204.06329345703125,85546500.0
2017-04-04,203.7770917543247,204.28003254728003,203.3955495506031,204.1933135986328,56466200.0
2017-04-05,204.8697080740373,205.8495767604278,203.37823191994707,203.5863494873047,108800600.0
2017-04-06,203.72510777753564,204.67895025249732,203.2828595720796,204.1586761474609,69135800.0
2017-04-07,203.90720203952503,204.6442735716667,203.4649670591141,203.9505615234375,74412300.0
2017-04-10,204.0892763689293,204.8696940380048,203.54297606170348,204.07192993164065,67615300.0
2017-04-11,203.6903870451248,203.93318424056568,202.3376560329672,203.82913208007807,88045300.0
2017-04-12,203.55166222394791,203.7424333456889,202.7105386139413,202.9359893798828,81864400.0
2017-04-13,202.59780381684877,203.33487525261768,201.6179351806641,201.6179351806641,92880400.0
2017-04-17,202.13821059926505,203.40423583984372,201.93877288879145,203.40423583984372,68405400.0
2017-04-18,202.66719125687615,203.3348902229056,202.11222429628785,202.79725646972656,83225800.0
2017-04-19,203.36088659151088,203.73374899208096,202.1989134490105,202.42437744140625,68699900.0
2017-04-20,203.04003523197187,204.5141780780443,202.71919891513377,204.07192993164065,92572200.0
2017-04-21,203.9939137535945,204.0459398398568,203.0227248594819,203.42160034179688,110389800.0
2017-04-24,205.66748008040372,205.8669310518589,203.39558611710683,205.6588134765625,119209900.0
2017-04-25,206.30054742786092,207.20236400113632,206.21382844343896,206.8555145263672,76698300.0
2017-04-26,206.82078840698463,207.70527162641977,206.6820565782447,206.72540283203125,84702500.0
2017-04-27,207.0462306188551,207.20230887153625,206.3611852259836,206.89881896972656,57410300.0
2017-04-28,207.15892108292857,207.18493412148743,206.3177975523141,206.4478759765625,63532800.0
2017-05-01,206.9681396484375,207.39304130944703,206.551917820817,206.9681396484375,66882500.0
2017-05-02,207.10692681966847,207.22832542874272,206.6386788222267,207.04623413085935,57375700.0
2017-05-03,207.046261632606,207.14164721179543,206.11841888672157,206.79478454589844,73137700.0
2017-05-04,207.0982577994396,207.1762969261933,206.1877616262789,207.0375518798828,61462700.0
2017-05-05,207.41042618596828,207.87000757135223,206.96817800766829,207.8526611328125,62001300.0
2017-05-08,207.89607808824937,208.0434897779508,207.3931370832013,207.8180389404297,48385700.0
2017-05-09,208.07812731096175,208.2775650461545,207.2803499072789,207.6272125244141,51363200.0
2017-05-10,207.58383915389945,208.00006103515625,207.3757215975435,208.00006103515625,54293800.0
2017-05-11,207.54918226903493,207.73995340874976,206.49127439660043,207.5751953125,62358300.0
2017-05-12,207.32376388675223,207.61858726522425,206.95956796661756,207.22837829589844,53912700.0
2017-05-15,207.6532302608285,208.4943539331432,207.63588382171568,208.3729553222656,61918900.0
2017-05-16,208.66778439834036,208.69379744200063,207.7919810550454,208.18218994140625,51241800.0
2017-05-17,208.1821718634837,208.1821718634837,204.42746852090303,204.48817443847656,172174100.0
2017-05-18,204.41018191468035,206.16180219332924,204.15003819306568,205.31201171875,107047700.0
2017-05-19,205.79757902272064,207.31506842781548,205.7455529315792,206.6473693847656,115011400.0
2017-05-22,207.15896046579584,207.8613523347789,207.08960117075563,207.69659423828125,61010600.0
2017-05-23,208.06948524574332,208.32096234274775,207.6879429133631,208.1562042236328,48341700.0
2017-05-24,208.3902750981925,208.745791050053,208.0520791203164,208.6417388916016,46927700.0
2017-05-25,209.1534130320765,209.9164977213546,208.94530864878885,209.63900756835935,64071700.0
2017-05-26,209.4481561976965,209.760325884556,209.37011708384503,209.5955810546875,46629900.0
2017-05-30,209.2747833846353,209.6649922820253,209.11870511826208,209.4135284423828,35201900.0
2017-05-31,209.70834537401865,209.74303825312643,208.6677839355453,209.3614959716797,91796000.0
2017-06-01,209.82106299336172,211.0437288846533,209.53490630190277,211.02638244628903,68962000.0
2017-06-02,211.0784072611607,211.88485124705332,210.7835839680196,211.728759765625,88666100.0
2017-06-05,211.55528540175072,211.8414420242968,211.3731809214205,211.5726318359375,44698800.0
2017-06-06,211.0090352986697,211.56400224135808,210.81826417167156,210.8963165283203,50375400.0
2017-06-07,211.23451871156217,211.51199559267457,210.56681970571725,211.2865447998047,54144300.0
2017-06-08,211.38192787830263,211.86752233811316,210.86164053910187,211.39059448242188,65950700.0
2017-06-09,211.6594404356368,212.4572047871558,209.80376801914588,211.06979370117188,132256400.0
2017-06-12,210.82694471519545,211.07840852992604,210.176592206822,211.02638244628903,86108100.0
2017-06-13,211.56399906704465,212.1102993981112,211.21714969486436,212.0582733154297,60067000.0
2017-06-14,212.3271256076561,212.33579221266731,210.96571442778435,211.7895050048828,78602300.0
2017-06-15,210.43672319414657,211.50331083741185,210.15924633684705,211.3819122314453,66464900.0
2017-06-16,211.5413823428988,211.59366213965603,210.54802631656844,211.4281005859375,84553100.0
2017-06-19,212.2559563432993,213.24931265644184,212.1601055895757,213.18832397460935,65123800.0
2017-06-20,212.83100143520903,212.8397103027576,211.73308580494188,211.75050354003903,56906400.0
2017-06-21,212.1426012223742,212.25586966980612,211.2276650006188,211.6981964111328,55977600.0
2017-06-22,211.7069441054188,212.20361547108345,211.428100794464,211.6023712158203,44148100.0
2017-06-23,211.66337057155704,212.18618182919283,211.2799676717024,211.8550720214844,66986800.0
2017-06-26,212.5260097291613,212.94427468243464,211.7853571377032,211.99447631835935,56700500.0
2017-06-27,211.77660243453377,212.07287672157423,210.2691442896796,210.2865753173828,82247700.0
2017-06-28,211.30612088678072,212.3691877957453,211.07084849322783,212.1687774658203,70042600.0
2017-06-29,212.3168369775268,212.3691167594998,209.09278856141225,210.30398559570312,106949700.0
2017-06-30,211.11440339330144,211.4890974209496,210.5044502859469,210.69615173339844,86820700.0
2017-07-03,211.63723424751635,212.07291695089413,211.0534210205078,211.0534210205078,39153800.0
2017-07-05,211.41939121180263,211.75050102246536,210.6090144760648,211.5413818359375,54427600.0
2017-07-06,210.7745599493883,210.89655056421648,209.4239410235178,209.60693359375,65400800.0
2017-07-07,210.18210013872147,211.11445440754977,209.61570452675653,210.96632385253903,57972300.0
2017-07-10,210.9662903449589,211.56753463484972,210.66130711803464,211.19284057617188,36663300.0
2017-07-11,211.1928348786266,211.34968756983605,209.8683689989845,211.03599548339844,50354600.0
2017-07-12,212.00324037282576,212.787464047208,212.00324037282576,212.6219024658203,59610400.0
2017-07-13,212.63056990685791,213.09239246451185,212.4040064133811,212.97911071777344,39471600.0
2017-07-14,212.97913236566544,214.3297514132089,212.88328163852412,213.9724884033203,60262700.0
2017-07-17,213.89408555497417,214.27748849373867,213.77209491954747,213.9463653564453,33531900.0
2017-07-18,213.5367915579916,214.11189588275872,213.19695960171651,214.0596160888672,42742500.0
2017-07-19,214.3732957100116,215.2272299846473,214.36457354754896,215.2185211181641,51034300.0
2017-07-20,215.47126201698129,215.59325265641056,214.7654580819989,215.31442260742188,47135200.0
2017-07-21,214.73929301643605,215.1488358213816,214.5127295012009,215.1226959228516,82340800.0
2017-07-24,215.04425085969152,215.20981240507533,214.5998593136456,215.0704040527344,46622300.0
2017-07-25,215.81975087478176,215.92432375192797,215.3666504924057,215.59320068359372,54915600.0
2017-07-26,215.8807720134695,215.9156207782958,215.34052973478933,215.6019287109375,47575400.0
2017-07-27,216.06378128085285,216.09863004837075,214.07705583681485,215.4015350341797,70766600.0
2017-07-28,214.92231644312,215.2795795243739,214.4692159115618,215.1488800048828,50088400.0
2017-07-31,215.5496514644196,215.6455021888008,214.8177077305891,215.0268402099609,65838700.0
2017-08-01,215.6281246782648,215.662973450004,214.9833093852341,215.50613403320312,55050400.0
2017-08-02,215.63682715788497,215.75010893065112,214.6783197636701,215.61068725585935,47211200.0
2017-08-03,215.49739853466025,215.523538435843,214.9135852482746,215.1924285888672,40856000.0
2017-08-04,215.6803844247533,215.91564352807453,215.201130758018,215.58453369140625,60191800.0
2017-08-07,215.65421125932787,215.98532104492188,215.54963837800045,215.98532104492188,31995000.0
2017-08-08,215.67163772900344,216.8915572233861,215.07911566005964,215.45379638671875,61719400.0
2017-08-09,214.7654501275264,215.49739393699232,214.4081870910078,215.4451141357422,62632600.0
2017-08-10,214.60859100217328,214.73930379736692,212.3517576759011,212.40403747558597,120479500.0
2017-08-11,212.6305990944337,213.31026307620152,212.3953267019813,212.7177276611328,74869900.0
2017-08-14,213.9986367596491,215.0442726359828,213.96378799203,214.8264312744141,73291900.0
2017-08-15,215.20977464368983,215.2272056706665,214.49526208937996,214.80023193359372,55242700.0
2017-08-16,215.32308778635704,215.72392168942733,214.74798347603095,215.17495727539065,56715500.0
2017-08-17,214.5650300521557,214.8787221414008,211.8202209472656,211.8202209472656,128490400.0
2017-08-18,211.65463821371043,212.7787069610501,211.0446851278572,211.4890899658203,136748000.0
2017-08-21,211.42809761239292,211.91606010323903,210.72229377413484,211.65464782714844,65469700.0
2017-08-22,212.2384860666946,214.0247745773968,212.22105503506384,213.8679351806641,63140100.0
2017-08-23,212.9007096760873,213.52809382746688,212.7525791536756,213.1011199951172,50203800.0
2017-08-24,213.4845359909229,213.6413753903961,212.39532917464268,212.60446166992188,50741700.0
2017-08-25,213.39738103994063,214.01605632387748,212.95298947270547,213.1011199951172,64445900.0
2017-08-28,213.632659299009,213.65879919803731,212.69158304604505,213.1098480224609,40565600.0
2017-08-29,211.79406930882632,213.61521978067924,211.6807875535501,213.35382080078125,51135700.0
2017-08-30,213.33640391957263,214.6347432217607,213.1534113255265,214.36460876464844,62030800.0
2017-08-31,214.98329594474924,215.8982323735028,214.39948265874023,215.6542510986328,103803900.0
2017-09-01,216.02892408942537,216.38618712045303,215.8110827235766,215.95921325683597,62007000.0
2017-09-05,215.45382378294025,215.68038731715265,213.44097165164035,214.4081878662109,91398800.0
2017-09-06,215.0878416610049,215.47124458132453,214.5563082116492,215.1401214599609,57916900.0
2017-09-07,215.44510627811383,215.4625373098888,214.7044403314648,215.11398315429688,58034700.0
2017-09-08,214.82640503050197,215.3230896562732,214.61728585837085,214.86126708984372,63832800.0
2017-09-11,216.13347536577143,217.2314043167902,216.1160576302813,217.15298461914065,71364800.0
2017-09-12,217.5189463449708,217.91976697822463,217.3359537630205,217.88491821289065,56896000.0
2017-09-13,217.5973749124304,218.02434875707223,217.4840931525092,217.98948669433597,59228000.0
2017-09-14,217.66707917181387,218.12019290184045,217.49280875133616,217.91976928710935,95446300.0
2017-09-15,217.775305111122,218.30071098989268,217.67022660776115,218.2131500244141,95432400.0
2017-09-18,218.58090443441532,219.02750136678264,218.2919252327785,218.6772308349609,46235200.0
2017-09-19,218.9224030422596,218.9837077288537,218.57213254217723,218.8961334228516,47108100.0
2017-09-20,218.98372577564885,219.08880426194065,217.97667462148397,218.97496032714844,59574100.0
2017-09-21,218.81736795183463,218.9049289132353,218.21313986171728,218.3882751464844,48211400.0
2017-09-22,218.09053414548032,218.59843580213592,218.0642645220296,218.4320526123047,51214000.0
2017-09-25,218.1781112015205,218.528395143318,217.24113005139031,217.98545837402344,57064400.0
2017-09-26,218.41455262006244,218.65974469994077,217.88038129704904,218.1168212890625,54082000.0
2017-09-27,218.81736664054645,219.35153794116275,217.93291141052936,218.9662322998047,81001400.0
2017-09-28,218.6860517816233,219.3077975376416,218.5984908020788,219.2289886474609,44778800.0
2017-09-29,219.2202092670468,220.07839500104708,219.03632186830936,219.99957275390625,85578000.0
2017-10-02,220.22718602608,220.9540100097656,220.05203741355768,220.9540100097656,59023000.0
2017-10-03,220.95407426774327,221.45321054509424,220.87525202439983,221.42694091796875,66810200.0
2017-10-04,221.2780761799279,221.93484358477767,221.1642322205911,221.6896514892578,55953600.0
2017-10-05,222.02239213892577,223.0206780039925,221.7246608055824,223.003173828125,63522800.0
2017-10-06,222.55650798435548,223.03813993997068,222.29381179216807,222.7491607666016,80646000.0
2017-10-09,222.97688466789108,223.0381760019904,222.11869909477957,222.38140869140625,35803100.0
2017-10-10,222.95063547249964,223.34469322256305,222.4076986932,222.9681396484375,43057400.0
2017-10-11,222.8718100527529,223.31842041015625,222.70544021191907,223.31842041015625,47674300.0
2017-10-12,223.0031284961869,223.35339900986267,222.74917101610296,222.9856109619141,47065100.0
2017-10-13,223.42347852453145,223.53732246594643,222.98563365689205,223.2570953369141,54800400.0
2017-10-16,223.4848119173923,223.74750818213676,223.14329341125787,223.5548553466797,38221700.0
2017-10-17,223.5023082712889,223.75626580094243,223.2833858170196,223.7124786376953,31561000.0
2017-10-18,224.08902950399124,224.13281666932104,223.73875890528632,223.9314117431641,40888300.0
2017-10-19,223.1520211020439,224.02771085402995,222.73169376244084,223.99267578125,61903800.0
2017-10-20,224.78958078944237,225.17488643668275,223.97518233287232,225.14859008789065,89176400.0
2017-10-23,225.47266694624275,225.4989365768338,224.1941403269768,224.27294921875,63915300.0
2017-10-24,224.7020120040323,224.90340355828232,224.30794089748093,224.6669769287109,66935900.0
2017-10-25,224.3342187766771,224.4480627327108,222.42522132237863,223.5548553466797,103715300.0
2017-10-26,224.16782533084225,224.43927365517973,223.72121500385936,223.84381103515625,69798000.0
2017-10-27,224.58814924304767,225.831640435457,223.8525730664973,225.6739959716797,85562500.0
2017-10-30,224.5881819289029,225.5777157573964,224.5356426746408,224.8333740234375,54285700.0
2017-10-31,225.2098938923341,225.43758178950736,224.88589294569937,225.18362426757807,60304800.0
2017-11-01,225.96298388357675,226.30448897952348,225.11356378226472,225.48133850097656,54202700.0
2017-11-02,225.41127570957215,225.7090069832996,224.34293326905492,225.5688934326172,56449500.0
2017-11-03,225.72656259486916,226.3658258047985,225.3149872971758,226.32205200195312,59589700.0
2017-11-06,226.1906720647358,226.80366563440188,226.12062863696988,226.6723175048828,49652600.0
2017-11-07,226.77740574297076,227.1101721679917,226.00679438480307,226.51470947265625,57502200.0
2017-11-08,226.33952060169227,226.9962878847408,226.05929348051524,226.8999481201172,50469600.0
2017-11-09,225.6915223861156,226.2694808113367,224.49180501507703,226.0768280029297,95085500.0
2017-11-10,225.6915241676346,226.18190827946347,225.37626196778476,226.0067596435547,59984700.0
2017-11-13,225.32375542754016,226.44463737783505,225.2887203504871,226.21694946289065,50228600.0
2017-11-14,225.41128594743105,225.796591548326,224.6319092970982,225.69151306152344,61315200.0
2017-11-15,224.7194921258247,225.24491130367505,223.85256785292583,224.56187438964844,80811500.0
2017-11-16,225.50759174159677,226.83865712881288,225.4638179481447,226.47085571289065,67777000.0
2017-11-17,226.12062111100445,226.4446220610121,225.7265500116303,225.80535888671875,75756800.0
2017-11-20,226.05060222083983,226.38334193268457,225.80538339537304,226.1906890869141,48075500.0
2017-11-21,226.96130183951243,227.85452264071768,226.15568209701803,227.6706085205078,69176800.0
2017-11-22,227.6793189608422,227.81066706930315,227.3027788086113,227.4691619873047,45033400.0
2017-11-24,227.9595442662785,228.09965782216804,227.81943071038896,227.9945526123047,27856500.0
2017-11-27,228.03838557359245,228.33611690074267,227.67934954628225,227.8807678222656,52274900.0
2017-11-28,228.34487332791497,230.21883554215188,228.2485335566228,230.19256591796875,98971700.0
2017-11-29,230.32387558631203,230.85806015409528,229.60583040387328,230.0524139404297,77512100.0
2017-11-30,230.97196179174296,232.9772722931551,230.8931529126595,232.0665740966797,127894400.0
2017-12-01,231.8476686855761,232.32928744559285,228.34490905218863,231.5849456787109,164390900.0
2017-12-04,233.2048730091052,233.63395232054933,231.2520757666317,231.3046417236328,94040600.0
2017-12-05,230.4727935791016,232.18913805211625,230.34144545788917,230.4727935791016,77994500.0
2017-12-06,230.5690950319757,230.94566192575616,230.0524412985673,230.5165557861328,75898600.0
2017-12-07,231.24339294433597,231.55862841900824,230.25385927562056,231.24339294433597,77218600.0
2017-12-08,232.19788253468707,232.513117997132,231.2083489043539,232.5043792724609,76563900.0
2017-12-11,233.2049102783203,233.26621496801627,232.47809962197297,233.2049102783203,83077500.0
2017-12-12,233.99310215133744,234.0894419414999,233.24002162795944,233.61656188964844,85195800.0
2017-12-13,233.86162578010445,234.299470511472,233.5025898935125,233.5901641845703,102905400.0
2017-12-14,233.8879567753092,234.0018007111688,232.5831876850725,232.6357269287109,100666700.0
2017-12-15,233.64000924129087,235.03946956148343,233.58720144509692,234.57298278808597,144610300.0
2017-12-18,235.9724333787294,236.4125162358846,235.8668177906963,236.0604553222656,83653600.0
2017-12-19,236.3069304877763,236.35092803483727,235.08348709734065,235.15391540527344,82382900.0
2017-12-20,236.1220518221649,236.17485961736992,234.73140178088948,235.03065490722656,76751500.0
2017-12-21,235.6555850016644,236.22771426568343,235.268309897034,235.51475524902344,67032300.0
2017-12-22,235.5323519502944,235.56756610002768,234.91622520232931,235.45314025878903,78720900.0
2017-12-26,235.04822692820343,235.3915044259816,234.9074240609614,235.1714630126953,45244400.0
2017-12-27,235.33874224882416,235.6468056592384,235.01308519172568,235.2859344482422,57751000.0
2017-12-28,235.7876247788797,235.81402867797968,235.4003496850609,235.7700042724609,45116100.0
2017-12-29,236.35094660186965,236.36854024997027,234.68744702855656,234.8810577392578,96007400.0
2018-01-02,235.74366213592796,236.5974242445429,235.3563869406468,236.5622100830078,86655700.0
2018-01-03,236.72932153576676,238.2080200908072,236.72932153576676,238.05838012695312,90070400.0
2018-01-04,238.7009385523417,239.54589006788385,238.1200259914926,239.0617828369141,80636400.0
2018-01-05,239.8539836665425,240.7781469850254,239.361092981948,240.65493774414065,83524000.0
2018-01-08,240.55808617431893,241.25342460074083,240.26764331091647,241.09500122070312,57319200.0
2018-01-09,241.51755670766337,242.2657032159506,241.235897127514,241.6407928466797,57254000.0
2018-01-10,240.8837515396786,241.53509244774,240.21484384726023,241.27102661132807,69574300.0
2018-01-11,241.8255796096332,243.03140258789065,241.65834594076944,243.03140258789065,62361500.0
2018-01-12,243.2954130794138,244.78286839135657,242.99613310603735,244.61566162109372,90816100.0
2018-01-16,245.87435546460017,246.5256696509318,243.0842176757021,243.7795562744141,106555100.0
2018-01-17,244.712484079351,246.49040923677632,243.77951052678327,246.10313415527344,113258800.0
2018-01-18,245.9887520557021,246.4112144568672,245.1965813324595,245.6894989013672,100728000.0
2018-01-19,246.27039686967373,246.8073120117188,245.68951103937377,246.80731201171875,140920100.0
2018-01-22,246.5960635134814,248.81407165527344,246.54322885390036,248.81407165527344,91322400.0
2018-01-23,248.85813195245848,249.6326823479092,248.53247482267471,249.3422393798828,97084700.0
2018-01-24,249.9847127299476,250.5832459642879,248.06595748775115,249.2453765869141,134816100.0
2018-01-25,250.1080005095375,250.2048058868254,248.55889958863116,249.35104370117188,84587300.0
2018-01-26,250.18711017753503,252.28190892455095,249.9318545934337,252.2378845214844,107743100.0
2018-01-29,251.66577415032685,252.1058570038169,250.4071436358713,250.5655670166016,90118300.0
2018-01-30,248.73494175916247,250.6184832193841,247.5203082604357,247.99560546875,131796400.0
2018-01-31,248.8492659751229,249.3509400261391,247.04491011620485,248.11871337890625,108364800.0
2018-02-01,247.38813944651108,249.1396603088238,247.04486198637804,247.8370056152344,90102500.0
2018-02-02,246.51681049340056,246.64885684381449,242.4064514986019,242.4416656494141,173174800.0
2018-02-05,240.681381816374,242.7937746544456,231.75648648531623,232.30218505859372,294681800.0
2018-02-06,228.7902876542572,237.3807139865376,227.6988907174772,236.87901306152344,355026800.0
2018-02-07,236.3245352502693,239.72196260327064,235.51477083413027,235.5940093994141,167376100.0
2018-02-08,235.89326729174837,236.034097056527,226.7219269569538,226.75714111328125,246449500.0
2018-02-09,229.54723378106328,232.02049757208297,222.6115362922506,230.16336059570312,283565300.0
2018-02-12,232.21415380783523,235.0131017383919,230.30420887774528,233.543212890625,143736000.0
2018-02-13,232.3373945399653,234.66982881131727,231.7564818205949,234.12413024902344,81223600.0
2018-02-14,232.63658559952583,237.6447304001336,232.62777534747647,237.2838592529297,120735700.0
2018-02-15,239.0266869632627,240.32053205712512,236.5622060480066,240.3117218017578,111200300.0
2018-02-16,239.68679883222927,242.32729669194248,239.64277441824743,240.38211059570312,160420100.0
2018-02-20,239.43152296154545,240.87500789598903,238.08487024125645,238.87701416015625,86369700.0
2018-02-21,239.31707860169556,241.7991526348577,237.59196113335105,237.6887664794922,98883700.0
2018-02-22,238.6129376757864,240.3292447538347,237.3279032153124,237.99681091308597,110511300.0
2018-02-23,239.22024489952148,241.79031372070312,238.74494789704653,241.79031372070312,92766400.0
2018-02-26,242.86414055255412,244.6949004419044,242.2744445137796,244.5980682373047,86491400.0
2018-02-27,244.78293423401288,245.49589334997785,241.48231199199887,241.5439300537109,99099200.0
2018-02-28,242.64414414191137,243.093037374543,238.7802295651227,239.0970764160156,121907800.0
2018-03-01,238.8857993934386,240.4348997734121,234.12409926408975,235.62039184570312,176855100.0
2018-03-02,233.94807897529424,237.398341026059,233.0855336080012,236.83502197265625,139083200.0
2018-03-05,235.64683981462008,240.18849934665528,235.54119733761476,239.57237243652344,97307400.0
2018-03-06,240.5492810261088,240.6285195783346,238.68333399355848,240.17962646484372,79213200.0
2018-03-07,238.0144506058728,240.44368998087575,237.820813052888,240.0916290283203,87063500.0
2018-03-08,240.769386869871,241.37670352923723,239.77482190099204,241.2534942626953,66901200.0
2018-03-09,242.66170242288203,245.45181274414065,242.3448287927158,245.45181274414065,113625300.0
2018-03-12,245.74225557886365,246.3671656576041,244.75644750665856,245.1437225341797,71924800.0
2018-03-13,246.3056225916604,246.80732360191908,242.9521926566162,243.55950927734372,91968900.0
2018-03-14,244.51884067897245,244.70366796236556,241.755134238688,242.3096160888672,105895100.0
2018-03-15,242.8201740730757,243.46267799273133,241.5439227671176,242.04562377929688,83433000.0
2018-03-16,242.5731561796535,243.359654038734,242.2550403949287,242.3080596923828,100343700.0
2018-03-19,241.5569418332519,242.4848066021143,237.3770736672259,239.02957153320312,109208400.0
2018-03-20,239.42722013482984,240.0723242152516,238.75560640551987,239.43606567382807,59757300.0
2018-03-21,239.3918983693061,241.48624182819265,238.7644852792856,238.9765625,78709600.0
2018-03-22,236.74967967138892,237.59801555422396,232.72886909023757,233.0028381347656,148785900.0
2018-03-23,233.4446648554846,233.77162621271535,227.8420401470805,228.0364532470703,183534800.0
2018-03-26,231.64190216567016,234.55807137654895,229.23826181576712,234.27528381347656,141956100.0
2018-03-27,235.21202078562465,235.74221375579825,228.7345513295718,230.28985595703125,129941400.0
2018-03-28,230.42239773709733,232.09258645062064,228.50477665506372,229.60939025878903,146452300.0
2018-03-29,230.7494277542934,234.40792204383496,229.6183041660121,232.54331970214844,111601600.0
2018-04-02,232.01301757358857,232.52557335921296,225.04954297400147,227.5238800048828,186286300.0
2018-04-03,228.76105618064247,230.91726410781752,226.9671647542253,230.4400634765625,119956900.0
2018-04-04,226.8876455565521,233.6125205677921,226.7550973110947,232.90557861328125,123715300.0
2018-04-05,234.66411168825624,235.6273585175287,233.5771891224072,234.74366760253903,82652600.0
2018-04-06,232.78187422548615,234.2752870709953,227.99225756873415,229.51220703125,179521200.0
2018-04-09,230.97028712505096,234.03669563881604,229.7066156054344,230.6433258056641,105442900.0
2018-04-10,233.5330469478276,235.09719751911547,232.3931047987183,234.31069946289065,103529000.0
2018-04-11,232.8260584961061,234.743679746807,232.75537508521705,233.08233642578125,91140200.0
2018-04-12,234.4078658821633,235.94547947818188,234.2311169080454,234.9999237060547,68890500.0
2018-04-13,236.3078500612923,236.4227342239421,233.30330559064132,234.31069946289065,85079200.0
2018-04-16,235.94545443544877,237.0058942313891,235.1236284260523,236.237060546875,63405300.0
2018-04-17,238.00447707444596,239.36536871926083,237.4919481778344,238.76446533203125,64682000.0
2018-04-18,239.20628910663888,239.74532760470183,238.48165610469013,238.94119262695312,57303900.0
2018-04-19,238.28724837406065,238.49050699178184,236.5817313909208,237.61566162109372,77655900.0
2018-04-20,237.5449763305249,237.7658990812484,234.71715433401997,235.6008453369141,99953100.0
2018-04-23,236.1752549020754,236.73198452248616,234.4874019301393,235.5655059814453,65558000.0
2018-04-24,236.59059861141472,236.81152135905495,230.8907809350528,232.39306640625,112885500.0
2018-04-25,232.3311335620757,233.4092373337274,230.51073281179356,232.96739196777344,103840900.0
2018-04-26,233.99253857515495,236.16641080171695,233.5506930918964,235.3357391357422,67731900.0
2018-04-27,235.9454667726356,236.2459184379711,234.61993044245224,235.556640625,57053600.0
2018-04-30,236.1752674598288,236.7319971098416,233.6744068047092,233.7451171875,82182300.0
2018-05-01,233.1794895687467,234.26643897285976,231.6241851143612,234.160400390625,74203400.0
2018-05-02,233.96600372193657,234.77898422141712,232.19862197928552,232.5874481201172,86368900.0
2018-05-03,231.7568048464609,232.7288433491431,228.9201373860479,232.07492065429688,136311500.0
2018-05-04,231.1028433123168,235.75991179330265,230.7758819816889,235.07945251464844,91222100.0
2018-05-07,235.8482614716613,236.8468094686672,235.15895672638163,235.8747711181641,55304900.0
2018-05-08,235.50360909902147,236.237060631,234.31062107018985,235.8747711181641,67499200.0
2018-05-09,236.54638487556412,238.4816701959383,236.02501045597168,238.1547088623047,59666100.0
2018-05-10,238.896997539388,240.7085800870118,238.79095894501123,240.381591796875,72063900.0
2018-05-11,240.50528721182133,241.38013245892407,239.99273145453296,241.1150360107422,59871500.0
2018-05-14,241.5480810072303,242.20200368035572,240.68205416781768,241.2299652099609,54790600.0
2018-05-15,240.00169513624076,240.01935925211407,238.62313899087707,239.56869506835935,87036100.0
2018-05-16,239.60402639310004,241.03560171155155,239.5774897697605,240.57606506347656,53942600.0
2018-05-17,240.31093789069183,241.45090685639772,239.59515032267203,240.372802734375,56536400.0
2018-05-18,240.02817433458355,240.39049092487784,239.4184253128825,239.7718963623047,64368000.0
2018-05-21,241.25648440986456,242.11366574391533,240.86765821907196,241.57460021972656,58025900.0
2018-05-22,242.09598816766905,242.35226611864653,240.57603851018771,240.9029998779297,52966400.0
2018-05-23,239.63052198546723,241.59231726143065,239.4714370953317,241.56578063964844,64694200.0
2018-05-24,241.16808183683872,241.44202385280352,239.2858159433283,241.07086181640625,76043800.0
2018-05-25,240.49647521972656,241.1238882133398,239.99276492981863,240.49647521972656,56374800.0
2018-05-29,238.87055999015715,239.6305484260917,236.61715827517813,237.7305908203125,115908600.0
2018-05-30,239.0384247405429,241.34484539501017,238.9677413237785,240.9029998779297,69678400.0
2018-05-31,240.49650467231288,240.7969563816566,238.82634267506256,239.42724609375,93519900.0
2018-06-01,240.7262225260476,242.07826841884983,240.65551215742437,241.7778167724609,71258400.0
2018-06-04,242.59965916870465,243.18289839279595,242.3610723367105,242.92662048339844,45385200.0
2018-06-05,243.0592843609902,243.4834658988936,242.29047723513676,243.10348510742188,51135000.0
2018-06-06,243.71318028298785,245.2419486531365,243.0945857149228,245.1359100341797,62732200.0
2018-06-07,245.62193089603647,245.91353706797383,244.1991743240489,245.109375,72969400.0
2018-06-08,244.6498265681184,245.8869884117893,244.48192314275173,245.8339691162109,72139700.0
2018-06-11,246.05494161200195,246.87676782782057,245.9400574589736,246.16098022460935,58892500.0
2018-06-12,246.57630378510464,246.8414003033804,245.8340065658228,246.47911071777344,72329000.0
2018-06-13,246.71766586247327,246.9739437759287,245.48932256014055,245.6925811767578,79070600.0
2018-06-14,246.55866595330824,246.8414266135713,245.7191486091035,246.3112335205078,77097600.0
2018-06-15,245.52653573456027,246.3343088427787,244.4169617544594,245.9969940185547,120041600.0
2018-06-18,244.5412715795072,245.615358923228,244.06195502314412,245.49107360839844,52917600.0
2018-06-19,243.21851483187527,244.7719177550716,242.80131410607757,244.5500030517578,97531500.0
2018-06-20,245.2335567776329,245.6330141870954,244.62995512310675,244.9672698974609,53785500.0
2018-06-21,244.9584154716404,244.97618599202505,242.9345536599736,243.431640625,71061400.0
2018-06-22,244.69213138255017,244.8075314095505,243.65355822875503,243.8754730224609,54898500.0
2018-06-25,242.7214624884288,242.8812345960676,238.86902594322004,240.5555725097656,137854200.0
2018-06-26,241.12372500767617,241.94035618967405,240.3692093733569,241.0882110595703,68547400.0
2018-06-27,241.6740640121467,243.1031820939652,238.94005894114787,239.09097290039065,105110700.0
2018-06-28,239.03773254071504,241.22136639578736,238.3275889896138,240.4579925537109,76650500.0
2018-06-29,241.54978381672169,242.91678638094555,240.68875342804373,240.8041534423828,97592500.0
2018-07-02,239.23299268750813,241.47876893898496,238.99330741347623,241.3189697265625,63554800.0
2018-07-03,242.2155321465129,242.31318873303871,240.0407836242166,240.4668426513672,42187100.0
2018-07-05,241.5941989427037,242.49071624932256,240.52011188401104,242.42857360839844,56925900.0
2018-07-06,242.45520341190883,244.8518665685956,242.07348943656189,244.47906494140625,66493700.0
2018-07-09,245.4821052756339,246.7337078165824,245.4377331577612,246.68045043945312,50550400.0
2018-07-10,247.13314048406528,247.66574129122367,246.84019784998708,247.56808471679688,51966800.0
2018-07-11,246.0146766095031,246.8047060907769,245.45544712755907,245.7572479248047,77054700.0
2018-07-12,247.0177150694147,248.03851737608224,246.4141135250269,247.9852600097656,60124700.0
2018-07-13,247.80780137753868,248.48240386882597,247.35508657071247,248.18060302734372,48216000.0
2018-07-16,248.2250237217725,248.36702535070972,247.5148801310457,247.95870971679688,48201000.0
2018-07-17,247.186397734719,249.35228781735347,247.1331403629495,248.9617156982422,52315500.0
2018-07-18,249.04159837159585,249.5919425985369,248.5977688867464,249.4854278564453,44593500.0
2018-07-19,248.81977365345887,249.20146064711736,248.0652578383867,248.5446014404297,61412100.0
2018-07-20,248.34041464496903,248.97067220661148,248.1007564034213,248.26052856445312,82337700.0
2018-07-23,248.0564082188628,248.9262970168016,247.71020808066964,248.7221527099609,47047600.0
2018-07-24,250.1334930911601,250.8169809217829,249.10380517035608,249.97369384765625,68026900.0
2018-07-25,249.72510289533037,252.42359393047735,249.6807307795288,252.1040496826172,78882900.0
2018-07-26,251.3850801852483,252.1928261670429,251.2874235931104,251.50933837890625,57919500.0
2018-07-27,251.8376352445395,251.93529178522616,248.8817437743294,249.80491638183597,76768700.0
2018-07-30,249.88492917459175,250.0447013158275,247.9764403827405,248.50018310546875,63742500.0
2018-07-31,249.2634638002796,250.33752335614912,248.8817770202296,249.72503662109372,68570500.0
2018-08-01,249.92930986712963,250.435282087603,248.65996377509936,249.3079376220703,53853300.0
2018-08-02,248.00311434626792,250.8347222431429,247.79894298024752,250.6660919189453,63426400.0
2018-08-03,250.79026501496529,251.79332389456457,250.61272240135145,251.7400665283203,53935400.0
2018-08-06,251.7757164852831,252.97403496234404,251.385144195694,252.6633758544922,39400900.0
2018-08-07,253.3289893580502,253.8793335480441,253.1958188501741,253.49761962890625,43196600.0
2018-08-08,253.32904350842435,253.79061648823117,252.9295860778104,253.3911590576172,42114600.0
2018-08-09,253.45329850596943,253.8438706721232,252.91183946469604,253.04498291015625,35717000.0
2018-08-10,251.6070076068513,252.14846670856605,250.63943525368703,251.34957885742188,77076000.0
2018-08-13,251.6246883032805,252.23717515726744,250.11565722463396,250.4085998535156,65732900.0
2018-08-14,251.1365961562097,252.24617034784052,250.74602387361855,252.0064849853516,43842000.0
2018-08-15,250.65718890735465,250.79921761854425,248.68658455956,250.1245880126953,102925400.0
2018-08-16,251.56260969990868,253.0183837782162,251.5270957472354,252.14846801757807,69967900.0
2018-08-17,251.94424145780036,253.4799012762992,251.5359259037381,253.03607177734372,65618500.0
2018-08-20,253.48875859937783,253.84381674157285,253.0360438917893,253.57752990722656,39807500.0
2018-08-21,254.092370416195,255.0332867211678,253.6130270058048,254.17225646972656,67272000.0
2018-08-22,253.76391839237365,254.5450625208637,253.49760448173464,254.02134704589844,44993300.0
2018-08-23,253.84379308180985,254.70482321820947,253.36444973546432,253.68402099609372,49204900.0
2018-08-24,254.2610291205964,255.35285936968117,254.20777175129484,255.21083068847656,57487400.0
2018-08-27,256.4092022800655,257.3323753566109,256.2494301387038,257.2258605957031,57072400.0
2018-08-28,257.6873547486161,257.79389656613364,256.8884671970246,257.3500671386719,46943500.0
2018-08-29,257.56314686266506,258.965636207914,257.3234886771743,258.73486328125,61485500.0
2018-08-30,258.2554620659012,258.628263604404,257.09263116619366,257.6873474121094,61229500.0
2018-08-31,257.2790577695256,258.14008800431367,256.7908561998748,257.6962585449219,66140800.0
2018-09-04,257.27907009152085,257.6074995729283,256.2493824457125,257.25244140625,57594400.0
2018-09-05,256.89743443569347,257.10160578959284,255.54820229775171,256.56011962890625,72452400.0
2018-09-06,256.66646249872645,256.9682631528885,254.7580020475668,255.7876892089844,65909900.0
2018-09-07,254.74042715744764,256.26720194628166,254.50074185499372,255.290771484375,73524800.0
2018-09-10,256.3026151821348,256.56892909844845,255.5392415516069,255.73452758789065,50210900.0
2018-09-11,255.08658956495623,257.0216798888951,254.74041660460665,256.5778503417969,50530500.0
2018-09-12,256.58678777667075,257.2436469713986,255.8500424979255,256.6400451660156,59810800.0
2018-09-13,257.7052406687176,258.34435641404013,257.4211832065274,258.1579284667969,51034200.0
2018-09-14,258.36207317292326,258.5484740117114,257.4211566296206,258.2023010253906,55079900.0
2018-09-17,258.1489499112022,258.18443676051925,256.5600330053288,256.835205078125,68244000.0
2018-09-18,257.04831057908905,258.82362878130147,257.02168188962406,258.2289123535156,61930400.0
2018-09-19,258.2821135932705,258.9212290907196,258.1578283433109,258.5040283203125,49080600.0
2018-09-20,259.7645938039797,260.9185398950375,258.5218492884304,260.5989685058594,100360600.0
2018-09-21,261.34169029247494,261.45761269257395,260.200344464458,260.36083984375,105479700.0
2018-09-24,259.7812233520926,259.92389496466234,258.9162954090201,259.4958801269531,53409600.0
2018-09-25,259.9507564276149,260.0577533802823,259.0145058799359,259.2552490234375,44370000.0
2018-09-26,259.39779647019435,260.58371507676577,258.0602807787188,258.4793701171875,79739700.0
2018-09-27,258.95205259284523,260.28956877338703,258.6756347591469,259.20172119140625,59249500.0
2018-09-28,258.5774594102581,259.7277306037356,258.5418119152034,259.2283935546875,70091400.0
2018-10-01,260.4679039507607,261.1990860385844,259.4603312240821,260.12908935546875,62078900.0
2018-10-02,259.9774169921875,260.6907479078921,259.6029277855832,259.9774169921875,47258200.0
2018-10-03,261.02964891097304,261.4487384024007,259.7634821662078,260.1201477050781,64694600.0
2018-10-04,259.63860706605675,259.69210553069195,256.4999125561794,258.08709716796875,111545900.0
2018-10-05,258.3100103942777,258.8271712774559,255.2158889408828,256.642578125,105951700.0
2018-10-08,255.95596915870948,256.9992436180711,254.5738801686217,256.642578125,87742200.0
2018-10-09,256.2591681367459,257.56990772534647,255.7063053186593,256.26806640625,74339000.0
2018-10-10,255.75979997194213,255.83114939791164,247.77930409003628,248.1537933349609,214731000.0
2018-10-11,247.0659319900336,248.6887911916292,241.0738595018456,242.6878204345703,274840500.0
2018-10-12,246.78955019049047,247.07489349625516,242.8661749776503,246.0583953857422,183186500.0
2018-10-15,245.701677761115,247.0302954888313,244.58708109696215,244.6762542724609,102263700.0
2018-10-16,246.6379583941424,250.400837868214,246.16537049105952,250.0263214111328,118255800.0
2018-10-17,250.06192107908365,250.6950041829952,247.49388674930324,250.0708465576172,110626000.0
2018-10-18,249.13465741512297,249.73209323984952,245.18453310681264,246.45962524414065,134557500.0
2018-10-19,247.11054711716747,249.045471718314,245.6303594581884,246.32586669921875,139901600.0
2018-10-22,246.99458271671577,247.3155734448505,244.68514204987417,245.22015380859372,82415800.0
2018-10-23,241.5999793058806,245.09533914092464,239.51343044304284,243.9718170166016,146352700.0
2018-10-24,243.72208796323585,244.10552979438103,236.02693750520868,236.57977294921875,177806700.0
2018-10-25,238.4166910055369,242.3668150823221,237.39126750912948,240.8242034912109,138061500.0
2018-10-26,237.1148434203108,241.64455220429213,233.87805041512036,236.58872985839844,201574600.0
2018-10-29,239.6827954094829,240.97573809899973,231.7023016311721,235.2779083251953,160749100.0
2018-10-30,235.10857943971416,239.0765273301056,234.6181405688793,238.76443481445312,157116000.0
2018-10-31,241.3324599805179,243.63300269297,240.85987209180985,241.31463623046875,128296300.0
2018-11-01,242.17956820563373,244.07884527191928,241.0917207748512,243.88267517089844,99495000.0
2018-11-02,244.98832474567004,245.4163396224673,240.3872668644628,242.43814086914065,122634100.0
2018-11-05,242.92853056870712,244.3284702575808,241.95660571803845,243.775634765625,65622500.0
2018-11-06,243.7133201151574,245.47882428928037,243.6508961543769,245.31832885742188,60085900.0
2018-11-07,247.4939236946959,250.6504686305724,247.06590883856435,250.5702209472656,102752100.0
2018-11-08,249.7677265502672,250.757502547442,248.97414786812357,250.1154937744141,65584900.0
2018-11-09,248.80470732286804,248.99195193007725,246.26342166342013,247.6722869873047,98812600.0
2018-11-12,247.16400847527623,247.4047515261644,242.52727608994468,243.04446411132807,99673600.0
2018-11-13,243.50816351775623,245.50551206799565,241.86748046408343,242.58973693847656,98176600.0
2018-11-14,244.4622787743081,244.86351727642744,239.37080844951709,240.9312438964844,125335900.0
2018-11-15,239.665036498494,243.90942938261057,238.08677738884973,243.44573974609372,135101400.0
2018-11-16,242.34900113908057,244.9883585472461,241.83181302344755,244.078857421875,126668000.0
2018-11-19,243.4724721125767,243.7667408556487,239.03193664286545,239.9503631591797,103061700.0
2018-11-20,236.6154365884777,238.07780018311476,234.6448376969104,235.509765625,136021300.0
2018-11-21,237.06124605274815,238.21151705977272,236.3033423341788,236.31224060058597,75563700.0
2018-11-23,234.67167638636357,236.134040538494,234.57360492368625,234.73410034179688,42807900.0
2018-11-26,236.99002589248815,238.74663151536032,236.59768564694463,238.52371215820312,79981400.0
2018-11-27,237.4892886073652,239.3261413574219,236.88295467686297,239.32614135742188,75502400.0
2018-11-28,240.39619560185264,244.83673095703125,239.2637480620135,244.83673095703125,127629600.0
2018-11-29,244.06094179333263,245.70162446163624,242.9195961453029,244.3017120361328,82346400.0
2018-11-30,244.15011930438476,246.352562962738,243.82912859069464,245.79080200195312,98204200.0
2018-12-03,249.91935540908307,250.0263523495367,247.44941866082357,249.0455017089844,103176300.0
2018-12-04,248.2162151601472,248.64423007681052,240.6637070512194,240.97579956054688,177986000.0
2018-12-06,237.1148241658057,240.7261061111731,234.0117775673874,240.6101837158203,204185400.0
2018-12-07,240.27137469945745,241.840735566678,234.18123028122503,235.0194091796875,161018900.0
2018-12-10,234.84102502235243,236.4371348650897,230.60555822834715,235.4652099609375,151445900.0
2018-12-11,238.66637314566984,238.85361777799957,234.04749080264145,235.5187530517578,121504400.0
2018-12-12,238.49690022951813,239.8611652482189,236.62437267926677,236.70462036132807,97976700.0
2018-12-13,237.6498130529745,238.51474108187907,235.50979307571671,236.6243896484375,96662700.0
2018-12-14,234.47542495361856,235.42952607242904,231.70232196988303,232.25515747070312,116961100.0
2018-12-17,231.30108550488023,232.4156821266384,226.06694412299717,227.6987152099609,165492300.0
2018-12-18,229.33940067554468,230.0081586162255,225.84401386571423,227.44903564453125,134515100.0
2018-12-19,227.52927740072613,231.30106827818616,222.33972299140083,224.04281616210935,214992800.0
2018-12-20,222.79447268439893,224.3638197072121,218.1488283409156,220.39585876464844,252053400.0
2018-12-21,221.29722391317972,223.9609712201748,215.23427764806647,215.88003540039065,255345600.0
2018-12-24,214.39121089586052,216.00560532658943,210.1130827611389,210.1758575439453,147311600.0
2018-12-26,211.63780135232855,220.79498291015625,209.65568091550543,220.79498291015625,218485400.0
2018-12-27,217.5572333476557,222.68739900328916,214.31948044557623,222.49009704589844,186267300.0
2018-12-28,223.84440983280516,225.4767323217771,221.0371572860196,222.2031097412109,153100200.0
2018-12-31,223.8264740881193,224.3915156531046,221.9519889312692,224.14935302734372,144299400.0
2019-01-02,220.6155810033805,225.30629542099064,220.5886755710733,224.3824920654297,126925200.0
2019-01-03,222.63363352752896,222.93858465556823,218.54384243531663,219.02816772460935,144140700.0
2019-01-04,222.0595916892461,227.01039710544208,221.68290190659857,226.36463928222656,142628800.0
2019-01-07,226.6336926865011,229.55753053557964,225.73680839944248,228.14942932128903,103139100.0
2019-01-08,230.3378446485981,230.77730922015044,227.80862422016872,230.29298400878903,102512600.0
2019-01-09,231.00153681805648,232.2123361952188,229.7728096069081,231.3692626953125,95006600.0
2019-01-10,229.83559218804427,232.43655132774697,229.15395132370932,232.1854248046875,96823900.0
2019-01-11,231.10913472146507,232.3020061415807,230.52616541356173,232.2751007080078,73858100.0
2019-01-14,230.37372222792283,231.66523800057232,229.97014065568283,230.8580474853516,70908200.0
2019-01-15,231.2347138012616,233.81774493113787,231.2257361997421,233.5038299560547,85208300.0
2019-01-16,233.93430838009064,234.95676956958087,233.72804251854237,234.06886291503903,77636700.0
2019-01-17,233.19896404103096,236.70578596770392,233.1541033904232,235.84475708007807,96118400.0
2019-01-18,237.6564693733523,239.4502384089013,235.8806281746912,238.9838409423828,127900300.0
2019-01-22,237.5129178991888,237.72816138252549,234.14062401631128,235.7550048828125,115531200.0
2019-01-23,236.78647293735452,237.4860417151032,233.78190454892763,236.2483367919922,86030300.0
2019-01-24,236.06893344044877,236.95686760170716,235.05544969694287,236.37387084960935,59204100.0
2019-01-25,238.22147999352148,239.1991081892339,236.4725716329908,238.37396240234372,96883400.0
2019-01-28,236.23039774840024,236.62500170748643,234.79537721909935,236.56224060058597,85613700.0
2019-01-29,236.70575662116136,237.27077083451343,235.41424082058828,236.2483367919922,66136300.0
2019-01-30,237.7640106572768,240.83133934221308,237.0016536010641,239.9882659912109,92473700.0
2019-01-31,239.92553305771972,242.58030297951865,239.71026220894768,242.09597778320312,104012100.0
2019-02-01,242.293423867248,243.2351693321144,241.42344451418677,242.21270751953125,85782500.0
2019-02-04,242.25743015243611,243.97946022939053,241.5847668579717,243.9166717529297,60744800.0
2019-02-05,244.34721615162437,245.24410065449456,243.84496301967644,244.9391632080078,79552800.0
2019-02-06,244.66107157415604,245.1543469822188,243.8807866261451,244.6162109375,58347800.0
2019-02-07,243.0018440542972,243.54893036100768,240.625106039328,242.2843475341797,95482000.0
2019-02-08,241.0376193716608,242.6789053506785,240.21247389664293,242.58026123046875,75788900.0
2019-02-11,243.2350673035352,243.4951440801677,242.18570048188565,242.71485900878903,68021400.0
2019-02-12,244.3293001017809,246.21273575207329,244.25753401047317,245.8360595703125,72270200.0
2019-02-13,246.67012986807828,247.4773204011533,246.2485930805876,246.63424682617188,65277200.0
2019-02-14,245.54899161156067,247.2172107038442,244.73282358398347,246.08712768554688,83234400.0
2019-02-15,247.86301292471663,248.80475816959057,247.6567469856528,248.7688751220703,97088700.0
2019-02-19,247.97059836438052,249.8540336287884,247.9616207621204,249.19932556152344,59120800.0
2019-02-20,249.163402081706,250.1589577951444,248.6611491099524,249.7015380859375,76610800.0
2019-02-21,249.0647861823057,249.4235344355389,247.85398687824855,248.81365966796875,64214700.0
2019-02-22,249.4325516465697,250.553657345684,248.79577127328133,250.3563690185547,78114600.0
2019-02-25,251.7823475232968,252.3025283909709,250.61638147320213,250.6970977783203,69030700.0
2019-02-26,250.34741199569044,251.39675168871187,250.14111867662572,250.517822265625,56844100.0
2019-02-27,249.80020834065053,250.7598811219917,248.8674683645355,250.4101104736328,56921600.0
2019-02-28,250.1948826588521,250.6343746587472,249.6208908341152,249.9437561035156,69268300.0
2019-03-01,251.522276590362,251.9169079368331,250.0693281650552,251.5043487548828,78880500.0
2019-03-04,252.5626801597077,252.80482912074703,248.29350118976583,250.5895233154297,106494600.0
2019-03-05,250.7150698851285,250.91238554563276,249.70158614575405,250.2486724853516,59114600.0
2019-03-06,250.36529222328363,250.37426982654563,248.41009066408537,248.7329559326172,75039800.0
2019-03-07,248.2844999919033,248.42800478246295,245.8091176242837,246.65219116210935,94885100.0
2019-03-08,244.7956808310792,246.32934580769265,244.3293107003256,246.158935546875,85795800.0
2019-03-11,246.87633905387352,249.88985664974476,246.84943362429368,249.7284240722656,65098900.0
2019-03-12,250.28457330490696,251.1904353612204,250.09623523355413,250.67022705078125,79667500.0
2019-03-13,251.5581146482741,253.26218931927136,251.39665467486924,252.3294219970703,80639200.0
2019-03-14,252.35636785176976,252.77790462897,251.7285651728112,252.16802978515625,67518400.0
2019-03-15,252.7202159409004,254.2245947418468,252.53102082909683,253.41384887695312,81309000.0
2019-03-18,253.6300829547765,254.63002409907617,253.4048742050417,254.33273315429688,62199800.0
2019-03-19,255.39581546576423,256.1615034500296,253.50405590590307,254.3958740234375,90268100.0
2019-03-20,254.17965069328343,255.38676650230929,252.5221173066521,253.630126953125,84609200.0
2019-03-21,252.81027908877184,256.9000490867797,252.7652208562003,256.49468994140625,79550400.0
2019-03-22,255.13446697482516,255.65693913191063,251.4950862028465,251.5581512451172,122659300.0
2019-03-25,251.2157882534636,252.4048967493941,250.1077790792835,251.3689422607422,85575200.0
2019-03-26,253.12553235462067,254.1975278418372,251.837345337644,253.24264526367188,68125900.0
2019-03-27,253.23363752069528,253.8192020876901,250.36898967985053,251.91842651367188,72224700.0
2019-03-28,252.54906468905637,253.32376949182063,251.39599713964745,252.87335205078125,56238500.0
2019-03-29,254.3868236520501,254.792182930862,253.26077983651035,254.4678955078125,82186800.0
2019-04-01,256.4677058809414,257.78291713150287,256.19743891736897,257.4856262207031,77617900.0
2019-04-02,257.674789886447,257.84595069509163,256.81898584322386,257.6117248535156,40070400.0
2019-04-03,258.8279580387189,259.2243276981165,257.4136402763821,258.0172119140625,68243200.0
2019-04-04,258.34142325877013,258.95398437326423,257.64779030482515,258.7017517089844,48997500.0
2019-04-05,259.3684117534433,260.0079968724831,259.08013797058265,259.9539489746094,58621700.0
2019-04-08,259.53052137413107,260.2601953909309,258.872902047936,260.152099609375,53566300.0
2019-04-09,259.18822378928195,259.51251116404137,258.2693820694969,258.8188781738281,66142300.0
2019-04-10,259.2332389500564,259.7917796584995,258.81886261012613,259.7016906738281,52601500.0
2019-04-11,260.18821312040234,260.197230269427,259.0621691446355,259.62969970703125,55093100.0
2019-04-12,261.2422156039101,261.6656092598861,259.67477110750565,261.3863525390625,69727800.0
2019-04-15,261.4583034082265,261.5574095392261,260.4133316619226,261.215087890625,49596700.0
2019-04-16,262.09802006534323,262.15206797961173,260.7917979907999,261.3863525390625,52153200.0
2019-04-17,262.50325442630555,262.5302783705718,260.3322392659286,260.74664306640625,58268300.0
2019-04-18,261.3321529721824,261.5303377065955,260.0349487998957,261.26007080078125,68708500.0
2019-04-22,260.4944855104914,261.6385361359312,260.4043965065369,261.4853820800781,40160100.0
2019-04-23,261.85469994027653,264.0707737387057,261.6205015444346,263.8365478515625,52246600.0
2019-04-24,263.7554418762262,264.08874637015623,263.1068396883929,263.2509765625,50392900.0
2019-04-25,263.151871189565,263.7464254877272,261.89972504731713,263.0888061523437,57770900.0
2019-04-26,263.1338429715897,264.3859890119185,262.3591107705115,264.3139343261719,50916400.0
2019-04-29,264.4040146897125,265.2508015489559,264.3139257169919,264.7283020019531,57197700.0
2019-04-30,264.3860229636108,265.15173811806574,262.9717330802613,264.86346435546875,81111700.0
2019-05-01,265.4940832056484,265.70128514541994,262.86363299957645,262.8726501464844,71671900.0
2019-05-02,262.7555627921106,263.67443214456034,260.80975577029875,262.3051452636719,65030200.0
2019-05-03,263.78246458162147,265.15172364225464,262.4131780296907,264.8724670410156,56543700.0
2019-05-06,260.56639321359614,264.2237792820448,260.25109562329084,263.7823791503906,107198100.0
2019-05-07,261.3771733983688,261.9717275781503,257.4675542385565,259.3773193359375,144729900.0
2019-05-08,259.01708984375,260.728670867913,258.4225354370044,259.01708984375,91568300.0
2019-05-09,256.94505898890094,258.836789627406,255.2064273436796,258.2332458496094,103471100.0
2019-05-10,257.2964675787668,260.2872461358025,254.30568902173115,259.5305480957031,112429300.0
2019-05-13,254.4138423490633,255.37771494186552,252.1707444207524,253.00851440429688,127290500.0
2019-05-14,254.02649577218077,256.8281073910082,253.90039314635217,255.2966766357422,77003200.0
2019-05-15,253.66606386562464,257.4315466698513,253.45886196816204,256.7919616699219,73956400.0
2019-05-16,257.49469006251053,260.5304998138744,257.4226353539373,259.1702575683594,76749600.0
2019-05-17,256.8640610092583,259.9809418767313,256.84602671792,257.49462890625,100353000.0
2019-05-20,255.89120817862775,257.60278931600044,255.04442101222048,255.7921295166016,62877600.0
2019-05-21,257.485586520628,258.4765102516774,257.2333538882968,258.0981750488281,46847100.0
2019-05-22,257.14333727037746,258.2603637668367,256.82803955212853,257.30548095703125,49482500.0
2019-05-23,255.0803864030303,255.12541714671232,252.74722755959448,254.1615447998047,98733800.0
2019-05-24,255.6028919720907,256.01729582994847,254.11651984904475,254.73809814453125,55268100.0
2019-05-28,255.0172454070576,255.97212781557667,252.3507828790017,252.3687896728516,70029400.0
2019-05-29,251.25187103140016,251.65723025093516,249.27002320934008,250.67532348632807,104972900.0
2019-05-30,251.4319942648684,252.269791543688,250.2609199914259,251.3599395751953,62523800.0
2019-05-31,248.81063679481224,249.6393895956801,247.94581540525132,247.97283935546875,86862800.0
2019-06-03,248.0089401927523,249.12596705920765,246.009084921038,247.3423309326172,96428000.0
2019-06-04,249.63937693861945,252.84634716122832,249.1889594636316,252.7112274169922,77231900.0
2019-06-05,254.33275332053665,254.9273077659354,252.52209352318616,254.90028381347656,71169700.0
2019-06-06,255.19752776383675,257.2333959536874,254.54892553301983,256.5577697753906,69430400.0
2019-06-07,257.5757154656133,260.2061654606606,257.4045546359031,259.1251525878906,74272200.0
2019-06-10,260.6746596118022,261.98088155906305,260.22424204258215,260.3143310546875,60799100.0
2019-06-11,262.13387030078025,262.50321581228616,259.602527092113,260.2511291503906,58641300.0
2019-06-12,260.0169567355007,260.5754698846852,259.2782656388976,259.791748046875,47096300.0
2019-06-13,260.7015648429283,261.22406438040923,259.99891485458375,260.8637084960937,48945200.0
2019-06-14,260.5755615234375,261.1791056260825,259.80984621456577,260.5755615234375,52324700.0
2019-06-17,260.80971080142655,261.44030622903506,260.50343023385363,260.6745910644531,39205700.0
2019-06-18,262.4942588214182,264.4580720370348,262.1339029176426,263.4040832519531,85434800.0
2019-06-19,263.5392835877693,264.5302076436877,262.56639382733385,263.99871826171875,78674400.0
2019-06-20,266.6831978027144,266.9264133528406,264.0617646861457,266.5210266113281,116570000.0
2019-06-21,266.2512579710432,267.5094941837973,265.9163323811376,266.1335754394531,83309500.0
2019-06-24,266.34178300435536,266.6585865868795,265.65380982514523,265.8077087402344,47582700.0
2019-06-25,265.8620523837093,265.8892077691413,263.0920925696,263.2007141113281,82028700.0
2019-06-26,264.0967858046772,264.6037045888523,262.8294888442396,262.9381103515625,51584900.0
2019-06-27,263.6985206334799,264.3774327619087,263.31834531156267,263.8705139160156,40355200.0
2019-06-28,264.8481905283756,265.7262515028233,264.3322381980387,265.2283935546875,59350900.0
2019-07-01,268.55960231230983,268.7768730392971,266.43233818876865,267.63629150390625,78705600.0
2019-07-02,267.59093754948606,268.38753219550205,266.7490931451758,268.3332214355469,61504500.0
2019-07-03,269.01219161006856,270.4967597025448,268.8673536772652,270.4786376953125,40898900.0
2019-07-05,269.2475267615392,270.333797324257,267.95307413888946,270.1708374023437,51677300.0
2019-07-08,268.8583031221058,269.9898235013948,268.1431745073926,268.6863098144531,45841800.0
2019-07-09,267.52760848387834,269.31991891337793,267.4732977208636,269.0212097167969,41101300.0
2019-07-10,270.08936704826425,271.2571037412516,269.55529277783,270.3066101074219,58448500.0
2019-07-11,270.9493686208283,271.18470609038985,269.93553071345565,270.9403076171875,50826100.0
2019-07-12,271.42915820211965,272.22575309854625,271.12138792395734,272.1533203125,40326000.0
2019-07-15,272.5877609929242,272.5877609929242,271.7368555478473,272.2437744140625,33900000.0
2019-07-16,272.15325636311616,272.3614660428078,271.05795245040616,271.36572265625,36650100.0
2019-07-17,271.3384747913768,271.5014070286415,269.5189819335937,269.5189819335937,36036300.0
2019-07-18,269.02119714332446,270.8859402530274,268.57765005776565,270.5057373046875,51392600.0
2019-07-19,271.6010788909573,271.6282342722078,268.8311195033801,269.00311279296875,58678600.0
2019-07-22,269.401450445639,270.20710633424665,268.8854980717697,269.6639709472656,43638100.0
2019-07-23,270.7863520324811,271.59197998046875,269.9535410820308,271.59197998046875,44564500.0
2019-07-24,270.8316109147992,272.86834716796875,270.7410837785465,272.86834716796875,47213200.0
2019-07-25,272.415816486124,272.4701272583008,270.7592550596967,271.5649108886719,55394100.0
2019-07-26,272.2528181910859,273.5834870369628,272.1260746700478,273.38433837890625,45084100.0
2019-07-29,273.2666470176047,273.3843295333311,272.3342755180086,272.8864440917969,38126500.0
2019-07-30,271.48342130098905,272.62400266829127,271.10321830355207,272.2166442871094,45849000.0
2019-07-31,272.46103201638994,272.6511473201297,267.21984978486825,269.23846435546875,104245200.0
2019-08-01,269.3924494744152,272.3524976332888,266.0974479886819,266.89404296875,142646600.0
2019-08-02,265.9977641589245,266.24216256795125,263.3273655371344,264.88433837890625,116749700.0
2019-08-05,260.78381301761164,260.89243457546314,255.0175884465392,256.9185485839844,178745400.0
2019-08-06,258.8104261086006,260.73854147453096,257.3349189459399,260.5212707519531,120711700.0
2019-08-07,257.44354168218393,261.4446103725473,255.3072442129039,260.6751708984375,140572300.0
2019-08-08,262.1687766333647,265.7896423339844,261.61660787402644,265.7896423339844,87713900.0
2019-08-09,264.848278825007,265.44572513695664,262.19600063523114,263.9792785644531,93730000.0
2019-08-12,262.47653060747723,263.9701320912524,259.8151922727457,260.76568603515625,65527600.0
2019-08-13,260.466836214984,266.2692739388337,260.1228497239447,264.8209228515625,94299800.0
2019-08-14,260.7655770448251,261.3720562885335,256.86409833529893,256.9908142089844,135622100.0
2019-08-15,257.8779789447643,258.5659520526638,255.62399959125736,257.6697692871094,99556600.0
2019-08-16,259.3263521875103,261.90619630989795,257.7241018009672,261.4717102050781,83018300.0
2019-08-19,264.4951712812332,265.30079947919467,263.81625900906977,264.62188720703125,53571800.0
2019-08-20,264.11496460228994,264.6490389340067,262.4674918396257,262.5942077636719,51596400.0
2019-08-21,264.7576851703663,265.1016441746903,264.06971191169754,264.73052978515625,49524700.0
2019-08-22,265.4365786995359,266.0702135180724,262.87480116707053,264.6490173339844,51666400.0
2019-08-23,263.34552999656404,265.01112462198813,256.60165772038295,257.8508605957031,149161500.0
2019-08-26,260.0414527243702,260.7022705078125,258.5116351075703,260.7022705078125,72423800.0
2019-08-27,262.0963526786402,262.46749470133955,258.9190344141973,259.6794128417969,66668900.0
2019-08-28,259.0185294396297,261.67080579140867,258.2128739087133,261.50787353515625,59696700.0
2019-08-29,264.06964142875887,265.3731548209414,263.0648371941585,264.8481140136719,57899400.0
2019-08-30,266.33275276257075,266.35084714437403,263.7981580595969,264.73052978515625,62901200.0
2019-09-03,263.02868486425206,263.9429344655797,261.85188719792905,263.1825561523437,69101400.0
2019-09-04,265.35520195908106,266.18798574404536,264.60385672643133,266.1698913574219,46887300.0
2019-09-05,268.65915054275484,270.50577188502655,266.133589357725,269.5915222167969,83258100.0
2019-09-06,269.90827070857443,270.44234484116004,269.22935869893166,269.79962158203125,49584300.0
2019-09-09,270.7864219040724,270.8769214356232,268.99408365421084,269.9355163574219,51260300.0
2019-09-10,269.17512757759675,269.93553364138535,267.91689118337393,269.8721618652344,57947100.0
2019-09-11,270.17988445721164,271.87263435713766,269.5281276782288,271.7911682128906,68821100.0
2019-09-12,272.69632756930724,273.7916312247099,271.9359494232012,272.7325439453125,72908700.0
2019-09-13,273.1761761691998,273.52922378912524,272.1804327059594,272.55157470703125,62104800.0
2019-09-16,271.420010477692,272.59680806233507,271.0669905398025,271.7096862792969,58191200.0
2019-09-17,271.51055272814114,272.4881740817053,271.33855943792975,272.3976745605469,41475500.0
2019-09-18,272.0083811981535,272.6691989062345,269.9716449420855,272.5605773925781,73375800.0
2019-09-19,272.9498388074487,273.94558214926315,272.20755489582285,272.54248046875,76560500.0
2019-09-20,273.14641599012,273.42835453717225,270.4637120181929,271.2548828125,89565000.0
2019-09-23,270.59089610131656,271.9095320231954,270.33626621153167,271.19110107421875,43476800.0
2019-09-24,272.28238140130355,272.67341519548154,268.09915238087564,269.0631103515625,94869400.0
2019-09-25,269.14500041802086,271.1001974881487,267.6626795721894,270.65460205078125,71854000.0
2019-09-26,270.6637140924757,270.87285754850967,268.6812361680686,270.0907897949219,56179700.0
2019-09-27,270.84559996849686,270.95475088185464,267.08071215888543,268.6357727050781,84746600.0
2019-09-30,269.1540552559003,270.59088936551007,269.1085965366539,269.8815612792969,51662400.0
2019-10-01,270.76363946017125,271.41840589171403,266.45310997484825,266.6713562011719,88242400.0
2019-10-02,265.0890805845865,265.0981834304404,260.66942690190984,261.96075439453125,122539500.0
2019-10-03,261.733394388604,264.13421437759865,259.0143078389005,264.10693359375,85278800.0
2019-10-04,264.7617225564784,267.93550760720115,264.7071332315853,267.6808776855469,65091200.0
2019-10-07,266.88061793215365,268.5084455962607,266.2440292191831,266.52593994140625,59610500.0
2019-10-08,264.67077779882845,265.40738677887896,262.35179996128653,262.38818359375,95708100.0
2019-10-09,264.4070675955947,265.81662125732413,263.7795817068035,264.87994384765625,62359400.0
2019-10-10,264.7980020850357,267.55347170265907,264.63431741529297,266.6713562011719,55296300.0
2019-10-11,269.4269933421255,271.6732046599202,269.308795064422,269.43609619140625,98720400.0
2019-10-14,269.1177501154781,269.7907225235928,268.7903806352471,269.1359558105469,40394800.0
2019-10-15,270.1817511420704,272.5461879902581,270.06352513677353,271.80047607421875,46754500.0
2019-10-16,271.33670236205063,272.0551335613163,270.9274904783572,271.3639831542969,48928200.0
2019-10-17,272.5279376213477,273.03719744331266,271.4730343465405,272.1641845703125,45736600.0
2019-10-18,271.627605856506,272.2732695129562,270.1180045415431,270.97283935546875,64304000.0
2019-10-21,272.2914796022164,273.0098827692464,271.8549593436127,272.809814453125,39048600.0
2019-10-22,273.3464634980912,273.6374771193446,271.82778646373816,271.9187316894531,48594700.0
2019-10-23,271.66409919775487,272.7644614867511,271.45492795580265,272.7098999023437,34352200.0
2019-10-24,273.64650791287386,273.79201468518664,272.3278718686874,273.1554260253906,35453100.0
2019-10-25,272.5824645850226,274.81959968239687,272.52790302192324,274.2739562988281,45205400.0
2019-10-28,275.4926378342722,276.3201921595279,275.4653570434433,275.82000732421875,42147000.0
2019-10-29,275.54713265499714,276.66570031313864,275.4198038269224,275.73809814453125,44284900.0
2019-10-30,275.9381708137291,276.95669044401245,274.6286376454852,276.5838623046875,49643900.0
2019-10-31,276.57476285774817,276.57476285774817,274.39221680138,275.84722900390625,69053800.0
2019-11-01,277.2932145171296,278.4481381708568,277.1295020424609,278.4026794433594,71141500.0
2019-11-04,279.9577300463906,280.09413397670744,279.1483538055443,279.5212097167969,60606900.0
2019-11-05,279.7212960070464,280.02141242557303,278.9210225610841,279.2120361328125,42933200.0
2019-11-06,279.2120313794404,279.5485036742687,278.329915585056,279.27569580078125,46487100.0
2019-11-07,280.6125210197655,281.59465715586936,279.78496676724404,280.2578430175781,54272300.0
2019-11-08,279.91221880793387,281.0035056590973,279.2119935258601,280.9489440917969,49032100.0
2019-11-11,279.5666824717528,280.585202104894,279.4302507955533,280.41241455078125,35797300.0
2019-11-12,280.7762213895236,281.9038643775972,280.230577837926,281.0035705566406,46484600.0
2019-11-13,280.01229829459345,281.4946191287311,279.7849491544516,281.094482421875,53917700.0
2019-11-14,280.81263100190245,281.5856237921182,280.17604217405733,281.5037536621094,51219900.0
2019-11-15,282.84045746173746,283.5861691680478,282.14933507162783,283.54071044921875,62023600.0
2019-11-18,283.3043130077444,283.9863604368472,282.8496147216759,283.7499084472656,49228000.0
2019-11-19,284.35010771793173,284.35921056429345,283.0223965204034,283.6680603027344,67804700.0
2019-11-20,283.0769908741344,283.5953536303308,281.05812918125986,282.6131896972656,79406200.0
2019-11-21,282.72232699674834,282.83145015014986,281.3582320740642,282.1584777832031,54664700.0
2019-11-22,282.9041451712369,283.0405490915344,281.776502426674,282.7859191894531,44850200.0
2019-11-25,283.7136140549297,284.9776611328125,283.7136140549297,284.9776611328125,48647200.0
2019-11-26,285.0140107943301,285.8051814488202,284.6957164125303,285.623291015625,37569000.0
2019-11-27,286.1052554908473,286.8964538574219,285.88700918425144,286.8964538574219,44444600.0
2019-11-29,286.3326155519564,286.57817040881315,285.6051093338683,285.8324584960937,36592700.0
2019-12-02,286.0871227294909,286.1507871631629,282.9770013590079,283.4044189453125,75767800.0
2019-12-03,280.68530213529885,281.5856237921182,279.3030290622985,281.5037536621094,73941700.0
2019-12-04,282.5495390662209,283.8408667166338,282.2039639124934,283.2406616210937,49080000.0
2019-12-05,283.9409017092727,283.9590796497863,282.44037516318184,283.7499084472656,40709000.0
2019-12-06,285.6596274218507,286.7418114894914,285.6505245759209,286.3416748046875,48927000.0
2019-12-09,285.95066612044394,286.62361071654885,285.3686389813186,285.44140625,34838500.0
2019-12-10,285.3868406884249,286.05068242852656,284.4683412640769,285.12310791015625,52649800.0
2019-12-11,285.5777561576217,286.18706396907805,285.0412156010794,285.93243408203125,53429100.0
2019-12-12,285.9416207847404,289.17907107766985,285.70519649542786,288.3970031738281,96389600.0
2019-12-13,288.16046262508945,289.7973929659032,287.3874700546423,288.5697021484375,81503900.0
2019-12-16,290.29758563663097,291.14331781947243,288.5060732129594,290.5522155761719,82749700.0
2019-12-17,290.9341390505021,291.2342276828815,290.5340023722772,290.6158447265625,61097700.0
2019-12-18,291.0069807802947,291.23432998402933,290.57956316717014,290.6341247558594,48133000.0
2019-12-19,290.8250365559366,291.898145691162,290.57040660492686,291.82537841796875,85310500.0
2019-12-20,292.85803523538505,294.237984386414,291.8802179923732,293.10479736328125,147142100.0
2019-12-23,293.8906778189208,293.9455076437393,293.40632910700657,293.55255126953125,52990000.0
2019-12-24,293.7810563883531,293.82673861863617,293.2601450957839,293.5617370605469,20270000.0
2019-12-26,293.9454926967339,295.13353724845075,293.9363729857451,295.1243896484375,30911200.0
2019-12-27,295.8554774530982,295.91030727604016,294.52123861313635,295.05126953125,42528800.0
2019-12-30,295.1336082608336,295.27068284889134,292.9403032957844,293.4246520996094,49729100.0
2019-12-31,292.9220497660977,294.3842438486016,292.5747755339869,294.1374816894531,57077300.0
2020-01-02,295.672721478946,296.90644827655234,294.7497063085325,296.8881530761719,59151200.0
2020-01-03,293.497710709038,295.76411231173057,293.442880886225,294.6400451660156,77709700.0
2020-01-06,292.8853336655819,295.8462827995166,292.76652644962843,295.7640380859375,55653900.0
2020-01-07,295.19746609117453,295.6726950341624,294.48465056571524,294.9324645996094,40496400.0
2020-01-08,295.12441496646585,297.7197956916485,294.87768074616207,296.5043640136719,68296000.0
2020-01-09,298.0670758368869,298.5879870903448,297.48218715461246,298.5148620605469,48473300.0
2020-01-10,299.09965725356824,299.254999087536,297.18967781024986,297.6557312011719,53029300.0
2020-01-13,298.2772800531271,299.7120310890485,297.8477611357546,299.7029113769531,47086800.0
2020-01-14,299.26411691478376,300.31505870061426,298.68837607072453,299.245849609375,62832800.0
2020-01-15,299.1545652539482,300.6807085322573,299.07232051640693,299.9222106933594,72056600.0
2020-01-16,301.3021641332184,302.4170837402344,301.0736972292317,302.4170837402344,54050300.0
2020-01-17,303.1299315092865,303.56857016247767,302.3531383755547,303.3583984375,95846000.0
2020-01-21,302.39877129641013,303.5685206625626,302.32567416247394,302.7643127441406,77742400.0
2020-01-22,303.62340922666306,304.2722754026212,302.64559193983825,302.8009338378906,48914900.0
2020-01-23,302.1521113343028,303.5594755373367,301.037191516918,303.1482238769531,51963000.0
2020-01-24,303.8061154859915,303.88836021472963,299.1636529443787,300.45220947265625,87578400.0
2020-01-27,295.2066505448216,297.116630487524,294.8685239941124,295.6361694335937,84062500.0
2020-01-28,297.0617985757093,299.61149697791484,295.72755969424713,298.73419189453125,63834000.0
2020-01-29,300.0958426351734,300.32430953188833,298.2863747731424,298.4874267578125,53888900.0
2020-01-30,296.42218956000465,299.66643745775275,295.6728390501093,299.45623779296875,75491800.0
2020-01-31,298.8348117216408,298.9901815401948,293.1048698672145,294.01873779296875,113845600.0
2020-02-03,295.49912122993766,298.0670871911225,295.3803139687608,296.2027893066406,69083000.0
2020-02-04,299.8125346860519,301.5854399692841,299.492675464825,300.7172546386719,62573200.0
2020-02-05,303.6507628947107,304.4001409842499,302.1885971158361,304.18994140625,65951100.0
2020-02-06,305.1494930421346,305.4053748205114,304.1350856388759,305.2134704589844,50359700.0
2020-02-07,304.1535076731091,305.2227174507982,303.0385877690276,303.5869140625,64139400.0
2020-02-10,302.7004442781708,305.9172489243438,302.6638817568983,305.853271484375,42070000.0
2020-02-11,307.2057455520756,307.99165832638704,305.8532114209266,306.3832702636719,54864500.0
2020-02-12,307.81800184241695,308.5673799444257,307.4524603916157,308.3572082519531,43992700.0
2020-02-13,306.9316372388718,308.99698746751847,306.6574880443758,308.0282897949219,54501900.0
2020-02-14,308.43954479154826,308.6405968326844,307.24238014765734,308.52178955078125,64582200.0
2020-02-18,307.5255105676389,308.5856000392685,306.3374662804076,307.7265625,57226200.0
2020-02-19,308.69538196134926,309.87425122864335,308.4120852020123,309.197998046875,48814700.0
2020-02-20,308.6496697818951,309.4721730276708,304.9393691304808,307.927734375,74163400.0
2020-02-21,306.57521018265294,306.88592186587607,303.9341190417113,304.7566223144531,113788200.0
2020-02-24,295.307216805096,304.82970245486194,293.5708458942109,294.64923095703125,161088400.0
2020-02-25,296.0382762665826,296.65055194836293,284.84339802698764,285.720703125,218913200.0
2020-02-26,287.1188663037413,290.7103586583062,283.9386254537844,284.6697082519531,194773800.0
2020-02-27,279.1499964992916,284.72459458112405,271.884765625,271.884765625,284353500.0
2020-02-28,263.833624362164,272.23207101783856,260.9457989935452,270.7424621582031,384975800.0
2020-03-02,272.52443233830087,282.53129309523894,269.0974290501747,282.4673156738281,238703600.0
2020-03-03,282.8419998690826,286.80818159326185,271.9395669552168,274.37957763671875,300139100.0
2020-03-04,279.7531092321764,286.131914298969,277.203411147517,285.9125671386719,176613400.0
2020-03-05,278.7113812011502,281.9007705498337,274.1694576163429,276.4084167480469,186366800.0
2020-03-06,267.9002831419246,273.0453622263488,265.23180535005173,271.83905029296875,228667200.0
2020-03-09,251.58772614350625,259.71202207505866,249.89709348195652,250.6099090576172,309417300.0
2020-03-10,260.12333967774066,263.66912325632626,249.94283916733423,263.5777587890625,276444100.0
2020-03-11,256.52265940769087,257.65584636432993,247.54847242990883,250.7287139892578,255316300.0
2020-03-12,233.95013117048157,243.69196419793585,226.34674521407396,226.73971557617188,392220700.0
2020-03-13,240.42941305337604,248.09677526977265,227.11436995312613,246.1228179931641,329566100.0
2020-03-16,220.4065784730682,234.7725780910604,216.91561153342053,219.19114685058597,297240000.0
2020-03-17,223.93414936559597,234.1055159225691,216.65063616066,231.02577209472656,262070500.0
2020-03-18,215.9012281894684,226.977299433706,208.380101478062,219.32823181152344,327597100.0
2020-03-19,218.64284326233184,226.0725919909202,212.21835456333,219.7943115234375,289322000.0
2020-03-20,222.94364621592396,224.72697702090403,210.0466887261092,210.3224639892578,347158800.0
2020-03-23,209.7617156608412,211.13137648969652,200.6336404665036,204.94488525390625,326025200.0
2020-03-24,215.48857598678677,224.3868403910806,214.91865078430803,223.5135498046875,235494500.0
2020-03-25,225.09466188292848,235.6475644145072,220.38814988584195,226.85960388183597,299430300.0
2020-03-26,229.36911860691484,241.5766292796349,228.9370740257552,240.1058654785156,257632800.0
2020-03-27,232.8162972428731,239.74737193984004,230.77558000293203,232.9541778564453,224341200.0
2020-03-30,235.05004716701424,241.2365384930664,233.0552948085847,240.51953125,171369500.0
2020-03-31,239.5175140854748,242.0638024214254,235.52801015650783,236.9344482421875,194881100.0
2020-04-01,227.9534688676713,236.8517325396181,224.20296243005836,226.2712554931641,189554600.0
2020-04-02,225.38879163266063,232.27390045217555,224.83724120524903,231.4925537109375,177660400.0
2020-04-03,230.50898872250409,232.8622586960982,225.4163970895069,228.14654541015625,135561200.0
2020-04-06,237.0171961738574,245.43745065637108,228.1281336328922,243.4702606201172,188061200.0
2020-04-07,252.0652064208369,252.8189911912203,243.49789687410168,243.718505859375,201427200.0
2020-04-08,246.319917218224,253.7106259149399,243.82878088383265,251.89971923828125,153774500.0
2020-04-09,255.16297227897329,258.49064914825794,253.22338671872396,255.73292541503903,189999200.0
2020-04-13,254.7586045942313,255.09871946317557,249.49134066253836,253.3981170654297,114839100.0
2020-04-14,258.28857580522424,261.8919880176836,253.2603219447851,260.87164306640625,134143400.0
2020-04-15,255.1538178585216,261.0093805310118,253.2142041014616,255.32847595214844,121775000.0
2020-04-16,256.60631463326337,257.4152518167674,253.49009986161752,256.56036376953125,131798300.0
2020-04-17,262.3331711725406,264.09809932728353,259.5938211171872,263.4914245605469,146684800.0
2020-04-20,259.786828884741,263.6292797051415,258.6286036617239,258.8492126464844,100109300.0
2020-04-21,254.3816417460952,255.5858455418841,250.0519952513257,250.98963928222656,126385700.0
2020-04-22,255.8709324953672,258.3069173868075,254.5472222047297,256.56036376953125,92951600.0
2020-04-23,257.8379731481398,261.00936672997125,256.2385023258337,256.5418395996094,104709700.0
2020-04-24,258.05870563521063,260.78885432168994,256.00878675884167,260.1177978515625,85063200.0
2020-04-27,262.0941566039355,264.98976199024764,261.634535810774,263.8682861328125,77896600.0
2020-04-28,267.51761283020494,267.86692903854635,262.3514808302591,262.65484619140625,105270000.0
2020-04-29,267.9863822215948,271.06584580976937,266.9568365802622,269.5307006835937,118745600.0
2020-04-30,268.15201173993984,269.6320055930464,265.2839818753493,267.0213623046875,122901700.0
2020-05-01,262.2686870431386,267.18663274587783,258.78475527255705,259.95220947265625,125180000.0
2020-05-04,258.0678424422392,260.9726488665371,256.58787713450204,260.6693115234375,80873200.0
2020-05-05,263.4913981694902,265.8906050294555,260.7979992424974,263.0777282714844,79569900.0
2020-05-06,264.77830538088773,265.1643710660051,260.8623279708527,261.2943725585937,73632600.0
2020-05-07,264.5118329079812,266.377892674837,263.94190746978387,264.4474792480469,75250400.0
2020-05-08,267.58192522789057,269.2917284965723,266.45124842032664,268.8229064941406,76452400.0
2020-05-11,266.8924571016374,270.2568828876202,266.4696140512824,268.8780212402344,79514200.0
2020-05-12,270.0639771433086,270.4776190002841,263.3810732615767,263.5189819335937,95870800.0
2020-05-13,262.95820745768185,263.9969547866996,256.4315875392969,258.8583984375,144721100.0
2020-05-14,256.4224143490226,262.08491700872327,250.94371509495167,261.95623779296875,121977900.0
2020-05-15,259.56619361268525,263.2063817576998,258.6193760782768,263.1604309082031,111146300.0
2020-05-18,269.3837068905075,272.78491161799025,269.0619948120629,271.1762390136719,119703800.0
2020-05-19,270.5787601052246,272.2885359496412,268.3725859611599,268.3909606933594,95189300.0
2020-05-20,271.9299425834225,273.814375850398,271.70013227998567,272.9502868652344,85861700.0
2020-05-21,272.8217031855584,273.6306402253111,269.97204881480235,271.0659484863281,78293900.0
2020-05-22,270.7809833540963,271.755377128521,269.5400016819818,271.5807189941406,63958200.0
2020-05-26,277.5466019109484,277.7856136973342,271.59910780063615,274.9267578125,88951400.0
2020-05-27,277.7212306525081,279.0541420158943,272.8952128963509,279.0173645019531,104817400.0
2020-05-28,280.04688227031033,282.06002314727544,277.8315071665672,278.5025634765625,90405200.0
2020-05-29,278.03375713092686,280.3318607230198,275.28523421175083,279.7435607910156,119090800.0
2020-06-01,279.10004699838373,281.4808786671015,278.5852740999053,280.8741760253906,55758300.0
2020-06-02,281.79348222342395,283.24589956300736,280.46059882527766,283.1999206542969,74267200.0
2020-06-03,285.1854499138464,287.92479945173847,284.9096887083299,286.9687805175781,92567600.0
2020-06-04,285.9851859818692,287.7225657388418,284.119127013096,286.2149963378906,75794400.0
2020-06-05,291.6110119068838,295.324727633124,291.5466582645759,293.55059814453125,150524700.0
2020-06-08,294.35949682860377,297.2918792842742,293.817147742069,297.0988464355469,73641200.0
2020-06-09,294.43309742484524,297.1724477167715,293.56900800568155,294.883544921875,77479200.0
2020-06-10,295.462583123064,296.3542484031599,292.5209994219378,293.2380065917969,95000800.0
2020-06-11,286.3069990386874,286.9412780271555,275.7816988829913,276.3332214355469,209243600.0
2020-06-12,283.34693642916073,284.11909577413104,274.4854646628665,279.64239501953125,194678900.0
2020-06-15,273.9523329194972,283.38375938311225,272.7757049594633,282.2530822753906,135782700.0
2020-06-16,290.0022973807095,290.14937937635153,282.82302403325144,287.685791015625,137627500.0
2020-06-17,288.70612812151614,289.0002920766574,285.7553432859751,286.4907531738281,83398900.0
2020-06-18,284.9740270872474,287.07906963373426,284.51440640064004,286.60107421875,80828700.0
2020-06-19,290.0688764870462,290.2627587254617,283.0149554548068,284.9631042480469,135549600.0
2020-06-22,284.3629814046149,287.1882356545676,283.2181152364282,286.7912292480469,74649400.0
2020-06-23,289.44113788217754,290.37366646344435,287.7053543820457,288.1116027832031,68471200.0
2020-06-24,286.0711669477362,286.6897814759057,278.92493642655745,280.76226806640625,132813500.0
2020-06-25,280.18973880894407,284.0398556852311,278.16773923870545,283.7720947265625,89468000.0
2020-06-26,282.6733996882287,282.8857657278593,276.45045766240185,277.0321044921875,127961000.0
2020-06-29,278.28780803699664,281.24230815078425,275.99804720322345,281.10382080078125,79773300.0
2020-06-30,280.6699229107989,286.4035537681701,280.5129799461542,284.7046813964844,113394800.0
2020-07-01,285.8218691543317,287.96390105074033,285.360225806475,286.698974609375,72396500.0
2020-07-02,290.13355781025984,291.4815764666122,287.61300354993097,288.2777709960937,69344200.0
2020-07-06,292.1001382664865,293.3096412974306,291.3522784741155,292.7279663085937,61713800.0
2020-07-07,291.1861878161966,293.1620068643434,289.3303723806456,289.7089233398437,82910000.0
2020-07-08,290.4752376937071,292.03559459185783,288.7117847552177,291.9248046875,54638600.0
2020-07-09,292.53415581966215,292.7742193790963,286.8467063436829,290.26287841796875,83354200.0
2020-07-10,290.19824424631554,293.4943845710968,288.7671611130503,293.22662353515625,57550400.0
2020-07-13,295.5718172886501,297.95388491153363,290.0320963106647,290.6876220703125,102997500.0
2020-07-14,289.26569521963995,295.2301472460135,288.06543384919064,294.45458984375,93657000.0
2020-07-15,297.67688940871585,298.2585645791441,294.7777554407008,297.15985107421875,87196500.0
2020-07-16,295.2578960538468,296.6335843805212,294.6115840180191,296.1811828613281,54622500.0
2020-07-17,297.18755470615184,297.8246248415815,295.2117074625928,297.0398254394531,62774900.0
2020-07-20,296.7720261466081,300.1881980797464,296.02416620162734,299.4403381347656,56308800.0
2020-07-21,301.40695821426857,301.8501178028075,299.08949955212785,300.0774230957031,57292200.0
2020-07-22,299.7172780341707,302.0993731333049,299.60648815541464,301.7854309082031,57792900.0
2020-07-23,301.42537631818345,302.1270831480681,296.8181852176336,298.18463134765625,75738000.0
2020-07-24,296.3289495911897,297.289147705287,294.7593505494647,296.2643127441406,73766600.0
2020-07-27,296.95669073754914,298.60013985296814,296.1626495641368,298.4247131347656,48293000.0
2020-07-28,297.6952737904054,298.8124707963444,296.2364934476947,296.5319519042969,57495000.0
2020-07-29,297.40915556374705,300.7422357434554,297.37221620033927,300.17901611328125,48454200.0
2020-07-30,297.2059420708996,299.5234003844888,295.11933357691976,299.10791015625,61861700.0
2020-07-31,300.8990939222795,301.5731032762325,296.6796674453573,301.4715270996094,84986800.0
2020-08-03,303.1334674949773,304.3337288211006,302.58873177456934,303.5674133300781,53077900.0
2020-08-04,302.7087180143602,304.7399597167969,302.7087180143602,304.7399597167969,41917900.0
2020-08-05,306.0418625918955,306.8912988063236,305.7741015428456,306.6327514648437,42697700.0
2020-08-06,306.05102897866146,308.8024048039593,305.7278730580041,308.682373046875,43679400.0
2020-08-07,307.71297454516787,309.1902388250722,306.8081434818142,308.9040222167969,57308300.0
2020-08-10,309.3564462990686,310.0119719811735,307.4175385508336,309.82733154296875,44282100.0
2020-08-11,311.0090722127674,311.6461421704279,306.54036880387395,307.2697448730469,69601100.0
2020-08-12,309.7072598051472,312.32939037175544,309.67956233416606,311.5538330078125,53774400.0
2020-08-13,310.78750691268493,312.3017105491452,310.0673444500074,310.9906311035156,41816100.0
2020-08-14,310.6028714247222,311.5353999760587,309.8734670674449,310.9998779296875,47260400.0
2020-08-17,312.0154599206983,312.38476890654016,311.0090809592796,311.9877624511719,35481000.0
2020-08-18,312.3848317893029,313.08653872718406,310.78753558782734,312.6618347167969,38733900.0
2020-08-19,313.0403457388199,313.5573840389721,310.7967658103232,311.3599853515625,68054200.0
2020-08-20,309.6333670693156,312.8094750881142,309.50412160274976,312.3293762207031,42207800.0
2020-08-21,311.99699218231325,313.6588966421129,311.6553525028336,313.43731689453125,55106600.0
2020-08-24,315.8747876973416,316.68728436371094,313.4096284054614,316.6134338378906,48588700.0
2020-08-25,317.17663880879144,317.8044669230327,316.0132886974553,317.72137451171875,38463400.0
2020-08-26,318.3123353958914,321.17450165786835,317.76759961775787,320.9067687988281,50790200.0
2020-08-27,321.7746114341692,323.05796511433385,319.94649388256835,321.6083984375,58034100.0
2020-08-28,322.6333502400912,323.8151562485118,321.4423023469517,323.6858825683594,48588900.0
2020-08-31,323.473470596124,324.3505759728523,322.2824229755876,322.51324462890625,66099200.0
2020-09-01,323.3441739119168,325.6523902806764,322.4485848337792,325.55084228515625,54908700.0
2020-09-02,327.46208615275333,331.22908325949226,326.31719155514446,330.2596435546875,69540000.0
2020-09-03,328.5700392045548,329.0409244463154,316.3087927397801,318.8940124511719,148011100.0
2020-09-04,319.5773044371299,321.14687528693776,309.1810847564567,316.2904052734375,139156300.0
2020-09-08,310.8798493187982,316.3549607309717,307.3436737413122,307.6483459472656,114465300.0
2020-09-09,311.65539056693245,316.1887312996784,310.78749888094603,313.7235717773437,91462300.0
2020-09-10,315.5978402401596,316.25336585308577,307.3159581046872,308.27618408203125,90569500.0
2020-09-11,310.05809882812946,311.11987273507737,305.6078508539459,308.43310546875,84680200.0
2020-09-14,311.59989453117566,314.2682055498856,308.580758375254,312.4954833984375,65605700.0
2020-09-15,314.9514459769366,315.7823980850673,312.5047427010378,314.0743408203125,52920900.0
2020-09-16,315.31161561893896,316.74269857760834,312.55096952637047,312.8279724121094,82096000.0
2020-09-17,307.97141566014835,311.7938349594203,307.44513563897925,310.0765075683594,91523300.0
2020-09-18,310.8821027224487,310.9933360912378,304.0224381842765,306.5067443847656,105877900.0
2020-09-21,301.91817103397455,303.2437490415965,298.2380498714508,303.0954284667969,99450800.0
2020-09-22,304.578741446326,306.7385988951139,302.066597722541,306.1824035644531,63612100.0
2020-09-23,306.7385217044883,307.0166334444668,298.5810865385112,299.0816650390625,93112200.0
2020-09-24,297.7653262008505,302.93787621508653,296.4489985751981,299.8788452148437,76681300.0
2020-09-25,299.0259943751535,305.5148717009548,298.1546568746652,304.7269592285156,71069400.0
2020-09-28,308.8891253586317,310.5020659374077,307.8972472441894,309.7882995605469,64584600.0
2020-09-29,309.5844354072637,310.3260103041518,307.4060202499104,308.10125732421875,51304000.0
2020-09-30,308.7686396406758,313.5889606137836,308.573981210121,310.4372253417969,104081100.0
2020-10-01,313.03273929794693,314.0060596588878,310.54843285554995,312.4302062988281,88698700.0
2020-10-02,307.4801391377748,312.4024144710618,307.0073689601297,309.4638671875,89431100.0
2020-10-05,311.5217825678193,315.1370091924181,311.475444751699,314.9516296386719,45713100.0
2020-10-06,315.0905952451243,317.1855845500535,309.96438363528426,310.4742126464844,90128900.0
2020-10-07,313.4314442651573,316.6851631995947,313.4036359105584,315.8786926269531,56999600.0
2020-10-08,317.8159221887509,318.74290459076605,316.89819037406056,318.6780090332031,45242500.0
2020-10-09,320.32811028649445,321.9874170889095,319.7070477762188,321.52392578125,59528600.0
2020-10-12,324.0638752403505,328.1704017681075,323.5725755461636,326.6965026855469,80388500.0
2020-10-13,326.55742954167613,326.7335584990035,323.6003527814088,324.5644226074219,73255500.0
2020-10-14,325.1390911694356,326.2329236603553,321.7926981363864,322.5249938964844,57727900.0
2020-10-15,318.61322292977366,322.6085161918332,318.07558539918216,322.1264953613281,60357700.0
2020-10-16,323.4798383039487,325.1391450693449,321.7556642567683,321.9317932128906,89501900.0
2020-10-19,323.19247265299344,323.8228140214689,316.1381487588856,317.0373229980469,68425600.0
2020-10-20,318.3814276529497,321.5517205103544,317.62132344041964,318.3072814941406,60051900.0
2020-10-21,318.2609704772859,320.4301349752656,317.3988833217598,317.7048034667969,63575000.0
2020-10-22,317.91790278181213,320.0314217004003,315.77657552045014,319.4474182128906,55399300.0
2020-10-23,320.6710851896819,320.7267018827422,318.0755452159894,320.53204345703125,49143900.0
2020-10-26,317.1485966489191,317.9365376041865,311.1139302008655,314.6086730957031,91473000.0
2020-10-27,314.9516395955158,315.28533977636755,313.3108621718636,313.5240783691406,65994100.0
2020-10-28,307.85086148317663,313.5517975998681,302.3167754094889,302.8080749511719,127094300.0
2020-10-29,303.0398684553781,309.0559761451705,301.35275342695843,305.8857116699219,90597700.0
2020-10-30,304.3099014101245,305.6169505054089,299.0446460866064,302.69696044921875,120287300.0
2020-11-02,306.08966064453125,308.0919181320214,303.34577182679664,306.08966064453125,86068300.0
2020-11-03,309.3248519661346,313.5518907130495,306.1731165199986,311.4939880371094,93294200.0
2020-11-04,315.97126216053266,322.5343145343358,314.7940044922087,318.4555969238281,126959700.0
2020-11-05,323.7393992214774,326.4740092498404,323.38714130170024,324.6663818359375,82039700.0
2020-11-06,324.3789774456897,325.843625628691,322.2654584902254,324.5921936035156,74973000.0
2020-11-09,337.3938694274252,337.7739357009492,328.20746815703154,328.67095947265625,172304200.0
2020-11-10,327.6790464420353,329.24564918548936,324.9166565996286,328.1889038085937,85552000.0
2020-11-11,330.3766191804443,331.4519224764257,329.13446579265536,330.6269226074219,58649000.0
2020-11-12,329.61646944206416,330.67324321370563,325.61192600078954,327.4195251464844,67546200.0
2020-11-13,329.3291377328836,332.69408950193605,328.8100296775812,331.9525146484375,62892200.0
2020-11-16,334.62217047881086,336.2907277500925,333.333651157792,336.0960693359375,74541100.0
2020-11-17,333.685888669106,335.4935158436268,332.174902681352,334.2884216308594,66111000.0
2020-11-18,334.55728418581134,335.1042005097741,330.22826311784223,330.2653503417969,70591300.0
2020-11-19,329.63497720915376,332.02657957234703,328.29084129066734,331.6557922363281,59940900.0
2020-11-20,331.39617710485027,331.6001143454081,329.31046689929525,329.3846130371094,70417300.0
2020-11-23,331.1923418161461,332.6199029395009,328.95831035799966,331.35919189453125,63230600.0
2020-11-24,333.9083818251607,337.24552471708824,333.05557370732873,336.6986083984375,62415900.0
2020-11-25,336.61515677967736,336.6429651228615,335.085641326032,336.1794738769531,45330900.0
2020-11-27,337.27326330014586,337.5884339123508,336.1052564572485,337.1156921386719,28514100.0
2020-11-30,336.3370573763305,336.6058902297958,332.9443262265779,335.623291015625,83872700.0
2020-12-01,338.8770337417267,340.8329534365879,338.2837513026085,339.2941589355469,74231400.0
2020-12-02,338.18174747696014,340.1654752287768,337.6070228786699,340.0079040527344,45927000.0
2020-12-03,339.9058822567246,341.3056346616912,338.81204987009494,339.9151611328125,62882000.0
2020-12-04,340.4992481431544,342.8445129394531,340.4065442272832,342.8445129394531,50749900.0
2020-12-07,342.07511907507774,342.6313143095269,340.8700529748252,342.1400146484375,48944300.0
2020-12-08,340.87005554580287,343.7066201446968,340.82371772977626,343.14117431640625,42458900.0
2020-12-09,343.79924510819586,343.9568162779101,339.2292285583469,340.0635070800781,74098300.0
2020-12-10,338.6916205245105,340.99979809475724,337.82025463669373,339.95233154296875,57735400.0
2020-12-11,338.2558801692447,339.9615244312118,336.73564370740246,339.5536499023437,57698600.0
2020-12-14,341.7228170082681,342.79809173388674,337.8572878229824,338.0334167480469,69216200.0
2020-12-15,340.57342135002625,342.603515625,339.20150512752514,342.603515625,63865300.0
2020-12-16,342.81672473642504,344.0588780721469,341.93607991779965,343.14117431640625,58420500.0
2020-12-17,344.78185310544035,345.26387379305515,343.9568251499501,345.0599365234375,64119500.0
2020-12-18,345.3485696719916,345.5161309651634,341.6713691937956,343.68218994140625,136542300.0
2020-12-21,339.7629543638441,352.3212438699424,337.0260063626711,342.4533386230469,96386700.0
2020-12-22,342.7791972943252,342.8909048278069,340.7497680098052,341.8761901855469,47949000.0
2020-12-23,342.84433524058835,344.0917832562604,341.8575475802829,342.1833801269531,46201400.0
2020-12-24,342.65820709257804,343.54260584136324,342.07174248059044,343.5146789550781,26457900.0
2020-12-28,346.06543601964245,346.85673569296256,345.44172607715615,346.4657592773437,39000400.0
2020-12-29,347.9924491984202,348.1693289377811,345.2182555477863,345.80474853515625,53680500.0
2020-12-30,346.6238977069387,347.33141650655006,345.9070888877533,346.2980651855469,49455300.0
2020-12-31,346.1025893642061,348.7836834268124,345.5905871051007,348.0575561523437,78520700.0
2021-01-04,349.38886325350404,349.51920765992713,339.6233739583343,343.3191833496094,110210800.0
2021-01-05,342.6767566253038,346.7728598923991,342.6301928867929,345.68365478515625,66426200.0
2021-01-06,344.17555304257576,350.9434604581976,343.62630546858566,347.7503356933594,107997700.0
2021-01-07,350.1241909226185,353.66172782753097,349.9473112363885,352.9169921875,68766800.0
2021-01-08,354.3041791798379,355.14201412513074,351.0552285052697,354.92791748046875,71677200.0
2021-01-11,351.7533583363595,354.294789546003,351.6323323911676,352.53533935546875,51034700.0
2021-01-12,352.7215686990142,353.6245473333701,350.3662785938468,352.6098327636719,52547700.0
2021-01-13,352.5354151126377,354.55552607698144,351.7534339254866,353.5594482421875,45303600.0
2021-01-14,354.30415242528704,354.8068647184422,351.9861359560516,352.3212585449219,49989100.0
2021-01-15,350.70140387922305,351.50199335982205,347.88999385755534,349.7518615722656,107160000.0
2021-01-19,352.2095816653885,353.0381265986138,350.72939994936974,352.4981689453125,51233300.0
2021-01-20,354.7882275407677,358.21408610198193,354.39725118743416,357.3762512207031,61836100.0
2021-01-21,357.93475983810305,358.36300987967786,356.7804109135132,357.7020263671875,47840100.0
2021-01-22,355.8494812219019,357.5996414893799,355.4677949159223,356.4359741210937,52860500.0
2021-01-25,357.1714926802257,358.1954974452348,352.3213056451607,357.8417663574219,70402000.0
2021-01-26,358.79128116207573,359.2008944003585,357.0504391042999,357.2831726074219,42665300.0
2021-01-27,353.95971902424606,354.05281810421934,346.3167590029396,348.5509948730469,123351100.0
2021-01-28,350.36627971281166,355.55158851320573,349.9287680398475,351.548583984375,94198100.0
2021-01-29,349.6867328043069,350.65491209093165,342.83504399028214,344.5107421875,126765100.0
2021-02-01,347.9086772342032,351.2786539780254,344.79936089018344,350.2453308105469,75817600.0
2021-02-02,353.4291069607294,356.75254834286187,350.32910906965094,355.1978759765625,64450700.0
2021-02-03,356.0263594026921,357.19934519602856,354.20173693182824,355.47711181640625,52427100.0
2021-02-04,356.5104680448607,359.563930354463,355.5888524983493,359.51739501953125,47142600.0
2021-02-05,361.3885499748435,361.639891899346,359.47082842089645,360.932373046875,48669800.0
2021-02-08,362.3845937050821,363.5855062737908,361.5281505100716,363.5389709472656,38365200.0
2021-02-09,362.7011247326708,363.89274733764177,362.2915399745202,363.29693603515625,35551100.0
2021-02-10,365.0378769579993,365.1868298240842,360.7369659355189,363.1387634277344,59154400.0
2021-02-11,364.218521939403,364.63745350312536,361.2954046518024,363.7251281738281,42913300.0
2021-02-12,362.9245980037026,365.7639351240039,362.8501073798465,365.52191162109375,50593300.0
2021-02-16,366.75070644597713,366.94622301748575,364.4885439172145,365.2053527832031,50972400.0
2021-02-17,363.4552435609881,365.54052650809217,362.44050055956217,365.2891845703125,52290600.0
2021-02-18,362.6825372104316,364.47923283154506,360.9603038015021,363.7344970703125,59712800.0
2021-02-19,364.9912455990278,365.27983282306974,362.64527408765895,363.0921325683594,83241000.0
2021-02-22,360.3273043244353,362.7104930424211,360.0293986322245,360.2993774414063,67414200.0
2021-02-23,358.0930286391464,362.086742927384,353.9410715012877,360.7368774414063,107284100.0
2021-02-24,359.64766215783163,365.1401946066292,358.6608745485557,364.7119445800781,72433900.0
2021-02-25,363.4459121163381,364.81438610383606,354.4810139951626,355.9239501953125,146670500.0
2021-02-26,357.8044726689712,358.9495032557424,352.1071613879296,354.09002685546875,152701600.0
2021-03-01,358.9588307931296,363.92072482785227,354.2855524299561,362.6732482910156,105348800.0
2021-03-02,362.8966935413863,363.12942703807903,359.34051889355743,359.8432312011719,79595300.0
2021-03-03,359.1450818527897,360.11323288180216,354.9744867706238,355.076904296875,119940200.0
2021-03-04,354.89061115902405,357.4786061819684,346.19569221992555,350.68280029296875,183433000.0
2021-03-05,354.1831430171617,358.18617627812586,346.9032607012722,357.1342163085937,152039600.0
2021-03-08,358.09305771331407,360.9044680233819,355.0768407972248,355.3561096191406,123149200.0
2021-03-09,359.2008783576128,362.9804680067196,358.69816605856334,360.4297180175781,113633600.0
2021-03-10,362.7756658021816,364.3675549570112,361.3606563767608,362.6732482910156,109899400.0
2021-03-11,365.14016975445605,368.32394739867954,364.683992879817,366.3503723144531,86245000.0
2021-03-12,364.9912920253696,366.9834759676375,364.1813840090815,366.8438415527344,64653600.0
2021-03-15,367.09516616349055,369.29218502366257,364.9540294764912,369.0315246582031,73427200.0
2021-03-16,369.64592676134737,370.3534171995116,367.7933490003447,368.5660400390625,73722500.0
2021-03-17,367.28126421073824,370.6233127180052,366.1362055549973,369.8227233886719,97959300.0
2021-03-18,367.23481832610025,369.3201011892704,363.7624246210463,364.4420166015625,115349100.0
2021-03-19,364.141257136667,365.71969051583625,361.591473561956,363.7676696777344,113624500.0
2021-03-22,364.2813388885478,368.0546376770292,364.2253021963882,366.6723327636719,73778600.0
2021-03-23,366.0372179810948,367.48487998089433,363.0017737532812,363.7863159179688,90686600.0
2021-03-24,365.18737456445785,366.821844910974,361.8904155198871,361.9371032714844,97588600.0
2021-03-25,360.4987270317707,364.76700718739,358.55602665416086,363.97314453125,116128600.0
2021-03-26,365.1219613549917,370.2401983720078,364.5242270663124,369.8385925292969,114409100.0
2021-03-29,368.362923730932,370.557789685478,366.87789404327793,369.6518249511719,108107600.0
2021-03-30,368.3815491232856,369.3435503732095,367.07395025683695,368.6710815429688,76262200.0
2021-03-31,369.2408018270159,371.7251997987825,369.21278347970974,370.1654357910156,112734200.0
2021-04-01,372.0987781059756,374.2189375105821,371.893300729822,374.1628723144531,99682900.0
2021-04-05,376.8247195463823,380.0749901846481,376.7500134582946,379.53326416015625,91684800.0
2021-04-06,378.9729228929124,380.3551993878055,378.6366742165215,379.3091430664063,62021000.0
2021-04-07,379.1409942505184,380.0936464810016,378.68335178237857,379.7480773925781,55836300.0
2021-04-08,380.9996736719565,381.6067569139239,380.0656906834226,381.55072021484375,57863100.0
2021-04-09,381.429291282708,384.4927540631885,381.30786894490393,384.3246154785156,61104600.0
2021-04-12,383.7269281507639,384.73561726762654,383.1198448904272,384.46478271484375,56704900.0
2021-04-13,384.362032648904,386.2299986965263,383.9790961887934,385.6042175292969,56551000.0
2021-04-14,385.57622623649513,386.6316316879288,383.74562736217496,384.287353515625,61659900.0
2021-04-15,386.4261085208996,388.6863598708306,386.3794207731198,388.4154968261719,60229800.0
2021-04-16,389.7043961665137,390.3208283501207,388.28475230611167,389.7137451171875,82037300.0
2021-04-19,388.7797409196178,389.228034481116,386.4728019580856,387.7990417480469,78498500.0
2021-04-20,386.5849603909126,387.6870536425675,383.4841295615655,384.9598388671875,81851800.0
2021-04-21,384.343304744254,388.80774177837327,384.20318450969165,388.6022644042969,66793000.0
2021-04-22,388.4341732421304,389.26540322576255,383.9884053881031,385.0531311035156,97582800.0
2021-04-23,385.6134878217857,390.6383200253725,385.5387817363956,389.2279968261719,73209200.0
2021-04-26,389.88185775138544,390.61036333623,389.293443913069,390.0406188964844,52182400.0
2021-04-27,390.3395099382348,390.5356668911207,388.8171130815738,389.9565734863281,51303100.0
2021-04-28,390.2273577613204,391.34814854078337,389.3774299790914,389.8444213867188,51238900.0
2021-04-29,392.5717020984905,392.94528956050897,388.9478438608281,392.328857421875,78544300.0
2021-04-30,390.05926790428015,390.909195730544,388.8544220293682,389.75103759765625,85527000.0
2021-05-03,391.74051678751226,392.1234532710356,390.0967259470749,390.59173583984375,68128300.0
2021-05-04,388.6022800331591,389.0972898402204,384.49276088924864,388.1819763183594,101591200.0
2021-05-05,389.8258331455581,390.05932889798106,387.743040772902,388.3034362792969,60162200.0
2021-05-06,388.3781117451592,391.5349786293804,386.3700541332892,391.40423583984375,74321400.0
2021-05-07,392.1701353229904,394.90669867070073,391.4883174723437,394.2528991699219,67733800.0
2021-05-10,394.60783736731895,394.8319841776763,390.2274545965479,390.348876953125,81852400.0
2021-05-11,385.8283439259152,387.8550708690353,382.9890279126543,386.8650512695313,116888000.0
2021-05-12,384.0818451111226,385.35204832878026,377.3291376588085,378.6460571289063,134811000.0
2021-05-13,380.1964417898234,385.1278705672436,380.14972554113865,383.1945190429688,106394000.0
2021-05-14,385.93115577276006,389.9286023731761,385.9031374193678,389.0786743164063,82201600.0
2021-05-17,387.9671376698497,388.9011204907853,386.0711251805724,388.0885314941406,65129200.0
2021-05-18,388.3501561514101,388.5930008749449,384.5862054511297,384.7449951171875,59810200.0
2021-05-19,380.0563093742371,383.91363455674485,378.57125157773066,383.7361755371094,106467100.0
2021-05-20,384.6142304929748,389.1253848430136,384.4928366319979,387.864501953125,78022200.0
2021-05-21,389.3494858539395,390.5916991966437,387.0892629717918,387.5469055175781,76578700.0
2021-05-24,389.7883542138852,392.5716330467141,389.5455095799852,391.49755859375,51376700.0
2021-05-25,392.5810186375285,392.9359366989268,390.0499329669356,390.6289978027344,57451400.0
2021-05-26,391.2174278514802,391.90856610321015,390.1807204738854,391.40423583984375,43088600.0
2021-05-27,392.4316813954646,392.94536068585694,391.3295597041095,391.6097717285156,56707700.0
2021-05-28,393.1787779101102,393.4402919789062,392.0766849418198,392.3101806640625,58520200.0
2021-06-01,394.67320566118025,394.81329741149153,391.525687491623,391.9646606445313,54216600.0
2021-06-02,392.6184525081131,393.4216927574089,391.6097633493774,392.5810852050781,49097100.0
2021-06-03,390.2647750989036,392.2634837583409,388.798415050226,391.1240234375,58138800.0
2021-06-04,392.973358609629,395.0001143194918,391.18944760771376,394.70123291015625,55938800.0
2021-06-07,394.69182475887226,394.8692837876168,393.3842544177777,394.3182373046875,51555000.0
2021-06-08,395.1774759507784,395.27087993776814,392.57168428200526,394.40228271484375,47134300.0
2021-06-09,395.242896577049,395.3176311744139,393.5897570222941,393.81390380859375,48436300.0
2021-06-10,395.0373870494079,396.5971509849046,393.7204677812437,395.64447021484375,51020100.0
2021-06-11,396.1955848814836,396.410382721431,394.90668383020704,396.2983093261719,45570800.0
2021-06-14,396.41041653956006,397.28836288118606,395.16823163226826,397.1856384277344,42358500.0
2021-06-15,397.33503853707737,397.3723773329353,395.5791460332352,396.45709228515625,51508500.0
2021-06-16,396.5971855548461,396.8213323424478,392.1981338307767,394.2435302734375,80386100.0
2021-06-17,393.832609480347,395.0934636810587,391.6377438115296,394.11279296875,90949700.0
2021-06-18,390.8294393593685,391.5228387958726,388.5899319002041,388.7960815429688,118676300.0
2021-06-21,390.5576558078238,394.5494491775668,389.74243684552914,394.3620300292969,72822000.0
2021-06-22,394.352679752593,397.3043454678535,393.6311417670724,396.4703674316406,57700300.0
2021-06-23,396.5453725429614,397.3512120232172,395.9081931498081,395.9925231933594,49445400.0
2021-06-24,398.13831292432985,398.756733186704,397.88529422084855,398.3350830078125,45110300.0
2021-06-25,399.0847106398985,400.1997887962621,398.7567414298832,399.75,58129500.0
2021-06-28,400.2746860652061,400.7244461733764,399.07527811651687,400.5557861328125,53159600.0
2021-06-29,400.9400834258965,401.5772628150839,400.2373044711945,400.77142333984375,35970500.0
2021-06-30,400.3122760719077,401.78343362434913,400.2841660560844,401.1087646484375,64827900.0
2021-07-01,401.8677508401516,403.4888379572731,401.8021512732748,403.32952880859375,53441000.0
2021-07-02,404.4914663355306,406.7684632777236,403.4138490651717,406.4123840332031,57697700.0
2021-07-06,406.468546524495,406.6840756672876,402.9359217858884,405.6720581054688,68710400.0
2021-07-07,406.35615449938257,407.38690265779184,404.3415272693066,407.1057739257813,63549500.0
2021-07-08,401.7833895422592,404.5476647115918,400.6027118149156,403.7886657714844,97595200.0
2021-07-09,405.2972327387951,408.39882766783205,403.591815925737,408.0989685058594,76238600.0
2021-07-12,408.0147135517589,409.8138402584851,407.5836837997048,409.5608215332031,52889600.0
2021-07-13,408.77374227084334,410.2730098694853,407.9023031665115,408.1646728515625,52911300.0
2021-07-14,409.8606803722424,410.34795874869207,407.5274633950544,408.7737121582031,64130400.0
2021-07-15,407.4336919439351,408.1083607813638,405.4752849871555,407.3774719238281,55126400.0
2021-07-16,408.5582340881167,408.6050745825178,403.7887107543716,404.1822509765625,75874700.0
2021-07-19,399.35644496226297,404.247787129505,395.40214130525,398.2132568359375,147987000.0
2021-07-20,398.8785282705121,405.19418699140346,398.08203985333273,403.9197998046875,99608200.0
2021-07-21,405.1192771499837,407.3307031828911,403.8730283565818,407.1901245117188,64724400.0
2021-07-22,407.3680862996085,408.2863942745382,406.38420736629706,408.0427551269531,47878500.0
2021-07-23,409.97307688921177,412.5780427922919,409.2890570813005,412.24072265625,63766600.0
2021-07-26,411.65044900738826,413.26215663692216,411.6036085131249,413.2527770996094,43719200.0
2021-07-27,412.21265274876606,412.2407627628377,408.5394488652319,411.3693237304688,67397100.0
2021-07-28,411.9971110612924,412.57807039855686,409.7763342286504,411.20062255859375,52472400.0
2021-07-29,412.12830695326727,413.9836250033735,412.11892741688575,412.9060363769531,47435300.0
2021-07-30,410.338588975124,412.35321630587856,410.20738984106623,410.90081787109375,68951200.0
2021-08-02,412.6154601774068,413.1683093677741,409.6825255909056,410.0386047363281,58783300.0
2021-08-03,410.8351151639927,413.4963007676,408.6424487567136,413.3744812011719,58053900.0
2021-08-04,412.0908364864167,413.34646478534535,411.1069573898092,411.3412170410156,46732200.0
2021-08-05,412.5030587680175,414.0304359841878,412.18446913337823,413.9461059570313,38969700.0
2021-08-06,414.26472732503214,415.0518362349307,413.9835986168319,414.6301574707031,46930000.0
2021-08-09,414.6021178906313,414.920707603796,413.5245291498375,414.29290771484375,41222600.0
2021-08-10,414.74268900155386,415.52044714337615,414.0586690459545,414.8082885742188,43339300.0
2021-08-11,415.8764482884493,415.93266831269824,414.75199061117655,415.8389587402344,44034300.0
2021-08-12,415.6889964080685,417.2257532062454,414.7894474947777,417.0851745605469,38909400.0
2021-08-13,417.5349995492506,417.86296875743454,417.0477498031309,417.84423828125,39470300.0
2021-08-16,416.5416879310771,418.95923447372246,414.9862007214724,418.82806396484375,73740000.0
2021-08-17,416.2699711073765,416.9446399663895,413.0934254851267,416.0825805664063,92673900.0
2021-08-18,415.0705996443618,416.6354666486862,411.2849843863083,411.5285949707031,89351900.0
2021-08-19,408.8018064511608,413.3652083057249,408.66125638495504,412.165771484375,92812200.0
2021-08-20,412.5124973678688,415.7733732693985,412.0252190130029,415.4454040527344,72008700.0
2021-08-23,417.1320972978909,420.0088125987634,415.5203897980154,419.0998840332031,54973000.0
2021-08-24,419.7651672363281,420.2992860816183,419.2498074638783,419.7651672363281,38744700.0
2021-08-25,419.952566221922,421.1613253238744,419.5777279368879,420.6459655761719,40529700.0
2021-08-26,420.3649209181154,420.599180595031,418.06919324203466,418.1629028320313,57829600.0
2021-08-27,418.96873667296734,422.2764821219972,418.91251663896753,421.9016723632813,77235100.0
2021-08-30,422.5762802722132,424.5440669661629,422.33264109600447,423.7569580078125,48357400.0
2021-08-31,423.6632387027082,424.0005588501911,422.5294300788062,423.1291198730469,59300200.0
2021-09-01,424.06613178350335,424.5814915085135,423.1197137689136,423.3539733886719,48721400.0
2021-09-02,424.7782526723702,425.4622724001357,423.4570251020545,424.6564331054688,42501000.0
2021-09-03,423.52271669627993,425.068824666954,423.119768365232,424.5534362792969,47170500.0
2021-09-07,424.20675973967593,424.3004693240175,422.3607924531319,423.0354614257813,51671500.0
2021-09-08,422.501380605156,423.2322696255754,420.5991646484169,422.5201110839844,56181900.0
2021-09-09,422.3232551840981,424.0755125696742,420.467908695529,420.7115478515625,57970400.0
2021-09-10,422.64186111668704,423.0635112920505,417.27262011455633,417.3944396972656,89948200.0
2021-09-13,420.3930334459969,420.655403124016,416.1482209113753,418.4627075195313,83738600.0
2021-09-14,419.9056608987367,420.11181049925545,415.314178264794,416.2043762207031,78197100.0
2021-09-15,416.6261528126794,420.17753758290735,415.5204539816399,419.680908203125,78792200.0
2021-09-16,419.1561445636368,420.1306441908273,416.063899796155,419.0155944824219,77786700.0
2021-09-17,418.2427677861084,418.66576873362703,414.57658744775,414.9338073730469,118425000.0
2021-09-20,408.8048589294982,410.3841202455259,403.145796182089,408.0152282714844,166445500.0
2021-09-21,410.3558724154265,411.6531328768098,407.1033403647797,407.6297607421875,92526100.0
2021-09-22,409.9046386502538,413.64601007748894,407.74255702757415,411.6061096191406,102350100.0
2021-09-23,413.47685522277226,418.2146677828106,413.2418450775607,416.607177734375,76396000.0
2021-09-24,414.9715554301246,418.0078971201392,414.7553357485491,417.29345703125,62094800.0
2021-09-27,416.2593086333386,417.4249496091947,415.4038683828205,416.0995178222656,61371100.0
2021-09-28,413.32646012046985,413.655480073126,406.981185972043,407.7144165039063,130436300.0
2021-09-29,409.0962861729036,410.8353670849182,407.8366351647438,408.4006652832031,82329200.0
2021-09-30,409.8764201598323,410.5814504861145,403.0705365902038,403.4089660644531,140506000.0
2021-10-01,405.1386734490561,409.8858665977476,401.61352150069314,408.20318603515625,129240100.0
2021-10-04,407.0375892196289,407.9400201839394,400.79570572105376,402.9390258789063,128570000.0
2021-10-05,404.4430910647676,409.378304611359,403.64407944076936,407.1316223144531,90682500.0
2021-10-06,403.5312059070278,409.0304489893108,401.90495407806975,408.8236389160156,113032200.0
2021-10-07,412.10435369862415,415.197066176869,411.9257437150467,412.358154296875,72437500.0
2021-10-08,413.1289992900791,413.5144193283019,410.9762985644965,411.6061096191406,74557400.0
2021-10-11,410.9481526531211,413.8622842543227,408.5604414935577,408.6262512207031,65233300.0
2021-10-12,409.5474309242927,409.9516414282403,406.83070028385015,407.6203308105469,71181200.0
2021-10-13,408.6450632915193,409.9047143211053,405.665150493523,409.0868835449219,72974000.0
2021-10-14,412.7529748558683,416.1183359496485,412.2829546004724,415.9679260253906,70236800.0
2021-10-15,418.0830539008593,419.5025243769304,417.4626236667043,419.1358947753906,66260200.0
2021-10-18,417.3497774593076,420.7151097906234,416.6917376412568,420.376708984375,62213200.0
2021-10-19,422.0030022074686,423.6856540804756,421.39195292020696,423.619873046875,46996800.0
2021-10-20,424.0804408117706,425.5845112268091,423.96764055100016,425.28369140625,49571600.0
2021-10-21,424.6820942267509,426.618575397613,424.2496836213109,426.3929748535156,41305400.0
2021-10-22,425.9606119788899,427.4082825705058,424.0053114184127,425.9512023925781,58845100.0
2021-10-25,427.041662859405,428.5645241135365,425.2650009588396,428.2355041503906,45214500.0
2021-10-26,429.7865193132876,430.9991508783796,428.2448391545924,428.620849609375,56075100.0
2021-10-27,429.0815263736175,429.74894714064544,426.6467960706876,426.7220153808594,72438000.0
2021-10-28,428.1507641503025,430.9144850379933,428.1413832545991,430.83929443359375,51437900.0
2021-10-29,428.5362813944523,432.0050333226642,428.2448711186631,431.713623046875,70162400.0
2021-11-01,432.70062881424144,433.076667962832,430.7265667229376,432.4562377929688,48433600.0
2021-11-02,432.62542031362,434.5149108124716,432.4938008795022,434.2046813964844,48908400.0
2021-11-03,433.640639919422,437.259801321116,433.1988197687567,436.8555908203125,52509800.0
2021-11-04,437.4573179238719,438.99899841219184,437.1095074616392,438.9143981933594,52847100.0
2021-11-05,441.14228636490327,442.4301374982926,438.92380414430136,440.437255859375,66390600.0
2021-11-08,441.53705147758245,442.0352718144265,440.1269906728055,440.8132019042969,50405200.0
2021-11-09,441.1798210293701,441.41483115793073,437.946079365355,439.3561401367188,51149100.0
2021-11-10,437.6640656796384,439.3561558785573,434.3363427951768,435.8215942382813,69429700.0
2021-11-11,437.3162154925545,437.3914347946932,435.94376444998505,435.9625549316406,34848500.0
2021-11-12,437.2316043408391,439.807305963282,436.28215431749,439.252685546875,53466700.0
2021-11-15,440.5405763047511,440.7003671182999,438.2750753466251,439.4031066894531,46980500.0
2021-11-16,439.1399514053057,442.2796835013746,439.0647607814874,441.1422424316406,48857500.0
2021-11-17,440.8790388169188,441.0576488248933,439.4501874408848,440.0706176757813,47858300.0
2021-11-18,441.1046377023812,441.828487317556,438.3785257262708,441.5652770996094,50625600.0
2021-11-19,441.4524364328998,442.7027064508368,440.4090051747564,440.775634765625,57315600.0
2021-11-22,442.65567024625074,445.1467717517106,439.32791895320247,439.5347290039063,72762000.0
2021-11-23,439.2057132997234,440.9729939884895,436.6018115031317,440.1175537109375,73206500.0
2021-11-24,438.115291443818,441.4148429167893,437.2974607646824,441.2926330566406,61858800.0
2021-11-26,434.61824874874486,436.0847093888337,430.3222574960882,431.4503173828125,112669600.0
2021-11-29,436.24460804442816,438.5852997432788,434.0449166850697,436.7428283691406,86268800.0
2021-11-30,434.29876746658414,436.2070487821844,428.0004838225912,428.2449035644531,148559600.0
2021-12-01,433.9603158081163,436.8086374124799,423.290850257439,423.4882507324219,131939200.0
2021-12-02,423.7044336964784,431.544367446716,423.3096040929344,429.9744873046875,127637800.0
2021-12-03,431.6383250857999,432.7005465465583,422.002911834177,426.2330932617188,137331600.0
2021-12-06,428.7807081333176,433.16130061518345,426.3647969926562,431.2812194824219,98977500.0
2021-12-07,436.56425695349,440.7662395682255,431.1496139364449,440.20220947265625,95484700.0
2021-12-08,440.5970473857132,441.81908870916527,438.8391473392985,441.3678588867188,72238800.0
2021-12-09,440.0800316930234,441.471302205169,438.1905694635775,438.3879699707031,61272600.0
2021-12-10,441.0952372334483,442.66508888548304,438.5383257920864,442.5146789550781,77159800.0
2021-12-13,441.9976995198621,442.3455099577305,438.3127276826282,438.5947570800781,87724700.0
2021-12-14,435.3233478323497,437.8144493976514,432.6536362786152,435.5771484375,97264100.0
2021-12-15,435.6335728638,442.6274476583098,433.1142425689226,442.383056640625,116899300.0
2021-12-16,444.2349463510645,444.5169470262026,436.93081329963405,438.4819030761719,116568600.0
2021-12-17,435.3999644120147,438.4092309837767,432.1077064463905,433.8151550292969,135511600.0
2021-12-20,428.730659907755,429.5985195949592,425.5798968391535,429.2023315429688,107134800.0
2021-12-21,432.6265140421514,436.9658975460039,430.45683668449686,436.8244018554688,69806300.0
2021-12-22,436.56976321936594,441.3053352382026,436.3716404397457,441.192138671875,58890200.0
2021-12-23,442.1920654168208,445.4371678906433,442.08831149730497,443.937255859375,56439700.0
2021-12-27,445.3145747017814,450.267126346224,445.2674190586824,450.219970703125,56808600.0
2021-12-28,450.6538676577589,451.6821081838997,449.0879146544429,449.8520202636719,47274600.0
2021-12-29,449.9558186671151,451.4462881526953,448.955877247608,450.427490234375,54503000.0
2021-12-30,450.8519272576119,451.8613112086021,448.71999158678375,449.1822204589844,55329000.0
2021-12-31,448.6917271226337,449.8425780707584,447.7766831616036,448.05023193359375,65237400.0
2022-01-03,449.3143528535199,450.7765520808212,447.0031792958626,450.64447021484375,72668200.0
2022-01-04,452.0688648240115,452.7858147658463,448.63508224842974,450.4934692382813,71178700.0
2022-01-05,450.1256615847804,450.8992099469346,441.74876904962457,441.8431091308594,104538900.0
2022-01-06,441.3807923610848,444.1447805813084,439.060147736231,441.4279479980469,86858900.0
2022-01-07,441.4374641412812,442.6166431471201,438.3244142927365,439.6828308105469,85111600.0
2022-01-10,436.4848588573848,439.35260112059655,430.73046025596256,439.1356506347656,119362000.0
2022-01-11,438.8715061877595,443.2297465587139,435.8716533501861,443.1354064941406,74303100.0
2022-01-12,444.8712086177971,446.3900061138433,442.37135493830107,444.33349609375,67605400.0
2022-01-13,445.4372554897972,446.0881646411814,437.183001978745,438.2112426757813,91173100.0
2022-01-14,435.0603507775493,438.7393826378516,433.8434302738768,438.3903503417969,95890900.0
2022-01-18,433.6925127781855,433.9000493950728,429.5135100897984,430.6266479492188,109709100.0
2022-01-19,432.17377646871046,433.5699058238336,425.88166536173696,426.1552429199219,109357600.0
2022-01-20,428.04193941787696,432.749212360242,419.3160155840139,421.43853759765625,122379700.0
2022-01-21,420.3159330270776,422.6742906855869,413.1371061330772,413.1654052734375,202271200.0
2022-01-24,407.5524763611368,415.4293961924768,396.9210110831176,414.91998291015625,251783900.0
2022-01-25,408.52419175491247,414.8068607349304,402.9490301538802,409.8543090820313,167997300.0
2022-01-26,415.7501538816743,418.8820597450549,404.5620902381432,408.8260192871094,186391100.0
2022-01-27,413.4295686804275,416.5708886311564,405.1187180219956,406.8072814941406,149878300.0
2022-01-28,408.1657129140467,416.95767810367454,403.5810789597359,416.9105224609375,164457400.0
2022-01-31,416.2407272712182,424.7685575099905,414.8917534598383,424.4195251464844,152251400.0
2022-02-01,425.1458850994215,427.9287589149775,421.61779092107525,427.2872924804688,123155400.0
2022-02-02,429.6927673307446,432.16432156191325,427.3815652994968,431.4379577636719,117361000.0
2022-02-03,425.40063739567904,427.3061803398797,420.4574993371218,421.2970886230469,118024400.0
2022-02-04,421.0612140470099,427.12690349554987,418.68397092224063,423.278076171875,118454400.0
2022-02-07,424.0421998784849,425.4383293530502,420.5895604027736,421.919677734375,84472900.0
2022-02-08,421.4197076041124,426.3156609932592,419.9952501952537,425.3911743164063,81012000.0
2022-02-09,429.428624713014,431.9379206826289,429.2305307331496,431.6171875,92589900.0
2022-02-10,425.76842702144,431.7775173373551,421.8630019636303,423.8628845214844,140103700.0
2022-02-11,423.9478148503631,426.0231523425291,414.0710117021737,415.5048828125,153214600.0
2022-02-14,414.995546790282,416.5803564325104,410.67501887954,414.1465148925781,123006300.0
2022-02-15,418.5896294380124,420.9951427431811,418.0707734780917,420.8253479003906,88482700.0
2022-02-16,418.7783495538221,422.6743616661116,416.90110575473415,421.2970886230469,84863600.0
2022-02-17,418.10854352626,421.2687487717077,411.693821753136,412.2975463867188,102259100.0
2022-02-18,412.5522705879942,413.8069331704449,407.3544691120626,409.6279296875,132642900.0
2022-02-22,407.4204659812032,410.8259207595827,401.7320794413733,405.2319030761719,124391800.0
2022-02-23,408.1468368692283,408.71284849771104,397.477628508236,398.0436401367188,132578000.0
2022-02-24,387.732876144503,404.46780255410187,387.3744299437548,404.0338439941406,213942900.0
2022-02-25,405.26959895160047,413.0333227139032,403.6187485934904,412.9484252929688,121804500.0
2022-02-28,407.5525528705047,413.37299295759,406.29791910816897,411.8919372558594,145615000.0
2022-03-01,410.3919658423738,412.4012911318685,402.9112336256211,405.61865234375,137785900.0
2022-03-02,407.8732634005898,414.8068411449072,407.1186004140651,413.0805358886719,117726500.0
2022-03-03,415.5143088873288,416.1180334612973,409.22219816012046,411.0239868164063,105501700.0
2022-03-04,407.2883840604993,408.8165952787163,403.63765086397046,407.6846008300781,113978200.0
2022-03-07,407.09966398019566,407.807171236879,395.600310398485,395.6663513183594,137896600.0
2022-03-08,395.8456573433794,403.005628566312,391.6006130681472,392.6665954589844,164772700.0
2022-03-09,401.0529268002445,405.1753318232111,398.8643637492097,403.1943054199219,116990800.0
2022-03-10,398.5813104458791,402.2697853678107,396.61916949340304,401.3736267089844,93972700.0
2022-03-11,403.8641353229583,404.4773027198629,395.7608197035138,396.2702331542969,95636300.0
2022-03-14,397.0437030599808,400.4963135753872,392.2326473482891,393.37408447265625,95729200.0
2022-03-15,395.9871173439881,402.6565598796408,394.7136272071247,402.0245361328125,106219100.0
2022-03-16,405.5337497664183,410.995685192888,400.7321084005492,410.9390869140625,144954800.0
2022-03-17,409.02404595054287,416.0802612304688,408.64671454696486,416.0802612304688,102676900.0
2022-03-18,414.4678791360529,420.9593028336933,413.7297868077792,420.6375732421875,106345500.0
2022-03-21,420.4672563901048,422.47335203270006,417.00389114982016,420.51458740234375,88349800.0
2022-03-22,421.90556943878335,426.37198236705336,421.90556943878335,425.4351806640625,74650400.0
2022-03-23,422.8991331539282,424.3942327183388,419.87104611773225,419.9562072753906,79426100.0
2022-03-24,421.9812706747092,426.2962761766024,420.8646747066709,426.2868041992188,64736900.0
2022-03-25,426.92085470819296,428.64307980821,424.33751705816746,428.36865234375,77101300.0
2022-03-28,427.7725201247763,431.4156799316406,425.8799725760659,431.4156799316406,68529800.0
2022-03-29,435.3048572896743,437.2447358806616,432.61744319877937,436.7526550292969,86581500.0
2022-03-30,435.6076294590831,436.4214398536475,431.9455548784965,434.0557556152344,79666900.0
2022-03-31,433.2893025074121,434.112556051826,426.9208697553412,427.3750915527344,121699900.0
2022-04-01,428.95539653095295,429.09733183282185,425.00945074906633,428.58636474609375,89048800.0
2022-04-04,428.7849739372156,432.36188709811455,427.9617205008311,432.2577819824219,59601000.0
2022-04-05,430.7627409154782,433.2325015603828,425.6528684021026,426.7978515625,74214500.0
2022-04-06,422.8802663750546,424.8106439250677,419.64399762453365,422.5301208496094,106898000.0
2022-04-07,421.6500972677455,426.47609894481815,419.70077574327007,424.65924072265625,78097200.0
2022-04-08,423.9022769391893,426.4193687220367,421.981342273067,423.5237731933594,79272700.0
2022-04-11,420.2496199540028,421.0918174503352,415.7832355906516,416.2847595214844,89770500.0
2022-04-12,419.2749706687826,421.8015343492119,413.1904372386116,414.7423400878906,84363600.0
2022-04-13,414.49626033587,420.2495916239543,414.3164660258067,419.4925842285156,74070400.0
2022-04-14,419.7196818328597,420.8363067294956,414.16505991706254,414.2691650390625,97869500.0
2022-04-18,413.3417722746959,416.12381899160926,412.20623239424935,414.439453125,66002500.0
2022-04-19,414.3353418054255,421.848756448361,414.16501948930335,421.1296081542969,77821000.0
2022-04-20,422.9086378808468,423.523709985774,419.6534541721469,420.8173522949219,65224400.0
2022-04-21,424.4416170587247,425.8326405645599,413.61624352930863,414.524658203125,85417300.0
2022-04-22,413.43644206750025,414.54356611501663,402.5826816695929,403.15045166015625,132471800.0
2022-04-25,400.9077709224342,405.6580542602697,396.3372530107698,405.48773193359375,119647700.0
2022-04-26,402.9517005626742,403.15043882373135,393.7160892636341,393.7444763183594,103996300.0
2022-04-27,394.8232059633786,400.1980622083152,392.7130342192632,394.8515930175781,122030000.0
2022-04-28,399.6020178617909,406.5571368814939,395.1639909100751,404.825439453125,105449100.0
2022-04-29,400.8320856724879,402.9895886209459,389.1172122790781,389.8647766113281,145491100.0
2022-05-02,389.93102468617633,393.5741843394114,383.2597775315031,392.2115478515625,158312500.0
2022-05-03,392.71303964199615,396.4224162058567,391.1516650055243,394.0094299316406,100028200.0
2022-05-04,394.67183940897127,406.5759792490273,391.48290152050896,406.0082092285156,144247900.0
2022-05-05,401.740453562189,402.1662882421076,387.4422730345877,391.5774841308594,172929100.0
2022-05-06,389.01316841951103,392.5143641838962,383.9316826887412,389.2402648925781,151770800.0
2022-05-09,383.3354711443122,384.575087347115,375.1975117716512,376.7778015136719,155586100.0
2022-05-10,382.7582178604821,384.26278949238593,373.6077678745922,377.6483459472656,132497200.0
2022-05-11,376.6832315730373,382.3324875102671,370.90148343777554,371.6490478515625,142361000.0
2022-05-12,368.45061311196713,374.5351465208242,364.4573366484498,371.2610473632813,125090800.0
2022-05-13,375.3962141833524,381.5186058960115,374.35530738560897,380.1370544433594,104174400.0
2022-05-16,378.4905587658896,382.26618152652463,376.2384227760437,378.5946350097656,78622400.0
2022-05-17,384.6886692136373,386.6190757634291,380.9508763229202,386.3825073242188,83029700.0
2022-05-18,381.82143279357103,382.1053033485448,369.5671769928699,370.8067932128906,117674500.0
2022-05-19,367.7408087616224,372.96425704608265,366.3119265130869,368.5356750488281,98510700.0
2022-05-20,372.12213091455766,375.6990443299585,360.09500032544264,368.6966247558594,131432200.0
2022-05-23,371.7246858472709,376.3614500919125,369.4063326029317,375.594970703125,76414900.0
2022-05-24,371.4691621082922,373.9200072669515,366.1700241726604,372.7277221679688,91448800.0
2022-05-25,371.2326397707966,377.9890479746067,370.8352209811501,376.0207824707031,91472900.0
2022-05-26,377.2509375219795,385.1712435361306,377.0427561590206,383.5341796875,82168300.0
2022-05-27,385.9944981924295,393.0631636990263,385.7957888065358,392.9496154785156,84768700.0
2022-05-31,391.33149711527295,394.08515718858496,388.00062391684565,390.7448120117188,95937000.0
2022-06-01,392.8644517588874,393.87694263717856,385.06713709140746,387.584228515625,86585800.0
2022-06-02,387.4233771677342,395.0124815754828,385.17124122143497,394.9651794433594,79609600.0
2022-06-03,390.2432399078514,391.7951425251517,387.50852412899536,388.4831848144531,71874300.0
2022-06-06,392.49542593941146,394.2270942003177,388.4926775699303,389.66607666015625,57508900.0
2022-06-07,386.1742927298047,393.8580303540427,385.7105989918035,393.40380859375,59272400.0
2022-06-08,391.69104143143073,393.479512475004,388.3317815558461,389.1266479492188,64350000.0
2022-06-09,387.3476880954644,389.61873928900354,379.87213134765625,379.87213134765625,86289800.0
2022-06-10,373.6645386433497,374.5161791416106,368.8101502618891,368.8574523925781,132893900.0
2022-06-13,359.442032834515,361.2967210051914,353.2439234260221,354.85260009765625,170004900.0
2022-06-14,356.6032003098741,357.6346350348906,350.6795185260406,353.7832946777344,104011800.0
2022-06-15,357.0858572117837,363.2744957746672,352.12739188091416,358.8270263671875,125666800.0
2022-06-16,350.6038951062925,351.0107858866292,344.51933296816924,346.9512634277344,134473300.0
2022-06-17,347.3665849634016,351.0444787331084,344.1923815471196,347.6991882324219,111113900.0
2022-06-21,353.4298843377524,357.839545770176,353.35383919081494,356.4520263671875,76811900.0
2022-06-22,352.2229356289405,359.9208687301767,351.8047742948576,355.8058166503906,90059400.0
2022-06-23,357.94408234086904,360.02534683784137,354.3802275814878,359.2935791015625,79292100.0
2022-06-24,362.46781975387455,370.7264623574381,362.4393100729595,370.7169494628906,98050300.0
2022-06-27,371.6388147667749,371.9334244812685,368.2080240257959,369.3009338378906,66009600.0
2022-06-28,370.859513206885,373.6440649503389,361.6409966809316,361.7550354003906,86548900.0
2022-06-29,362.3062541919747,363.2946090766125,359.6357412197438,361.4604187011719,65676000.0
2022-06-30,357.56389907239446,361.7645084605366,354.0665767146873,358.5237731933594,112508300.0
2022-07-01,357.8681111996678,362.7529830546203,355.2451042734922,362.3157958984375,74839700.0
2022-07-05,357.221785930322,363.0189952688796,354.3896990068369,362.9999694824219,81438000.0
2022-07-06,363.14252639295074,366.715894004098,360.7571393570924,364.2259521484375,70426200.0
2022-07-07,366.0031669220348,370.47936086312,364.2449925833958,369.6810607910156,64525900.0
2022-07-08,368.0464848680788,371.2492274610429,366.5164167860133,369.37701416015625,72397800.0
2022-07-11,366.69702130412406,367.66637967437134,364.4636657914265,365.1574401855469,58366900.0
2022-07-12,364.60617377885575,366.9915903599883,360.1774858287248,361.9261474609375,62219200.0
2022-07-13,356.48050078741414,362.96197129328345,356.0623395287953,360.0253295898437,84224600.0
2022-07-14,355.06446062617965,360.23442826193605,352.6220542011667,359.1510314941406,89704800.0
2022-07-15,363.56071631441466,366.1267035144383,361.6505097570627,366.0126647949219,79060400.0
2022-07-18,369.1013252129824,369.7760736131692,361.764534839165,362.9905090332031,63203600.0
2022-07-19,366.9155390614631,373.3685014841232,366.2598163377438,372.79827880859375,78506000.0
2022-07-20,372.9883138341461,376.5901914099878,371.619791193265,375.1741333007813,71843800.0
2022-07-21,374.59442084284586,379.0421048535145,372.1900078667484,378.9945983886719,64903900.0
2022-07-22,379.1181409721045,380.3155764832449,373.2543990144218,375.4782409667969,72197300.0
2022-07-25,376.10550632547137,376.78976766133366,373.6915803624673,375.9344482421875,53631500.0
2022-07-26,374.29024240598,374.49932302499343,370.5933525094911,371.4866943359375,52946400.0
2022-07-27,374.784438514411,382.8815347076384,374.4898288550795,381.13287353515625,82342100.0
2022-07-28,381.9407350618802,386.60698374585616,378.38636390787866,385.9132385253906,73966600.0
2022-07-29,387.34833097700186,392.5278128008071,386.5785404751292,391.5394287109375,87003700.0
2022-08-01,388.8403934093861,392.8889425916025,388.1276222999948,390.3799743652344,69997500.0
2022-08-02,388.8118240524892,392.4992306662549,386.6260045869153,387.804443359375,63435400.0
2022-08-03,389.9332054323797,395.046153547444,389.64810866127794,393.8772277832031,67820600.0
2022-08-04,393.8011998743411,394.48546115765066,391.96700956030446,393.6111450195313,45656600.0
2022-08-05,389.32504829644654,393.5921616324373,389.2680289335886,392.9459228515625,56814900.0
2022-08-08,394.63757214293867,396.8899240250277,391.3873233872075,392.48974609375,53886100.0
2022-08-09,391.75799267097744,392.2616830724149,389.8572697972165,390.9311828613281,44931800.0
2022-08-10,397.9923133525369,399.284819832152,396.0345713490144,399.1422424316406,68665700.0
2022-08-11,401.993326398253,403.8560554717358,398.4009617604305,399.1422424316406,59489700.0
2022-08-12,401.08098369306896,406.0038483328685,400.1306223802401,405.8993225097656,61694500.0
2022-08-15,403.6849557261061,408.0946460440883,403.6279363687809,407.5719299316406,54048300.0
2022-08-16,406.4980264419351,410.2994714282671,405.6902135817948,408.3702392578125,59289000.0
2022-08-17,404.7684520071186,408.18024616058966,403.4664614502562,405.4717102050781,63563400.0
2022-08-18,405.6712464163247,407.3343788381746,404.3787688555106,406.650146484375,49023200.0
2022-08-19,403.8845695793236,404.1506695923492,400.3112016877868,401.185546875,68016900.0
2022-08-22,396.34822912534094,396.51931622755393,391.9290542056425,392.8319091796875,77695600.0
2022-08-23,392.40421793285645,394.7991472328157,391.33030490584025,391.8815307617188,49105200.0
2022-08-24,391.6534263650644,394.50451059223457,390.9691939931629,393.1360168457031,49177800.0
2022-08-25,394.6280346959815,398.7336026574548,393.5351249523274,398.6860961914063,50942300.0
2022-08-26,398.5720838369905,399.1137677961376,385.13395963978553,385.1909790039063,103087000.0
2022-08-29,382.2353335276929,385.69463364222986,381.28497221012304,382.64398193359375,65370800.0
2022-08-30,383.8035037959168,384.0410941747674,376.3431600994594,378.4434509277344,85652400.0
2022-08-31,380.0780598042512,381.323031023057,375.4308072476335,375.5638427734375,76029700.0
2022-09-01,373.3874742240931,377.084364690228,370.678938652205,376.74224853515625,78740100.0
2022-09-02,380.4106586214813,381.6271200488621,370.9545511254495,372.7697448730469,99632100.0
2022-09-06,373.6155720333937,374.5564205138696,369.1393780774377,371.36322021484375,76637400.0
2022-09-07,371.04956742201074,378.80451936163286,370.8310028776724,378.0347290039063,70964200.0
2022-09-08,375.7633824847431,380.9618311489722,374.5564050265275,380.5056762695313,80821700.0
2022-09-09,382.7484910278691,387.2817328762808,382.48239103068937,386.4169006347656,76706900.0
2022-09-12,388.4887743459273,391.29235238310486,388.1846517040693,390.570068359375,69256300.0
2022-09-13,381.883702988719,383.0906805107276,372.4656471755256,373.5870666503906,122947100.0
2022-09-14,374.8890826483059,376.5332183991337,371.70536598765534,375.01263427734375,85023700.0
2022-09-15,373.4539357059912,376.3050193569487,369.4814327796439,370.7549133300781,87633800.0
2022-09-16,366.5715037074268,368.5849896074333,364.6343170995525,367.9265441894531,103084800.0
2022-09-19,364.77747715242447,370.77978515625,364.7011196171956,370.77978515625,73278500.0
2022-09-20,367.4493811490609,368.4609000016925,363.7659311992638,366.5237426757813,77274900.0
2022-09-21,368.4513220499561,371.50498233585387,360.1206054997159,360.1301574707031,106746600.0
2022-09-22,359.3571850053135,360.9985223543948,356.3608073472819,357.1051330566406,89472600.0
2022-09-23,353.6315801864885,353.6697589480902,346.675007940967,351.12188720703125,122346900.0
2022-09-26,349.65230865281546,353.27850469382014,346.42688767980343,347.6483459472656,92581200.0
2022-09-27,351.1886701822386,353.4598260291323,344.3656797923764,346.7608947753906,108294100.0
2022-09-28,347.71513749904915,355.27290112408883,346.01654670922136,353.5838623046875,110802200.0
2022-09-29,350.0340115514208,350.3202794592973,343.249200037984,346.1978759765625,112952300.0
2022-09-30,345.25318357199444,349.17522920833704,340.7109004194997,340.844482421875,153711200.0
2022-10-03,344.5660844856892,351.6944470852205,342.78161312339256,349.8431701660156,89756500.0
2022-10-04,355.3683600338881,360.71225105913686,349.80500664731017,360.6836242675781,103602800.0
2022-10-05,356.3131686288688,362.10553742457495,353.984758743087,359.84393310546875,88065700.0
2022-10-06,358.44114174816866,361.3993701215644,355.6355993235401,356.1318359375,82333500.0
2022-10-07,352.09522785371945,356.21766045831674,344.43247955302377,346.1978759765625,107789500.0
2022-10-10,347.3144037026543,347.5529700367685,341.31209570408595,343.5545959472656,76042800.0
2022-10-11,341.8560084056642,346.42694756944854,339.4417182439327,341.3788757324219,92482800.0
2022-10-12,341.7892510895263,343.36378317495866,340.00475032937624,340.2528686523437,76991800.0
2022-10-13,333.23901582957257,350.70209031395274,332.1893180537023,349.2325134277344,147254500.0
2022-10-14,351.6944872171797,353.3263019525563,340.63455517563204,341.27392578125,123737000.0
2022-10-17,347.362126415413,351.15056087847387,340.9399103655982,350.0436096191406,93168200.0
2022-10-18,357.97352458781444,358.27889645424324,350.71155095897484,354.1564636230469,97162900.0
2022-10-19,352.1143397058649,354.8435535760599,348.8316647816131,351.6467590332031,79746900.0
2022-10-20,351.19826004641624,355.62606505287266,347.9346598802896,348.6980895996094,88283100.0
2022-10-21,348.4213409562037,357.65862205185954,346.91361459894165,357.1719665527344,131038400.0
2022-10-24,358.6987583066402,362.67802786353946,356.0458731062238,361.5424499511719,85436900.0
2022-10-25,361.4661752393635,367.63072116367647,361.351668058396,367.3158264160156,78846300.0
2022-10-26,364.16670060269513,369.85411334727513,363.90905946867207,364.5484008789063,104087300.0
2022-10-27,365.5503911743671,367.3921160917615,361.9814193866082,362.6017150878906,81971800.0
2022-10-28,362.4967797320248,371.70543468470186,362.3154669828309,371.2283020019531,100302000.0
2022-10-31,368.7662138727281,370.6365653465552,367.6401880247405,368.5467224121094,96631300.0
2022-11-01,372.2970465066368,372.5356128113788,365.7603239323339,366.9340515136719,85407600.0
2022-11-02,366.34241671143474,370.85610174230845,357.62044763501416,357.72540283203125,126990400.0
2022-11-03,354.48088497780066,357.08603938395083,351.9234613034175,354.0419311523437,87100100.0
2022-11-04,359.75802297669105,361.5424944523819,353.07816578614245,359.13775634765625,103505200.0
2022-11-07,360.435515659066,363.1647293889321,358.3552244250396,362.5730895996094,68286900.0
2022-11-08,363.6800477836496,367.5066610953688,360.44510344190144,364.52935791015625,84641100.0
2022-11-09,362.5540142899373,363.7086962893126,356.5230505073736,357.019287109375,78495500.0
2022-11-10,370.3025814136696,376.9729146439448,368.0028280194402,376.638916015625,141455800.0
2022-11-11,377.4977734770305,381.08582000984256,375.60831786460767,380.28424072265625,93839900.0
2022-11-14,378.5188319106351,381.877834879153,376.7725103132244,377.04925537109375,71903500.0
2022-11-15,382.803485688694,383.9104368342091,376.4480758536066,380.26513671875,93194500.0
2022-11-16,378.6333873395873,379.5876526465697,376.7344086976896,377.3642272949219,68508500.0
2022-11-17,372.6024121072464,376.88708300619,372.2970693510568,376.2095336914063,74496300.0
2022-11-18,379.549479637366,379.6162851991159,375.06445009963727,377.9176940917969,92922500.0
2022-11-21,376.5913098444823,377.7173360224795,374.701853876587,376.5435791015625,51243200.0
2022-11-22,378.4902502119182,381.7729251703146,377.077927085489,381.6106872558594,60429000.0
2022-11-23,381.27670641341655,384.5021279345099,381.047692049934,384.0154724121094,68261600.0
2022-11-25,383.45240227506304,384.4830250793276,383.175686313319,383.9295349121094,30545400.0
2022-11-28,380.8377796763317,382.4791173493977,377.0397928537372,377.80322265625,67881600.0
2022-11-29,377.9368028939053,379.12963465297184,375.3125730239588,377.1543273925781,52310000.0
2022-11-30,377.4023553187591,389.0348510742188,375.48430196447526,389.0348510742188,144566700.0
2022-12-01,390.0749791715559,391.2487358630156,386.2388435135502,388.7485656738281,76398200.0
2022-12-02,383.853229920111,389.2066444558519,383.7482747120534,388.3001098632813,85342700.0
2022-12-05,385.4754923603679,386.41065374736974,379.9598399084257,381.31488037109375,77289800.0
2022-12-06,381.15263615766594,381.6965452135378,373.72845373229296,375.8182678222656,77972200.0
2022-12-07,374.9690155437612,377.5455435453296,374.0433770225024,375.178955078125,65927900.0
2022-12-08,377.0683735461837,379.1868143806111,375.2838731198775,378.1180419921875,60737900.0
2022-12-09,376.877540928146,379.4349649497952,375.1693978824169,375.29345703125,81447700.0
2022-12-12,376.0854626556509,380.7041320800781,375.41749445562255,380.7041320800781,75405800.0
2022-12-13,391.45874902933895,391.71639020048895,380.8186957666648,383.5860595703125,123782500.0
2022-12-14,383.2424323385713,386.9545379387217,378.1848384359595,381.1335144042969,108111300.0
2022-12-15,376.2667660559643,377.17332966722427,370.1499515992905,371.8103637695313,117705900.0
2022-12-16,369.2517350620785,370.5938353403458,365.2829507209457,367.4207153320313,119858000.0
2022-12-19,367.6124594366193,367.9479918227815,362.63707790509415,364.30511474609375,79878100.0
2022-12-20,363.5478242860952,366.42376617165866,362.224886337841,364.80364990234375,74427200.0
2022-12-21,367.40155201274337,371.38952801231983,366.86471190276114,370.2583312988281,78167400.0
2022-12-22,367.209831595386,370.23916053307846,359.2722332289845,364.9761962890625,100120900.0
2022-12-23,363.95045341487634,367.2194443247234,362.3974494193303,367.0756530761719,59857300.0
2022-12-27,366.96058546509136,367.3056844290648,363.9504190865602,365.6280517578125,51638200.0
2022-12-28,365.5609421925815,367.5357824385264,360.8540099500132,361.0840759277344,70911500.0
2022-12-29,363.9312659767522,368.4560822388192,363.40399242752494,367.5837097167969,66970900.0
2022-12-30,364.89952091921486,366.7592697589564,362.7808893302895,366.615478515625,84022200.0
2023-01-03,368.4752380300906,370.4500490205084,362.205676836652,365.0720520019531,74850700.0
2023-01-04,367.3344711039099,369.9228305563908,364.28597966385496,367.8905029296875,85934100.0
2023-01-05,365.9349124715254,366.0499454867318,363.0973241592373,363.6916809082031,76970500.0
2023-01-06,366.7880580410185,373.1534906525759,363.7204039949203,372.0318603515625,104189600.0
2023-01-09,374.2271369047477,377.4194487549502,371.6388067821009,371.8209228515625,73978100.0
2023-01-10,371.2360932412133,374.49548756316256,370.29660854167065,374.4283752441406,65358100.0
2023-01-11,376.01019536505663,379.2408316929768,375.1953394078577,379.16412353515625,68881100.0
2023-01-12,380.2665995563064,382.0113152345906,376.1923489363796,380.5445861816406,90157700.0
2023-01-13,377.3427618688984,382.5961598321735,377.0743417835104,382.0209655761719,63903900.0
2023-01-17,382.00182771240605,383.6794606678008,380.64053552756593,381.3211669921875,62677300.0
2023-01-18,382.5098890921751,383.5739736096775,375.09953453290353,375.30084228515625,99632300.0
2023-01-19,373.2589236026424,374.9077982389386,371.2457875427282,372.5687255859375,86958900.0
2023-01-20,373.9682974187143,379.6626644141514,372.3194229813892,379.50927734375,91806400.0
2023-01-23,380.3145820381866,385.99935386476415,379.3559346776604,384.0628967285156,84178800.0
2023-01-24,382.3852438122681,384.561362674629,381.1965305092897,383.6506652832031,59524900.0
2023-01-25,379.5763915316237,384.1299659834221,377.2852105542449,383.79443359375,84800300.0
2023-01-26,386.4595081917551,388.1754951278568,383.4876955763573,388.0125122070313,72287400.0
2023-01-27,386.9675348741631,391.281447303276,386.7566313185161,388.9039916992188,68346200.0
2023-01-30,386.1431078861568,388.3767724039486,383.7273273025726,384.0245056152344,74202000.0
2023-01-31,384.5421605238492,389.71884961340345,384.19703231489694,389.6709289550781,86811800.0
2023-02-01,388.4534516542682,396.5636286134995,385.7117345077939,393.8122863769531,101459200.0
2023-02-02,397.704397771963,401.01174260046105,395.8062948752539,399.5450134277344,101654500.0
2023-02-03,394.5696669290932,399.7271944530263,394.090343244796,395.2982482910156,94736800.0
2023-02-06,392.8440909429574,394.2820619137646,391.2239746420671,392.8824157714844,60295300.0
2023-02-07,391.96206429093394,399.2669510561357,390.7158346703452,398.0207214355469,90990700.0
2023-02-08,396.0460046657352,397.3881051733377,392.9783212864178,393.6685485839844,76227500.0
2023-02-09,397.27298063541855,397.426367694604,389.0286090516376,390.2556762695313,78694900.0
2023-02-10,389.0765695741987,391.54989593055205,388.2617427936973,391.16644287109375,70769700.0
2023-02-13,391.8183353582287,395.8925864844252,391.3581741107854,395.7583618164063,64913500.0
2023-02-14,394.2341032958751,397.8865471406861,391.6170149103328,395.57623291015625,88389300.0
2023-02-15,393.3808545380282,396.9374271887405,392.5372403851114,396.8607482910156,61555700.0
2023-02-16,391.8854343728946,395.83505653186137,391.2623194847148,391.3965148925781,76431500.0
2023-02-17,389.2683127319957,390.6583629922171,387.34142233465536,390.418701171875,89257800.0
2023-02-21,386.3924096279732,387.4469275943241,382.3277541092348,382.5865783691406,82655900.0
2023-02-22,382.9987818589444,384.5422193179231,380.6021634644275,382.059326171875,83742300.0
2023-02-23,384.95435986418846,385.5679081030341,379.8639456708509,384.0915832519531,96242400.0
2023-02-24,379.0683237378521,380.8226354035622,377.36193273433554,379.9886169433594,108194400.0
2023-02-27,383.3342657519672,384.69555770016393,380.3432910551879,381.2827758789063,80444700.0
2023-02-28,380.8034546692743,382.7686698141573,379.7680992642455,379.8735656738281,96438600.0
2023-03-01,379.0587188940853,380.285786224129,377.112666114666,378.4164123535156,99706800.0
2023-03-02,376.4415712731506,382.20305024263513,376.1060389057773,381.35943603515625,85127800.0
2023-03-03,383.1808664410556,387.7248740903768,382.5289933624495,387.4756164550781,90120000.0
2023-03-06,388.3000821585358,390.60085911261217,387.3031100177366,387.74407958984375,72795900.0
2023-03-07,387.6961807819027,387.93584262349646,381.1869569726485,381.8004760742188,108310600.0
2023-03-08,381.91553257565727,383.1809248459443,380.18994978883694,382.4236145019531,74746600.0
2023-03-09,383.2096475110798,384.8777136423342,374.3805144113086,375.367919921875,111945300.0
2023-03-10,374.8214529055364,376.9017301661393,368.4272925748813,369.9515380859375,189253000.0
2023-03-13,366.021130129731,374.2463405009577,364.90909573022645,369.42431640625,157790000.0
2023-03-14,374.3517676052174,377.1797888194533,371.0444227448801,375.5309143066406,149752400.0
2023-03-15,369.93236081528505,373.3834671327069,367.842487805002,373.1821594238281,172996900.0
2023-03-16,370.8239247170232,380.074864540284,370.3158428605711,379.729736328125,143254200.0
2023-03-17,378.3979622867853,379.5334763060183,373.9039803951704,375.2897033691406,140553400.0
2023-03-20,376.0691640257984,379.31215983644114,375.3666994576997,378.8983459472656,93055800.0
2023-03-21,382.2664406357319,384.3546576570402,380.6690090906792,383.8735046386719,91524200.0
2023-03-22,383.7002630234373,387.31851343521214,377.2913018555356,377.3297729492188,111746600.0
2023-03-23,380.1974338773298,384.239130397535,375.6361133164018,378.3498229980469,119351300.0
2023-03-24,377.0699003372701,380.9191235289947,374.7218718409387,380.83251953125,107682400.0
2023-03-27,383.1132104927744,383.8830728135966,380.64970980063305,381.5446472167969,74010400.0
2023-03-28,380.8518079845922,381.5446694300476,378.8502245684134,380.688232421875,62871700.0
2023-03-29,384.8550092196648,386.46207306808367,383.6521267894026,386.2214965820313,77497900.0
2023-03-30,388.85819419263817,389.10840312839423,386.6160343292529,388.48291015625,69840000.0
2023-03-31,389.4067778104378,394.2568086260701,389.3009088717674,393.95849609375,112062600.0
2023-04-03,393.4387769608017,395.86377728046097,393.04422801384897,395.4596252441406,67391100.0
2023-04-04,396.10437947935486,396.3930888912914,391.8894746234111,393.2655944824219,66601500.0
2023-04-05,392.5341828254698,393.29441266985214,390.5807031245207,392.2358703613281,65200200.0
2023-04-06,391.4372584629222,394.0451292498577,390.38834829314027,393.76605224609375,63743300.0
2023-04-10,391.2832175790923,394.2471364215444,390.6673570273508,394.1701354980469,63681000.0
2023-04-11,394.7956544202573,395.6809594619992,393.5061679518089,394.2760009765625,59297900.0
2023-04-12,396.3448996156736,396.6336089865583,392.08189181419215,392.66888427734375,86420400.0
2023-04-13,393.75634279356007,398.2406920585318,392.6111963601302,397.8846435546875,85814800.0
2023-04-14,397.2495021524552,399.44355846247794,394.6031608879993,396.9126892089844,78161500.0
2023-04-17,396.8261475266993,398.3562106467558,395.59439693756417,398.33697509765625,66436400.0
2023-04-18,399.9150645614992,400.04980148093387,397.220619845255,398.5967102050781,63560000.0
2023-04-19,396.68174813685937,399.4339289760812,396.62401213094887,398.5293884277344,55227300.0
2023-04-20,395.709795357126,398.1059569841909,394.805225474454,396.35455322265625,75840400.0
2023-04-21,396.65293468061344,397.12445524947367,394.709087024072,396.6625671386719,73457400.0
2023-04-24,396.4604650046347,397.4997719970421,395.122874849699,397.0763549804688,64332100.0
2023-04-25,395.1035084905065,395.6616623087063,390.71539632471433,390.7731323242188,97766700.0
2023-04-26,391.3890687387205,392.46684668077467,388.559886957205,389.1180114746094,80447000.0
2023-04-27,391.65857511674506,397.13409906910863,391.4083661380691,396.8646545410156,92968400.0
2023-04-28,395.9792514788031,400.2615245465103,395.9215154732954,400.25189208984375,89433100.0
2023-05-01,399.809216827928,401.87816855347415,399.61674390903073,399.84771728515625,62122300.0
2023-05-02,399.1355841651367,399.1837170776615,392.4475761726746,395.3537292480469,103998500.0
2023-05-03,395.8541433677578,398.2695405891648,392.3994686895328,392.6400451660156,91531800.0
2023-05-04,391.5911170748567,391.9182975436162,388.5213590280541,389.8589782714844,94901900.0
2023-05-05,393.4965752558721,398.12526506376383,393.23676319139554,397.0763549804688,87891800.0
2023-05-08,397.4034698360924,397.6632818576283,395.77717051105407,397.18212890625,50046800.0
2023-05-09,395.6328110527547,396.5566164511649,395.2093941269741,395.4403381347656,49220100.0
2023-05-10,398.2791988750433,398.914324338217,393.4580365761441,397.28802490234375,96142900.0
2023-05-11,396.4218847781344,396.8837727656093,394.5165087280734,396.5950927734375,70157100.0
2023-05-12,397.8365061605119,398.04821462684833,393.65046974768575,396.0754699707031,70481500.0
2023-05-15,396.6817561677767,397.8461381335402,394.7667767427343,397.4419860839844,54289400.0
2023-05-16,396.3352785674829,397.2591133402124,394.7763477684629,394.7859802246094,57705500.0
2023-05-17,396.80683197926186,400.1845056184392,395.16129716185526,399.5782775878906,87287000.0
2023-05-18,399.260780084286,403.8509988046538,399.039468484604,403.4275817871094,97177200.0
2023-05-19,404.3321069908471,404.8613635204508,401.6183971431854,402.8405151367188,103793300.0
2023-05-22,402.8598408662715,404.5438765457276,401.6184577711563,403.0041809082031,60745400.0
2023-05-23,401.3586090390237,402.9368051148176,398.0867742232391,398.4813232421875,86383500.0
2023-05-24,396.8742131296412,397.2591296170941,394.4299479150844,395.5943298339844,89213700.0
2023-05-25,399.106745609804,400.4732329300767,396.86458575045214,399.0201416015625,90961600.0
2023-05-26,399.6745267786192,404.9094736202561,399.5975552223808,404.187744140625,93830000.0
2023-05-30,406.1219465437839,406.6512030272136,402.9559519977229,404.3416748046875,72216000.0
2023-05-31,402.5133328515,403.41790279671176,400.5309849376734,402.09954833984375,110811800.0
2023-06-01,402.3304796935779,406.9784337458306,401.0794937409788,405.9198913574219,88865000.0
2023-06-02,408.4988787329244,412.5790465929496,407.9696222034908,411.78997802734375,91426200.0
2023-06-05,412.1363990044285,413.4258854781173,410.2983910805687,411.0008850097656,65460200.0
2023-06-06,410.5871518389213,412.4251306253887,409.932761379412,411.8958740234375,64022200.0
2023-06-07,412.2903604628489,413.4258744271593,410.0481711705742,410.4715881347656,85373300.0
2023-06-08,410.5390091154699,413.4066917639222,409.76917600968767,412.9544067382813,61952800.0
2023-06-09,413.7530485062901,415.7065283650919,412.70413856902655,413.6953125,85742800.0
2023-06-12,414.6769171108834,417.5253346663892,413.9551876062376,417.4483337402344,76104300.0
2023-06-13,418.9110140981565,420.8452289997208,418.2470206735575,420.2005004882813,95899700.0
2023-06-14,420.5372911495027,422.5100064056292,417.246192203358,420.7008666992188,100612100.0
2023-06-15,419.8829788663135,427.1676425913594,419.78677175671936,425.9166564941406,110303100.0
2023-06-16,427.9044446994593,428.47431075878063,423.99263976838114,424.4659118652344,114165800.0
2023-06-20,422.5244174279152,423.4130109410261,420.1869737539229,422.26361083984375,76160400.0
2023-06-21,421.2784425280354,422.0801103736596,419.51086470582334,420.1000671386719,76982300.0
2023-06-22,419.1438643349352,421.7227488220665,418.8058002569503,421.6165161132813,70637200.0
2023-06-23,418.1586317913709,420.21596194306784,417.7143350211186,418.4290771484375,92074500.0
2023-06-26,417.8592449307871,419.7813378209466,416.4780427984246,416.7195129394531,72823600.0
2023-06-27,417.59844581995696,421.9062646558956,417.1444807996532,421.2881164550781,72813700.0
2023-06-28,420.2063349514927,422.514803688603,419.5881867073799,421.5006408691406,75636000.0
2023-06-29,421.08528892018165,423.3261389375307,420.67963558379535,423.1619262695313,67882300.0
2023-06-30,426.3783009507995,429.1407051013052,426.0595438710738,428.155517578125,104964000.0
2023-07-03,427.8078209721531,428.92821645735074,427.5277073626863,428.6481323242188,32793400.0
2023-07-05,426.83224475721846,428.7446987114959,426.8225765200303,428.0106201171875,58418400.0
2023-07-06,424.4272557113554,425.0840474287703,422.1477622241082,424.6590576171875,80658300.0
2023-07-07,423.6642315383372,427.5374223526972,423.3454744191098,423.5869445800781,86134200.0
2023-07-10,423.2295437531058,424.8329090465616,422.659677750378,424.6590576171875,62443500.0
2023-07-11,425.4220950342892,427.8561033801802,424.4465462578362,427.3634948730469,64463800.0
2023-07-12,431.1594024915706,432.212208679749,429.72988876678727,430.802001953125,91924500.0
2023-07-13,432.617887210663,435.0132815571351,432.18325865422753,434.2212524414063,72425200.0
2023-07-14,435.1099046958951,435.9598548665001,433.1877822518175,433.9508361816406,69815800.0
2023-07-17,433.8059330908804,436.5103868213516,433.7576213779186,435.4575805664063,52680200.0
2023-07-18,435.12919667930265,439.3404218148386,434.694538632374,438.69329833984375,80668200.0
2023-07-19,439.4853035858035,440.85683741354967,438.61598753921226,439.6688232421875,65891700.0
2023-07-20,438.6740145693688,439.5722764724964,436.0371498627965,436.75189208984375,70591600.0
2023-07-21,438.4711584160143,438.6740145693688,436.742253327544,436.75189208984375,71275600.0
2023-07-24,437.9012750217946,439.5143085643416,436.86777572408096,438.7029724121094,54023400.0
2023-07-25,438.4325069587421,441.1562676750072,438.3841952460214,439.900634765625,55191200.0
2023-07-26,438.9637376866275,441.3977460774992,437.9109314172146,439.96826171875,71052900.0
2023-07-27,443.35849914141073,443.7641819600167,436.1433699333953,437.0513000488281,92194400.0
2023-07-28,440.3256456163928,442.1608128318353,437.0512962860115,441.3301696777344,80011800.0
2023-07-31,441.8034013690048,442.52781174126136,440.4897885662861,442.1704406738281,62040400.0
2023-08-01,440.7022952345732,441.6488687577706,439.9489096063416,440.9051513671875,55291500.0
2023-08-02,437.7853626915781,438.0461398306252,434.0184344125547,434.7718200683594,93933400.0
2023-08-03,432.7531252299224,435.4092967139093,432.10597229878186,433.52581787109375,64276100.0
2023-08-04,435.3416905501172,437.447303112886,431.0435102343316,431.5650939941406,100128900.0
2023-08-07,433.4002396932357,435.4865451527169,432.7048045400754,435.3320007324219,58357500.0
2023-08-08,432.791781332074,435.322413352219,430.0776591097765,433.4389343261719,71361300.0
2023-08-09,433.7092853401669,433.8734979817306,429.7781449426101,430.5411987304688,78789600.0
2023-08-10,432.8979765886809,436.2882265207825,429.52706313111736,430.6957702636719,93005500.0
2023-08-11,428.8219993419041,431.4588639187083,428.2231581026232,430.4446716308594,68690900.0
2023-08-14,429.5270825673996,432.8207092285156,429.2179937241371,432.8207092285156,47867400.0
2023-08-15,431.0435520209029,431.400952625637,427.20900461725313,427.7789001464844,75707500.0
2023-08-16,427.36350074460506,429.0248164729432,424.53347780183,424.6397399902344,80107200.0
2023-08-17,426.1078865123336,426.3686636613096,420.8824689600864,421.404052734375,95711300.0
2023-08-18,418.5836616313642,422.6403718520157,418.23595877170976,421.60687255859375,98852000.0
2023-08-21,422.62107146680034,425.09372360106846,420.4671764574395,424.3500061035156,68719000.0
2023-08-22,426.1271784415624,426.1271784415624,422.6403637681527,423.2005615234375,64994200.0
2023-08-23,424.2630351692306,428.5322402058597,424.1181589807745,427.9140625,68441000.0
2023-08-24,429.5174072282619,430.0293227205553,421.9545463127507,421.9835510253906,88517300.0
2023-08-25,423.7124409886771,426.2430431246683,420.15800790417546,424.95843505859375,102325100.0
2023-08-28,427.1509825528838,428.2714074691659,424.9584444310818,427.65325927734375,61595400.0
2023-08-29,427.5470383309648,434.1150440450923,427.3635186603017,433.8349304199219,83081900.0
2023-08-30,434.1729444153236,436.2592497912926,433.4678410527647,435.6217651367188,69053900.0
2023-08-31,436.23991629050073,437.3796481914474,434.80076379653127,434.9842834472656,66084600.0
2023-09-01,437.7081390777522,438.19107939386777,434.3371956273561,435.7956848144531,58944100.0
2023-09-05,435.3513524787402,435.6700800917991,433.8445811734279,433.91217041015625,55166200.0
2023-09-06,433.1007905422567,433.2070527201014,428.667402786713,430.99517822265625,70758500.0
2023-09-07,427.9913143596887,430.34806524877047,427.6436115119561,429.6719665527344,70355400.0
2023-09-08,429.72022009729625,431.85480770691146,429.3628490355431,430.3190612792969,61659700.0
2023-09-11,432.946283268193,433.4581987746905,431.23668532604137,433.1491394042969,60180100.0
2023-09-12,431.70027670411,433.2263548376976,430.1935055679439,430.7730102539063,67565400.0
2023-09-13,430.9952159797128,432.4343685526933,429.8940980148542,431.27532958984375,60199300.0
2023-09-14,433.7479319521232,435.6893315733132,432.44398747582267,434.993896484375,83430800.0
2023-09-15,433.40728505412073,433.7368392986662,429.31689007252186,429.7530517578125,111848900.0
2023-09-18,429.4428320631367,431.3038771522312,428.9678906350114,430.0050354003906,55752200.0
2023-09-19,429.0842343223396,429.6755151492696,426.428395722856,429.1133117675781,66514600.0
2023-09-20,430.3733738455972,430.7901603921495,424.9647327603663,425.1683044433594,82562600.0
2023-09-21,422.3185875705256,422.5802845540439,417.98587113932,418.1409606933594,104095800.0
2023-09-22,419.1683664368396,420.7676848012683,416.7838980299261,417.2007141113281,100829700.0
2023-09-25,415.98915213201,418.9939198820318,415.5529609010411,418.9551696777344,70874500.0
2023-09-26,415.91154478605614,416.6191352673673,411.9665377992855,412.8001403808594,96168400.0
2023-09-27,413.9730331962355,414.5352365633177,409.320464597115,412.9649658203125,104705800.0
2023-09-28,412.412517717301,417.036009133624,411.82123687227,415.359130859375,92258300.0
2023-09-29,418.4123916323294,418.5868563011905,412.8292855862936,414.35107421875,115111300.0
2023-10-02,413.51743802249865,415.436637965525,411.4237734247356,414.1862487792969,83798600.0
2023-10-03,412.0053970277405,414.2444490832808,407.2752686675357,408.6419677734375,103760600.0
2023-10-04,409.1071941153402,412.3639860114544,407.64356048210016,411.6176452636719,87453000.0
2023-10-05,411.32690149442993,412.30589150695306,408.2349010406279,411.4626159667969,70142700.0
2023-10-06,409.0103245008684,417.8890032207543,407.6824051089105,416.3478393554688,113273300.0
2023-10-09,414.4479401975877,419.5851817448939,413.8954687983384,419.0133056640625,80374400.0
2023-10-10,419.643378299873,423.7919280682824,419.2459668319729,421.1942443847656,78607300.0
2023-10-11,422.2604167519184,423.17151977952034,419.8759482263836,422.9195251464844,62451700.0
2023-10-12,423.5302119190894,423.90821868639375,417.9858858829249,420.34124755859375,81154200.0
2023-10-13,421.8435761764503,423.0455127100946,416.67728716479496,418.2475280761719,95143100.0
2023-10-16,420.4963128780658,423.7143544966922,420.2539910016085,422.6481323242188,75433200.0
2023-10-17,419.51728827351457,424.68360681651455,419.1683589988732,422.6286926269531,75324700.0
2023-10-18,420.8549367157856,421.8145218630585,415.911564611692,416.9971618652344,93559800.0
2023-10-19,417.71441944200046,419.5269821583465,412.6547379995389,413.3332214355469,121323000.0
2023-10-20,412.8970760474875,413.4398746497076,408.14754390760345,408.2541809082031,123919900.0
2023-10-23,406.7227305341648,411.4141082592817,404.9683224528733,407.546630859375,92035100.0
2023-10-24,409.6693503095015,411.7727171708306,407.8180076603951,410.6192626953125,78564200.0
2023-10-25,408.93271643497314,408.9617938766799,404.21226147565824,404.7259826660156,94223200.0
2023-10-26,403.659822847272,404.512771066671,398.9587721877273,399.8795776367188,115156800.0
2023-10-27,401.4692254760225,401.8666369338055,396.6421626745101,398.0670166015625,107367700.0
2023-10-30,400.8585195147872,403.882691656562,399.55967786827136,402.826171875,86562700.0
2023-10-31,403.3981296223901,405.6759615303212,401.4886317566324,405.3561096191406,79665200.0
2023-11-01,406.3253202588687,410.493244558032,405.7921944008693,409.6790466308594,98068100.0
2023-11-02,413.4786596174057,417.68539350879695,413.4592845158063,417.5303039550781,94938900.0
2023-11-03,419.83715494952713,422.8904043166672,419.7111428557845,421.3395385742188,100167800.0
2023-11-06,422.0956239774314,422.7547323706144,420.3605910898025,422.3088684082031,67831700.0
2023-11-07,422.3088656922616,424.1505059932791,421.1651135619809,423.5107727050781,64256100.0
2023-11-08,424.1116972443818,424.6351207317609,421.5140140675149,423.8209228515625,61746000.0
2023-11-09,424.9647121167065,425.0034918992464,420.0891971681386,420.51568603515625,83174400.0
2023-11-10,422.5900126284226,427.3879684336076,420.5060206531149,427.0777893066406,89462200.0
2023-11-13,425.7401770580696,427.7756572288507,424.9550565166978,426.6706848144531,52236100.0
2023-11-14,432.612438681597,436.23756475568536,432.3894918898645,434.9484252929688,97176900.0
2023-11-15,436.2859881913898,437.51700226405256,435.01622391603615,435.86920166015625,77327600.0
2023-11-16,435.4233538600024,436.7221956257719,434.3571316402488,436.40234375,66665800.0
2023-11-17,436.4119730300388,437.5557547047121,435.4911676985958,436.9450988769531,83133200.0
2023-11-20,436.6931100934176,441.1518386514175,436.6834077524104,440.3085632324219,69936200.0
2023-11-21,439.2617056622207,440.1825406267048,438.0791737195552,439.3489379882813,49244600.0
2023-11-22,441.00641581534256,442.36341233286754,439.9498960416872,441.045166015625,59394900.0
2023-11-24,441.0937026627971,441.5104892196469,440.7641484378246,441.3166198730469,29737400.0
2023-11-27,440.68658238826873,441.5007803874619,440.1340813808599,440.5218200683594,50506000.0
2023-11-28,440.1340769627191,442.25681906014256,439.5719031999821,440.9579772949219,62115000.0
2023-11-29,443.10979527762873,444.2438747206066,440.2504147680835,440.6477966308594,63146000.0
2023-11-30,441.491084558086,442.7317713844543,439.4167950935211,442.3828125,79752700.0
2023-12-01,441.7721644254671,445.5330047536573,441.1809132340256,444.9999084472656,89183400.0
2023-12-04,441.6073596439847,445.0192407534645,440.3860480147727,442.6638793945313,72430900.0
2023-12-05,441.2778489374918,443.5362758597069,440.8998126034742,442.5766906738281,69793500.0
2023-12-06,444.7188771896703,444.7479546367986,440.3570826385436,440.7932739257813,69124700.0
2023-12-07,442.877180057356,444.80605282503006,442.27622650644105,444.1566467285156,66995400.0
2023-12-08,443.4102636541943,446.5992278993257,443.16794177253433,446.0661315917969,83194400.0
2023-12-11,445.57182828523526,447.97567223110514,445.3585838256798,447.8011779785156,65002200.0
2023-12-12,447.4521722811235,449.9432481380579,446.45380738636266,449.8463134765625,68327600.0
2023-12-13,450.2243768877482,456.3018289230582,449.8657452173365,456.0498046875,93278000.0
2023-12-14,457.98836917003774,459.1806035101216,454.8381846201909,457.513427734375,119026000.0
2023-12-15,456.9158807196401,458.0934952946608,454.9110550186804,456.7601623535156,141553700.0
2023-12-18,458.3659614924249,460.3123963762856,457.3051580447496,459.3294372558594,70375300.0
2023-12-19,459.8744287176748,462.2004326198957,459.796584391768,462.12255859375,55761800.0
2023-12-20,461.26613266046417,463.15417688283,455.2905929826461,455.71881103515625,102921000.0
2023-12-21,458.7065232314146,460.31235562864,456.2832215195996,460.0398559570313,86667500.0
2023-12-22,461.1688449044697,462.6481545594909,459.0667211740831,460.9644775390625,67160400.0
2023-12-26,461.3732181207506,463.81597380070593,461.2953440901739,462.910888671875,55387000.0
2023-12-27,462.7064835048319,463.8938099220547,462.1712258143802,463.7478332519531,68000300.0
2023-12-28,464.1079178321579,464.7599568571368,463.5045277970175,463.9230041503906,77158100.0
2023-12-29,463.7283454487912,464.2538911563551,460.62377959337147,462.5799560546875,122283100.0
2024-01-02,459.5143439023402,460.9839117212058,457.8890577311239,459.9912109375,123623700.0
2024-01-03,457.8307109473719,458.5703657668784,455.6312595476549,456.2346496582031,103585900.0
2024-01-04,455.7577162648923,458.3464782249613,454.5411944622418,454.7650451660156,84232200.0
2024-01-05,454.9693723825891,457.8403754637055,453.9377643609528,455.3878784179688,86118900.0
2024-01-08,455.884242835596,462.0349842457667,455.7577198150965,461.8890075683594,74879100.0
2024-01-09,459.2320864754785,462.21012932199153,458.72602412321226,461.1882629394531,65931400.0
2024-01-10,461.4607624691406,464.6626560070687,461.17852110920177,463.7964782714844,67310600.0
2024-01-11,464.7989126874992,465.3147167416708,459.6116768106503,463.5921325683594,77940700.0
2024-01-12,465.04220480545,465.7818595429952,462.502121615046,463.9132690429688,58026400.0
2024-01-16,462.531291886232,463.8451115616692,460.3902018147457,462.2101135253906,85014900.0
2024-01-17,459.1834557597096,460.1274778564824,457.28566988777015,459.640869140625,68843900.0
2024-01-18,461.3147724636552,464.2830735453687,459.7673604180853,463.7283325195313,91856200.0
2024-01-19,464.85732943436926,469.79154925027024,463.7770722736198,469.5093078613281,110834500.0
2024-01-22,471.0469524804882,472.2245371914283,469.8498844138423,470.501953125,75844900.0
2024-01-23,471.0469649925702,472.1174803762762,469.956966252641,471.8741760253906,49945300.0
2024-01-24,474.745153487513,475.6794338281553,471.89363377790727,472.3899841308594,81765000.0
2024-01-25,474.52132983790426,475.23178923650255,472.3900110425858,474.9592895507813,72525000.0
2024-01-26,474.53109852869903,476.0201200569098,473.509232074134,474.3559265136719,76641600.0
2024-01-29,474.66734997690736,478.2585246858996,474.1223505896568,478.1125183105469,61322800.0
2024-01-30,477.421527922976,478.4531359964777,476.983568210537,477.7427062988281,58618400.0
2024-01-31,475.5334936248827,475.98116532447904,469.9277517507619,469.9472351074219,126011100.0
2024-02-01,471.6503205709101,476.1271262401668,470.84253355285534,476.0979309082031,91891600.0
2024-02-02,476.5359125482952,482.7644982110768,476.1952805049677,481.1100463867188,99228200.0
2024-02-05,480.4774696836803,481.1392504253947,477.1004039249224,479.3582458496094,75757100.0
2024-02-06,480.3022375794468,481.0808293147646,478.871606822303,480.74993896484375,55918600.0
2024-02-07,482.9981222525648,485.1781199523761,482.0930074037672,484.7596435546875,70556500.0
2024-02-08,484.759615339305,485.3532637246949,483.9421162494583,484.9737243652344,52343600.0
2024-02-09,485.4797722645157,488.2145108276318,485.1391402288461,487.7765808105469,63979400.0
2024-02-12,487.7473831666172,490.0149666672007,486.84226840178366,487.5624694824219,56502300.0
2024-02-13,481.2852192494293,483.776653518952,477.5772631803255,480.8472595214844,113099200.0
2024-02-14,483.4846846988759,485.703619202311,481.1586808363787,485.2170104980469,68387800.0
2024-02-15,485.91772783399097,488.74979405458623,485.4408311080291,488.56488037109375,61683000.0
2024-02-16,488.2632457352468,489.4018936110056,485.3922421472117,486.13189697265625,75532900.0
2024-02-20,484.3897857981468,485.0613082082836,481.20737545898015,483.45550537109375,71736700.0
2024-02-21,482.1514252001463,484.0491814982397,480.3412252124708,483.8934631347656,59293400.0
2024-02-22,490.51131764803023,494.8713126484984,489.547812213356,493.9078369140625,76402500.0
2024-02-23,495.6304262293698,496.4674086571224,493.51856105397593,494.24847412109375,61321800.0
2024-02-26,494.6864234153272,495.1243831527573,492.3117704350963,492.4382934570313,50386700.0
2024-02-27,493.1292673855463,493.57693907250416,491.2314815795864,493.3530883789063,48854500.0
2024-02-28,491.7959655131677,493.2849870375032,491.4358798053579,492.7010803222656,56506600.0
2024-02-29,494.4625780610965,496.0878345083775,491.815425510208,494.4722900390625,83924800.0
2024-03-01,495.3482457768837,499.54278105732834,494.939481365433,499.1145629882813,76844800.0
2024-03-04,498.31652584892447,500.42839094094944,498.28730081516426,498.5792541503906,49799300.0
2024-03-05,496.5744479650044,497.0221493633574,491.3872121731412,493.5964050292969,72855600.0
2024-03-06,496.8761572948693,498.3554668272533,494.8032290742474,496.09759521484375,68382400.0
2024-03-07,499.396838146908,502.0731862501541,496.1560072661152,501.0220947265625,58652100.0
2024-03-08,501.6546542384204,504.340684322384,497.4406063327474,498.0148010253906,86532500.0
2024-03-11,496.8080468189585,498.17054528765857,494.88106560592894,497.5866088867188,62557200.0
2024-03-12,499.6984700657358,503.5232071984046,497.1778109434511,502.9393005371094,73114400.0
2024-03-13,503.26048317387085,503.43565519442245,500.7106580961506,502.1510009765625,55104100.0
2024-03-14,503.1241840027095,503.27993205507374,498.1121499011311,501.1583251953125,110171800.0
2024-03-15,498.08804798108406,499.5426677263287,496.0477073102581,497.7170715332031,107646300.0
2024-03-18,501.7879780994152,503.2327960119457,500.2650442068728,500.675048828125,88893300.0
2024-03-19,499.9820112945357,503.7405165081089,498.976454143322,503.4574279785156,60755300.0
2024-03-20,503.51601611982346,508.2507627953458,502.8424072103224,508.1140747070313,69594600.0
2024-03-21,510.9549118204902,511.6577769054798,509.5100342818405,509.7931823730469,60256100.0
2024-03-22,509.7053942724508,510.1935149831946,508.5924647515436,508.8268127441406,79070800.0
2024-03-25,507.45018520809214,508.57288646937474,507.2646969888812,507.4209289550781,48512100.0
2024-03-26,508.8462213354942,509.1879415331935,506.0835014250274,506.4837341308594,65463700.0
2024-03-27,509.3148077978087,510.7791695687557,507.14752139258985,510.7400817871094,82999800.0
2024-03-28,510.7792051650659,512.1459071621757,510.359428578344,510.64251708984375,96294900.0
2024-04-01,511.38442447935097,511.9213452013449,508.592329471925,509.7540588378906,62477500.0
2024-04-02,505.9272505110376,506.6496594947848,504.2090563956192,506.5130310058594,74230300.0
2024-04-03,505.41957743973774,508.5728771082824,505.3707772955882,507.0694274902344,59155800.0
2024-04-04,511.0818915130537,511.42355215213394,500.5775250350756,500.8801574707031,96858100.0
2024-04-05,502.23705258109646,508.0749556966803,501.7977321386289,506.1127014160156,74546500.0
2024-04-08,506.8156796872345,507.8211772121714,505.58560615213537,506.3958435058594,48401800.0
2024-04-09,508.1335859775692,508.3776462974431,502.1296782746543,506.9816284179688,68049200.0
2024-04-10,501.2802817017724,503.8966008078219,499.9233518012494,501.9050903320313,82652800.0
2024-04-11,503.4281061989144,507.13781122017554,499.9136613545702,505.6929931640625,70099000.0
2024-04-12,502.1491572062346,503.56471879538526,496.9848331638863,498.7127990722656,92561100.0
2024-04-15,502.89118522807627,503.0571295651305,491.61558034670605,492.4649353027344,92101400.0
2024-04-16,492.9432762462562,494.4662102656471,490.2781268160622,491.5667724609375,73484000.0
2024-04-17,494.0268584590965,494.1928325755386,487.26151394107353,488.6575317382813,75910300.0
2024-04-18,490.0535829309475,492.1524956151033,486.71482481856754,487.6520080566406,74548100.0
2024-04-19,487.57394131853926,488.5696966866847,482.1264983587833,483.3956298828125,102212600.0
2024-04-22,486.00221013520326,490.4441260798556,483.65923689240304,487.8473205566406,67961000.0
2024-04-23,489.85830389464087,494.0659010467374,487.6617612136965,493.6363525390625,64633600.0
2024-04-24,494.5247405147149,495.3154935043147,491.17624034467946,493.4020690917969,55928100.0
2024-04-25,487.3200821932215,492.28914639879576,485.6702321576898,491.5276794433594,69122400.0
2024-04-26,494.3197932475181,497.7659238799117,493.6852423545601,496.1844177246094,64306100.0
2024-04-29,497.9708754000778,498.6151981739951,495.19835393785416,497.9415893554688,46415400.0
2024-04-30,496.4772740416634,497.45351534342734,490.0536193847656,490.0536193847656,77483600.0
2024-05-01,489.4678074969349,496.11600754799895,487.9936737818256,488.4622802734375,80242800.0
2024-05-02,492.1720308443552,493.8707109149056,487.68131503899394,493.0311279296875,62550200.0
2024-05-03,499.01547889074567,500.372438730604,496.4772456925896,499.1423950195313,72756700.0
2024-05-06,501.543928634346,504.3359642334882,501.1046081667102,504.29693603515625,47264700.0
2024-05-07,505.2633981790086,506.2494113345479,504.1797847364997,504.8533935546875,52561300.0
2024-05-08,503.018083190491,505.439142457846,502.9009390056215,504.9022216796875,42047200.0
2024-05-09,505.0876793386549,507.8504586322259,504.4336144152066,507.8113708496094,43643700.0
2024-05-10,509.4124405414531,510.2227374568183,507.2452135831723,508.4655151367188,52233200.0
2024-05-13,510.1446047910038,510.2519770237958,507.3915974260266,508.5337829589844,36716400.0
2024-05-14,508.72906418826113,511.3844713761404,508.19214341702855,510.8670349121094,57535900.0
2024-05-15,513.3369504006804,517.4859756907869,512.7023697575905,517.193115234375,59504900.0
2024-05-16,517.2906967075278,518.8917465910545,515.9825072697596,516.1289672851562,50244800.0
2024-05-17,516.2461019816988,516.9392546781255,514.7915121402848,516.8709106445312,59187600.0
2024-05-20,516.9882039462692,518.9309149437036,516.5976835230946,517.466552734375,37764200.0
2024-05-21,516.7049957755823,518.8917666350982,516.4999636631139,518.7355346679688,33437000.0
2024-05-22,518.0424683735625,518.7551054535538,515.0648847480338,517.241943359375,48390000.0
2024-05-23,520.2975559093766,520.4049281460258,512.2532779910508,513.4638671875,57211200.0
2024-05-24,515.3088952889863,517.6714419020187,514.3619699226733,516.8611450195312,41291100.0
2024-05-28,517.6715045678355,517.9057929513657,514.5865486245773,517.222412109375,36269600.0
2024-05-29,513.1904592530791,514.7817371522767,512.8878268689698,513.6004638671875,45190300.0
2024-05-30,512.0580745471788,512.7219114405311,508.94386260650384,510.19342041015625,46377600.0
2024-05-31,511.15011057316815,514.967187107586,506.0443290343577,514.8402709960938,90785800.0
2024-06-03,516.4512383491438,516.7343269011582,510.1837257344974,515.2601928710938,46835700.0
2024-06-04,513.9519821715993,516.5780734778808,512.4876203186922,515.8361206054688,34632700.0
2024-06-05,518.1596742180576,521.9865238759579,516.1681035996744,521.9669799804688,47610400.0
2024-06-06,522.2694966184689,522.6990451286446,520.0241537818829,521.9570922851562,30808500.0
2024-06-07,520.980911626184,524.1342115774243,519.8875261250549,521.3226318359375,43224500.0
2024-06-10,520.5123511854081,523.2555869709606,519.9168582676467,522.9334106445312,35686100.0
2024-06-11,521.3811087600108,524.2512600728273,519.4090826052437,524.1926879882812,36383400.0
2024-06-12,528.76165112863,531.1924827586228,527.4632333413672,528.498046875,63251300.0
2024-06-13,530.2454535391702,530.4211698122318,526.7700371068663,529.5620727539062,44760900.0
2024-06-14,528.0293342324846,529.9134725597781,527.0237772162169,529.8842163085938,40089900.0
2024-06-17,529.2008114818414,535.49757872361,528.7419471638832,534.1015014648438,55839500.0
2024-06-18,534.1602004613839,535.5855343086499,533.7404238235347,535.4586181640625,41376400.0
2024-06-20,536.3859370269113,537.0497738552268,532.2271402161125,534.00390625,70328200.0
2024-06-21,533.1803062748603,534.4045446160707,531.828742363983,533.2880249023438,64338600.0
2024-06-24,533.1117007115007,535.6776992949467,531.4369212698475,531.554443359375,45528700.0
2024-06-25,532.7787868983022,533.9638712753774,531.2607431275164,533.6015014648438,37936200.0
2024-06-26,532.4849577215607,534.9823921713983,531.8385861304241,534.2674560546875,38550600.0
2024-06-27,534.1303504208262,535.6876080791019,533.3860038559784,535.1097412109375,35041500.0
2024-06-28,535.8833782760337,538.9391321933387,531.7601817698417,533.0039672851562,76144500.0
2024-07-01,534.3848928648134,534.6297405125247,531.339002473828,534.1008911132812,40297800.0
2024-07-02,532.4946896868087,537.6952514648438,532.4457321114778,537.6952514648438,40434800.0
2024-07-03,537.3818563773293,540.457157354787,537.3427022712717,540.0947875976562,32789900.0
2024-07-05,540.3985036534809,543.6108745288857,539.7618756957023,543.2093505859375,41488400.0
2024-07-08,543.9927968223914,544.786100933334,542.7685583933277,543.8361206054688,36110500.0
2024-07-09,544.795863484972,545.6968861634513,544.0711239537649,544.3649291992188,27289700.0
2024-07-10,545.5892370725392,550.0944108163902,545.2954317896393,549.7516479492188,38701200.0
2024-07-11,549.8690290838814,550.7407010140586,544.3746624818856,545.01123046875,53054200.0
2024-07-12,546.1376269625789,552.0531251206323,545.667538567234,548.448974609375,53084400.0
2024-07-15,550.4469707289841,553.1990561394715,548.0964091939553,549.957275390625,40584300.0
2024-07-16,551.2696499606263,553.5124331903285,550.51549997726,553.2186279296875,36475300.0
2024-07-17,547.2834441243654,548.9582235359038,545.1385763631698,545.4617919921875,57119000.0
2024-07-18,546.9994907975359,547.9886849352189,539.0859974733345,541.27001953125,56270400.0
2024-07-19,541.0349619096787,542.6607838512468,536.6179005483158,537.6756591796875,65509100.0
2024-07-22,541.6030366708314,543.826272604696,539.6638622867013,543.2190551757812,43346700.0
2024-07-23,543.1112299862826,545.2659012148495,541.8772480700306,542.366943359375,34439600.0
2024-07-24,537.5483166712224,537.8519253696913,529.1549319575545,530.0755615234375,74515300.0
2024-07-25,530.193193121847,536.1773164246895,526.3736048145187,527.3137817382812,61158300.0
2024-07-26,531.1039639898098,535.9127455404142,530.3302071573028,533.2194213867188,53763800.0
2024-07-29,534.7669398202207,535.7756811771844,531.5349026238763,533.5328979492188,39515800.0
2024-07-30,535.001925487195,536.0596840862061,527.4214517116767,530.8297119140625,46853600.0
2024-07-31,537.6658891932146,542.0927543010554,536.2947780748914,539.4581909179688,65663400.0
2024-08-01,541.1818806021787,543.4344670666311,528.3126735436618,531.8189086914062,76428700.0
2024-08-02,524.7085367838448,525.9229716163323,517.705869778205,521.9172973632812,82789100.0
2024-08-05,501.0954096971676,512.7893355901078,499.7536194987989,506.7171020507813,146267400.0
2024-08-06,508.5191877541787,518.8322000557341,507.1970342793821,511.3888549804688,84826300.0
2024-08-07,517.5786158200011,520.6343700428232,507.3733806496258,507.9707946777344,70698300.0
2024-08-08,513.1125407389065,520.3404486814812,511.08525465156777,519.7136840820312,63276600.0
2024-08-09,518.8910375919244,523.4941863094633,517.66679909137,522.0054931640625,45619600.0
2024-08-12,523.2004149594696,524.6890484241525,520.0075911785743,522.27978515625,42542100.0
2024-08-13,525.4724436986064,531.1039393955512,525.2275960596088,530.8688354492188,52333100.0
2024-08-14,531.6622256176499,533.728785456597,528.9885080949739,532.543701171875,42446900.0
2024-08-15,538.1751988274788,541.9556326474029,537.5679813653051,541.671630859375,60846800.0
2024-08-16,540.0556546584454,543.5814973816967,539.8989784334714,542.8861083984375,44430700.0
2024-08-19,543.2973511166235,548.0767822265625,542.4452860411917,548.0767822265625,39121800.0
2024-08-20,547.6263456901657,549.2815184001456,545.8438474042439,547.1856079101562,33732300.0
2024-08-21,548.2335208659752,550.5252615016209,543.2973537542563,549.0659790039062,41514600.0
2024-08-22,550.9660777475402,551.5732952522009,543.5422788578662,544.7567138671875,56121500.0
2024-08-23,547.9985298599797,551.4851585059275,545.8046443878154,550.544921875,50639400.0
2024-08-26,551.5732410031779,552.2881770773529,547.528352675827,549.2324829101562,35788600.0
2024-08-27,547.9592873998898,550.476328645617,546.8134170306081,549.9866333007812,32693900.0
2024-08-28,549.6438836929623,550.0748179978751,543.6009999526875,546.7938232421875,41066000.0
2024-08-29,548.7624007293272,552.0629426061665,545.6969030561269,546.8427734375,38715200.0
2024-08-30,549.212926690368,552.5722295246512,545.657733766081,552.0629272460938,62700100.0
2024-09-03,548.919006824782,549.2520259222431,538.1849243812507,540.7019653320312,60600100.0
2024-09-04,538.8607938634791,543.0035975400444,538.1360542845994,539.5953369140625,47224900.0
2024-09-05,539.5365467142444,542.3865472945482,535.8246177750381,538.2828979492188,44264300.0
2024-09-06,538.6062140252714,540.2319765571665,528.3226099554475,529.2236328125,68493800.0
2024-09-09,533.4251872668898,536.4221205223048,531.4957564364314,535.1488647460938,40445800.0
2024-09-10,537.05860555086,537.8323623685915,532.1812595780266,537.479736328125,36394600.0
2024-09-11,537.3916883108078,543.9144040618945,528.8318231688719,542.9937744140625,75248600.0
2024-09-12,543.5716957640475,547.87123570908,541.348459526308,547.567626953125,51819600.0
2024-09-13,548.1747815451495,551.4263657909838,547.9201304028155,550.4273681640625,39310500.0
2024-09-16,550.1629906749666,551.5047513186543,548.3609450381223,551.2403564453125,36656100.0
2024-09-17,553.4536471249235,554.9031859740162,549.2324757022386,551.4655151367188,49321000.0
2024-09-18,552.1217580784818,556.969754476821,549.2717571625421,549.8300170898438,59044900.0
2024-09-19,559.2418737919741,561.0733295553275,556.3722663136862,559.2124633789062,75315500.0
2024-09-20,557.843033129673,559.2871245583524,555.219996107625,558.2457885742188,77503100.0
2024-09-23,559.3166610051752,560.2892222272916,558.0984411315784,559.6408081054688,44116900.0
2024-09-24,560.4366164965969,561.3011287948526,557.6073144224192,561.2421875,46805700.0
2024-09-25,561.0848814915315,561.8216774615664,558.8941007007465,560.0042114257812,38428600.0
2024-09-26,564.2678851150425,564.5920921622151,559.866775948692,562.2244873046875,48336000.0
2024-09-27,563.295359810012,564.1107043094071,560.3776161208616,561.4091186523438,42100900.0
2024-09-30,560.3776493545987,564.2679545173111,558.0788790007499,563.6588745117188,63557400.0
2024-10-01,563.3051897855821,563.9535439565005,556.035444442894,558.6093139648438,72668800.0
2024-10-02,557.7154356390834,559.8668828892402,555.3183896615599,558.8451538085938,38097800.0
2024-10-03,557.3714411111998,559.7684865712154,555.5343678239607,557.8233642578125,40846500.0
2024-10-04,562.273664576873,563.2658929623027,558.09848649286,562.892578125,42939100.0
2024-10-07,561.2420924631317,561.8905065573382,556.6543259021896,557.8037109375,49964700.0
2024-10-08,560.377637870892,563.67853004462,559.5033520489247,563.0792236328125,37398700.0
2024-10-09,563.0693372819003,567.5392812736217,562.4700908869163,566.9793090820312,37912200.0
2024-10-10,565.6335348411864,567.4116672245898,564.3760405790135,565.9871826171875,44138100.0
2024-10-11,565.9085213296812,570.1131999200273,565.7709716649979,569.3764038085938,42268000.0
2024-10-14,570.9874382986001,574.9661849382893,570.5060744728205,574.0328979492188,36217200.0
2024-10-15,574.2981309420833,574.6026708937048,568.3545951743074,569.5728149414062,54203600.0
2024-10-16,569.5728070987392,572.5690988319416,568.7672362789522,572.0484008789062,30725400.0
2024-10-17,575.594918349773,575.801242846272,571.9109378019983,572.0975952148438,34393700.0
2024-10-18,573.7872313147403,575.0839994048337,572.3234729286785,574.298095703125,37416800.0
2024-10-21,573.5711395635755,574.5535342943244,570.378356688641,573.3550415039062,36439000.0
2024-10-22,570.8205425423761,574.2098169269701,570.162354750785,573.0505981445312,34183800.0
2024-10-23,571.0267196890029,571.4688092704015,564.3071139493308,567.8142700195312,49314600.0
2024-10-24,569.7693209618997,569.8479293354313,566.4193810527883,569.0423583984375,34979900.0
2024-10-25,571.2724326633536,574.1705094317597,567.9028255594263,568.8458862304688,47268200.0
2024-10-28,572.3236221809337,572.451338311336,570.2998911399899,570.6044311523438,30174700.0
2024-10-29,569.6415300427301,572.6476553589258,568.2465463889694,571.5277709960938,42899700.0
2024-10-30,571.0562623128328,573.0505525749719,569.0914726763393,569.798828125,41435800.0
2024-10-31,565.4271221936206,565.4958970216722,558.4324763422399,558.6289672851562,60182500.0
2024-11-01,561.2618547208896,565.4173659105694,560.5741663070255,560.9867553710938,45667500.0
2024-11-04,561.1241962515347,562.4209644478059,557.892139281839,559.7783203125,38217000.0
2024-11-05,560.6920242782184,566.5863933486033,560.4759261934032,566.547119140625,39478300.0
2024-11-06,578.8270705681771,581.5089893813079,575.0841485043231,580.6346435546875,68182000.0
2024-11-07,582.6386570968723,586.1458133207747,582.5600487330294,585.1240844726562,47233200.0
2024-11-08,585.674234913322,589.0831757216504,585.674234913322,587.65869140625,46444900.0
2024-11-11,589.2501303160354,589.6037779981073,586.4896037587446,588.2186279296875,37586800.0
2024-11-12,588.1401110548398,588.7393574916656,583.9059918696842,586.3914794921875,43006100.0
2024-11-13,586.8532154819194,588.6804555395651,584.4856702408568,586.6763916015625,47388600.0
2024-11-14,586.804130643577,587.2854945523371,582.2163632356335,582.9039916992188,38904100.0
2024-11-15,579.3378226480269,579.8094129170865,573.5810036102117,575.437744140625,75988800.0
2024-11-18,575.8993966406199,579.1118465214918,575.0349444617987,577.7954711914062,37001700.0
2024-11-19,574.4160398519082,580.6345552744816,573.7480186357969,579.9075927734375,49412000.0
2024-11-20,579.9862433981077,580.3889988810581,574.3374733314436,580.1041259765625,50032600.0
2024-11-21,582.9531169226577,584.6428072515256,577.1078556838472,583.2183227539062,46750300.0
2024-11-22,583.208534421257,585.6547481079318,582.7075633853434,585.0260009765625,38226400.0
2024-11-25,588.9653319760873,590.281707390563,584.7213793724078,587.0103759765625,42441400.0
2024-11-26,588.2580340090641,590.7435218021593,587.5409049439907,590.0755004882812,45621300.0
2024-11-27,589.8887226529953,590.2718110026187,586.7647148108081,588.2874145507812,34000200.0
2024-11-29,589.1028202958577,592.7278593888155,588.8277809402925,591.9419555664062,30177400.0
2024-12-02,592.3546375311288,593.6809066526395,591.863440069968,593.0030517578125,31746000.0
2024-12-03,592.7672106157903,593.5236138358292,591.73570807165,593.2780151367188,26906600.0
2024-12-04,594.9676840777096,597.2075127280552,594.2996629026728,596.9619140625,42787600.0
2024-12-05,596.9620090763937,597.7675800229049,595.6259665136723,595.9796142578125,28762200.0
2024-12-06,596.7458937244957,598.3472020292826,596.333304701608,597.109375,31241500.0
2024-12-09,596.9914414878755,597.1584317989794,593.445010988573,594.034423828125,34742700.0
2024-12-10,594.7122002227566,595.1346226955519,591.5292513872887,592.1874389648438,37234500.0
2024-12-11,595.115147903942,597.7184581352288,594.8400485801485,596.7655639648438,28677700.0
2024-12-12,595.9010621562538,596.4708079758578,593.690673828125,593.690673828125,31543800.0
2024-12-13,595.7242008087076,596.4413297893211,592.1973772710232,593.57275390625,35904700.0
2024-12-16,595.3312295236393,597.0799209921157,594.5551592425911,596.1072998046875,43695200.0
2024-12-17,593.5530906608857,594.5158183353977,592.2759894688432,593.6513061523438,55773500.0
2024-12-18,593.3467745348553,595.7339866328443,575.5752867073982,575.9584350585938,108248700.0
2024-12-19,580.9490228826561,582.5601648792804,575.5360174904994,575.7816162109375,85919500.0
2024-12-20,573.4513839180992,587.231466902458,572.6036351958548,582.697265625,125716700.0
2024-12-23,582.4409930028329,586.7879087972127,579.2571372355378,586.1866455078125,57635800.0
2024-12-24,587.5369625170155,592.7414929129372,586.9553724289615,592.7020263671875,33160100.0
2024-12-26,590.9279213446937,593.8652919269226,589.5282423631364,592.7416381835938,41219100.0
2024-12-27,588.9958679237085,589.2324867459512,582.3128451341881,586.5020751953125,64969300.0
2024-12-30,579.4839659814963,583.2788920150762,576.0536844624783,579.8092041015625,56578800.0
2024-12-31,581.4749602926895,582.194563069081,576.0634704063194,577.6997680664062,57052700.0
2025-01-02,580.9623534016539,582.6774635941151,572.1994566718678,576.2802734375,50204000.0
2025-01-03,579.129057366777,584.1265095290074,578.0447499447286,583.48583984375,37888500.0
2025-01-06,587.7440676720806,591.1250155334773,585.1122021784661,586.8470458984375,47679400.0
2025-01-07,588.877548048508,589.2028462645713,578.3897338233832,580.2132568359375,60393100.0
2025-01-08,580.2822309005052,582.1353537217743,576.832277161694,581.0609130859375,47304700.0
2025-01-10,577.5026413332764,577.5716476388544,570.2774344732991,572.189697265625,73105000.0
2025-01-13,567.5372072518853,573.4316812597856,567.1231694250464,573.0768432617188,47910100.0
2025-01-14,576.0043111010004,576.6351742776535,570.0802375478183,573.8653564453125,48420600.0
2025-01-15,581.8889752343268,585.4473419377294,580.7751281246863,584.303955078125,56900200.0
2025-01-16,585.6740294157521,585.8514484014332,582.4803673486446,583.1802368164062,43319700.0
2025-01-17,588.4242094250709,590.7898562052613,587.0934767089387,589.0353393554688,58070600.0
2025-01-21,592.0810894520482,594.4369296257112,590.1096871636119,594.4270629882812,42532900.0
2025-01-22,597.2560318658977,599.1288881406504,596.7040416210903,597.7686157226562,48196000.0
2025-01-23,597.1377792345874,601.0313110351562,596.8618141810588,601.0313110351562,41152100.0
2025-01-24,601.0904500891409,602.0466115435261,598.1234798327728,599.2767333984375,34604700.0
2025-01-27,586.3050090037989,591.1152363343746,586.1374566222338,590.7998046875,70361100.0
2025-01-28,592.0319005940263,596.7139816946946,588.7100920787573,595.8761596679688,44433300.0
2025-01-29,595.0874967960807,595.4916679771449,590.6518414168764,593.204833984375,37177400.0
2025-01-30,595.3241578254683,597.9263634423098,592.130435189581,596.388671875,39281300.0
2025-01-31,598.8134974486875,601.2383441338676,592.4557124803268,593.2147216796875,66566900.0
2025-02-03,584.1954832564219,591.7065212004032,582.0466619706364,589.2225952148438,65857200.0
2025-02-04,589.2818218573458,593.6878777666973,588.7396981777459,593.1753540039062,33457800.0
2025-02-05,592.0515554519985,595.7282015036632,590.021013481686,595.580322265625,30653100.0
2025-02-06,597.3250313642651,597.778475552574,594.013089933138,597.6503295898438,35771500.0
2025-02-07,598.2121736064561,599.4344333824486,591.4699514014874,592.1796875,50788500.0
2025-02-10,595.3931329282537,596.8420848342793,594.1215398587573,596.2013549804688,26048700.0
2025-02-11,593.9343010016065,597.1969698690995,593.8160216596527,596.6548461914062,30056700.0
2025-02-12,590.6321754646003,595.9056528588447,589.9520392250456,594.732666015625,45076100.0
2025-02-13,595.8366651794477,601.2186155981716,594.5749988790903,601.0115966796875,40921300.0
2025-02-14,601.2186143347305,602.2535886001177,600.3610590723445,600.9820556640625,26910400.0
2025-02-18,602.145135650955,602.7463989257812,599.6808827255115,602.7463989257812,26749000.0
2025-02-19,601.3566081495158,604.4615308486234,600.8440242708047,604.1658325195312,31011100.0
2025-02-20,602.7956695963146,602.9336821985821,598.3403412349714,601.6522827148438,36554000.0
2025-02-21,601.4353474393176,601.5733600301725,590.8982004361474,591.3615112304688,76519800.0
2025-02-24,593.4118748152965,594.4074426853949,587.960918125522,588.670654296875,50737200.0
2025-02-25,588.6114660308307,589.3408752561445,581.129967827771,585.7430419921875,58266500.0
2025-02-26,587.4088964020577,591.0067297705009,583.3970853838995,586.0387573242188,43321600.0
2025-02-27,588.3156475632774,589.468961108592,576.2901428845248,576.6843872070312,74196700.0
2025-02-28,577.1871598716435,586.2161558854355,574.1117771132394,585.6838989257812,88744100.0
2025-03-03,587.6553155599406,588.798762606637,571.6081318173137,575.4227905273438,74249200.0
2025-03-04,571.4208567458912,577.0196322682823,564.0675042327628,568.611572265625,109648200.0
2025-03-05,568.4440493526719,576.5169448984452,564.8856823224501,574.7229614257812,71230500.0
2025-03-06,567.2512863712917,571.8742272350298,561.9679425734266,564.5209350585938,80094900.0
2025-03-07,562.7368186254731,569.1340095542192,557.5421542389136,567.6849975585938,81158800.0
2025-03-10,559.4741670846696,561.3962362827218,547.6457527585567,552.5643920898438,99326600.0
2025-03-11,551.4012894751355,555.9552243228402,544.1268096197261,547.9710083007812,88102100.0
2025-03-12,554.1315858671662,555.0581473332891,545.7728595599632,550.8787841796875,69588200.0
2025-03-13,550.5043158830474,551.1154458832376,541.8202897344504,543.535400390625,74079400.0
2025-03-14,548.1582415612112,555.7678855775432,543.6043071486545,554.762451171875,62660300.0
2025-03-17,554.742702735982,561.5637976935186,554.3089918436672,559.0404052734375,49008700.0
2025-03-18,556.7240271713574,556.9409127203818,551.0661118946721,552.9981079101562,66041400.0
2025-03-19,554.7821880592443,562.7860764826731,553.5993346617712,559.0206909179688,66556000.0
2025-03-20,555.2750258330774,562.4114922780789,554.5554231088431,557.4041137695312,62958200.0
2025-03-21,552.9413292589383,558.4877328401925,551.7054963570508,557.5880126953125,83763000.0
2025-03-24,564.3307537296456,568.6314886589248,563.7375780431137,567.5736083984375,58766800.0
2025-03-25,568.7797678649376,569.8771730865459,567.1880294433175,568.93798828125,38355700.0
2025-03-26,568.6710483477373,569.7981425644431,560.7617168790538,562.1458740234375,51848300.0
2025-03-27,560.7517966033342,564.4296669577193,558.5371935416607,560.6529541015625,42164200.0
2025-03-28,559.120558969836,559.8521624781242,548.7790863172526,549.3623657226562,71662700.0
2025-03-31,543.5984615291653,554.3551567474991,540.6719872727307,553.0501098632812,95328200.0
2025-04-01,551.1320571376683,556.559825628618,547.4047657676659,554.6121215820312,54609600.0
2025-04-02,548.7592465118332,560.9890444564371,548.52197624234,558.1219482421875,76014500.0
2025-04-03,538.9319060881811,541.7594774009829,530.6172485351562,530.6172485351562,125986000.0
2025-04-04,517.7349036725598,519.9099817661254,499.3358369172059,499.5533447265625,217965100.0
2025-04-07,483.64569927250346,517.2405628900261,476.33944038650816,498.6635437011719,256611400.0
2025-04-08,515.9454474877983,519.0300819148135,483.6160734043612,490.8531188964844,165816600.0
2025-04-09,487.8476103166447,542.4022216796875,487.4620158912083,542.4022216796875,241867300.0
2025-04-10,526.1385878330984,527.4535310578508,503.5475844453038,518.6346435546875,162331200.0
2025-04-11,517.0824330937988,530.3503195313269,514.1757514102393,527.8885498046875,97866300.0
2025-04-14,537.883883195208,538.1113174755011,527.8093712828247,533.009765625,68034000.0
2025-04-15,533.5535570239268,537.0732068479572,530.7259857198238,531.5169067382812,56892900.0
2025-04-16,525.6541840661512,531.7938245981206,514.3932584360665,519.702392578125,83484800.0
2025-04-17,521.6599483491107,525.1499093262158,517.9721816819745,520.44384765625,79868100.0
2025-04-21,515.2533374613439,515.7872559194974,502.6972926989157,508.0558776855469,69368100.0
2025-04-22,514.2449494916972,523.3011070538847,513.305704354498,521.2743530273438,75948100.0
2025-04-23,534.3049123051696,539.2482437222484,527.8291602174767,529.3516845703125,90590700.0
2025-04-24,530.6369834977514,541.2256220112762,529.3814182452572,540.4940185546875,64150400.0
2025-04-25,540.4544620384363,544.8045575926888,537.5279880397045,544.3992309570312,61119600.0
2025-04-28,545.1407910444296,547.2762839575454,538.8429907853031,544.6068725585938,47613800.0
2025-04-29,542.6888178923871,549.1547344204944,542.3329124899421,548.0375366210938,47775100.0
2025-04-30,541.3640897959557,550.2126665027023,535.3826699025942,548.2550659179688,93101500.0
2025-05-01,554.0189932525213,557.6770710508032,551.5374308999284,552.1405029296875,63186100.0
2025-05-02,558.3295262045715,561.9381825044319,556.006184429092,560.3365478515625,60717300.0
2025-05-05,556.194064255589,560.2278400664005,555.3339293144951,557.1234130859375,38659200.0
2025-05-06,551.6066009560054,556.9651555946843,550.6476235760448,552.4667358398438,48264700.0
2025-05-07,553.8014947566288,557.4298834610689,549.738030089525,554.7901611328125,55588000.0
2025-05-08,558.8337754612519,563.8463212534109,555.333918196641,558.6558227539062,65130800.0
2025-05-09,560.0597310271954,561.0681900796083,556.3819209310694,557.9440307617188,37603400.0
2025-05-12,574.8798979948203,576.3925867499299,570.5001125099544,576.3826904296875,78993600.0
2025-05-13,576.7977862928067,582.403567726764,576.2342995973956,580.18896484375,67947200.0
2025-05-14,581.1479585868793,582.3046813078995,578.9036666864055,580.9304809570312,66283500.0
2025-05-15,578.9234551699535,584.2721134769878,578.4686469334371,583.7679443359375,71268100.0
2025-05-16,584.5489982766968,587.7621640177526,582.6013544692614,587.465576171875,76052100.0
2025-05-19,581.4346564328234,588.7903364922698,581.4346564328234,588.108154296875,68168500.0
2025-05-20,586.3681900028125,587.3172711404261,582.9176935296509,586.130859375,60614500.0
2025-05-21,581.7708648204313,585.8639582409971,575.2258980125081,576.2540893554688,95197700.0
2025-05-22,576.0563267018498,579.971467292194,574.8204937262445,576.4815063476562,70860400.0
2025-05-23,569.4520392436427,575.2159811048424,569.0763411937487,572.5465698242188,76029000.0
2025-05-27,579.4277528567243,584.6083553931982,571.8743267058999,584.4501953125,72588500.0
2025-05-28,584.8554566278126,586.0517646206928,580.3372442209068,581.06884765625,68445500.0
2025-05-29,586.3385054465637,586.4769332279744,579.4277368161022,583.3626098632812,69973300.0
2025-05-30,582.2552747565533,584.430352826958,576.6297607292682,582.7100830078125,90601200.0
2025-06-02,581.0985213264464,586.0714814983527,578.4291102147669,585.992431640625,61630500.0
2025-06-03,585.6266079138771,590.3128764026674,585.1421107506463,589.3341064453125,63606200.0
2025-06-04,590.1942585782981,591.173028564345,588.7408877328025,589.1759033203125,57314200.0
2025-06-05,590.8566609128592,592.2111289512687,584.3512195951713,586.3285522460938,92278700.0
2025-06-06,591.8749474768216,594.0203968199735,590.0953601848463,592.3495483398438,66588700.0
2025-06-09,592.9230088207169,594.4356974397457,591.7069684086109,592.8834838867188,53016400.0
2025-06-10,593.4173023897237,596.6304681071312,592.3001649023746,596.2449340820312,66247000.0
2025-06-11,597.3423765043648,598.2025114763902,592.4781545343917,594.54443359375,73658200.0
2025-06-12,593.2097458920864,596.9073486328125,592.725309003214,596.9073486328125,64129000.0
2025-06-13,591.7168252456129,595.0288334634262,588.731033484191,590.2338256835938,89506000.0
2025-06-16,593.5952983788304,597.5993850121447,593.4172853343232,595.8494262695312,79984100.0
2025-06-17,593.4074309844862,594.9299553868199,589.9965201271316,590.7578125,82209400.0
2025-06-18,591.6574895866379,594.4059506456396,589.7097855095001,590.6688232421875,76605000.0
2025-06-20,593.3471074282096,594.4180406328666,587.8735160730708,589.2816162109375,94051400.0
2025-06-23,590.0351674928282,595.4889076465048,586.9116980815279,595.1022338867188,87426000.0
2025-06-24,599.2470472798032,602.737399696003,598.3347417480489,601.6764526367188,67735300.0
2025-06-25,602.7969444947229,603.4910690166892,600.4468830082857,602.0136108398438,62114800.0
2025-06-26,603.8679120398481,607.1599955272326,603.2531315625092,606.7236938476562,78548400.0
2025-06-27,607.7252035075089,611.2056913389495,605.692457719191,609.7380981445312,86258400.0
2025-06-30,612.1873634601734,614.0118537505704,609.867018033134,612.6533813476562,92502500.0
2025-07-01,611.1758893553448,613.625146088841,610.3429883405835,612.455078125,70030100.0
2025-07-02,612.0484833566157,615.2711481262035,611.4237773441516,615.2315063476562,66510400.0
2025-07-03,617.214676143094,621.0124795190609,617.194824993195,620.0803833007812,51065800.0
2025-07-07,618.1170465947881,618.7814549531971,612.6732314169623,615.4595947265625,74814500.0
2025-07-08,616.1238907210633,616.8775081543645,614.3093261623386,615.1224365234375,59024600.0
2025-07-09,617.5319680301938,619.4655183729625,615.6875662931247,618.8110961914062,66113300.0
2025-07-10,618.9499658515675,621.5974919629854,617.7699723301522,620.5563354492188,57529000.0
2025-07-11,617.5022136064131,619.6043777491163,616.3024294765994,618.3748168945312,63670200.0
2025-07-14,617.9186024028506,619.901780492049,616.5700558274259,619.5547485351562,51898500.0
2025-07-15,622.2420420602726,622.5791484786782,616.8279435196437,616.9072875976562,74317300.0
2025-07-16,618.4937831556223,619.4754466932056,612.8516386863737,618.9697265625,88987500.0
2025-07-17,619.1482301954767,623.1145864157634,618.9300491320286,622.757568359375,68885700.0
2025-07-18,624.007017899032,624.175571102461,621.1909387049365,622.301513671875,65621600.0
2025-07-21,623.4815063476562,626.2281670376054,623.0551302914085,623.4815063476562,63375000.0
2025-07-22,623.8087114591411,624.4334174667899,620.9232136557434,623.5707397460938,60046300.0
2025-07-23,626.2381323551606,628.8757934570312,624.4334327911965,628.8757934570312,70511000.0
2025-07-24,629.2624631630094,630.7994747941685,628.6576082944551,629.083984375,71307100.0
2025-07-25,629.748350781943,632.2173979677802,629.5004535059064,631.7413940429688,56865400.0
2025-07-28,632.1181999979412,632.6734874729789,630.1945147233831,631.582763671875,54917100.0
2025-07-29,632.9809077241022,633.2982235137306,629.0046860832861,629.9169311523438,60556300.0
2025-07-30,630.5713386132512,632.3165451544952,626.2281734095909,629.1236572265625,80418900.0
2025-07-31,634.0816044685715,634.4682782312485,625.4646925404661,626.763671875,103385200.0
2025-08-01,621.0322789916852,621.0719812920488,614.0812292944926,616.4907836914062,140103600.0
2025-08-04,620.4075271113948,625.9108344398344,620.3183179857707,625.8612670898438,73218000.0
2025-08-05,626.476110377079,627.2892207726588,621.7660617410078,622.688232421875,68051400.0
2025-08-06,623.7590952688204,628.1121858315174,622.8468502662965,627.457763671875,64357500.0
2025-08-07,630.8886206499576,631.6223868787783,623.8185857342208,626.9321899414062,74205800.0
2025-08-08,628.727047311219,632.2868791777582,628.4097315038053,631.82080078125,64051600.0
2025-08-11,632.0984361099556,633.5758942477272,629.3219380955197,630.5713500976562,58742300.0
2025-08-12,632.9214680410968,637.4431125105409,631.434084195598,637.2844848632812,64730800.0
2025-08-13,639.4857330110176,640.7549961752953,637.2745085703324,639.4659423828125,60092800.0
2025-08-14,637.3835851461316,640.1897994624859,636.9374184340268,639.5254516601562,59327500.0
2025-08-15,640.5566774831647,640.6558727131268,637.11589211782,638.0281372070312,68592500.0
2025-08-18,637.4529805837014,638.5834067295413,636.7787072305159,637.8892822265625,43804900.0
2025-08-19,637.7108075589789,638.6924711313014,633.1098193903536,634.4286499023438,69750700.0
2025-08-20,634.0221086228163,634.2798709561484,627.6263466835007,632.742919921875,88890300.0
2025-08-21,630.9283690027011,632.604096553562,628.4791123479844,630.2044677734375,54805800.0
2025-08-22,632.3958993542917,641.0623787509013,631.8901792096084,639.8823852539062,84083200.0
2025-08-25,638.6230253017661,639.8625116828326,636.9472372936925,637.0662231445312,51274300.0
2025-08-26,636.7985773675441,640.0807351008626,636.1738713484165,639.733642578125,51581600.0
2025-08-27,639.148612992103,641.9250504526357,638.9998504138363,641.1912841796875,48341100.0
2025-08-28,641.7961126896905,644.0172625669782,639.9121297324674,643.4619750976562,61519500.0
2025-08-29,642.0242015644989,642.3911452321481,637.7306640961879,639.6245727539062,74522200.0
2025-09-02,632.13804448044,635.1028861742022,629.5797276837342,634.884765625,81983500.0
2025-09-03,637.2646148509236,638.7917009543937,635.0732414506999,638.3256225585938,70820900.0
2025-09-04,638.999797688006,643.6900550422279,638.09747828346,643.6602783203125,65219200.0
2025-09-05,646.0004708304714,646.7243720544352,637.9190556866993,641.796142578125,85178900.0
2025-09-08,643.1644862104067,644.3742563254497,641.7861629025881,643.3727416992188,63133100.0
2025-09-09,643.5115612591451,645.3856792185645,641.7762803015634,644.8601684570312,66133900.0
2025-09-10,648.122479271532,649.0446498954948,645.1576374702139,646.724365234375,78034500.0
2025-09-11,648.6778210448584,652.7929404681626,648.092817304151,652.0988159179688,69934400.0
2025-09-12,652.0689585463732,653.5662677492645,651.3748946038203,651.8805541992188,72780100.0
2025-09-15,654.0918582328915,655.4800466805781,653.7943936028013,655.3511352539062,63772400.0
2025-09-16,655.9063983981582,656.213849113272,653.6654579201036,654.4487915039062,61169000.0
2025-09-17,654.4587781451693,656.1543568928759,648.7967821934204,653.6357421875,101952200.0
2025-09-18,656.3229972048737,659.2977648370164,654.7166275252608,656.6898803710938,90459200.0
2025-09-19,658.5800832029405,660.7874850308027,656.6311583459587,659.9423217773438,97945600.0
2025-09-22,658.4508309420254,663.5119788762895,658.4209716621773,663.0645751953125,69452200.0
2025-09-23,662.9452156846509,663.5617612775759,658.2320617574377,659.4551391601562,81708900.0
2025-09-24,660.7477220570149,660.8471316064555,655.9350982101993,657.3569946289062,68082200.0
2025-09-25,654.2149171420698,655.6765652531099,650.7048739536411,654.3242797851562,89622100.0
2025-09-26,655.7760789419195,658.619871988132,654.1553026157394,658.072998046875,69179200.0
2025-09-29,660.5985670660314,661.5134019828115,658.112721358766,659.9224243164062,73499000.0
2025-09-30,659.1766647693167,662.8756347075731,657.8641309647478,662.4082641601562,86288000.0
2025-10-01,659.4152702620313,665.5801794564833,659.3059076216911,664.6654052734375,72545400.0
2025-10-02,666.6540464714482,666.7733621981591,663.004842335434,665.4309692382812,56896000.0
2025-10-03,666.1966948783695,668.8714672806448,664.377038831869,665.421142578125,70494400.0
2025-10-06,667.8174482099862,668.7024238148077,665.669704301124,667.8074951171875,54623300.0
2025-10-07,668.7322238208072,669.1796881705657,663.8898014056139,665.3316040039062,72020100.0
2025-10-08,666.4552183740389,669.398481470165,665.6299006256374,669.2990112304688,60702200.0
2025-10-09,669.7166839203261,670.1243359074817,665.4211353124821,667.3600463867188,66501900.0
2025-10-10,668.324542434099,670.1342452495495,649.14378031214,649.32275390625,159422600.0
2025-10-13,656.9095884512618,661.3642043859337,656.0345659370097,659.2860107421875,79560500.0
2025-10-14,653.4492417720955,662.0602448848334,649.4718888267987,658.4805908203125,88779600.0
2025-10-15,663.0446129876665,666.4352795829697,655.1992699391986,661.4039306640625,81702600.0
2025-10-16,663.0445999065358,664.9239136533134,653.3895542222015,656.8995971679688,110563300.0
2025-10-17,655.7660892614911,661.9906565438909,654.4138037793879,660.62841796875,96500900.0
2025-10-20,663.5418206897375,668.4041493887289,663.4921159142255,667.499267578125,60493400.0
2025-10-21,667.638493864759,669.1797060532549,666.1867381348511,667.4893188476562,56249000.0
2025-10-22,668.1953369980629,668.1953369980629,659.5445816579371,664.0191040039062,80564000.0
2025-10-23,664.3372592841532,668.9012985038863,664.019063764971,667.9566650390625,65604500.0
2025-10-24,672.6300829996666,674.628651928334,671.8246714345047,673.4155883789062,74356500.0
2025-10-27,678.8645527756448,681.658640907831,678.2580209918731,681.3603515625,63339800.0
2025-10-28,683.1600908523567,685.0095454543999,680.9526890414517,683.1700439453125,61738100.0
2025-10-29,684.8206562449755,685.795149064121,679.0038013689816,683.4982299804688,85657100.0
2025-10-30,680.0279821977349,682.0564104652303,675.9810180664062,675.9810180664062,76335800.0
2025-10-31,681.1614116072222,681.2012239761448,675.3942622450203,678.1983032226562,87164100.0
2025-11-03,681.7878948104295,681.9171636388411,676.0903560257897,679.4711303710938,57315000.0
2025-11-04,672.2820616639051,676.1103005794487,670.7607556049009,671.4169921875,78427000.0
2025-11-05,671.1583975728993,677.0051112074705,670.3529860359731,673.7437133789062,74402400.0
2025-11-06,672.6399897028363,673.5448715272548,664.9338680034818,666.514892578125,85035300.0
2025-11-07,664.1284090392404,667.2805048704689,657.4663915648358,667.1710815429688,100592400.0
2025-11-10,673.4056154266486,678.3176487268574,671.2081667723378,677.5818481445312,75842900.0
2025-11-11,676.1002762110339,679.6997756663966,674.8871520395073,679.1329956054688,58953400.0
2025-11-12,680.9129156193362,681.0819968300743,677.0946904605516,679.5109252929688,62312500.0
2025-11-13,676.6472315164618,677.0051787486752,666.7237544337754,668.235107421875,103457800.0
2025-11-14,661.612768198211,671.8345335183507,659.5147291242073,668.1256713867188,96846700.0
2025-11-17,665.9083353081996,669.8956413839408,658.4209391867944,661.901123046875,90456100.0
2025-11-18,658.3512953245886,661.354216097308,652.146634691611,656.3427734375,114467500.0
2025-11-19,657.0388554539629,663.5617119214406,655.0203196831769,658.8783569335938,94703000.0
2025-11-20,669.1001291109939,671.7351497651099,648.1991802397498,648.8355712890625,165293500.0
2025-11-21,651.3412595795126,660.7874729698119,647.1650267848305,655.2987670898438,123956200.0
2025-11-24,658.9380055466532,666.2662734630499,657.8442577670318,664.9437866210938,80437900.0
2025-11-25,664.8444060411854,672.3815071629971,660.717877921785,671.1982421875,81077100.0
2025-11-26,673.7934667684052,677.8404309302599,672.8885849296569,675.8318481445312,71879600.0
2025-11-28,677.0051081523229,679.7991961322198,676.6471609574353,679.5208129882812,49212000.0
2025-12-01,674.9667014318244,679.1230277654502,674.8970904760725,676.41845703125,61201200.0
2025-12-02,678.0591325179204,679.9483994968172,675.4838303983408,677.67138671875,62953800.0
2025-12-03,676.7167950740063,681.0321891246488,675.8417725523884,680.0180053710938,57238500.0
2025-12-04,681.4199577792665,681.4895687361658,677.4824173401821,680.51513671875,61970300.0
2025-12-05,681.5890143183475,684.4925257185774,680.7040993957534,681.8078002929688,79241000.0
2025-12-08,682.7027235077143,682.7524282821314,677.7111260885928,679.7594604492188,55231500.0
2025-12-09,679.2822138612034,681.5095218770947,678.7253868572307,679.1727905273438,58310100.0
2025-12-10,678.6955405173951,685.0692222502689,677.4526176554032,683.6771850585938,85671300.0
2025-12-11,681.2609148661827,685.3476304583654,678.3076987410943,685.26806640625,86173700.0
2025-12-12,684.2737672143002,684.9797692517327,675.3247225627367,677.9000854492188,113160300.0
2025-12-15,681.8574988128718,681.8774049984522,675.4042533093998,676.8758544921875,90811000.0
2025-12-16,675.3843754405706,677.2239376857725,671.1584377196804,675.0264282226562,122030600.0
2025-12-17,676.0406154817738,676.5874893555698,667.3998140691156,667.5986938476562,110625200.0
2025-12-18,673.7635606688432,676.8857972779194,671.0788959983324,672.6399536132812,108650100.0
2025-12-19,674.747283458469,679.2350273728672,674.6275542880097,678.7363891601562,103599500.0
2025-12-22,682.0772531068674,683.4933686131409,678.7364013691785,682.96484375,69556700.0
2025-12-23,682.0572680421344,686.325640311278,682.0074163952171,686.0863037109375,64840000.0
2025-12-24,686.0763204450832,688.9484813838191,685.9267046355759,688.4996948242188,39445600.0
2025-12-26,688.758988861415,689.7761694005526,687.392725060237,688.4298706054688,41613300.0
2025-12-29,685.6674092439482,687.322922191004,684.2014421207446,685.9765625,62559500.0
2025-12-30,685.5777200962995,686.6846823672308,684.7100944386586,685.138916015625,47160700.0
2025-12-31,685.2685588951464,685.4879304984822,679.8533550408816,680.062744140625,74144800.0
2026-01-02,683.842447277036,684.999261161205,677.9684744567207,681.309326171875,89377200.0
2026-01-05,684.6701449336617,687.5522884526621,684.5106074856512,685.846923828125,71927200.0
2026-01-06,686.0563439630641,690.4344019511112,685.9067890249802,689.92578125,69273800.0
2026-01-07,690.3047811958188,692.0699799720542,687.4426026835383,687.701904296875,75588300.0
2026-01-08,686.9439569075789,688.7390423054183,685.6175622141362,687.632080078125,64019200.0
2026-01-09,688.7489932725086,693.4162394407576,687.3029303433501,692.1796264648438,80125500.0
2026-01-12,688.7988836287034,694.1941832506386,688.7490319805348,693.2666625976562,63976000.0
2026-01-13,693.595779418591,694.194181802135,689.467040360938,691.8804931640625,78309700.0
2026-01-14,689.1180078469732,689.8360176539858,684.1714948792828,688.479736328125,94676700.0
2026-01-15,692.678285342935,693.5558934557131,689.3673203481677,690.3546142578125,77862000.0
2026-01-16,691.7707369284135,692.359156800422,688.22043529661,689.7761840820312,79289200.0
2026-01-20,679.6338820353151,682.9049778344743,674.7272992054969,675.7345581054688,111623300.0
2026-01-21,677.7989248999835,686.8641332264262,676.2830453044572,683.5332641601562,127844500.0
2026-01-22,687.9711412752974,689.2476843606095,685.0491285530771,687.103515625,77112200.0
2026-01-23,686.2757685331861,689.0781127396581,685.2884137823622,687.352783203125,63059600.0
2026-01-26,688.609372319757,692.2394730275811,688.0409174669724,690.84326171875,60473800.0
2026-01-27,692.2893344912051,694.6329705879123,691.6810104865692,693.5957641601562,55506100.0
2026-01-28,695.1515053497095,695.9393926651097,692.0499903412962,693.5259399414062,61172200.0
2026-01-29,694.4933553961189,695.1615135683285,682.9648421722587,692.1497192382812,97486200.0
2026-01-30,689.9058246991844,692.3192774332931,685.2485609149509,690.0853271484375,101835100.0
2026-02-02,687.7019133171445,695.0318708971434,687.5423149981101,693.5159912109375,79286500.0
2026-02-03,694.3138377504575,695.0617950648859,682.1670182684101,687.6520385742188,107904600.0
2026-02-04,688.4697490630058,689.5667896413613,679.9031787408285,684.3211059570312,105204600.0
2026-02-05,679.0854402743204,681.8279505601881,673.9494421186707,675.7744750976562,113610800.0
2026-02-06,679.6039887472712,690.4244132010324,678.995603890688,688.739013671875,89127600.0
2026-02-09,687.5423060693106,693.9747512796714,686.4652913399738,692.0599975585938,73885200.0
2026-02-10,693.0572335194393,694.64286887948,689.7761552680904,690.2349243164062,65185700.0
2026-02-11,694.4933668556342,695.2413241987686,687.3029816841566,690.075439453125,76353900.0
2026-02-12,692.3491972008484,693.4561594586687,678.5169776231163,679.41455078125,118829000.0
2026-02-13,679.833354327075,684.410879804094,675.6747287653898,679.8931884765625,96267500.0
2026-02-17,678.287593220413,683.074507822494,673.9394826742099,680.9901733398438,81354700.0
2026-02-18,682.157061237011,687.2730943282486,680.9702998190471,684.4208374023438,73570300.0
2026-02-19,681.9775120282383,684.311104689823,679.6937101433548,682.61572265625,58649400.0
2026-02-20,680.4616860592505,688.1805961724377,679.8732661615737,687.5523071289062,100034000.0
2026-02-23,685.9566804858357,688.1207533479937,678.5169762252317,680.531494140625,90558100.0
2026-02-24,680.0427976196477,686.4751816677359,678.1479481229125,685.4779052734375,73798700.0
2026-02-25,688.3002642742074,691.7907319065998,688.2204651135966,691.26220703125,56369500.0
2026-02-26,691.391808867856,691.4117130049051,682.486077089091,687.422607421875,71671000.0
2026-02-27,681.2295779636313,684.9892686841309,679.7835149777827,684.1216430664062,83308900.0
2026-03-02,676.8515442239554,686.744509644098,676.1734035367807,684.5106201171875,87477200.0
2026-03-03,673.221445388408,680.7508704958498,667.8361281509542,678.4771118164062,105003100.0
2026-03-04,679.7735096903759,685.2186606854194,677.7689744100875,683.2639770507812,79182200.0
2026-03-05,680.2223290726917,683.6629449535216,673.7699188745959,679.4544067382812,106606500.0
2026-03-06,671.5758690877306,674.2685275228549,667.9358467743081,670.5487060546875,100687000.0
2026-03-09,664.5750801817165,678.0681991431876,660.5859743093405,676.4227294921875,102667700.0
2026-03-10,675.87413967305,681.4987932365287,672.9222404542279,675.3356323242188,81505300.0
2026-03-11,675.7345715953234,678.2277626375325,671.5061293267642,674.4879760742188,68441700.0
2026-03-12,669.3319958917509,669.8207124533001,664.0564256954588,664.2459106445312,108882200.0
2026-03-13,667.4472371497842,670.5088831921612,659.5587462493693,660.4862060546875,97200200.0
2026-03-16,666.5596317087426,670.239584206393,665.3030536555561,667.2078857421875,82023100.0
2026-03-17,670.5586914524959,672.60309589337,667.8760155087483,668.9630126953125,87128000.0
2026-03-18,666.5396583763402,667.8959397089973,659.3892034355257,659.6285400390625,82062600.0
2026-03-19,655.1806813207687,661.1743225351036,653.3855958813168,658.0029907226562,111272500.0
2026-03-20,656.510009765625,656.6900024414062,644.719970703125,648.5700073242188,138283514.0
